"Beta","CI_L","CI_H","pval","study","name"
"-0.265403378406126","-0.606304725096855","0.0754979682846033","0.127034991262474","GSE101764,GSE131013,GSE39958,GSE42752,GSE77954,READ","NO2"
"-0.328992825700979","-0.725959025038439","0.0679733736364809","0.104300033630059","GSE101764,GSE131013,GSE39958,GSE42752,GSE77954,READ","METOLACHLOR"
"-0.408057823653445","-0.794191810712842","-0.021923836594048","0.0383357736820679","GSE101764,GSE131013,GSE39958,GSE42752,GSE77954,READ","pm2_5"
"0.464216989915361","0.0711651723441256","0.857268807486597","0.0206221758180416","GSE101764,GSE131013,GSE39958,GSE42752,GSE77954,READ","PICLORAM"
"-0.16193795156773","-0.568642131629372","0.244766228493911","0.435154584333757","GSE101764,GSE131013,GSE39958,GSE42752,GSE77954,READ","HEPTACHLOR"
"0.0226385990525488","-0.366078129482629","0.411355327587727","0.909121284659011","GSE101764,GSE131013,GSE39958,GSE42752,GSE77954,READ","ACETOCHLOR"
"0.0419816075269341","-0.334050533273763","0.418013748327631","0.82679216073925","GSE101764,GSE131013,GSE39958,GSE42752,GSE77954,READ","MALATHION"
"-0.312401970974609","-0.689450393122299","0.0646464511730807","0.104392805307159","GSE101764,GSE131013,GSE39958,GSE42752,GSE77954,READ","smoking"
"0.157529225394961","-0.212472244540057","0.52753069532998","0.404021542154289","GSE101764,GSE131013,GSE39958,GSE42752,GSE77954,READ","MESOTRIONE"
