"Beta","CI_L","CI_H","pval","study","name"
"-0.252662645798457","-0.605793397155185","0.100468105558272","0.160813480648393","GSE101764,GSE131013,GSE39958,GSE42752,GSE77954,READ","NO2"
"-0.220244198301435","-1.09937055743106","0.658882160828189","0.623410635420822","GSE101764,GSE39958,GSE42752,READ","PCB"
"-0.289250758089474","-0.776779895916786","0.198278379737837","0.244892189215622","GSE101764,GSE39958,GSE42752,GSE77954,READ","pm10"
"-0.329560780501823","-0.721983541493527","0.0628619804898813","0.0997640759487621","GSE101764,GSE131013,GSE39958,GSE42752,GSE77954,READ","BMI"
"-0.415977207228764","-0.808170575682775","-0.0237838387747524","0.0376336807393948","GSE101764,GSE131013,GSE39958,GSE42752,GSE77954,READ","pm2_5"
"0.0768103342785445","-0.307718786361743","0.461339454918832","0.695423195110329","GSE101764,GSE131013,GSE39958,GSE42752,GSE77954,READ","MESOTRIONE"
"-0.134733015501051","-0.521392495658479","0.251926464656378","0.494633917371167","GSE101764,GSE131013,GSE39958,GSE42752,GSE77954,READ","Obesity"
"-0.203525648720608","-0.579464413197878","0.172413115756661","0.288651325414401","GSE101764,GSE131013,GSE39958,GSE42752,GSE77954,READ","smoking"
