"Beta","CI_L","CI_H","pval","study","name"
"0.33584505783988","0.0427427153921541","0.628947400287605","0.0247179195104836","EMTAB3027,EMTAB7036,GSE101764,GSE131013,GSE39958,GSE42752,GSE77954,READ","MESOTRIONE"
"0.000122808301567293","-0.307894453468201","0.308140070071335","0.999376493798054","EMTAB3027,EMTAB7036,GSE101764,GSE131013,GSE39958,GSE42752,GSE77954,READ","MALATHION"
"-0.229626811620971","-0.500809767160739","0.0415561439187958","0.0969912014017208","EMTAB3027,EMTAB7036,GSE101764,GSE131013,GSE39958,GSE42752,GSE77954,READ","NO2"
"-0.252130329641345","-0.588416818617245","0.0841561593345554","0.141702565479229","EMTAB3027,EMTAB7036,GSE101764,GSE131013,GSE39958,GSE42752,GSE77954,READ","HEPTACHLOR"
"0.514510885008196","0.213650373759555","0.815371396256837","0.000802894023918977","EMTAB3027,EMTAB7036,GSE101764,GSE131013,GSE39958,GSE42752,GSE77954,READ","PICLORAM"
"-0.427111002205121","-0.72435503776513","-0.129866966645113","0.00485834318573337","EMTAB3027,EMTAB7036,GSE101764,GSE131013,GSE39958,GSE42752,GSE77954,READ","smoking"
"0.0760894509055497","-0.231503381356708","0.383682283167807","0.627791519225843","EMTAB3027,EMTAB7036,GSE101764,GSE131013,GSE39958,GSE42752,GSE77954,READ","ACETOCHLOR"
"-0.368300664748585","-0.683105936736934","-0.0534953927602356","0.0218466242838719","EMTAB3027,EMTAB7036,GSE101764,GSE131013,GSE39958,GSE42752,GSE77954,READ","pm2_5"
"-0.303135585868197","-0.613942342891146","0.00767117115475108","0.0559289095008852","EMTAB3027,EMTAB7036,GSE101764,GSE131013,GSE39958,GSE42752,GSE77954,READ","METOLACHLOR"
