"Beta","CI_L","CI_H","pval","study","name"
"0.549762184413451","-0.0320757725555062","1.13160014138241","0.0640381181366419","GSE39958,READ","PICLORAM"
"0.144088426699866","-0.418727994410475","0.706904847810207","0.615824654149943","GSE39958,READ","ACETOCHLOR"
"-0.34587921319823","-0.920898297493611","0.229139871097152","0.238423590879364","GSE39958,READ","METOLACHLOR"
"0.209323754704007","-0.343618068399504","0.762265577807518","0.458104662056842","GSE39958,READ","MESOTRIONE"
"-0.364495500017786","-0.956536709499724","0.227545709464153","0.227559461035537","GSE39958,READ","smoking"
"0.0497969713880518","-0.496296928252657","0.595890871028761","0.858154158252096","GSE39958,READ","MALATHION"
"-0.16821605461833","-0.703402356156647","0.366970246919988","0.537866591729641","GSE39958,READ","NO2"
"-0.0950698341596089","-0.645954596654662","0.455814928335444","0.735179340621567","GSE39958,READ","HEPTACHLOR"
"-0.381920763740528","-0.972300649031983","0.208459121550927","0.204828651847386","GSE39958,READ","pm2_5"
