"","CpG","Beta","SE","P","FDR","Trait","threshold"
"1","cg00004089",-0.000354171,5.09e-05,3.36e-12,3.6e-11,"BMI","F001"
"2","cg00046744",0.000384981,8.63e-05,8.16e-06,1.36e-05,"BMI","F001"
"3","cg00050692",-0.000382079,8.41e-05,5.57e-06,9.59e-06,"BMI","F001"
"4","cg00073460",-0.000747853,0.000187329,6.55e-05,8.9e-05,"BMI","F001"
"5","cg00094412",-0.00046845,9.41e-05,6.5e-07,1.38e-06,"BMI","F001"
"6","cg00108715",0.000406132,8.26e-05,8.76e-07,1.82e-06,"BMI","F001"
"7","cg00134210",-0.00022376,4.17e-05,8.33e-08,2.32e-07,"BMI","F001"
"8","cg00138407",0.000461384,9.19e-05,5.14e-07,1.14e-06,"BMI","F001"
"9","cg00144180",0.000513485,8.93e-05,8.83e-09,3.1e-08,"BMI","F001"
"10","cg00222799",0.000480753,0.00011552,3.16e-05,4.59e-05,"BMI","F001"
"11","cg00238353",0.000684068,0.000113806,1.85e-09,8.12e-09,"BMI","F001"
"12","cg00244001",-0.00029201,6e-05,1.13e-06,2.31e-06,"BMI","F001"
"13","cg00259097",0.000341019,6.6e-05,2.38e-07,5.8e-07,"BMI","F001"
"14","cg00277397",-0.00051134,0.000102202,5.64e-07,1.23e-06,"BMI","F001"
"15","cg00295485",0.00068452,0.000127853,8.61e-08,2.38e-07,"BMI","F001"
"16","cg00328058",0.000342331,9.57e-05,0.000348514,0.000421443,"BMI","F001"
"17","cg00376553",0.000582108,0.000107856,6.77e-08,1.94e-07,"BMI","F001"
"18","cg00407944",0.000196195,5.74e-05,0.000630418,0.00074021,"BMI","F001"
"19","cg00417304",-0.000391475,0.000106445,0.000235339,0.00029104,"BMI","F001"
"20","cg00431050",-0.000382557,7.48e-05,3.12e-07,7.34e-07,"BMI","F001"
"21","cg00441709",0.000487425,0.000128781,0.000153762,0.000195953,"BMI","F001"
"22","cg00442282",-0.000186706,3.49e-05,8.44e-08,2.35e-07,"BMI","F001"
"23","cg00472758",0.000378785,9.04e-05,2.76e-05,4.09e-05,"BMI","F001"
"24","cg00508575",0.000381525,8.39e-05,5.42e-06,9.36e-06,"BMI","F001"
"25","cg00547480",0.000539738,7.07e-05,2.27e-14,4.38e-13,"BMI","F001"
"26","cg00574958",-0.000650544,4.91e-05,4.57e-40,2.87e-37,"BMI","F001"
"27","cg00583068",0.000495237,0.000121878,4.84e-05,6.72e-05,"BMI","F001"
"28","cg00585790",0.000316324,7.06e-05,7.43e-06,1.24e-05,"BMI","F001"
"29","cg00602326",-0.000614044,9.38e-05,5.99e-11,4.34e-10,"BMI","F001"
"30","cg00607627",-0.000535958,7.71e-05,3.67e-12,3.87e-11,"BMI","F001"
"31","cg00634542",0.000439276,0.000107074,4.09e-05,5.82e-05,"BMI","F001"
"32","cg00673344",-0.000411487,0.000105548,9.68e-05,0.000127062,"BMI","F001"
"33","cg00701514",0.000146782,4.16e-05,0.000420831,0.000502592,"BMI","F001"
"34","cg00701951",-0.000815859,0.000119687,9.32e-12,8.59e-11,"BMI","F001"
"35","cg00705661",0.000255435,4.56e-05,2.18e-08,6.95e-08,"BMI","F001"
"36","cg00711896",0.000213677,5.94e-05,0.000325064,0.000394608,"BMI","F001"
"37","cg00714874",-0.000459613,8.14e-05,1.64e-08,5.34e-08,"BMI","F001"
"38","cg00718518",-0.000407186,8.49e-05,1.64e-06,3.2e-06,"BMI","F001"
"39","cg00741986",-0.000642931,0.000100493,1.58e-10,1e-09,"BMI","F001"
"40","cg00748195",-0.000575788,0.000105141,4.34e-08,1.29e-07,"BMI","F001"
"41","cg00760203",0.000376957,7.07e-05,9.57e-08,2.59e-07,"BMI","F001"
"42","cg00812761",0.000330918,8.86e-05,0.000186717,0.000236269,"BMI","F001"
"43","cg00821731",0.000394162,9.98e-05,7.84e-05,0.000104452,"BMI","F001"
"44","cg00826902",0.000593207,8.67e-05,7.68e-12,7.34e-11,"BMI","F001"
"45","cg00851028",0.00050804,8.32e-05,1.01e-09,4.89e-09,"BMI","F001"
"46","cg00863378",0.000460029,9.71e-05,2.18e-06,4.12e-06,"BMI","F001"
"47","cg00916899",0.000385619,8.15e-05,2.25e-06,4.23e-06,"BMI","F001"
"48","cg00921350",-0.000427097,9.53e-05,7.36e-06,1.23e-05,"BMI","F001"
"49","cg00937359",0.000383252,8.95e-05,1.83e-05,2.82e-05,"BMI","F001"
"50","cg00945209",-0.000259512,7.29e-05,0.000370579,0.000445976,"BMI","F001"
"51","cg00973118",0.000450286,0.000115113,9.17e-05,0.000121243,"BMI","F001"
"52","cg00994936",0.000468238,7.13e-05,5.26e-11,3.93e-10,"BMI","F001"
"53","cg01004980",0.000614467,8.69e-05,1.54e-12,1.85e-11,"BMI","F001"
"54","cg01020263",-0.000393801,0.000106628,0.000221437,0.000275478,"BMI","F001"
"55","cg01040624",0.000269103,5.25e-05,2.93e-07,6.97e-07,"BMI","F001"
"56","cg01101459",0.00076785,8.73e-05,1.44e-18,7.23e-17,"BMI","F001"
"57","cg01115923",-0.000256073,5.34e-05,1.64e-06,3.2e-06,"BMI","F001"
"58","cg01117339",-0.000527989,8.85e-05,2.39e-09,1.01e-08,"BMI","F001"
"59","cg01127300",-0.000672409,0.000164936,4.57e-05,6.4e-05,"BMI","F001"
"60","cg01130991",0.001006066,9.35e-05,5.54e-27,1.39e-24,"BMI","F001"
"61","cg01172150",0.000358043,6.99e-05,3.07e-07,7.25e-07,"BMI","F001"
"62","cg01172899",0.000517386,8.54e-05,1.39e-09,6.45e-09,"BMI","F001"
"63","cg01176028",0.000488104,7.69e-05,2.25e-10,1.35e-09,"BMI","F001"
"64","cg01180628",-0.000472376,9.53e-05,7.24e-07,1.52e-06,"BMI","F001"
"65","cg01231543",-0.000582771,9.09e-05,1.41e-10,9.28e-10,"BMI","F001"
"66","cg01242348",0.000287058,5.74e-05,5.6e-07,1.22e-06,"BMI","F001"
"67","cg01243072",-0.000435743,0.000130877,0.000870328,0.00100868,"BMI","F001"
"68","cg01243823",-0.00106542,0.000149851,1.16e-12,1.5e-11,"BMI","F001"
"69","cg01304182",0.0002188,7.38e-05,0.003012836,0.003311215,"BMI","F001"
"70","cg01316152",-0.000291498,8.02e-05,0.000276146,0.000339164,"BMI","F001"
"71","cg01317029",0.000473882,6.42e-05,1.6e-13,2.47e-12,"BMI","F001"
"72","cg01352090",0.00028496,6.03e-05,2.32e-06,4.33e-06,"BMI","F001"
"73","cg01359236",-0.000276479,8.14e-05,0.000679592,0.00079423,"BMI","F001"
"74","cg01368219",0.000575733,0.000104971,4.14e-08,1.25e-07,"BMI","F001"
"75","cg01406381",-0.000340883,6.78e-05,5.04e-07,1.12e-06,"BMI","F001"
"76","cg01411912",-0.000490499,9.06e-05,6.07e-08,1.76e-07,"BMI","F001"
"77","cg01419713",-0.000329091,9.25e-05,0.000372345,0.000447671,"BMI","F001"
"78","cg01419914",0.000925623,0.000136749,1.3e-11,1.14e-10,"BMI","F001"
"79","cg01468420",0.000272396,6.55e-05,3.19e-05,4.62e-05,"BMI","F001"
"80","cg01492538",0.000344889,8e-05,1.64e-05,2.54e-05,"BMI","F001"
"81","cg01510278",-0.000233971,4.11e-05,1.22e-08,4.13e-08,"BMI","F001"
"82","cg01581222",0.000284263,6.72e-05,2.37e-05,3.55e-05,"BMI","F001"
"83","cg01671681",-0.000684475,0.000114214,2.06e-09,8.94e-09,"BMI","F001"
"84","cg01676795",0.000820017,0.000111125,1.59e-13,2.47e-12,"BMI","F001"
"85","cg01678580",0.000295479,4.58e-05,1.06e-10,7.14e-10,"BMI","F001"
"86","cg01681367",-0.000188833,5.08e-05,0.000200376,0.000251271,"BMI","F001"
"87","cg01681525",0.00090206,0.000146343,7.09e-10,3.62e-09,"BMI","F001"
"88","cg01741041",0.0005391,7.14e-05,4.5e-14,8.05e-13,"BMI","F001"
"89","cg01765641",0.000543616,0.000103676,1.58e-07,4.04e-07,"BMI","F001"
"90","cg01798813",0.000224465,4.73e-05,2.06e-06,3.91e-06,"BMI","F001"
"91","cg01818539",0.000219809,3.38e-05,7.44e-11,5.24e-10,"BMI","F001"
"92","cg01877352",0.000277626,7.54e-05,0.000229493,0.000284934,"BMI","F001"
"93","cg01881899",0.000332954,5.57e-05,2.2e-09,9.52e-09,"BMI","F001"
"94","cg01885635",-0.000480636,8.73e-05,3.66e-08,1.12e-07,"BMI","F001"
"95","cg01890836",-0.000376052,7.5e-05,5.34e-07,1.17e-06,"BMI","F001"
"96","cg01930746",-0.000315949,8.05e-05,8.62e-05,0.000114219,"BMI","F001"
"97","cg01975495",0.000598838,0.000104569,1.02e-08,3.57e-08,"BMI","F001"
"98","cg02050917",0.000513223,8.23e-05,4.44e-10,2.45e-09,"BMI","F001"
"99","cg02079413",0.000477678,7.91e-05,1.58e-09,7.15e-09,"BMI","F001"
"100","cg02181920",-0.000401417,9.87e-05,4.73e-05,6.59e-05,"BMI","F001"
"101","cg02203067",0.000498676,8.63e-05,7.56e-09,2.71e-08,"BMI","F001"
"102","cg02211741",0.000190396,5.67e-05,0.000786277,0.000913802,"BMI","F001"
"103","cg02268192",0.000332258,8.83e-05,0.00016932,0.000214906,"BMI","F001"
"104","cg02278841",-0.000266151,7.15e-05,0.000197962,0.000248742,"BMI","F001"
"105","cg02323699",-0.000362549,8.93e-05,4.89e-05,6.78e-05,"BMI","F001"
"106","cg02329670",-0.000532046,8.04e-05,3.7e-11,2.86e-10,"BMI","F001"
"107","cg02341197",0.000620985,0.000102337,1.29e-09,6.11e-09,"BMI","F001"
"108","cg02360514",0.000435306,0.00010081,1.57e-05,2.46e-05,"BMI","F001"
"109","cg02370100",0.00049264,7.96e-05,6.05e-10,3.22e-09,"BMI","F001"
"110","cg02371935",0.000355386,8.92e-05,6.79e-05,9.16e-05,"BMI","F001"
"111","cg02417857",0.00090813,0.00015185,2.23e-09,9.56e-09,"BMI","F001"
"112","cg02508743",0.000660446,0.000113191,5.39e-09,2.07e-08,"BMI","F001"
"113","cg02544002",0.000389723,0.000111298,0.000462423,0.000550446,"BMI","F001"
"114","cg02556345",-0.000532308,9.72e-05,4.32e-08,1.29e-07,"BMI","F001"
"115","cg02569509",-0.00062311,0.000117888,1.25e-07,3.31e-07,"BMI","F001"
"116","cg02571142",0.000683596,0.000137481,6.62e-07,1.41e-06,"BMI","F001"
"117","cg02650017",-0.000284266,3.19e-05,5.24e-19,2.86e-17,"BMI","F001"
"118","cg02669349",0.000155339,3.73e-05,3.05e-05,4.46e-05,"BMI","F001"
"119","cg02716826",-0.000665066,0.000116841,1.26e-08,4.23e-08,"BMI","F001"
"120","cg02734358",-0.000753165,0.000120141,3.63e-10,2.06e-09,"BMI","F001"
"121","cg02740606",-0.000245649,6.89e-05,0.000366825,0.000441881,"BMI","F001"
"122","cg02893429",-0.000716893,0.000113035,2.26e-10,1.35e-09,"BMI","F001"
"123","cg02913194",-0.000255445,8.86e-05,0.003946627,0.004278779,"BMI","F001"
"124","cg02946885",-0.000640579,0.000123408,2.09e-07,5.18e-07,"BMI","F001"
"125","cg03014634",0.000340724,7.95e-05,1.81e-05,2.78e-05,"BMI","F001"
"126","cg03040848",-0.000173941,5.65e-05,0.002094159,0.002338446,"BMI","F001"
"127","cg03050965",-0.000383181,7.48e-05,3.05e-07,7.21e-07,"BMI","F001"
"128","cg03068497",-0.001001247,0.00021442,3.02e-06,5.45e-06,"BMI","F001"
"129","cg03078551",-0.000416231,5.47e-05,2.77e-14,5.27e-13,"BMI","F001"
"130","cg03152187",-0.000328116,5.59e-05,4.26e-09,1.69e-08,"BMI","F001"
"131","cg03159676",0.000456871,0.000150023,0.002324232,0.002590744,"BMI","F001"
"132","cg03173502",-0.000505172,9.97e-05,4.06e-07,9.2e-07,"BMI","F001"
"133","cg03183540",-0.000449178,7.68e-05,5.02e-09,1.95e-08,"BMI","F001"
"134","cg03218374",0.000727617,0.000102635,1.35e-12,1.66e-11,"BMI","F001"
"135","cg03257930",-0.000399541,6.61e-05,1.53e-09,6.97e-09,"BMI","F001"
"136","cg03260624",0.00038546,0.000100895,0.000133227,0.000171175,"BMI","F001"
"137","cg03272310",-0.000656415,0.000149949,1.2e-05,1.93e-05,"BMI","F001"
"138","cg03273183",-0.000469431,8.66e-05,5.84e-08,1.71e-07,"BMI","F001"
"139","cg03297731",-0.000454611,8.65e-05,1.49e-07,3.88e-07,"BMI","F001"
"140","cg03318904",0.000607905,7.15e-05,1.95e-17,7.89e-16,"BMI","F001"
"141","cg03327570",-0.000464215,7.75e-05,2.05e-09,8.93e-09,"BMI","F001"
"142","cg03337218",0.000449069,0.000123503,0.000276817,0.000339324,"BMI","F001"
"143","cg03345232",0.000595229,0.000143375,3.3e-05,4.77e-05,"BMI","F001"
"144","cg03358113",-0.000214379,4.53e-05,2.26e-06,4.23e-06,"BMI","F001"
"145","cg03358636",0.001072885,0.000112489,1.46e-21,1.31e-19,"BMI","F001"
"146","cg03359362",-0.000101797,3.21e-05,0.001539731,0.001736352,"BMI","F001"
"147","cg03411376",0.000305434,5.73e-05,9.6e-08,2.59e-07,"BMI","F001"
"148","cg03421440",-0.000406284,9.9e-05,4.08e-05,5.82e-05,"BMI","F001"
"149","cg03433986",-0.00046768,9.77e-05,1.7e-06,3.31e-06,"BMI","F001"
"150","cg03500056",0.000602015,0.000105154,1.03e-08,3.58e-08,"BMI","F001"
"151","cg03507641",-0.000175878,4.29e-05,4.19e-05,5.94e-05,"BMI","F001"
"152","cg03508235",-0.000377507,7.68e-05,8.87e-07,1.84e-06,"BMI","F001"
"153","cg03523676",0.00061787,9.44e-05,5.84e-11,4.31e-10,"BMI","F001"
"154","cg03543314",0.000241431,6.64e-05,0.000276593,0.000339324,"BMI","F001"
"155","cg03546163",0.000468022,0.00017779,0.008477482,0.008971107,"BMI","F001"
"156","cg03581459",0.000255655,6.39e-05,6.3e-05,8.6e-05,"BMI","F001"
"157","cg03593358",-0.000331214,7.73e-05,1.81e-05,2.79e-05,"BMI","F001"
"158","cg03607951",0.000882409,0.000186803,2.32e-06,4.33e-06,"BMI","F001"
"159","cg03619256",-0.000662223,9.12e-05,3.76e-13,5.24e-12,"BMI","F001"
"160","cg03636183",0.000734355,0.000161535,5.46e-06,9.43e-06,"BMI","F001"
"161","cg03669394",-0.000708863,0.000136972,2.28e-07,5.55e-07,"BMI","F001"
"162","cg03697881",0.000426335,6.78e-05,3.25e-10,1.89e-09,"BMI","F001"
"163","cg03725309",-0.000596898,7.81e-05,2.12e-14,4.15e-13,"BMI","F001"
"164","cg03741348",0.000258348,9.22e-05,0.005074477,0.00545278,"BMI","F001"
"165","cg03744043",0.000438922,7.49e-05,4.62e-09,1.82e-08,"BMI","F001"
"166","cg03747456",-0.000416663,8.04e-05,2.18e-07,5.35e-07,"BMI","F001"
"167","cg03803086",0.000609463,0.000110005,3.02e-08,9.37e-08,"BMI","F001"
"168","cg03819286",0.000499677,8e-05,4.24e-10,2.35e-09,"BMI","F001"
"169","cg03850986",-0.000973782,0.000138194,1.83e-12,2.13e-11,"BMI","F001"
"170","cg03853208",0.000388283,8.5e-05,4.87e-06,8.52e-06,"BMI","F001"
"171","cg03885055",-0.000362219,7.4e-05,9.95e-07,2.05e-06,"BMI","F001"
"172","cg03922337",0.000299824,7.63e-05,8.54e-05,0.000113359,"BMI","F001"
"173","cg03940776",-0.000614586,7.18e-05,1.13e-17,4.72e-16,"BMI","F001"
"174","cg03957124",-0.000621271,8.44e-05,1.81e-13,2.71e-12,"BMI","F001"
"175","cg03978682",0.000350715,9.08e-05,0.000111408,0.000144923,"BMI","F001"
"176","cg04011474",-0.000670938,9.01e-05,9.82e-14,1.6e-12,"BMI","F001"
"177","cg04030401",0.000238089,6.23e-05,0.000131198,0.000168914,"BMI","F001"
"178","cg04113258",-0.000320917,7.38e-05,1.36e-05,2.16e-05,"BMI","F001"
"179","cg04161365",-0.000450892,8.76e-05,2.61e-07,6.27e-07,"BMI","F001"
"180","cg04162032",0.000536767,0.000122374,1.15e-05,1.86e-05,"BMI","F001"
"181","cg04189187",-0.000462761,8.85e-05,1.69e-07,4.29e-07,"BMI","F001"
"182","cg04236263",0.000316564,9.92e-05,0.001416441,0.001603084,"BMI","F001"
"183","cg04286697",0.000373921,8.99e-05,3.21e-05,4.65e-05,"BMI","F001"
"184","cg04304450",0.000434375,0.000104674,3.33e-05,4.8e-05,"BMI","F001"
"185","cg04342594",0.000349852,9.9e-05,0.000411809,0.000492756,"BMI","F001"
"186","cg04366104",0.000457722,8.24e-05,2.74e-08,8.54e-08,"BMI","F001"
"187","cg04424621",-0.000392168,7.5e-05,1.7e-07,4.31e-07,"BMI","F001"
"188","cg04464719",0.000251613,6.83e-05,0.000230386,0.000285761,"BMI","F001"
"189","cg04508739",0.000675424,0.000100553,1.85e-11,1.54e-10,"BMI","F001"
"190","cg04528038",0.000294591,6.05e-05,1.14e-06,2.32e-06,"BMI","F001"
"191","cg04567445",0.000256957,8.6e-05,0.002820734,0.003119224,"BMI","F001"
"192","cg04569152",-0.000500862,0.000114372,1.19e-05,1.92e-05,"BMI","F001"
"193","cg04577162",0.000508507,8.34e-05,1.09e-09,5.24e-09,"BMI","F001"
"194","cg04583842",0.000536285,0.000120348,8.35e-06,1.38e-05,"BMI","F001"
"195","cg04682775",0.000378299,9.98e-05,0.000149838,0.000191341,"BMI","F001"
"196","cg04708601",-0.000354421,0.00011672,0.002393395,0.002663103,"BMI","F001"
"197","cg04716530",-0.000312233,6.86e-05,5.29e-06,9.16e-06,"BMI","F001"
"198","cg04742397",-0.000418515,8.69e-05,1.45e-06,2.86e-06,"BMI","F001"
"199","cg04750536",0.000349521,9.55e-05,0.00025152,0.000310133,"BMI","F001"
"200","cg04757345",-0.000679401,0.000113603,2.22e-09,9.56e-09,"BMI","F001"
"201","cg04790874",0.000285834,6.58e-05,1.42e-05,2.24e-05,"BMI","F001"
"202","cg04813880",0.000536205,9.04e-05,2.97e-09,1.23e-08,"BMI","F001"
"203","cg04816311",0.00114308,0.000125375,7.7e-20,5.37e-18,"BMI","F001"
"204","cg04880253",-0.000232559,8.11e-05,0.004140478,0.004476,"BMI","F001"
"205","cg04927537",0.001231784,0.000158983,9.34e-15,2.06e-13,"BMI","F001"
"206","cg04931184",-0.000449695,8.18e-05,3.84e-08,1.17e-07,"BMI","F001"
"207","cg04945608",-0.000465897,8.45e-05,3.45e-08,1.06e-07,"BMI","F001"
"208","cg04973995",-0.000450599,0.000107345,2.7e-05,4e-05,"BMI","F001"
"209","cg04986899",0.000438555,7.84e-05,2.27e-08,7.2e-08,"BMI","F001"
"210","cg04999824",-0.000303209,6.48e-05,2.92e-06,5.28e-06,"BMI","F001"
"211","cg05050042",0.000574536,9.95e-05,7.83e-09,2.79e-08,"BMI","F001"
"212","cg05063895",-0.000238177,4.23e-05,1.74e-08,5.63e-08,"BMI","F001"
"213","cg05119988",-0.0004782,0.000123007,0.000101251,0.000132397,"BMI","F001"
"214","cg05155595",0.000317371,8.98e-05,0.000407252,0.000487769,"BMI","F001"
"215","cg05219445",-0.000382424,9.78e-05,9.27e-05,0.000122379,"BMI","F001"
"216","cg05233324",-0.000603669,0.000148594,4.85e-05,6.73e-05,"BMI","F001"
"217","cg05241536",0.000299711,7.07e-05,2.22e-05,3.34e-05,"BMI","F001"
"218","cg05242915",0.000651004,0.000133848,1.15e-06,2.33e-06,"BMI","F001"
"219","cg05248321",0.000486123,0.000100268,1.25e-06,2.5e-06,"BMI","F001"
"220","cg05272827",0.000740931,0.000118869,4.57e-10,2.51e-09,"BMI","F001"
"221","cg05277504",-0.000210832,3.95e-05,9.47e-08,2.57e-07,"BMI","F001"
"222","cg05284742",0.000365409,6.81e-05,7.96e-08,2.24e-07,"BMI","F001"
"223","cg05295703",0.000462093,7.15e-05,1.02e-10,6.94e-10,"BMI","F001"
"224","cg05323251",0.000298441,6.29e-05,2.05e-06,3.9e-06,"BMI","F001"
"225","cg05369623",0.00045176,7.79e-05,6.61e-09,2.45e-08,"BMI","F001"
"226","cg05399785",0.000621433,8.02e-05,9.51e-15,2.06e-13,"BMI","F001"
"227","cg05413285",0.000343568,8.71e-05,7.94e-05,0.000105543,"BMI","F001"
"228","cg05438378",-0.000445002,0.000126215,0.000422304,0.000503872,"BMI","F001"
"229","cg05441854",0.000427242,8.78e-05,1.15e-06,2.33e-06,"BMI","F001"
"230","cg05460226",0.000861102,0.00013529,1.95e-10,1.21e-09,"BMI","F001"
"231","cg05465955",0.000412658,0.000100135,3.77e-05,5.4e-05,"BMI","F001"
"232","cg05509696",0.000213383,6.04e-05,0.000412456,0.00049306,"BMI","F001"
"233","cg05573654",0.000576927,8.05e-05,7.49e-13,1e-11,"BMI","F001"
"234","cg05575921",0.001161039,0.000172468,1.67e-11,1.43e-10,"BMI","F001"
"235","cg05603985",-0.000279538,7.53e-05,0.00020493,0.000256213,"BMI","F001"
"236","cg05616969",0.000318008,7.8e-05,4.53e-05,6.35e-05,"BMI","F001"
"237","cg05628049",0.000312191,7.27e-05,1.75e-05,2.7e-05,"BMI","F001"
"238","cg05673882",-0.00036078,0.000138006,0.008942918,0.009447699,"BMI","F001"
"239","cg05720226",0.000376075,8.17e-05,4.2e-06,7.43e-06,"BMI","F001"
"240","cg05778424",0.000476667,8.15e-05,4.95e-09,1.93e-08,"BMI","F001"
"241","cg05820396",-0.0004523,9.04e-05,5.64e-07,1.23e-06,"BMI","F001"
"242","cg05899984",0.000365814,6.06e-05,1.53e-09,6.97e-09,"BMI","F001"
"243","cg05922563",0.000286504,9.5e-05,0.002552512,0.00283261,"BMI","F001"
"244","cg05945608",0.000382537,8.55e-05,7.75e-06,1.29e-05,"BMI","F001"
"245","cg05952498",-0.000457543,9.25e-05,7.59e-07,1.59e-06,"BMI","F001"
"246","cg05978306",0.000379698,7.06e-05,7.43e-08,2.1e-07,"BMI","F001"
"247","cg06003184",0.000689144,0.000174619,7.93e-05,0.000105543,"BMI","F001"
"248","cg06012428",-0.000346055,7.38e-05,2.73e-06,4.98e-06,"BMI","F001"
"249","cg06017212",0.000506169,7.75e-05,6.58e-11,4.69e-10,"BMI","F001"
"250","cg06038367",0.000380198,9.11e-05,2.97e-05,4.36e-05,"BMI","F001"
"251","cg06039074",0.00034264,6.43e-05,9.96e-08,2.67e-07,"BMI","F001"
"252","cg06092310",0.000273176,8.05e-05,0.000684813,0.000799586,"BMI","F001"
"253","cg06096336",0.000797056,0.000154759,2.6e-07,6.26e-07,"BMI","F001"
"254","cg06151145",0.000567201,9.93e-05,1.1e-08,3.79e-08,"BMI","F001"
"255","cg06188083",0.000696113,0.000157074,9.35e-06,1.53e-05,"BMI","F001"
"256","cg06189394",-0.000543725,0.000106044,2.94e-07,6.97e-07,"BMI","F001"
"257","cg06192883",0.001130768,0.000113439,2.1e-23,2.81e-21,"BMI","F001"
"258","cg06207201",-0.000512345,7.77e-05,4.29e-11,3.27e-10,"BMI","F001"
"259","cg06235438",-0.000294621,7.71e-05,0.000132202,0.000170032,"BMI","F001"
"260","cg06285727",-0.000186677,6.6e-05,0.004700036,0.005067795,"BMI","F001"
"261","cg06375292",-0.000412036,5.76e-05,8.54e-13,1.13e-11,"BMI","F001"
"262","cg06397161",0.00065455,0.00016975,0.000115278,0.000149491,"BMI","F001"
"263","cg06421614",0.000243439,5.96e-05,4.45e-05,6.26e-05,"BMI","F001"
"264","cg06469895",0.00022177,8.08e-05,0.006047948,0.006465581,"BMI","F001"
"265","cg06470727",-0.000326447,0.000103926,0.001682918,0.001891021,"BMI","F001"
"266","cg06500161",0.001136108,9.27e-05,1.61e-34,6.73e-32,"BMI","F001"
"267","cg06559575",-0.000702687,8.01e-05,1.83e-18,8.81e-17,"BMI","F001"
"268","cg06560379",-0.000175729,3.03e-05,6.41e-09,2.4e-08,"BMI","F001"
"269","cg06567920",-0.000417003,9.81e-05,2.15e-05,3.25e-05,"BMI","F001"
"270","cg06568880",0.000434752,5.37e-05,5.5e-16,1.72e-14,"BMI","F001"
"271","cg06603309",-0.000285605,6.3e-05,5.9e-06,1.01e-05,"BMI","F001"
"272","cg06619077",-0.000585224,0.000122431,1.75e-06,3.38e-06,"BMI","F001"
"273","cg06623197",0.00023898,8.57e-05,0.005309345,0.005695397,"BMI","F001"
"274","cg06629453",0.000225748,7.66e-05,0.003189405,0.003499138,"BMI","F001"
"275","cg06647068",-0.000700069,0.000109101,1.39e-10,9.19e-10,"BMI","F001"
"276","cg06690548",-0.000701048,0.000107114,5.95e-11,4.34e-10,"BMI","F001"
"277","cg06710464",0.000540428,7.94e-05,9.83e-12,8.99e-11,"BMI","F001"
"278","cg06745030",0.000405211,9.92e-05,4.43e-05,6.24e-05,"BMI","F001"
"279","cg06762457",-0.000871515,0.000161929,7.36e-08,2.09e-07,"BMI","F001"
"280","cg06783533",0.000260018,4.61e-05,1.72e-08,5.58e-08,"BMI","F001"
"281","cg06803853",0.000143221,3.29e-05,1.32e-05,2.11e-05,"BMI","F001"
"282","cg06872964",0.000889172,0.000175568,4.09e-07,9.27e-07,"BMI","F001"
"283","cg06897661",0.000338206,9.38e-05,0.000311006,0.00037901,"BMI","F001"
"284","cg06940720",0.000507737,9.02e-05,1.81e-08,5.82e-08,"BMI","F001"
"285","cg06946797",-0.00081351,0.000116184,2.53e-12,2.78e-11,"BMI","F001"
"286","cg06965409",-0.000198517,4.88e-05,4.83e-05,6.71e-05,"BMI","F001"
"287","cg07008193",0.000307824,9.7e-05,0.001499661,0.001692687,"BMI","F001"
"288","cg07012687",0.000874927,0.000109762,1.57e-15,4.29e-14,"BMI","F001"
"289","cg07021906",0.000575082,9.96e-05,7.79e-09,2.78e-08,"BMI","F001"
"290","cg07031070",0.000350745,8.13e-05,1.59e-05,2.48e-05,"BMI","F001"
"291","cg07052041",-0.000293146,6.14e-05,1.82e-06,3.51e-06,"BMI","F001"
"292","cg07058694",0.000495232,7.72e-05,1.43e-10,9.33e-10,"BMI","F001"
"293","cg07092212",-0.000234426,5.83e-05,5.81e-05,7.98e-05,"BMI","F001"
"294","cg07094298",-0.001045261,0.000134061,6.35e-15,1.45e-13,"BMI","F001"
"295","cg07136133",-0.000717829,8.86e-05,5.32e-16,1.71e-14,"BMI","F001"
"296","cg07184013",0.000247071,6.23e-05,7.3e-05,9.77e-05,"BMI","F001"
"297","cg07207669",-0.000615917,0.000110384,2.41e-08,7.57e-08,"BMI","F001"
"298","cg07217499",-0.000467176,8.44e-05,3.07e-08,9.47e-08,"BMI","F001"
"299","cg07248377",0.000609389,0.000105073,6.65e-09,2.46e-08,"BMI","F001"
"300","cg07265588",0.000515161,9.05e-05,1.25e-08,4.23e-08,"BMI","F001"
"301","cg07397296",0.000483473,1e-04,1.32e-06,2.63e-06,"BMI","F001"
"302","cg07417146",0.000463183,9.75e-05,2.04e-06,3.89e-06,"BMI","F001"
"303","cg07458272",0.00056929,8.32e-05,7.72e-12,7.34e-11,"BMI","F001"
"304","cg07504977",0.001034637,0.000145587,1.19e-12,1.51e-11,"BMI","F001"
"305","cg07558761",0.000422999,8.97e-05,2.41e-06,4.47e-06,"BMI","F001"
"306","cg07609780",0.000295626,6.95e-05,2.09e-05,3.18e-05,"BMI","F001"
"307","cg07682160",0.000534364,9.03e-05,3.24e-09,1.32e-08,"BMI","F001"
"308","cg07719604",0.000439647,0.000112666,9.53e-05,0.000125298,"BMI","F001"
"309","cg07728579",0.000543278,9.15e-05,2.92e-09,1.22e-08,"BMI","F001"
"310","cg07730360",0.000345625,8.84e-05,9.21e-05,0.000121699,"BMI","F001"
"311","cg07769588",0.000522511,0.000112875,3.67e-06,6.54e-06,"BMI","F001"
"312","cg07805604",0.000326675,6.49e-05,4.87e-07,1.09e-06,"BMI","F001"
"313","cg07814318",0.000783828,0.000116443,1.68e-11,1.43e-10,"BMI","F001"
"314","cg07912766",0.000459654,0.000105072,1.22e-05,1.95e-05,"BMI","F001"
"315","cg08051604",0.000453834,7.97e-05,1.22e-08,4.13e-08,"BMI","F001"
"316","cg08055663",0.000418573,7.04e-05,2.73e-09,1.15e-08,"BMI","F001"
"317","cg08109625",0.000213246,7.55e-05,0.004732394,0.005098301,"BMI","F001"
"318","cg08129017",0.000476691,0.000114439,3.11e-05,4.54e-05,"BMI","F001"
"319","cg08239103",-0.000269354,8.53e-05,0.00159766,0.00179683,"BMI","F001"
"320","cg08255481",0.000275685,8.08e-05,0.000645548,0.000756558,"BMI","F001"
"321","cg08274633",-0.000285363,9.59e-05,0.002934344,0.003233451,"BMI","F001"
"322","cg08297985",0.000338143,7.87e-05,1.75e-05,2.7e-05,"BMI","F001"
"323","cg08305942",-0.000773213,0.000101682,2.87e-14,5.37e-13,"BMI","F001"
"324","cg08309687",-0.001184012,0.000148612,1.62e-15,4.33e-14,"BMI","F001"
"325","cg08316365",0.000413694,8.3e-05,6.15e-07,1.33e-06,"BMI","F001"
"326","cg08342194",0.000420164,0.000102666,4.27e-05,6.03e-05,"BMI","F001"
"327","cg08352115",0.000633555,9.01e-05,2.07e-12,2.36e-11,"BMI","F001"
"328","cg08388111",0.000528004,8.55e-05,6.61e-10,3.41e-09,"BMI","F001"
"329","cg08422172",0.00028609,6.7e-05,1.94e-05,2.97e-05,"BMI","F001"
"330","cg08443357",0.000364339,8.79e-05,3.39e-05,4.88e-05,"BMI","F001"
"331","cg08469255",0.000306967,7.62e-05,5.65e-05,7.77e-05,"BMI","F001"
"332","cg08537367",0.00037822,8.53e-05,9.17e-06,1.5e-05,"BMI","F001"
"333","cg08548559",-0.00091286,0.000132248,5.1e-12,5.16e-11,"BMI","F001"
"334","cg08554257",-0.000329467,8.15e-05,5.33e-05,7.36e-05,"BMI","F001"
"335","cg08570691",-0.000201975,7.16e-05,0.004813485,0.00518121,"BMI","F001"
"336","cg08648047",0.000259732,7.09e-05,0.000248841,0.000307133,"BMI","F001"
"337","cg08666707",-0.000442576,8.67e-05,3.34e-07,7.78e-07,"BMI","F001"
"338","cg08696931",0.000347342,7.99e-05,1.38e-05,2.19e-05,"BMI","F001"
"339","cg08788930",0.000520809,0.000100871,2.43e-07,5.88e-07,"BMI","F001"
"340","cg08813944",0.000538085,9.65e-05,2.48e-08,7.76e-08,"BMI","F001"
"341","cg08824847",-0.000419173,0.000131203,0.00139907,0.001589161,"BMI","F001"
"342","cg08843623",0.000364996,0.000124803,0.003449361,0.003768219,"BMI","F001"
"343","cg08881019",-0.000253827,5.42e-05,2.8e-06,5.08e-06,"BMI","F001"
"344","cg08944236",0.000360303,8.73e-05,3.64e-05,5.23e-05,"BMI","F001"
"345","cg09012125",0.000470283,0.000104067,6.21e-06,1.05e-05,"BMI","F001"
"346","cg09018739",0.000445635,8.47e-05,1.44e-07,3.76e-07,"BMI","F001"
"347","cg09037630",-0.000354442,8.07e-05,1.13e-05,1.83e-05,"BMI","F001"
"348","cg09038267",0.000230288,3.72e-05,6.06e-10,3.22e-09,"BMI","F001"
"349","cg09039672",0.000455732,7.43e-05,8.48e-10,4.22e-09,"BMI","F001"
"350","cg09055236",0.00045,8.39e-05,8.26e-08,2.31e-07,"BMI","F001"
"351","cg09079018",0.000267712,6.63e-05,5.38e-05,7.41e-05,"BMI","F001"
"352","cg09082287",0.00029825,9.96e-05,0.002744406,0.003037498,"BMI","F001"
"353","cg09092525",-0.000668617,0.000131923,4.01e-07,9.17e-07,"BMI","F001"
"354","cg09138671",-0.000650628,0.000116409,2.28e-08,7.23e-08,"BMI","F001"
"355","cg09147065",0.000406076,9.38e-05,1.49e-05,2.34e-05,"BMI","F001"
"356","cg09152259",-0.000772814,0.000134348,8.8e-09,3.1e-08,"BMI","F001"
"357","cg09182678",-0.000433637,5.6e-05,9.21e-15,2.06e-13,"BMI","F001"
"358","cg09249494",0.000599084,9.74e-05,7.63e-10,3.86e-09,"BMI","F001"
"359","cg09251317",-0.000378126,7.29e-05,2.18e-07,5.35e-07,"BMI","F001"
"360","cg09276842",-0.000395228,5.83e-05,1.25e-11,1.11e-10,"BMI","F001"
"361","cg09286468",0.000650215,0.000136829,2.01e-06,3.84e-06,"BMI","F001"
"362","cg09297903",0.000780861,0.000127748,9.81e-10,4.79e-09,"BMI","F001"
"363","cg09315878",-0.000656104,0.000125575,1.74e-07,4.41e-07,"BMI","F001"
"364","cg09380069",-0.000354469,8.85e-05,6.2e-05,8.47e-05,"BMI","F001"
"365","cg09554443",-0.000817652,0.000126496,1.02e-10,6.94e-10,"BMI","F001"
"366","cg09561830",-0.00071679,0.000119355,1.91e-09,8.36e-09,"BMI","F001"
"367","cg09577455",-0.000461783,9.86e-05,2.83e-06,5.12e-06,"BMI","F001"
"368","cg09581649",0.00031886,7.33e-05,1.35e-05,2.15e-05,"BMI","F001"
"369","cg09608652",0.000207173,5.37e-05,0.000113514,0.000147357,"BMI","F001"
"370","cg09613192",0.000832761,0.000129318,1.2e-10,8.03e-10,"BMI","F001"
"371","cg09624923",-0.000638251,8.16e-05,5.3e-15,1.25e-13,"BMI","F001"
"372","cg09637172",-0.000386727,9.22e-05,2.76e-05,4.09e-05,"BMI","F001"
"373","cg09664445",0.000490724,7.79e-05,3e-10,1.75e-09,"BMI","F001"
"374","cg09737197",-0.000527501,9.03e-05,5.14e-09,1.98e-08,"BMI","F001"
"375","cg09757644",-0.000334351,0.000103333,0.001213593,0.00138728,"BMI","F001"
"376","cg09777883",0.00064027,9.17e-05,2.86e-12,3.12e-11,"BMI","F001"
"377","cg09831562",0.00109385,0.000120754,1.32e-19,7.9e-18,"BMI","F001"
"378","cg09834049",-0.00017918,5.51e-05,0.001142681,0.001310999,"BMI","F001"
"379","cg09866569",0.000491607,9.8e-05,5.28e-07,1.16e-06,"BMI","F001"
"380","cg09876440",-0.000880816,0.000171157,2.66e-07,6.35e-07,"BMI","F001"
"381","cg09956615",0.000472932,8.26e-05,1.03e-08,3.57e-08,"BMI","F001"
"382","cg09978353",0.000289684,0.000107013,0.006789465,0.007221364,"BMI","F001"
"383","cg10037913",-0.000163866,3.51e-05,3.07e-06,5.53e-06,"BMI","F001"
"384","cg10042645",0.000768983,0.000156573,9.05e-07,1.87e-06,"BMI","F001"
"385","cg10062919",0.000333807,7.31e-05,5e-06,8.72e-06,"BMI","F001"
"386","cg10080966",-0.000371258,8.1e-05,4.57e-06,8.03e-06,"BMI","F001"
"387","cg10127660",0.000342197,8.54e-05,6.11e-05,8.36e-05,"BMI","F001"
"388","cg10168457",0.0002747,6.28e-05,1.2e-05,1.93e-05,"BMI","F001"
"389","cg10179300",0.000520706,9.5e-05,4.25e-08,1.28e-07,"BMI","F001"
"390","cg10183965",0.000366452,8.68e-05,2.42e-05,3.62e-05,"BMI","F001"
"391","cg10189661",0.00044226,0.000122519,0.000306519,0.000373906,"BMI","F001"
"392","cg10192877",0.000242087,5.06e-05,1.75e-06,3.38e-06,"BMI","F001"
"393","cg10381071",-0.0003747,7.23e-05,2.19e-07,5.37e-07,"BMI","F001"
"394","cg10397932",-0.00029146,4.97e-05,4.47e-09,1.76e-08,"BMI","F001"
"395","cg10423113",0.000232184,4.16e-05,2.32e-08,7.3e-08,"BMI","F001"
"396","cg10438589",0.000717242,0.000104005,5.34e-12,5.36e-11,"BMI","F001"
"397","cg10440877",0.00051227,8.07e-05,2.21e-10,1.34e-09,"BMI","F001"
"398","cg10504000",-0.000440157,9.65e-05,5.09e-06,8.86e-06,"BMI","F001"
"399","cg10508317",-0.000391018,5.85e-05,2.28e-11,1.82e-10,"BMI","F001"
"400","cg10513161",0.000284872,6.25e-05,5.15e-06,8.96e-06,"BMI","F001"
"401","cg10548968",-0.000966135,0.000155735,5.51e-10,2.96e-09,"BMI","F001"
"402","cg10601624",-0.00060708,8.07e-05,5.19e-14,9.17e-13,"BMI","F001"
"403","cg10636246",-0.000809932,0.000122867,4.34e-11,3.28e-10,"BMI","F001"
"404","cg10663078",0.000417877,7.81e-05,8.67e-08,2.39e-07,"BMI","F001"
"405","cg10717869",0.00042283,8.28e-05,3.28e-07,7.66e-07,"BMI","F001"
"406","cg10734665",-0.000595112,0.000120099,7.23e-07,1.52e-06,"BMI","F001"
"407","cg10753966",0.00073049,0.000212796,0.000597332,0.00070466,"BMI","F001"
"408","cg10755899",0.000544619,0.00014399,0.000155367,0.000197797,"BMI","F001"
"409","cg10790747",0.000265446,6.87e-05,0.000110762,0.000144233,"BMI","F001"
"410","cg10814005",-0.000347927,7.64e-05,5.2e-06,9.02e-06,"BMI","F001"
"411","cg10819350",0.00060155,0.000102795,4.86e-09,1.9e-08,"BMI","F001"
"412","cg10852154",0.000300856,7.75e-05,0.000103013,0.00013456,"BMI","F001"
"413","cg10861731",0.001051645,0.000219754,1.71e-06,3.32e-06,"BMI","F001"
"414","cg10919522",-0.00083171,0.000103879,1.18e-15,3.29e-14,"BMI","F001"
"415","cg10922280",0.000535824,8.02e-05,2.36e-11,1.88e-10,"BMI","F001"
"416","cg10927968",0.000967853,0.000103509,8.73e-21,6.84e-19,"BMI","F001"
"417","cg10950524",0.000556007,0.000175133,0.001499565,0.001692687,"BMI","F001"
"418","cg10951380",-0.000307785,0.000105242,0.003449693,0.003768219,"BMI","F001"
"419","cg10965178",0.000406544,8.66e-05,2.64e-06,4.85e-06,"BMI","F001"
"420","cg10987503",0.000375748,6.46e-05,5.98e-09,2.27e-08,"BMI","F001"
"421","cg11001536",0.000509036,0.000117699,1.53e-05,2.39e-05,"BMI","F001"
"422","cg11039729",0.00035614,6.79e-05,1.55e-07,3.99e-07,"BMI","F001"
"423","cg11078090",0.000263356,6.2e-05,2.16e-05,3.27e-05,"BMI","F001"
"424","cg11080540",0.000408548,8.63e-05,2.19e-06,4.13e-06,"BMI","F001"
"425","cg11080651",-0.00031766,6.53e-05,1.15e-06,2.33e-06,"BMI","F001"
"426","cg11106652",-0.00067389,0.000151144,8.25e-06,1.37e-05,"BMI","F001"
"427","cg11183227",0.000494883,8.16e-05,1.3e-09,6.11e-09,"BMI","F001"
"428","cg11202345",0.000900221,0.00011366,2.37e-15,5.94e-14,"BMI","F001"
"429","cg11258381",-0.000473712,9.51e-05,6.35e-07,1.37e-06,"BMI","F001"
"430","cg11303839",-0.000753593,0.000176018,1.86e-05,2.85e-05,"BMI","F001"
"431","cg11370064",0.000805183,0.000167,1.43e-06,2.82e-06,"BMI","F001"
"432","cg11376147",-0.000318443,5.26e-05,1.39e-09,6.45e-09,"BMI","F001"
"433","cg11468085",0.00054353,8.06e-05,1.51e-11,1.3e-10,"BMI","F001"
"434","cg11485012",0.000314436,9.03e-05,0.000498563,0.000591483,"BMI","F001"
"435","cg11494773",-0.000176049,3.98e-05,9.93e-06,1.62e-05,"BMI","F001"
"436","cg11574975",0.000418442,0.000100572,3.17e-05,4.61e-05,"BMI","F001"
"437","cg11588197",-0.00084955,0.000120336,1.67e-12,1.99e-11,"BMI","F001"
"438","cg11592786",-0.000178062,4e-05,8.42e-06,1.39e-05,"BMI","F001"
"439","cg11650298",-0.000346713,6.82e-05,3.68e-07,8.48e-07,"BMI","F001"
"440","cg11660018",0.000577065,0.000117879,9.81e-07,2.02e-06,"BMI","F001"
"441","cg11789371",-0.000290988,5.94e-05,9.59e-07,1.98e-06,"BMI","F001"
"442","cg11849692",0.000492625,6.76e-05,3.16e-13,4.56e-12,"BMI","F001"
"443","cg11884933",0.000327775,7.91e-05,3.41e-05,4.89e-05,"BMI","F001"
"444","cg11900509",0.000860202,0.00022012,9.31e-05,0.000122646,"BMI","F001"
"445","cg11919558",0.000322815,6.64e-05,1.16e-06,2.35e-06,"BMI","F001"
"446","cg11927233",0.000675621,0.000124146,5.26e-08,1.56e-07,"BMI","F001"
"447","cg11931953",8.62e-05,2.62e-05,0.001019634,0.001175204,"BMI","F001"
"448","cg11969813",0.000569454,9.79e-05,6.09e-09,2.3e-08,"BMI","F001"
"449","cg12014818",0.000422765,9.35e-05,6.15e-06,1.04e-05,"BMI","F001"
"450","cg12030667",0.000244135,6.04e-05,5.24e-05,7.25e-05,"BMI","F001"
"451","cg12032027",-0.000418475,9.15e-05,4.83e-06,8.46e-06,"BMI","F001"
"452","cg12054453",-0.001190393,0.000179931,3.69e-11,2.86e-10,"BMI","F001"
"453","cg12072028",0.000666379,0.000230351,0.003817192,0.004155173,"BMI","F001"
"454","cg12073466",-0.000476504,0.000120972,8.18e-05,0.000108714,"BMI","F001"
"455","cg12106976",0.000261254,8.77e-05,0.002883764,0.003180511,"BMI","F001"
"456","cg12142865",-0.000360555,6.89e-05,1.66e-07,4.24e-07,"BMI","F001"
"457","cg12269535",-0.000987158,0.000118036,6.11e-17,2.25e-15,"BMI","F001"
"458","cg12307314",-0.000259529,6.97e-05,0.000196129,0.000246685,"BMI","F001"
"459","cg12332902",-0.000398272,7.58e-05,1.5e-07,3.89e-07,"BMI","F001"
"460","cg12338137",-0.000606732,8.74e-05,3.82e-12,3.96e-11,"BMI","F001"
"461","cg12467090",0.000342123,7.88e-05,1.43e-05,2.25e-05,"BMI","F001"
"462","cg12484113",0.000681755,8.07e-05,3.05e-17,1.16e-15,"BMI","F001"
"463","cg12510708",-0.00048348,0.000102899,2.62e-06,4.82e-06,"BMI","F001"
"464","cg12542255",0.000764883,0.000217266,0.000430736,0.000513444,"BMI","F001"
"465","cg12555233",0.000326797,5.49e-05,2.69e-09,1.14e-08,"BMI","F001"
"466","cg12570716",-0.000374814,9.22e-05,4.76e-05,6.63e-05,"BMI","F001"
"467","cg12571570",-0.000261866,9.06e-05,0.003863903,0.004202371,"BMI","F001"
"468","cg12582959",0.000417739,7.78e-05,8.04e-08,2.25e-07,"BMI","F001"
"469","cg12593793",-0.000722981,8.76e-05,1.58e-16,5.34e-15,"BMI","F001"
"470","cg12600749",0.000453514,0.000169507,0.00746196,0.007916496,"BMI","F001"
"471","cg12612420",0.000325269,7.29e-05,8.17e-06,1.36e-05,"BMI","F001"
"472","cg12620005",-0.000469042,5.85e-05,1.06e-15,3.03e-14,"BMI","F001"
"473","cg12623364",0.000458778,8.55e-05,8.07e-08,2.26e-07,"BMI","F001"
"474","cg12644285",-0.000833282,0.000108759,1.83e-14,3.71e-13,"BMI","F001"
"475","cg12658897",0.000388168,6.92e-05,2.08e-08,6.63e-08,"BMI","F001"
"476","cg12678073",0.000189667,6.31e-05,0.00263185,0.002918073,"BMI","F001"
"477","cg12712184",-0.000320099,7.59e-05,2.47e-05,3.68e-05,"BMI","F001"
"478","cg12762413",-0.0002717,7.59e-05,0.000346028,0.00041884,"BMI","F001"
"479","cg12782654",0.000338622,6.27e-05,6.76e-08,1.94e-07,"BMI","F001"
"480","cg12825509",0.000620075,0.000119002,1.88e-07,4.7e-07,"BMI","F001"
"481","cg12923994",0.000224391,4.74e-05,2.18e-06,4.12e-06,"BMI","F001"
"482","cg13039251",-0.000959951,0.000152875,3.4e-10,1.96e-09,"BMI","F001"
"483","cg13059136",0.000611947,0.000107352,1.2e-08,4.08e-08,"BMI","F001"
"484","cg13061976",0.0004629,8.6e-05,7.33e-08,2.08e-07,"BMI","F001"
"485","cg13063967",0.000254756,6.49e-05,8.68e-05,0.000114978,"BMI","F001"
"486","cg13072943",-0.000592616,0.000132139,7.3e-06,1.23e-05,"BMI","F001"
"487","cg13097800",-0.000380512,9.1e-05,2.89e-05,4.25e-05,"BMI","F001"
"488","cg13123009",0.000800121,8.35e-05,9.68e-22,9.34e-20,"BMI","F001"
"489","cg13134297",-0.000728003,8.88e-05,2.41e-16,7.96e-15,"BMI","F001"
"490","cg13139542",0.000483777,8.21e-05,3.8e-09,1.52e-08,"BMI","F001"
"491","cg13174306",-0.000464163,8.11e-05,1.05e-08,3.62e-08,"BMI","F001"
"492","cg13222915",-0.000786548,8.2e-05,8.52e-22,8.9e-20,"BMI","F001"
"493","cg13274938",0.00056461,6.84e-05,1.49e-16,5.2e-15,"BMI","F001"
"494","cg13276570",0.000232844,5.96e-05,9.31e-05,0.000122646,"BMI","F001"
"495","cg13300580",0.000462878,7.25e-05,1.75e-10,1.1e-09,"BMI","F001"
"496","cg13307058",0.000219968,7.47e-05,0.003235155,0.003546228,"BMI","F001"
"497","cg13442606",-0.000441888,8.96e-05,8.08e-07,1.69e-06,"BMI","F001"
"498","cg13488078",0.000320854,6.86e-05,2.86e-06,5.18e-06,"BMI","F001"
"499","cg13518625",-0.000393216,7.95e-05,7.66e-07,1.6e-06,"BMI","F001"
"500","cg13522406",0.000511985,8.47e-05,1.51e-09,6.93e-09,"BMI","F001"
"501","cg13558754",0.000404076,8.81e-05,4.56e-06,8.03e-06,"BMI","F001"
"502","cg13562284",-0.000507093,8.94e-05,1.39e-08,4.59e-08,"BMI","F001"
"503","cg13590277",-0.000369242,7.17e-05,2.6e-07,6.26e-07,"BMI","F001"
"504","cg13591783",-0.000503332,9.16e-05,3.86e-08,1.17e-07,"BMI","F001"
"505","cg13606255",-0.000269322,7.81e-05,0.000563564,0.000666707,"BMI","F001"
"506","cg13643184",-0.000323607,9.98e-05,0.001190776,0.001362439,"BMI","F001"
"507","cg13659446",0.000227712,4.54e-05,5.37e-07,1.18e-06,"BMI","F001"
"508","cg13668129",-0.000182558,6.04e-05,0.002509606,0.002789935,"BMI","F001"
"509","cg13691961",0.000987057,0.000168941,5.14e-09,1.98e-08,"BMI","F001"
"510","cg13696490",-0.000778415,0.000136615,1.21e-08,4.13e-08,"BMI","F001"
"511","cg13708645",0.000953425,0.000155591,8.91e-10,4.4e-09,"BMI","F001"
"512","cg13729116",0.000248697,7.63e-05,0.00111358,0.001279954,"BMI","F001"
"513","cg13758913",0.00049413,8.38e-05,3.66e-09,1.47e-08,"BMI","F001"
"514","cg13770461",-0.000571713,8.31e-05,5.93e-12,5.81e-11,"BMI","F001"
"515","cg13784312",-0.000291696,5.75e-05,4e-07,9.15e-07,"BMI","F001"
"516","cg13823169",-0.000553287,0.000110177,5.12e-07,1.14e-06,"BMI","F001"
"517","cg13917151",0.000346929,7.39e-05,2.66e-06,4.87e-06,"BMI","F001"
"518","cg13920435",-0.000208092,5.22e-05,6.62e-05,8.98e-05,"BMI","F001"
"519","cg13958389",0.000483045,0.000114451,2.44e-05,3.64e-05,"BMI","F001"
"520","cg14017402",0.000850411,0.000128455,3.58e-11,2.81e-10,"BMI","F001"
"521","cg14117297",0.000224117,6.55e-05,0.000627253,0.000737184,"BMI","F001"
"522","cg14141458",0.00017723,6.43e-05,0.00586456,0.006274879,"BMI","F001"
"523","cg14145074",0.000653845,9.39e-05,3.4e-12,3.62e-11,"BMI","F001"
"524","cg14162417",-0.000554922,0.000107746,2.6e-07,6.26e-07,"BMI","F001"
"525","cg14205864",-0.000428841,7.11e-05,1.61e-09,7.2e-09,"BMI","F001"
"526","cg14237301",0.000578775,9.25e-05,3.95e-10,2.21e-09,"BMI","F001"
"527","cg14264316",0.00048456,0.000102915,2.5e-06,4.62e-06,"BMI","F001"
"528","cg14276379",-0.000458957,0.000157784,0.003628647,0.003953365,"BMI","F001"
"529","cg14341014",0.000339539,5.86e-05,6.82e-09,2.51e-08,"BMI","F001"
"530","cg14399122",0.000348549,0.000128392,0.006633142,0.007061086,"BMI","F001"
"531","cg14419424",0.000293943,0.000111128,0.008167048,0.008649897,"BMI","F001"
"532","cg14435720",0.00026714,6.3e-05,2.24e-05,3.36e-05,"BMI","F001"
"533","cg14439774",0.000148693,4.75e-05,0.001741739,0.001953614,"BMI","F001"
"534","cg14468090",0.000309939,7.73e-05,6.1e-05,8.36e-05,"BMI","F001"
"535","cg14476101",-0.001238299,0.000179798,5.69e-12,5.66e-11,"BMI","F001"
"536","cg14509967",0.000639289,0.000134409,1.97e-06,3.78e-06,"BMI","F001"
"537","cg14531564",-0.000601197,9.19e-05,6.11e-11,4.4e-10,"BMI","F001"
"538","cg14564351",0.000438323,9.01e-05,1.13e-06,2.31e-06,"BMI","F001"
"539","cg14582057",0.00033718,8.27e-05,4.6e-05,6.44e-05,"BMI","F001"
"540","cg14628343",0.000486411,9.6e-05,4.03e-07,9.19e-07,"BMI","F001"
"541","cg14693090",0.00042945,7.58e-05,1.47e-08,4.85e-08,"BMI","F001"
"542","cg14711869",-0.000291973,8.78e-05,0.000878115,0.001015826,"BMI","F001"
"543","cg14838970",0.000288391,7.79e-05,0.000212388,0.000264746,"BMI","F001"
"544","cg14902389",-0.00030206,6.23e-05,1.25e-06,2.5e-06,"BMI","F001"
"545","cg14920061",0.000380573,8.92e-05,2.01e-05,3.06e-05,"BMI","F001"
"546","cg14928932",0.000270503,6.46e-05,2.79e-05,4.13e-05,"BMI","F001"
"547","cg14939082",0.000310773,7.77e-05,6.33e-05,8.63e-05,"BMI","F001"
"548","cg14992144",0.000365351,6.85e-05,9.48e-08,2.57e-07,"BMI","F001"
"549","cg15012027",-0.00069967,0.000141169,7.19e-07,1.51e-06,"BMI","F001"
"550","cg15020801",0.000514209,8.82e-05,5.56e-09,2.13e-08,"BMI","F001"
"551","cg15125472",0.000244063,7.15e-05,0.000637393,0.000747699,"BMI","F001"
"552","cg15135047",0.000523322,8.17e-05,1.49e-10,9.67e-10,"BMI","F001"
"553","cg15138339",0.000524276,8.35e-05,3.42e-10,1.96e-09,"BMI","F001"
"554","cg15154002",0.000296148,6.66e-05,8.77e-06,1.44e-05,"BMI","F001"
"555","cg15159104",0.000382933,7.26e-05,1.32e-07,3.48e-07,"BMI","F001"
"556","cg15227982",0.000338576,6.75e-05,5.28e-07,1.16e-06,"BMI","F001"
"557","cg15296767",0.000393198,7.08e-05,2.8e-08,8.73e-08,"BMI","F001"
"558","cg15323828",-0.000371759,9.71e-05,0.000128497,0.000165947,"BMI","F001"
"559","cg15344192",0.00047421,0.000123986,0.00013092,0.000168729,"BMI","F001"
"560","cg15357118",0.000626165,8.81e-05,1.18e-12,1.51e-11,"BMI","F001"
"561","cg15416179",-0.00017345,4.23e-05,4.19e-05,5.94e-05,"BMI","F001"
"562","cg15448210",0.000330685,8.13e-05,4.72e-05,6.58e-05,"BMI","F001"
"563","cg15484033",-0.000454234,0.000106105,1.86e-05,2.85e-05,"BMI","F001"
"564","cg15609237",0.000478613,9.39e-05,3.45e-07,8e-07,"BMI","F001"
"565","cg15648041",-0.000343949,7.32e-05,2.6e-06,4.78e-06,"BMI","F001"
"566","cg15667493",0.000352679,7.92e-05,8.42e-06,1.39e-05,"BMI","F001"
"567","cg15696506",-0.00087918,0.000121298,4.23e-13,5.82e-12,"BMI","F001"
"568","cg15697257",-0.000280324,6.2e-05,6.11e-06,1.04e-05,"BMI","F001"
"569","cg15721584",0.001359511,0.000155396,2.16e-18,1e-16,"BMI","F001"
"570","cg15722603",-0.000374356,7.46e-05,5.18e-07,1.14e-06,"BMI","F001"
"571","cg15763258",0.00041247,9.05e-05,5.21e-06,9.02e-06,"BMI","F001"
"572","cg15812586",-0.000321538,8.27e-05,0.000100194,0.000131152,"BMI","F001"
"573","cg15819225",0.000427971,8.2e-05,1.77e-07,4.46e-07,"BMI","F001"
"574","cg15829728",0.000570295,8.09e-05,1.78e-12,2.08e-11,"BMI","F001"
"575","cg15860624",0.000599672,0.000132137,5.67e-06,9.76e-06,"BMI","F001"
"576","cg15867698",0.000315034,7.96e-05,7.52e-05,0.000100369,"BMI","F001"
"577","cg15871086",0.000506124,8.52e-05,2.86e-09,1.19e-08,"BMI","F001"
"578","cg15901722",-0.00051779,9.11e-05,1.3e-08,4.36e-08,"BMI","F001"
"579","cg15989436",-0.000501399,0.000104051,1.44e-06,2.85e-06,"BMI","F001"
"580","cg16001613",-0.000270554,7.41e-05,0.000263337,0.00032375,"BMI","F001"
"581","cg16063162",0.000500277,0.000138402,0.00030073,0.0003672,"BMI","F001"
"582","cg16097041",0.000495601,8.01e-05,6.18e-10,3.27e-09,"BMI","F001"
"583","cg16140253",0.00019439,7.14e-05,0.006453745,0.006875952,"BMI","F001"
"584","cg16151960",-0.000474472,8.72e-05,5.29e-08,1.56e-07,"BMI","F001"
"585","cg16163382",-0.000306712,5.6e-05,4.3e-08,1.29e-07,"BMI","F001"
"586","cg16197636",0.000806902,0.000152463,1.21e-07,3.2e-07,"BMI","F001"
"587","cg16223546",-0.000309603,6.72e-05,4.11e-06,7.29e-06,"BMI","F001"
"588","cg16246545",-0.000842748,0.000149025,1.56e-08,5.09e-08,"BMI","F001"
"589","cg16305292",0.000464736,7.58e-05,8.91e-10,4.4e-09,"BMI","F001"
"590","cg16324306",0.000441065,8.43e-05,1.67e-07,4.25e-07,"BMI","F001"
"591","cg16335893",0.000187495,7.2e-05,0.009169872,0.00967931,"BMI","F001"
"592","cg16357921",-0.000311005,6.56e-05,2.1e-06,3.97e-06,"BMI","F001"
"593","cg16391678",-0.000323354,7.8e-05,3.4e-05,4.89e-05,"BMI","F001"
"594","cg16395997",0.000636107,0.000100799,2.78e-10,1.63e-09,"BMI","F001"
"595","cg16407699",0.000773026,0.000121189,1.79e-10,1.12e-09,"BMI","F001"
"596","cg16466652",0.000300574,6.99e-05,1.7e-05,2.64e-05,"BMI","F001"
"597","cg16508714",0.0002283,8.15e-05,0.00506682,0.005449222,"BMI","F001"
"598","cg16519923",-0.000426062,9.16e-05,3.26e-06,5.85e-06,"BMI","F001"
"599","cg16547579",0.000508056,9.99e-05,3.62e-07,8.37e-07,"BMI","F001"
"600","cg16618104",-0.000470738,8.81e-05,9.21e-08,2.51e-07,"BMI","F001"
"601","cg16638248",-0.000396305,8.44e-05,2.68e-06,4.9e-06,"BMI","F001"
"602","cg16655795",0.000517301,7.3e-05,1.35e-12,1.66e-11,"BMI","F001"
"603","cg16735495",-0.00040374,8.49e-05,1.95e-06,3.75e-06,"BMI","F001"
"604","cg16739178",0.000339155,9.43e-05,0.000321101,0.000390175,"BMI","F001"
"605","cg16746221",0.000540379,0.000187482,0.003947805,0.004278779,"BMI","F001"
"606","cg16755922",0.000683278,0.000123452,3.12e-08,9.6e-08,"BMI","F001"
"607","cg16764778",0.000238828,6.33e-05,0.000160845,0.000204563,"BMI","F001"
"608","cg16815882",0.000539632,6.97e-05,9.83e-15,2.09e-13,"BMI","F001"
"609","cg16936953",-0.001148999,0.000163493,2.1e-12,2.37e-11,"BMI","F001"
"610","cg17058475",-0.000656733,7.21e-05,8.23e-20,5.43e-18,"BMI","F001"
"611","cg17061862",-0.000661201,0.000132347,5.85e-07,1.27e-06,"BMI","F001"
"612","cg17066943",-0.000199209,4.12e-05,1.31e-06,2.6e-06,"BMI","F001"
"613","cg17113968",0.000432264,6.63e-05,7.1e-11,5.03e-10,"BMI","F001"
"614","cg17137186",-0.000328804,4.79e-05,6.94e-12,6.74e-11,"BMI","F001"
"615","cg17156491",-0.000297194,0.00011076,0.007291875,0.007742601,"BMI","F001"
"616","cg17178175",-0.000650354,0.000103629,3.48e-10,1.98e-09,"BMI","F001"
"617","cg17207266",0.000187379,5.53e-05,0.000708698,0.000825937,"BMI","F001"
"618","cg17214023",-0.000592066,8.95e-05,3.78e-11,2.91e-10,"BMI","F001"
"619","cg17260706",-0.000555263,7.44e-05,8.53e-14,1.43e-12,"BMI","F001"
"620","cg17287155",0.000440279,6.47e-05,1.04e-11,9.42e-11,"BMI","F001"
"621","cg17360854",0.000380791,7.37e-05,2.41e-07,5.84e-07,"BMI","F001"
"622","cg17417049",0.000289553,7.7e-05,0.000168212,0.000213717,"BMI","F001"
"623","cg17429236",0.00058849,8.36e-05,1.91e-12,2.2e-11,"BMI","F001"
"624","cg17439800",0.00035507,9.6e-05,0.000218392,0.00027196,"BMI","F001"
"625","cg17467525",-0.000380123,0.000105834,0.000328557,0.000398463,"BMI","F001"
"626","cg17501210",-0.001760659,0.000148232,1.55e-32,4.84e-30,"BMI","F001"
"627","cg17526229",0.00049533,8.37e-05,3.23e-09,1.32e-08,"BMI","F001"
"628","cg17540192",0.000273883,6.57e-05,3.03e-05,4.44e-05,"BMI","F001"
"629","cg17602444",-0.000507771,0.000127419,6.75e-05,9.13e-05,"BMI","F001"
"630","cg17666418",-0.000318098,9.92e-05,0.001347025,0.001532822,"BMI","F001"
"631","cg17680767",-0.00062882,9.38e-05,2.05e-11,1.66e-10,"BMI","F001"
"632","cg17820878",0.000420069,5.72e-05,2.17e-13,3.2e-12,"BMI","F001"
"633","cg17822325",0.0009949,0.000136712,3.41e-13,4.8e-12,"BMI","F001"
"634","cg17836612",0.000586304,9.66e-05,1.29e-09,6.1e-09,"BMI","F001"
"635","cg17871993",0.000315198,7.68e-05,4.1e-05,5.83e-05,"BMI","F001"
"636","cg17894755",0.000439466,8.22e-05,8.85e-08,2.44e-07,"BMI","F001"
"637","cg17901584",-0.001230891,0.000118883,4.02e-25,8.4e-23,"BMI","F001"
"638","cg17939040",0.000374635,6.59e-05,1.29e-08,4.34e-08,"BMI","F001"
"639","cg18030453",0.000507397,7.23e-05,2.31e-12,2.58e-11,"BMI","F001"
"640","cg18087306",0.000583009,8.63e-05,1.39e-11,1.21e-10,"BMI","F001"
"641","cg18096987",0.000370139,9e-05,3.94e-05,5.63e-05,"BMI","F001"
"642","cg18115724",0.000322856,7.15e-05,6.36e-06,1.07e-05,"BMI","F001"
"643","cg18119407",-0.000488649,8.45e-05,7.33e-09,2.65e-08,"BMI","F001"
"644","cg18120259",-0.000575332,8.98e-05,1.5e-10,9.67e-10,"BMI","F001"
"645","cg18145558",0.000317808,7.09e-05,7.37e-06,1.23e-05,"BMI","F001"
"646","cg18181703",-0.001293723,0.000129869,2.24e-23,2.81e-21,"BMI","F001"
"647","cg18192491",-0.00053621,0.000109912,1.07e-06,2.19e-06,"BMI","F001"
"648","cg18194850",0.000727239,9.77e-05,9.56e-14,1.58e-12,"BMI","F001"
"649","cg18196453",-0.000387778,9.73e-05,6.75e-05,9.13e-05,"BMI","F001"
"650","cg18217136",0.000346215,6.39e-05,6.03e-08,1.75e-07,"BMI","F001"
"651","cg18222865",0.000536427,8.69e-05,6.73e-10,3.44e-09,"BMI","F001"
"652","cg18306516",-0.000343248,7.87e-05,1.3e-05,2.07e-05,"BMI","F001"
"653","cg18337222",0.000319559,7.37e-05,1.47e-05,2.31e-05,"BMI","F001"
"654","cg18369990",-0.000604594,9.81e-05,7.23e-10,3.67e-09,"BMI","F001"
"655","cg18500988",0.000343629,7.58e-05,5.76e-06,9.89e-06,"BMI","F001"
"656","cg18513344",-0.000510633,8.72e-05,4.76e-09,1.87e-08,"BMI","F001"
"657","cg18520851",0.000651564,0.000121008,7.27e-08,2.07e-07,"BMI","F001"
"658","cg18568872",0.000356394,8.39e-05,2.17e-05,3.27e-05,"BMI","F001"
"659","cg18608055",-0.001002572,0.00010555,2.13e-21,1.78e-19,"BMI","F001"
"660","cg18617808",0.000270408,7.83e-05,0.00055525,0.000657492,"BMI","F001"
"661","cg18681853",0.000304082,7.5e-05,4.99e-05,6.9e-05,"BMI","F001"
"662","cg18729298",0.000444784,7.92e-05,1.98e-08,6.34e-08,"BMI","F001"
"663","cg18772573",0.000405524,7.77e-05,1.8e-07,4.52e-07,"BMI","F001"
"664","cg18774692",0.000342272,8.06e-05,2.17e-05,3.27e-05,"BMI","F001"
"665","cg18876826",0.000704173,0.000107668,6.14e-11,4.4e-10,"BMI","F001"
"666","cg18939666",0.000309311,8.11e-05,0.000135669,0.000174133,"BMI","F001"
"667","cg18952506",0.000232917,5.79e-05,5.8e-05,7.98e-05,"BMI","F001"
"668","cg19015086",0.000305951,8.08e-05,0.000151616,0.000193415,"BMI","F001"
"669","cg19016694",-0.000676183,9.88e-05,7.81e-12,7.36e-11,"BMI","F001"
"670","cg19053223",0.000274396,5.93e-05,3.65e-06,6.52e-06,"BMI","F001"
"671","cg19090861",0.000397063,7.19e-05,3.4e-08,1.05e-07,"BMI","F001"
"672","cg19202384",-0.000478653,9.69e-05,7.92e-07,1.65e-06,"BMI","F001"
"673","cg19211853",-0.000659018,0.000149377,1.03e-05,1.67e-05,"BMI","F001"
"674","cg19217955",-0.000102193,1.94e-05,1.49e-07,3.86e-07,"BMI","F001"
"675","cg19323289",-0.00046332,9.03e-05,2.84e-07,6.77e-07,"BMI","F001"
"676","cg19351166",0.000410714,7.76e-05,1.23e-07,3.24e-07,"BMI","F001"
"677","cg19352726",0.000434168,7.77e-05,2.31e-08,7.29e-08,"BMI","F001"
"678","cg19413066",-0.000568718,9.59e-05,3.05e-09,1.26e-08,"BMI","F001"
"679","cg19420720",0.000370352,7.84e-05,2.35e-06,4.38e-06,"BMI","F001"
"680","cg19465320",-0.000336972,9.02e-05,0.000188068,0.000237739,"BMI","F001"
"681","cg19501902",0.000662416,0.000114317,6.85e-09,2.51e-08,"BMI","F001"
"682","cg19503640",0.000588134,0.000116797,4.76e-07,1.07e-06,"BMI","F001"
"683","cg19566658",0.000580074,9.59e-05,1.44e-09,6.63e-09,"BMI","F001"
"684","cg19578660",-0.000393896,0.000108951,0.000299926,0.000366576,"BMI","F001"
"685","cg19589396",-0.000828213,0.000127617,8.59e-11,5.92e-10,"BMI","F001"
"686","cg19618279",0.000382533,7.24e-05,1.28e-07,3.36e-07,"BMI","F001"
"687","cg19631651",-0.000394746,7.93e-05,6.48e-07,1.38e-06,"BMI","F001"
"688","cg19638572",0.000495802,0.000105667,2.7e-06,4.93e-06,"BMI","F001"
"689","cg19693031",-0.000651706,0.000146183,8.27e-06,1.37e-05,"BMI","F001"
"690","cg19695507",0.000676765,9.91e-05,8.59e-12,7.98e-11,"BMI","F001"
"691","cg19710184",-0.000265403,7.07e-05,0.00017536,0.000222123,"BMI","F001"
"692","cg19713460",0.000427928,9.75e-05,1.14e-05,1.84e-05,"BMI","F001"
"693","cg19750657",0.001170028,0.000116183,7.45e-24,1.34e-21,"BMI","F001"
"694","cg19784816",-0.000310138,6.49e-05,1.75e-06,3.38e-06,"BMI","F001"
"695","cg19844203",0.000163856,5.11e-05,0.001345053,0.001531968,"BMI","F001"
"696","cg19851291",0.000337387,5.71e-05,3.42e-09,1.39e-08,"BMI","F001"
"697","cg19881557",0.000592205,9.21e-05,1.27e-10,8.46e-10,"BMI","F001"
"698","cg19928955",-0.000273053,8.51e-05,0.001338157,0.001525499,"BMI","F001"
"699","cg19940482",-0.000427867,8.81e-05,1.19e-06,2.41e-06,"BMI","F001"
"700","cg19979108",-0.000545754,9.64e-05,1.5e-08,4.93e-08,"BMI","F001"
"701","cg19998073",0.000283104,8.78e-05,0.001257078,0.001435679,"BMI","F001"
"702","cg20034202",0.000282423,8.2e-05,0.000575433,0.000679466,"BMI","F001"
"703","cg20052079",-0.000591725,0.000112458,1.43e-07,3.74e-07,"BMI","F001"
"704","cg20117103",0.000557915,9.22e-05,1.42e-09,6.53e-09,"BMI","F001"
"705","cg20248822",-0.000480003,9.27e-05,2.24e-07,5.48e-07,"BMI","F001"
"706","cg20253855",-0.000455577,9.18e-05,7.04e-07,1.49e-06,"BMI","F001"
"707","cg20281309",0.000271711,6.26e-05,1.44e-05,2.27e-05,"BMI","F001"
"708","cg20313873",0.000629639,0.000229997,0.006188977,0.006605087,"BMI","F001"
"709","cg20360704",0.000339651,5.36e-05,2.37e-10,1.4e-09,"BMI","F001"
"710","cg20435896",0.000256255,5.98e-05,1.84e-05,2.82e-05,"BMI","F001"
"711","cg20445774",0.000380844,6.59e-05,7.4e-09,2.66e-08,"BMI","F001"
"712","cg20494738",0.000400699,7.12e-05,1.83e-08,5.89e-08,"BMI","F001"
"713","cg20496314",0.000664996,0.000134111,7.1e-07,1.5e-06,"BMI","F001"
"714","cg20520115",0.000438465,8.15e-05,7.56e-08,2.14e-07,"BMI","F001"
"715","cg20552236",0.000338782,9.48e-05,0.00035176,0.000424549,"BMI","F001"
"716","cg20605134",0.000179121,6.56e-05,0.006285225,0.006702102,"BMI","F001"
"717","cg20678353",-0.000204819,5.68e-05,0.000313642,0.000381852,"BMI","F001"
"718","cg20690125",0.000371673,6.85e-05,5.69e-08,1.67e-07,"BMI","F001"
"719","cg20697025",0.00044843,8.78e-05,3.27e-07,7.64e-07,"BMI","F001"
"720","cg20722088",0.000736015,9.29e-05,2.33e-15,5.94e-14,"BMI","F001"
"721","cg20782117",-0.000624545,9.78e-05,1.71e-10,1.08e-09,"BMI","F001"
"722","cg20793665",0.000408462,9.66e-05,2.37e-05,3.55e-05,"BMI","F001"
"723","cg20849150",-0.000375978,8.13e-05,3.77e-06,6.68e-06,"BMI","F001"
"724","cg20852250",0.000344713,6.92e-05,6.3e-07,1.36e-06,"BMI","F001"
"725","cg20871826",0.000526418,7e-05,5.53e-14,9.64e-13,"BMI","F001"
"726","cg20876852",0.000396101,0.000122157,0.001184602,0.001357852,"BMI","F001"
"727","cg20954977",0.000531048,0.000133627,7.06e-05,9.47e-05,"BMI","F001"
"728","cg20970369",0.00035667,9.73e-05,0.00024642,0.000304445,"BMI","F001"
"729","cg20998539",-0.000392603,8.21e-05,1.73e-06,3.35e-06,"BMI","F001"
"730","cg21042285",0.000277575,5.88e-05,2.39e-06,4.45e-06,"BMI","F001"
"731","cg21103269",-0.000150681,5.08e-05,0.002995801,0.003295381,"BMI","F001"
"732","cg21137557",-0.000488577,9.51e-05,2.82e-07,6.72e-07,"BMI","F001"
"733","cg21139312",0.000351779,4.97e-05,1.43e-12,1.74e-11,"BMI","F001"
"734","cg21161394",0.000467661,8.8e-05,1.09e-07,2.91e-07,"BMI","F001"
"735","cg21163717",-0.000451029,7.21e-05,3.9e-10,2.19e-09,"BMI","F001"
"736","cg21179618",0.000303793,7.92e-05,0.000125743,0.000162558,"BMI","F001"
"737","cg21190595",-0.00053612,8.77e-05,9.65e-10,4.73e-09,"BMI","F001"
"738","cg21232015",0.000395087,6.79e-05,6.06e-09,2.29e-08,"BMI","F001"
"739","cg21322248",-9.17e-05,2.76e-05,0.00089553,0.001035019,"BMI","F001"
"740","cg21344746",0.00041706,8.05e-05,2.23e-07,5.47e-07,"BMI","F001"
"741","cg21387604",0.00026021,7.19e-05,0.000297587,0.000364072,"BMI","F001"
"742","cg21429551",-0.001114782,0.000208606,9.09e-08,2.48e-07,"BMI","F001"
"743","cg21486834",0.000418742,6.74e-05,5.23e-10,2.83e-09,"BMI","F001"
"744","cg21545535",0.000241023,6.55e-05,0.000235267,0.00029104,"BMI","F001"
"745","cg21565496",-0.000255632,5.91e-05,1.55e-05,2.42e-05,"BMI","F001"
"746","cg21585138",-0.00054136,0.000100153,6.47e-08,1.86e-07,"BMI","F001"
"747","cg21587837",0.000463908,7.5e-05,6.3e-10,3.31e-09,"BMI","F001"
"748","cg21604136",0.000267226,6.86e-05,9.84e-05,0.000129091,"BMI","F001"
"749","cg21650866",0.000719038,0.000131805,4.89e-08,1.45e-07,"BMI","F001"
"750","cg21669326",-0.000332497,8.34e-05,6.64e-05,9e-05,"BMI","F001"
"751","cg21723486",0.001026268,0.00021156,1.23e-06,2.47e-06,"BMI","F001"
"752","cg21766592",-0.000469448,7.53e-05,4.61e-10,2.52e-09,"BMI","F001"
"753","cg21867733",0.000816977,0.000126362,1.01e-10,6.92e-10,"BMI","F001"
"754","cg21912938",-0.000130238,2.69e-05,1.32e-06,2.63e-06,"BMI","F001"
"755","cg21946195",-0.000644424,9.66e-05,2.55e-11,2.01e-10,"BMI","F001"
"756","cg21975834",0.000577459,0.000106535,5.95e-08,1.73e-07,"BMI","F001"
"757","cg22012981",0.000243662,7.83e-05,0.001853889,0.002073842,"BMI","F001"
"758","cg22068629",0.000531558,8.9e-05,2.36e-09,1e-08,"BMI","F001"
"759","cg22103219",-0.000733804,0.000121017,1.33e-09,6.25e-09,"BMI","F001"
"760","cg22143698",0.00056741,8.94e-05,2.22e-10,1.34e-09,"BMI","F001"
"761","cg22185977",0.00078804,0.000121347,8.35e-11,5.79e-10,"BMI","F001"
"762","cg22242842",-0.000382552,8.19e-05,3.02e-06,5.45e-06,"BMI","F001"
"763","cg22304262",-0.000488774,0.000105193,3.38e-06,6.04e-06,"BMI","F001"
"764","cg22313574",0.000343952,8.24e-05,2.98e-05,4.37e-05,"BMI","F001"
"765","cg22363368",-0.000313934,9.81e-05,0.001366952,0.001554087,"BMI","F001"
"766","cg22382836",0.000577903,0.000176642,0.001069401,0.001231431,"BMI","F001"
"767","cg22441770",0.000244178,8.74e-05,0.005206083,0.005589408,"BMI","F001"
"768","cg22479226",0.000319896,7.65e-05,2.91e-05,4.27e-05,"BMI","F001"
"769","cg22510074",-0.000445503,0.000117173,0.000143472,0.000183773,"BMI","F001"
"770","cg22534374",-0.000869847,0.000117499,1.33e-13,2.11e-12,"BMI","F001"
"771","cg22570970",0.000355762,8.98e-05,7.44e-05,9.95e-05,"BMI","F001"
"772","cg22579075",-0.000800765,0.000154162,2.05e-07,5.1e-07,"BMI","F001"
"773","cg22590032",0.000411988,6.33e-05,7.71e-11,5.4e-10,"BMI","F001"
"774","cg22635096",0.000570556,8.49e-05,1.77e-11,1.49e-10,"BMI","F001"
"775","cg22648996",0.000241722,8.1e-05,0.002854724,0.00315403,"BMI","F001"
"776","cg22650271",0.00034099,8.6e-05,7.34e-05,9.82e-05,"BMI","F001"
"777","cg22695339",-0.000102458,3.06e-05,0.000810047,0.000939685,"BMI","F001"
"778","cg22707529",0.000355983,0.00011275,0.001592475,0.001792607,"BMI","F001"
"779","cg22799757",-0.000433116,8.54e-05,3.92e-07,9e-07,"BMI","F001"
"780","cg22805381",-0.000465555,0.000112182,3.32e-05,4.8e-05,"BMI","F001"
"781","cg22851200",0.000525984,0.000121355,1.46e-05,2.31e-05,"BMI","F001"
"782","cg22875823",0.000497719,0.0001214,4.13e-05,5.87e-05,"BMI","F001"
"783","cg22902505",0.000571415,0.000179043,0.001415423,0.001603084,"BMI","F001"
"784","cg22925751",0.000214809,7.99e-05,0.007184667,0.007635231,"BMI","F001"
"785","cg23005227",-0.000499628,0.000105055,1.98e-06,3.78e-06,"BMI","F001"
"786","cg23025459",-0.000662874,0.000145454,5.18e-06,9e-06,"BMI","F001"
"787","cg23032421",-0.000692478,0.000102198,1.24e-11,1.1e-10,"BMI","F001"
"788","cg23079012",0.000274333,5.38e-05,3.39e-07,7.9e-07,"BMI","F001"
"789","cg23095383",-0.00046809,8.65e-05,6.24e-08,1.8e-07,"BMI","F001"
"790","cg23101885",-0.00033167,0.00011123,0.002865252,0.003162875,"BMI","F001"
"791","cg23213327",0.00049654,0.000107259,3.67e-06,6.54e-06,"BMI","F001"
"792","cg23232188",0.000591076,8.8e-05,1.88e-11,1.55e-10,"BMI","F001"
"793","cg23247968",0.000293853,6.23e-05,2.4e-06,4.46e-06,"BMI","F001"
"794","cg23330212",-0.00025846,9.37e-05,0.005815433,0.006227629,"BMI","F001"
"795","cg23371680",-0.000618926,9.23e-05,2.05e-11,1.66e-10,"BMI","F001"
"796","cg23510258",0.00039928,0.000119991,0.000876014,0.001014332,"BMI","F001"
"797","cg23519155",-0.000304146,7.4e-05,3.94e-05,5.63e-05,"BMI","F001"
"798","cg23572944",0.000349632,6.73e-05,2.06e-07,5.11e-07,"BMI","F001"
"799","cg23594693",-0.000436744,0.000104893,3.13e-05,4.56e-05,"BMI","F001"
"800","cg23595413",0.000228911,7.17e-05,0.001415023,0.001603084,"BMI","F001"
"801","cg23598089",-0.000337357,0.000108292,0.001837817,0.002057698,"BMI","F001"
"802","cg23599026",0.000375151,7.99e-05,2.66e-06,4.87e-06,"BMI","F001"
"803","cg23601905",0.000344056,7.1e-05,1.24e-06,2.5e-06,"BMI","F001"
"804","cg23629393",-0.000384309,7.98e-05,1.47e-06,2.9e-06,"BMI","F001"
"805","cg23641852",-0.000157862,5.04e-05,0.001721819,0.001933,"BMI","F001"
"806","cg23655939",-0.000357114,7.55e-05,2.26e-06,4.24e-06,"BMI","F001"
"807","cg23680451",-0.000288441,9.99e-05,0.003883555,0.004216431,"BMI","F001"
"808","cg23683800",-0.00018525,6.31e-05,0.003315257,0.00362769,"BMI","F001"
"809","cg23694492",0.000468322,9.26e-05,4.28e-07,9.64e-07,"BMI","F001"
"810","cg23698124",0.00057309,7.29e-05,3.79e-15,9.31e-14,"BMI","F001"
"811","cg23721083",-0.000208229,5.61e-05,0.000206427,0.000257828,"BMI","F001"
"812","cg23722790",0.000223036,7.83e-05,0.004401313,0.004749782,"BMI","F001"
"813","cg23732483",-0.000362429,9.18e-05,7.83e-05,0.000104423,"BMI","F001"
"814","cg23733845",0.000957686,0.000207045,3.74e-06,6.64e-06,"BMI","F001"
"815","cg23797615",-0.000271135,7.27e-05,0.00019041,0.000240216,"BMI","F001"
"816","cg23850913",-0.000279983,6.17e-05,5.74e-06,9.85e-06,"BMI","F001"
"817","cg23866916",-0.000507014,6.31e-05,9.02e-16,2.76e-14,"BMI","F001"
"818","cg23886355",0.000372886,8.06e-05,3.73e-06,6.63e-06,"BMI","F001"
"819","cg23919111",-0.000239004,5.71e-05,2.88e-05,4.24e-05,"BMI","F001"
"820","cg23998749",0.00051293,8.35e-05,8.02e-10,4.01e-09,"BMI","F001"
"821","cg24130561",0.000326474,6.22e-05,1.51e-07,3.91e-07,"BMI","F001"
"822","cg24178676",0.000274356,4.95e-05,3.06e-08,9.47e-08,"BMI","F001"
"823","cg24198941",0.00051502,8.55e-05,1.69e-09,7.52e-09,"BMI","F001"
"824","cg24243879",0.000495838,9.77e-05,3.92e-07,9e-07,"BMI","F001"
"825","cg24362829",-0.000496589,9.71e-05,3.11e-07,7.32e-07,"BMI","F001"
"826","cg24403644",0.00032561,6.24e-05,1.8e-07,4.52e-07,"BMI","F001"
"827","cg24452282",-0.000362688,8.63e-05,2.66e-05,3.96e-05,"BMI","F001"
"828","cg24453118",0.000420678,9.72e-05,1.51e-05,2.37e-05,"BMI","F001"
"829","cg24458314",-0.000427179,8.83e-05,1.3e-06,2.59e-06,"BMI","F001"
"830","cg24469729",0.00032219,9.2e-05,0.000462656,0.000550446,"BMI","F001"
"831","cg24512093",-0.000354904,0.000105268,0.000747734,0.000869814,"BMI","F001"
"832","cg24531955",-0.000664234,9.53e-05,3.24e-12,3.5e-11,"BMI","F001"
"833","cg24572204",0.000308398,9.68e-05,0.001444451,0.001633311,"BMI","F001"
"834","cg24632480",-0.000282892,7e-05,5.34e-05,7.37e-05,"BMI","F001"
"835","cg24678869",0.000412506,6.78e-05,1.19e-09,5.7e-09,"BMI","F001"
"836","cg24679890",0.00052597,8.74e-05,1.76e-09,7.77e-09,"BMI","F001"
"837","cg24681499",0.000294534,7.04e-05,2.86e-05,4.22e-05,"BMI","F001"
"838","cg24686918",-0.000506296,0.000106635,2.05e-06,3.9e-06,"BMI","F001"
"839","cg24709951",-0.000822866,0.00017965,4.64e-06,8.15e-06,"BMI","F001"
"840","cg24727480",0.000226273,7.77e-05,0.003591515,0.003916313,"BMI","F001"
"841","cg24759654",-0.00025558,8.85e-05,0.003869608,0.00420493,"BMI","F001"
"842","cg24776142",0.000546329,9.41e-05,6.43e-09,2.4e-08,"BMI","F001"
"843","cg24843003",0.000377962,8.76e-05,1.6e-05,2.49e-05,"BMI","F001"
"844","cg24900983",0.000431998,7.67e-05,1.78e-08,5.75e-08,"BMI","F001"
"845","cg24925163",0.000361696,7.1e-05,3.51e-07,8.14e-07,"BMI","F001"
"846","cg24968721",0.000526303,8.04e-05,5.93e-11,4.34e-10,"BMI","F001"
"847","cg25001190",-0.000835999,0.0001156,4.77e-13,6.5e-12,"BMI","F001"
"848","cg25104397",0.000293389,7.89e-05,0.000198842,0.000249598,"BMI","F001"
"849","cg25124943",-0.000395334,7.47e-05,1.2e-07,3.2e-07,"BMI","F001"
"850","cg25130381",0.000654088,7.72e-05,2.43e-17,9.54e-16,"BMI","F001"
"851","cg25135457",0.000300839,6.66e-05,6.35e-06,1.07e-05,"BMI","F001"
"852","cg25158622",0.000343536,6.06e-05,1.48e-08,4.86e-08,"BMI","F001"
"853","cg25178683",0.00098693,0.000130046,3.22e-14,5.94e-13,"BMI","F001"
"854","cg25197194",-0.000869352,0.000128251,1.21e-11,1.09e-10,"BMI","F001"
"855","cg25217710",0.000589803,8.32e-05,1.33e-12,1.66e-11,"BMI","F001"
"856","cg25230327",-0.000651761,0.000118765,4.07e-08,1.23e-07,"BMI","F001"
"857","cg25250013",-0.00057354,9.24e-05,5.5e-10,2.96e-09,"BMI","F001"
"858","cg25368647",-0.000581949,0.000138531,2.66e-05,3.96e-05,"BMI","F001"
"859","cg25392060",0.000641195,9.09e-05,1.75e-12,2.07e-11,"BMI","F001"
"860","cg25435714",0.000402436,8.64e-05,3.16e-06,5.69e-06,"BMI","F001"
"861","cg25551219",0.000419392,8.11e-05,2.36e-07,5.75e-07,"BMI","F001"
"862","cg25564535",-0.000436874,7.21e-05,1.36e-09,6.34e-09,"BMI","F001"
"863","cg25600410",-0.0002706,8.15e-05,0.000896728,0.001035449,"BMI","F001"
"864","cg25607249",-0.000343719,6.91e-05,6.49e-07,1.38e-06,"BMI","F001"
"865","cg25630910",0.000294833,6.65e-05,9.37e-06,1.53e-05,"BMI","F001"
"866","cg25649826",0.00041685,8.15e-05,3.18e-07,7.46e-07,"BMI","F001"
"867","cg25653947",0.000283766,9.44e-05,0.002640005,0.002924529,"BMI","F001"
"868","cg25667998",0.00034046,5.95e-05,1.05e-08,3.63e-08,"BMI","F001"
"869","cg25741837",0.000476204,8.98e-05,1.14e-07,3.05e-07,"BMI","F001"
"870","cg25771013",0.000417284,0.000107571,0.000104824,0.000136642,"BMI","F001"
"871","cg25817701",0.000691433,0.000101977,1.2e-11,1.08e-10,"BMI","F001"
"872","cg25889918",0.000366776,8.24e-05,8.54e-06,1.41e-05,"BMI","F001"
"873","cg25921813",0.000402715,6.65e-05,1.36e-09,6.34e-09,"BMI","F001"
"874","cg25924746",0.000331962,9.52e-05,0.000487651,0.000579086,"BMI","F001"
"875","cg25957124",0.000318838,6.39e-05,5.95e-07,1.29e-06,"BMI","F001"
"876","cg26008365",0.000487341,9.79e-05,6.47e-07,1.38e-06,"BMI","F001"
"877","cg26034658",0.000396086,6.37e-05,4.9e-10,2.67e-09,"BMI","F001"
"878","cg26069291",0.000395422,0.000103677,0.000136748,0.000175339,"BMI","F001"
"879","cg26103104",0.000726158,0.000170751,2.11e-05,3.21e-05,"BMI","F001"
"880","cg26104196",0.000191969,6.14e-05,0.001772003,0.001985783,"BMI","F001"
"881","cg26118045",0.000628232,9.88e-05,2.07e-10,1.26e-09,"BMI","F001"
"882","cg26118759",-0.00024279,5.63e-05,1.6e-05,2.49e-05,"BMI","F001"
"883","cg26180383",0.000329785,8.68e-05,0.00014594,0.000186554,"BMI","F001"
"884","cg26182406",-0.000368728,0.000113339,0.00114071,0.001309936,"BMI","F001"
"885","cg26192309",-0.000335433,8.2e-05,4.29e-05,6.05e-05,"BMI","F001"
"886","cg26253134",-0.000339377,7.43e-05,4.99e-06,8.71e-06,"BMI","F001"
"887","cg26257082",0.000424417,8.45e-05,5.08e-07,1.13e-06,"BMI","F001"
"888","cg26304237",0.00026265,8.85e-05,0.002990823,0.003292793,"BMI","F001"
"889","cg26304744",-0.000172371,4.62e-05,0.000190201,0.000240193,"BMI","F001"
"890","cg26315985",-0.000382532,0.000104517,0.000252229,0.000310702,"BMI","F001"
"891","cg26336059",0.000291269,6.42e-05,5.79e-06,9.93e-06,"BMI","F001"
"892","cg26354221",0.00027928,4.68e-05,2.32e-09,9.93e-09,"BMI","F001"
"893","cg26361535",0.000778474,0.000147755,1.37e-07,3.6e-07,"BMI","F001"
"894","cg26376241",-0.000532414,0.000156435,0.000665507,0.000778788,"BMI","F001"
"895","cg26396492",0.000516635,8.8e-05,4.41e-09,1.74e-08,"BMI","F001"
"896","cg26399994",-0.000477409,8.05e-05,3.07e-09,1.27e-08,"BMI","F001"
"897","cg26403843",0.001147485,0.000167939,8.33e-12,7.8e-11,"BMI","F001"
"898","cg26405097",0.000652132,8.72e-05,7.49e-14,1.29e-12,"BMI","F001"
"899","cg26430059",0.000282059,6.79e-05,3.25e-05,4.7e-05,"BMI","F001"
"900","cg26446803",0.000521349,8.55e-05,1.07e-09,5.2e-09,"BMI","F001"
"901","cg26470501",-0.000744651,0.000107191,3.73e-12,3.9e-11,"BMI","F001"
"902","cg26503877",-0.000319243,6.54e-05,1.06e-06,2.18e-06,"BMI","F001"
"903","cg26542660",-0.000467827,5.99e-05,5.87e-15,1.36e-13,"BMI","F001"
"904","cg26547058",0.000322362,7.9e-05,4.52e-05,6.35e-05,"BMI","F001"
"905","cg26566236",-0.000286212,7.68e-05,0.000192674,0.000242583,"BMI","F001"
"906","cg26572392",0.000494952,0.000109312,5.96e-06,1.02e-05,"BMI","F001"
"907","cg26610247",0.00068081,9.11e-05,7.69e-14,1.3e-12,"BMI","F001"
"908","cg26640901",0.000354513,8.24e-05,1.7e-05,2.63e-05,"BMI","F001"
"909","cg26663590",0.00089617,0.000101046,7.39e-19,3.86e-17,"BMI","F001"
"910","cg26673195",-0.000321434,0.00010072,0.001416017,0.001603084,"BMI","F001"
"911","cg26687842",0.000346403,0.000101027,0.000606255,0.000713844,"BMI","F001"
"912","cg26695387",-0.00014867,4.25e-05,0.000467473,0.000555651,"BMI","F001"
"913","cg26705724",0.000423475,6.68e-05,2.31e-10,1.37e-09,"BMI","F001"
"914","cg26712428",0.000788566,0.000102704,1.61e-14,3.32e-13,"BMI","F001"
"915","cg26723054",0.000284772,7.12e-05,6.38e-05,8.69e-05,"BMI","F001"
"916","cg26736341",-0.000459352,9.62e-05,1.8e-06,3.47e-06,"BMI","F001"
"917","cg26800893",-0.000220914,3.89e-05,1.33e-08,4.44e-08,"BMI","F001"
"918","cg26836479",-0.000354354,5.27e-05,1.8e-11,1.5e-10,"BMI","F001"
"919","cg26873338",0.00036754,9.6e-05,0.000129103,0.000166559,"BMI","F001"
"920","cg26878209",0.000453168,0.000100674,6.75e-06,1.14e-05,"BMI","F001"
"921","cg26918935",0.00029611,7.67e-05,0.000112134,0.000145716,"BMI","F001"
"922","cg26950531",-0.001074925,0.00015547,4.71e-12,4.84e-11,"BMI","F001"
"923","cg26952928",0.000212548,6e-05,0.00039918,0.000478559,"BMI","F001"
"924","cg26953232",0.000603679,0.000154622,9.45e-05,0.000124387,"BMI","F001"
"925","cg26954174",-0.000274431,9.34e-05,0.00330294,0.003617368,"BMI","F001"
"926","cg26955383",0.000850859,9.79e-05,3.52e-18,1.58e-16,"BMI","F001"
"927","cg26995224",0.000962266,0.00022125,1.37e-05,2.17e-05,"BMI","F001"
"928","cg27050612",-0.00030508,6.11e-05,6.03e-07,1.31e-06,"BMI","F001"
"929","cg27061485",-0.000485091,8.09e-05,2e-09,8.72e-09,"BMI","F001"
"930","cg27087650",-0.000476947,8.66e-05,3.7e-08,1.13e-07,"BMI","F001"
"931","cg27093918",-0.000577059,0.000133666,1.58e-05,2.47e-05,"BMI","F001"
"932","cg27115863",-0.000519414,0.000109807,2.24e-06,4.22e-06,"BMI","F001"
"933","cg27146050",0.000378491,0.000131928,0.004118828,0.004456437,"BMI","F001"
"934","cg27147615",0.000176034,4.14e-05,2.12e-05,3.22e-05,"BMI","F001"
"935","cg27184903",0.000551352,9.48e-05,5.96e-09,2.27e-08,"BMI","F001"
"936","cg27217148",-0.000334977,6.98e-05,1.58e-06,3.09e-06,"BMI","F001"
"937","cg27232482",-0.000512678,9.03e-05,1.36e-08,4.51e-08,"BMI","F001"
"938","cg27243685",0.000567415,6.26e-05,1.31e-19,7.9e-18,"BMI","F001"
"939","cg27262054",0.000618986,0.000111238,2.63e-08,8.22e-08,"BMI","F001"
"940","cg27269962",0.000404061,6.98e-05,7.23e-09,2.63e-08,"BMI","F001"
"941","cg27275941",-0.000695284,0.000112634,6.7e-10,3.44e-09,"BMI","F001"
"942","cg27288091",0.000167354,5.44e-05,0.002100764,0.002343735,"BMI","F001"
"943","cg27293155",0.000408916,0.000118103,0.000535427,0.000634618,"BMI","F001"
"944","cg27312979",-0.001173319,0.000190868,7.88e-10,3.95e-09,"BMI","F001"
"945","cg27367170",0.000445676,0.000111208,6.13e-05,8.39e-05,"BMI","F001"
"946","cg27389255",0.000338846,7.83e-05,1.53e-05,2.39e-05,"BMI","F001"
"947","cg27395200",0.000557667,0.000111157,5.25e-07,1.16e-06,"BMI","F001"
"948","cg27470213",-0.000411112,8.17e-05,4.82e-07,1.08e-06,"BMI","F001"
"949","cg27540367",-0.000413569,6.5e-05,2e-10,1.23e-09,"BMI","F001"
"950","cg27563121",-0.000396794,7.83e-05,4.04e-07,9.2e-07,"BMI","F001"
"951","cg27571769",0.000476981,7.34e-05,8.15e-11,5.68e-10,"BMI","F001"
"952","cg27588321",-0.000532791,0.00010702,6.41e-07,1.38e-06,"BMI","F001"
"953","cg27614723",0.000381166,9.31e-05,4.25e-05,6.01e-05,"BMI","F001"
"954","cg27637521",-0.000252503,4.25e-05,2.77e-09,1.16e-08,"BMI","F001"
"955","cg27652459",-0.000499144,9.61e-05,2.04e-07,5.08e-07,"BMI","F001"
"958","cg01625222",0.007860067,0.001479917,1.09e-07,0.005894382,"MESOTRIONE","F001"
"959","cg01919701",0.050542489,0.008848954,1.12e-08,0.002362234,"MESOTRIONE","F001"
"960","cg14063331",0.03436354,0.006505191,1.27e-07,0.006017784,"MESOTRIONE","F001"
"961","cg14839932",-0.00763882,0.001456289,1.56e-07,0.006545118,"MESOTRIONE","F001"
"962","cg16258223",0.0542101,0.009898977,4.34e-08,0.003685684,"MESOTRIONE","F001"
"963","cg18025430",-0.011166706,0.001910164,5.04e-09,0.002362234,"MESOTRIONE","F001"
"964","cg21270074",-0.000581613,0.000104364,2.5e-08,0.003685684,"MESOTRIONE","F001"
"965","cg22053500",-0.001776731,0.000312109,1.25e-08,0.002362234,"MESOTRIONE","F001"
"1120","cg06500161",0.0116,NA,3.093e-12,4.377e-09,"Obesity","F001"
"1121","cg21739530",-0.0049,NA,3.808e-11,3.7e-08,"Obesity","F001"
"1122","cg04498624",-0.0139,NA,3e-09,1.331e-06,"Obesity","F001"
"1123","cg20655350",0.009,NA,4.345e-08,1.113e-05,"Obesity","F001"
"1124","cg06478094",0.0035,NA,4.269e-07,6.708e-05,"Obesity","F001"
"1125","cg23634322",-0.021,NA,6.588e-07,9.313e-05,"Obesity","F001"
"1126","cg03860020",0.0012,NA,1.186e-06,0.0001474,"Obesity","F001"
"1127","cg14465376",0.0246,NA,1.227e-06,0.000151,"Obesity","F001"
"1128","cg02898212",-0.0036,NA,1.326e-06,0.0001604,"Obesity","F001"
"1129","cg05834508",0.0012,NA,1.76e-06,0.0001991,"Obesity","F001"
"1130","cg13001289",0.0057,NA,7.399e-06,0.0005901,"Obesity","F001"
"1131","cg20545544",0.009,NA,1.239e-05,0.0008687,"Obesity","F001"
"1132","cg02702515",0.02,NA,1.469e-05,0.0009854,"Obesity","F001"
"1133","cg16216674",6e-04,NA,2.162e-05,0.001308,"Obesity","F001"
"1134","cg10537277",-0.0044,NA,2.625e-05,0.001504,"Obesity","F001"
"1135","cg23261491",-0.0045,NA,2.803e-05,0.001578,"Obesity","F001"
"1136","cg16744911",0.002,NA,3.106e-05,0.001706,"Obesity","F001"
"1137","cg20271620",-0.0029,NA,3.912e-05,0.002022,"Obesity","F001"
"1138","cg04592292",0.0024,NA,3.934e-05,0.00203,"Obesity","F001"
"1139","cg14360897",9e-04,NA,4.517e-05,0.002238,"Obesity","F001"
"1140","cg01269795",-0.0033,NA,5.852e-05,0.002697,"Obesity","F001"
"1141","cg26954519",0.0039,NA,5.861e-05,0.002699,"Obesity","F001"
"1142","cg02335306",0.0029,NA,8.852e-05,0.003627,"Obesity","F001"
"1143","cg03001463",-0.001,NA,0.0001011,0.003989,"Obesity","F001"
"1144","cg25090416",-7e-04,NA,0.0001203,0.004508,"Obesity","F001"
"1145","cg18963171",-0.0081,NA,0.0001266,0.004673,"Obesity","F001"
"1146","cg18016565",0.0038,NA,0.0001363,0.004923,"Obesity","F001"
"1147","cg17909892",-0.0037,NA,0.0001473,0.005208,"Obesity","F001"
"1148","cg14241074",0.0012,NA,0.0001576,0.005459,"Obesity","F001"
"1149","cg23972793",7e-04,NA,0.000171,0.005777,"Obesity","F001"
"1150","cg07372602",-0.0069,NA,0.0001799,0.005983,"Obesity","F001"
"1151","cg01839742",-0.0197,NA,0.0001811,0.006014,"Obesity","F001"
"1152","cg13842302",-0.0242,NA,0.0001963,0.006353,"Obesity","F001"
"1153","cg01152927",0.0546,NA,0.0002138,0.006749,"Obesity","F001"
"1154","cg03035661",0.0015,NA,0.0002576,0.007693,"Obesity","F001"
"1155","cg19842683",0.0013,NA,0.0002954,0.008459,"Obesity","F001"
"1156","cg08754294",-0.001,NA,0.0003137,0.008821,"Obesity","F001"
"1157","cg26207239",0.038943086,0.006015241,1.96e-10,7.7e-05,"PCB","F001"
"1158","cg01607258",0.043810699,0.007265795,2.84e-09,0.000324412,"PCB","F001"
"1159","cg14585892",0.040427418,0.006702617,2.81e-09,0.000324412,"PCB","F001"
"1160","cg16716035",-0.081003459,0.013861334,8.29e-09,0.000725429,"PCB","F001"
"1161","cg09551072",0.047269541,0.008181961,1.21e-08,0.000951656,"PCB","F001"
"1162","cg23660678",-0.08930883,0.015549592,1.46e-08,0.000955593,"PCB","F001"
"1163","cg16770948",-0.066501408,0.011703531,2.06e-08,0.000955593,"PCB","F001"
"1164","cg13041595",-0.08825262,0.015387829,1.53e-08,0.000955593,"PCB","F001"
"1165","cg05194114",-0.029684467,0.005329517,3.82e-08,0.001583564,"PCB","F001"
"1166","cg00179576",0.036529525,0.006623187,5.14e-08,0.001758872,"PCB","F001"
"1167","cg17955195",-0.061952803,0.011375055,7.45e-08,0.001893038,"PCB","F001"
"1168","cg26327984",0.086203332,0.015875847,8.14e-08,0.001893038,"PCB","F001"
"1169","cg09266144",0.04542476,0.008331076,7.21e-08,0.001893038,"PCB","F001"
"1170","cg05516537",-0.059397461,0.010957945,8.56e-08,0.001925488,"PCB","F001"
"1171","cg10325497",0.032453522,0.006004542,9.3e-08,0.001934919,"PCB","F001"
"1172","cg11210357",0.046903575,0.00869469,9.83e-08,0.001934919,"PCB","F001"
"1173","cg06922569",-0.084474565,0.015740214,1.14e-07,0.002021518,"PCB","F001"
"1174","cg16815882",0.035182803,0.006571434,1.22e-07,0.002021518,"PCB","F001"
"1175","cg11863519",-0.080888848,0.015114235,1.23e-07,0.002021518,"PCB","F001"
"1176","cg14898116",0.049916888,0.00931416,1.18e-07,0.002021518,"PCB","F001"
"1177","cg24254842",-0.052530236,0.009884561,1.5e-07,0.002272808,"PCB","F001"
"1178","cg13208429",-0.069230885,0.01305878,1.61e-07,0.002309073,"PCB","F001"
"1179","cg09034929",-0.083336061,0.015715139,1.59e-07,0.002309073,"PCB","F001"
"1180","cg21222826",0.039010118,0.007383198,1.76e-07,0.002435483,"PCB","F001"
"1181","cg05445331",-0.064434237,0.012259096,2.04e-07,0.002627812,"PCB","F001"
"1182","cg05045028",-0.063167561,0.01203431,2.11e-07,0.002639741,"PCB","F001"
"1183","cg00020794",0.02804331,0.005341497,2.1e-07,0.002639741,"PCB","F001"
"1184","cg03399783",-0.049262816,0.009403053,2.22e-07,0.002715311,"PCB","F001"
"1185","cg18179849",0.042201646,0.008074059,2.37e-07,0.002826177,"PCB","F001"
"1186","cg14136214",0.059463039,0.011384608,2.41e-07,0.002837956,"PCB","F001"
"1187","cg25423135",0.045636581,0.008760125,2.59e-07,0.002875576,"PCB","F001"
"1188","cg20775112",-0.081932451,0.015723414,2.57e-07,0.002875576,"PCB","F001"
"1189","cg00984787",-0.0747319,0.014458289,3.19e-07,0.003143761,"PCB","F001"
"1190","cg01924074",-0.067690545,0.013069448,3.03e-07,0.003143761,"PCB","F001"
"1191","cg00804587",-0.073801925,0.014291172,3.27e-07,0.003179508,"PCB","F001"
"1192","cg01437204",-0.056826221,0.01107593,3.88e-07,0.003547137,"PCB","F001"
"1193","cg25607249",-0.053480754,0.010427648,3.92e-07,0.003547137,"PCB","F001"
"1194","cg13442811",-0.062437712,0.012222801,4.35e-07,0.003847245,"PCB","F001"
"1195","cg06092729",-0.060550978,0.011918232,5e-07,0.00423747,"PCB","F001"
"1196","cg07086565",-0.079484087,0.015638504,4.95e-07,0.00423747,"PCB","F001"
"1197","cg23101675",0.05335074,0.010537648,5.47e-07,0.004489566,"PCB","F001"
"1198","cg02293258",-0.066160738,0.013139446,6.28e-07,0.004917632,"PCB","F001"
"1199","cg09016797",0.046824337,0.00929414,6.2e-07,0.004917632,"PCB","F001"
"1200","cg26280976",0.063015295,0.012555665,6.82e-07,0.005165584,"PCB","F001"
"1201","cg13668129",-0.030760618,0.006134634,6.98e-07,0.005233058,"PCB","F001"
"1202","cg06506080",-0.061614612,0.012292484,7.05e-07,0.005233058,"PCB","F001"
"1203","cg07052476",0.033444069,0.006692091,7.59e-07,0.005481923,"PCB","F001"
"1204","cg20528165",-0.072317604,0.014487384,7.81e-07,0.00559086,"PCB","F001"
"1205","cg23181035",0.033044513,0.006624127,7.94e-07,0.005630945,"PCB","F001"
"1206","cg05803370",-0.076290151,0.015450231,1.02e-06,0.006481876,"PCB","F001"
"1207","cg24546928",0.040656036,0.008255469,1.09e-06,0.006731475,"PCB","F001"
"1208","cg16459020",0.025189507,0.00511608,1.09e-06,0.006731475,"PCB","F001"
"1209","cg02821380",-0.047484525,0.009651177,1.11e-06,0.006795855,"PCB","F001"
"1210","cg12619728",0.034220997,0.006960039,1.13e-06,0.006841938,"PCB","F001"
"1211","cg18421840",0.027127489,0.005520553,1.15e-06,0.00684569,"PCB","F001"
"1212","cg08870281",0.053200371,0.010872584,1.27e-06,0.007251865,"PCB","F001"
"1213","cg03701779",0.030812449,0.006305437,1.31e-06,0.007364702,"PCB","F001"
"1214","cg00122347",0.034254245,0.007018897,1.35e-06,0.007454585,"PCB","F001"
"1215","cg00539347",-0.051771498,0.010640276,1.45e-06,0.007527988,"PCB","F001"
"1216","cg01152073",-0.043016232,0.008856705,1.52e-06,0.007676727,"PCB","F001"
"1217","cg25322642",0.035861343,0.007399815,1.6e-06,0.007906824,"PCB","F001"
"1218","cg26039298",0.022805377,0.004708255,1.62e-06,0.007955102,"PCB","F001"
"1219","cg08470157",-0.072766848,0.015085393,1.78e-06,0.008163914,"PCB","F001"
"1220","cg08441633",0.027872355,0.005777327,1.77e-06,0.008163914,"PCB","F001"
"1221","cg22055524",-0.054384819,0.011286323,1.82e-06,0.008163914,"PCB","F001"
"1222","cg12701697",0.038758065,0.008049658,1.86e-06,0.008267135,"PCB","F001"
"1223","cg21758197",-0.065585333,0.01362645,1.87e-06,0.008275918,"PCB","F001"
"1224","cg12522898",-0.0412324,0.008575632,1.92e-06,0.008307283,"PCB","F001"
"1225","cg09851981",-0.063543384,0.013307829,2.25e-06,0.009433023,"PCB","F001"
"1226","cg23570245",-0.040880476,0.00855996,2.24e-06,0.009433023,"PCB","F001"
"1227","cg02110822",0.074867584,0.015691019,2.29e-06,0.009541425,"PCB","F001"
"1228","cg10858898",0.029482776,0.006183335,2.33e-06,0.009541425,"PCB","F001"
"1229","cg07930217",-0.057359848,0.012042716,2.38e-06,0.009625225,"PCB","F001"
"1230","cg21764344",0.036390638,0.007639935,2.38e-06,0.009625225,"PCB","F001"
"1231","cg24507384",-0.074852454,0.015759095,2.54e-06,0.009897936,"PCB","F001"
"1232","cg04995154",-0.069913578,0.014706853,2.49e-06,0.009897936,"PCB","F001"
"1233","cg25640635",-0.052452868,0.011063205,2.64e-06,0.009918842,"PCB","F001"
"1234","cg10108042",0.041391529,0.008728243,2.63e-06,0.009918842,"PCB","F001"
"1235","cg24195365",-0.055574846,0.011713404,2.6e-06,0.009918842,"PCB","F001"
"1236","cg03058602",0.046372793,0.009768974,2.57e-06,0.009918842,"PCB","F001"
"1237","cg20289741",-0.052583915,0.01108346,2.6e-06,0.009918842,"PCB","F001"
"1315","cg16145216",0.0298,0.002,6.7e-48,3.3e-42,"smoking","F001"
"1316","cg19406367",0.0175,0.0013,7e-44,1.7e-38,"smoking","F001"
"1317","cg05603985",-0.0122,9e-04,1.8e-43,2.8e-38,"smoking","F001"
"1318","cg14099685",-0.0124,9e-04,1.5e-42,1.8e-37,"smoking","F001"
"1319","cg01097768",-0.0166,0.0013,6.8e-35,4.7e-30,"smoking","F001"
"1320","cg07954423",-0.0134,0.0011,1.2e-34,6.3e-30,"smoking","F001"
"1321","cg01083131",-0.0155,0.0013,3.7e-34,1.6e-29,"smoking","F001"
"1322","cg06121808",-0.0143,0.0012,2.1e-32,7.9e-28,"smoking","F001"
"1323","cg10062919",-0.0128,0.0011,9.2e-32,3.2e-27,"smoking","F001"
"1324","cg20066188",-0.0252,0.0022,1.6e-31,5.2e-27,"smoking","F001"
"1325","cg04551776",-0.0244,0.0021,5.8e-31,1.8e-26,"smoking","F001"
"1326","cg11152412",-0.0077,7e-04,1.8e-30,5e-26,"smoking","F001"
"1327","cg11902777",-0.0201,0.0018,9.1e-30,2.3e-25,"smoking","F001"
"1328","cg25212453",-0.0101,9e-04,1.4e-29,3.5e-25,"smoking","F001"
"1329","cg04956244",0.0122,0.0011,1.5e-29,3.5e-25,"smoking","F001"
"1330","cg13951797",-0.0153,0.0014,1.6e-29,3.5e-25,"smoking","F001"
"1331","cg11028075",0.0175,0.0016,1.7e-29,3.6e-25,"smoking","F001"
"1332","cg11700584",-0.0151,0.0013,3.4e-29,6.8e-25,"smoking","F001"
"1333","cg22417733",-0.0171,0.0015,1.5e-28,2.7e-24,"smoking","F001"
"1334","cg26764244",-0.0316,0.0029,1.8e-28,3e-24,"smoking","F001"
"1335","cg26077378",-0.0178,0.0016,3.6e-28,5.8e-24,"smoking","F001"
"1336","cg05951221",-0.0966,0.009,4.3e-27,6.8e-23,"smoking","F001"
"1337","cg22407942",-0.0183,0.0017,6.8e-27,1e-22,"smoking","F001"
"1338","cg01442064",-0.0128,0.0012,1.6e-26,2.3e-22,"smoking","F001"
"1339","cg25197194",0.0203,0.0019,1.7e-26,2.4e-22,"smoking","F001"
"1340","cg05575921",-0.1803,0.0171,4.5e-26,6.1e-22,"smoking","F001"
"1341","cg08118908",0.0053,5e-04,5.4e-26,7.1e-22,"smoking","F001"
"1342","cg10814005",-0.0159,0.0015,6e-26,7.7e-22,"smoking","F001"
"1343","cg25421530",0.0128,0.0012,1.5e-25,1.8e-21,"smoking","F001"
"1344","cg14003265",-0.0106,0.001,3.2e-25,3.7e-21,"smoking","F001"
"1345","cg10919522",-0.0186,0.0018,4e-25,4.4e-21,"smoking","F001"
"1346","cg11660018",-0.0391,0.0038,4.1e-25,4.4e-21,"smoking","F001"
"1347","cg21566642",-0.1257,0.0121,4.2e-25,4.5e-21,"smoking","F001"
"1348","cg25949550",-0.0199,0.0019,9e-25,9.3e-21,"smoking","F001"
"1349","cg17025683",-0.0118,0.0012,1.1e-24,1.1e-20,"smoking","F001"
"1350","cg02583484",-0.026,0.0025,1.8e-24,1.7e-20,"smoking","F001"
"1351","cg09735822",0.01,0.001,2.6e-24,2.5e-20,"smoking","F001"
"1352","cg02556393",-0.0162,0.0016,2.8e-24,2.6e-20,"smoking","F001"
"1353","cg02637282",0.0124,0.0012,6e-24,5.4e-20,"smoking","F001"
"1354","cg03440944",-0.015,0.0015,1.9e-23,1.6e-19,"smoking","F001"
"1355","cg01218206",-0.015,0.0015,3.1e-23,2.5e-19,"smoking","F001"
"1356","cg16151960",-0.0125,0.0013,4.1e-23,3.3e-19,"smoking","F001"
"1357","cg00930606",-0.0105,0.0011,6.5e-23,5.2e-19,"smoking","F001"
"1358","cg04761231",-0.01,0.001,7e-23,5.5e-19,"smoking","F001"
"1359","cg01971407",-0.0152,0.0015,7.8e-23,6e-19,"smoking","F001"
"1360","cg04987734",0.0149,0.0015,9e-23,6.8e-19,"smoking","F001"
"1361","cg12803068",0.0632,0.0064,9.1e-23,6.8e-19,"smoking","F001"
"1362","cg16295156",-0.0094,0.001,1.1e-22,8.1e-19,"smoking","F001"
"1363","cg05329352",-0.0286,0.0029,2.2e-22,1.6e-18,"smoking","F001"
"1364","cg27118035",0.0136,0.0014,2.4e-22,1.7e-18,"smoking","F001"
"1365","cg03140521",-0.0151,0.0016,2.8e-22,1.9e-18,"smoking","F001"
"1366","cg17214023",-0.0103,0.0011,3e-22,2e-18,"smoking","F001"
"1367","cg00300637",0.0128,0.0013,3.8e-22,2.6e-18,"smoking","F001"
"1368","cg25809905",0.0233,0.0024,4.5e-22,2.9e-18,"smoking","F001"
"1369","cg16794579",-0.0147,0.0015,5.1e-22,3.3e-18,"smoking","F001"
"1370","cg25189904",-0.0768,0.008,5.2e-22,3.3e-18,"smoking","F001"
"1371","cg01937809",-0.016,0.0017,5.4e-22,3.4e-18,"smoking","F001"
"1372","cg11927233",-0.017,0.0018,8.4e-22,5.1e-18,"smoking","F001"
"1373","cg20902353",-0.0105,0.0011,1.4e-21,7.9e-18,"smoking","F001"
"1374","cg08709672",-0.0227,0.0024,1.5e-21,8.8e-18,"smoking","F001"
"1375","cg27627381",-0.0063,7e-04,2e-21,1.1e-17,"smoking","F001"
"1376","cg18450254",0.012,0.0013,2.3e-21,1.3e-17,"smoking","F001"
"1377","cg06753787",0.0063,7e-04,3.2e-21,1.8e-17,"smoking","F001"
"1378","cg14183922",-0.0094,0.001,5e-21,2.7e-17,"smoking","F001"
"1379","cg07029024",0.0129,0.0014,5.5e-21,2.9e-17,"smoking","F001"
"1380","cg21990700",-0.0151,0.0016,7.5e-21,3.9e-17,"smoking","F001"
"1381","cg26257411",-0.0065,7e-04,8.4e-21,4.3e-17,"smoking","F001"
"1382","cg19093370",0.0198,0.0021,8.7e-21,4.4e-17,"smoking","F001"
"1383","cg03636183",-0.0953,0.0102,1.1e-20,5.7e-17,"smoking","F001"
"1384","cg19859270",-0.023,0.0025,1.3e-20,6.3e-17,"smoking","F001"
"1385","cg14550518",-0.0079,8e-04,1.3e-20,6.6e-17,"smoking","F001"
"1386","cg01439566",0.0071,8e-04,1.7e-20,8.1e-17,"smoking","F001"
"1387","cg06126421",-0.0973,0.0105,1.7e-20,8.3e-17,"smoking","F001"
"1388","cg06951627",-0.0155,0.0017,1.7e-20,8.3e-17,"smoking","F001"
"1389","cg22052143",0.0107,0.0012,1.9e-20,8.9e-17,"smoking","F001"
"1390","cg09182189",-0.0104,0.0011,2e-20,9.2e-17,"smoking","F001"
"1391","cg18369990",0.0116,0.0013,2.3e-20,1.1e-16,"smoking","F001"
"1392","cg25593631",-0.015,0.0016,2.4e-20,1.1e-16,"smoking","F001"
"1393","cg03980408",-0.0094,0.001,2.7e-20,1.2e-16,"smoking","F001"
"1394","cg24578857",0.02,0.0022,3.1e-20,1.4e-16,"smoking","F001"
"1395","cg26477856",-0.0096,0.001,3.2e-20,1.4e-16,"smoking","F001"
"1396","cg16776035",0.0086,9e-04,3.6e-20,1.6e-16,"smoking","F001"
"1397","cg24399529",0.013,0.0014,3.6e-20,1.6e-16,"smoking","F001"
"1398","cg15228441",-0.0138,0.0015,3.8e-20,1.6e-16,"smoking","F001"
"1399","cg26361535",-0.0382,0.0042,4.2e-20,1.8e-16,"smoking","F001"
"1400","cg11390978",-0.0092,0.001,4.5e-20,1.9e-16,"smoking","F001"
"1401","cg05593667",-0.012,0.0013,5.5e-20,2.3e-16,"smoking","F001"
"1402","cg23916896",-0.0588,0.0064,6.3e-20,2.6e-16,"smoking","F001"
"1403","cg20408402",0.0085,9e-04,7.6e-20,3.1e-16,"smoking","F001"
"1404","cg27537125",-0.019,0.0021,1.4e-19,5.5e-16,"smoking","F001"
"1405","cg13910681",-0.0082,9e-04,1.7e-19,6.9e-16,"smoking","F001"
"1406","cg04673446",0.006,7e-04,2e-19,8e-16,"smoking","F001"
"1407","cg05284742",-0.0271,0.003,2.1e-19,8.3e-16,"smoking","F001"
"1408","cg06803614",-0.0088,0.001,2.1e-19,8.3e-16,"smoking","F001"
"1409","cg22441770",-0.0159,0.0018,2.1e-19,8.3e-16,"smoking","F001"
"1410","cg25625514",-0.0124,0.0014,2.2e-19,8.5e-16,"smoking","F001"
"1411","cg03329539",-0.0434,0.0048,2.5e-19,9.7e-16,"smoking","F001"
"1412","cg23351584",-0.0106,0.0012,2.6e-19,1e-15,"smoking","F001"
"1413","cg16274678",-0.0152,0.0017,2.9e-19,1.1e-15,"smoking","F001"
"1414","cg21439672",-0.0153,0.0017,3.3e-19,1.2e-15,"smoking","F001"
"1415","cg07286341",-0.0077,9e-04,3.4e-19,1.3e-15,"smoking","F001"
"1416","cg20059928",-0.0293,0.0033,3.5e-19,1.3e-15,"smoking","F001"
"1417","cg20674424",-0.0091,0.001,4.2e-19,1.5e-15,"smoking","F001"
"1418","cg22571654",0.0097,0.0011,4.7e-19,1.7e-15,"smoking","F001"
"1419","cg02279625",0.0105,0.0012,4.8e-19,1.7e-15,"smoking","F001"
"1420","cg03485667",-0.0168,0.0019,5e-19,1.8e-15,"smoking","F001"
"1421","cg14656441",0.0162,0.0018,5.7e-19,2e-15,"smoking","F001"
"1422","cg10750182",-0.0188,0.0021,6.2e-19,2.2e-15,"smoking","F001"
"1423","cg07712198",0.0108,0.0012,6.5e-19,2.2e-15,"smoking","F001"
"1424","cg23198793",0.017,0.0019,6.6e-19,2.3e-15,"smoking","F001"
"1425","cg03051880",0.0107,0.0012,6.8e-19,2.3e-15,"smoking","F001"
"1426","cg02660097",0.0247,0.0028,7e-19,2.4e-15,"smoking","F001"
"1427","cg03531211",-0.0108,0.0012,7.5e-19,2.5e-15,"smoking","F001"
"1428","cg21733098",-0.0341,0.0039,7.9e-19,2.7e-15,"smoking","F001"
"1429","cg22132788",0.0463,0.0052,8.1e-19,2.7e-15,"smoking","F001"
"1430","cg10955164",-0.0079,9e-04,8.6e-19,2.8e-15,"smoking","F001"
"1431","cg11554391",-0.0234,0.0026,9.8e-19,3.2e-15,"smoking","F001"
"1432","cg09940677",0.0081,9e-04,1e-18,3.2e-15,"smoking","F001"
"1433","cg24049050",-0.0102,0.0012,1e-18,3.2e-15,"smoking","F001"
"1434","cg14624207",-0.0212,0.0024,1e-18,3.2e-15,"smoking","F001"
"1435","cg08763102",-0.0124,0.0014,1.2e-18,3.8e-15,"smoking","F001"
"1436","cg12303084",-0.0171,0.0019,1.4e-18,4.2e-15,"smoking","F001"
"1437","cg23161492",-0.0403,0.0046,1.4e-18,4.5e-15,"smoking","F001"
"1438","cg22851200",-0.018,0.0021,1.5e-18,4.5e-15,"smoking","F001"
"1439","cg11207515",0.0431,0.0049,1.5e-18,4.7e-15,"smoking","F001"
"1440","cg03280235",-0.0087,0.001,1.6e-18,4.9e-15,"smoking","F001"
"1441","cg02462416",-0.02,0.0023,1.7e-18,5.1e-15,"smoking","F001"
"1442","cg03536711",0.0175,0.002,1.7e-18,5.1e-15,"smoking","F001"
"1443","cg00138101",0.0064,7e-04,1.8e-18,5.3e-15,"smoking","F001"
"1444","cg02654940",-0.0095,0.0011,1.9e-18,5.7e-15,"smoking","F001"
"1445","cg05389935",-0.0074,8e-04,2e-18,5.9e-15,"smoking","F001"
"1446","cg00499237",-0.0083,0.001,2.3e-18,6.6e-15,"smoking","F001"
"1447","cg14012925",0.0153,0.0018,2.4e-18,6.9e-15,"smoking","F001"
"1448","cg14142087",0.0151,0.0017,2.4e-18,7e-15,"smoking","F001"
"1449","cg00871610",-0.0221,0.0025,2.6e-18,7.3e-15,"smoking","F001"
"1450","cg12806681",-0.0187,0.0021,2.6e-18,7.3e-15,"smoking","F001"
"1451","cg08035323",0.0313,0.0036,2.9e-18,8.2e-15,"smoking","F001"
"1452","cg08305533",0.0148,0.0017,3.1e-18,8.7e-15,"smoking","F001"
"1453","cg13985198",-0.0094,0.0011,3.3e-18,9e-15,"smoking","F001"
"1454","cg21322436",-0.0315,0.0036,3.5e-18,9.7e-15,"smoking","F001"
"1455","cg04299274",-0.0085,0.001,3.9e-18,1e-14,"smoking","F001"
"1456","cg20897136",-0.0101,0.0012,3.9e-18,1e-14,"smoking","F001"
"1457","cg24715735",0.0065,7e-04,4e-18,1.1e-14,"smoking","F001"
"1458","cg10717312",0.0178,0.0021,4.7e-18,1.3e-14,"smoking","F001"
"1459","cg18216249",-0.0076,9e-04,5.3e-18,1.4e-14,"smoking","F001"
"1460","cg10691866",-0.0305,0.0035,5.4e-18,1.4e-14,"smoking","F001"
"1461","cg04543273",0.0065,8e-04,5.4e-18,1.4e-14,"smoking","F001"
"1462","cg26954197",0.0071,8e-04,5.6e-18,1.5e-14,"smoking","F001"
"1463","cg24323726",-0.009,0.001,5.7e-18,1.5e-14,"smoking","F001"
"1464","cg06901890",-0.0102,0.0012,6.3e-18,1.6e-14,"smoking","F001"
"1465","cg23771366",-0.0362,0.0042,7.5e-18,1.9e-14,"smoking","F001"
"1466","cg00639656",-0.0084,0.001,7.6e-18,1.9e-14,"smoking","F001"
"1467","cg18476604",-0.008,9e-04,7.8e-18,2e-14,"smoking","F001"
"1468","cg26126879",0.0103,0.0012,8e-18,2e-14,"smoking","F001"
"1469","cg14753356",-0.0378,0.0044,9.2e-18,2.3e-14,"smoking","F001"
"1470","cg17924476",0.0335,0.0039,9.3e-18,2.3e-14,"smoking","F001"
"1471","cg18451588",-0.0186,0.0022,9.3e-18,2.3e-14,"smoking","F001"
"1472","cg27514333",-0.01,0.0012,1e-17,2.5e-14,"smoking","F001"
"1473","cg02736016",0.0106,0.0012,1.1e-17,2.8e-14,"smoking","F001"
"1474","cg07941108",-0.0132,0.0015,1.2e-17,2.9e-14,"smoking","F001"
"1475","cg07057831",-0.0107,0.0013,1.2e-17,3e-14,"smoking","F001"
"1476","cg04180046",0.0351,0.0041,1.3e-17,3.1e-14,"smoking","F001"
"1477","cg07090714",-0.0185,0.0022,1.4e-17,3.4e-14,"smoking","F001"
"1478","cg15342087",-0.0306,0.0036,1.6e-17,3.9e-14,"smoking","F001"
"1479","cg20772590",-0.0082,0.001,1.6e-17,3.9e-14,"smoking","F001"
"1480","cg19935065",0.0128,0.0015,1.7e-17,4e-14,"smoking","F001"
"1481","cg15029032",0.0138,0.0016,1.9e-17,4.4e-14,"smoking","F001"
"1482","cg03059073",0.0135,0.0016,2.1e-17,4.7e-14,"smoking","F001"
"1483","cg11961495",-0.0149,0.0018,2.1e-17,4.9e-14,"smoking","F001"
"1484","cg01022370",-0.0067,8e-04,2.3e-17,5.2e-14,"smoking","F001"
"1485","cg05906166",-0.0267,0.0031,2.5e-17,5.6e-14,"smoking","F001"
"1486","cg07839313",-0.0096,0.0011,2.7e-17,6e-14,"smoking","F001"
"1487","cg23079012",-0.0223,0.0026,2.7e-17,6.1e-14,"smoking","F001"
"1488","cg09935388",-0.0832,0.0099,3.1e-17,7e-14,"smoking","F001"
"1489","cg05886626",-0.0144,0.0017,3.6e-17,7.9e-14,"smoking","F001"
"1490","cg00207731",-0.0124,0.0015,3.6e-17,7.9e-14,"smoking","F001"
"1491","cg13038618",-0.0245,0.0029,4e-17,8.9e-14,"smoking","F001"
"1492","cg00668559",-0.0103,0.0012,4.3e-17,9.4e-14,"smoking","F001"
"1493","cg13855261",-0.0084,0.001,4.3e-17,9.4e-14,"smoking","F001"
"1494","cg16254756",-0.011,0.0013,4.5e-17,9.8e-14,"smoking","F001"
"1495","cg19046189",0.0078,9e-04,4.7e-17,1e-13,"smoking","F001"
"1496","cg16786458",0.0177,0.0021,4.7e-17,1e-13,"smoking","F001"
"1497","cg08928675",-0.0153,0.0018,5.3e-17,1.1e-13,"smoking","F001"
"1498","cg17287155",-0.0268,0.0032,5.4e-17,1.1e-13,"smoking","F001"
"1499","cg04086928",-0.0082,0.001,6e-17,1.3e-13,"smoking","F001"
"1500","cg13985437",-0.0143,0.0017,6.3e-17,1.3e-13,"smoking","F001"
"1501","cg23606396",0.0107,0.0013,6.7e-17,1.4e-13,"smoking","F001"
"1502","cg04232972",-0.0153,0.0018,7e-17,1.5e-13,"smoking","F001"
"1503","cg00071265",-0.0091,0.0011,7.5e-17,1.6e-13,"smoking","F001"
"1504","cg06635952",0.0213,0.0026,7.6e-17,1.6e-13,"smoking","F001"
"1505","cg24049493",0.0464,0.0056,7.8e-17,1.6e-13,"smoking","F001"
"1506","cg05273302",-0.0135,0.0016,8.4e-17,1.7e-13,"smoking","F001"
"1507","cg26728709",0.0121,0.0015,9.4e-17,1.9e-13,"smoking","F001"
"1508","cg07069636",-0.0174,0.0021,1e-16,2e-13,"smoking","F001"
"1509","cg16178855",0.0089,0.0011,1.1e-16,2.1e-13,"smoking","F001"
"1510","cg06065019",-0.0134,0.0016,1.2e-16,2.4e-13,"smoking","F001"
"1511","cg18642234",-0.0167,0.002,1.2e-16,2.5e-13,"smoking","F001"
"1512","cg03358636",-0.0217,0.0026,1.3e-16,2.5e-13,"smoking","F001"
"1513","cg18132076",0.0092,0.0011,1.4e-16,2.7e-13,"smoking","F001"
"1514","cg23067299",0.009,0.0011,1.5e-16,3e-13,"smoking","F001"
"1515","cg15937073",0.0286,0.0035,1.6e-16,3.2e-13,"smoking","F001"
"1516","cg16526047",-0.0131,0.0016,1.7e-16,3.2e-13,"smoking","F001"
"1517","cg23685969",-0.0072,9e-04,1.9e-16,3.7e-13,"smoking","F001"
"1518","cg17024919",-0.0351,0.0043,2.1e-16,4e-13,"smoking","F001"
"1519","cg09662411",-0.0323,0.0039,2.2e-16,4.3e-13,"smoking","F001"
"1520","cg02657160",-0.0158,0.0019,2.4e-16,4.5e-13,"smoking","F001"
"1521","cg07807026",0.0067,8e-04,2.6e-16,4.8e-13,"smoking","F001"
"1522","cg07924081",0.0072,9e-04,2.6e-16,4.8e-13,"smoking","F001"
"1523","cg03991871",-0.0379,0.0046,2.6e-16,4.9e-13,"smoking","F001"
"1524","cg16924010",0.0086,0.0011,2.9e-16,5.4e-13,"smoking","F001"
"1525","cg01015663",-0.0131,0.0016,3.1e-16,5.8e-13,"smoking","F001"
"1526","cg04211179",-0.0104,0.0013,3.2e-16,5.9e-13,"smoking","F001"
"1527","cg11105358",0.0065,8e-04,3.3e-16,6.1e-13,"smoking","F001"
"1528","cg14371731",0.0291,0.0036,3.5e-16,6.5e-13,"smoking","F001"
"1529","cg17372758",-0.0098,0.0012,4e-16,7.3e-13,"smoking","F001"
"1530","cg13645530",0.0122,0.0015,4e-16,7.3e-13,"smoking","F001"
"1531","cg07626482",-0.0129,0.0016,4.1e-16,7.4e-13,"smoking","F001"
"1532","cg26878655",-0.0129,0.0016,4.2e-16,7.7e-13,"smoking","F001"
"1533","cg13184736",-0.0424,0.0052,4.3e-16,7.7e-13,"smoking","F001"
"1534","cg10850792",0.0097,0.0012,4.4e-16,7.9e-13,"smoking","F001"
"1535","cg25305703",-0.035,0.0043,5.9e-16,1.1e-12,"smoking","F001"
"1536","cg09540102",-0.0158,0.002,6.5e-16,1.2e-12,"smoking","F001"
"1537","cg12800803",-0.0072,9e-04,6.7e-16,1.2e-12,"smoking","F001"
"1538","cg17098103",0.0082,0.001,7.2e-16,1.3e-12,"smoking","F001"
"1539","cg01692968",-0.033,0.0041,7.4e-16,1.3e-12,"smoking","F001"
"1540","cg06477444",-0.0044,5e-04,7.5e-16,1.3e-12,"smoking","F001"
"1541","cg23127986",0.0063,8e-04,7.7e-16,1.3e-12,"smoking","F001"
"1542","cg15339249",0.0069,9e-04,8e-16,1.4e-12,"smoking","F001"
"1543","cg16357921",0.0061,8e-04,8.1e-16,1.4e-12,"smoking","F001"
"1544","cg05055821",0.006,8e-04,8.8e-16,1.5e-12,"smoking","F001"
"1545","cg24807889",-0.0094,0.0012,8.8e-16,1.5e-12,"smoking","F001"
"1546","cg19804488",-0.0094,0.0012,8.8e-16,1.5e-12,"smoking","F001"
"1547","cg00871371",-0.0095,0.0012,8.8e-16,1.5e-12,"smoking","F001"
"1548","cg07177756",-0.0167,0.0021,9.5e-16,1.6e-12,"smoking","F001"
"1549","cg00442389",-0.0098,0.0012,9.6e-16,1.6e-12,"smoking","F001"
"1550","cg01731783",-0.0144,0.0018,1.1e-15,1.8e-12,"smoking","F001"
"1551","cg14580211",-0.0333,0.0042,1.1e-15,1.8e-12,"smoking","F001"
"1552","cg06096336",-0.0177,0.0022,1.1e-15,1.8e-12,"smoking","F001"
"1553","cg01899089",-0.0316,0.0039,1.1e-15,1.8e-12,"smoking","F001"
"1554","cg25955180",0.0101,0.0013,1.1e-15,1.8e-12,"smoking","F001"
"1555","cg01993576",-0.0078,0.001,1.1e-15,1.9e-12,"smoking","F001"
"1556","cg26599989",0.0125,0.0016,1.2e-15,1.9e-12,"smoking","F001"
"1557","cg06537333",0.005,6e-04,1.3e-15,2e-12,"smoking","F001"
"1558","cg22871253",-0.0109,0.0014,1.3e-15,2.1e-12,"smoking","F001"
"1559","cg11323506",0.0084,0.0011,1.3e-15,2.1e-12,"smoking","F001"
"1560","cg13039251",0.0304,0.0038,1.4e-15,2.2e-12,"smoking","F001"
"1561","cg01293143",-0.0081,0.001,1.4e-15,2.3e-12,"smoking","F001"
"1562","cg12876356",-0.0573,0.0072,1.5e-15,2.4e-12,"smoking","F001"
"1563","cg19089201",0.0312,0.0039,1.6e-15,2.5e-12,"smoking","F001"
"1564","cg23061027",0.0114,0.0014,1.8e-15,2.8e-12,"smoking","F001"
"1565","cg12979844",0.0123,0.0015,1.9e-15,3e-12,"smoking","F001"
"1566","cg10580293",-0.0132,0.0017,2.1e-15,3.3e-12,"smoking","F001"
"1567","cg03274391",0.0727,0.0092,2.2e-15,3.5e-12,"smoking","F001"
"1568","cg18704527",0.0145,0.0018,2.4e-15,3.7e-12,"smoking","F001"
"1569","cg21393163",-0.0136,0.0017,2.4e-15,3.8e-12,"smoking","F001"
"1570","cg00501876",-0.0222,0.0028,2.5e-15,3.9e-12,"smoking","F001"
"1571","cg10858945",0.0077,0.001,2.5e-15,3.9e-12,"smoking","F001"
"1572","cg01744331",-0.0135,0.0017,2.6e-15,4e-12,"smoking","F001"
"1573","cg02186444",0.0151,0.0019,2.6e-15,4.1e-12,"smoking","F001"
"1574","cg00230183",0.0088,0.0011,2.7e-15,4.1e-12,"smoking","F001"
"1575","cg13399816",-0.0213,0.0027,2.8e-15,4.3e-12,"smoking","F001"
"1576","cg26669717",-0.012,0.0015,3e-15,4.6e-12,"smoking","F001"
"1577","cg11624345",-0.0109,0.0014,3.1e-15,4.6e-12,"smoking","F001"
"1578","cg11198596",-0.0137,0.0017,3.1e-15,4.7e-12,"smoking","F001"
"1579","cg11066209",-0.0054,7e-04,3.2e-15,4.8e-12,"smoking","F001"
"1580","cg14841514",-0.0055,7e-04,3.7e-15,5.5e-12,"smoking","F001"
"1581","cg26510500",-0.0025,3e-04,3.7e-15,5.5e-12,"smoking","F001"
"1582","cg07465627",-0.0136,0.0017,3.8e-15,5.6e-12,"smoking","F001"
"1583","cg19375644",0.0069,9e-04,4e-15,6e-12,"smoking","F001"
"1584","cg13543915",-0.0132,0.0017,4.1e-15,6e-12,"smoking","F001"
"1585","cg01268763",-0.0144,0.0018,4.1e-15,6e-12,"smoking","F001"
"1586","cg08058672",-0.0037,5e-04,4.2e-15,6.2e-12,"smoking","F001"
"1587","cg02431562",-0.0064,8e-04,4.5e-15,6.5e-12,"smoking","F001"
"1588","cg26950531",0.0187,0.0024,4.6e-15,6.7e-12,"smoking","F001"
"1589","cg18146737",-0.0519,0.0066,4.8e-15,6.9e-12,"smoking","F001"
"1590","cg18780100",0.0095,0.0012,5.3e-15,7.6e-12,"smoking","F001"
"1591","cg07660627",0.0136,0.0017,5.4e-15,7.8e-12,"smoking","F001"
"1592","cg20295214",-0.0178,0.0023,5.5e-15,7.9e-12,"smoking","F001"
"1593","cg05339037",-0.0143,0.0018,6.1e-15,8.7e-12,"smoking","F001"
"1594","cg23219570",0.013,0.0017,6.3e-15,8.9e-12,"smoking","F001"
"1595","cg09099830",-0.0224,0.0029,6.4e-15,9.1e-12,"smoking","F001"
"1596","cg13185177",0.0233,0.003,6.5e-15,9.1e-12,"smoking","F001"
"1597","cg07413467",0.0127,0.0016,6.9e-15,9.7e-12,"smoking","F001"
"1598","cg09636313",0.0158,0.002,6.9e-15,9.7e-12,"smoking","F001"
"1599","cg14120703",-0.0098,0.0013,7e-15,9.8e-12,"smoking","F001"
"1600","cg20141108",0.0094,0.0012,7.3e-15,1e-11,"smoking","F001"
"1601","cg07992484",-0.0112,0.0014,7.4e-15,1e-11,"smoking","F001"
"1602","cg04944536",0.0101,0.0013,7.4e-15,1e-11,"smoking","F001"
"1603","cg26242531",0.0163,0.0021,7.8e-15,1.1e-11,"smoking","F001"
"1604","cg03292675",-0.0162,0.0021,7.8e-15,1.1e-11,"smoking","F001"
"1605","cg17359265",-0.0063,8e-04,8.9e-15,1.2e-11,"smoking","F001"
"1606","cg14712058",-0.0138,0.0018,9.1e-15,1.2e-11,"smoking","F001"
"1607","cg03785755",-0.014,0.0018,9.4e-15,1.3e-11,"smoking","F001"
"1608","cg01002722",0.0064,8e-04,9.8e-15,1.3e-11,"smoking","F001"
"1609","cg03082813",-0.0044,6e-04,1e-14,1.4e-11,"smoking","F001"
"1610","cg07456681",0.009,0.0012,1.1e-14,1.4e-11,"smoking","F001"
"1611","cg26574777",0.0076,0.001,1.1e-14,1.5e-11,"smoking","F001"
"1612","cg09166091",0.0104,0.0014,1.2e-14,1.6e-11,"smoking","F001"
"1613","cg00468395",-0.0066,9e-04,1.2e-14,1.6e-11,"smoking","F001"
"1614","cg07362537",-0.0114,0.0015,1.2e-14,1.6e-11,"smoking","F001"
"1615","cg21552014",0.0082,0.0011,1.3e-14,1.7e-11,"smoking","F001"
"1616","cg07063068",-0.0085,0.0011,1.3e-14,1.7e-11,"smoking","F001"
"1617","cg25096368",-0.0073,9e-04,1.3e-14,1.7e-11,"smoking","F001"
"1618","cg21747070",-0.0188,0.0024,1.3e-14,1.8e-11,"smoking","F001"
"1619","cg13897348",-0.0098,0.0013,1.4e-14,1.8e-11,"smoking","F001"
"1620","cg20345915",-0.0076,0.001,1.4e-14,1.8e-11,"smoking","F001"
"1621","cg18091264",-0.0106,0.0014,1.4e-14,1.8e-11,"smoking","F001"
"1622","cg15892280",-0.0079,0.001,1.4e-14,1.8e-11,"smoking","F001"
"1623","cg12765567",-0.0064,8e-04,1.4e-14,1.8e-11,"smoking","F001"
"1624","cg09256832",0.0079,0.001,1.4e-14,1.9e-11,"smoking","F001"
"1625","cg23878241",-0.0068,9e-04,1.5e-14,1.9e-11,"smoking","F001"
"1626","cg22158051",0.0062,8e-04,1.5e-14,2e-11,"smoking","F001"
"1627","cg10190813",-0.0115,0.0015,1.6e-14,2e-11,"smoking","F001"
"1628","cg06868100",-0.0232,0.003,1.7e-14,2.2e-11,"smoking","F001"
"1629","cg17084044",-0.0101,0.0013,1.7e-14,2.2e-11,"smoking","F001"
"1630","cg03450842",-0.0259,0.0034,1.9e-14,2.4e-11,"smoking","F001"
"1631","cg27067781",0.0101,0.0013,2e-14,2.5e-11,"smoking","F001"
"1632","cg25648203",-0.0387,0.0051,2.1e-14,2.7e-11,"smoking","F001"
"1633","cg04885881",-0.0424,0.0056,2.2e-14,2.7e-11,"smoking","F001"
"1634","cg22027435",0.008,0.001,2.2e-14,2.7e-11,"smoking","F001"
"1635","cg16391678",-0.0136,0.0018,2.4e-14,3e-11,"smoking","F001"
"1636","cg13828047",-0.0065,9e-04,2.5e-14,3.1e-11,"smoking","F001"
"1637","cg21698310",-0.0082,0.0011,2.5e-14,3.1e-11,"smoking","F001"
"1638","cg03489965",0.0246,0.0032,2.6e-14,3.2e-11,"smoking","F001"
"1639","cg06759309",0.0063,8e-04,2.6e-14,3.3e-11,"smoking","F001"
"1640","cg20069688",-0.007,9e-04,2.8e-14,3.5e-11,"smoking","F001"
"1641","cg01839993",-0.0169,0.0022,2.9e-14,3.6e-11,"smoking","F001"
"1642","cg08266095",-0.0235,0.0031,3e-14,3.7e-11,"smoking","F001"
"1643","cg17690322",-0.0079,0.001,3.1e-14,3.7e-11,"smoking","F001"
"1644","cg02512902",-0.0095,0.0013,3.3e-14,4e-11,"smoking","F001"
"1645","cg01435643",0.0217,0.0029,3.3e-14,4e-11,"smoking","F001"
"1646","cg00295485",-0.0238,0.0031,3.4e-14,4.1e-11,"smoking","F001"
"1647","cg00169122",0.0092,0.0012,3.5e-14,4.2e-11,"smoking","F001"
"1648","cg00010445",0.0062,8e-04,3.7e-14,4.5e-11,"smoking","F001"
"1649","cg04806562",0.008,0.0011,3.8e-14,4.5e-11,"smoking","F001"
"1650","cg10841124",0.0117,0.0016,3.8e-14,4.5e-11,"smoking","F001"
"1651","cg04530628",0.0054,7e-04,3.9e-14,4.6e-11,"smoking","F001"
"1652","cg13867915",0.0038,5e-04,3.9e-14,4.6e-11,"smoking","F001"
"1653","cg05379350",-0.0066,9e-04,4e-14,4.7e-11,"smoking","F001"
"1654","cg02068690",0.0068,9e-04,4.1e-14,4.8e-11,"smoking","F001"
"1655","cg14034325",-0.0167,0.0022,4.3e-14,5e-11,"smoking","F001"
"1656","cg16519923",-0.0159,0.0021,4.4e-14,5.2e-11,"smoking","F001"
"1657","cg11429111",0.0134,0.0018,4.7e-14,5.5e-11,"smoking","F001"
"1658","cg26707709",0.0284,0.0038,5e-14,5.7e-11,"smoking","F001"
"1659","cg12158535",0.006,8e-04,5e-14,5.8e-11,"smoking","F001"
"1660","cg07112604",-0.0079,0.001,5e-14,5.8e-11,"smoking","F001"
"1661","cg08164233",-0.0091,0.0012,5e-14,5.8e-11,"smoking","F001"
"1662","cg04539476",0.0068,9e-04,5.2e-14,5.9e-11,"smoking","F001"
"1663","cg18316974",-0.0374,0.005,5.2e-14,6e-11,"smoking","F001"
"1664","cg04077141",-0.005,7e-04,5.3e-14,6e-11,"smoking","F001"
"1665","cg02338271",-0.0061,8e-04,5.3e-14,6e-11,"smoking","F001"
"1666","cg17232357",-0.0113,0.0015,5.5e-14,6.2e-11,"smoking","F001"
"1667","cg21570209",-0.0207,0.0027,5.6e-14,6.4e-11,"smoking","F001"
"1668","cg15600935",0.0033,4e-04,5.7e-14,6.5e-11,"smoking","F001"
"1669","cg13389508",-0.0081,0.0011,5.8e-14,6.5e-11,"smoking","F001"
"1670","cg05204104",0.0154,0.0021,5.9e-14,6.6e-11,"smoking","F001"
"1671","cg00383167",-0.0083,0.0011,6.3e-14,7.1e-11,"smoking","F001"
"1672","cg05877788",-0.0088,0.0012,6.3e-14,7.1e-11,"smoking","F001"
"1673","cg16516405",0.0088,0.0012,6.5e-14,7.3e-11,"smoking","F001"
"1674","cg00378510",-0.031,0.0041,6.6e-14,7.3e-11,"smoking","F001"
"1675","cg08176694",0.0071,0.001,6.6e-14,7.4e-11,"smoking","F001"
"1676","cg16290996",-0.0198,0.0026,6.7e-14,7.4e-11,"smoking","F001"
"1677","cg19872095",-0.0078,0.001,6.7e-14,7.4e-11,"smoking","F001"
"1678","cg18383890",-0.01,0.0013,6.7e-14,7.4e-11,"smoking","F001"
"1679","cg27102350",0.0058,8e-04,6.9e-14,7.5e-11,"smoking","F001"
"1680","cg09869729",0.0049,7e-04,6.9e-14,7.5e-11,"smoking","F001"
"1681","cg24540678",-0.0128,0.0017,7e-14,7.7e-11,"smoking","F001"
"1682","cg14757228",0.0102,0.0014,7.4e-14,8.1e-11,"smoking","F001"
"1683","cg10202727",-0.0067,9e-04,7.4e-14,8.1e-11,"smoking","F001"
"1684","cg22905866",-0.0122,0.0016,7.6e-14,8.3e-11,"smoking","F001"
"1685","cg24808105",-0.0085,0.0011,7.8e-14,8.4e-11,"smoking","F001"
"1686","cg13561409",0.0114,0.0015,7.8e-14,8.4e-11,"smoking","F001"
"1687","cg08097614",-0.0079,0.0011,8.4e-14,9e-11,"smoking","F001"
"1688","cg19211853",-0.0177,0.0024,8.6e-14,9.2e-11,"smoking","F001"
"1689","cg25503804",-0.0103,0.0014,8.7e-14,9.3e-11,"smoking","F001"
"1690","cg17390562",-0.0068,9e-04,8.8e-14,9.3e-11,"smoking","F001"
"1691","cg13424029",-0.0107,0.0014,9.3e-14,9.9e-11,"smoking","F001"
"1692","cg12616487",-0.0106,0.0014,9.5e-14,1e-10,"smoking","F001"
"1693","cg00214171",-0.0093,0.0012,9.6e-14,1e-10,"smoking","F001"
"1694","cg13668129",-0.0068,9e-04,9.9e-14,1e-10,"smoking","F001"
"1695","cg13003054",-0.0061,8e-04,1e-13,1e-10,"smoking","F001"
"1696","cg08365738",0.0072,0.001,1e-13,1.1e-10,"smoking","F001"
"1697","cg23320649",-0.0061,8e-04,1.1e-13,1.1e-10,"smoking","F001"
"1698","cg09022230",-0.0222,0.003,1.1e-13,1.2e-10,"smoking","F001"
"1699","cg14024579",-0.0109,0.0015,1.1e-13,1.2e-10,"smoking","F001"
"1700","cg11701312",-0.0121,0.0016,1.2e-13,1.2e-10,"smoking","F001"
"1701","cg02611085",0.0049,7e-04,1.2e-13,1.2e-10,"smoking","F001"
"1702","cg04361126",0.006,8e-04,1.3e-13,1.3e-10,"smoking","F001"
"1703","cg14535274",0.0069,9e-04,1.3e-13,1.3e-10,"smoking","F001"
"1704","cg03721291",0.0057,8e-04,1.3e-13,1.3e-10,"smoking","F001"
"1705","cg02162324",0.0061,8e-04,1.3e-13,1.3e-10,"smoking","F001"
"1706","cg05957567",0.011,0.0015,1.3e-13,1.3e-10,"smoking","F001"
"1707","cg01956154",-0.0061,8e-04,1.3e-13,1.4e-10,"smoking","F001"
"1708","cg09975715",0.0063,8e-04,1.4e-13,1.4e-10,"smoking","F001"
"1709","cg10317175",-0.011,0.0015,1.5e-13,1.5e-10,"smoking","F001"
"1710","cg06814287",-0.0073,0.001,1.6e-13,1.6e-10,"smoking","F001"
"1711","cg17139085",-0.0185,0.0025,1.6e-13,1.6e-10,"smoking","F001"
"1712","cg09121543",-0.0076,0.001,1.6e-13,1.6e-10,"smoking","F001"
"1713","cg03554335",0.0103,0.0014,1.6e-13,1.6e-10,"smoking","F001"
"1714","cg04468081",-0.0116,0.0016,1.6e-13,1.6e-10,"smoking","F001"
"1715","cg21307484",-0.0102,0.0014,1.6e-13,1.6e-10,"smoking","F001"
"1716","cg03912703",-0.0126,0.0017,1.7e-13,1.6e-10,"smoking","F001"
"1717","cg20496314",-0.0097,0.0013,1.7e-13,1.6e-10,"smoking","F001"
"1718","cg23140706",-0.0056,8e-04,1.7e-13,1.7e-10,"smoking","F001"
"1719","cg03689048",-0.0043,6e-04,1.8e-13,1.8e-10,"smoking","F001"
"1720","cg01901332",-0.0299,0.0041,1.8e-13,1.8e-10,"smoking","F001"
"1721","cg19696491",0.0196,0.0027,1.9e-13,1.8e-10,"smoking","F001"
"1722","cg06644428",-0.04,0.0054,1.9e-13,1.8e-10,"smoking","F001"
"1723","cg03963219",0.0079,0.0011,1.9e-13,1.8e-10,"smoking","F001"
"1724","cg23842572",0.0156,0.0021,1.9e-13,1.8e-10,"smoking","F001"
"1725","cg15187398",-0.0286,0.0039,1.9e-13,1.9e-10,"smoking","F001"
"1726","cg07094298",-0.0245,0.0033,1.9e-13,1.9e-10,"smoking","F001"
"1727","cg15985905",0.0077,0.001,1.9e-13,1.9e-10,"smoking","F001"
"1728","cg11801110",-0.0093,0.0013,1.9e-13,1.9e-10,"smoking","F001"
"1729","cg10678215",0.0137,0.0019,1.9e-13,1.9e-10,"smoking","F001"
"1730","cg01294327",-0.0404,0.0055,2e-13,1.9e-10,"smoking","F001"
"1731","cg26077811",-0.0081,0.0011,2e-13,1.9e-10,"smoking","F001"
"1732","cg24939196",0.0097,0.0013,2e-13,1.9e-10,"smoking","F001"
"1733","cg19344626",-0.0219,0.003,2.1e-13,2e-10,"smoking","F001"
"1734","cg13087259",-0.0102,0.0014,2.2e-13,2.1e-10,"smoking","F001"
"1735","cg10894991",-0.0062,8e-04,2.3e-13,2.2e-10,"smoking","F001"
"1736","cg13832201",-0.0155,0.0021,2.3e-13,2.2e-10,"smoking","F001"
"1737","cg10788371",-0.0188,0.0026,2.4e-13,2.2e-10,"smoking","F001"
"1738","cg21329975",0.0055,8e-04,2.4e-13,2.2e-10,"smoking","F001"
"1739","cg13809441",0.0114,0.0016,2.4e-13,2.3e-10,"smoking","F001"
"1740","cg15428620",-0.0076,0.001,2.4e-13,2.3e-10,"smoking","F001"
"1741","cg06819357",0.0156,0.0021,2.6e-13,2.4e-10,"smoking","F001"
"1742","cg06193043",0.0168,0.0023,2.6e-13,2.4e-10,"smoking","F001"
"1743","cg02442900",0.0091,0.0012,2.7e-13,2.5e-10,"smoking","F001"
"1744","cg23975840",0.011,0.0015,2.9e-13,2.7e-10,"smoking","F001"
"1745","cg11714502",-0.0085,0.0012,2.9e-13,2.7e-10,"smoking","F001"
"1746","cg21187770",-0.0091,0.0012,2.9e-13,2.7e-10,"smoking","F001"
"1747","cg27241845",-0.0378,0.0052,3e-13,2.7e-10,"smoking","F001"
"1748","cg11962640",-0.005,7e-04,3e-13,2.8e-10,"smoking","F001"
"1749","cg11769400",0.0046,6e-04,3.1e-13,2.9e-10,"smoking","F001"
"1750","cg14435720",-0.0074,0.001,3.5e-13,3.1e-10,"smoking","F001"
"1751","cg10619342",0.0223,0.0031,3.5e-13,3.2e-10,"smoking","F001"
"1752","cg24996979",-0.0145,0.002,3.6e-13,3.2e-10,"smoking","F001"
"1753","cg19744173",0.0123,0.0017,3.7e-13,3.3e-10,"smoking","F001"
"1754","cg05824218",0.0122,0.0017,3.8e-13,3.4e-10,"smoking","F001"
"1755","cg23594345",-0.0362,0.005,3.8e-13,3.4e-10,"smoking","F001"
"1756","cg11557553",0.0096,0.0013,3.9e-13,3.4e-10,"smoking","F001"
"1757","cg20152539",-0.0145,0.002,4.1e-13,3.6e-10,"smoking","F001"
"1758","cg06972908",-0.0121,0.0017,4.2e-13,3.7e-10,"smoking","F001"
"1759","cg13424229",0.0075,0.001,4.2e-13,3.7e-10,"smoking","F001"
"1760","cg07257768",-0.0089,0.0012,4.3e-13,3.8e-10,"smoking","F001"
"1761","cg18559579",0.0121,0.0017,4.3e-13,3.8e-10,"smoking","F001"
"1762","cg25422678",0.0095,0.0013,4.3e-13,3.8e-10,"smoking","F001"
"1763","cg06367459",-0.0057,8e-04,4.4e-13,3.8e-10,"smoking","F001"
"1764","cg21316772",-0.0048,7e-04,4.4e-13,3.9e-10,"smoking","F001"
"1765","cg14567085",0.0051,7e-04,4.4e-13,3.9e-10,"smoking","F001"
"1766","cg06575692",0.0132,0.0018,4.5e-13,3.9e-10,"smoking","F001"
"1767","cg23058194",0.0123,0.0017,4.5e-13,3.9e-10,"smoking","F001"
"1768","cg01138448",-0.017,0.0023,4.6e-13,4e-10,"smoking","F001"
"1769","cg04268813",0.0073,0.001,4.7e-13,4.1e-10,"smoking","F001"
"1770","cg15172739",-0.0093,0.0013,4.8e-13,4.1e-10,"smoking","F001"
"1771","cg14818621",0.0069,9e-04,4.8e-13,4.2e-10,"smoking","F001"
"1772","cg02725398",-0.018,0.0025,4.9e-13,4.3e-10,"smoking","F001"
"1773","cg03222009",-0.0174,0.0024,5.1e-13,4.4e-10,"smoking","F001"
"1774","cg02532700",-0.0238,0.0033,5.2e-13,4.4e-10,"smoking","F001"
"1775","cg24212377",0.0062,9e-04,5.2e-13,4.5e-10,"smoking","F001"
"1776","cg02732508",-0.0089,0.0012,5.3e-13,4.5e-10,"smoking","F001"
"1777","cg25748521",-0.0083,0.0011,5.3e-13,4.5e-10,"smoking","F001"
"1778","cg09247392",-0.0052,7e-04,5.5e-13,4.7e-10,"smoking","F001"
"1779","cg22642495",-0.0072,0.001,5.6e-13,4.8e-10,"smoking","F001"
"1780","cg20751345",0.0101,0.0014,5.7e-13,4.8e-10,"smoking","F001"
"1781","cg26055950",-0.0137,0.0019,5.7e-13,4.8e-10,"smoking","F001"
"1782","cg07469402",0.0105,0.0015,5.7e-13,4.8e-10,"smoking","F001"
"1783","cg15955046",-0.0084,0.0012,5.9e-13,4.9e-10,"smoking","F001"
"1784","cg03935116",-0.0099,0.0014,6e-13,5e-10,"smoking","F001"
"1785","cg25349939",0.0111,0.0015,6e-13,5.1e-10,"smoking","F001"
"1786","cg25198941",0.0069,0.001,6e-13,5.1e-10,"smoking","F001"
"1787","cg20244340",-0.0264,0.0037,6.2e-13,5.2e-10,"smoking","F001"
"1788","cg22789605",-0.0051,7e-04,6.3e-13,5.3e-10,"smoking","F001"
"1789","cg18758622",0.0091,0.0013,6.6e-13,5.5e-10,"smoking","F001"
"1790","cg08170227",-0.0154,0.0021,6.6e-13,5.5e-10,"smoking","F001"
"1791","cg23677833",-0.0074,0.001,6.7e-13,5.5e-10,"smoking","F001"
"1792","cg15417641",0.038,0.0053,6.9e-13,5.7e-10,"smoking","F001"
"1793","cg21869609",-0.0404,0.0056,7.2e-13,5.9e-10,"smoking","F001"
"1794","cg07040244",-0.012,0.0017,7.5e-13,6.2e-10,"smoking","F001"
"1795","cg15417798",0.006,8e-04,7.8e-13,6.4e-10,"smoking","F001"
"1796","cg14165660",0.0099,0.0014,7.8e-13,6.4e-10,"smoking","F001"
"1797","cg18422587",0.0126,0.0018,8.1e-13,6.5e-10,"smoking","F001"
"1798","cg12836643",0.0071,0.001,8.1e-13,6.5e-10,"smoking","F001"
"1799","cg18625627",0.0197,0.0028,8.2e-13,6.7e-10,"smoking","F001"
"1800","cg13518625",-0.0121,0.0017,8.3e-13,6.7e-10,"smoking","F001"
"1801","cg04225775",0.0082,0.0011,8.4e-13,6.8e-10,"smoking","F001"
"1802","cg09445967",0.0052,7e-04,8.6e-13,7e-10,"smoking","F001"
"1803","cg22235877",-0.0068,9e-04,8.7e-13,7e-10,"smoking","F001"
"1804","cg03014634",-0.0066,9e-04,8.7e-13,7e-10,"smoking","F001"
"1805","cg08384239",0.0131,0.0018,8.7e-13,7e-10,"smoking","F001"
"1806","cg22563815",0.0139,0.0019,8.8e-13,7.1e-10,"smoking","F001"
"1807","cg05302489",0.0158,0.0022,8.9e-13,7.1e-10,"smoking","F001"
"1808","cg24710503",0.0051,7e-04,9e-13,7.2e-10,"smoking","F001"
"1809","cg12486287",0.0067,9e-04,9.2e-13,7.4e-10,"smoking","F001"
"1810","cg08233235",-0.0136,0.0019,9.4e-13,7.5e-10,"smoking","F001"
"1811","cg06434490",-0.0089,0.0013,9.6e-13,7.6e-10,"smoking","F001"
"1812","cg04716447",0.0048,7e-04,9.7e-13,7.7e-10,"smoking","F001"
"1813","cg06513247",-0.0104,0.0015,9.8e-13,7.7e-10,"smoking","F001"
"1814","cg02167201",-0.0058,8e-04,1e-12,8.1e-10,"smoking","F001"
"1815","cg01766850",0.0128,0.0018,1e-12,8.2e-10,"smoking","F001"
"1816","cg16201146",-0.0165,0.0023,1.1e-12,8.4e-10,"smoking","F001"
"1817","cg18446336",-0.0334,0.0047,1.1e-12,8.7e-10,"smoking","F001"
"1818","cg00178850",-0.0112,0.0016,1.2e-12,9.4e-10,"smoking","F001"
"1819","cg16503724",0.0162,0.0023,1.2e-12,9.4e-10,"smoking","F001"
"1820","cg07826859",-0.0218,0.0031,1.3e-12,9.8e-10,"smoking","F001"
"1821","cg01554474",-0.0162,0.0023,1.3e-12,1e-09,"smoking","F001"
"1822","cg22635676",0.0546,0.0077,1.3e-12,1e-09,"smoking","F001"
"1823","cg07441944",-0.0064,9e-04,1.4e-12,1.1e-09,"smoking","F001"
"1824","cg14365070",-0.0067,9e-04,1.4e-12,1.1e-09,"smoking","F001"
"1825","cg21920570",0.0061,9e-04,1.4e-12,1.1e-09,"smoking","F001"
"1826","cg11496569",-0.0089,0.0013,1.4e-12,1.1e-09,"smoking","F001"
"1827","cg16696002",0.007,0.001,1.5e-12,1.1e-09,"smoking","F001"
"1828","cg13443605",-0.0124,0.0017,1.5e-12,1.1e-09,"smoking","F001"
"1829","cg19254163",-0.021,0.003,1.5e-12,1.1e-09,"smoking","F001"
"1830","cg19942495",0.0061,9e-04,1.5e-12,1.1e-09,"smoking","F001"
"1831","cg26718213",0.0382,0.0054,1.5e-12,1.2e-09,"smoking","F001"
"1832","cg09069072",-0.0309,0.0044,1.5e-12,1.2e-09,"smoking","F001"
"1833","cg07572233",0.0087,0.0012,1.6e-12,1.2e-09,"smoking","F001"
"1834","cg05987787",0.0053,7e-04,1.6e-12,1.2e-09,"smoking","F001"
"1835","cg13487127",0.0104,0.0015,1.6e-12,1.2e-09,"smoking","F001"
"1836","cg00485194",-0.0091,0.0013,1.6e-12,1.2e-09,"smoking","F001"
"1837","cg21399057",-0.0048,7e-04,1.7e-12,1.3e-09,"smoking","F001"
"1838","cg15084803",0.017,0.0024,1.7e-12,1.3e-09,"smoking","F001"
"1839","cg24838345",-0.0189,0.0027,1.7e-12,1.3e-09,"smoking","F001"
"1840","cg11405655",-0.014,0.002,1.7e-12,1.3e-09,"smoking","F001"
"1841","cg06338710",-0.0249,0.0035,1.7e-12,1.3e-09,"smoking","F001"
"1842","cg04189320",-0.0074,0.001,1.7e-12,1.3e-09,"smoking","F001"
"1843","cg03333699",-0.0076,0.0011,1.7e-12,1.3e-09,"smoking","F001"
"1844","cg03190891",0.0114,0.0016,1.8e-12,1.4e-09,"smoking","F001"
"1845","cg15130459",-0.0156,0.0022,1.8e-12,1.4e-09,"smoking","F001"
"1846","cg01208318",-0.0386,0.0055,1.8e-12,1.4e-09,"smoking","F001"
"1847","cg02228160",0.0145,0.0021,1.9e-12,1.4e-09,"smoking","F001"
"1848","cg21201657",-0.0091,0.0013,1.9e-12,1.4e-09,"smoking","F001"
"1849","cg19940644",-0.0254,0.0036,2e-12,1.4e-09,"smoking","F001"
"1850","cg18956562",0.013,0.0019,2e-12,1.4e-09,"smoking","F001"
"1851","cg04263702",-0.0178,0.0025,2e-12,1.4e-09,"smoking","F001"
"1852","cg23480021",0.0669,0.0095,2e-12,1.5e-09,"smoking","F001"
"1853","cg06896207",-0.0108,0.0015,2e-12,1.5e-09,"smoking","F001"
"1854","cg02639359",-0.0134,0.0019,2.1e-12,1.5e-09,"smoking","F001"
"1855","cg00063111",-0.0098,0.0014,2.1e-12,1.6e-09,"smoking","F001"
"1856","cg02405476",-0.0083,0.0012,2.1e-12,1.6e-09,"smoking","F001"
"1857","cg05438727",0.0053,8e-04,2.1e-12,1.6e-09,"smoking","F001"
"1858","cg01150799",0.0083,0.0012,2.2e-12,1.6e-09,"smoking","F001"
"1859","cg11073255",-0.0063,9e-04,2.2e-12,1.6e-09,"smoking","F001"
"1860","cg16622652",-0.0103,0.0015,2.2e-12,1.6e-09,"smoking","F001"
"1861","cg16255816",-0.0154,0.0022,2.2e-12,1.6e-09,"smoking","F001"
"1862","cg19589396",-0.0223,0.0032,2.4e-12,1.7e-09,"smoking","F001"
"1863","cg13876650",-0.0068,0.001,2.4e-12,1.7e-09,"smoking","F001"
"1864","cg02402946",0.0108,0.0015,2.4e-12,1.7e-09,"smoking","F001"
"1865","cg23621097",0.0153,0.0022,2.4e-12,1.7e-09,"smoking","F001"
"1866","cg25618424",-0.0103,0.0015,2.5e-12,1.8e-09,"smoking","F001"
"1867","cg22761205",0.0087,0.0012,2.5e-12,1.8e-09,"smoking","F001"
"1868","cg21356710",0.0181,0.0026,2.5e-12,1.8e-09,"smoking","F001"
"1869","cg17985311",-0.0096,0.0014,2.5e-12,1.8e-09,"smoking","F001"
"1870","cg19719391",0.0171,0.0024,2.6e-12,1.8e-09,"smoking","F001"
"1871","cg20912205",-0.0077,0.0011,2.6e-12,1.8e-09,"smoking","F001"
"1872","cg19635644",-0.0062,9e-04,2.7e-12,1.9e-09,"smoking","F001"
"1873","cg14258501",0.0078,0.0011,2.8e-12,1.9e-09,"smoking","F001"
"1874","cg13689560",-0.0079,0.0011,2.8e-12,2e-09,"smoking","F001"
"1875","cg08006956",-0.0097,0.0014,2.8e-12,2e-09,"smoking","F001"
"1876","cg03812323",0.0087,0.0012,2.8e-12,2e-09,"smoking","F001"
"1877","cg08149865",-0.0152,0.0022,2.8e-12,2e-09,"smoking","F001"
"1878","cg06096184",-0.014,0.002,2.8e-12,2e-09,"smoking","F001"
"1879","cg20513976",0.0089,0.0013,2.9e-12,2e-09,"smoking","F001"
"1880","cg22792367",-0.0081,0.0012,2.9e-12,2e-09,"smoking","F001"
"1881","cg20124610",-0.0147,0.0021,2.9e-12,2e-09,"smoking","F001"
"1882","cg04136748",0.0054,8e-04,2.9e-12,2e-09,"smoking","F001"
"1883","cg15474579",-0.0207,0.003,3e-12,2.1e-09,"smoking","F001"
"1884","cg23205886",-0.0134,0.0019,3e-12,2.1e-09,"smoking","F001"
"1885","cg11314684",-0.0167,0.0024,3e-12,2.1e-09,"smoking","F001"
"1886","cg23126342",0.0267,0.0038,3.1e-12,2.1e-09,"smoking","F001"
"1887","cg00073460",-0.017,0.0024,3.1e-12,2.1e-09,"smoking","F001"
"1888","cg00771722",0.0065,9e-04,3.1e-12,2.1e-09,"smoking","F001"
"1889","cg05969150",0.0114,0.0016,3.1e-12,2.1e-09,"smoking","F001"
"1890","cg16163543",0.0079,0.0011,3.1e-12,2.2e-09,"smoking","F001"
"1891","cg04352288",-0.006,9e-04,3.2e-12,2.2e-09,"smoking","F001"
"1892","cg00462971",0.0172,0.0025,3.2e-12,2.2e-09,"smoking","F001"
"1893","cg19554457",-0.0141,0.002,3.3e-12,2.2e-09,"smoking","F001"
"1894","cg24859433",-0.031,0.0045,3.3e-12,2.2e-09,"smoking","F001"
"1895","cg20722088",-0.0069,0.001,3.3e-12,2.3e-09,"smoking","F001"
"1896","cg06382664",-0.0071,0.001,3.4e-12,2.3e-09,"smoking","F001"
"1897","cg11682350",-0.0032,5e-04,3.4e-12,2.3e-09,"smoking","F001"
"1898","cg26105278",-0.0077,0.0011,3.4e-12,2.3e-09,"smoking","F001"
"1899","cg23716141",-0.0109,0.0016,3.4e-12,2.3e-09,"smoking","F001"
"1900","cg18621256",-0.007,0.001,3.5e-12,2.4e-09,"smoking","F001"
"1901","cg06439941",0.0086,0.0012,3.5e-12,2.4e-09,"smoking","F001"
"1902","cg21815220",-0.0093,0.0013,3.6e-12,2.4e-09,"smoking","F001"
"1903","cg26337070",-0.0266,0.0038,3.8e-12,2.5e-09,"smoking","F001"
"1904","cg26038582",0.0436,0.0063,3.8e-12,2.5e-09,"smoking","F001"
"1905","cg12455309",-0.0057,8e-04,3.8e-12,2.6e-09,"smoking","F001"
"1906","cg10453071",0.0119,0.0017,4e-12,2.7e-09,"smoking","F001"
"1907","cg19713429",-0.0196,0.0028,4.1e-12,2.7e-09,"smoking","F001"
"1908","cg03999941",-0.0165,0.0024,4.1e-12,2.7e-09,"smoking","F001"
"1909","cg01272202",-0.0102,0.0015,4.1e-12,2.7e-09,"smoking","F001"
"1910","cg27646484",0.006,9e-04,4.2e-12,2.8e-09,"smoking","F001"
"1911","cg23048494",-0.0079,0.0011,4.2e-12,2.8e-09,"smoking","F001"
"1912","cg26203136",-0.0093,0.0013,4.3e-12,2.8e-09,"smoking","F001"
"1913","cg17272563",0.0099,0.0014,4.3e-12,2.8e-09,"smoking","F001"
"1914","cg16416158",-0.0078,0.0011,4.3e-12,2.9e-09,"smoking","F001"
"1915","cg09197783",-0.0151,0.0022,4.3e-12,2.9e-09,"smoking","F001"
"1916","cg21404980",0.0072,0.001,4.4e-12,2.9e-09,"smoking","F001"
"1917","cg25953130",-0.0305,0.0044,4.5e-12,2.9e-09,"smoking","F001"
"1918","cg04119529",0.0058,8e-04,4.5e-12,3e-09,"smoking","F001"
"1919","cg02363630",0.0064,9e-04,4.6e-12,3e-09,"smoking","F001"
"1920","cg06827976",0.0034,5e-04,4.7e-12,3e-09,"smoking","F001"
"1921","cg03604011",0.0241,0.0035,4.7e-12,3.1e-09,"smoking","F001"
"1922","cg20724032",0.0098,0.0014,4.9e-12,3.2e-09,"smoking","F001"
"1923","cg01565703",-0.0108,0.0016,5e-12,3.2e-09,"smoking","F001"
"1924","cg06518831",-0.0043,6e-04,5.2e-12,3.3e-09,"smoking","F001"
"1925","cg09219877",0.0071,0.001,5.2e-12,3.4e-09,"smoking","F001"
"1926","cg20303561",-0.0161,0.0023,5.3e-12,3.4e-09,"smoking","F001"
"1927","cg22053945",-0.0079,0.0011,5.3e-12,3.4e-09,"smoking","F001"
"1928","cg04209460",-0.0106,0.0015,5.5e-12,3.6e-09,"smoking","F001"
"1929","cg04961225",0.0114,0.0017,5.6e-12,3.6e-09,"smoking","F001"
"1930","cg00446123",0.0092,0.0013,5.7e-12,3.7e-09,"smoking","F001"
"1931","cg22573696",-0.0105,0.0015,5.7e-12,3.7e-09,"smoking","F001"
"1932","cg23090529",-0.0313,0.0045,5.8e-12,3.7e-09,"smoking","F001"
"1933","cg10012530",-0.0106,0.0015,5.9e-12,3.8e-09,"smoking","F001"
"1934","cg10151367",0.0059,9e-04,5.9e-12,3.8e-09,"smoking","F001"
"1935","cg23680900",0.0037,5e-04,6e-12,3.8e-09,"smoking","F001"
"1936","cg17907003",-0.0151,0.0022,6e-12,3.8e-09,"smoking","F001"
"1937","cg00496272",-0.0083,0.0012,6e-12,3.8e-09,"smoking","F001"
"1938","cg19014730",-0.0083,0.0012,6.2e-12,3.9e-09,"smoking","F001"
"1939","cg06321596",-0.0231,0.0034,6.2e-12,3.9e-09,"smoking","F001"
"1940","cg09465703",-0.0238,0.0035,6.2e-12,4e-09,"smoking","F001"
"1941","cg20076442",0.0077,0.0011,6.3e-12,4e-09,"smoking","F001"
"1942","cg24497361",-0.0137,0.002,6.4e-12,4e-09,"smoking","F001"
"1943","cg10267724",0.0051,7e-04,6.4e-12,4.1e-09,"smoking","F001"
"1944","cg19717773",-0.0392,0.0057,6.5e-12,4.1e-09,"smoking","F001"
"1945","cg01765174",-0.0103,0.0015,6.7e-12,4.2e-09,"smoking","F001"
"1946","cg08834436",-0.0158,0.0023,6.8e-12,4.3e-09,"smoking","F001"
"1947","cg03139840",-0.0053,8e-04,6.9e-12,4.3e-09,"smoking","F001"
"1948","cg15261712",0.015,0.0022,6.9e-12,4.3e-09,"smoking","F001"
"1949","cg01447828",0.0114,0.0017,7.1e-12,4.5e-09,"smoking","F001"
"1950","cg00255726",0.0102,0.0015,7.2e-12,4.5e-09,"smoking","F001"
"1951","cg22977892",-0.0089,0.0013,7.2e-12,4.5e-09,"smoking","F001"
"1952","cg18824330",-0.0065,0.001,7.4e-12,4.6e-09,"smoking","F001"
"1953","cg05898092",-0.0062,9e-04,7.5e-12,4.6e-09,"smoking","F001"
"1954","cg19719475",-0.0068,0.001,7.5e-12,4.7e-09,"smoking","F001"
"1955","cg17953136",0.0142,0.0021,7.5e-12,4.7e-09,"smoking","F001"
"1956","cg01765406",-0.0114,0.0017,7.6e-12,4.7e-09,"smoking","F001"
"1957","cg18754985",-0.0095,0.0014,7.7e-12,4.7e-09,"smoking","F001"
"1958","cg15948030",0.0044,6e-04,8e-12,4.9e-09,"smoking","F001"
"1959","cg19583819",-0.0108,0.0016,8.1e-12,5e-09,"smoking","F001"
"1960","cg02508743",0.011,0.0016,8.1e-12,5e-09,"smoking","F001"
"1961","cg25278144",-0.0046,7e-04,8.3e-12,5.1e-09,"smoking","F001"
"1962","cg25157472",0.0058,8e-04,8.3e-12,5.1e-09,"smoking","F001"
"1963","cg09658497",-0.0417,0.0061,8.3e-12,5.1e-09,"smoking","F001"
"1964","cg23059461",0.008,0.0012,8.4e-12,5.1e-09,"smoking","F001"
"1965","cg26837477",-0.0055,8e-04,8.4e-12,5.1e-09,"smoking","F001"
"1966","cg02714303",0.0153,0.0022,8.4e-12,5.1e-09,"smoking","F001"
"1967","cg06759971",0.0048,7e-04,8.5e-12,5.1e-09,"smoking","F001"
"1968","cg11261850",0.0099,0.0014,8.6e-12,5.2e-09,"smoking","F001"
"1969","cg24090911",-0.0238,0.0035,8.7e-12,5.3e-09,"smoking","F001"
"1970","cg25773262",-0.0127,0.0019,8.8e-12,5.4e-09,"smoking","F001"
"1971","cg00636737",-0.01,0.0015,9.3e-12,5.6e-09,"smoking","F001"
"1972","cg01681525",-0.0128,0.0019,9.7e-12,5.9e-09,"smoking","F001"
"1973","cg16608652",-0.006,9e-04,9.9e-12,5.9e-09,"smoking","F001"
"1974","cg06512918",0.0048,7e-04,1e-11,6.2e-09,"smoking","F001"
"1975","cg06189394",-0.0092,0.0014,1e-11,6.2e-09,"smoking","F001"
"1976","cg26276120",-0.0113,0.0017,1e-11,6.3e-09,"smoking","F001"
"1977","cg20240091",0.0103,0.0015,1.1e-11,6.4e-09,"smoking","F001"
"1978","cg14420519",-0.0076,0.0011,1.1e-11,6.5e-09,"smoking","F001"
"1979","cg04359840",-0.0182,0.0027,1.1e-11,6.5e-09,"smoking","F001"
"1980","cg27589809",-0.0078,0.0012,1.1e-11,6.6e-09,"smoking","F001"
"1981","cg01121610",0.0036,5e-04,1.1e-11,6.8e-09,"smoking","F001"
"1982","cg00327072",-0.0065,0.001,1.2e-11,6.9e-09,"smoking","F001"
"1983","cg05673882",-0.026,0.0038,1.2e-11,7.2e-09,"smoking","F001"
"1984","cg23756272",0.0097,0.0014,1.2e-11,7.3e-09,"smoking","F001"
"1985","cg01716252",0.0052,8e-04,1.3e-11,7.5e-09,"smoking","F001"
"1986","cg01127300",-0.0335,0.005,1.3e-11,7.6e-09,"smoking","F001"
"1987","cg21548340",-0.0087,0.0013,1.3e-11,7.6e-09,"smoking","F001"
"1988","cg23813257",-0.0077,0.0011,1.3e-11,7.6e-09,"smoking","F001"
"1989","cg16779839",-0.0109,0.0016,1.3e-11,7.6e-09,"smoking","F001"
"1990","cg01513913",-0.02,0.003,1.3e-11,7.7e-09,"smoking","F001"
"1991","cg08305378",0.0057,8e-04,1.3e-11,7.7e-09,"smoking","F001"
"1992","cg12105190",-0.0074,0.0011,1.3e-11,7.8e-09,"smoking","F001"
"1993","cg16611234",-0.0253,0.0037,1.3e-11,7.8e-09,"smoking","F001"
"1994","cg22539182",0.0154,0.0023,1.3e-11,7.9e-09,"smoking","F001"
"1995","cg11436113",-0.0179,0.0026,1.4e-11,7.9e-09,"smoking","F001"
"1996","cg24046474",-0.0109,0.0016,1.4e-11,8e-09,"smoking","F001"
"1997","cg06194738",-0.011,0.0016,1.4e-11,8.1e-09,"smoking","F001"
"1998","cg12877335",0.0064,0.001,1.4e-11,8.1e-09,"smoking","F001"
"1999","cg01995548",-0.0073,0.0011,1.4e-11,8.1e-09,"smoking","F001"
"2000","cg12095353",0.0068,0.001,1.4e-11,8.1e-09,"smoking","F001"
"2001","cg07251887",-0.023,0.0034,1.4e-11,8.1e-09,"smoking","F001"
"2002","cg09554443",0.0156,0.0023,1.4e-11,8.2e-09,"smoking","F001"
"2003","cg02704502",-0.0135,0.002,1.4e-11,8.2e-09,"smoking","F001"
"2004","cg04019522",0.0117,0.0017,1.5e-11,8.5e-09,"smoking","F001"
"2005","cg04521626",0.0086,0.0013,1.5e-11,8.7e-09,"smoking","F001"
"2006","cg01314044",0.0074,0.0011,1.5e-11,8.7e-09,"smoking","F001"
"2007","cg07180646",-0.0227,0.0034,1.5e-11,8.7e-09,"smoking","F001"
"2008","cg21585138",-0.0079,0.0012,1.5e-11,8.8e-09,"smoking","F001"
"2009","cg05897963",-0.0156,0.0023,1.5e-11,8.8e-09,"smoking","F001"
"2010","cg03480935",-0.0118,0.0018,1.5e-11,8.8e-09,"smoking","F001"
"2011","cg02325250",-0.0111,0.0016,1.6e-11,8.9e-09,"smoking","F001"
"2012","cg16406078",0.0085,0.0013,1.6e-11,8.9e-09,"smoking","F001"
"2013","cg03227037",0.0165,0.0025,1.6e-11,9.2e-09,"smoking","F001"
"2014","cg23551979",0.0133,0.002,1.6e-11,9.2e-09,"smoking","F001"
"2015","cg09338136",-0.0164,0.0024,1.6e-11,9.2e-09,"smoking","F001"
"2016","cg24688690",-0.0074,0.0011,1.6e-11,9.3e-09,"smoking","F001"
"2017","cg20698113",-0.0086,0.0013,1.6e-11,9.3e-09,"smoking","F001"
"2018","cg22533573",0.0051,8e-04,1.7e-11,9.5e-09,"smoking","F001"
"2019","cg06271237",0.0097,0.0014,1.7e-11,9.5e-09,"smoking","F001"
"2020","cg03224812",0.0057,9e-04,1.7e-11,9.7e-09,"smoking","F001"
"2021","cg05720226",-0.0114,0.0017,1.7e-11,9.7e-09,"smoking","F001"
"2022","cg08712631",-0.0051,8e-04,1.7e-11,9.7e-09,"smoking","F001"
"2023","cg08884752",-0.0171,0.0025,1.7e-11,9.7e-09,"smoking","F001"
"2024","cg22705225",0.006,9e-04,1.8e-11,9.8e-09,"smoking","F001"
"2025","cg05341549",-0.0054,8e-04,1.8e-11,1e-08,"smoking","F001"
"2026","cg00152041",-0.0054,8e-04,1.8e-11,1e-08,"smoking","F001"
"2027","cg22335340",-0.009,0.0013,1.8e-11,1e-08,"smoking","F001"
"2028","cg03803818",0.0059,9e-04,1.8e-11,1e-08,"smoking","F001"
"2029","cg10181414",-0.0123,0.0018,1.9e-11,1e-08,"smoking","F001"
"2030","cg23233742",-0.0158,0.0024,1.9e-11,1e-08,"smoking","F001"
"2031","cg12103569",0.0139,0.0021,1.9e-11,1e-08,"smoking","F001"
"2032","cg10310310",-0.0061,9e-04,1.9e-11,1.1e-08,"smoking","F001"
"2033","cg19142553",-0.0098,0.0015,1.9e-11,1.1e-08,"smoking","F001"
"2034","cg19956914",0.0231,0.0035,2e-11,1.1e-08,"smoking","F001"
"2035","cg01724917",-0.0067,0.001,2e-11,1.1e-08,"smoking","F001"
"2036","cg13547053",0.0105,0.0016,2.1e-11,1.1e-08,"smoking","F001"
"2037","cg12619504",-0.0147,0.0022,2.1e-11,1.2e-08,"smoking","F001"
"2038","cg19913291",-0.0087,0.0013,2.2e-11,1.2e-08,"smoking","F001"
"2039","cg03547355",-0.0173,0.0026,2.2e-11,1.2e-08,"smoking","F001"
"2040","cg23681440",-0.0166,0.0025,2.2e-11,1.2e-08,"smoking","F001"
"2041","cg00396865",-0.0062,9e-04,2.3e-11,1.3e-08,"smoking","F001"
"2042","cg07632771",-0.0081,0.0012,2.3e-11,1.3e-08,"smoking","F001"
"2043","cg18931633",-0.0065,0.001,2.3e-11,1.3e-08,"smoking","F001"
"2044","cg23831876",-0.0092,0.0014,2.4e-11,1.3e-08,"smoking","F001"
"2045","cg11147309",-0.0088,0.0013,2.5e-11,1.3e-08,"smoking","F001"
"2046","cg09206294",0.005,7e-04,2.5e-11,1.4e-08,"smoking","F001"
"2047","cg05347334",-0.006,9e-04,2.5e-11,1.4e-08,"smoking","F001"
"2048","cg06791426",0.013,0.0019,2.5e-11,1.4e-08,"smoking","F001"
"2049","cg15059804",0.0175,0.0026,2.5e-11,1.4e-08,"smoking","F001"
"2050","cg09056317",-0.0074,0.0011,2.6e-11,1.4e-08,"smoking","F001"
"2051","cg18241780",0.0051,8e-04,2.6e-11,1.4e-08,"smoking","F001"
"2052","cg09700701",0.0044,7e-04,2.6e-11,1.4e-08,"smoking","F001"
"2053","cg03599224",-0.0047,7e-04,2.6e-11,1.4e-08,"smoking","F001"
"2054","cg19459791",0.014,0.0021,2.6e-11,1.4e-08,"smoking","F001"
"2055","cg09006487",-0.0122,0.0018,2.7e-11,1.4e-08,"smoking","F001"
"2056","cg11621113",-0.0169,0.0025,2.7e-11,1.4e-08,"smoking","F001"
"2057","cg02787737",0.0133,0.002,2.8e-11,1.5e-08,"smoking","F001"
"2058","cg21188533",0.0407,0.0061,2.9e-11,1.5e-08,"smoking","F001"
"2059","cg22356527",0.0096,0.0014,2.9e-11,1.5e-08,"smoking","F001"
"2060","cg00526336",-0.0093,0.0014,2.9e-11,1.5e-08,"smoking","F001"
"2061","cg14266999",-0.0087,0.0013,2.9e-11,1.5e-08,"smoking","F001"
"2062","cg04208434",0.0054,8e-04,2.9e-11,1.6e-08,"smoking","F001"
"2063","cg03149958",-0.0153,0.0023,3e-11,1.6e-08,"smoking","F001"
"2064","cg21473814",0.0214,0.0032,3.1e-11,1.6e-08,"smoking","F001"
"2065","cg21664281",0.0218,0.0033,3.1e-11,1.6e-08,"smoking","F001"
"2066","cg09912793",-0.0111,0.0017,3.1e-11,1.7e-08,"smoking","F001"
"2067","cg05122453",-0.0058,9e-04,3.1e-11,1.7e-08,"smoking","F001"
"2068","cg11884933",0.0064,0.001,3.3e-11,1.7e-08,"smoking","F001"
"2069","cg01020987",-0.0098,0.0015,3.3e-11,1.8e-08,"smoking","F001"
"2070","cg20644981",0.0091,0.0014,3.4e-11,1.8e-08,"smoking","F001"
"2071","cg24173182",0.0138,0.0021,3.4e-11,1.8e-08,"smoking","F001"
"2072","cg09462576",-0.0112,0.0017,3.5e-11,1.8e-08,"smoking","F001"
"2073","cg12332902",0.0063,0.001,3.5e-11,1.8e-08,"smoking","F001"
"2074","cg04491089",-0.0082,0.0012,3.5e-11,1.8e-08,"smoking","F001"
"2075","cg07607355",0.0053,8e-04,3.5e-11,1.8e-08,"smoking","F001"
"2076","cg25464840",0.0096,0.0015,3.5e-11,1.8e-08,"smoking","F001"
"2077","cg07654588",-0.0079,0.0012,3.6e-11,1.9e-08,"smoking","F001"
"2078","cg24719910",-0.0099,0.0015,3.6e-11,1.9e-08,"smoking","F001"
"2079","cg18394552",0.0134,0.002,3.7e-11,1.9e-08,"smoking","F001"
"2080","cg25741533",-0.0072,0.0011,3.7e-11,1.9e-08,"smoking","F001"
"2081","cg23867494",-0.0064,0.001,3.8e-11,2e-08,"smoking","F001"
"2082","cg07277038",0.0177,0.0027,3.8e-11,2e-08,"smoking","F001"
"2083","cg15693572",0.0527,0.008,3.9e-11,2e-08,"smoking","F001"
"2084","cg20006825",0.006,9e-04,3.9e-11,2e-08,"smoking","F001"
"2085","cg01290904",-0.014,0.0021,4e-11,2e-08,"smoking","F001"
"2086","cg13085976",-0.0063,0.001,4e-11,2.1e-08,"smoking","F001"
"2087","cg24109116",-0.0042,6e-04,4.2e-11,2.1e-08,"smoking","F001"
"2088","cg15089077",-0.0135,0.0021,4.2e-11,2.1e-08,"smoking","F001"
"2089","cg09560590",0.0124,0.0019,4.2e-11,2.2e-08,"smoking","F001"
"2090","cg02964434",-0.0085,0.0013,4.3e-11,2.2e-08,"smoking","F001"
"2091","cg04472685",-0.0058,9e-04,4.3e-11,2.2e-08,"smoking","F001"
"2092","cg03923640",-0.0082,0.0012,4.3e-11,2.2e-08,"smoking","F001"
"2093","cg02407266",0.0066,0.001,4.4e-11,2.3e-08,"smoking","F001"
"2094","cg27424326",0.0045,7e-04,4.4e-11,2.3e-08,"smoking","F001"
"2095","cg11046638",-0.0091,0.0014,4.7e-11,2.4e-08,"smoking","F001"
"2096","cg26996569",0.0178,0.0027,4.7e-11,2.4e-08,"smoking","F001"
"2097","cg06314111",-0.0104,0.0016,4.9e-11,2.5e-08,"smoking","F001"
"2098","cg06880612",0.0065,0.001,4.9e-11,2.5e-08,"smoking","F001"
"2099","cg25066772",0.0053,8e-04,4.9e-11,2.5e-08,"smoking","F001"
"2100","cg11305121",-0.0079,0.0012,4.9e-11,2.5e-08,"smoking","F001"
"2101","cg27055894",-0.0051,8e-04,5e-11,2.5e-08,"smoking","F001"
"2102","cg14120896",0.0074,0.0011,5.1e-11,2.6e-08,"smoking","F001"
"2103","cg24591300",-0.0066,0.001,5.1e-11,2.6e-08,"smoking","F001"
"2104","cg23222488",0.0102,0.0015,5.1e-11,2.6e-08,"smoking","F001"
"2105","cg10874644",0.0197,0.003,5.2e-11,2.6e-08,"smoking","F001"
"2106","cg24718197",-0.0073,0.0011,5.2e-11,2.6e-08,"smoking","F001"
"2107","cg15393221",0.0139,0.0021,5.3e-11,2.7e-08,"smoking","F001"
"2108","cg15903032",-0.013,0.002,5.3e-11,2.7e-08,"smoking","F001"
"2109","cg01561259",0.0101,0.0015,5.4e-11,2.7e-08,"smoking","F001"
"2110","cg18151030",-0.012,0.0018,5.5e-11,2.8e-08,"smoking","F001"
"2111","cg25318189",0.0059,9e-04,5.6e-11,2.8e-08,"smoking","F001"
"2112","cg19427338",0.0133,0.002,5.7e-11,2.8e-08,"smoking","F001"
"2113","cg23204396",-0.0095,0.0015,5.8e-11,2.9e-08,"smoking","F001"
"2114","cg26657675",-0.0088,0.0013,5.8e-11,2.9e-08,"smoking","F001"
"2115","cg17927313",0.0043,7e-04,5.8e-11,2.9e-08,"smoking","F001"
"2116","cg16448702",0.0063,0.001,5.8e-11,2.9e-08,"smoking","F001"
"2117","cg21929761",-0.0077,0.0012,5.9e-11,2.9e-08,"smoking","F001"
"2118","cg09325711",-0.007,0.0011,6.1e-11,3e-08,"smoking","F001"
"2119","cg27423838",-0.0074,0.0011,6.1e-11,3e-08,"smoking","F001"
"2120","cg18649028",0.0058,9e-04,6.1e-11,3e-08,"smoking","F001"
"2121","cg13221074",-0.0038,6e-04,6.2e-11,3e-08,"smoking","F001"
"2122","cg09448652",-0.007,0.0011,6.2e-11,3e-08,"smoking","F001"
"2123","cg16736826",-0.0084,0.0013,6.2e-11,3e-08,"smoking","F001"
"2124","cg16983541",-0.0054,8e-04,6.3e-11,3.1e-08,"smoking","F001"
"2125","cg06885459",0.0159,0.0024,6.3e-11,3.1e-08,"smoking","F001"
"2126","cg07702888",0.0054,8e-04,6.4e-11,3.1e-08,"smoking","F001"
"2127","cg24518098",-0.0127,0.0019,6.4e-11,3.1e-08,"smoking","F001"
"2128","cg05599106",0.0049,8e-04,6.4e-11,3.1e-08,"smoking","F001"
"2129","cg17325771",-0.0071,0.0011,6.5e-11,3.2e-08,"smoking","F001"
"2130","cg13247990",0.0056,9e-04,6.5e-11,3.2e-08,"smoking","F001"
"2131","cg17567838",-0.0123,0.0019,6.6e-11,3.2e-08,"smoking","F001"
"2132","cg08604596",-0.0055,8e-04,6.7e-11,3.3e-08,"smoking","F001"
"2133","cg14239618",0.0042,6e-04,6.9e-11,3.3e-08,"smoking","F001"
"2134","cg10768063",0.0117,0.0018,7e-11,3.4e-08,"smoking","F001"
"2135","cg19601144",0.0039,6e-04,7.2e-11,3.5e-08,"smoking","F001"
"2136","cg24230340",-0.0149,0.0023,7.3e-11,3.6e-08,"smoking","F001"
"2137","cg25385733",0.0039,6e-04,7.5e-11,3.6e-08,"smoking","F001"
"2138","cg12856965",-0.0151,0.0023,7.5e-11,3.6e-08,"smoking","F001"
"2139","cg03451670",0.0095,0.0015,7.5e-11,3.6e-08,"smoking","F001"
"2140","cg04332373",0.0115,0.0018,7.6e-11,3.7e-08,"smoking","F001"
"2141","cg13914531",-0.0054,8e-04,7.6e-11,3.7e-08,"smoking","F001"
"2142","cg05668853",-0.0127,0.0019,7.7e-11,3.7e-08,"smoking","F001"
"2143","cg07886712",-0.0045,7e-04,7.7e-11,3.7e-08,"smoking","F001"
"2144","cg19035792",0.0057,9e-04,7.9e-11,3.8e-08,"smoking","F001"
"2145","cg26803969",-0.0038,6e-04,8.1e-11,3.9e-08,"smoking","F001"
"2146","cg10672416",-0.0083,0.0013,8.2e-11,3.9e-08,"smoking","F001"
"2147","cg01952185",0.015,0.0023,8.3e-11,4e-08,"smoking","F001"
"2148","cg23401251",0.0118,0.0018,8.4e-11,4e-08,"smoking","F001"
"2149","cg17498867",-0.0054,8e-04,8.5e-11,4e-08,"smoking","F001"
"2150","cg18503679",-0.0146,0.0023,8.6e-11,4.1e-08,"smoking","F001"
"2151","cg26105649",-0.0052,8e-04,8.8e-11,4.1e-08,"smoking","F001"
"2152","cg17781958",0.0076,0.0012,9.1e-11,4.3e-08,"smoking","F001"
"2153","cg25341560",-0.0108,0.0017,9.1e-11,4.3e-08,"smoking","F001"
"2154","cg11386011",-0.0072,0.0011,9.2e-11,4.4e-08,"smoking","F001"
"2155","cg11014740",-0.0095,0.0015,9.4e-11,4.4e-08,"smoking","F001"
"2156","cg07516196",0.0109,0.0017,9.8e-11,4.6e-08,"smoking","F001"
"2157","cg11674448",0.0094,0.0014,9.8e-11,4.6e-08,"smoking","F001"
"2158","cg15013801",-0.0095,0.0015,1e-10,4.8e-08,"smoking","F001"
"2159","cg12364755",-0.0068,0.0011,1e-10,4.8e-08,"smoking","F001"
"2160","cg18617091",0.0098,0.0015,1e-10,4.8e-08,"smoking","F001"
"2161","cg21159068",0.0062,0.001,1e-10,4.8e-08,"smoking","F001"
"2162","cg04189326",0.0058,9e-04,1e-10,4.9e-08,"smoking","F001"
"2163","cg24771152",0.0068,0.001,1.1e-10,4.9e-08,"smoking","F001"
"2164","cg10493185",0.0041,6e-04,1.1e-10,4.9e-08,"smoking","F001"
"2165","cg20149625",-0.0042,6e-04,1.1e-10,4.9e-08,"smoking","F001"
"2166","cg24426691",-0.0059,9e-04,1.1e-10,5e-08,"smoking","F001"
"2167","cg23448998",0.0072,0.0011,1.1e-10,5e-08,"smoking","F001"
"2168","cg13976502",-0.0143,0.0022,1.1e-10,5e-08,"smoking","F001"
"2169","cg22582113",-0.0027,4e-04,1.1e-10,5e-08,"smoking","F001"
"2170","cg22957360",-0.0071,0.0011,1.1e-10,5.1e-08,"smoking","F001"
"2171","cg18961281",0.0043,7e-04,1.1e-10,5.1e-08,"smoking","F001"
"2172","cg25376310",-0.0063,0.001,1.1e-10,5.1e-08,"smoking","F001"
"2173","cg26908328",-0.0087,0.0014,1.1e-10,5.2e-08,"smoking","F001"
"2174","cg06800849",-0.006,9e-04,1.1e-10,5.2e-08,"smoking","F001"
"2175","cg00122944",-0.0036,6e-04,1.1e-10,5.2e-08,"smoking","F001"
"2176","cg25629790",0.005,8e-04,1.1e-10,5.2e-08,"smoking","F001"
"2177","cg27252776",-0.0116,0.0018,1.1e-10,5.2e-08,"smoking","F001"
"2178","cg24128066",-0.0073,0.0011,1.2e-10,5.3e-08,"smoking","F001"
"2179","cg01499816",-0.0033,5e-04,1.2e-10,5.3e-08,"smoking","F001"
"2180","cg10785537",0.0066,0.001,1.2e-10,5.3e-08,"smoking","F001"
"2181","cg13708645",-0.0139,0.0022,1.2e-10,5.4e-08,"smoking","F001"
"2182","cg00741986",-0.016,0.0025,1.2e-10,5.4e-08,"smoking","F001"
"2183","cg20146909",-0.0105,0.0016,1.2e-10,5.5e-08,"smoking","F001"
"2184","cg02375409",0.0105,0.0016,1.2e-10,5.5e-08,"smoking","F001"
"2185","cg10130088",0.0055,9e-04,1.2e-10,5.5e-08,"smoking","F001"
"2186","cg12593793",-0.0107,0.0017,1.2e-10,5.5e-08,"smoking","F001"
"2187","cg21121843",-0.0242,0.0038,1.2e-10,5.5e-08,"smoking","F001"
"2188","cg17082568",0.0104,0.0016,1.2e-10,5.6e-08,"smoking","F001"
"2189","cg11826961",-0.0105,0.0016,1.2e-10,5.6e-08,"smoking","F001"
"2190","cg06439889",0.005,8e-04,1.3e-10,5.8e-08,"smoking","F001"
"2191","cg17936236",-0.0083,0.0013,1.3e-10,5.9e-08,"smoking","F001"
"2192","cg24539517",-0.0098,0.0015,1.3e-10,5.9e-08,"smoking","F001"
"2193","cg14316231",-0.0169,0.0026,1.3e-10,5.9e-08,"smoking","F001"
"2194","cg07764473",0.0171,0.0027,1.3e-10,5.9e-08,"smoking","F001"
"2195","cg10010533",-0.0069,0.0011,1.3e-10,5.9e-08,"smoking","F001"
"2196","cg13594903",-0.0094,0.0015,1.4e-10,6.1e-08,"smoking","F001"
"2197","cg08267489",0.0024,4e-04,1.4e-10,6.2e-08,"smoking","F001"
"2198","cg13001289",-0.0044,7e-04,1.4e-10,6.2e-08,"smoking","F001"
"2199","cg23635560",-0.0099,0.0015,1.4e-10,6.2e-08,"smoking","F001"
"2200","cg26467528",-0.0118,0.0018,1.4e-10,6.2e-08,"smoking","F001"
"2201","cg15122985",-0.0068,0.0011,1.4e-10,6.2e-08,"smoking","F001"
"2202","cg07027613",-0.0079,0.0012,1.4e-10,6.3e-08,"smoking","F001"
"2203","cg15138339",-0.0075,0.0012,1.4e-10,6.3e-08,"smoking","F001"
"2204","cg17174275",-0.0053,8e-04,1.4e-10,6.4e-08,"smoking","F001"
"2205","cg21647257",0.0085,0.0013,1.4e-10,6.4e-08,"smoking","F001"
"2206","cg04337534",0.0051,8e-04,1.4e-10,6.4e-08,"smoking","F001"
"2207","cg09202659",-0.0064,0.001,1.5e-10,6.6e-08,"smoking","F001"
"2208","cg15787744",-0.008,0.0012,1.5e-10,6.6e-08,"smoking","F001"
"2209","cg06130714",0.0031,5e-04,1.5e-10,6.6e-08,"smoking","F001"
"2210","cg21393124",-0.0056,9e-04,1.5e-10,6.6e-08,"smoking","F001"
"2211","cg02740606",-0.0084,0.0013,1.5e-10,6.7e-08,"smoking","F001"
"2212","cg22950598",-0.0126,0.002,1.5e-10,6.7e-08,"smoking","F001"
"2213","cg18482892",-0.0105,0.0016,1.5e-10,6.7e-08,"smoking","F001"
"2214","cg04816394",0.0066,0.001,1.5e-10,6.7e-08,"smoking","F001"
"2215","cg18325841",0.0062,0.001,1.5e-10,6.7e-08,"smoking","F001"
"2216","cg17461214",0.0044,7e-04,1.5e-10,6.7e-08,"smoking","F001"
"2217","cg00583733",-0.0053,8e-04,1.5e-10,6.8e-08,"smoking","F001"
"2218","cg10843276",0.0144,0.0022,1.5e-10,6.8e-08,"smoking","F001"
"2219","cg11844970",-0.0054,8e-04,1.6e-10,6.9e-08,"smoking","F001"
"2220","cg18954479",0.0149,0.0023,1.6e-10,6.9e-08,"smoking","F001"
"2221","cg07520810",-0.0099,0.0015,1.6e-10,6.9e-08,"smoking","F001"
"2222","cg07308381",-0.0075,0.0012,1.6e-10,6.9e-08,"smoking","F001"
"2223","cg07819944",0.0054,8e-04,1.6e-10,7e-08,"smoking","F001"
"2224","cg07742396",-0.0138,0.0022,1.6e-10,7.1e-08,"smoking","F001"
"2225","cg16029875",0.0131,0.0021,1.6e-10,7.2e-08,"smoking","F001"
"2226","cg13758913",0.0059,9e-04,1.7e-10,7.3e-08,"smoking","F001"
"2227","cg23541422",-0.0065,0.001,1.7e-10,7.3e-08,"smoking","F001"
"2228","cg20366831",-0.0055,9e-04,1.7e-10,7.3e-08,"smoking","F001"
"2229","cg10750959",0.0067,0.001,1.7e-10,7.4e-08,"smoking","F001"
"2230","cg14989226",-0.0085,0.0013,1.8e-10,7.7e-08,"smoking","F001"
"2231","cg16646054",-0.0119,0.0019,1.8e-10,7.8e-08,"smoking","F001"
"2232","cg10696445",0.0046,7e-04,1.8e-10,7.8e-08,"smoking","F001"
"2233","cg01487468",-0.0089,0.0014,1.8e-10,7.8e-08,"smoking","F001"
"2234","cg13935577",-0.0088,0.0014,1.8e-10,7.9e-08,"smoking","F001"
"2235","cg16983588",0.0197,0.0031,1.8e-10,7.9e-08,"smoking","F001"
"2236","cg24257309",0.0085,0.0013,1.9e-10,8e-08,"smoking","F001"
"2237","cg17333973",-0.0045,7e-04,1.9e-10,8e-08,"smoking","F001"
"2238","cg13452162",-0.0077,0.0012,1.9e-10,8.2e-08,"smoking","F001"
"2239","cg17884674",0.008,0.0013,1.9e-10,8.2e-08,"smoking","F001"
"2240","cg06670463",-0.0083,0.0013,1.9e-10,8.3e-08,"smoking","F001"
"2241","cg24930218",-0.0054,9e-04,1.9e-10,8.3e-08,"smoking","F001"
"2242","cg12699156",-0.007,0.0011,2e-10,8.4e-08,"smoking","F001"
"2243","cg01185345",-0.0082,0.0013,2e-10,8.4e-08,"smoking","F001"
"2244","cg14194983",0.0097,0.0015,2e-10,8.5e-08,"smoking","F001"
"2245","cg11229399",0.0107,0.0017,2e-10,8.5e-08,"smoking","F001"
"2246","cg24869815",0.0049,8e-04,2e-10,8.6e-08,"smoking","F001"
"2247","cg15626881",0.0058,9e-04,2e-10,8.7e-08,"smoking","F001"
"2248","cg25611057",-0.007,0.0011,2.1e-10,8.7e-08,"smoking","F001"
"2249","cg03583050",0.0064,0.001,2.1e-10,8.9e-08,"smoking","F001"
"2250","cg11145461",-0.0105,0.0016,2.1e-10,8.9e-08,"smoking","F001"
"2251","cg17473673",0.0055,9e-04,2.1e-10,9.1e-08,"smoking","F001"
"2252","cg17397607",-0.0126,0.002,2.2e-10,9.2e-08,"smoking","F001"
"2253","cg01453052",-0.0109,0.0017,2.2e-10,9.3e-08,"smoking","F001"
"2254","cg01979157",-0.0081,0.0013,2.2e-10,9.3e-08,"smoking","F001"
"2255","cg10508317",-0.0086,0.0014,2.3e-10,9.5e-08,"smoking","F001"
"2256","cg20289911",-0.0047,7e-04,2.3e-10,9.7e-08,"smoking","F001"
"2257","cg09084200",-0.0114,0.0018,2.3e-10,9.8e-08,"smoking","F001"
"2258","cg07058086",0.0047,7e-04,2.3e-10,9.8e-08,"smoking","F001"
"2259","cg27312979",0.032,0.0051,2.4e-10,1e-07,"smoking","F001"
"2260","cg06151964",0.0083,0.0013,2.4e-10,1e-07,"smoking","F001"
"2261","cg20049273",0.0058,9e-04,2.4e-10,1e-07,"smoking","F001"
"2262","cg15482893",0.0122,0.0019,2.4e-10,1e-07,"smoking","F001"
"2263","cg02917867",-0.0103,0.0016,2.4e-10,1e-07,"smoking","F001"
"2264","cg21788755",-0.0057,9e-04,2.5e-10,1e-07,"smoking","F001"
"2265","cg03681335",0.0079,0.0013,2.5e-10,1e-07,"smoking","F001"
"2266","cg08810238",-0.0074,0.0012,2.5e-10,1e-07,"smoking","F001"
"2267","cg04117801",-0.0051,8e-04,2.5e-10,1e-07,"smoking","F001"
"2268","cg19426731",-0.0066,0.001,2.5e-10,1e-07,"smoking","F001"
"2269","cg22027399",0.0062,0.001,2.5e-10,1e-07,"smoking","F001"
"2270","cg10965178",-0.0108,0.0017,2.5e-10,1e-07,"smoking","F001"
"2271","cg01919377",-0.0053,8e-04,2.5e-10,1.1e-07,"smoking","F001"
"2272","cg20889322",-0.0136,0.0022,2.6e-10,1.1e-07,"smoking","F001"
"2273","cg04095045",0.0037,6e-04,2.6e-10,1.1e-07,"smoking","F001"
"2274","cg24271203",-0.0057,9e-04,2.6e-10,1.1e-07,"smoking","F001"
"2275","cg12147622",-0.0231,0.0037,2.7e-10,1.1e-07,"smoking","F001"
"2276","cg06604199",-0.0086,0.0014,2.7e-10,1.1e-07,"smoking","F001"
"2277","cg13672514",-0.0075,0.0012,2.7e-10,1.1e-07,"smoking","F001"
"2278","cg02161701",0.0078,0.0012,2.8e-10,1.1e-07,"smoking","F001"
"2279","cg22601421",0.0031,5e-04,2.8e-10,1.1e-07,"smoking","F001"
"2280","cg08397758",0.0065,0.001,2.8e-10,1.2e-07,"smoking","F001"
"2281","cg15012027",-0.0115,0.0018,2.8e-10,1.2e-07,"smoking","F001"
"2282","cg13582060",-0.0194,0.0031,2.9e-10,1.2e-07,"smoking","F001"
"2283","cg00665106",0.0071,0.0011,2.9e-10,1.2e-07,"smoking","F001"
"2284","cg09039672",0.0067,0.0011,3e-10,1.2e-07,"smoking","F001"
"2285","cg18777299",-0.0088,0.0014,3e-10,1.2e-07,"smoking","F001"
"2286","cg22377043",0.006,9e-04,3e-10,1.2e-07,"smoking","F001"
"2287","cg10959726",-0.0061,0.001,3.1e-10,1.2e-07,"smoking","F001"
"2288","cg09006159",0.0057,9e-04,3.1e-10,1.3e-07,"smoking","F001"
"2289","cg08640824",-0.0103,0.0016,3.1e-10,1.3e-07,"smoking","F001"
"2290","cg23565821",-0.0149,0.0024,3.2e-10,1.3e-07,"smoking","F001"
"2291","cg09265392",-0.0088,0.0014,3.2e-10,1.3e-07,"smoking","F001"
"2292","cg00867472",0.0082,0.0013,3.3e-10,1.3e-07,"smoking","F001"
"2293","cg25284397",0.0106,0.0017,3.3e-10,1.3e-07,"smoking","F001"
"2294","cg06264663",0.0059,9e-04,3.3e-10,1.3e-07,"smoking","F001"
"2295","cg26364091",-0.0097,0.0015,3.4e-10,1.4e-07,"smoking","F001"
"2296","cg08900404",-0.0131,0.0021,3.4e-10,1.4e-07,"smoking","F001"
"2297","cg01860774",-0.0068,0.0011,3.4e-10,1.4e-07,"smoking","F001"
"2298","cg07151117",-0.0085,0.0014,3.4e-10,1.4e-07,"smoking","F001"
"2299","cg24503881",-0.0047,7e-04,3.4e-10,1.4e-07,"smoking","F001"
"2300","cg14391923",-0.0237,0.0038,3.4e-10,1.4e-07,"smoking","F001"
"2301","cg15963913",0.0089,0.0014,3.5e-10,1.4e-07,"smoking","F001"
"2302","cg24033122",-0.0163,0.0026,3.5e-10,1.4e-07,"smoking","F001"
"2303","cg01481251",-0.0159,0.0025,3.5e-10,1.4e-07,"smoking","F001"
"2304","cg16936060",0.0165,0.0026,3.5e-10,1.4e-07,"smoking","F001"
"2305","cg00756943",-0.0132,0.0021,3.6e-10,1.4e-07,"smoking","F001"
"2306","cg16011250",0.0087,0.0014,3.6e-10,1.4e-07,"smoking","F001"
"2307","cg06672753",0.0042,7e-04,3.6e-10,1.4e-07,"smoking","F001"
"2308","cg26963277",-0.0241,0.0038,3.6e-10,1.4e-07,"smoking","F001"
"2309","cg11679455",-0.006,9e-04,3.7e-10,1.5e-07,"smoking","F001"
"2310","cg14295611",0.0075,0.0012,3.7e-10,1.5e-07,"smoking","F001"
"2311","cg13487983",0.0049,8e-04,3.8e-10,1.5e-07,"smoking","F001"
"2312","cg07202214",-0.0138,0.0022,3.8e-10,1.5e-07,"smoking","F001"
"2313","cg23762517",0.0312,0.005,3.8e-10,1.5e-07,"smoking","F001"
"2314","cg24296397",0.0089,0.0014,3.9e-10,1.5e-07,"smoking","F001"
"2315","cg03090969",-0.0087,0.0014,3.9e-10,1.5e-07,"smoking","F001"
"2316","cg04770751",-0.0184,0.0029,3.9e-10,1.5e-07,"smoking","F001"
"2317","cg00024404",-0.009,0.0014,3.9e-10,1.5e-07,"smoking","F001"
"2318","cg00931843",0.0199,0.0032,3.9e-10,1.5e-07,"smoking","F001"
"2319","cg21913886",-0.015,0.0024,3.9e-10,1.5e-07,"smoking","F001"
"2320","cg03044513",0.0064,0.001,4e-10,1.6e-07,"smoking","F001"
"2321","cg10180092",-0.0155,0.0025,4e-10,1.6e-07,"smoking","F001"
"2322","cg11572675",0.0055,9e-04,4e-10,1.6e-07,"smoking","F001"
"2323","cg18914023",0.0023,4e-04,4e-10,1.6e-07,"smoking","F001"
"2324","cg23046844",0.0037,6e-04,4e-10,1.6e-07,"smoking","F001"
"2325","cg09749364",-0.006,0.001,4e-10,1.6e-07,"smoking","F001"
"2326","cg15531369",-0.0063,0.001,4.1e-10,1.6e-07,"smoking","F001"
"2327","cg10970328",-0.007,0.0011,4.1e-10,1.6e-07,"smoking","F001"
"2328","cg06857018",0.0025,4e-04,4.1e-10,1.6e-07,"smoking","F001"
"2329","cg02286506",0.004,6e-04,4.1e-10,1.6e-07,"smoking","F001"
"2330","cg08479476",-0.0158,0.0025,4.1e-10,1.6e-07,"smoking","F001"
"2331","cg00007076",-0.0153,0.0024,4.2e-10,1.6e-07,"smoking","F001"
"2332","cg13142374",0.0046,7e-04,4.2e-10,1.6e-07,"smoking","F001"
"2333","cg01936839",-0.0096,0.0015,4.2e-10,1.6e-07,"smoking","F001"
"2334","cg07421287",-0.0115,0.0018,4.2e-10,1.6e-07,"smoking","F001"
"2335","cg10581837",0.0149,0.0024,4.3e-10,1.7e-07,"smoking","F001"
"2336","cg23003085",-0.0077,0.0012,4.3e-10,1.7e-07,"smoking","F001"
"2337","cg13024368",0.0041,7e-04,4.3e-10,1.7e-07,"smoking","F001"
"2338","cg16649298",0.014,0.0022,4.4e-10,1.7e-07,"smoking","F001"
"2339","cg03916421",-0.0103,0.0017,4.5e-10,1.7e-07,"smoking","F001"
"2340","cg16276850",0.0106,0.0017,4.5e-10,1.7e-07,"smoking","F001"
"2341","cg12649208",0.0043,7e-04,4.6e-10,1.8e-07,"smoking","F001"
"2342","cg05784862",-0.0093,0.0015,4.6e-10,1.8e-07,"smoking","F001"
"2343","cg19802390",0.0109,0.0017,4.6e-10,1.8e-07,"smoking","F001"
"2344","cg05914034",-0.0127,0.002,4.6e-10,1.8e-07,"smoking","F001"
"2345","cg21350153",0.0072,0.0012,4.6e-10,1.8e-07,"smoking","F001"
"2346","cg00423486",0.0055,9e-04,4.6e-10,1.8e-07,"smoking","F001"
"2347","cg00893603",-0.0245,0.0039,4.7e-10,1.8e-07,"smoking","F001"
"2348","cg16744741",0.0124,0.002,4.7e-10,1.8e-07,"smoking","F001"
"2349","cg02097120",-0.0071,0.0011,4.7e-10,1.8e-07,"smoking","F001"
"2350","cg06663317",-0.0059,0.001,4.7e-10,1.8e-07,"smoking","F001"
"2351","cg18419271",0.0091,0.0015,4.7e-10,1.8e-07,"smoking","F001"
"2352","cg20714487",0.0033,5e-04,4.7e-10,1.8e-07,"smoking","F001"
"2353","cg03109660",-0.0119,0.0019,4.8e-10,1.8e-07,"smoking","F001"
"2354","cg11327659",0.0091,0.0015,4.8e-10,1.8e-07,"smoking","F001"
"2355","cg14701962",0.0069,0.0011,4.8e-10,1.8e-07,"smoking","F001"
"2356","cg05222924",0.0066,0.0011,4.9e-10,1.8e-07,"smoking","F001"
"2357","cg18810691",-0.0066,0.0011,4.9e-10,1.9e-07,"smoking","F001"
"2358","cg03224013",-0.0128,0.0021,5e-10,1.9e-07,"smoking","F001"
"2359","cg24495528",-0.0069,0.0011,5e-10,1.9e-07,"smoking","F001"
"2360","cg13525276",0.023,0.0037,5.4e-10,2e-07,"smoking","F001"
"2361","cg15108490",0.0037,6e-04,5.4e-10,2e-07,"smoking","F001"
"2362","cg14852355",0.0061,0.001,5.5e-10,2e-07,"smoking","F001"
"2363","cg27000944",-0.0084,0.0013,5.5e-10,2.1e-07,"smoking","F001"
"2364","cg01651915",-0.0248,0.004,5.5e-10,2.1e-07,"smoking","F001"
"2365","cg16937168",-0.0107,0.0017,5.5e-10,2.1e-07,"smoking","F001"
"2366","cg10479082",0.0063,0.001,5.5e-10,2.1e-07,"smoking","F001"
"2367","cg12166476",0.0137,0.0022,5.6e-10,2.1e-07,"smoking","F001"
"2368","cg21434376",0.0132,0.0021,5.6e-10,2.1e-07,"smoking","F001"
"2369","cg07450086",-0.0102,0.0017,5.6e-10,2.1e-07,"smoking","F001"
"2370","cg19827923",-0.0119,0.0019,5.6e-10,2.1e-07,"smoking","F001"
"2371","cg03646329",-0.0244,0.0039,5.6e-10,2.1e-07,"smoking","F001"
"2372","cg16269733",-0.0122,0.002,5.7e-10,2.1e-07,"smoking","F001"
"2373","cg06283478",0.0073,0.0012,5.8e-10,2.2e-07,"smoking","F001"
"2374","cg11419064",0.0042,7e-04,5.8e-10,2.2e-07,"smoking","F001"
"2375","cg12622182",-0.0097,0.0016,5.9e-10,2.2e-07,"smoking","F001"
"2376","cg14906103",0.0085,0.0014,5.9e-10,2.2e-07,"smoking","F001"
"2377","cg05135521",-0.0191,0.0031,5.9e-10,2.2e-07,"smoking","F001"
"2378","cg18369034",-0.0162,0.0026,6.1e-10,2.2e-07,"smoking","F001"
"2379","cg13257421",0.0076,0.0012,6.1e-10,2.2e-07,"smoking","F001"
"2380","cg24448421",0.0154,0.0025,6.1e-10,2.2e-07,"smoking","F001"
"2381","cg27583010",-0.0072,0.0012,6.1e-10,2.2e-07,"smoking","F001"
"2382","cg00808648",0.0065,0.0011,6.1e-10,2.3e-07,"smoking","F001"
"2383","cg14089503",-0.0121,0.002,6.1e-10,2.3e-07,"smoking","F001"
"2384","cg06688763",0.02,0.0032,6.2e-10,2.3e-07,"smoking","F001"
"2385","cg07751331",-0.0089,0.0014,6.2e-10,2.3e-07,"smoking","F001"
"2386","cg03836615",0.0052,8e-04,6.2e-10,2.3e-07,"smoking","F001"
"2387","cg27178191",0.0089,0.0014,6.2e-10,2.3e-07,"smoking","F001"
"2388","cg01423695",0.0064,0.001,6.3e-10,2.3e-07,"smoking","F001"
"2389","cg15234271",0.0046,7e-04,6.3e-10,2.3e-07,"smoking","F001"
"2390","cg07651540",0.0066,0.0011,6.3e-10,2.3e-07,"smoking","F001"
"2391","cg03832440",-0.0126,0.002,6.3e-10,2.3e-07,"smoking","F001"
"2392","cg18547299",0.0048,8e-04,6.3e-10,2.3e-07,"smoking","F001"
"2393","cg27262054",-0.0158,0.0026,6.4e-10,2.3e-07,"smoking","F001"
"2394","cg05228408",-0.0085,0.0014,6.4e-10,2.3e-07,"smoking","F001"
"2395","cg02782510",0.0058,9e-04,6.4e-10,2.3e-07,"smoking","F001"
"2396","cg14539422",0.0033,5e-04,6.4e-10,2.3e-07,"smoking","F001"
"2397","cg11134246",0.0058,9e-04,6.5e-10,2.4e-07,"smoking","F001"
"2398","cg17819085",-0.0095,0.0015,6.7e-10,2.4e-07,"smoking","F001"
"2399","cg26219182",-0.0038,6e-04,6.7e-10,2.4e-07,"smoking","F001"
"2400","cg11551464",0.0066,0.0011,6.7e-10,2.4e-07,"smoking","F001"
"2401","cg02385153",0.0107,0.0017,6.8e-10,2.5e-07,"smoking","F001"
"2402","cg13707943",-0.0066,0.0011,6.8e-10,2.5e-07,"smoking","F001"
"2403","cg04704634",0.0076,0.0012,6.9e-10,2.5e-07,"smoking","F001"
"2404","cg09762021",0.0075,0.0012,7.1e-10,2.5e-07,"smoking","F001"
"2405","cg10255761",-0.0145,0.0023,7.2e-10,2.6e-07,"smoking","F001"
"2406","cg18082788",-0.0167,0.0027,7.2e-10,2.6e-07,"smoking","F001"
"2407","cg19529732",0.0067,0.0011,7.2e-10,2.6e-07,"smoking","F001"
"2408","cg26640901",-0.0058,9e-04,7.2e-10,2.6e-07,"smoking","F001"
"2409","cg23672278",-0.009,0.0015,7.2e-10,2.6e-07,"smoking","F001"
"2410","cg21345826",0.005,8e-04,7.3e-10,2.6e-07,"smoking","F001"
"2411","cg04040925",0.0033,5e-04,7.3e-10,2.6e-07,"smoking","F001"
"2412","cg22875823",-0.0082,0.0013,7.5e-10,2.7e-07,"smoking","F001"
"2413","cg02104962",-0.0065,0.0011,7.5e-10,2.7e-07,"smoking","F001"
"2414","cg11827514",-0.0216,0.0035,7.5e-10,2.7e-07,"smoking","F001"
"2415","cg18006990",-0.0069,0.0011,7.6e-10,2.7e-07,"smoking","F001"
"2416","cg08940075",0.0061,0.001,7.6e-10,2.7e-07,"smoking","F001"
"2417","cg14635659",-0.0039,6e-04,7.6e-10,2.7e-07,"smoking","F001"
"2418","cg20469837",0.0077,0.0013,7.7e-10,2.8e-07,"smoking","F001"
"2419","cg23094674",0.0042,7e-04,7.8e-10,2.8e-07,"smoking","F001"
"2420","cg00177243",0.017,0.0028,7.8e-10,2.8e-07,"smoking","F001"
"2421","cg25292882",-0.0135,0.0022,7.8e-10,2.8e-07,"smoking","F001"
"2422","cg00233633",0.0039,6e-04,7.8e-10,2.8e-07,"smoking","F001"
"2423","cg14330293",0.0064,0.001,7.8e-10,2.8e-07,"smoking","F001"
"2424","cg05802386",-0.0084,0.0014,7.9e-10,2.8e-07,"smoking","F001"
"2425","cg04701628",0.0051,8e-04,8e-10,2.8e-07,"smoking","F001"
"2426","cg03958308",-0.0171,0.0028,8e-10,2.8e-07,"smoking","F001"
"2427","cg01300096",-0.0074,0.0012,8e-10,2.8e-07,"smoking","F001"
"2428","cg20468883",-0.0076,0.0012,8.1e-10,2.9e-07,"smoking","F001"
"2429","cg18335991",-0.0135,0.0022,8.1e-10,2.9e-07,"smoking","F001"
"2430","cg08022502",-0.0068,0.0011,8.2e-10,2.9e-07,"smoking","F001"
"2431","cg06235438",-0.0144,0.0023,8.4e-10,2.9e-07,"smoking","F001"
"2432","cg01207684",-0.0246,0.004,8.4e-10,2.9e-07,"smoking","F001"
"2433","cg18028767",0.0069,0.0011,8.5e-10,3e-07,"smoking","F001"
"2434","cg00324097",-0.0121,0.002,8.6e-10,3e-07,"smoking","F001"
"2435","cg22014430",-0.0052,8e-04,8.7e-10,3e-07,"smoking","F001"
"2436","cg17975379",0.005,8e-04,8.7e-10,3.1e-07,"smoking","F001"
"2437","cg12336777",0.0068,0.0011,8.8e-10,3.1e-07,"smoking","F001"
"2438","cg22069247",0.0087,0.0014,8.8e-10,3.1e-07,"smoking","F001"
"2439","cg03446062",0.0073,0.0012,9.1e-10,3.2e-07,"smoking","F001"
"2440","cg10908953",-0.0061,0.001,9.3e-10,3.3e-07,"smoking","F001"
"2441","cg16702313",-0.0081,0.0013,9.5e-10,3.3e-07,"smoking","F001"
"2442","cg03234777",-0.0132,0.0022,9.5e-10,3.3e-07,"smoking","F001"
"2443","cg16340422",0.0182,0.003,9.6e-10,3.3e-07,"smoking","F001"
"2444","cg07986378",-0.029,0.0047,9.6e-10,3.3e-07,"smoking","F001"
"2445","cg09825327",-0.005,8e-04,9.7e-10,3.4e-07,"smoking","F001"
"2446","cg03970900",0.0133,0.0022,9.7e-10,3.4e-07,"smoking","F001"
"2447","cg15777760",-0.0115,0.0019,9.9e-10,3.4e-07,"smoking","F001"
"2448","cg04163119",-0.0043,7e-04,9.9e-10,3.4e-07,"smoking","F001"
"2449","cg26703507",-0.0202,0.0033,9.9e-10,3.4e-07,"smoking","F001"
"2450","cg27633342",0.0067,0.0011,1e-09,3.5e-07,"smoking","F001"
"2451","cg23387863",0.0086,0.0014,1e-09,3.5e-07,"smoking","F001"
"2452","cg06483559",-0.006,0.001,1e-09,3.5e-07,"smoking","F001"
"2453","cg03707168",-0.0285,0.0047,1e-09,3.5e-07,"smoking","F001"
"2454","cg18828619",-0.0066,0.0011,1e-09,3.5e-07,"smoking","F001"
"2455","cg11344533",-0.0098,0.0016,1e-09,3.5e-07,"smoking","F001"
"2456","cg26995224",-0.0212,0.0035,1e-09,3.5e-07,"smoking","F001"
"2457","cg09084391",-0.0114,0.0019,1e-09,3.6e-07,"smoking","F001"
"2458","cg11824827",0.0132,0.0022,1e-09,3.6e-07,"smoking","F001"
"2459","cg09762515",0.0154,0.0025,1e-09,3.6e-07,"smoking","F001"
"2460","cg05047401",0.0118,0.0019,1.1e-09,3.6e-07,"smoking","F001"
"2461","cg21268659",0.0051,8e-04,1.1e-09,3.6e-07,"smoking","F001"
"2462","cg06214925",-0.0059,0.001,1.1e-09,3.6e-07,"smoking","F001"
"2463","cg03340878",-0.0204,0.0033,1.1e-09,3.6e-07,"smoking","F001"
"2464","cg17422460",-0.012,0.002,1.1e-09,3.6e-07,"smoking","F001"
"2465","cg07471614",-0.0079,0.0013,1.1e-09,3.6e-07,"smoking","F001"
"2466","cg24105081",-0.0138,0.0023,1.1e-09,3.6e-07,"smoking","F001"
"2467","cg19197419",-0.0133,0.0022,1.1e-09,3.6e-07,"smoking","F001"
"2468","cg03466562",-0.0046,8e-04,1.1e-09,3.7e-07,"smoking","F001"
"2469","cg04481603",-0.0067,0.0011,1.1e-09,3.7e-07,"smoking","F001"
"2470","cg22160883",-0.0062,0.001,1.1e-09,3.7e-07,"smoking","F001"
"2471","cg02032558",-0.0127,0.0021,1.1e-09,3.7e-07,"smoking","F001"
"2472","cg25011395",-0.0045,7e-04,1.1e-09,3.7e-07,"smoking","F001"
"2473","cg20853880",-0.0112,0.0018,1.1e-09,3.7e-07,"smoking","F001"
"2474","cg18262201",-0.012,0.002,1.1e-09,3.7e-07,"smoking","F001"
"2475","cg05099952",-0.0064,0.0011,1.1e-09,3.8e-07,"smoking","F001"
"2476","cg20059377",-0.008,0.0013,1.1e-09,3.8e-07,"smoking","F001"
"2477","cg09350536",-0.0076,0.0012,1.1e-09,3.8e-07,"smoking","F001"
"2478","cg03519967",0.0098,0.0016,1.2e-09,3.9e-07,"smoking","F001"
"2479","cg06738169",-0.0074,0.0012,1.2e-09,3.9e-07,"smoking","F001"
"2480","cg17900199",-0.0067,0.0011,1.2e-09,3.9e-07,"smoking","F001"
"2481","cg05051464",-0.0046,8e-04,1.2e-09,3.9e-07,"smoking","F001"
"2482","cg18824446",-0.0101,0.0017,1.2e-09,4e-07,"smoking","F001"
"2483","cg00953154",-0.0027,4e-04,1.2e-09,4e-07,"smoking","F001"
"2484","cg08243524",-0.0136,0.0022,1.2e-09,4e-07,"smoking","F001"
"2485","cg01601926",-0.0048,8e-04,1.2e-09,4.1e-07,"smoking","F001"
"2486","cg07123182",-0.0111,0.0018,1.2e-09,4.1e-07,"smoking","F001"
"2487","cg15059065",-0.016,0.0026,1.2e-09,4.1e-07,"smoking","F001"
"2488","cg05058354",-0.007,0.0012,1.2e-09,4.1e-07,"smoking","F001"
"2489","cg22705959",-0.0094,0.0016,1.2e-09,4.1e-07,"smoking","F001"
"2490","cg16353615",0.0083,0.0014,1.2e-09,4.1e-07,"smoking","F001"
"2491","cg11940960",-0.0086,0.0014,1.2e-09,4.1e-07,"smoking","F001"
"2492","cg25221975",0.0101,0.0017,1.3e-09,4.2e-07,"smoking","F001"
"2493","cg11601297",-0.0077,0.0013,1.3e-09,4.2e-07,"smoking","F001"
"2494","cg17207590",0.0096,0.0016,1.3e-09,4.2e-07,"smoking","F001"
"2495","cg05138138",-0.0046,8e-04,1.3e-09,4.2e-07,"smoking","F001"
"2496","cg04545963",-0.0128,0.0021,1.3e-09,4.2e-07,"smoking","F001"
"2497","cg24847230",-0.0045,7e-04,1.3e-09,4.3e-07,"smoking","F001"
"2498","cg13541527",-0.024,0.004,1.3e-09,4.3e-07,"smoking","F001"
"2499","cg01465596",0.0109,0.0018,1.3e-09,4.3e-07,"smoking","F001"
"2500","cg04907244",-0.0129,0.0021,1.3e-09,4.3e-07,"smoking","F001"
"2501","cg16037981",0.0048,8e-04,1.3e-09,4.3e-07,"smoking","F001"
"2502","cg18394567",-0.0071,0.0012,1.3e-09,4.3e-07,"smoking","F001"
"2503","cg05460226",-0.0209,0.0034,1.3e-09,4.4e-07,"smoking","F001"
"2504","cg16903811",-0.0094,0.0016,1.3e-09,4.4e-07,"smoking","F001"
"2505","cg17933936",-0.0054,9e-04,1.4e-09,4.5e-07,"smoking","F001"
"2506","cg09588020",-0.0079,0.0013,1.4e-09,4.5e-07,"smoking","F001"
"2507","cg25962015",-0.0136,0.0022,1.4e-09,4.5e-07,"smoking","F001"
"2508","cg14880079",0.0053,9e-04,1.4e-09,4.5e-07,"smoking","F001"
"2509","cg20563269",-0.017,0.0028,1.4e-09,4.6e-07,"smoking","F001"
"2510","cg02646073",0.0058,0.001,1.4e-09,4.7e-07,"smoking","F001"
"2511","cg02871659",-0.0144,0.0024,1.4e-09,4.7e-07,"smoking","F001"
"2512","cg03373393",-0.0078,0.0013,1.5e-09,4.8e-07,"smoking","F001"
"2513","cg24931658",-0.0142,0.0023,1.5e-09,4.8e-07,"smoking","F001"
"2514","cg25205699",0.0041,7e-04,1.5e-09,4.8e-07,"smoking","F001"
"2515","cg12459502",0.0074,0.0012,1.5e-09,4.9e-07,"smoking","F001"
"2516","cg21681705",0.0116,0.0019,1.5e-09,5e-07,"smoking","F001"
"2517","cg15636519",-0.0123,0.002,1.5e-09,5e-07,"smoking","F001"
"2518","cg02187196",-0.0088,0.0014,1.5e-09,5e-07,"smoking","F001"
"2519","cg17065712",-0.0062,0.001,1.5e-09,5e-07,"smoking","F001"
"2520","cg04761746",-0.0085,0.0014,1.6e-09,5e-07,"smoking","F001"
"2521","cg04685387",-0.0134,0.0022,1.6e-09,5.1e-07,"smoking","F001"
"2522","cg16651552",0.0075,0.0012,1.6e-09,5.1e-07,"smoking","F001"
"2523","cg11527913",-0.0067,0.0011,1.6e-09,5.1e-07,"smoking","F001"
"2524","cg22035959",-0.0057,0.001,1.6e-09,5.1e-07,"smoking","F001"
"2525","cg01715384",0.0053,9e-04,1.6e-09,5.1e-07,"smoking","F001"
"2526","cg23290456",-0.0027,4e-04,1.6e-09,5.1e-07,"smoking","F001"
"2527","cg19641804",-0.0088,0.0015,1.6e-09,5.2e-07,"smoking","F001"
"2528","cg05526498",0.0051,8e-04,1.6e-09,5.3e-07,"smoking","F001"
"2529","cg07743805",0.0056,9e-04,1.6e-09,5.3e-07,"smoking","F001"
"2530","cg02629070",0.0073,0.0012,1.6e-09,5.3e-07,"smoking","F001"
"2531","cg14179389",-0.0237,0.0039,1.7e-09,5.3e-07,"smoking","F001"
"2532","cg22928954",-0.0104,0.0017,1.7e-09,5.3e-07,"smoking","F001"
"2533","cg23615741",-0.0204,0.0034,1.7e-09,5.4e-07,"smoking","F001"
"2534","cg10858677",-0.0151,0.0025,1.7e-09,5.4e-07,"smoking","F001"
"2535","cg01882991",-0.0151,0.0025,1.7e-09,5.4e-07,"smoking","F001"
"2536","cg08766770",0.0056,9e-04,1.7e-09,5.4e-07,"smoking","F001"
"2537","cg07873128",0.0043,7e-04,1.7e-09,5.4e-07,"smoking","F001"
"2538","cg03127898",0.0068,0.0011,1.7e-09,5.5e-07,"smoking","F001"
"2539","cg13652493",-0.0027,4e-04,1.7e-09,5.5e-07,"smoking","F001"
"2540","cg20438687",-0.0125,0.0021,1.7e-09,5.5e-07,"smoking","F001"
"2541","cg11550064",0.0063,0.001,1.7e-09,5.5e-07,"smoking","F001"
"2542","cg00540464",-0.0052,9e-04,1.7e-09,5.5e-07,"smoking","F001"
"2543","cg24711224",-0.0059,0.001,1.7e-09,5.6e-07,"smoking","F001"
"2544","cg10993442",-0.0053,9e-04,1.8e-09,5.6e-07,"smoking","F001"
"2545","cg02507296",-0.0061,0.001,1.8e-09,5.7e-07,"smoking","F001"
"2546","cg19618279",-0.0057,0.001,1.8e-09,5.7e-07,"smoking","F001"
"2547","cg04276669",0.0045,7e-04,1.8e-09,5.7e-07,"smoking","F001"
"2548","cg03884592",0.0264,0.0044,1.8e-09,5.8e-07,"smoking","F001"
"2549","cg04411044",-0.014,0.0023,1.8e-09,5.8e-07,"smoking","F001"
"2550","cg21834204",0.0074,0.0012,1.8e-09,5.8e-07,"smoking","F001"
"2551","cg04813697",-0.0177,0.0029,1.8e-09,5.8e-07,"smoking","F001"
"2552","cg16767506",0.0068,0.0011,1.8e-09,5.9e-07,"smoking","F001"
"2553","cg24908166",-0.0085,0.0014,1.9e-09,5.9e-07,"smoking","F001"
"2554","cg05396397",0.0164,0.0027,1.9e-09,5.9e-07,"smoking","F001"
"2555","cg17560073",0.0091,0.0015,1.9e-09,5.9e-07,"smoking","F001"
"2556","cg06361405",0.0028,5e-04,1.9e-09,5.9e-07,"smoking","F001"
"2557","cg22678092",-0.0088,0.0015,1.9e-09,6e-07,"smoking","F001"
"2558","cg19211915",0.007,0.0012,1.9e-09,6e-07,"smoking","F001"
"2559","cg07044859",-0.0179,0.003,1.9e-09,6e-07,"smoking","F001"
"2560","cg20892260",0.0047,8e-04,1.9e-09,6e-07,"smoking","F001"
"2561","cg27618939",0.0074,0.0012,1.9e-09,6e-07,"smoking","F001"
"2562","cg08867399",-0.0178,0.003,1.9e-09,6e-07,"smoking","F001"
"2563","cg05534710",0.003,5e-04,1.9e-09,6e-07,"smoking","F001"
"2564","cg24142464",-0.007,0.0012,1.9e-09,6.1e-07,"smoking","F001"
"2565","cg14010720",-0.0086,0.0014,2e-09,6.2e-07,"smoking","F001"
"2566","cg09635954",-0.0163,0.0027,2e-09,6.2e-07,"smoking","F001"
"2567","cg27628849",0.0057,0.001,2e-09,6.4e-07,"smoking","F001"
"2568","cg27310486",0.0045,7e-04,2.1e-09,6.5e-07,"smoking","F001"
"2569","cg17298925",0.0156,0.0026,2.1e-09,6.5e-07,"smoking","F001"
"2570","cg14741228",-0.0086,0.0014,2.1e-09,6.6e-07,"smoking","F001"
"2571","cg18991417",0.0123,0.0021,2.1e-09,6.6e-07,"smoking","F001"
"2572","cg06433467",-0.0096,0.0016,2.1e-09,6.7e-07,"smoking","F001"
"2573","cg12298445",-0.0053,9e-04,2.1e-09,6.7e-07,"smoking","F001"
"2574","cg27006914",-0.0068,0.0011,2.2e-09,6.8e-07,"smoking","F001"
"2575","cg19300307",-0.0048,8e-04,2.2e-09,6.8e-07,"smoking","F001"
"2576","cg27560367",-0.0056,9e-04,2.2e-09,6.8e-07,"smoking","F001"
"2577","cg09977376",0.0035,6e-04,2.2e-09,6.9e-07,"smoking","F001"
"2578","cg22858500",-0.0152,0.0025,2.2e-09,7e-07,"smoking","F001"
"2579","cg21587837",-0.0067,0.0011,2.2e-09,7e-07,"smoking","F001"
"2580","cg05093686",-0.0048,8e-04,2.3e-09,7e-07,"smoking","F001"
"2581","cg19030554",-0.0141,0.0024,2.3e-09,7e-07,"smoking","F001"
"2582","cg16219322",-0.008,0.0013,2.3e-09,7.1e-07,"smoking","F001"
"2583","cg06478823",0.0077,0.0013,2.3e-09,7.1e-07,"smoking","F001"
"2584","cg11152384",-0.0094,0.0016,2.3e-09,7.1e-07,"smoking","F001"
"2585","cg13633560",-0.0153,0.0026,2.3e-09,7.2e-07,"smoking","F001"
"2586","cg11599718",0.0051,9e-04,2.4e-09,7.3e-07,"smoking","F001"
"2587","cg14687145",0.0066,0.0011,2.4e-09,7.3e-07,"smoking","F001"
"2588","cg21334048",-0.0062,0.001,2.4e-09,7.3e-07,"smoking","F001"
"2589","cg20272648",-0.0047,8e-04,2.4e-09,7.3e-07,"smoking","F001"
"2590","cg26585644",-0.0058,0.001,2.4e-09,7.3e-07,"smoking","F001"
"2591","cg09611599",0.0222,0.0037,2.4e-09,7.4e-07,"smoking","F001"
"2592","cg11270278",-0.0071,0.0012,2.4e-09,7.5e-07,"smoking","F001"
"2593","cg00981651",0.0034,6e-04,2.5e-09,7.6e-07,"smoking","F001"
"2594","cg06638433",-0.005,8e-04,2.5e-09,7.6e-07,"smoking","F001"
"2595","cg03864215",-0.006,0.001,2.5e-09,7.7e-07,"smoking","F001"
"2596","cg17823346",-0.0128,0.0021,2.5e-09,7.7e-07,"smoking","F001"
"2597","cg17551891",-0.0214,0.0036,2.5e-09,7.7e-07,"smoking","F001"
"2598","cg00198594",0.0038,6e-04,2.6e-09,7.9e-07,"smoking","F001"
"2599","cg03833097",-0.0061,0.001,2.6e-09,7.9e-07,"smoking","F001"
"2600","cg06599169",-0.0103,0.0017,2.6e-09,8e-07,"smoking","F001"
"2601","cg27488095",-0.0043,7e-04,2.7e-09,8.1e-07,"smoking","F001"
"2602","cg18676273",-0.012,0.002,2.7e-09,8.2e-07,"smoking","F001"
"2603","cg12494529",-0.0072,0.0012,2.7e-09,8.3e-07,"smoking","F001"
"2604","cg19555708",-0.0087,0.0015,2.7e-09,8.3e-07,"smoking","F001"
"2605","cg00759807",-0.0065,0.0011,2.7e-09,8.3e-07,"smoking","F001"
"2606","cg07278634",0.0084,0.0014,2.8e-09,8.4e-07,"smoking","F001"
"2607","cg14023239",0.0026,4e-04,2.8e-09,8.5e-07,"smoking","F001"
"2608","cg18651578",0.0051,9e-04,2.8e-09,8.5e-07,"smoking","F001"
"2609","cg07504763",-0.0066,0.0011,2.8e-09,8.5e-07,"smoking","F001"
"2610","cg13782301",0.0128,0.0022,2.8e-09,8.5e-07,"smoking","F001"
"2611","cg13642872",-0.0108,0.0018,2.8e-09,8.5e-07,"smoking","F001"
"2612","cg02373104",0.0046,8e-04,2.8e-09,8.6e-07,"smoking","F001"
"2613","cg26070757",0.0051,9e-04,2.9e-09,8.6e-07,"smoking","F001"
"2614","cg08256536",-0.0071,0.0012,2.9e-09,8.7e-07,"smoking","F001"
"2615","cg05487507",-0.012,0.002,2.9e-09,8.8e-07,"smoking","F001"
"2616","cg21691065",0.0055,9e-04,2.9e-09,8.8e-07,"smoking","F001"
"2617","cg26900995",-0.0097,0.0016,2.9e-09,8.9e-07,"smoking","F001"
"2618","cg09651136",0.0077,0.0013,3e-09,8.9e-07,"smoking","F001"
"2619","cg25649826",-0.0053,9e-04,3e-09,9.1e-07,"smoking","F001"
"2620","cg13464337",-0.0083,0.0014,3e-09,9.1e-07,"smoking","F001"
"2621","cg21756476",0.0172,0.0029,3.1e-09,9.2e-07,"smoking","F001"
"2622","cg22849665",-0.0141,0.0024,3.1e-09,9.2e-07,"smoking","F001"
"2623","cg13545717",0.0061,0.001,3.1e-09,9.2e-07,"smoking","F001"
"2624","cg04134748",0.0138,0.0023,3.1e-09,9.2e-07,"smoking","F001"
"2625","cg16755833",0.0056,0.001,3.2e-09,9.6e-07,"smoking","F001"
"2626","cg23720331",0.0025,4e-04,3.2e-09,9.6e-07,"smoking","F001"
"2627","cg05485379",-0.0022,4e-04,3.3e-09,9.7e-07,"smoking","F001"
"2628","cg10629249",-0.0062,0.001,3.3e-09,9.7e-07,"smoking","F001"
"2629","cg25537245",-0.0057,0.001,3.3e-09,9.9e-07,"smoking","F001"
"2630","cg11095027",0.0124,0.0021,3.4e-09,1e-06,"smoking","F001"
"2631","cg01782024",0.006,0.001,3.4e-09,1e-06,"smoking","F001"
"2632","cg06700877",-0.0088,0.0015,3.4e-09,1e-06,"smoking","F001"
"2633","cg13834112",0.0131,0.0022,3.5e-09,1e-06,"smoking","F001"
"2634","cg25923345",-0.0032,5e-04,3.5e-09,1e-06,"smoking","F001"
"2635","cg05946118",-0.0044,7e-04,3.5e-09,1e-06,"smoking","F001"
"2636","cg20533899",-0.0081,0.0014,3.5e-09,1e-06,"smoking","F001"
"2637","cg06866033",-0.0101,0.0017,3.6e-09,1.1e-06,"smoking","F001"
"2638","cg15074033",0.0069,0.0012,3.6e-09,1.1e-06,"smoking","F001"
"2639","cg25064552",-0.0079,0.0013,3.6e-09,1.1e-06,"smoking","F001"
"2640","cg17323704",-0.0019,3e-04,3.6e-09,1.1e-06,"smoking","F001"
"2641","cg06599908",0.0117,0.002,3.7e-09,1.1e-06,"smoking","F001"
"2642","cg07996785",0.0029,5e-04,3.7e-09,1.1e-06,"smoking","F001"
"2643","cg06577850",-0.0115,0.002,3.7e-09,1.1e-06,"smoking","F001"
"2644","cg05660670",0.0033,6e-04,3.7e-09,1.1e-06,"smoking","F001"
"2645","cg10359157",-0.0087,0.0015,3.7e-09,1.1e-06,"smoking","F001"
"2646","cg13787850",-0.0187,0.0032,3.8e-09,1.1e-06,"smoking","F001"
"2647","cg06648759",0.0125,0.0021,3.8e-09,1.1e-06,"smoking","F001"
"2648","cg08239426",0.0057,0.001,3.8e-09,1.1e-06,"smoking","F001"
"2649","cg21067023",-0.0163,0.0028,3.8e-09,1.1e-06,"smoking","F001"
"2650","cg13795986",-0.012,0.002,3.9e-09,1.1e-06,"smoking","F001"
"2651","cg14021478",-0.0087,0.0015,3.9e-09,1.1e-06,"smoking","F001"
"2652","cg06762457",-0.0192,0.0033,3.9e-09,1.1e-06,"smoking","F001"
"2653","cg20309891",-0.007,0.0012,4e-09,1.2e-06,"smoking","F001"
"2654","cg15935121",0.0068,0.0012,4e-09,1.2e-06,"smoking","F001"
"2655","cg19022697",-0.0176,0.003,4e-09,1.2e-06,"smoking","F001"
"2656","cg25818583",-0.015,0.0025,4e-09,1.2e-06,"smoking","F001"
"2657","cg06795233",0.0119,0.002,4e-09,1.2e-06,"smoking","F001"
"2658","cg04221461",0.0127,0.0022,4e-09,1.2e-06,"smoking","F001"
"2659","cg00116430",-0.0197,0.0034,4.1e-09,1.2e-06,"smoking","F001"
"2660","cg18806997",-0.0093,0.0016,4.1e-09,1.2e-06,"smoking","F001"
"2661","cg08361238",-0.0059,0.001,4.1e-09,1.2e-06,"smoking","F001"
"2662","cg00326958",-0.0101,0.0017,4.1e-09,1.2e-06,"smoking","F001"
"2663","cg07556018",0.0119,0.002,4.1e-09,1.2e-06,"smoking","F001"
"2664","cg06649191",0.0033,6e-04,4.2e-09,1.2e-06,"smoking","F001"
"2665","cg27443779",-0.004,7e-04,4.2e-09,1.2e-06,"smoking","F001"
"2666","cg16237191",0.0117,0.002,4.2e-09,1.2e-06,"smoking","F001"
"2667","cg27430293",0.0158,0.0027,4.3e-09,1.2e-06,"smoking","F001"
"2668","cg03710029",0.0054,9e-04,4.3e-09,1.2e-06,"smoking","F001"
"2669","cg17861836",-0.0141,0.0024,4.3e-09,1.3e-06,"smoking","F001"
"2670","cg22283754",-0.0033,6e-04,4.3e-09,1.3e-06,"smoking","F001"
"2671","cg16320419",-0.0078,0.0013,4.4e-09,1.3e-06,"smoking","F001"
"2672","cg08817867",0.0049,8e-04,4.4e-09,1.3e-06,"smoking","F001"
"2673","cg25947283",-0.0042,7e-04,4.4e-09,1.3e-06,"smoking","F001"
"2674","cg03877174",0.0104,0.0018,4.5e-09,1.3e-06,"smoking","F001"
"2675","cg11375458",-0.0056,0.001,4.5e-09,1.3e-06,"smoking","F001"
"2676","cg22797644",-0.0079,0.0013,4.5e-09,1.3e-06,"smoking","F001"
"2677","cg16541026",-0.0117,0.002,4.6e-09,1.3e-06,"smoking","F001"
"2678","cg25347941",0.0076,0.0013,4.6e-09,1.3e-06,"smoking","F001"
"2679","cg27405731",0.0153,0.0026,4.6e-09,1.3e-06,"smoking","F001"
"2680","cg08409562",0.0071,0.0012,4.6e-09,1.3e-06,"smoking","F001"
"2681","cg10676309",0.0051,9e-04,4.6e-09,1.3e-06,"smoking","F001"
"2682","cg22103219",-0.0165,0.0028,4.7e-09,1.3e-06,"smoking","F001"
"2683","cg17588293",0.0025,4e-04,4.7e-09,1.3e-06,"smoking","F001"
"2684","cg05394800",-0.006,0.001,4.7e-09,1.3e-06,"smoking","F001"
"2685","cg13751330",-0.0038,6e-04,4.8e-09,1.4e-06,"smoking","F001"
"2686","cg23169111",0.0088,0.0015,4.8e-09,1.4e-06,"smoking","F001"
"2687","cg06418475",-0.0128,0.0022,4.9e-09,1.4e-06,"smoking","F001"
"2688","cg16988810",-0.0094,0.0016,4.9e-09,1.4e-06,"smoking","F001"
"2689","cg08097581",-0.0062,0.0011,4.9e-09,1.4e-06,"smoking","F001"
"2690","cg16254309",-0.01,0.0017,4.9e-09,1.4e-06,"smoking","F001"
"2691","cg12177944",-0.0066,0.0011,4.9e-09,1.4e-06,"smoking","F001"
"2692","cg18014547",-0.0077,0.0013,4.9e-09,1.4e-06,"smoking","F001"
"2693","cg12535090",0.0046,8e-04,5e-09,1.4e-06,"smoking","F001"
"2694","cg22870429",-0.0149,0.0025,5e-09,1.4e-06,"smoking","F001"
"2695","cg20871826",-0.0059,0.001,5e-09,1.4e-06,"smoking","F001"
"2696","cg14074174",-0.0108,0.0018,5.1e-09,1.4e-06,"smoking","F001"
"2697","cg11212234",-0.0095,0.0016,5.1e-09,1.4e-06,"smoking","F001"
"2698","cg07352544",0.0043,7e-04,5.2e-09,1.5e-06,"smoking","F001"
"2699","cg03389164",-0.0057,0.001,5.2e-09,1.5e-06,"smoking","F001"
"2700","cg17333042",-0.0095,0.0016,5.2e-09,1.5e-06,"smoking","F001"
"2701","cg12212103",-0.0048,8e-04,5.2e-09,1.5e-06,"smoking","F001"
"2702","cg00489660",-0.0085,0.0015,5.2e-09,1.5e-06,"smoking","F001"
"2703","cg23688411",-0.0043,7e-04,5.3e-09,1.5e-06,"smoking","F001"
"2704","cg11231349",-0.0207,0.0035,5.3e-09,1.5e-06,"smoking","F001"
"2705","cg11902728",0.0132,0.0023,5.3e-09,1.5e-06,"smoking","F001"
"2706","cg01305745",0.0098,0.0017,5.3e-09,1.5e-06,"smoking","F001"
"2707","cg23598378",0.0074,0.0013,5.4e-09,1.5e-06,"smoking","F001"
"2708","cg16735495",0.0056,0.001,5.4e-09,1.5e-06,"smoking","F001"
"2709","cg02376827",0.0088,0.0015,5.4e-09,1.5e-06,"smoking","F001"
"2710","cg03341377",0.0058,0.001,5.4e-09,1.5e-06,"smoking","F001"
"2711","cg04276005",0.0049,8e-04,5.4e-09,1.5e-06,"smoking","F001"
"2712","cg10510742",-0.0058,0.001,5.4e-09,1.5e-06,"smoking","F001"
"2713","cg07723659",0.0062,0.0011,5.5e-09,1.5e-06,"smoking","F001"
"2714","cg18896032",-0.0065,0.0011,5.5e-09,1.5e-06,"smoking","F001"
"2715","cg19566658",-0.0123,0.0021,5.5e-09,1.5e-06,"smoking","F001"
"2716","cg26937798",-0.0037,6e-04,5.5e-09,1.5e-06,"smoking","F001"
"2717","cg20819617",0.004,7e-04,5.5e-09,1.5e-06,"smoking","F001"
"2718","cg17724147",0.0088,0.0015,5.6e-09,1.5e-06,"smoking","F001"
"2719","cg27467282",0.0092,0.0016,5.6e-09,1.6e-06,"smoking","F001"
"2720","cg13691192",-0.0049,8e-04,5.6e-09,1.6e-06,"smoking","F001"
"2721","cg04424621",-0.0093,0.0016,5.7e-09,1.6e-06,"smoking","F001"
"2722","cg11452501",-0.0111,0.0019,5.8e-09,1.6e-06,"smoking","F001"
"2723","cg07572052",-0.0069,0.0012,5.8e-09,1.6e-06,"smoking","F001"
"2724","cg02634816",-0.0078,0.0013,5.8e-09,1.6e-06,"smoking","F001"
"2725","cg20698421",-0.0236,0.0041,5.8e-09,1.6e-06,"smoking","F001"
"2726","cg20136951",-0.0058,0.001,5.8e-09,1.6e-06,"smoking","F001"
"2727","cg04383058",-0.0107,0.0018,5.8e-09,1.6e-06,"smoking","F001"
"2728","cg27185793",0.0042,7e-04,5.9e-09,1.6e-06,"smoking","F001"
"2729","cg22004069",0.0053,9e-04,5.9e-09,1.6e-06,"smoking","F001"
"2730","cg20697394",0.0063,0.0011,5.9e-09,1.6e-06,"smoking","F001"
"2731","cg05272827",-0.0064,0.0011,5.9e-09,1.6e-06,"smoking","F001"
"2732","cg24163242",0.008,0.0014,5.9e-09,1.6e-06,"smoking","F001"
"2733","cg27182159",-0.0109,0.0019,6e-09,1.6e-06,"smoking","F001"
"2734","cg17485141",0.0038,6e-04,6e-09,1.6e-06,"smoking","F001"
"2735","cg00917251",-0.0064,0.0011,6e-09,1.6e-06,"smoking","F001"
"2736","cg25684105",-0.0067,0.0012,6.1e-09,1.7e-06,"smoking","F001"
"2737","cg07250758",0.0107,0.0018,6.1e-09,1.7e-06,"smoking","F001"
"2738","cg06296597",0.0073,0.0013,6.1e-09,1.7e-06,"smoking","F001"
"2739","cg10025514",-0.003,5e-04,6.1e-09,1.7e-06,"smoking","F001"
"2740","cg15677293",-0.0088,0.0015,6.2e-09,1.7e-06,"smoking","F001"
"2741","cg01005506",-0.0149,0.0026,6.2e-09,1.7e-06,"smoking","F001"
"2742","cg12275060",-0.014,0.0024,6.3e-09,1.7e-06,"smoking","F001"
"2743","cg03519879",-0.012,0.0021,6.3e-09,1.7e-06,"smoking","F001"
"2744","cg05542681",0.0132,0.0023,6.3e-09,1.7e-06,"smoking","F001"
"2745","cg19137417",-0.0123,0.0021,6.4e-09,1.7e-06,"smoking","F001"
"2746","cg02149899",-0.0073,0.0013,6.4e-09,1.7e-06,"smoking","F001"
"2747","cg13745346",-0.0064,0.0011,6.4e-09,1.7e-06,"smoking","F001"
"2748","cg03774988",0.0043,7e-04,6.4e-09,1.8e-06,"smoking","F001"
"2749","cg15736127",0.0059,0.001,6.5e-09,1.8e-06,"smoking","F001"
"2750","cg04716530",-0.0103,0.0018,6.5e-09,1.8e-06,"smoking","F001"
"2751","cg09837977",-0.0142,0.0025,6.8e-09,1.8e-06,"smoking","F001"
"2752","cg00711496",-0.0216,0.0037,6.8e-09,1.8e-06,"smoking","F001"
"2753","cg15951188",-0.0094,0.0016,6.9e-09,1.9e-06,"smoking","F001"
"2754","cg05194346",0.023,0.004,7e-09,1.9e-06,"smoking","F001"
"2755","cg20873136",0.0054,9e-04,7e-09,1.9e-06,"smoking","F001"
"2756","cg10428536",0.0072,0.0012,7e-09,1.9e-06,"smoking","F001"
"2757","cg17518710",0.0101,0.0017,7e-09,1.9e-06,"smoking","F001"
"2758","cg02224369",0.0051,9e-04,7e-09,1.9e-06,"smoking","F001"
"2759","cg26716839",0.003,5e-04,7e-09,1.9e-06,"smoking","F001"
"2760","cg07312601",-0.0072,0.0012,7.1e-09,1.9e-06,"smoking","F001"
"2761","cg10399789",-0.0193,0.0033,7.1e-09,1.9e-06,"smoking","F001"
"2762","cg09676669",0.0047,8e-04,7.2e-09,1.9e-06,"smoking","F001"
"2763","cg24842354",-0.0052,9e-04,7.2e-09,1.9e-06,"smoking","F001"
"2764","cg04881228",-0.0082,0.0014,7.3e-09,2e-06,"smoking","F001"
"2765","cg04011474",-0.0108,0.0019,7.3e-09,2e-06,"smoking","F001"
"2766","cg16589830",0.0095,0.0016,7.4e-09,2e-06,"smoking","F001"
"2767","cg22417398",-0.0041,7e-04,7.4e-09,2e-06,"smoking","F001"
"2768","cg15533023",0.0034,6e-04,7.4e-09,2e-06,"smoking","F001"
"2769","cg10428938",0.0141,0.0024,7.4e-09,2e-06,"smoking","F001"
"2770","cg15270892",0.0057,0.001,7.5e-09,2e-06,"smoking","F001"
"2771","cg05830220",0.0094,0.0016,7.6e-09,2e-06,"smoking","F001"
"2772","cg00806481",-0.0116,0.002,7.6e-09,2e-06,"smoking","F001"
"2773","cg19859698",0.0076,0.0013,7.6e-09,2e-06,"smoking","F001"
"2774","cg20322193",-0.0184,0.0032,7.7e-09,2e-06,"smoking","F001"
"2775","cg13409704",-0.0061,0.0011,7.7e-09,2e-06,"smoking","F001"
"2776","cg06866616",-0.0066,0.0011,7.7e-09,2e-06,"smoking","F001"
"2777","cg11453837",-0.0055,0.001,7.7e-09,2e-06,"smoking","F001"
"2778","cg18708252",-0.0137,0.0024,7.7e-09,2e-06,"smoking","F001"
"2779","cg26102435",0.0059,0.001,7.7e-09,2e-06,"smoking","F001"
"2780","cg04144533",-0.0067,0.0012,7.8e-09,2.1e-06,"smoking","F001"
"2781","cg20707126",-0.0064,0.0011,7.8e-09,2.1e-06,"smoking","F001"
"2782","cg20695936",-0.0038,7e-04,8e-09,2.1e-06,"smoking","F001"
"2783","cg14391586",-0.0076,0.0013,8e-09,2.1e-06,"smoking","F001"
"2784","cg10361922",-0.0079,0.0014,8.1e-09,2.1e-06,"smoking","F001"
"2785","cg24082871",0.0036,6e-04,8.1e-09,2.1e-06,"smoking","F001"
"2786","cg20408175",-0.0047,8e-04,8.1e-09,2.1e-06,"smoking","F001"
"2787","cg06861736",-0.0097,0.0017,8.1e-09,2.1e-06,"smoking","F001"
"2788","cg08866634",-0.0095,0.0017,8.1e-09,2.1e-06,"smoking","F001"
"2789","cg13905757",0.0056,0.001,8.2e-09,2.1e-06,"smoking","F001"
"2790","cg13782866",0.0067,0.0012,8.3e-09,2.2e-06,"smoking","F001"
"2791","cg07932199",0.0048,8e-04,8.3e-09,2.2e-06,"smoking","F001"
"2792","cg06260709",-0.0137,0.0024,8.3e-09,2.2e-06,"smoking","F001"
"2793","cg17852032",0.0068,0.0012,8.3e-09,2.2e-06,"smoking","F001"
"2794","cg01471372",-0.0123,0.0021,8.3e-09,2.2e-06,"smoking","F001"
"2795","cg18801806",-0.0059,0.001,8.4e-09,2.2e-06,"smoking","F001"
"2796","cg08458637",0.0095,0.0017,8.4e-09,2.2e-06,"smoking","F001"
"2797","cg21337881",0.0054,9e-04,8.4e-09,2.2e-06,"smoking","F001"
"2798","cg05302701",-0.0042,7e-04,8.5e-09,2.2e-06,"smoking","F001"
"2799","cg16556677",-0.0157,0.0027,8.5e-09,2.2e-06,"smoking","F001"
"2800","cg26756208",0.0026,5e-04,8.6e-09,2.2e-06,"smoking","F001"
"2801","cg05299836",-0.0049,8e-04,8.7e-09,2.3e-06,"smoking","F001"
"2802","cg19016062",-0.004,7e-04,8.7e-09,2.3e-06,"smoking","F001"
"2803","cg24576425",0.0068,0.0012,8.7e-09,2.3e-06,"smoking","F001"
"2804","cg00550955",-0.0052,9e-04,8.7e-09,2.3e-06,"smoking","F001"
"2805","cg10881616",-0.0045,8e-04,8.8e-09,2.3e-06,"smoking","F001"
"2806","cg16545743",0.0075,0.0013,8.8e-09,2.3e-06,"smoking","F001"
"2807","cg00411595",0.004,7e-04,8.8e-09,2.3e-06,"smoking","F001"
"2808","cg05570258",0.0098,0.0017,8.9e-09,2.3e-06,"smoking","F001"
"2809","cg16734795",0.0105,0.0018,8.9e-09,2.3e-06,"smoking","F001"
"2810","cg18785742",0.0041,7e-04,8.9e-09,2.3e-06,"smoking","F001"
"2811","cg01062937",0.0085,0.0015,8.9e-09,2.3e-06,"smoking","F001"
"2812","cg07770777",0.0079,0.0014,9e-09,2.3e-06,"smoking","F001"
"2813","cg02838589",-0.0033,6e-04,9e-09,2.3e-06,"smoking","F001"
"2814","cg14975410",-0.018,0.0031,9.1e-09,2.4e-06,"smoking","F001"
"2815","cg06177555",0.0113,0.002,9.2e-09,2.4e-06,"smoking","F001"
"2816","cg07969918",-0.0061,0.0011,9.2e-09,2.4e-06,"smoking","F001"
"2817","cg24608218",-0.0033,6e-04,9.3e-09,2.4e-06,"smoking","F001"
"2818","cg00960906",0.0082,0.0014,9.3e-09,2.4e-06,"smoking","F001"
"2819","cg11019430",0.003,5e-04,9.3e-09,2.4e-06,"smoking","F001"
"2820","cg13717434",0.008,0.0014,9.4e-09,2.4e-06,"smoking","F001"
"2821","cg02423064",0.0041,7e-04,9.4e-09,2.4e-06,"smoking","F001"
"2822","cg11984971",0.0058,0.001,9.6e-09,2.5e-06,"smoking","F001"
"2823","cg18585107",-0.0064,0.0011,9.6e-09,2.5e-06,"smoking","F001"
"2824","cg14242895",0.0064,0.0011,9.6e-09,2.5e-06,"smoking","F001"
"2825","cg18432895",-0.0104,0.0018,9.7e-09,2.5e-06,"smoking","F001"
"2826","cg20072118",0.0057,0.001,9.7e-09,2.5e-06,"smoking","F001"
"2827","cg06934523",-0.0097,0.0017,9.7e-09,2.5e-06,"smoking","F001"
"2828","cg26895569",0.0052,9e-04,9.8e-09,2.5e-06,"smoking","F001"
"2829","cg03929796",-0.0124,0.0022,9.9e-09,2.5e-06,"smoking","F001"
"2830","cg12406027",-0.0096,0.0017,9.9e-09,2.5e-06,"smoking","F001"
"2831","cg01289343",0.0083,0.0015,1e-08,2.6e-06,"smoking","F001"
"2832","cg09557991",-0.0068,0.0012,1e-08,2.6e-06,"smoking","F001"
"2833","cg03147185",-0.0114,0.002,1e-08,2.6e-06,"smoking","F001"
"2834","cg16151538",0.0071,0.0012,1e-08,2.6e-06,"smoking","F001"
"2835","cg00689225",-0.0108,0.0019,1e-08,2.6e-06,"smoking","F001"
"2836","cg01897323",0.0023,4e-04,1e-08,2.6e-06,"smoking","F001"
"2837","cg16071219",-0.0195,0.0034,1e-08,2.6e-06,"smoking","F001"
"2838","cg01479232",-0.0137,0.0024,1e-08,2.6e-06,"smoking","F001"
"2839","cg18252924",-0.0052,9e-04,1e-08,2.6e-06,"smoking","F001"
"2840","cg22805381",-0.0172,0.003,1e-08,2.6e-06,"smoking","F001"
"2841","cg22327175",-0.0085,0.0015,1e-08,2.6e-06,"smoking","F001"
"2842","cg05208178",-0.0054,9e-04,1e-08,2.6e-06,"smoking","F001"
"2843","cg09243021",0.0054,9e-04,1e-08,2.7e-06,"smoking","F001"
"2844","cg17421890",-0.0088,0.0015,1e-08,2.7e-06,"smoking","F001"
"2845","cg25062539",0.0039,7e-04,1e-08,2.7e-06,"smoking","F001"
"2846","cg25008614",-0.0057,0.001,1.1e-08,2.7e-06,"smoking","F001"
"2847","cg05429117",0.0076,0.0013,1.1e-08,2.7e-06,"smoking","F001"
"2848","cg17471939",-0.0166,0.0029,1.1e-08,2.7e-06,"smoking","F001"
"2849","cg09938479",-0.0134,0.0023,1.1e-08,2.7e-06,"smoking","F001"
"2850","cg08534147",0.0048,8e-04,1.1e-08,2.7e-06,"smoking","F001"
"2851","cg01062834",0.0027,5e-04,1.1e-08,2.7e-06,"smoking","F001"
"2852","cg05578802",-0.0028,5e-04,1.1e-08,2.8e-06,"smoking","F001"
"2853","cg26146569",-0.0052,9e-04,1.1e-08,2.8e-06,"smoking","F001"
"2854","cg11133963",0.0091,0.0016,1.1e-08,2.9e-06,"smoking","F001"
"2855","cg09718582",-0.0106,0.0019,1.1e-08,2.9e-06,"smoking","F001"
"2856","cg21963854",0.0067,0.0012,1.2e-08,2.9e-06,"smoking","F001"
"2857","cg19563365",-0.0062,0.0011,1.2e-08,3e-06,"smoking","F001"
"2858","cg19235026",-0.0053,9e-04,1.2e-08,3e-06,"smoking","F001"
"2859","cg08160085",-0.0118,0.0021,1.2e-08,3e-06,"smoking","F001"
"2860","cg13131501",-0.0073,0.0013,1.2e-08,3e-06,"smoking","F001"
"2861","cg18325389",-0.0076,0.0013,1.2e-08,3e-06,"smoking","F001"
"2862","cg27457191",-0.0103,0.0018,1.2e-08,3e-06,"smoking","F001"
"2863","cg08038054",0.0165,0.0029,1.2e-08,3e-06,"smoking","F001"
"2864","cg26076054",0.0188,0.0033,1.2e-08,3e-06,"smoking","F001"
"2865","cg08666707",-0.0099,0.0017,1.2e-08,3.1e-06,"smoking","F001"
"2866","cg20379671",-0.0121,0.0021,1.2e-08,3.1e-06,"smoking","F001"
"2867","cg08681689",-0.0042,7e-04,1.2e-08,3.1e-06,"smoking","F001"
"2868","cg24863152",-0.0056,0.001,1.2e-08,3.1e-06,"smoking","F001"
"2869","cg12828729",0.0119,0.0021,1.2e-08,3.1e-06,"smoking","F001"
"2870","cg02793162",0.013,0.0023,1.2e-08,3.1e-06,"smoking","F001"
"2871","cg11835347",-0.0095,0.0017,1.2e-08,3.1e-06,"smoking","F001"
"2872","cg12101586",-0.0221,0.0039,1.3e-08,3.1e-06,"smoking","F001"
"2873","cg01681367",0.0061,0.0011,1.3e-08,3.1e-06,"smoking","F001"
"2874","cg14007706",-0.0063,0.0011,1.3e-08,3.1e-06,"smoking","F001"
"2875","cg02048412",0.0058,0.001,1.3e-08,3.1e-06,"smoking","F001"
"2876","cg18397998",-0.0031,5e-04,1.3e-08,3.1e-06,"smoking","F001"
"2877","cg21303039",0.0057,0.001,1.3e-08,3.1e-06,"smoking","F001"
"2878","cg06245229",-0.0041,7e-04,1.3e-08,3.2e-06,"smoking","F001"
"2879","cg27526649",0.0073,0.0013,1.3e-08,3.2e-06,"smoking","F001"
"2880","cg00000714",-0.0041,7e-04,1.3e-08,3.2e-06,"smoking","F001"
"2881","cg03715305",0.0075,0.0013,1.3e-08,3.2e-06,"smoking","F001"
"2882","cg04079139",0.0036,6e-04,1.3e-08,3.2e-06,"smoking","F001"
"2883","cg21845080",0.0052,9e-04,1.3e-08,3.2e-06,"smoking","F001"
"2884","cg08858540",-0.0075,0.0013,1.3e-08,3.3e-06,"smoking","F001"
"2885","cg01924561",-0.0102,0.0018,1.3e-08,3.3e-06,"smoking","F001"
"2886","cg11666770",-0.0247,0.0044,1.3e-08,3.3e-06,"smoking","F001"
"2887","cg01215339",-0.0054,0.001,1.4e-08,3.3e-06,"smoking","F001"
"2888","cg26236235",-0.0045,8e-04,1.4e-08,3.3e-06,"smoking","F001"
"2889","cg15693483",-0.0113,0.002,1.4e-08,3.4e-06,"smoking","F001"
"2890","cg13385220",-0.0162,0.0029,1.4e-08,3.4e-06,"smoking","F001"
"2891","cg27193080",-0.0064,0.0011,1.4e-08,3.4e-06,"smoking","F001"
"2892","cg22428027",-0.0069,0.0012,1.4e-08,3.4e-06,"smoking","F001"
"2893","cg21309147",0.0029,5e-04,1.4e-08,3.4e-06,"smoking","F001"
"2894","cg00995520",-0.0148,0.0026,1.4e-08,3.4e-06,"smoking","F001"
"2895","cg00146864",-0.0046,8e-04,1.4e-08,3.4e-06,"smoking","F001"
"2896","cg18915128",-0.0065,0.0011,1.4e-08,3.4e-06,"smoking","F001"
"2897","cg00196407",0.0058,0.001,1.4e-08,3.5e-06,"smoking","F001"
"2898","cg02991558",0.0078,0.0014,1.4e-08,3.5e-06,"smoking","F001"
"2899","cg01076459",-0.0066,0.0012,1.4e-08,3.5e-06,"smoking","F001"
"2900","cg14624381",-0.0028,5e-04,1.4e-08,3.5e-06,"smoking","F001"
"2901","cg21769619",0.0067,0.0012,1.4e-08,3.5e-06,"smoking","F001"
"2902","cg15614653",-0.0105,0.0019,1.5e-08,3.6e-06,"smoking","F001"
"2903","cg10381071",-0.0061,0.0011,1.5e-08,3.6e-06,"smoking","F001"
"2904","cg00315394",-0.0043,8e-04,1.5e-08,3.6e-06,"smoking","F001"
"2905","cg06096805",-0.0047,8e-04,1.5e-08,3.6e-06,"smoking","F001"
"2906","cg18582010",0.0119,0.0021,1.5e-08,3.7e-06,"smoking","F001"
"2907","cg02181920",-0.0076,0.0013,1.5e-08,3.7e-06,"smoking","F001"
"2908","cg04506190",-0.0135,0.0024,1.5e-08,3.7e-06,"smoking","F001"
"2909","cg16382047",-0.0181,0.0032,1.5e-08,3.7e-06,"smoking","F001"
"2910","cg14142171",-0.0049,9e-04,1.5e-08,3.7e-06,"smoking","F001"
"2911","cg07265588",-0.0083,0.0015,1.5e-08,3.7e-06,"smoking","F001"
"2912","cg25043050",-0.0079,0.0014,1.5e-08,3.7e-06,"smoking","F001"
"2913","cg09570958",-0.0114,0.002,1.5e-08,3.7e-06,"smoking","F001"
"2914","cg08548559",-0.016,0.0028,1.5e-08,3.7e-06,"smoking","F001"
"2915","cg00537820",0.0063,0.0011,1.5e-08,3.7e-06,"smoking","F001"
"2916","cg22650458",0.0074,0.0013,1.6e-08,3.8e-06,"smoking","F001"
"2917","cg24439334",-0.0076,0.0013,1.6e-08,3.8e-06,"smoking","F001"
"2918","cg04937184",-0.0093,0.0016,1.6e-08,3.8e-06,"smoking","F001"
"2919","cg06457408",-0.0086,0.0015,1.6e-08,3.8e-06,"smoking","F001"
"2920","cg22904711",-0.0169,0.003,1.6e-08,3.8e-06,"smoking","F001"
"2921","cg11451477",-0.0029,5e-04,1.6e-08,3.8e-06,"smoking","F001"
"2922","cg20458044",-0.0078,0.0014,1.6e-08,3.9e-06,"smoking","F001"
"2923","cg19325791",0.0129,0.0023,1.6e-08,3.9e-06,"smoking","F001"
"2924","cg25004427",0.0103,0.0018,1.6e-08,3.9e-06,"smoking","F001"
"2925","cg11787160",0.0087,0.0015,1.6e-08,3.9e-06,"smoking","F001"
"2926","cg15817482",-0.0076,0.0013,1.6e-08,3.9e-06,"smoking","F001"
"2927","cg08101174",-0.0123,0.0022,1.6e-08,3.9e-06,"smoking","F001"
"2928","cg11746684",-0.0148,0.0026,1.6e-08,3.9e-06,"smoking","F001"
"2929","cg10590964",-0.0096,0.0017,1.6e-08,3.9e-06,"smoking","F001"
"2930","cg09447622",0.0057,0.001,1.7e-08,4e-06,"smoking","F001"
"2931","cg01389506",0.0034,6e-04,1.7e-08,4e-06,"smoking","F001"
"2932","cg19586143",0.0071,0.0013,1.7e-08,4e-06,"smoking","F001"
"2933","cg02010738",-0.0132,0.0023,1.7e-08,4.1e-06,"smoking","F001"
"2934","cg01142302",-0.0084,0.0015,1.7e-08,4.1e-06,"smoking","F001"
"2935","cg17009069",-0.0054,0.001,1.7e-08,4.1e-06,"smoking","F001"
"2936","cg09701700",-0.0142,0.0025,1.7e-08,4.1e-06,"smoking","F001"
"2937","cg24139443",-0.0164,0.0029,1.7e-08,4.2e-06,"smoking","F001"
"2938","cg06459104",-0.0307,0.0054,1.7e-08,4.2e-06,"smoking","F001"
"2939","cg02644867",-0.0045,8e-04,1.8e-08,4.2e-06,"smoking","F001"
"2940","cg01951879",0.0099,0.0018,1.8e-08,4.2e-06,"smoking","F001"
"2941","cg11461808",-0.005,9e-04,1.8e-08,4.2e-06,"smoking","F001"
"2942","cg18181703",-0.0153,0.0027,1.8e-08,4.2e-06,"smoking","F001"
"2943","cg14576319",-0.0051,9e-04,1.8e-08,4.2e-06,"smoking","F001"
"2944","cg06551997",0.0042,8e-04,1.8e-08,4.2e-06,"smoking","F001"
"2945","cg27588321",-0.0085,0.0015,1.8e-08,4.3e-06,"smoking","F001"
"2946","cg24327132",-0.0096,0.0017,1.8e-08,4.3e-06,"smoking","F001"
"2947","cg03937290",-0.0034,6e-04,1.8e-08,4.3e-06,"smoking","F001"
"2948","cg22962923",-0.0051,9e-04,1.8e-08,4.3e-06,"smoking","F001"
"2949","cg18992688",-0.0073,0.0013,1.8e-08,4.3e-06,"smoking","F001"
"2950","cg05656900",-0.0081,0.0014,1.8e-08,4.3e-06,"smoking","F001"
"2951","cg25773386",0.0064,0.0011,1.8e-08,4.3e-06,"smoking","F001"
"2952","cg21505886",-0.0078,0.0014,1.8e-08,4.3e-06,"smoking","F001"
"2953","cg04583842",0.0151,0.0027,1.8e-08,4.4e-06,"smoking","F001"
"2954","cg08857201",-0.0039,7e-04,1.9e-08,4.4e-06,"smoking","F001"
"2955","cg22820188",-0.0058,0.001,1.9e-08,4.4e-06,"smoking","F001"
"2956","cg08173263",0.0164,0.0029,1.9e-08,4.4e-06,"smoking","F001"
"2957","cg13928733",-0.005,9e-04,1.9e-08,4.4e-06,"smoking","F001"
"2958","cg24206827",-0.0056,0.001,1.9e-08,4.5e-06,"smoking","F001"
"2959","cg07381806",-0.0293,0.0052,1.9e-08,4.5e-06,"smoking","F001"
"2960","cg17580614",-0.0164,0.0029,1.9e-08,4.5e-06,"smoking","F001"
"2961","cg14294321",-0.0047,8e-04,1.9e-08,4.5e-06,"smoking","F001"
"2962","cg00647165",-0.0051,9e-04,1.9e-08,4.5e-06,"smoking","F001"
"2963","cg18533225",-0.012,0.0021,2e-08,4.7e-06,"smoking","F001"
"2964","cg06935361",0.0143,0.0025,2e-08,4.7e-06,"smoking","F001"
"2965","cg02364408",0.004,7e-04,2e-08,4.7e-06,"smoking","F001"
"2966","cg26253500",0.0112,0.002,2e-08,4.7e-06,"smoking","F001"
"2967","cg08540958",0.0049,9e-04,2e-08,4.7e-06,"smoking","F001"
"2968","cg02544257",-0.0062,0.0011,2.1e-08,4.8e-06,"smoking","F001"
"2969","cg07715777",-0.0071,0.0013,2.1e-08,4.9e-06,"smoking","F001"
"2970","cg18747408",0.0056,0.001,2.1e-08,4.9e-06,"smoking","F001"
"2971","cg01552919",0.0083,0.0015,2.1e-08,4.9e-06,"smoking","F001"
"2972","cg01988129",0.0052,9e-04,2.1e-08,4.9e-06,"smoking","F001"
"2973","cg06664254",0.0079,0.0014,2.1e-08,4.9e-06,"smoking","F001"
"2974","cg05433557",0.0109,0.0019,2.1e-08,4.9e-06,"smoking","F001"
"2975","cg13446906",-0.0083,0.0015,2.1e-08,4.9e-06,"smoking","F001"
"2976","cg11835355",-0.0076,0.0014,2.1e-08,5e-06,"smoking","F001"
"2977","cg04044720",0.0074,0.0013,2.1e-08,5e-06,"smoking","F001"
"2978","cg23374700",0.0032,6e-04,2.1e-08,5e-06,"smoking","F001"
"2979","cg02560388",-0.007,0.0012,2.1e-08,5e-06,"smoking","F001"
"2980","cg15806304",0.0087,0.0016,2.2e-08,5e-06,"smoking","F001"
"2981","cg23098529",-0.0065,0.0012,2.2e-08,5e-06,"smoking","F001"
"2982","cg03696346",0.0036,7e-04,2.2e-08,5.1e-06,"smoking","F001"
"2983","cg08806699",0.0046,8e-04,2.2e-08,5.1e-06,"smoking","F001"
"2984","cg07622766",0.005,9e-04,2.2e-08,5.1e-06,"smoking","F001"
"2985","cg01362115",-0.0028,5e-04,2.2e-08,5.1e-06,"smoking","F001"
"2986","cg00041989",0.0068,0.0012,2.2e-08,5.1e-06,"smoking","F001"
"2987","cg22952787",-0.0089,0.0016,2.2e-08,5.1e-06,"smoking","F001"
"2988","cg20249566",-0.0175,0.0031,2.2e-08,5.1e-06,"smoking","F001"
"2989","cg10855746",-0.0055,0.001,2.2e-08,5.1e-06,"smoking","F001"
"2990","cg01177100",0.0073,0.0013,2.2e-08,5.2e-06,"smoking","F001"
"2991","cg01972009",-0.0091,0.0016,2.3e-08,5.2e-06,"smoking","F001"
"2992","cg18946533",0.0097,0.0017,2.3e-08,5.2e-06,"smoking","F001"
"2993","cg03471436",-0.0041,7e-04,2.3e-08,5.2e-06,"smoking","F001"
"2994","cg11597157",-0.0031,5e-04,2.3e-08,5.3e-06,"smoking","F001"
"2995","cg08732950",0.0088,0.0016,2.3e-08,5.3e-06,"smoking","F001"
"2996","cg06930757",0.0109,0.002,2.3e-08,5.3e-06,"smoking","F001"
"2997","cg01328473",-0.0082,0.0015,2.3e-08,5.3e-06,"smoking","F001"
"2998","cg03379100",-0.0051,9e-04,2.3e-08,5.3e-06,"smoking","F001"
"2999","cg16694480",0.0096,0.0017,2.3e-08,5.4e-06,"smoking","F001"
"3000","cg15251319",0.0063,0.0011,2.3e-08,5.4e-06,"smoking","F001"
"3001","cg01962471",0.0053,9e-04,2.4e-08,5.4e-06,"smoking","F001"
"3002","cg24981097",-0.0056,0.001,2.4e-08,5.4e-06,"smoking","F001"
"3003","cg00028013",-0.0089,0.0016,2.4e-08,5.4e-06,"smoking","F001"
"3004","cg00066351",0.0106,0.0019,2.4e-08,5.4e-06,"smoking","F001"
"3005","cg13445251",-0.0028,5e-04,2.4e-08,5.4e-06,"smoking","F001"
"3006","cg26964651",-0.0118,0.0021,2.4e-08,5.4e-06,"smoking","F001"
"3007","cg17586094",-0.0099,0.0018,2.4e-08,5.5e-06,"smoking","F001"
"3008","cg17576979",0.0055,0.001,2.4e-08,5.5e-06,"smoking","F001"
"3009","cg11146034",-0.0108,0.0019,2.4e-08,5.5e-06,"smoking","F001"
"3010","cg09453076",-0.0098,0.0018,2.4e-08,5.5e-06,"smoking","F001"
"3011","cg04469167",0.0028,5e-04,2.4e-08,5.5e-06,"smoking","F001"
"3012","cg00395063",0.0055,0.001,2.4e-08,5.5e-06,"smoking","F001"
"3013","cg08587504",0.0079,0.0014,2.5e-08,5.6e-06,"smoking","F001"
"3014","cg21063758",0.004,7e-04,2.5e-08,5.6e-06,"smoking","F001"
"3015","cg18663307",0.0072,0.0013,2.5e-08,5.6e-06,"smoking","F001"
"3016","cg14264316",-0.0116,0.0021,2.5e-08,5.6e-06,"smoking","F001"
"3017","cg25745937",0.0033,6e-04,2.5e-08,5.6e-06,"smoking","F001"
"3018","cg00566158",0.0059,0.0011,2.5e-08,5.7e-06,"smoking","F001"
"3019","cg09639152",-0.0165,0.003,2.5e-08,5.7e-06,"smoking","F001"
"3020","cg24924577",0.0154,0.0028,2.5e-08,5.7e-06,"smoking","F001"
"3021","cg14292572",-0.0082,0.0015,2.5e-08,5.7e-06,"smoking","F001"
"3022","cg13917614",0.0129,0.0023,2.5e-08,5.7e-06,"smoking","F001"
"3023","cg24848615",-0.0129,0.0023,2.5e-08,5.7e-06,"smoking","F001"
"3024","cg17490844",-0.0054,0.001,2.5e-08,5.7e-06,"smoking","F001"
"3025","cg08525314",-0.007,0.0013,2.5e-08,5.7e-06,"smoking","F001"
"3026","cg15971656",0.0081,0.0015,2.6e-08,5.8e-06,"smoking","F001"
"3027","cg19825856",0.0034,6e-04,2.6e-08,5.8e-06,"smoking","F001"
"3028","cg14602222",0.0129,0.0023,2.6e-08,5.8e-06,"smoking","F001"
"3029","cg05214460",-0.0056,0.001,2.6e-08,5.8e-06,"smoking","F001"
"3030","cg00481629",0.0034,6e-04,2.6e-08,5.8e-06,"smoking","F001"
"3031","cg23261640",-0.0079,0.0014,2.6e-08,5.8e-06,"smoking","F001"
"3032","cg06521359",0.0028,5e-04,2.6e-08,5.8e-06,"smoking","F001"
"3033","cg09479241",-0.0169,0.003,2.6e-08,5.9e-06,"smoking","F001"
"3034","cg16342298",0.0082,0.0015,2.6e-08,5.9e-06,"smoking","F001"
"3035","cg22042546",0.0076,0.0014,2.6e-08,6e-06,"smoking","F001"
"3036","cg17617843",0.0078,0.0014,2.7e-08,6e-06,"smoking","F001"
"3037","cg18669588",-0.0063,0.0011,2.7e-08,6e-06,"smoking","F001"
"3038","cg20268522",0.0022,4e-04,2.7e-08,6e-06,"smoking","F001"
"3039","cg06435765",0.0064,0.0012,2.7e-08,6e-06,"smoking","F001"
"3040","cg25466245",-0.0069,0.0012,2.7e-08,6e-06,"smoking","F001"
"3041","cg05677062",-0.0176,0.0032,2.7e-08,6.1e-06,"smoking","F001"
"3042","cg20611882",0.0042,8e-04,2.7e-08,6.1e-06,"smoking","F001"
"3043","cg23221603",0.0028,5e-04,2.7e-08,6.1e-06,"smoking","F001"
"3044","cg06968912",0.0047,8e-04,2.8e-08,6.2e-06,"smoking","F001"
"3045","cg00835193",-0.016,0.0029,2.8e-08,6.2e-06,"smoking","F001"
"3046","cg02064724",-0.0028,5e-04,2.8e-08,6.2e-06,"smoking","F001"
"3047","cg01360605",0.0074,0.0013,2.8e-08,6.2e-06,"smoking","F001"
"3048","cg23395310",-0.0069,0.0012,2.8e-08,6.3e-06,"smoking","F001"
"3049","cg03641640",-0.0086,0.0016,2.8e-08,6.3e-06,"smoking","F001"
"3050","cg10001715",0.0066,0.0012,2.8e-08,6.3e-06,"smoking","F001"
"3051","cg05953373",0.0092,0.0017,2.8e-08,6.3e-06,"smoking","F001"
"3052","cg02543363",-0.0054,0.001,2.8e-08,6.3e-06,"smoking","F001"
"3053","cg21949830",-0.0067,0.0012,2.9e-08,6.3e-06,"smoking","F001"
"3054","cg00498211",-0.0179,0.0032,2.9e-08,6.4e-06,"smoking","F001"
"3055","cg05661533",-0.0073,0.0013,2.9e-08,6.4e-06,"smoking","F001"
"3056","cg12864721",-0.0149,0.0027,2.9e-08,6.4e-06,"smoking","F001"
"3057","cg11095099",-0.0039,7e-04,2.9e-08,6.4e-06,"smoking","F001"
"3058","cg01748082",0.0051,9e-04,2.9e-08,6.4e-06,"smoking","F001"
"3059","cg02462353",-0.0116,0.0021,2.9e-08,6.4e-06,"smoking","F001"
"3060","cg22006825",-0.0071,0.0013,2.9e-08,6.4e-06,"smoking","F001"
"3061","cg17127702",-0.0034,6e-04,2.9e-08,6.4e-06,"smoking","F001"
"3062","cg00853733",-0.0098,0.0018,2.9e-08,6.5e-06,"smoking","F001"
"3063","cg22586569",-0.0121,0.0022,3e-08,6.6e-06,"smoking","F001"
"3064","cg14291900",0.0032,6e-04,3e-08,6.6e-06,"smoking","F001"
"3065","cg25996077",-0.0065,0.0012,3e-08,6.6e-06,"smoking","F001"
"3066","cg03785076",-0.0084,0.0015,3e-08,6.7e-06,"smoking","F001"
"3067","cg05256179",-0.0038,7e-04,3e-08,6.7e-06,"smoking","F001"
"3068","cg22313519",-0.0108,0.002,3e-08,6.7e-06,"smoking","F001"
"3069","cg24683623",-0.0067,0.0012,3e-08,6.7e-06,"smoking","F001"
"3070","cg07967717",0.0116,0.0021,3e-08,6.7e-06,"smoking","F001"
"3071","cg13328614",-0.0091,0.0016,3e-08,6.7e-06,"smoking","F001"
"3072","cg21201401",0.012,0.0022,3e-08,6.7e-06,"smoking","F001"
"3073","cg13300480",0.0047,8e-04,3.1e-08,6.7e-06,"smoking","F001"
"3074","cg22437987",0.0037,7e-04,3.1e-08,6.7e-06,"smoking","F001"
"3075","cg22876908",-0.0073,0.0013,3.1e-08,6.8e-06,"smoking","F001"
"3076","cg13127741",-0.0161,0.0029,3.1e-08,6.8e-06,"smoking","F001"
"3077","cg26351966",0.0047,9e-04,3.1e-08,6.8e-06,"smoking","F001"
"3078","cg23329061",0.0025,5e-04,3.1e-08,6.8e-06,"smoking","F001"
"3079","cg26021810",0.0045,8e-04,3.1e-08,6.9e-06,"smoking","F001"
"3080","cg19213703",-0.006,0.0011,3.1e-08,6.9e-06,"smoking","F001"
"3081","cg01858866",-0.0095,0.0017,3.1e-08,6.9e-06,"smoking","F001"
"3082","cg20533952",0.009,0.0016,3.1e-08,6.9e-06,"smoking","F001"
"3083","cg14222656",-0.0029,5e-04,3.2e-08,6.9e-06,"smoking","F001"
"3084","cg26189283",-0.0133,0.0024,3.2e-08,6.9e-06,"smoking","F001"
"3085","cg04420138",0.0038,7e-04,3.2e-08,6.9e-06,"smoking","F001"
"3086","cg10334928",0.0032,6e-04,3.2e-08,6.9e-06,"smoking","F001"
"3087","cg01787285",-0.0065,0.0012,3.2e-08,6.9e-06,"smoking","F001"
"3088","cg27449150",-0.0109,0.002,3.2e-08,6.9e-06,"smoking","F001"
"3089","cg17403397",0.0059,0.0011,3.2e-08,7e-06,"smoking","F001"
"3090","cg11415739",0.0052,9e-04,3.2e-08,7e-06,"smoking","F001"
"3091","cg26751513",-0.0075,0.0014,3.2e-08,7e-06,"smoking","F001"
"3092","cg02270010",-0.0067,0.0012,3.2e-08,7.1e-06,"smoking","F001"
"3093","cg15726557",-0.0047,8e-04,3.2e-08,7.1e-06,"smoking","F001"
"3094","cg26539631",-0.0049,9e-04,3.3e-08,7.1e-06,"smoking","F001"
"3095","cg10549018",0.0123,0.0022,3.3e-08,7.1e-06,"smoking","F001"
"3096","cg15871086",-0.0082,0.0015,3.3e-08,7.1e-06,"smoking","F001"
"3097","cg17931529",-0.0054,0.001,3.3e-08,7.2e-06,"smoking","F001"
"3098","cg00281776",0.0054,0.001,3.3e-08,7.3e-06,"smoking","F001"
"3099","cg07506795",0.0063,0.0011,3.3e-08,7.3e-06,"smoking","F001"
"3100","cg05318210",0.006,0.0011,3.4e-08,7.3e-06,"smoking","F001"
"3101","cg26219092",0.0041,7e-04,3.4e-08,7.4e-06,"smoking","F001"
"3102","cg10700718",0.0071,0.0013,3.4e-08,7.4e-06,"smoking","F001"
"3103","cg00022866",-0.0101,0.0018,3.4e-08,7.4e-06,"smoking","F001"
"3104","cg03384915",-0.0107,0.0019,3.4e-08,7.4e-06,"smoking","F001"
"3105","cg01750611",-0.0037,7e-04,3.4e-08,7.4e-06,"smoking","F001"
"3106","cg14016875",-0.0164,0.003,3.4e-08,7.4e-06,"smoking","F001"
"3107","cg02935272",0.0061,0.0011,3.4e-08,7.4e-06,"smoking","F001"
"3108","cg09307264",-0.0067,0.0012,3.5e-08,7.5e-06,"smoking","F001"
"3109","cg18033416",-0.013,0.0024,3.5e-08,7.5e-06,"smoking","F001"
"3110","cg14765414",0.0051,9e-04,3.5e-08,7.6e-06,"smoking","F001"
"3111","cg27528222",-0.0042,8e-04,3.5e-08,7.6e-06,"smoking","F001"
"3112","cg07167594",0.0066,0.0012,3.6e-08,7.7e-06,"smoking","F001"
"3113","cg25323554",-0.0164,0.003,3.6e-08,7.7e-06,"smoking","F001"
"3114","cg03131366",0.0099,0.0018,3.6e-08,7.7e-06,"smoking","F001"
"3115","cg19757176",-0.0144,0.0026,3.6e-08,7.7e-06,"smoking","F001"
"3116","cg03611151",0.0065,0.0012,3.6e-08,7.7e-06,"smoking","F001"
"3117","cg02959759",0.012,0.0022,3.6e-08,7.7e-06,"smoking","F001"
"3118","cg03509898",0.0069,0.0013,3.6e-08,7.7e-06,"smoking","F001"
"3119","cg07430820",-0.0072,0.0013,3.6e-08,7.7e-06,"smoking","F001"
"3120","cg13916835",-0.0212,0.0039,3.7e-08,7.8e-06,"smoking","F001"
"3121","cg05316864",0.0073,0.0013,3.7e-08,7.8e-06,"smoking","F001"
"3122","cg11944324",0.0036,6e-04,3.7e-08,7.9e-06,"smoking","F001"
"3123","cg03665259",0.0021,4e-04,3.7e-08,8e-06,"smoking","F001"
"3124","cg26405020",0.0052,9e-04,3.7e-08,8e-06,"smoking","F001"
"3125","cg01940297",-0.007,0.0013,3.7e-08,8e-06,"smoking","F001"
"3126","cg24287110",-0.018,0.0033,3.7e-08,8e-06,"smoking","F001"
"3127","cg26161820",-0.0057,0.001,3.8e-08,8e-06,"smoking","F001"
"3128","cg26942124",-0.0056,0.001,3.8e-08,8e-06,"smoking","F001"
"3129","cg15302379",-0.009,0.0016,3.8e-08,8.1e-06,"smoking","F001"
"3130","cg26542660",-0.0062,0.0011,3.8e-08,8.1e-06,"smoking","F001"
"3131","cg26801037",-0.0059,0.0011,3.8e-08,8.1e-06,"smoking","F001"
"3132","cg26132737",-0.0149,0.0027,3.8e-08,8.1e-06,"smoking","F001"
"3133","cg13641317",0.015,0.0027,3.9e-08,8.2e-06,"smoking","F001"
"3134","cg23966547",-0.0084,0.0015,3.9e-08,8.2e-06,"smoking","F001"
"3135","cg05318142",-0.0061,0.0011,3.9e-08,8.3e-06,"smoking","F001"
"3136","cg25313468",-0.0108,0.002,3.9e-08,8.4e-06,"smoking","F001"
"3137","cg02503850",0.0052,0.001,3.9e-08,8.4e-06,"smoking","F001"
"3138","cg15182635",-0.0168,0.0031,4e-08,8.4e-06,"smoking","F001"
"3139","cg04986931",-0.0062,0.0011,4e-08,8.4e-06,"smoking","F001"
"3140","cg09107344",-0.0083,0.0015,4e-08,8.4e-06,"smoking","F001"
"3141","cg10828401",-0.0075,0.0014,4e-08,8.5e-06,"smoking","F001"
"3142","cg20375836",-0.0031,6e-04,4.1e-08,8.6e-06,"smoking","F001"
"3143","cg16554099",-0.012,0.0022,4.1e-08,8.7e-06,"smoking","F001"
"3144","cg01035068",-0.0012,2e-04,4.2e-08,8.8e-06,"smoking","F001"
"3145","cg08260891",0.0047,9e-04,4.2e-08,8.8e-06,"smoking","F001"
"3146","cg11339839",-0.0087,0.0016,4.2e-08,8.9e-06,"smoking","F001"
"3147","cg05439368",-0.0122,0.0022,4.2e-08,8.9e-06,"smoking","F001"
"3148","cg17478749",-0.0108,0.002,4.2e-08,8.9e-06,"smoking","F001"
"3149","cg25124943",-0.0064,0.0012,4.3e-08,8.9e-06,"smoking","F001"
"3150","cg05059607",0.0154,0.0028,4.3e-08,9e-06,"smoking","F001"
"3151","cg03144619",-0.0175,0.0032,4.3e-08,9e-06,"smoking","F001"
"3152","cg11178863",0.0044,8e-04,4.3e-08,9e-06,"smoking","F001"
"3153","cg01834979",-0.008,0.0015,4.3e-08,9e-06,"smoking","F001"
"3154","cg16209444",-0.0062,0.0011,4.3e-08,9e-06,"smoking","F001"
"3155","cg24582007",0.0063,0.0012,4.3e-08,9.1e-06,"smoking","F001"
"3156","cg19452802",0.0059,0.0011,4.4e-08,9.1e-06,"smoking","F001"
"3157","cg07383757",0.0029,5e-04,4.4e-08,9.1e-06,"smoking","F001"
"3158","cg04019636",-0.0052,9e-04,4.4e-08,9.2e-06,"smoking","F001"
"3159","cg01331992",-0.0192,0.0035,4.4e-08,9.2e-06,"smoking","F001"
"3160","cg11435441",-0.0076,0.0014,4.5e-08,9.3e-06,"smoking","F001"
"3161","cg22341848",-0.0042,8e-04,4.5e-08,9.3e-06,"smoking","F001"
"3162","cg03242028",-0.006,0.0011,4.5e-08,9.3e-06,"smoking","F001"
"3163","cg04666465",-0.0077,0.0014,4.5e-08,9.4e-06,"smoking","F001"
"3164","cg27409015",0.0059,0.0011,4.5e-08,9.4e-06,"smoking","F001"
"3165","cg12621745",-0.0068,0.0013,4.6e-08,9.5e-06,"smoking","F001"
"3166","cg22510139",-0.0144,0.0026,4.6e-08,9.5e-06,"smoking","F001"
"3167","cg03539717",-0.0073,0.0013,4.6e-08,9.5e-06,"smoking","F001"
"3168","cg22400959",0.0087,0.0016,4.6e-08,9.6e-06,"smoking","F001"
"3169","cg03986322",-0.0059,0.0011,4.6e-08,9.6e-06,"smoking","F001"
"3170","cg00640314",-0.0083,0.0015,4.6e-08,9.6e-06,"smoking","F001"
"3171","cg10420527",-0.0111,0.002,4.6e-08,9.6e-06,"smoking","F001"
"3172","cg01439670",-0.0087,0.0016,4.6e-08,9.6e-06,"smoking","F001"
"3173","cg11868595",-0.0073,0.0013,4.7e-08,9.7e-06,"smoking","F001"
"3174","cg00385142",-0.0053,0.001,4.7e-08,9.7e-06,"smoking","F001"
"3175","cg00910882",0.0036,7e-04,4.7e-08,9.7e-06,"smoking","F001"
"3176","cg23689227",-0.0126,0.0023,4.7e-08,9.8e-06,"smoking","F001"
"3177","cg10843343",-0.013,0.0024,4.8e-08,9.8e-06,"smoking","F001"
"3178","cg02610360",0.019,0.0035,4.8e-08,9.8e-06,"smoking","F001"
"3179","cg15578140",0.0104,0.0019,4.8e-08,9.8e-06,"smoking","F001"
"3180","cg07602659",0.0047,9e-04,4.8e-08,9.9e-06,"smoking","F001"
"3181","cg13014333",-0.0055,0.001,4.8e-08,9.9e-06,"smoking","F001"
"3182","cg16455376",-0.0036,7e-04,4.8e-08,1e-05,"smoking","F001"
"3183","cg11816838",-0.0067,0.0012,4.9e-08,1e-05,"smoking","F001"
"3184","cg21721681",-0.0087,0.0016,4.9e-08,1e-05,"smoking","F001"
"3185","cg07683388",-0.0109,0.002,4.9e-08,1e-05,"smoking","F001"
"3186","cg02621988",-0.0056,0.001,4.9e-08,1e-05,"smoking","F001"
"3187","cg20823695",-0.008,0.0015,4.9e-08,1e-05,"smoking","F001"
"3188","cg17904575",-0.0097,0.0018,5e-08,1e-05,"smoking","F001"
"3189","cg04017131",-0.0257,0.0047,5e-08,1e-05,"smoking","F001"
"3190","cg04757411",-0.0043,8e-04,5e-08,1e-05,"smoking","F001"
"3191","cg26403843",-0.0167,0.0031,5e-08,1e-05,"smoking","F001"
"3192","cg05616472",-0.0061,0.0011,5e-08,1e-05,"smoking","F001"
"3193","cg27025995",-0.0059,0.0011,5e-08,1e-05,"smoking","F001"
"3194","cg01451604",0.0024,4e-04,5e-08,1e-05,"smoking","F001"
"3195","cg03183618",-0.004,7e-04,5e-08,1e-05,"smoking","F001"
"3196","cg07485754",0.0047,9e-04,5.1e-08,1e-05,"smoking","F001"
"3197","cg16969872",-0.017,0.0031,5.2e-08,1.1e-05,"smoking","F001"
"3198","cg22786472",-0.0054,0.001,5.2e-08,1.1e-05,"smoking","F001"
"3199","cg02998240",-0.0254,0.0047,5.2e-08,1.1e-05,"smoking","F001"
"3200","cg15601164",0.0074,0.0014,5.2e-08,1.1e-05,"smoking","F001"
"3201","cg10211873",0.0039,7e-04,5.3e-08,1.1e-05,"smoking","F001"
"3202","cg12157646",-0.0049,9e-04,5.3e-08,1.1e-05,"smoking","F001"
"3203","cg15963463",-0.0087,0.0016,5.3e-08,1.1e-05,"smoking","F001"
"3204","cg04030401",0.0042,8e-04,5.3e-08,1.1e-05,"smoking","F001"
"3205","cg27289478",-0.0032,6e-04,5.4e-08,1.1e-05,"smoking","F001"
"3206","cg06197751",0.0082,0.0015,5.4e-08,1.1e-05,"smoking","F001"
"3207","cg13500388",-0.0157,0.0029,5.4e-08,1.1e-05,"smoking","F001"
"3208","cg00508334",-0.0015,3e-04,5.4e-08,1.1e-05,"smoking","F001"
"3209","cg10345404",0.0047,9e-04,5.4e-08,1.1e-05,"smoking","F001"
"3210","cg13423770",0.0046,8e-04,5.5e-08,1.1e-05,"smoking","F001"
"3211","cg00652657",0.0021,4e-04,5.5e-08,1.1e-05,"smoking","F001"
"3212","cg07380959",-0.0029,5e-04,5.5e-08,1.1e-05,"smoking","F001"
"3213","cg18866792",-0.0031,6e-04,5.5e-08,1.1e-05,"smoking","F001"
"3214","cg16119613",-0.014,0.0026,5.5e-08,1.1e-05,"smoking","F001"
"3215","cg23884241",0.0092,0.0017,5.5e-08,1.1e-05,"smoking","F001"
"3216","cg22740603",-0.009,0.0017,5.6e-08,1.1e-05,"smoking","F001"
"3217","cg00534318",0.004,7e-04,5.6e-08,1.1e-05,"smoking","F001"
"3218","cg12474798",-0.0251,0.0046,5.6e-08,1.1e-05,"smoking","F001"
"3219","cg07207043",-0.0131,0.0024,5.6e-08,1.1e-05,"smoking","F001"
"3220","cg10493186",0.0085,0.0016,5.6e-08,1.1e-05,"smoking","F001"
"3221","cg19784816",0.0079,0.0015,5.6e-08,1.1e-05,"smoking","F001"
"3222","cg09489567",0.0047,9e-04,5.6e-08,1.1e-05,"smoking","F001"
"3223","cg03683250",-0.0048,9e-04,5.6e-08,1.1e-05,"smoking","F001"
"3224","cg00205605",-0.0075,0.0014,5.6e-08,1.1e-05,"smoking","F001"
"3225","cg01643605",-0.0062,0.0011,5.6e-08,1.1e-05,"smoking","F001"
"3226","cg10835286",-0.0181,0.0033,5.7e-08,1.1e-05,"smoking","F001"
"3227","cg26724967",-0.0073,0.0013,5.7e-08,1.1e-05,"smoking","F001"
"3228","cg20435267",0.003,6e-04,5.7e-08,1.1e-05,"smoking","F001"
"3229","cg20591407",0.01,0.0018,5.7e-08,1.1e-05,"smoking","F001"
"3230","cg24807547",0.0072,0.0013,5.7e-08,1.2e-05,"smoking","F001"
"3231","cg11277230",0.0032,6e-04,5.7e-08,1.2e-05,"smoking","F001"
"3232","cg03126058",-0.0085,0.0016,5.7e-08,1.2e-05,"smoking","F001"
"3233","cg25727671",-0.0108,0.002,5.7e-08,1.2e-05,"smoking","F001"
"3234","cg07987890",0.0048,9e-04,5.7e-08,1.2e-05,"smoking","F001"
"3235","cg13644239",-0.0058,0.0011,5.8e-08,1.2e-05,"smoking","F001"
"3236","cg10520740",-0.0096,0.0018,5.9e-08,1.2e-05,"smoking","F001"
"3237","cg25839482",-0.0062,0.0011,5.9e-08,1.2e-05,"smoking","F001"
"3238","cg01324550",-0.0164,0.003,5.9e-08,1.2e-05,"smoking","F001"
"3239","cg21615831",-0.0034,6e-04,6e-08,1.2e-05,"smoking","F001"
"3240","cg06522681",-0.006,0.0011,6e-08,1.2e-05,"smoking","F001"
"3241","cg08754067",-0.0075,0.0014,6e-08,1.2e-05,"smoking","F001"
"3242","cg01935722",-0.0076,0.0014,6e-08,1.2e-05,"smoking","F001"
"3243","cg08472795",-0.0116,0.0021,6e-08,1.2e-05,"smoking","F001"
"3244","cg10012512",-0.0034,6e-04,6e-08,1.2e-05,"smoking","F001"
"3245","cg04811945",0.0123,0.0023,6.1e-08,1.2e-05,"smoking","F001"
"3246","cg16822035",0.0044,8e-04,6.1e-08,1.2e-05,"smoking","F001"
"3247","cg08772028",-0.0139,0.0026,6.2e-08,1.2e-05,"smoking","F001"
"3248","cg17082634",0.0036,7e-04,6.2e-08,1.2e-05,"smoking","F001"
"3249","cg05512483",-0.0077,0.0014,6.2e-08,1.2e-05,"smoking","F001"
"3250","cg02244695",0.0034,6e-04,6.2e-08,1.2e-05,"smoking","F001"
"3251","cg07827420",-0.0066,0.0012,6.2e-08,1.2e-05,"smoking","F001"
"3252","cg21227253",-0.0084,0.0015,6.2e-08,1.2e-05,"smoking","F001"
"3253","cg24759108",0.006,0.0011,6.3e-08,1.2e-05,"smoking","F001"
"3254","cg20813374",-0.0089,0.0016,6.3e-08,1.2e-05,"smoking","F001"
"3255","cg27635485",0.0053,0.001,6.3e-08,1.3e-05,"smoking","F001"
"3256","cg24647428",0.0098,0.0018,6.3e-08,1.3e-05,"smoking","F001"
"3257","cg18555411",0.0037,7e-04,6.4e-08,1.3e-05,"smoking","F001"
"3258","cg26103512",-0.005,9e-04,6.5e-08,1.3e-05,"smoking","F001"
"3259","cg09848445",-0.0036,7e-04,6.5e-08,1.3e-05,"smoking","F001"
"3260","cg23291039",0.0048,9e-04,6.5e-08,1.3e-05,"smoking","F001"
"3261","cg09861057",-0.0046,9e-04,6.6e-08,1.3e-05,"smoking","F001"
"3262","cg07671752",-0.0049,9e-04,6.6e-08,1.3e-05,"smoking","F001"
"3263","cg09872491",0.0034,6e-04,6.6e-08,1.3e-05,"smoking","F001"
"3264","cg24504361",-0.0137,0.0025,6.7e-08,1.3e-05,"smoking","F001"
"3265","cg23309670",0.0066,0.0012,6.7e-08,1.3e-05,"smoking","F001"
"3266","cg07842521",-0.0048,9e-04,6.7e-08,1.3e-05,"smoking","F001"
"3267","cg23766254",-0.0197,0.0036,6.7e-08,1.3e-05,"smoking","F001"
"3268","cg25879836",-0.0066,0.0012,6.7e-08,1.3e-05,"smoking","F001"
"3269","cg16288101",-0.0178,0.0033,6.7e-08,1.3e-05,"smoking","F001"
"3270","cg25227803",0.0092,0.0017,6.7e-08,1.3e-05,"smoking","F001"
"3271","cg20580833",0.0055,0.001,6.7e-08,1.3e-05,"smoking","F001"
"3272","cg12583553",-0.0087,0.0016,6.8e-08,1.3e-05,"smoking","F001"
"3273","cg24249791",0.0148,0.0027,6.8e-08,1.3e-05,"smoking","F001"
"3274","cg16336872",0.0036,7e-04,6.8e-08,1.3e-05,"smoking","F001"
"3275","cg15544235",-0.0066,0.0012,6.8e-08,1.3e-05,"smoking","F001"
"3276","cg23781467",0.009,0.0017,6.8e-08,1.3e-05,"smoking","F001"
"3277","cg15295469",0.0073,0.0013,6.8e-08,1.3e-05,"smoking","F001"
"3278","cg19136371",0.0066,0.0012,6.8e-08,1.3e-05,"smoking","F001"
"3279","cg05029558",0.0058,0.0011,6.8e-08,1.3e-05,"smoking","F001"
"3280","cg06226150",-0.007,0.0013,6.8e-08,1.3e-05,"smoking","F001"
"3281","cg07104557",-0.0153,0.0028,6.9e-08,1.3e-05,"smoking","F001"
"3282","cg26985798",0.0075,0.0014,6.9e-08,1.3e-05,"smoking","F001"
"3283","cg05156137",0.0152,0.0028,6.9e-08,1.3e-05,"smoking","F001"
"3284","cg14488957",-0.0028,5e-04,6.9e-08,1.3e-05,"smoking","F001"
"3285","cg10666909",-0.0056,0.001,6.9e-08,1.4e-05,"smoking","F001"
"3286","cg01568319",0.0039,7e-04,6.9e-08,1.4e-05,"smoking","F001"
"3287","cg14174221",-0.0118,0.0022,7e-08,1.4e-05,"smoking","F001"
"3288","cg16936953",-0.0118,0.0022,7e-08,1.4e-05,"smoking","F001"
"3289","cg04261607",-0.0089,0.0016,7.1e-08,1.4e-05,"smoking","F001"
"3290","cg09160123",-0.0048,9e-04,7.1e-08,1.4e-05,"smoking","F001"
"3291","cg02005758",0.005,9e-04,7.1e-08,1.4e-05,"smoking","F001"
"3292","cg06580770",-0.0051,0.001,7.1e-08,1.4e-05,"smoking","F001"
"3293","cg11530213",-0.0112,0.0021,7.2e-08,1.4e-05,"smoking","F001"
"3294","cg00563348",0.0054,0.001,7.2e-08,1.4e-05,"smoking","F001"
"3295","cg01909364",-0.0064,0.0012,7.2e-08,1.4e-05,"smoking","F001"
"3296","cg05508862",0.0074,0.0014,7.2e-08,1.4e-05,"smoking","F001"
"3297","cg27560292",-0.0067,0.0012,7.2e-08,1.4e-05,"smoking","F001"
"3298","cg24019564",-0.0056,0.001,7.3e-08,1.4e-05,"smoking","F001"
"3299","cg05673756",0.004,7e-04,7.3e-08,1.4e-05,"smoking","F001"
"3300","cg04027548",0.0083,0.0015,7.3e-08,1.4e-05,"smoking","F001"
"3301","cg23940612",-0.0074,0.0014,7.4e-08,1.4e-05,"smoking","F001"
"3302","cg02578070",0.0072,0.0013,7.4e-08,1.4e-05,"smoking","F001"
"3303","cg00888605",0.0057,0.0011,7.4e-08,1.4e-05,"smoking","F001"
"3304","cg00124004",-0.0063,0.0012,7.4e-08,1.4e-05,"smoking","F001"
"3305","cg00609473",0.0073,0.0014,7.5e-08,1.4e-05,"smoking","F001"
"3306","cg05513069",0.007,0.0013,7.5e-08,1.4e-05,"smoking","F001"
"3307","cg14075203",0.0063,0.0012,7.5e-08,1.4e-05,"smoking","F001"
"3308","cg24039042",0.01,0.0019,7.5e-08,1.5e-05,"smoking","F001"
"3309","cg03604424",-0.0096,0.0018,7.5e-08,1.5e-05,"smoking","F001"
"3310","cg25607920",0.0368,0.0068,7.5e-08,1.5e-05,"smoking","F001"
"3311","cg17742416",0.0047,9e-04,7.6e-08,1.5e-05,"smoking","F001"
"3312","cg08881175",0.0081,0.0015,7.6e-08,1.5e-05,"smoking","F001"
"3313","cg10827488",0.0081,0.0015,7.7e-08,1.5e-05,"smoking","F001"
"3314","cg07219844",0.0039,7e-04,7.7e-08,1.5e-05,"smoking","F001"
"3315","cg04304450",0.0058,0.0011,7.8e-08,1.5e-05,"smoking","F001"
"3316","cg22635096",0.0128,0.0024,7.8e-08,1.5e-05,"smoking","F001"
"3317","cg15570293",-0.014,0.0026,7.9e-08,1.5e-05,"smoking","F001"
"3318","cg18584067",-0.0068,0.0013,7.9e-08,1.5e-05,"smoking","F001"
"3319","cg14428590",-0.0103,0.0019,7.9e-08,1.5e-05,"smoking","F001"
"3320","cg04011829",-0.0066,0.0012,8e-08,1.5e-05,"smoking","F001"
"3321","cg21572722",0.0052,0.001,8e-08,1.5e-05,"smoking","F001"
"3322","cg25658983",0.0107,0.002,8e-08,1.5e-05,"smoking","F001"
"3323","cg23367478",0.0021,4e-04,8e-08,1.5e-05,"smoking","F001"
"3324","cg16398761",-0.0061,0.0011,8.1e-08,1.5e-05,"smoking","F001"
"3325","cg26681628",0.0105,0.0019,8.1e-08,1.5e-05,"smoking","F001"
"3326","cg19637387",0.004,7e-04,8.1e-08,1.6e-05,"smoking","F001"
"3327","cg26099045",0.0127,0.0024,8.1e-08,1.6e-05,"smoking","F001"
"3328","cg14252502",0.0045,8e-04,8.2e-08,1.6e-05,"smoking","F001"
"3329","cg14523574",0.0058,0.0011,8.2e-08,1.6e-05,"smoking","F001"
"3330","cg25587091",0.0029,5e-04,8.2e-08,1.6e-05,"smoking","F001"
"3331","cg06397161",-0.007,0.0013,8.3e-08,1.6e-05,"smoking","F001"
"3332","cg16565913",0.0083,0.0015,8.3e-08,1.6e-05,"smoking","F001"
"3333","cg00026474",-0.0048,9e-04,8.4e-08,1.6e-05,"smoking","F001"
"3334","cg21279603",-0.0076,0.0014,8.4e-08,1.6e-05,"smoking","F001"
"3335","cg00574379",0.0083,0.0016,8.4e-08,1.6e-05,"smoking","F001"
"3336","cg22041417",-0.0072,0.0013,8.4e-08,1.6e-05,"smoking","F001"
"3337","cg00928816",-0.0076,0.0014,8.5e-08,1.6e-05,"smoking","F001"
"3338","cg12360736",-0.0078,0.0015,8.5e-08,1.6e-05,"smoking","F001"
"3339","cg11012543",-0.0104,0.002,8.5e-08,1.6e-05,"smoking","F001"
"3340","cg21791252",0.0067,0.0012,8.5e-08,1.6e-05,"smoking","F001"
"3341","cg18882687",-0.011,0.0021,8.6e-08,1.6e-05,"smoking","F001"
"3342","cg07945582",-0.0126,0.0024,8.6e-08,1.6e-05,"smoking","F001"
"3343","cg14362925",-0.0065,0.0012,8.7e-08,1.6e-05,"smoking","F001"
"3344","cg26214074",0.0053,0.001,8.7e-08,1.6e-05,"smoking","F001"
"3345","cg27274382",0.0034,6e-04,8.8e-08,1.7e-05,"smoking","F001"
"3346","cg00580497",-0.0106,0.002,8.8e-08,1.7e-05,"smoking","F001"
"3347","cg25664715",-0.0043,8e-04,8.8e-08,1.7e-05,"smoking","F001"
"3348","cg17850498",0.003,6e-04,8.9e-08,1.7e-05,"smoking","F001"
"3349","cg08787968",0.0092,0.0017,9e-08,1.7e-05,"smoking","F001"
"3350","cg22579075",-0.0146,0.0027,9e-08,1.7e-05,"smoking","F001"
"3351","cg01566584",-0.0041,8e-04,9e-08,1.7e-05,"smoking","F001"
"3352","cg03609435",0.0066,0.0012,9e-08,1.7e-05,"smoking","F001"
"3353","cg00099441",-0.0057,0.0011,9e-08,1.7e-05,"smoking","F001"
"3354","cg26988253",-0.0066,0.0012,9.1e-08,1.7e-05,"smoking","F001"
"3355","cg14357089",-0.0156,0.0029,9.1e-08,1.7e-05,"smoking","F001"
"3356","cg06085743",-0.0087,0.0016,9.1e-08,1.7e-05,"smoking","F001"
"3357","cg02538248",-0.0101,0.0019,9.2e-08,1.7e-05,"smoking","F001"
"3358","cg08310363",-0.0102,0.0019,9.3e-08,1.8e-05,"smoking","F001"
"3359","cg00045114",0.0158,0.003,9.3e-08,1.8e-05,"smoking","F001"
"3360","cg13054640",-0.0099,0.0019,9.3e-08,1.8e-05,"smoking","F001"
"3361","cg08722675",0.0072,0.0014,9.4e-08,1.8e-05,"smoking","F001"
"3362","cg21717508",0.0056,0.001,9.4e-08,1.8e-05,"smoking","F001"
"3363","cg16896326",-0.0028,5e-04,9.4e-08,1.8e-05,"smoking","F001"
"3364","cg10585661",-0.0124,0.0023,9.4e-08,1.8e-05,"smoking","F001"
"3365","cg01693305",-0.0053,0.001,9.5e-08,1.8e-05,"smoking","F001"
"3366","cg26589669",-0.0088,0.0016,9.5e-08,1.8e-05,"smoking","F001"
"3367","cg15950273",0.0118,0.0022,9.5e-08,1.8e-05,"smoking","F001"
"3368","cg10611580",0.003,6e-04,9.6e-08,1.8e-05,"smoking","F001"
"3369","cg00499700",0.0043,8e-04,9.6e-08,1.8e-05,"smoking","F001"
"3370","cg21392700",-0.0046,9e-04,9.6e-08,1.8e-05,"smoking","F001"
"3371","cg17915189",0.0041,8e-04,9.6e-08,1.8e-05,"smoking","F001"
"3372","cg16555466",-0.0077,0.0014,9.6e-08,1.8e-05,"smoking","F001"
"3373","cg08120831",0.0047,9e-04,9.6e-08,1.8e-05,"smoking","F001"
"3374","cg15651928",0.0051,0.001,9.6e-08,1.8e-05,"smoking","F001"
"3375","cg24324354",0.0065,0.0012,9.7e-08,1.8e-05,"smoking","F001"
"3376","cg24698211",-0.012,0.0023,9.8e-08,1.8e-05,"smoking","F001"
"3377","cg15518113",0.0077,0.0014,9.8e-08,1.8e-05,"smoking","F001"
"3378","cg14459011",-0.0073,0.0014,9.9e-08,1.8e-05,"smoking","F001"
"3379","cg24503796",0.0047,9e-04,9.9e-08,1.8e-05,"smoking","F001"
"3380","cg22057874",0.0078,0.0015,9.9e-08,1.8e-05,"smoking","F001"
"3381","cg07757252",-0.0066,0.0012,9.9e-08,1.8e-05,"smoking","F001"
"3382","cg17877600",-0.0107,0.002,9.9e-08,1.8e-05,"smoking","F001"
"3383","cg15233611",-0.0121,0.0023,9.9e-08,1.8e-05,"smoking","F001"
"3384","cg17192599",0.0062,0.0012,9.9e-08,1.8e-05,"smoking","F001"
"3385","cg18254819",0.0048,9e-04,9.9e-08,1.8e-05,"smoking","F001"
"3386","cg23928726",-0.0098,0.0018,1e-07,1.8e-05,"smoking","F001"
"3387","cg12798040",0.007,0.0013,1e-07,1.9e-05,"smoking","F001"
"3388","cg05076755",-0.0052,0.001,1e-07,1.9e-05,"smoking","F001"
"3389","cg21935536",-0.005,9e-04,1e-07,1.9e-05,"smoking","F001"
"3390","cg22103736",-0.0045,8e-04,1e-07,1.9e-05,"smoking","F001"
"3391","cg14667273",0.0034,6e-04,1e-07,1.9e-05,"smoking","F001"
"3392","cg18247172",0.0095,0.0018,1e-07,1.9e-05,"smoking","F001"
"3393","cg01728554",0.0029,5e-04,1e-07,1.9e-05,"smoking","F001"
"3394","cg03164561",0.01,0.0019,1e-07,1.9e-05,"smoking","F001"
"3395","cg01713950",-0.0116,0.0022,1e-07,1.9e-05,"smoking","F001"
"3396","cg11529819",0.0055,0.001,1e-07,1.9e-05,"smoking","F001"
"3397","cg25919221",-0.0077,0.0014,1e-07,1.9e-05,"smoking","F001"
"3398","cg14178364",-0.0064,0.0012,1e-07,1.9e-05,"smoking","F001"
"3399","cg25722983",-0.0115,0.0022,1e-07,1.9e-05,"smoking","F001"
"3400","cg24310500",0.0047,9e-04,1.1e-07,1.9e-05,"smoking","F001"
"3401","cg01930719",0.0076,0.0014,1.1e-07,1.9e-05,"smoking","F001"
"3402","cg12413156",0.005,9e-04,1.1e-07,2e-05,"smoking","F001"
"3403","cg03957124",-0.0088,0.0017,1.1e-07,2e-05,"smoking","F001"
"3404","cg01989521",-0.0026,5e-04,1.1e-07,2e-05,"smoking","F001"
"3405","cg11924019",-0.0096,0.0018,1.1e-07,2e-05,"smoking","F001"
"3406","cg15531512",0.0082,0.0015,1.1e-07,2e-05,"smoking","F001"
"3407","cg13106389",-0.0058,0.0011,1.1e-07,2e-05,"smoking","F001"
"3408","cg20640281",-0.0063,0.0012,1.1e-07,2e-05,"smoking","F001"
"3409","cg19731612",-0.0197,0.0037,1.1e-07,2e-05,"smoking","F001"
"3410","cg24408769",0.0114,0.0022,1.1e-07,2e-05,"smoking","F001"
"3411","cg14235811",-0.0079,0.0015,1.1e-07,2e-05,"smoking","F001"
"3412","cg15815084",-0.0241,0.0045,1.1e-07,2e-05,"smoking","F001"
"3413","cg06154570",0.0035,6e-04,1.1e-07,2e-05,"smoking","F001"
"3414","cg09507934",0.0083,0.0016,1.1e-07,2e-05,"smoking","F001"
"3415","cg06803853",-0.0025,5e-04,1.1e-07,2e-05,"smoking","F001"
"3416","cg03814093",-0.0126,0.0024,1.1e-07,2e-05,"smoking","F001"
"3417","cg01098955",-0.0107,0.002,1.1e-07,2e-05,"smoking","F001"
"3418","cg00232092",-0.0107,0.002,1.1e-07,2e-05,"smoking","F001"
"3419","cg14531564",-0.0065,0.0012,1.1e-07,2e-05,"smoking","F001"
"3420","cg05726935",-0.0087,0.0016,1.1e-07,2.1e-05,"smoking","F001"
"3421","cg15432711",-0.0053,0.001,1.1e-07,2.1e-05,"smoking","F001"
"3422","cg07808761",-0.0134,0.0025,1.1e-07,2.1e-05,"smoking","F001"
"3423","cg06855485",-0.0054,0.001,1.1e-07,2.1e-05,"smoking","F001"
"3424","cg02652579",-0.005,9e-04,1.2e-07,2.1e-05,"smoking","F001"
"3425","cg01836137",0.0067,0.0013,1.2e-07,2.1e-05,"smoking","F001"
"3426","cg06159340",-0.0083,0.0016,1.2e-07,2.1e-05,"smoking","F001"
"3427","cg13246856",-0.0107,0.002,1.2e-07,2.1e-05,"smoking","F001"
"3428","cg03185794",-0.0099,0.0019,1.2e-07,2.1e-05,"smoking","F001"
"3429","cg04158018",-0.0157,0.003,1.2e-07,2.1e-05,"smoking","F001"
"3430","cg10397819",-0.0054,0.001,1.2e-07,2.2e-05,"smoking","F001"
"3431","cg05329578",-0.0122,0.0023,1.2e-07,2.2e-05,"smoking","F001"
"3432","cg11238048",0.006,0.0011,1.2e-07,2.2e-05,"smoking","F001"
"3433","cg08701843",0.0034,6e-04,1.2e-07,2.2e-05,"smoking","F001"
"3434","cg09938443",-0.0065,0.0012,1.2e-07,2.2e-05,"smoking","F001"
"3435","cg09282085",-0.0057,0.0011,1.2e-07,2.2e-05,"smoking","F001"
"3436","cg03084901",0.003,6e-04,1.2e-07,2.2e-05,"smoking","F001"
"3437","cg08370996",0.0036,7e-04,1.2e-07,2.2e-05,"smoking","F001"
"3438","cg06261052",0.0063,0.0012,1.2e-07,2.2e-05,"smoking","F001"
"3439","cg05283597",0.0097,0.0018,1.2e-07,2.2e-05,"smoking","F001"
"3440","cg02187522",0.0058,0.0011,1.2e-07,2.2e-05,"smoking","F001"
"3441","cg09134760",-0.0083,0.0016,1.2e-07,2.2e-05,"smoking","F001"
"3442","cg03997105",-0.01,0.0019,1.2e-07,2.2e-05,"smoking","F001"
"3443","cg03970036",0.0044,8e-04,1.2e-07,2.2e-05,"smoking","F001"
"3444","cg23913963",-0.0121,0.0023,1.2e-07,2.2e-05,"smoking","F001"
"3445","cg11498582",-0.0053,0.001,1.2e-07,2.2e-05,"smoking","F001"
"3446","cg14145338",0.0067,0.0013,1.2e-07,2.2e-05,"smoking","F001"
"3447","cg23916646",0.0048,9e-04,1.2e-07,2.2e-05,"smoking","F001"
"3448","cg16675054",-0.0026,5e-04,1.2e-07,2.2e-05,"smoking","F001"
"3449","cg17635080",0.0071,0.0013,1.2e-07,2.2e-05,"smoking","F001"
"3450","cg08471846",-0.0076,0.0014,1.2e-07,2.2e-05,"smoking","F001"
"3451","cg11033273",-0.0051,0.001,1.2e-07,2.2e-05,"smoking","F001"
"3452","cg16640358",-0.0052,0.001,1.2e-07,2.2e-05,"smoking","F001"
"3453","cg12946660",-0.0143,0.0027,1.2e-07,2.2e-05,"smoking","F001"
"3454","cg12640656",-0.0066,0.0013,1.2e-07,2.2e-05,"smoking","F001"
"3455","cg06269419",-0.0104,0.002,1.3e-07,2.2e-05,"smoking","F001"
"3456","cg06915193",-0.0036,7e-04,1.3e-07,2.2e-05,"smoking","F001"
"3457","cg01060409",-0.0036,7e-04,1.3e-07,2.3e-05,"smoking","F001"
"3458","cg19063856",-0.0052,0.001,1.3e-07,2.3e-05,"smoking","F001"
"3459","cg20607293",-0.0058,0.0011,1.3e-07,2.3e-05,"smoking","F001"
"3460","cg08376824",-0.0084,0.0016,1.3e-07,2.3e-05,"smoking","F001"
"3461","cg06890522",-0.0065,0.0012,1.3e-07,2.3e-05,"smoking","F001"
"3462","cg21854952",0.0095,0.0018,1.3e-07,2.3e-05,"smoking","F001"
"3463","cg24556382",-0.0237,0.0045,1.3e-07,2.3e-05,"smoking","F001"
"3464","cg08898569",-0.0069,0.0013,1.3e-07,2.3e-05,"smoking","F001"
"3465","cg16822666",-0.0097,0.0018,1.3e-07,2.3e-05,"smoking","F001"
"3466","cg09291026",-0.0045,9e-04,1.3e-07,2.3e-05,"smoking","F001"
"3467","cg25537119",-0.007,0.0013,1.3e-07,2.3e-05,"smoking","F001"
"3468","cg16845623",0.0087,0.0017,1.3e-07,2.3e-05,"smoking","F001"
"3469","cg26573704",0.0028,5e-04,1.3e-07,2.3e-05,"smoking","F001"
"3470","cg01757312",0.0043,8e-04,1.3e-07,2.3e-05,"smoking","F001"
"3471","cg02470690",-0.0062,0.0012,1.3e-07,2.3e-05,"smoking","F001"
"3472","cg16699540",-0.0108,0.002,1.3e-07,2.3e-05,"smoking","F001"
"3473","cg15199181",0.0051,0.001,1.3e-07,2.4e-05,"smoking","F001"
"3474","cg00108715",-0.0054,0.001,1.3e-07,2.4e-05,"smoking","F001"
"3475","cg01335597",-0.0043,8e-04,1.3e-07,2.4e-05,"smoking","F001"
"3476","cg20630655",-0.0101,0.0019,1.3e-07,2.4e-05,"smoking","F001"
"3477","cg10323921",0.0078,0.0015,1.3e-07,2.4e-05,"smoking","F001"
"3478","cg05012902",-0.0046,9e-04,1.3e-07,2.4e-05,"smoking","F001"
"3479","cg00788170",-0.0046,9e-04,1.3e-07,2.4e-05,"smoking","F001"
"3480","cg02897366",-0.0073,0.0014,1.3e-07,2.4e-05,"smoking","F001"
"3481","cg10112407",0.0053,0.001,1.4e-07,2.4e-05,"smoking","F001"
"3482","cg07869830",-0.0063,0.0012,1.4e-07,2.4e-05,"smoking","F001"
"3483","cg19825437",-0.0144,0.0027,1.4e-07,2.4e-05,"smoking","F001"
"3484","cg00622799",0.0047,9e-04,1.4e-07,2.4e-05,"smoking","F001"
"3485","cg05881762",-0.01,0.0019,1.4e-07,2.4e-05,"smoking","F001"
"3486","cg00116699",0.0057,0.0011,1.4e-07,2.4e-05,"smoking","F001"
"3487","cg21399778",-0.005,9e-04,1.4e-07,2.4e-05,"smoking","F001"
"3488","cg11457534",-0.0044,8e-04,1.4e-07,2.4e-05,"smoking","F001"
"3489","cg15114651",-0.0077,0.0015,1.4e-07,2.4e-05,"smoking","F001"
"3490","cg10513161",0.0064,0.0012,1.4e-07,2.4e-05,"smoking","F001"
"3491","cg04039397",-0.0225,0.0043,1.4e-07,2.4e-05,"smoking","F001"
"3492","cg14479798",-0.0112,0.0021,1.4e-07,2.5e-05,"smoking","F001"
"3493","cg04046980",-0.0038,7e-04,1.4e-07,2.5e-05,"smoking","F001"
"3494","cg21428393",-0.0035,7e-04,1.4e-07,2.5e-05,"smoking","F001"
"3495","cg07061728",-0.0071,0.0014,1.4e-07,2.5e-05,"smoking","F001"
"3496","cg04563438",0.0039,7e-04,1.4e-07,2.5e-05,"smoking","F001"
"3497","cg25985504",0.0105,0.002,1.4e-07,2.5e-05,"smoking","F001"
"3498","cg10179300",-0.0124,0.0024,1.4e-07,2.5e-05,"smoking","F001"
"3499","cg05163057",-0.0065,0.0012,1.4e-07,2.5e-05,"smoking","F001"
"3500","cg26988138",0.0152,0.0029,1.4e-07,2.5e-05,"smoking","F001"
"3501","cg19514721",0.0074,0.0014,1.4e-07,2.5e-05,"smoking","F001"
"3502","cg08645860",0.0103,0.002,1.4e-07,2.5e-05,"smoking","F001"
"3503","cg16733203",0.0061,0.0012,1.4e-07,2.5e-05,"smoking","F001"
"3504","cg01970407",0.0067,0.0013,1.4e-07,2.5e-05,"smoking","F001"
"3505","cg25491122",0.0128,0.0024,1.4e-07,2.5e-05,"smoking","F001"
"3506","cg02487823",-0.0037,7e-04,1.4e-07,2.5e-05,"smoking","F001"
"3507","cg00202479",0.0068,0.0013,1.4e-07,2.5e-05,"smoking","F001"
"3508","cg02607319",0.0025,5e-04,1.4e-07,2.5e-05,"smoking","F001"
"3509","cg23360111",0.0058,0.0011,1.4e-07,2.5e-05,"smoking","F001"
"3510","cg10825315",0.0141,0.0027,1.5e-07,2.5e-05,"smoking","F001"
"3511","cg02818189",-0.0186,0.0035,1.5e-07,2.5e-05,"smoking","F001"
"3512","cg02714677",-0.0043,8e-04,1.5e-07,2.5e-05,"smoking","F001"
"3513","cg26069291",-0.0098,0.0019,1.5e-07,2.5e-05,"smoking","F001"
"3514","cg04997045",0.0078,0.0015,1.5e-07,2.6e-05,"smoking","F001"
"3515","cg03254067",0.0074,0.0014,1.5e-07,2.6e-05,"smoking","F001"
"3516","cg06362313",-0.0081,0.0015,1.5e-07,2.6e-05,"smoking","F001"
"3517","cg05445326",0.0039,7e-04,1.5e-07,2.6e-05,"smoking","F001"
"3518","cg02003272",-0.0111,0.0021,1.5e-07,2.6e-05,"smoking","F001"
"3519","cg02254056",0.0039,7e-04,1.5e-07,2.6e-05,"smoking","F001"
"3520","cg02176148",0.0024,5e-04,1.5e-07,2.6e-05,"smoking","F001"
"3521","cg13396060",0.0041,8e-04,1.5e-07,2.6e-05,"smoking","F001"
"3522","cg14439572",-0.007,0.0013,1.5e-07,2.6e-05,"smoking","F001"
"3523","cg18352916",-0.0051,0.001,1.5e-07,2.6e-05,"smoking","F001"
"3524","cg27571769",0.0046,9e-04,1.5e-07,2.6e-05,"smoking","F001"
"3525","cg14327296",-0.0043,8e-04,1.5e-07,2.6e-05,"smoking","F001"
"3526","cg18745507",0.0077,0.0015,1.5e-07,2.6e-05,"smoking","F001"
"3527","cg02925367",0.0037,7e-04,1.5e-07,2.6e-05,"smoking","F001"
"3528","cg05141333",-0.0027,5e-04,1.5e-07,2.6e-05,"smoking","F001"
"3529","cg15144068",-0.0081,0.0015,1.5e-07,2.6e-05,"smoking","F001"
"3530","cg00139947",0.0075,0.0014,1.5e-07,2.6e-05,"smoking","F001"
"3531","cg01538969",0.007,0.0013,1.5e-07,2.6e-05,"smoking","F001"
"3532","cg13867370",-0.0077,0.0015,1.5e-07,2.6e-05,"smoking","F001"
"3533","cg07905054",0.0051,0.001,1.5e-07,2.6e-05,"smoking","F001"
"3534","cg18814344",0.0041,8e-04,1.5e-07,2.6e-05,"smoking","F001"
"3535","cg04388657",-0.0182,0.0035,1.5e-07,2.7e-05,"smoking","F001"
"3536","cg18468844",-0.0079,0.0015,1.5e-07,2.7e-05,"smoking","F001"
"3537","cg15226147",-0.0054,0.001,1.5e-07,2.7e-05,"smoking","F001"
"3538","cg16186435",-0.0069,0.0013,1.5e-07,2.7e-05,"smoking","F001"
"3539","cg16497398",-0.0117,0.0022,1.5e-07,2.7e-05,"smoking","F001"
"3540","cg03008525",-0.0035,7e-04,1.6e-07,2.7e-05,"smoking","F001"
"3541","cg00232996",-0.0041,8e-04,1.6e-07,2.7e-05,"smoking","F001"
"3542","cg01192748",-0.0108,0.0021,1.6e-07,2.7e-05,"smoking","F001"
"3543","cg08446900",0.0049,9e-04,1.6e-07,2.7e-05,"smoking","F001"
"3544","cg07082267",-0.0039,7e-04,1.6e-07,2.7e-05,"smoking","F001"
"3545","cg21686600",-0.0089,0.0017,1.6e-07,2.7e-05,"smoking","F001"
"3546","cg01891966",-0.0109,0.0021,1.6e-07,2.7e-05,"smoking","F001"
"3547","cg10160397",0.0033,6e-04,1.6e-07,2.7e-05,"smoking","F001"
"3548","cg02743070",-0.012,0.0023,1.6e-07,2.7e-05,"smoking","F001"
"3549","cg25707722",0.0047,9e-04,1.6e-07,2.7e-05,"smoking","F001"
"3550","cg13485366",0.011,0.0021,1.6e-07,2.7e-05,"smoking","F001"
"3551","cg00946598",-0.0028,5e-04,1.6e-07,2.7e-05,"smoking","F001"
"3552","cg09425279",0.0074,0.0014,1.6e-07,2.7e-05,"smoking","F001"
"3553","cg18859174",0.006,0.0011,1.6e-07,2.7e-05,"smoking","F001"
"3554","cg02477579",-0.0028,5e-04,1.6e-07,2.7e-05,"smoking","F001"
"3555","cg26221631",0.0027,5e-04,1.6e-07,2.8e-05,"smoking","F001"
"3556","cg13278353",-0.0097,0.0019,1.6e-07,2.8e-05,"smoking","F001"
"3557","cg19863740",0.0057,0.0011,1.6e-07,2.8e-05,"smoking","F001"
"3558","cg00020474",0.0069,0.0013,1.6e-07,2.8e-05,"smoking","F001"
"3559","cg03152187",0.0043,8e-04,1.6e-07,2.8e-05,"smoking","F001"
"3560","cg23143090",0.0061,0.0012,1.6e-07,2.8e-05,"smoking","F001"
"3561","cg20622019",-0.0038,7e-04,1.6e-07,2.8e-05,"smoking","F001"
"3562","cg09352789",-0.0081,0.0016,1.7e-07,2.8e-05,"smoking","F001"
"3563","cg07009895",0.0039,8e-04,1.7e-07,2.8e-05,"smoking","F001"
"3564","cg08658594",0.0043,8e-04,1.7e-07,2.8e-05,"smoking","F001"
"3565","cg14399122",-0.0098,0.0019,1.7e-07,2.8e-05,"smoking","F001"
"3566","cg25385366",0.0138,0.0026,1.7e-07,2.8e-05,"smoking","F001"
"3567","cg03679544",-0.0084,0.0016,1.7e-07,2.9e-05,"smoking","F001"
"3568","cg01252219",0.0048,9e-04,1.7e-07,2.9e-05,"smoking","F001"
"3569","cg16209860",-0.0061,0.0012,1.7e-07,2.9e-05,"smoking","F001"
"3570","cg01419914",-0.0114,0.0022,1.7e-07,2.9e-05,"smoking","F001"
"3571","cg02205391",-0.0074,0.0014,1.7e-07,2.9e-05,"smoking","F001"
"3572","cg21604136",0.0058,0.0011,1.7e-07,2.9e-05,"smoking","F001"
"3573","cg20051772",-0.0087,0.0017,1.7e-07,2.9e-05,"smoking","F001"
"3574","cg02311364",0.0043,8e-04,1.7e-07,2.9e-05,"smoking","F001"
"3575","cg09148268",0.0045,9e-04,1.7e-07,2.9e-05,"smoking","F001"
"3576","cg04164838",-0.0158,0.003,1.7e-07,2.9e-05,"smoking","F001"
"3577","cg05796261",-0.0054,0.001,1.7e-07,2.9e-05,"smoking","F001"
"3578","cg12899747",0.01,0.0019,1.7e-07,2.9e-05,"smoking","F001"
"3579","cg09737019",0.0092,0.0018,1.7e-07,2.9e-05,"smoking","F001"
"3580","cg08109625",0.0043,8e-04,1.7e-07,2.9e-05,"smoking","F001"
"3581","cg10416593",-0.0097,0.0019,1.7e-07,2.9e-05,"smoking","F001"
"3582","cg21483922",0.0057,0.0011,1.7e-07,2.9e-05,"smoking","F001"
"3583","cg11571563",0.0038,7e-04,1.7e-07,2.9e-05,"smoking","F001"
"3584","cg06826457",-0.0107,0.0021,1.8e-07,2.9e-05,"smoking","F001"
"3585","cg04675251",0.0085,0.0016,1.8e-07,3e-05,"smoking","F001"
"3586","cg14607642",0.007,0.0013,1.8e-07,3e-05,"smoking","F001"
"3587","cg27466845",-0.0086,0.0016,1.8e-07,3e-05,"smoking","F001"
"3588","cg16134718",-0.0053,0.001,1.8e-07,3e-05,"smoking","F001"
"3589","cg23539261",0.0065,0.0012,1.8e-07,3e-05,"smoking","F001"
"3590","cg12198934",-0.005,9e-04,1.8e-07,3e-05,"smoking","F001"
"3591","cg14389669",-0.0123,0.0024,1.8e-07,3e-05,"smoking","F001"
"3592","cg16705546",0.0125,0.0024,1.8e-07,3e-05,"smoking","F001"
"3593","cg03981596",0.0047,9e-04,1.8e-07,3e-05,"smoking","F001"
"3594","cg15309361",0.0068,0.0013,1.8e-07,3e-05,"smoking","F001"
"3595","cg21236860",-0.0064,0.0012,1.8e-07,3e-05,"smoking","F001"
"3596","cg05477514",0.0038,7e-04,1.8e-07,3e-05,"smoking","F001"
"3597","cg23716800",0.0031,6e-04,1.8e-07,3e-05,"smoking","F001"
"3598","cg22234419",-0.0057,0.0011,1.8e-07,3e-05,"smoking","F001"
"3599","cg12535280",0.0059,0.0011,1.8e-07,3.1e-05,"smoking","F001"
"3600","cg11668844",0.0059,0.0011,1.8e-07,3.1e-05,"smoking","F001"
"3601","cg04508114",0.0074,0.0014,1.8e-07,3.1e-05,"smoking","F001"
"3602","cg26915952",-0.0143,0.0027,1.8e-07,3.1e-05,"smoking","F001"
"3603","cg10172979",-0.0155,0.003,1.8e-07,3.1e-05,"smoking","F001"
"3604","cg13832372",-0.0122,0.0023,1.8e-07,3.1e-05,"smoking","F001"
"3605","cg13592064",-0.0056,0.0011,1.9e-07,3.1e-05,"smoking","F001"
"3606","cg19530728",-0.0075,0.0014,1.9e-07,3.1e-05,"smoking","F001"
"3607","cg04970434",0.009,0.0017,1.9e-07,3.1e-05,"smoking","F001"
"3608","cg03366574",0.0078,0.0015,1.9e-07,3.1e-05,"smoking","F001"
"3609","cg15344028",-0.0146,0.0028,1.9e-07,3.1e-05,"smoking","F001"
"3610","cg04111478",-0.013,0.0025,1.9e-07,3.1e-05,"smoking","F001"
"3611","cg15074047",0.0079,0.0015,1.9e-07,3.1e-05,"smoking","F001"
"3612","cg23759710",0.0043,8e-04,1.9e-07,3.1e-05,"smoking","F001"
"3613","cg03597491",0.0062,0.0012,1.9e-07,3.1e-05,"smoking","F001"
"3614","cg13501527",-0.0099,0.0019,1.9e-07,3.1e-05,"smoking","F001"
"3615","cg21428681",0.0035,7e-04,1.9e-07,3.2e-05,"smoking","F001"
"3616","cg24125648",0.0035,7e-04,1.9e-07,3.2e-05,"smoking","F001"
"3617","cg08482979",0.0071,0.0014,1.9e-07,3.2e-05,"smoking","F001"
"3618","cg03363633",0.0045,9e-04,1.9e-07,3.2e-05,"smoking","F001"
"3619","cg15962267",-0.0088,0.0017,1.9e-07,3.2e-05,"smoking","F001"
"3620","cg10965478",-0.0057,0.0011,1.9e-07,3.2e-05,"smoking","F001"
"3621","cg13200575",-0.0051,0.001,1.9e-07,3.2e-05,"smoking","F001"
"3622","cg25085245",-0.0066,0.0013,1.9e-07,3.2e-05,"smoking","F001"
"3623","cg16214653",0.0087,0.0017,1.9e-07,3.2e-05,"smoking","F001"
"3624","cg17010394",0.0041,8e-04,1.9e-07,3.2e-05,"smoking","F001"
"3625","cg00923744",-0.0059,0.0011,1.9e-07,3.2e-05,"smoking","F001"
"3626","cg03634479",0.0116,0.0022,2e-07,3.2e-05,"smoking","F001"
"3627","cg09623400",0.0047,9e-04,2e-07,3.2e-05,"smoking","F001"
"3628","cg26788216",-0.0121,0.0023,2e-07,3.2e-05,"smoking","F001"
"3629","cg21035374",-0.0049,9e-04,2e-07,3.3e-05,"smoking","F001"
"3630","cg09479650",0.0048,9e-04,2e-07,3.3e-05,"smoking","F001"
"3631","cg17930194",-0.0186,0.0036,2e-07,3.3e-05,"smoking","F001"
"3632","cg26076905",0.0075,0.0014,2e-07,3.3e-05,"smoking","F001"
"3633","cg11288801",-0.0098,0.0019,2e-07,3.3e-05,"smoking","F001"
"3634","cg02775417",-0.0029,6e-04,2e-07,3.3e-05,"smoking","F001"
"3635","cg11808699",0.0103,0.002,2e-07,3.3e-05,"smoking","F001"
"3636","cg14873022",0.0132,0.0025,2e-07,3.3e-05,"smoking","F001"
"3637","cg09033638",-0.0059,0.0011,2e-07,3.3e-05,"smoking","F001"
"3638","cg04912273",-0.0042,8e-04,2e-07,3.3e-05,"smoking","F001"
"3639","cg21307628",0.0031,6e-04,2e-07,3.3e-05,"smoking","F001"
"3640","cg17737835",0.0051,0.001,2e-07,3.3e-05,"smoking","F001"
"3641","cg02257405",-0.0059,0.0011,2e-07,3.4e-05,"smoking","F001"
"3642","cg26321670",0.0034,7e-04,2e-07,3.4e-05,"smoking","F001"
"3643","cg13995516",0.0049,9e-04,2.1e-07,3.4e-05,"smoking","F001"
"3644","cg14789659",-0.0077,0.0015,2.1e-07,3.4e-05,"smoking","F001"
"3645","cg14794655",-0.0067,0.0013,2.1e-07,3.4e-05,"smoking","F001"
"3646","cg12702615",-0.003,6e-04,2.1e-07,3.4e-05,"smoking","F001"
"3647","cg02218324",0.0064,0.0012,2.1e-07,3.4e-05,"smoking","F001"
"3648","cg09726279",-0.0051,0.001,2.1e-07,3.4e-05,"smoking","F001"
"3649","cg00736984",-0.0042,8e-04,2.1e-07,3.4e-05,"smoking","F001"
"3650","cg12432568",0.0098,0.0019,2.1e-07,3.4e-05,"smoking","F001"
"3651","cg00698126",-0.0079,0.0015,2.1e-07,3.5e-05,"smoking","F001"
"3652","cg03058163",-0.0066,0.0013,2.1e-07,3.5e-05,"smoking","F001"
"3653","cg15159104",0.0061,0.0012,2.1e-07,3.5e-05,"smoking","F001"
"3654","cg00360761",0.0112,0.0022,2.1e-07,3.5e-05,"smoking","F001"
"3655","cg21220374",-0.0128,0.0025,2.1e-07,3.5e-05,"smoking","F001"
"3656","cg19431495",-0.0079,0.0015,2.2e-07,3.5e-05,"smoking","F001"
"3657","cg19283264",0.003,6e-04,2.2e-07,3.5e-05,"smoking","F001"
"3658","cg00329618",0.0044,9e-04,2.2e-07,3.6e-05,"smoking","F001"
"3659","cg02776313",-0.0065,0.0013,2.2e-07,3.6e-05,"smoking","F001"
"3660","cg24250902",-0.0162,0.0031,2.2e-07,3.6e-05,"smoking","F001"
"3661","cg08827454",0.005,0.001,2.2e-07,3.6e-05,"smoking","F001"
"3662","cg14977938",0.018,0.0035,2.2e-07,3.6e-05,"smoking","F001"
"3663","cg07735969",-0.0039,8e-04,2.2e-07,3.6e-05,"smoking","F001"
"3664","cg18222590",-0.0067,0.0013,2.2e-07,3.6e-05,"smoking","F001"
"3665","cg13669080",0.004,8e-04,2.2e-07,3.6e-05,"smoking","F001"
"3666","cg16642695",-0.008,0.0016,2.2e-07,3.7e-05,"smoking","F001"
"3667","cg03743262",0.0036,7e-04,2.3e-07,3.7e-05,"smoking","F001"
"3668","cg10186456",0.0088,0.0017,2.3e-07,3.7e-05,"smoking","F001"
"3669","cg26470501",-0.0123,0.0024,2.3e-07,3.7e-05,"smoking","F001"
"3670","cg01732465",-0.0039,7e-04,2.3e-07,3.7e-05,"smoking","F001"
"3671","cg14885762",-0.0071,0.0014,2.3e-07,3.7e-05,"smoking","F001"
"3672","cg10316899",-0.0123,0.0024,2.3e-07,3.7e-05,"smoking","F001"
"3673","cg13279476",-0.0096,0.0019,2.3e-07,3.7e-05,"smoking","F001"
"3674","cg15633035",-0.013,0.0025,2.3e-07,3.7e-05,"smoking","F001"
"3675","cg22041033",-0.0042,8e-04,2.3e-07,3.7e-05,"smoking","F001"
"3676","cg19382657",-0.0054,0.001,2.3e-07,3.7e-05,"smoking","F001"
"3677","cg15498134",-0.0139,0.0027,2.3e-07,3.7e-05,"smoking","F001"
"3678","cg14689515",-0.0112,0.0022,2.3e-07,3.7e-05,"smoking","F001"
"3679","cg20454518",0.0142,0.0028,2.3e-07,3.7e-05,"smoking","F001"
"3680","cg00833777",0.0081,0.0016,2.3e-07,3.7e-05,"smoking","F001"
"3681","cg26404511",0.0087,0.0017,2.3e-07,3.7e-05,"smoking","F001"
"3682","cg00950497",0.0124,0.0024,2.3e-07,3.7e-05,"smoking","F001"
"3683","cg19949550",-0.0081,0.0016,2.3e-07,3.7e-05,"smoking","F001"
"3684","cg16341836",-0.0073,0.0014,2.3e-07,3.7e-05,"smoking","F001"
"3685","cg08376141",0.0082,0.0016,2.3e-07,3.7e-05,"smoking","F001"
"3686","cg18631996",0.0047,9e-04,2.3e-07,3.7e-05,"smoking","F001"
"3687","cg24892069",-0.0136,0.0026,2.3e-07,3.7e-05,"smoking","F001"
"3688","cg08669010",-0.0033,6e-04,2.3e-07,3.7e-05,"smoking","F001"
"3689","cg11641006",0.0093,0.0018,2.3e-07,3.7e-05,"smoking","F001"
"3690","cg26058502",-0.008,0.0016,2.3e-07,3.8e-05,"smoking","F001"
"3691","cg05724492",-0.0077,0.0015,2.3e-07,3.8e-05,"smoking","F001"
"3692","cg11730703",0.0091,0.0018,2.4e-07,3.8e-05,"smoking","F001"
"3693","cg24023489",-0.007,0.0014,2.4e-07,3.8e-05,"smoking","F001"
"3694","cg06742077",-0.0127,0.0025,2.4e-07,3.8e-05,"smoking","F001"
"3695","cg02188939",-0.0067,0.0013,2.4e-07,3.8e-05,"smoking","F001"
"3696","cg25417766",0.0054,0.0011,2.4e-07,3.8e-05,"smoking","F001"
"3697","cg07060505",0.0043,8e-04,2.4e-07,3.9e-05,"smoking","F001"
"3698","cg20103692",0.0126,0.0024,2.4e-07,3.9e-05,"smoking","F001"
"3699","cg16942327",0.0057,0.0011,2.4e-07,3.9e-05,"smoking","F001"
"3700","cg20696737",0.0061,0.0012,2.4e-07,3.9e-05,"smoking","F001"
"3701","cg02229288",-0.0039,7e-04,2.4e-07,3.9e-05,"smoking","F001"
"3702","cg19180602",-0.0069,0.0013,2.4e-07,3.9e-05,"smoking","F001"
"3703","cg06401414",-0.0071,0.0014,2.4e-07,3.9e-05,"smoking","F001"
"3704","cg23907108",-0.0105,0.002,2.4e-07,3.9e-05,"smoking","F001"
"3705","cg04446579",0.0041,8e-04,2.4e-07,3.9e-05,"smoking","F001"
"3706","cg00360474",0.0061,0.0012,2.4e-07,3.9e-05,"smoking","F001"
"3707","cg04064701",0.0039,8e-04,2.5e-07,3.9e-05,"smoking","F001"
"3708","cg24670552",-0.0108,0.0021,2.5e-07,3.9e-05,"smoking","F001"
"3709","cg10139742",0.0048,9e-04,2.5e-07,3.9e-05,"smoking","F001"
"3710","cg19690403",0.0066,0.0013,2.5e-07,4e-05,"smoking","F001"
"3711","cg08825699",-0.0162,0.0031,2.5e-07,4e-05,"smoking","F001"
"3712","cg00748195",0.0087,0.0017,2.5e-07,4e-05,"smoking","F001"
"3713","cg01432620",-0.005,0.001,2.5e-07,4e-05,"smoking","F001"
"3714","cg03483626",-0.0113,0.0022,2.5e-07,4e-05,"smoking","F001"
"3715","cg05711036",-0.0128,0.0025,2.5e-07,4e-05,"smoking","F001"
"3716","cg04392554",0.0153,0.003,2.5e-07,4e-05,"smoking","F001"
"3717","cg23196549",-0.0136,0.0026,2.5e-07,4e-05,"smoking","F001"
"3718","cg07134316",-0.0122,0.0024,2.6e-07,4.1e-05,"smoking","F001"
"3719","cg25029657",0.0071,0.0014,2.6e-07,4.2e-05,"smoking","F001"
"3720","cg17647904",0.0088,0.0017,2.6e-07,4.2e-05,"smoking","F001"
"3721","cg00148223",-0.0098,0.0019,2.6e-07,4.2e-05,"smoking","F001"
"3722","cg13293524",-0.0032,6e-04,2.6e-07,4.2e-05,"smoking","F001"
"3723","cg04370247",-0.0082,0.0016,2.6e-07,4.2e-05,"smoking","F001"
"3724","cg10718608",0.0078,0.0015,2.6e-07,4.2e-05,"smoking","F001"
"3725","cg20090782",-0.0052,0.001,2.6e-07,4.2e-05,"smoking","F001"
"3726","cg06770878",0.0076,0.0015,2.7e-07,4.2e-05,"smoking","F001"
"3727","cg21149708",0.0059,0.0011,2.7e-07,4.2e-05,"smoking","F001"
"3728","cg01996116",-0.0095,0.0018,2.7e-07,4.2e-05,"smoking","F001"
"3729","cg16315334",0.0067,0.0013,2.7e-07,4.2e-05,"smoking","F001"
"3730","cg14663208",0.0099,0.0019,2.7e-07,4.2e-05,"smoking","F001"
"3731","cg21325715",-0.0071,0.0014,2.7e-07,4.2e-05,"smoking","F001"
"3732","cg05765011",-0.0086,0.0017,2.7e-07,4.3e-05,"smoking","F001"
"3733","cg22698028",0.0093,0.0018,2.7e-07,4.3e-05,"smoking","F001"
"3734","cg01255894",-0.0018,4e-04,2.7e-07,4.3e-05,"smoking","F001"
"3735","cg03850035",-0.0067,0.0013,2.7e-07,4.3e-05,"smoking","F001"
"3736","cg12829360",0.0023,4e-04,2.7e-07,4.3e-05,"smoking","F001"
"3737","cg01536956",-0.01,0.0019,2.7e-07,4.3e-05,"smoking","F001"
"3738","cg00187557",0.003,6e-04,2.7e-07,4.3e-05,"smoking","F001"
"3739","cg22850925",0.007,0.0014,2.7e-07,4.3e-05,"smoking","F001"
"3740","cg15554421",-0.0131,0.0025,2.7e-07,4.3e-05,"smoking","F001"
"3741","cg26084700",-0.0069,0.0013,2.7e-07,4.3e-05,"smoking","F001"
"3742","cg07890553",0.0114,0.0022,2.7e-07,4.3e-05,"smoking","F001"
"3743","cg15022400",-0.015,0.0029,2.7e-07,4.3e-05,"smoking","F001"
"3744","cg13379236",0.0086,0.0017,2.7e-07,4.3e-05,"smoking","F001"
"3745","cg12214647",-0.0022,4e-04,2.7e-07,4.3e-05,"smoking","F001"
"3746","cg18551353",-0.0031,6e-04,2.7e-07,4.3e-05,"smoking","F001"
"3747","cg27516100",0.0047,9e-04,2.7e-07,4.3e-05,"smoking","F001"
"3748","cg02390801",0.004,8e-04,2.8e-07,4.3e-05,"smoking","F001"
"3749","cg22490254",0.0081,0.0016,2.8e-07,4.4e-05,"smoking","F001"
"3750","cg06334495",-0.0072,0.0014,2.8e-07,4.4e-05,"smoking","F001"
"3751","cg13305415",-0.0095,0.0018,2.8e-07,4.4e-05,"smoking","F001"
"3752","cg07760161",-0.0055,0.0011,2.8e-07,4.4e-05,"smoking","F001"
"3753","cg03456213",0.0057,0.0011,2.8e-07,4.4e-05,"smoking","F001"
"3754","cg19939077",-0.007,0.0014,2.8e-07,4.4e-05,"smoking","F001"
"3755","cg00816240",-0.0043,8e-04,2.8e-07,4.4e-05,"smoking","F001"
"3756","cg02956248",-0.0134,0.0026,2.8e-07,4.4e-05,"smoking","F001"
"3757","cg00687674",0.0164,0.0032,2.8e-07,4.4e-05,"smoking","F001"
"3758","cg16535018",0.0047,9e-04,2.8e-07,4.4e-05,"smoking","F001"
"3759","cg17747551",-0.007,0.0014,2.9e-07,4.5e-05,"smoking","F001"
"3760","cg23829395",-0.0112,0.0022,2.9e-07,4.5e-05,"smoking","F001"
"3761","cg19798735",-0.0186,0.0036,2.9e-07,4.5e-05,"smoking","F001"
"3762","cg04475027",0.0042,8e-04,2.9e-07,4.5e-05,"smoking","F001"
"3763","cg15920669",0.0035,7e-04,2.9e-07,4.5e-05,"smoking","F001"
"3764","cg00968800",-0.0031,6e-04,2.9e-07,4.5e-05,"smoking","F001"
"3765","cg14907310",0.0078,0.0015,2.9e-07,4.5e-05,"smoking","F001"
"3766","cg03156769",0.0043,8e-04,2.9e-07,4.6e-05,"smoking","F001"
"3767","cg17501395",-0.0159,0.0031,2.9e-07,4.6e-05,"smoking","F001"
"3768","cg17069473",0.0034,7e-04,2.9e-07,4.6e-05,"smoking","F001"
"3769","cg02952078",-0.0063,0.0012,3e-07,4.6e-05,"smoking","F001"
"3770","cg23365801",-0.0106,0.0021,3e-07,4.6e-05,"smoking","F001"
"3771","cg06394460",-0.0201,0.0039,3e-07,4.6e-05,"smoking","F001"
"3772","cg24484352",0.0076,0.0015,3e-07,4.7e-05,"smoking","F001"
"3773","cg16474684",-0.0058,0.0011,3e-07,4.7e-05,"smoking","F001"
"3774","cg27303735",-0.0101,0.002,3e-07,4.7e-05,"smoking","F001"
"3775","cg08556107",0.0027,5e-04,3e-07,4.7e-05,"smoking","F001"
"3776","cg13426079",-0.0094,0.0018,3e-07,4.7e-05,"smoking","F001"
"3777","cg15007228",-0.0041,8e-04,3e-07,4.7e-05,"smoking","F001"
"3778","cg16009311",-0.0154,0.003,3e-07,4.7e-05,"smoking","F001"
"3779","cg04519775",-0.0061,0.0012,3.1e-07,4.7e-05,"smoking","F001"
"3780","cg07298547",0.0079,0.0015,3.1e-07,4.7e-05,"smoking","F001"
"3781","cg21158528",-0.0071,0.0014,3.1e-07,4.7e-05,"smoking","F001"
"3782","cg08295410",0.0032,6e-04,3.1e-07,4.7e-05,"smoking","F001"
"3783","cg21875330",0.0036,7e-04,3.1e-07,4.8e-05,"smoking","F001"
"3784","cg09021712",-0.0043,8e-04,3.1e-07,4.8e-05,"smoking","F001"
"3785","cg21466315",-0.0054,0.001,3.1e-07,4.8e-05,"smoking","F001"
"3786","cg19479086",-0.0039,8e-04,3.1e-07,4.8e-05,"smoking","F001"
"3787","cg16302655",-0.01,0.002,3.1e-07,4.8e-05,"smoking","F001"
"3788","cg22855020",0.0056,0.0011,3.1e-07,4.8e-05,"smoking","F001"
"3789","cg07143961",-0.0029,6e-04,3.1e-07,4.8e-05,"smoking","F001"
"3790","cg06473288",-0.006,0.0012,3.1e-07,4.9e-05,"smoking","F001"
"3791","cg12761472",-0.0089,0.0017,3.2e-07,4.9e-05,"smoking","F001"
"3792","cg16686174",-0.0036,7e-04,3.2e-07,4.9e-05,"smoking","F001"
"3793","cg17479280",0.0056,0.0011,3.2e-07,4.9e-05,"smoking","F001"
"3794","cg10313947",0.0043,8e-04,3.2e-07,4.9e-05,"smoking","F001"
"3795","cg03759239",0.0053,0.001,3.2e-07,4.9e-05,"smoking","F001"
"3796","cg13442016",-0.0124,0.0024,3.2e-07,4.9e-05,"smoking","F001"
"3797","cg12587087",0.0078,0.0015,3.2e-07,4.9e-05,"smoking","F001"
"3798","cg19108771",0.0104,0.002,3.2e-07,4.9e-05,"smoking","F001"
"3799","cg13388830",-0.0062,0.0012,3.2e-07,4.9e-05,"smoking","F001"
"3800","cg22595230",-0.0178,0.0035,3.2e-07,4.9e-05,"smoking","F001"
"3801","cg10234506",-0.0075,0.0015,3.2e-07,4.9e-05,"smoking","F001"
"3802","cg05007549",-0.006,0.0012,3.2e-07,4.9e-05,"smoking","F001"
"3803","cg05308656",-0.0175,0.0034,3.2e-07,4.9e-05,"smoking","F001"
"3804","cg03605542",-0.0061,0.0012,3.2e-07,4.9e-05,"smoking","F001"
"3805","cg24476449",-0.0063,0.0012,3.2e-07,4.9e-05,"smoking","F001"
"3806","cg12999267",0.012,0.0024,3.2e-07,5e-05,"smoking","F001"
"3807","cg06998765",-0.0086,0.0017,3.2e-07,5e-05,"smoking","F001"
"3808","cg01847441",-0.0062,0.0012,3.2e-07,5e-05,"smoking","F001"
"3809","cg08595501",-0.0148,0.0029,3.3e-07,5e-05,"smoking","F001"
"3810","cg05110943",-0.0078,0.0015,3.3e-07,5e-05,"smoking","F001"
"3811","cg09564253",-0.0072,0.0014,3.3e-07,5e-05,"smoking","F001"
"3812","cg19074748",0.0032,6e-04,3.3e-07,5e-05,"smoking","F001"
"3813","cg25652701",0.0056,0.0011,3.3e-07,5e-05,"smoking","F001"
"3814","cg08445550",-0.0082,0.0016,3.3e-07,5e-05,"smoking","F001"
"3815","cg12352038",-0.0026,5e-04,3.3e-07,5e-05,"smoking","F001"
"3816","cg11649376",-0.0128,0.0025,3.3e-07,5.1e-05,"smoking","F001"
"3817","cg18482303",0.0102,0.002,3.3e-07,5.1e-05,"smoking","F001"
"3818","cg02257550",-0.0079,0.0015,3.3e-07,5.1e-05,"smoking","F001"
"3819","cg15777335",0.0041,8e-04,3.3e-07,5.1e-05,"smoking","F001"
"3820","cg06874426",-0.006,0.0012,3.3e-07,5.1e-05,"smoking","F001"
"3821","cg06258780",0.004,8e-04,3.4e-07,5.1e-05,"smoking","F001"
"3822","cg08248751",-0.0041,8e-04,3.4e-07,5.1e-05,"smoking","F001"
"3823","cg27009703",0.0065,0.0013,3.4e-07,5.1e-05,"smoking","F001"
"3824","cg11234339",-0.0062,0.0012,3.4e-07,5.1e-05,"smoking","F001"
"3825","cg03910874",-0.0055,0.0011,3.4e-07,5.2e-05,"smoking","F001"
"3826","cg26452056",0.0038,7e-04,3.4e-07,5.2e-05,"smoking","F001"
"3827","cg16660971",0.0074,0.0015,3.4e-07,5.2e-05,"smoking","F001"
"3828","cg16116321",-0.0137,0.0027,3.4e-07,5.2e-05,"smoking","F001"
"3829","cg06505619",-0.0119,0.0023,3.4e-07,5.2e-05,"smoking","F001"
"3830","cg10576725",-0.0039,8e-04,3.4e-07,5.2e-05,"smoking","F001"
"3831","cg01411912",-0.0054,0.0011,3.4e-07,5.2e-05,"smoking","F001"
"3832","cg12393668",0.0065,0.0013,3.4e-07,5.2e-05,"smoking","F001"
"3833","cg19634252",0.0071,0.0014,3.4e-07,5.2e-05,"smoking","F001"
"3834","cg19880751",0.0073,0.0014,3.4e-07,5.2e-05,"smoking","F001"
"3835","cg04011173",-0.0119,0.0023,3.4e-07,5.2e-05,"smoking","F001"
"3836","cg24898914",-0.0058,0.0011,3.4e-07,5.2e-05,"smoking","F001"
"3837","cg16310077",-0.0094,0.0019,3.4e-07,5.2e-05,"smoking","F001"
"3838","cg20267101",-0.0088,0.0017,3.5e-07,5.2e-05,"smoking","F001"
"3839","cg19501902",-0.0093,0.0018,3.5e-07,5.2e-05,"smoking","F001"
"3840","cg04606020",-0.0079,0.0016,3.5e-07,5.3e-05,"smoking","F001"
"3841","cg14795268",-0.0069,0.0014,3.5e-07,5.3e-05,"smoking","F001"
"3842","cg18952026",0.0036,7e-04,3.5e-07,5.3e-05,"smoking","F001"
"3843","cg24709951",0.0152,0.003,3.5e-07,5.3e-05,"smoking","F001"
"3844","cg26691434",0.0038,8e-04,3.5e-07,5.3e-05,"smoking","F001"
"3845","cg14242936",0.0046,9e-04,3.5e-07,5.3e-05,"smoking","F001"
"3846","cg01119319",0.0084,0.0016,3.5e-07,5.3e-05,"smoking","F001"
"3847","cg18940830",0.0029,6e-04,3.5e-07,5.3e-05,"smoking","F001"
"3848","cg18882449",0.0088,0.0017,3.5e-07,5.3e-05,"smoking","F001"
"3849","cg22945467",0.0054,0.0011,3.5e-07,5.3e-05,"smoking","F001"
"3850","cg00110832",-0.0044,9e-04,3.5e-07,5.3e-05,"smoking","F001"
"3851","cg14747813",0.0091,0.0018,3.5e-07,5.3e-05,"smoking","F001"
"3852","cg05303057",0.0029,6e-04,3.6e-07,5.4e-05,"smoking","F001"
"3853","cg19203115",0.0085,0.0017,3.6e-07,5.4e-05,"smoking","F001"
"3854","cg25582283",0.0035,7e-04,3.6e-07,5.4e-05,"smoking","F001"
"3855","cg08623277",0.0041,8e-04,3.6e-07,5.4e-05,"smoking","F001"
"3856","cg23474723",-0.005,0.001,3.6e-07,5.4e-05,"smoking","F001"
"3857","cg25006194",0.0045,9e-04,3.6e-07,5.4e-05,"smoking","F001"
"3858","cg08282145",0.0048,9e-04,3.6e-07,5.4e-05,"smoking","F001"
"3859","cg23902994",-0.0088,0.0017,3.6e-07,5.4e-05,"smoking","F001"
"3860","cg10457247",-0.005,0.001,3.6e-07,5.4e-05,"smoking","F001"
"3861","cg00839579",-0.0038,7e-04,3.6e-07,5.4e-05,"smoking","F001"
"3862","cg17018786",0.0038,7e-04,3.6e-07,5.4e-05,"smoking","F001"
"3863","cg06632310",-0.0063,0.0012,3.6e-07,5.5e-05,"smoking","F001"
"3864","cg10380221",0.0091,0.0018,3.7e-07,5.5e-05,"smoking","F001"
"3865","cg18583329",-0.0044,9e-04,3.7e-07,5.5e-05,"smoking","F001"
"3866","cg21090033",0.0064,0.0013,3.7e-07,5.5e-05,"smoking","F001"
"3867","cg18836847",-0.005,0.001,3.7e-07,5.5e-05,"smoking","F001"
"3868","cg03599037",-0.0048,9e-04,3.7e-07,5.5e-05,"smoking","F001"
"3869","cg20377376",-0.0054,0.0011,3.7e-07,5.6e-05,"smoking","F001"
"3870","cg17284553",-0.005,0.001,3.7e-07,5.6e-05,"smoking","F001"
"3871","cg15235999",0.0128,0.0025,3.7e-07,5.6e-05,"smoking","F001"
"3872","cg03359362",-0.0045,9e-04,3.7e-07,5.6e-05,"smoking","F001"
"3873","cg10116432",-0.0124,0.0024,3.7e-07,5.6e-05,"smoking","F001"
"3874","cg03508212",-0.0043,8e-04,3.7e-07,5.6e-05,"smoking","F001"
"3875","cg16688112",-0.0057,0.0011,3.8e-07,5.6e-05,"smoking","F001"
"3876","cg01277438",-0.0046,9e-04,3.8e-07,5.6e-05,"smoking","F001"
"3877","cg15840005",-0.007,0.0014,3.8e-07,5.6e-05,"smoking","F001"
"3878","cg04159302",-0.0091,0.0018,3.8e-07,5.6e-05,"smoking","F001"
"3879","cg04982781",-0.0073,0.0014,3.8e-07,5.6e-05,"smoking","F001"
"3880","cg21081878",0.0123,0.0024,3.8e-07,5.7e-05,"smoking","F001"
"3881","cg07147033",-0.0075,0.0015,3.8e-07,5.7e-05,"smoking","F001"
"3882","cg10592592",-0.0148,0.0029,3.8e-07,5.7e-05,"smoking","F001"
"3883","cg16204618",0.006,0.0012,3.8e-07,5.7e-05,"smoking","F001"
"3884","cg16001613",-0.006,0.0012,3.8e-07,5.7e-05,"smoking","F001"
"3885","cg02025583",0.0046,9e-04,3.8e-07,5.7e-05,"smoking","F001"
"3886","cg26889659",-0.0278,0.0055,3.8e-07,5.7e-05,"smoking","F001"
"3887","cg16624521",0.0113,0.0022,3.8e-07,5.7e-05,"smoking","F001"
"3888","cg01431482",-0.0101,0.002,3.8e-07,5.7e-05,"smoking","F001"
"3889","cg01212887",0.0042,8e-04,3.8e-07,5.7e-05,"smoking","F001"
"3890","cg08144943",-0.0037,7e-04,3.9e-07,5.7e-05,"smoking","F001"
"3891","cg21330896",-0.012,0.0024,3.9e-07,5.7e-05,"smoking","F001"
"3892","cg17478979",0.0073,0.0014,3.9e-07,5.8e-05,"smoking","F001"
"3893","cg05697274",-0.0171,0.0034,3.9e-07,5.8e-05,"smoking","F001"
"3894","cg17292667",0.005,0.001,3.9e-07,5.8e-05,"smoking","F001"
"3895","cg23008718",0.0055,0.0011,3.9e-07,5.8e-05,"smoking","F001"
"3896","cg25151916",0.0045,9e-04,3.9e-07,5.8e-05,"smoking","F001"
"3897","cg13675837",-0.009,0.0018,3.9e-07,5.8e-05,"smoking","F001"
"3898","cg25724895",0.0048,0.001,3.9e-07,5.8e-05,"smoking","F001"
"3899","cg21208744",-0.003,6e-04,3.9e-07,5.8e-05,"smoking","F001"
"3900","cg11405200",-0.0094,0.0018,3.9e-07,5.8e-05,"smoking","F001"
"3901","cg00622702",0.0097,0.0019,3.9e-07,5.8e-05,"smoking","F001"
"3902","cg18611245",-0.0043,9e-04,3.9e-07,5.8e-05,"smoking","F001"
"3903","cg20600850",0.0027,5e-04,3.9e-07,5.8e-05,"smoking","F001"
"3904","cg26677394",-0.0068,0.0013,3.9e-07,5.8e-05,"smoking","F001"
"3905","cg02001410",0.0028,6e-04,3.9e-07,5.8e-05,"smoking","F001"
"3906","cg02863179",-0.0093,0.0018,3.9e-07,5.8e-05,"smoking","F001"
"3907","cg24495008",0.0024,5e-04,3.9e-07,5.8e-05,"smoking","F001"
"3908","cg19668034",-0.0067,0.0013,4e-07,5.9e-05,"smoking","F001"
"3909","cg18758585",-0.0052,0.001,4e-07,5.9e-05,"smoking","F001"
"3910","cg06712542",-0.0069,0.0014,4e-07,5.9e-05,"smoking","F001"
"3911","cg04942107",-0.0068,0.0013,4e-07,5.9e-05,"smoking","F001"
"3912","cg12478185",-0.0131,0.0026,4e-07,5.9e-05,"smoking","F001"
"3913","cg21599324",-0.0057,0.0011,4e-07,5.9e-05,"smoking","F001"
"3914","cg20168514",-0.0054,0.0011,4e-07,5.9e-05,"smoking","F001"
"3915","cg01581360",-0.0065,0.0013,4e-07,5.9e-05,"smoking","F001"
"3916","cg12190341",0.0044,9e-04,4.1e-07,6e-05,"smoking","F001"
"3917","cg09904140",0.005,0.001,4.1e-07,6e-05,"smoking","F001"
"3918","cg25332357",-0.0087,0.0017,4.1e-07,6e-05,"smoking","F001"
"3919","cg05483571",-0.0076,0.0015,4.1e-07,6e-05,"smoking","F001"
"3920","cg10236239",0.0042,8e-04,4.1e-07,6e-05,"smoking","F001"
"3921","cg12108146",-0.006,0.0012,4.1e-07,6e-05,"smoking","F001"
"3922","cg07249224",-0.0027,5e-04,4.1e-07,6e-05,"smoking","F001"
"3923","cg24989962",0.0077,0.0015,4.1e-07,6e-05,"smoking","F001"
"3924","cg04291430",0.0043,9e-04,4.1e-07,6e-05,"smoking","F001"
"3925","cg25636159",-0.0066,0.0013,4.1e-07,6e-05,"smoking","F001"
"3926","cg13630239",0.0095,0.0019,4.1e-07,6e-05,"smoking","F001"
"3927","cg10468373",-0.0052,0.001,4.1e-07,6e-05,"smoking","F001"
"3928","cg19219366",0.0031,6e-04,4.1e-07,6.1e-05,"smoking","F001"
"3929","cg21474786",-0.0055,0.0011,4.1e-07,6.1e-05,"smoking","F001"
"3930","cg14004161",0.0066,0.0013,4.2e-07,6.1e-05,"smoking","F001"
"3931","cg06924081",0.0041,8e-04,4.2e-07,6.1e-05,"smoking","F001"
"3932","cg04456238",0.0077,0.0015,4.2e-07,6.1e-05,"smoking","F001"
"3933","cg19242851",0.0058,0.0012,4.2e-07,6.1e-05,"smoking","F001"
"3934","cg25424279",-0.0079,0.0016,4.2e-07,6.2e-05,"smoking","F001"
"3935","cg06005318",-0.0095,0.0019,4.2e-07,6.2e-05,"smoking","F001"
"3936","cg13775088",0.0026,5e-04,4.2e-07,6.2e-05,"smoking","F001"
"3937","cg02343275",0.0039,8e-04,4.2e-07,6.2e-05,"smoking","F001"
"3938","cg27386529",-0.0076,0.0015,4.3e-07,6.2e-05,"smoking","F001"
"3939","cg09234616",0.0067,0.0013,4.3e-07,6.2e-05,"smoking","F001"
"3940","cg14214321",-0.006,0.0012,4.3e-07,6.2e-05,"smoking","F001"
"3941","cg14191036",-0.0051,0.001,4.3e-07,6.2e-05,"smoking","F001"
"3942","cg25345603",-0.0028,5e-04,4.3e-07,6.2e-05,"smoking","F001"
"3943","cg17584477",0.0032,6e-04,4.3e-07,6.3e-05,"smoking","F001"
"3944","cg22820364",0.0094,0.0019,4.3e-07,6.3e-05,"smoking","F001"
"3945","cg02454806",-0.0055,0.0011,4.3e-07,6.3e-05,"smoking","F001"
"3946","cg13526040",-0.0111,0.0022,4.3e-07,6.3e-05,"smoking","F001"
"3947","cg02471183",-0.006,0.0012,4.3e-07,6.3e-05,"smoking","F001"
"3948","cg00982799",-0.0037,7e-04,4.3e-07,6.3e-05,"smoking","F001"
"3949","cg22917487",0.0081,0.0016,4.3e-07,6.3e-05,"smoking","F001"
"3950","cg19816811",-0.0161,0.0032,4.3e-07,6.3e-05,"smoking","F001"
"3951","cg01436487",-0.0054,0.0011,4.3e-07,6.3e-05,"smoking","F001"
"3952","cg23035209",-0.0081,0.0016,4.3e-07,6.3e-05,"smoking","F001"
"3953","cg05157251",-0.0073,0.0015,4.4e-07,6.3e-05,"smoking","F001"
"3954","cg22907189",0.0041,8e-04,4.4e-07,6.3e-05,"smoking","F001"
"3955","cg19576697",0.0127,0.0025,4.4e-07,6.4e-05,"smoking","F001"
"3956","cg16658412",-0.0247,0.0049,4.4e-07,6.4e-05,"smoking","F001"
"3957","cg03260624",-0.0084,0.0017,4.4e-07,6.4e-05,"smoking","F001"
"3958","cg24222546",-0.0133,0.0026,4.4e-07,6.4e-05,"smoking","F001"
"3959","cg25731807",0.004,8e-04,4.4e-07,6.4e-05,"smoking","F001"
"3960","cg07607074",-0.0066,0.0013,4.4e-07,6.4e-05,"smoking","F001"
"3961","cg10552523",-0.0102,0.002,4.4e-07,6.4e-05,"smoking","F001"
"3962","cg12384004",-0.0136,0.0027,4.5e-07,6.5e-05,"smoking","F001"
"3963","cg16310095",0.0055,0.0011,4.5e-07,6.5e-05,"smoking","F001"
"3964","cg15068318",0.0043,9e-04,4.5e-07,6.5e-05,"smoking","F001"
"3965","cg24127989",-0.0026,5e-04,4.5e-07,6.5e-05,"smoking","F001"
"3966","cg17935233",0.0038,7e-04,4.5e-07,6.5e-05,"smoking","F001"
"3967","cg20801778",0.0032,6e-04,4.5e-07,6.5e-05,"smoking","F001"
"3968","cg06389950",-0.0051,0.001,4.6e-07,6.6e-05,"smoking","F001"
"3969","cg02174232",-0.0031,6e-04,4.6e-07,6.6e-05,"smoking","F001"
"3970","cg17472111",0.0077,0.0015,4.6e-07,6.6e-05,"smoking","F001"
"3971","cg07113136",0.0032,6e-04,4.6e-07,6.6e-05,"smoking","F001"
"3972","cg15908709",-0.0124,0.0025,4.6e-07,6.6e-05,"smoking","F001"
"3973","cg04039799",-0.0135,0.0027,4.6e-07,6.6e-05,"smoking","F001"
"3974","cg15151059",0.0042,8e-04,4.6e-07,6.6e-05,"smoking","F001"
"3975","cg16708465",-0.0111,0.0022,4.6e-07,6.6e-05,"smoking","F001"
"3976","cg02104952",-0.0053,0.0011,4.6e-07,6.7e-05,"smoking","F001"
"3977","cg06035600",-0.0086,0.0017,4.6e-07,6.7e-05,"smoking","F001"
"3978","cg24198941",-0.0054,0.0011,4.6e-07,6.7e-05,"smoking","F001"
"3979","cg03774957",0.004,8e-04,4.7e-07,6.7e-05,"smoking","F001"
"3980","cg23283335",-0.0092,0.0018,4.7e-07,6.7e-05,"smoking","F001"
"3981","cg04144218",-0.0054,0.0011,4.7e-07,6.7e-05,"smoking","F001"
"3982","cg05175803",-0.0039,8e-04,4.7e-07,6.7e-05,"smoking","F001"
"3983","cg14560670",-0.0073,0.0015,4.7e-07,6.7e-05,"smoking","F001"
"3984","cg10928294",-0.0083,0.0017,4.7e-07,6.7e-05,"smoking","F001"
"3985","cg14627404",-0.0067,0.0013,4.7e-07,6.7e-05,"smoking","F001"
"3986","cg17062279",0.0055,0.0011,4.7e-07,6.8e-05,"smoking","F001"
"3987","cg08044789",0.0041,8e-04,4.7e-07,6.8e-05,"smoking","F001"
"3988","cg07521618",0.0035,7e-04,4.7e-07,6.8e-05,"smoking","F001"
"3989","cg01856529",-0.0082,0.0016,4.8e-07,6.8e-05,"smoking","F001"
"3990","cg03872736",-0.0108,0.0022,4.8e-07,6.8e-05,"smoking","F001"
"3991","cg23423766",-0.0026,5e-04,4.8e-07,6.8e-05,"smoking","F001"
"3992","cg13937905",-0.0159,0.0032,4.8e-07,6.9e-05,"smoking","F001"
"3993","cg03649060",-0.0049,0.001,4.8e-07,6.9e-05,"smoking","F001"
"3994","cg07549715",0.0066,0.0013,4.8e-07,6.9e-05,"smoking","F001"
"3995","cg02054431",-0.0106,0.0021,4.8e-07,6.9e-05,"smoking","F001"
"3996","cg22114489",0.0128,0.0025,4.8e-07,6.9e-05,"smoking","F001"
"3997","cg08916374",-0.0077,0.0015,4.9e-07,6.9e-05,"smoking","F001"
"3998","cg05780014",0.0042,8e-04,4.9e-07,6.9e-05,"smoking","F001"
"3999","cg19673350",0.0031,6e-04,4.9e-07,6.9e-05,"smoking","F001"
"4000","cg25918821",-0.0085,0.0017,4.9e-07,6.9e-05,"smoking","F001"
"4001","cg07270872",0.0048,0.001,4.9e-07,7e-05,"smoking","F001"
"4002","cg20884605",0.0043,9e-04,4.9e-07,7e-05,"smoking","F001"
"4003","cg24146100",-0.0166,0.0033,4.9e-07,7e-05,"smoking","F001"
"4004","cg23670794",-0.0047,9e-04,4.9e-07,7e-05,"smoking","F001"
"4005","cg01368900",0.005,0.001,5e-07,7.1e-05,"smoking","F001"
"4006","cg10663765",-0.0175,0.0035,5e-07,7.1e-05,"smoking","F001"
"4007","cg18660898",-0.0078,0.0016,5e-07,7.1e-05,"smoking","F001"
"4008","cg15640375",0.0029,6e-04,5e-07,7.1e-05,"smoking","F001"
"4009","cg02833646",0.0015,3e-04,5e-07,7.1e-05,"smoking","F001"
"4010","cg02462081",-0.0034,7e-04,5e-07,7.1e-05,"smoking","F001"
"4011","cg23559636",-0.0051,0.001,5e-07,7.1e-05,"smoking","F001"
"4012","cg23956760",0.0064,0.0013,5e-07,7.1e-05,"smoking","F001"
"4013","cg25655096",0.0064,0.0013,5e-07,7.1e-05,"smoking","F001"
"4014","cg03950655",-0.0038,8e-04,5e-07,7.1e-05,"smoking","F001"
"4015","cg17851795",-0.0036,7e-04,5e-07,7.1e-05,"smoking","F001"
"4016","cg22506548",-0.0091,0.0018,5e-07,7.1e-05,"smoking","F001"
"4017","cg02273436",-0.0157,0.0031,5.1e-07,7.1e-05,"smoking","F001"
"4018","cg01889010",0.0087,0.0017,5.1e-07,7.2e-05,"smoking","F001"
"4019","cg22510662",0.0106,0.0021,5.1e-07,7.2e-05,"smoking","F001"
"4020","cg08052292",0.0098,0.0019,5.1e-07,7.2e-05,"smoking","F001"
"4021","cg09014329",-0.017,0.0034,5.1e-07,7.2e-05,"smoking","F001"
"4022","cg05191839",-0.0043,9e-04,5.1e-07,7.2e-05,"smoking","F001"
"4023","cg05971521",0.0073,0.0015,5.1e-07,7.2e-05,"smoking","F001"
"4024","cg09064070",0.0082,0.0016,5.1e-07,7.2e-05,"smoking","F001"
"4025","cg24842859",-0.0042,8e-04,5.1e-07,7.2e-05,"smoking","F001"
"4026","cg19337279",0.0044,9e-04,5.1e-07,7.2e-05,"smoking","F001"
"4027","cg01429256",0.0056,0.0011,5.2e-07,7.3e-05,"smoking","F001"
"4028","cg06925984",-0.0081,0.0016,5.2e-07,7.3e-05,"smoking","F001"
"4029","cg14334587",-0.005,0.001,5.2e-07,7.3e-05,"smoking","F001"
"4030","cg27614723",-0.0078,0.0016,5.2e-07,7.3e-05,"smoking","F001"
"4031","cg24375627",0.005,0.001,5.2e-07,7.3e-05,"smoking","F001"
"4032","cg09180848",0.0028,6e-04,5.2e-07,7.3e-05,"smoking","F001"
"4033","cg00619628",0.0047,9e-04,5.3e-07,7.4e-05,"smoking","F001"
"4034","cg24475171",-0.0042,8e-04,5.3e-07,7.5e-05,"smoking","F001"
"4035","cg12825470",0.0018,4e-04,5.3e-07,7.5e-05,"smoking","F001"
"4036","cg17922695",-0.0043,9e-04,5.4e-07,7.5e-05,"smoking","F001"
"4037","cg15553397",0.0073,0.0015,5.4e-07,7.5e-05,"smoking","F001"
"4038","cg20152430",-0.0073,0.0015,5.4e-07,7.5e-05,"smoking","F001"
"4039","cg19851291",0.0039,8e-04,5.4e-07,7.6e-05,"smoking","F001"
"4040","cg25242471",0.0146,0.0029,5.4e-07,7.6e-05,"smoking","F001"
"4041","cg23260502",0.0031,6e-04,5.4e-07,7.6e-05,"smoking","F001"
"4042","cg04156889",0.0048,0.001,5.4e-07,7.6e-05,"smoking","F001"
"4043","cg19980593",0.0026,5e-04,5.4e-07,7.6e-05,"smoking","F001"
"4044","cg23531049",0.0114,0.0023,5.4e-07,7.6e-05,"smoking","F001"
"4045","cg09083279",0.0091,0.0018,5.4e-07,7.6e-05,"smoking","F001"
"4046","cg24804279",0.0058,0.0012,5.4e-07,7.6e-05,"smoking","F001"
"4047","cg23570810",-0.0188,0.0038,5.5e-07,7.6e-05,"smoking","F001"
"4048","cg19711268",0.0093,0.0018,5.5e-07,7.6e-05,"smoking","F001"
"4049","cg06244240",0.0071,0.0014,5.5e-07,7.6e-05,"smoking","F001"
"4050","cg22209010",0.0058,0.0012,5.5e-07,7.6e-05,"smoking","F001"
"4051","cg24155190",-0.0043,9e-04,5.5e-07,7.6e-05,"smoking","F001"
"4052","cg09865015",-0.0069,0.0014,5.5e-07,7.6e-05,"smoking","F001"
"4053","cg16014085",-0.007,0.0014,5.5e-07,7.6e-05,"smoking","F001"
"4054","cg16508714",0.0045,9e-04,5.5e-07,7.7e-05,"smoking","F001"
"4055","cg05478824",-0.0125,0.0025,5.5e-07,7.7e-05,"smoking","F001"
"4056","cg13009654",-0.0081,0.0016,5.5e-07,7.7e-05,"smoking","F001"
"4057","cg10075819",-0.005,0.001,5.5e-07,7.7e-05,"smoking","F001"
"4058","cg09878888",0.006,0.0012,5.5e-07,7.7e-05,"smoking","F001"
"4059","cg23126152",-0.0054,0.0011,5.6e-07,7.7e-05,"smoking","F001"
"4060","cg03193328",0.0053,0.0011,5.6e-07,7.8e-05,"smoking","F001"
"4061","cg21700780",-0.0071,0.0014,5.6e-07,7.8e-05,"smoking","F001"
"4062","cg00675878",-0.0046,9e-04,5.6e-07,7.8e-05,"smoking","F001"
"4063","cg21437157",0.0056,0.0011,5.6e-07,7.8e-05,"smoking","F001"
"4064","cg00082939",-0.0149,0.003,5.6e-07,7.8e-05,"smoking","F001"
"4065","cg00417823",0.0042,8e-04,5.6e-07,7.8e-05,"smoking","F001"
"4066","cg26092675",-0.0119,0.0024,5.6e-07,7.8e-05,"smoking","F001"
"4067","cg17243289",-0.0083,0.0017,5.6e-07,7.8e-05,"smoking","F001"
"4068","cg05799411",0.0026,5e-04,5.6e-07,7.8e-05,"smoking","F001"
"4069","cg09290655",-0.0057,0.0011,5.7e-07,7.9e-05,"smoking","F001"
"4070","cg03438552",-0.0104,0.0021,5.7e-07,7.9e-05,"smoking","F001"
"4071","cg14782678",-0.015,0.003,5.7e-07,7.9e-05,"smoking","F001"
"4072","cg08791922",0.0065,0.0013,5.7e-07,8e-05,"smoking","F001"
"4073","cg26927231",-0.0047,9e-04,5.8e-07,8e-05,"smoking","F001"
"4074","cg18474153",-0.0085,0.0017,5.8e-07,8e-05,"smoking","F001"
"4075","cg18728264",-0.0068,0.0014,5.8e-07,8e-05,"smoking","F001"
"4076","cg00541303",-0.014,0.0028,5.8e-07,8e-05,"smoking","F001"
"4077","cg07212837",0.0045,9e-04,5.8e-07,8.1e-05,"smoking","F001"
"4078","cg01486260",0.0049,0.001,5.8e-07,8.1e-05,"smoking","F001"
"4079","cg26837800",0.0033,7e-04,5.8e-07,8.1e-05,"smoking","F001"
"4080","cg05576845",-0.0106,0.0021,5.8e-07,8.1e-05,"smoking","F001"
"4081","cg14678430",-0.0027,5e-04,5.9e-07,8.1e-05,"smoking","F001"
"4082","cg08091707",0.0049,0.001,5.9e-07,8.1e-05,"smoking","F001"
"4083","cg26257082",-0.0048,0.001,5.9e-07,8.1e-05,"smoking","F001"
"4084","cg00637802",0.003,6e-04,5.9e-07,8.2e-05,"smoking","F001"
"4085","cg05845217",-0.011,0.0022,6e-07,8.2e-05,"smoking","F001"
"4086","cg13814738",-0.0025,5e-04,6e-07,8.3e-05,"smoking","F001"
"4087","cg13362082",0.0027,5e-04,6e-07,8.3e-05,"smoking","F001"
"4088","cg13904006",-0.0104,0.0021,6e-07,8.3e-05,"smoking","F001"
"4089","cg24188561",0.0039,8e-04,6e-07,8.3e-05,"smoking","F001"
"4090","cg12304113",-0.0044,9e-04,6e-07,8.3e-05,"smoking","F001"
"4091","cg17343451",0.0038,8e-04,6.1e-07,8.3e-05,"smoking","F001"
"4092","cg03124636",-0.0029,6e-04,6.1e-07,8.4e-05,"smoking","F001"
"4093","cg07752613",0.0038,8e-04,6.1e-07,8.4e-05,"smoking","F001"
"4094","cg21046160",0.0033,7e-04,6.1e-07,8.4e-05,"smoking","F001"
"4095","cg02880380",0.0036,7e-04,6.1e-07,8.4e-05,"smoking","F001"
"4096","cg00843117",-0.004,8e-04,6.1e-07,8.4e-05,"smoking","F001"
"4097","cg00505001",-0.0047,9e-04,6.2e-07,8.5e-05,"smoking","F001"
"4098","cg04118190",-0.0103,0.0021,6.2e-07,8.5e-05,"smoking","F001"
"4099","cg20250250",-0.0052,0.001,6.2e-07,8.5e-05,"smoking","F001"
"4100","cg10007927",-0.004,8e-04,6.2e-07,8.5e-05,"smoking","F001"
"4101","cg10802680",0.0048,0.001,6.2e-07,8.5e-05,"smoking","F001"
"4102","cg24254387",-0.0037,7e-04,6.2e-07,8.5e-05,"smoking","F001"
"4103","cg05476568",0.0041,8e-04,6.2e-07,8.5e-05,"smoking","F001"
"4104","cg09046979",-0.0105,0.0021,6.2e-07,8.6e-05,"smoking","F001"
"4105","cg04871173",-0.0028,6e-04,6.3e-07,8.6e-05,"smoking","F001"
"4106","cg23173586",0.007,0.0014,6.3e-07,8.6e-05,"smoking","F001"
"4107","cg05233155",0.005,0.001,6.3e-07,8.6e-05,"smoking","F001"
"4108","cg14108380",-0.0086,0.0017,6.3e-07,8.6e-05,"smoking","F001"
"4109","cg06532880",-0.0088,0.0018,6.3e-07,8.6e-05,"smoking","F001"
"4110","cg27497831",0.0091,0.0018,6.3e-07,8.6e-05,"smoking","F001"
"4111","cg18590502",-0.0091,0.0018,6.3e-07,8.6e-05,"smoking","F001"
"4112","cg03039990",0.0065,0.0013,6.4e-07,8.7e-05,"smoking","F001"
"4113","cg03172931",0.008,0.0016,6.4e-07,8.7e-05,"smoking","F001"
"4114","cg25228737",0.0079,0.0016,6.4e-07,8.7e-05,"smoking","F001"
"4115","cg04259904",-0.0073,0.0015,6.4e-07,8.8e-05,"smoking","F001"
"4116","cg07889201",-0.0065,0.0013,6.4e-07,8.8e-05,"smoking","F001"
"4117","cg25875537",-0.0077,0.0015,6.4e-07,8.8e-05,"smoking","F001"
"4118","cg27586885",-0.0051,0.001,6.4e-07,8.8e-05,"smoking","F001"
"4119","cg26112639",0.0049,0.001,6.4e-07,8.8e-05,"smoking","F001"
"4120","cg14728380",0.0081,0.0016,6.5e-07,8.8e-05,"smoking","F001"
"4121","cg12856114",0.0043,9e-04,6.5e-07,8.8e-05,"smoking","F001"
"4122","cg26188212",-0.0127,0.0026,6.5e-07,8.9e-05,"smoking","F001"
"4123","cg03568305",-0.0077,0.0016,6.5e-07,8.9e-05,"smoking","F001"
"4124","cg14205519",-0.0076,0.0015,6.5e-07,8.9e-05,"smoking","F001"
"4125","cg19712979",-0.007,0.0014,6.5e-07,8.9e-05,"smoking","F001"
"4126","cg07285481",-0.0059,0.0012,6.6e-07,8.9e-05,"smoking","F001"
"4127","cg26822480",-0.0021,4e-04,6.6e-07,9e-05,"smoking","F001"
"4128","cg17732372",0.0066,0.0013,6.6e-07,9e-05,"smoking","F001"
"4129","cg05261686",-0.0081,0.0016,6.6e-07,9e-05,"smoking","F001"
"4130","cg01986016",-0.0111,0.0022,6.6e-07,9e-05,"smoking","F001"
"4131","cg06636541",-0.0163,0.0033,6.6e-07,9e-05,"smoking","F001"
"4132","cg13489049",0.0069,0.0014,6.7e-07,9e-05,"smoking","F001"
"4133","cg01618988",-0.0084,0.0017,6.7e-07,9.1e-05,"smoking","F001"
"4134","cg26973018",-0.0037,7e-04,6.7e-07,9.1e-05,"smoking","F001"
"4135","cg06857094",-0.011,0.0022,6.7e-07,9.1e-05,"smoking","F001"
"4136","cg11335171",-0.0062,0.0012,6.7e-07,9.1e-05,"smoking","F001"
"4137","cg03145963",0.002,4e-04,6.8e-07,9.2e-05,"smoking","F001"
"4138","cg05162032",0.0034,7e-04,6.8e-07,9.2e-05,"smoking","F001"
"4139","cg08442823",0.0073,0.0015,6.8e-07,9.2e-05,"smoking","F001"
"4140","cg20066792",0.0084,0.0017,6.8e-07,9.2e-05,"smoking","F001"
"4141","cg00481600",0.0032,6e-04,6.8e-07,9.2e-05,"smoking","F001"
"4142","cg22453826",0.0111,0.0022,6.8e-07,9.2e-05,"smoking","F001"
"4143","cg00505318",-0.006,0.0012,6.8e-07,9.2e-05,"smoking","F001"
"4144","cg04409030",-0.0084,0.0017,6.8e-07,9.2e-05,"smoking","F001"
"4145","cg27321942",-0.0057,0.0011,6.9e-07,9.3e-05,"smoking","F001"
"4146","cg03407228",-0.0079,0.0016,6.9e-07,9.3e-05,"smoking","F001"
"4147","cg03815552",-0.0049,0.001,6.9e-07,9.3e-05,"smoking","F001"
"4148","cg09335715",0.0073,0.0015,6.9e-07,9.3e-05,"smoking","F001"
"4149","cg14897188",-0.0076,0.0015,6.9e-07,9.3e-05,"smoking","F001"
"4150","cg01016119",-0.0154,0.0031,6.9e-07,9.3e-05,"smoking","F001"
"4151","cg09124496",-0.0095,0.0019,7e-07,9.4e-05,"smoking","F001"
"4152","cg00851028",0.0059,0.0012,7e-07,9.4e-05,"smoking","F001"
"4153","cg07474797",0.0044,9e-04,7e-07,9.4e-05,"smoking","F001"
"4154","cg20746552",-0.0068,0.0014,7e-07,9.4e-05,"smoking","F001"
"4155","cg05547853",-0.0067,0.0013,7e-07,9.4e-05,"smoking","F001"
"4156","cg01140244",0.0048,0.001,7e-07,9.4e-05,"smoking","F001"
"4157","cg05798664",-0.0079,0.0016,7e-07,9.4e-05,"smoking","F001"
"4158","cg24791428",0.0027,5e-04,7.1e-07,9.5e-05,"smoking","F001"
"4159","cg26418770",-0.0093,0.0019,7.1e-07,9.5e-05,"smoking","F001"
"4160","cg04659729",-0.0065,0.0013,7.1e-07,9.5e-05,"smoking","F001"
"4161","cg23018755",0.0059,0.0012,7.1e-07,9.5e-05,"smoking","F001"
"4162","cg14558573",-0.0057,0.0011,7.1e-07,9.6e-05,"smoking","F001"
"4163","cg26039141",-0.0033,7e-04,7.2e-07,9.6e-05,"smoking","F001"
"4164","cg07141605",0.01,0.002,7.2e-07,9.6e-05,"smoking","F001"
"4165","cg07197642",0.0035,7e-04,7.2e-07,9.6e-05,"smoking","F001"
"4166","cg18080528",-0.0018,4e-04,7.2e-07,9.6e-05,"smoking","F001"
"4167","cg13437554",-0.0054,0.0011,7.2e-07,9.6e-05,"smoking","F001"
"4168","cg10112270",-0.0087,0.0018,7.2e-07,9.6e-05,"smoking","F001"
"4169","cg27113059",0.0022,4e-04,7.2e-07,9.6e-05,"smoking","F001"
"4170","cg21995800",-0.0074,0.0015,7.2e-07,9.6e-05,"smoking","F001"
"4171","cg14753872",0.0083,0.0017,7.2e-07,9.7e-05,"smoking","F001"
"4172","cg25069102",-0.0031,6e-04,7.3e-07,9.7e-05,"smoking","F001"
"4173","cg19730887",-0.0065,0.0013,7.3e-07,9.8e-05,"smoking","F001"
"4174","cg22619824",-0.0119,0.0024,7.4e-07,9.8e-05,"smoking","F001"
"4175","cg26821540",0.0104,0.0021,7.4e-07,9.8e-05,"smoking","F001"
"4176","cg13745870",-0.0066,0.0013,7.4e-07,9.8e-05,"smoking","F001"
"4177","cg21158633",0.005,0.001,7.4e-07,9.8e-05,"smoking","F001"
"4178","cg01692482",-0.0077,0.0016,7.5e-07,9.9e-05,"smoking","F001"
"4179","cg13594630",0.0079,0.0016,7.5e-07,9.9e-05,"smoking","F001"
"4180","cg02947253",0.0081,0.0016,7.5e-07,1e-04,"smoking","F001"
"4181","cg09321238",0.0039,8e-04,7.5e-07,1e-04,"smoking","F001"
"4182","cg04468402",0.0037,7e-04,7.5e-07,1e-04,"smoking","F001"
"4183","cg04586126",-0.0066,0.0013,7.5e-07,1e-04,"smoking","F001"
"4184","cg11796996",-0.008,0.0016,7.5e-07,1e-04,"smoking","F001"
"4185","cg10189135",-0.0042,8e-04,7.5e-07,1e-04,"smoking","F001"
"4186","cg24867302",0.0064,0.0013,7.5e-07,1e-04,"smoking","F001"
"4187","cg19757631",-0.0043,9e-04,7.5e-07,1e-04,"smoking","F001"
"4188","cg23323203",-0.0064,0.0013,7.5e-07,1e-04,"smoking","F001"
"4189","cg26262442",0.0068,0.0014,7.6e-07,1e-04,"smoking","F001"
"4190","cg04368843",-0.0069,0.0014,7.6e-07,1e-04,"smoking","F001"
"4191","cg18082112",-0.0043,9e-04,7.6e-07,1e-04,"smoking","F001"
"4192","cg03354707",-0.0072,0.0015,7.6e-07,1e-04,"smoking","F001"
"4193","cg20701901",0.0032,6e-04,7.6e-07,1e-04,"smoking","F001"
"4194","cg03665078",-0.0056,0.0011,7.6e-07,1e-04,"smoking","F001"
"4195","cg20676788",-0.0142,0.0029,7.6e-07,1e-04,"smoking","F001"
"4196","cg24111025",-0.005,0.001,7.7e-07,1e-04,"smoking","F001"
"4197","cg06535156",-0.0047,9e-04,7.7e-07,1e-04,"smoking","F001"
"4198","cg16861241",-0.0033,7e-04,7.7e-07,1e-04,"smoking","F001"
"4199","cg21505923",0.0048,0.001,7.7e-07,1e-04,"smoking","F001"
"4200","cg13562284",0.0047,9e-04,7.7e-07,1e-04,"smoking","F001"
"4201","cg06002638",-0.006,0.0012,7.7e-07,1e-04,"smoking","F001"
"4202","cg07162320",-0.0133,0.0027,7.7e-07,1e-04,"smoking","F001"
"4203","cg13483196",-0.009,0.0018,7.8e-07,1e-04,"smoking","F001"
"4204","cg17973115",0.0053,0.0011,7.8e-07,1e-04,"smoking","F001"
"4205","cg02026611",-0.0039,8e-04,7.8e-07,1e-04,"smoking","F001"
"4206","cg24149237",-0.0105,0.0021,7.8e-07,1e-04,"smoking","F001"
"4207","cg25073093",-0.0065,0.0013,7.9e-07,1e-04,"smoking","F001"
"4208","cg25247520",-0.007,0.0014,7.9e-07,1e-04,"smoking","F001"
"4209","cg26629730",-0.0052,0.0011,7.9e-07,1e-04,"smoking","F001"
"4210","cg09052983",0.0019,4e-04,7.9e-07,1e-04,"smoking","F001"
"4211","cg01572694",-0.0075,0.0015,7.9e-07,1e-04,"smoking","F001"
"4212","cg06525651",0.0067,0.0014,7.9e-07,1e-04,"smoking","F001"
"4213","cg01104590",0.0103,0.0021,8e-07,1e-04,"smoking","F001"
"4214","cg03032677",-0.0042,9e-04,8e-07,1e-04,"smoking","F001"
"4215","cg16880946",-0.0112,0.0023,8e-07,1e-04,"smoking","F001"
"4216","cg04368724",0.0098,0.002,8e-07,1e-04,"smoking","F001"
"4217","cg19402236",0.0062,0.0013,8.1e-07,1e-04,"smoking","F001"
"4218","cg13660174",0.0082,0.0017,8.1e-07,1e-04,"smoking","F001"
"4219","cg04526361",0.0032,6e-04,8.1e-07,1e-04,"smoking","F001"
"4220","cg16255583",0.0055,0.0011,8.1e-07,1e-04,"smoking","F001"
"4221","cg12490835",-0.01,0.002,8.1e-07,1e-04,"smoking","F001"
"4222","cg03120555",0.0068,0.0014,8.1e-07,1e-04,"smoking","F001"
"4223","cg00986580",0.0084,0.0017,8.1e-07,1e-04,"smoking","F001"
"4224","cg11268190",0.0062,0.0013,8.2e-07,1e-04,"smoking","F001"
"4225","cg23731595",-0.0067,0.0014,8.2e-07,1e-04,"smoking","F001"
"4226","cg16316183",0.0053,0.0011,8.2e-07,1e-04,"smoking","F001"
"4227","cg03626672",-0.0164,0.0033,8.2e-07,1e-04,"smoking","F001"
"4228","cg08537367",0.0054,0.0011,8.2e-07,1e-04,"smoking","F001"
"4229","cg14037218",-0.0083,0.0017,8.2e-07,1e-04,"smoking","F001"
"4230","cg16274376",-0.0066,0.0013,8.2e-07,1e-04,"smoking","F001"
"4231","cg10389771",-0.0099,0.002,8.2e-07,1e-04,"smoking","F001"
"4232","cg00044665",0.004,8e-04,8.2e-07,1e-04,"smoking","F001"
"4233","cg09419102",-0.007,0.0014,8.2e-07,1e-04,"smoking","F001"
"4234","cg03852570",0.005,0.001,8.2e-07,1e-04,"smoking","F001"
"4235","cg03334072",0.0089,0.0018,8.2e-07,1e-04,"smoking","F001"
"4236","cg17536822",0.0058,0.0012,8.2e-07,1e-04,"smoking","F001"
"4237","cg01711322",0.0077,0.0016,8.2e-07,1e-04,"smoking","F001"
"4238","cg06806711",0.0109,0.0022,8.3e-07,1e-04,"smoking","F001"
"4239","cg23931819",-0.0039,8e-04,8.3e-07,1e-04,"smoking","F001"
"4240","cg06872036",-0.0055,0.0011,8.3e-07,1e-04,"smoking","F001"
"4241","cg07408456",0.0072,0.0015,8.3e-07,1e-04,"smoking","F001"
"4242","cg02584867",-0.0038,8e-04,8.4e-07,1e-04,"smoking","F001"
"4243","cg16052901",-0.0119,0.0024,8.5e-07,1e-04,"smoking","F001"
"4244","cg07618085",-0.0179,0.0036,8.5e-07,1e-04,"smoking","F001"
"4245","cg05705212",-0.0061,0.0012,8.5e-07,1e-04,"smoking","F001"
"4246","cg03471047",0.0055,0.0011,8.5e-07,1e-04,"smoking","F001"
"4247","cg00749672",-0.0149,0.003,8.6e-07,1e-04,"smoking","F001"
"4248","cg20265043",-0.0035,7e-04,8.6e-07,1e-04,"smoking","F001"
"4249","cg04308185",-0.0119,0.0024,8.6e-07,1e-04,"smoking","F001"
"4250","cg05869491",-0.0054,0.0011,8.6e-07,1e-04,"smoking","F001"
"4251","cg07262247",-0.0092,0.0019,8.6e-07,1e-04,"smoking","F001"
"4252","cg13883633",0.0052,0.0011,8.6e-07,1e-04,"smoking","F001"
"4253","cg12781678",0.0029,6e-04,8.7e-07,1e-04,"smoking","F001"
"4254","cg14359680",-0.0068,0.0014,8.7e-07,1e-04,"smoking","F001"
"4255","cg03393889",0.0062,0.0013,8.7e-07,1e-04,"smoking","F001"
"4256","cg22383924",-0.007,0.0014,8.7e-07,1e-04,"smoking","F001"
"4257","cg16580935",-0.0052,0.0011,8.7e-07,1e-04,"smoking","F001"
"4258","cg13224914",-0.006,0.0012,8.7e-07,1e-04,"smoking","F001"
"4259","cg10374564",-0.003,6e-04,8.8e-07,1e-04,"smoking","F001"
"4260","cg12207033",0.0024,5e-04,8.8e-07,1e-04,"smoking","F001"
"4261","cg23580038",-0.0067,0.0014,8.8e-07,1e-04,"smoking","F001"
"4262","cg21714061",-0.0123,0.0025,8.8e-07,1e-04,"smoking","F001"
"4263","cg25966016",-0.0078,0.0016,8.8e-07,1e-04,"smoking","F001"
"4264","cg09594075",-0.0074,0.0015,8.8e-07,1e-04,"smoking","F001"
"4265","cg00238349",-0.0044,9e-04,8.9e-07,1e-04,"smoking","F001"
"4266","cg14173815",-0.0058,0.0012,8.9e-07,1e-04,"smoking","F001"
"4267","cg24107852",0.0058,0.0012,9e-07,1e-04,"smoking","F001"
"4268","cg02555807",-0.0074,0.0015,9e-07,1e-04,"smoking","F001"
"4269","cg14398883",0.0114,0.0023,9e-07,1e-04,"smoking","F001"
"4270","cg25921609",0.0123,0.0025,9e-07,1e-04,"smoking","F001"
"4271","cg24592500",-0.0129,0.0026,9e-07,1e-04,"smoking","F001"
"4272","cg03078400",-0.0065,0.0013,9e-07,1e-04,"smoking","F001"
"4273","cg14325436",-0.0114,0.0023,9.1e-07,1e-04,"smoking","F001"
"4274","cg18642459",0.011,0.0022,9.1e-07,1e-04,"smoking","F001"
"4275","cg21650077",0.0021,4e-04,9.1e-07,1e-04,"smoking","F001"
"4276","cg16585234",-0.0111,0.0023,9.1e-07,1e-04,"smoking","F001"
"4277","cg06170683",0.0088,0.0018,9.1e-07,1e-04,"smoking","F001"
"4278","cg17769793",-0.0079,0.0016,9.1e-07,1e-04,"smoking","F001"
"4279","cg23418219",0.0052,0.0011,9.2e-07,1e-04,"smoking","F001"
"4280","cg18247179",-0.0049,0.001,9.2e-07,1e-04,"smoking","F001"
"4281","cg24591105",-0.017,0.0035,9.2e-07,1e-04,"smoking","F001"
"4282","cg03935183",-0.0042,9e-04,9.2e-07,1e-04,"smoking","F001"
"4283","cg08490349",-0.0026,5e-04,9.2e-07,1e-04,"smoking","F001"
"4284","cg04181150",0.0027,6e-04,9.2e-07,1e-04,"smoking","F001"
"4285","cg09502149",-0.0075,0.0015,9.3e-07,1e-04,"smoking","F001"
"4286","cg16457842",0.008,0.0016,9.3e-07,1e-04,"smoking","F001"
"4287","cg08151705",0.0043,9e-04,9.3e-07,1e-04,"smoking","F001"
"4288","cg00851088",0.0036,7e-04,9.3e-07,1e-04,"smoking","F001"
"4289","cg05429448",0.0071,0.0015,9.3e-07,1e-04,"smoking","F001"
"4290","cg08938062",-0.0049,0.001,9.3e-07,1e-04,"smoking","F001"
"4291","cg03962691",0.0047,0.001,9.3e-07,1e-04,"smoking","F001"
"4292","cg02480298",0.0044,9e-04,9.4e-07,1e-04,"smoking","F001"
"4293","cg21385909",-0.0118,0.0024,9.4e-07,1e-04,"smoking","F001"
"4294","cg13937758",-0.0115,0.0023,9.4e-07,1e-04,"smoking","F001"
"4295","cg27274542",-0.0087,0.0018,9.4e-07,1e-04,"smoking","F001"
"4296","cg08157292",-0.0051,0.001,9.4e-07,1e-04,"smoking","F001"
"4297","cg08849294",-0.006,0.0012,9.4e-07,1e-04,"smoking","F001"
"4298","cg07082186",-0.0019,4e-04,9.4e-07,1e-04,"smoking","F001"
"4299","cg18279742",-0.0077,0.0016,9.5e-07,1e-04,"smoking","F001"
"4300","cg26937868",0.0069,0.0014,9.5e-07,1e-04,"smoking","F001"
"4301","cg08202399",-0.0064,0.0013,9.5e-07,1e-04,"smoking","F001"
"4302","cg25785639",-0.0015,3e-04,9.5e-07,1e-04,"smoking","F001"
"4303","cg25325512",-0.0108,0.0022,9.5e-07,1e-04,"smoking","F001"
"4304","cg02695349",0.0093,0.0019,9.5e-07,1e-04,"smoking","F001"
"4305","cg19157853",0.0058,0.0012,9.5e-07,1e-04,"smoking","F001"
"4306","cg22879583",-0.0072,0.0015,9.5e-07,1e-04,"smoking","F001"
"4307","cg09469566",0.0074,0.0015,9.5e-07,1e-04,"smoking","F001"
"4308","cg23485307",0.0036,7e-04,9.5e-07,1e-04,"smoking","F001"
"4309","cg08550317",-0.0037,8e-04,9.6e-07,1e-04,"smoking","F001"
"4310","cg00989249",0.0065,0.0013,9.6e-07,1e-04,"smoking","F001"
"4311","cg20728490",0.0115,0.0023,9.6e-07,1e-04,"smoking","F001"
"4312","cg25843346",-0.0073,0.0015,9.6e-07,1e-04,"smoking","F001"
"4313","cg02296171",0.0091,0.0019,9.7e-07,1e-04,"smoking","F001"
"4314","cg12798274",-0.003,6e-04,9.7e-07,1e-04,"smoking","F001"
"4315","cg07116972",0.0039,8e-04,9.7e-07,1e-04,"smoking","F001"
"4316","cg15730491",-0.0103,0.0021,9.7e-07,1e-04,"smoking","F001"
"4317","cg06348826",-0.0038,8e-04,9.7e-07,1e-04,"smoking","F001"
"4318","cg15746620",0.0031,6e-04,9.7e-07,1e-04,"smoking","F001"
"4319","cg00827210",-0.0034,7e-04,9.7e-07,1e-04,"smoking","F001"
"4320","cg27262850",0.0057,0.0012,9.7e-07,1e-04,"smoking","F001"
"4321","cg09481056",0.0046,9e-04,9.8e-07,1e-04,"smoking","F001"
"4322","cg12112234",0.0042,8e-04,9.8e-07,1e-04,"smoking","F001"
"4323","cg17451760",-0.0057,0.0012,9.8e-07,1e-04,"smoking","F001"
"4324","cg17796323",0.0057,0.0012,9.8e-07,1e-04,"smoking","F001"
"4325","cg10898310",0.006,0.0012,9.8e-07,1e-04,"smoking","F001"
"4326","cg03450635",-0.0062,0.0013,9.8e-07,1e-04,"smoking","F001"
"4327","cg09529165",0.0095,0.0019,9.8e-07,1e-04,"smoking","F001"
"4328","cg07483304",-0.0059,0.0012,9.9e-07,1e-04,"smoking","F001"
"4329","cg12044210",0.0066,0.0013,9.9e-07,1e-04,"smoking","F001"
"4330","cg17177599",-0.0044,9e-04,9.9e-07,1e-04,"smoking","F001"
"4331","cg26325791",0.0074,0.0015,9.9e-07,1e-04,"smoking","F001"
"4332","cg19831957",-0.0065,0.0013,9.9e-07,1e-04,"smoking","F001"
"4333","cg07929768",0.0092,0.0019,1e-06,1e-04,"smoking","F001"
"4334","cg01276536",0.0047,0.001,1e-06,1e-04,"smoking","F001"
"4335","cg23550060",-0.0028,6e-04,1e-06,1e-04,"smoking","F001"
"4336","cg14674856",0.0059,0.0012,1e-06,1e-04,"smoking","F001"
"4337","cg14823389",0.0125,0.0026,1e-06,1e-04,"smoking","F001"
"4338","cg20509092",0.0025,5e-04,1e-06,1e-04,"smoking","F001"
"4339","cg24158160",0.0092,0.0019,1e-06,1e-04,"smoking","F001"
"4340","cg13494428",-0.0057,0.0012,1e-06,1e-04,"smoking","F001"
"4341","cg02165355",0.0046,9e-04,1e-06,1e-04,"smoking","F001"
"4342","cg07546943",0.0074,0.0015,1e-06,1e-04,"smoking","F001"
"4343","cg16871449",0.0098,0.002,1e-06,1e-04,"smoking","F001"
"4344","cg16517298",-0.0152,0.0031,1e-06,1e-04,"smoking","F001"
"4345","cg24431966",0.0047,0.001,1e-06,1e-04,"smoking","F001"
"4346","cg04820679",-0.0054,0.0011,1e-06,1e-04,"smoking","F001"
"4347","cg01604883",-0.0059,0.0012,1e-06,1e-04,"smoking","F001"
"4348","cg04439252",-0.0041,8e-04,1e-06,1e-04,"smoking","F001"
"4349","cg07475654",0.0023,5e-04,1e-06,1e-04,"smoking","F001"
"4350","cg19499581",-0.0043,9e-04,1e-06,1e-04,"smoking","F001"
"4351","cg19057830",-0.0125,0.0026,1e-06,1e-04,"smoking","F001"
"4352","cg04258133",0.0099,0.002,1e-06,1e-04,"smoking","F001"
"4353","cg22555517",0.0079,0.0016,1e-06,1e-04,"smoking","F001"
"4354","cg15069471",-0.0085,0.0017,1e-06,1e-04,"smoking","F001"
"4355","cg00777445",0.0058,0.0012,1e-06,1e-04,"smoking","F001"
"4356","cg15132169",-0.0122,0.0025,1e-06,1e-04,"smoking","F001"
"4357","cg13238479",-0.007,0.0014,1e-06,1e-04,"smoking","F001"
"4358","cg03433699",-0.0061,0.0013,1e-06,1e-04,"smoking","F001"
"4359","cg01328806",0.0033,7e-04,1e-06,1e-04,"smoking","F001"
"4360","cg12155684",0.0065,0.0013,1e-06,1e-04,"smoking","F001"
"4361","cg08087047",0.0077,0.0016,1e-06,1e-04,"smoking","F001"
"4362","cg22653878",-0.0075,0.0015,1e-06,1e-04,"smoking","F001"
"4363","cg26581729",-0.006,0.0012,1e-06,1e-04,"smoking","F001"
"4364","cg07342322",-0.0082,0.0017,1e-06,1e-04,"smoking","F001"
"4365","cg27426287",0.0038,8e-04,1e-06,1e-04,"smoking","F001"
"4366","cg24389054",-0.0194,0.004,1e-06,1e-04,"smoking","F001"
"4367","cg00782200",-0.0129,0.0026,1e-06,1e-04,"smoking","F001"
"4368","cg22801799",0.0013,3e-04,1e-06,1e-04,"smoking","F001"
"4369","cg00193668",-0.0075,0.0015,1e-06,1e-04,"smoking","F001"
"4370","cg10536303",-0.0015,3e-04,1e-06,1e-04,"smoking","F001"
"4371","cg20047055",-0.0044,9e-04,1e-06,1e-04,"smoking","F001"
"4372","cg05527044",-0.0072,0.0015,1e-06,1e-04,"smoking","F001"
"4373","cg25512107",-0.0026,5e-04,1e-06,1e-04,"smoking","F001"
"4374","cg09889350",-0.0078,0.0016,1e-06,1e-04,"smoking","F001"
"4375","cg16395997",0.0075,0.0015,1e-06,1e-04,"smoking","F001"
"4376","cg03637976",-0.0064,0.0013,1e-06,1e-04,"smoking","F001"
"4377","cg16021018",0.0082,0.0017,1e-06,1e-04,"smoking","F001"
"4378","cg10801607",0.0073,0.0015,1.1e-06,1e-04,"smoking","F001"
"4379","cg04311403",-0.0164,0.0034,1.1e-06,1e-04,"smoking","F001"
"4380","cg01419713",-0.0074,0.0015,1.1e-06,1e-04,"smoking","F001"
"4381","cg26860257",-0.005,0.001,1.1e-06,1e-04,"smoking","F001"
"4382","cg02878284",-0.0054,0.0011,1.1e-06,1e-04,"smoking","F001"
"4383","cg14796708",-0.0033,7e-04,1.1e-06,1e-04,"smoking","F001"
"4384","cg27135286",0.0027,6e-04,1.1e-06,1e-04,"smoking","F001"
"4385","cg05920870",0.0025,5e-04,1.1e-06,1e-04,"smoking","F001"
"4386","cg05978306",0.0052,0.0011,1.1e-06,1e-04,"smoking","F001"
"4387","cg27423445",-0.0123,0.0025,1.1e-06,1e-04,"smoking","F001"
"4388","cg08123207",-0.0121,0.0025,1.1e-06,1e-04,"smoking","F001"
"4389","cg26610808",0.0063,0.0013,1.1e-06,1e-04,"smoking","F001"
"4390","cg12931554",0.003,6e-04,1.1e-06,1e-04,"smoking","F001"
"4391","cg14200834",0.0051,0.001,1.1e-06,1e-04,"smoking","F001"
"4392","cg26389330",0.0063,0.0013,1.1e-06,1e-04,"smoking","F001"
"4393","cg10090414",-0.0082,0.0017,1.1e-06,1e-04,"smoking","F001"
"4394","cg21205288",-0.004,8e-04,1.1e-06,1e-04,"smoking","F001"
"4395","cg18310515",0.0071,0.0015,1.1e-06,1e-04,"smoking","F001"
"4396","cg26435670",-0.0065,0.0013,1.1e-06,1e-04,"smoking","F001"
"4397","cg09500443",0.0056,0.0012,1.1e-06,1e-04,"smoking","F001"
"4398","cg02968508",-0.0088,0.0018,1.1e-06,1e-04,"smoking","F001"
"4399","cg04174091",-0.0104,0.0021,1.1e-06,1e-04,"smoking","F001"
"4400","cg07223648",-0.0038,8e-04,1.1e-06,1e-04,"smoking","F001"
"4401","cg01206728",0.0019,4e-04,1.1e-06,1e-04,"smoking","F001"
"4402","cg02553070",-0.004,8e-04,1.1e-06,1e-04,"smoking","F001"
"4403","cg08047086",-0.0077,0.0016,1.1e-06,1e-04,"smoking","F001"
"4404","cg07825294",-0.0068,0.0014,1.1e-06,1e-04,"smoking","F001"
"4405","cg13392258",-0.0179,0.0037,1.1e-06,1e-04,"smoking","F001"
"4406","cg00407944",0.0042,9e-04,1.1e-06,1e-04,"smoking","F001"
"4407","cg07870237",0.0058,0.0012,1.1e-06,1e-04,"smoking","F001"
"4408","cg14669515",0.0031,6e-04,1.1e-06,1e-04,"smoking","F001"
"4409","cg16267979",-0.0034,7e-04,1.1e-06,1e-04,"smoking","F001"
"4410","cg21387281",0.0068,0.0014,1.1e-06,1e-04,"smoking","F001"
"4411","cg05143694",-0.0078,0.0016,1.1e-06,1e-04,"smoking","F001"
"4412","cg02890250",0.0057,0.0012,1.1e-06,1e-04,"smoking","F001"
"4413","cg12963656",0.0051,0.0011,1.1e-06,1e-04,"smoking","F001"
"4414","cg07113006",-0.0135,0.0028,1.1e-06,1e-04,"smoking","F001"
"4415","cg01910869",0.0023,5e-04,1.1e-06,1e-04,"smoking","F001"
"4416","cg23928468",-0.0026,5e-04,1.2e-06,1e-04,"smoking","F001"
"4417","cg22990871",0.0088,0.0018,1.2e-06,1e-04,"smoking","F001"
"4418","cg26344982",-0.0019,4e-04,1.2e-06,1e-04,"smoking","F001"
"4419","cg26601496",0.0041,8e-04,1.2e-06,1e-04,"smoking","F001"
"4420","cg06369322",-0.0095,0.002,1.2e-06,1e-04,"smoking","F001"
"4421","cg13522406",-0.0047,0.001,1.2e-06,1e-04,"smoking","F001"
"4422","cg26145504",-0.0074,0.0015,1.2e-06,1e-04,"smoking","F001"
"4423","cg06981309",-0.0128,0.0026,1.2e-06,1e-04,"smoking","F001"
"4424","cg11606444",0.0066,0.0014,1.2e-06,1e-04,"smoking","F001"
"4425","cg21723559",-0.0038,8e-04,1.2e-06,1e-04,"smoking","F001"
"4426","cg04795044",0.0038,8e-04,1.2e-06,1e-04,"smoking","F001"
"4427","cg03116948",0.0032,7e-04,1.2e-06,1e-04,"smoking","F001"
"4428","cg06588876",-0.0041,8e-04,1.2e-06,1e-04,"smoking","F001"
"4429","cg00689213",-0.0104,0.0021,1.2e-06,1e-04,"smoking","F001"
"4430","cg02688118",0.0078,0.0016,1.2e-06,1e-04,"smoking","F001"
"4431","cg13081720",0.0062,0.0013,1.2e-06,1e-04,"smoking","F001"
"4432","cg05359853",0.0027,6e-04,1.2e-06,1e-04,"smoking","F001"
"4433","cg12062672",-0.0057,0.0012,1.2e-06,1e-04,"smoking","F001"
"4434","cg00565882",0.0117,0.0024,1.2e-06,1e-04,"smoking","F001"
"4435","cg27460040",-0.0106,0.0022,1.2e-06,1e-04,"smoking","F001"
"4436","cg27475169",-0.0063,0.0013,1.2e-06,1e-04,"smoking","F001"
"4437","cg22356324",-0.0059,0.0012,1.2e-06,1e-04,"smoking","F001"
"4438","cg21073212",-0.0064,0.0013,1.2e-06,1e-04,"smoking","F001"
"4439","cg20642413",-0.0059,0.0012,1.2e-06,1e-04,"smoking","F001"
"4440","cg01832549",-0.0181,0.0037,1.2e-06,1e-04,"smoking","F001"
"4441","cg23320011",-0.0042,9e-04,1.2e-06,1e-04,"smoking","F001"
"4442","cg09636163",-0.008,0.0017,1.2e-06,1e-04,"smoking","F001"
"4443","cg08841257",0.0053,0.0011,1.2e-06,1e-04,"smoking","F001"
"4444","cg17631390",-0.006,0.0012,1.2e-06,1e-04,"smoking","F001"
"4445","cg03631078",0.0096,0.002,1.2e-06,1e-04,"smoking","F001"
"4446","cg01492538",0.0059,0.0012,1.2e-06,1e-04,"smoking","F001"
"4447","cg12670305",-0.009,0.0019,1.2e-06,1e-04,"smoking","F001"
"4448","cg08832745",0.0047,0.001,1.2e-06,1e-04,"smoking","F001"
"4449","cg05711037",0.0043,9e-04,1.2e-06,1e-04,"smoking","F001"
"4450","cg06382930",-0.0074,0.0015,1.2e-06,1e-04,"smoking","F001"
"4451","cg10454193",0.0055,0.0011,1.2e-06,1e-04,"smoking","F001"
"4452","cg10362475",-0.0154,0.0032,1.2e-06,1e-04,"smoking","F001"
"4453","cg18382353",0.0062,0.0013,1.2e-06,2e-04,"smoking","F001"
"4454","cg02106466",0.0034,7e-04,1.2e-06,2e-04,"smoking","F001"
"4455","cg19419291",-0.0171,0.0035,1.2e-06,2e-04,"smoking","F001"
"4456","cg07599786",-0.0159,0.0033,1.2e-06,2e-04,"smoking","F001"
"4457","cg18465082",-0.0071,0.0015,1.2e-06,2e-04,"smoking","F001"
"4458","cg11385013",-0.0057,0.0012,1.2e-06,2e-04,"smoking","F001"
"4459","cg00092400",0.0104,0.0022,1.2e-06,2e-04,"smoking","F001"
"4460","cg08471335",0.0108,0.0022,1.2e-06,2e-04,"smoking","F001"
"4461","cg00007987",-0.0035,7e-04,1.2e-06,2e-04,"smoking","F001"
"4462","cg02276831",-0.01,0.0021,1.2e-06,2e-04,"smoking","F001"
"4463","cg11719157",0.0099,0.002,1.2e-06,2e-04,"smoking","F001"
"4464","cg24761597",-0.0052,0.0011,1.2e-06,2e-04,"smoking","F001"
"4465","cg07092896",0.0066,0.0014,1.3e-06,2e-04,"smoking","F001"
"4466","cg02081733",0.0045,9e-04,1.3e-06,2e-04,"smoking","F001"
"4467","cg05022105",-0.0053,0.0011,1.3e-06,2e-04,"smoking","F001"
"4468","cg26295057",0.0036,7e-04,1.3e-06,2e-04,"smoking","F001"
"4469","cg13672342",-0.0054,0.0011,1.3e-06,2e-04,"smoking","F001"
"4470","cg15194251",-0.0052,0.0011,1.3e-06,2e-04,"smoking","F001"
"4471","cg04202338",-0.0038,8e-04,1.3e-06,2e-04,"smoking","F001"
"4472","cg24979407",0.0031,6e-04,1.3e-06,2e-04,"smoking","F001"
"4473","cg00237876",-0.0099,0.002,1.3e-06,2e-04,"smoking","F001"
"4474","cg04942251",-0.0116,0.0024,1.3e-06,2e-04,"smoking","F001"
"4475","cg14631541",-0.0042,9e-04,1.3e-06,2e-04,"smoking","F001"
"4476","cg15834037",-0.0061,0.0013,1.3e-06,2e-04,"smoking","F001"
"4477","cg20973476",0.0025,5e-04,1.3e-06,2e-04,"smoking","F001"
"4478","cg12006284",0.0097,0.002,1.3e-06,2e-04,"smoking","F001"
"4479","cg05157625",-0.0102,0.0021,1.3e-06,2e-04,"smoking","F001"
"4480","cg23132624",0.0049,0.001,1.3e-06,2e-04,"smoking","F001"
"4481","cg08928189",0.0052,0.0011,1.3e-06,2e-04,"smoking","F001"
"4482","cg06240690",0.0075,0.0015,1.3e-06,2e-04,"smoking","F001"
"4483","cg10319474",0.0044,9e-04,1.3e-06,2e-04,"smoking","F001"
"4484","cg06750167",0.0066,0.0014,1.3e-06,2e-04,"smoking","F001"
"4485","cg11907477",0.006,0.0012,1.3e-06,2e-04,"smoking","F001"
"4486","cg04454050",0.0057,0.0012,1.3e-06,2e-04,"smoking","F001"
"4487","cg16498391",0.0056,0.0012,1.3e-06,2e-04,"smoking","F001"
"4488","cg27547291",0.0048,0.001,1.3e-06,2e-04,"smoking","F001"
"4489","cg21109167",-0.0036,7e-04,1.3e-06,2e-04,"smoking","F001"
"4490","cg11157816",0.0036,7e-04,1.3e-06,2e-04,"smoking","F001"
"4491","cg10937802",-0.0065,0.0013,1.3e-06,2e-04,"smoking","F001"
"4492","cg14626907",0.0085,0.0018,1.3e-06,2e-04,"smoking","F001"
"4493","cg08386009",-0.0081,0.0017,1.3e-06,2e-04,"smoking","F001"
"4494","cg01676182",0.003,6e-04,1.3e-06,2e-04,"smoking","F001"
"4495","cg21645826",-0.0064,0.0013,1.3e-06,2e-04,"smoking","F001"
"4496","cg01575601",-0.0072,0.0015,1.3e-06,2e-04,"smoking","F001"
"4497","cg10482632",-0.004,8e-04,1.3e-06,2e-04,"smoking","F001"
"4498","cg08915603",0.0049,0.001,1.3e-06,2e-04,"smoking","F001"
"4499","cg06264984",0.0066,0.0014,1.3e-06,2e-04,"smoking","F001"
"4500","cg00816609",0.0045,9e-04,1.3e-06,2e-04,"smoking","F001"
"4501","cg18934106",-0.0069,0.0014,1.3e-06,2e-04,"smoking","F001"
"4502","cg00329447",-0.0073,0.0015,1.3e-06,2e-04,"smoking","F001"
"4503","cg10840361",0.0037,8e-04,1.3e-06,2e-04,"smoking","F001"
"4504","cg23474501",0.0077,0.0016,1.3e-06,2e-04,"smoking","F001"
"4505","cg06750076",-0.0026,5e-04,1.3e-06,2e-04,"smoking","F001"
"4506","cg14129473",0.0073,0.0015,1.3e-06,2e-04,"smoking","F001"
"4507","cg05055150",0.0071,0.0015,1.3e-06,2e-04,"smoking","F001"
"4508","cg16861076",0.0124,0.0026,1.3e-06,2e-04,"smoking","F001"
"4509","cg27184903",0.0072,0.0015,1.3e-06,2e-04,"smoking","F001"
"4510","cg24224501",0.0037,8e-04,1.3e-06,2e-04,"smoking","F001"
"4511","cg00588614",-0.0045,9e-04,1.4e-06,2e-04,"smoking","F001"
"4512","cg03043406",-0.0132,0.0027,1.4e-06,2e-04,"smoking","F001"
"4513","cg15636859",0.0101,0.0021,1.4e-06,2e-04,"smoking","F001"
"4514","cg01354473",0.0049,0.001,1.4e-06,2e-04,"smoking","F001"
"4515","cg25751484",0.005,0.001,1.4e-06,2e-04,"smoking","F001"
"4516","cg05877104",-0.0093,0.0019,1.4e-06,2e-04,"smoking","F001"
"4517","cg16259171",0.0109,0.0023,1.4e-06,2e-04,"smoking","F001"
"4518","cg25967031",-0.0047,0.001,1.4e-06,2e-04,"smoking","F001"
"4519","cg19015086",-0.0079,0.0016,1.4e-06,2e-04,"smoking","F001"
"4520","cg15107641",0.0045,9e-04,1.4e-06,2e-04,"smoking","F001"
"4521","cg01078772",-0.0058,0.0012,1.4e-06,2e-04,"smoking","F001"
"4522","cg05147525",0.0052,0.0011,1.4e-06,2e-04,"smoking","F001"
"4523","cg10044470",0.0071,0.0015,1.4e-06,2e-04,"smoking","F001"
"4524","cg23586595",0.0064,0.0013,1.4e-06,2e-04,"smoking","F001"
"4525","cg00308665",0.0095,0.002,1.4e-06,2e-04,"smoking","F001"
"4526","cg27366007",-0.0064,0.0013,1.4e-06,2e-04,"smoking","F001"
"4527","cg10946510",-0.0048,0.001,1.4e-06,2e-04,"smoking","F001"
"4528","cg04709736",0.0049,0.001,1.4e-06,2e-04,"smoking","F001"
"4529","cg07618110",-0.0045,9e-04,1.4e-06,2e-04,"smoking","F001"
"4530","cg23484392",-0.0117,0.0024,1.4e-06,2e-04,"smoking","F001"
"4531","cg21926626",0.0083,0.0017,1.4e-06,2e-04,"smoking","F001"
"4532","cg19838043",0.0131,0.0027,1.4e-06,2e-04,"smoking","F001"
"4533","cg14127336",-0.0121,0.0025,1.4e-06,2e-04,"smoking","F001"
"4534","cg00811122",-0.0054,0.0011,1.4e-06,2e-04,"smoking","F001"
"4535","cg23998240",0.0051,0.0011,1.4e-06,2e-04,"smoking","F001"
"4536","cg16792613",-0.0082,0.0017,1.4e-06,2e-04,"smoking","F001"
"4537","cg02010196",0.0045,9e-04,1.4e-06,2e-04,"smoking","F001"
"4538","cg13389502",0.0076,0.0016,1.4e-06,2e-04,"smoking","F001"
"4539","cg11201256",-0.003,6e-04,1.4e-06,2e-04,"smoking","F001"
"4540","cg12593812",0.0016,3e-04,1.4e-06,2e-04,"smoking","F001"
"4541","cg21091547",-0.0164,0.0034,1.4e-06,2e-04,"smoking","F001"
"4542","cg26196496",-0.0048,0.001,1.4e-06,2e-04,"smoking","F001"
"4543","cg08620329",-0.0148,0.0031,1.4e-06,2e-04,"smoking","F001"
"4544","cg11554650",-0.0044,9e-04,1.4e-06,2e-04,"smoking","F001"
"4545","cg02812767",-0.0097,0.002,1.4e-06,2e-04,"smoking","F001"
"4546","cg07199524",-0.0026,5e-04,1.4e-06,2e-04,"smoking","F001"
"4547","cg19227031",-0.0125,0.0026,1.4e-06,2e-04,"smoking","F001"
"4548","cg23596233",0.0055,0.0011,1.4e-06,2e-04,"smoking","F001"
"4549","cg16521040",-0.0061,0.0013,1.5e-06,2e-04,"smoking","F001"
"4550","cg05895711",-0.0093,0.0019,1.5e-06,2e-04,"smoking","F001"
"4551","cg08521987",0.003,6e-04,1.5e-06,2e-04,"smoking","F001"
"4552","cg01553004",-0.0069,0.0014,1.5e-06,2e-04,"smoking","F001"
"4553","cg02835462",0.0068,0.0014,1.5e-06,2e-04,"smoking","F001"
"4554","cg09841774",0.0054,0.0011,1.5e-06,2e-04,"smoking","F001"
"4555","cg25845985",-0.0071,0.0015,1.5e-06,2e-04,"smoking","F001"
"4556","cg01930356",0.0023,5e-04,1.5e-06,2e-04,"smoking","F001"
"4557","cg10021364",-0.0056,0.0012,1.5e-06,2e-04,"smoking","F001"
"4558","cg06607384",-0.009,0.0019,1.5e-06,2e-04,"smoking","F001"
"4559","cg06335008",0.0046,0.001,1.5e-06,2e-04,"smoking","F001"
"4560","cg21631918",-0.0098,0.002,1.5e-06,2e-04,"smoking","F001"
"4561","cg08162476",-0.0054,0.0011,1.5e-06,2e-04,"smoking","F001"
"4562","cg05090966",-0.005,0.001,1.5e-06,2e-04,"smoking","F001"
"4563","cg00021275",0.0079,0.0016,1.5e-06,2e-04,"smoking","F001"
"4564","cg07081759",0.0095,0.002,1.5e-06,2e-04,"smoking","F001"
"4565","cg13956924",0.0054,0.0011,1.5e-06,2e-04,"smoking","F001"
"4566","cg08056629",-0.0061,0.0013,1.5e-06,2e-04,"smoking","F001"
"4567","cg12614529",-0.0053,0.0011,1.5e-06,2e-04,"smoking","F001"
"4568","cg06320277",0.0045,9e-04,1.5e-06,2e-04,"smoking","F001"
"4569","cg09690072",0.0093,0.0019,1.5e-06,2e-04,"smoking","F001"
"4570","cg12758082",0.0068,0.0014,1.5e-06,2e-04,"smoking","F001"
"4571","cg16704920",0.0043,9e-04,1.5e-06,2e-04,"smoking","F001"
"4572","cg22078805",-0.0202,0.0042,1.5e-06,2e-04,"smoking","F001"
"4573","cg22904296",0.0037,8e-04,1.5e-06,2e-04,"smoking","F001"
"4574","cg23067082",0.0028,6e-04,1.5e-06,2e-04,"smoking","F001"
"4575","cg24875484",0.0042,9e-04,1.5e-06,2e-04,"smoking","F001"
"4576","cg19873536",-0.016,0.0033,1.5e-06,2e-04,"smoking","F001"
"4577","cg18541581",-0.0038,8e-04,1.5e-06,2e-04,"smoking","F001"
"4578","cg26128192",-0.0041,9e-04,1.5e-06,2e-04,"smoking","F001"
"4579","cg05141432",0.0058,0.0012,1.5e-06,2e-04,"smoking","F001"
"4580","cg12579300",0.0028,6e-04,1.5e-06,2e-04,"smoking","F001"
"4581","cg21859019",0.0041,8e-04,1.5e-06,2e-04,"smoking","F001"
"4582","cg13680337",-0.0059,0.0012,1.5e-06,2e-04,"smoking","F001"
"4583","cg12430618",0.0027,6e-04,1.5e-06,2e-04,"smoking","F001"
"4584","cg01924448",-0.0035,7e-04,1.5e-06,2e-04,"smoking","F001"
"4585","cg08309251",-0.0065,0.0014,1.5e-06,2e-04,"smoking","F001"
"4586","cg14240790",-0.0058,0.0012,1.5e-06,2e-04,"smoking","F001"
"4587","cg06473363",-0.0113,0.0023,1.5e-06,2e-04,"smoking","F001"
"4588","cg23960707",-0.0075,0.0016,1.5e-06,2e-04,"smoking","F001"
"4589","cg05958351",-0.0057,0.0012,1.5e-06,2e-04,"smoking","F001"
"4590","cg22626858",0.0042,9e-04,1.6e-06,2e-04,"smoking","F001"
"4591","cg13089335",-0.0056,0.0012,1.6e-06,2e-04,"smoking","F001"
"4592","cg03646605",-0.0085,0.0018,1.6e-06,2e-04,"smoking","F001"
"4593","cg14845962",-0.0092,0.0019,1.6e-06,2e-04,"smoking","F001"
"4594","cg18376860",0.0091,0.0019,1.6e-06,2e-04,"smoking","F001"
"4595","cg20899625",-0.0082,0.0017,1.6e-06,2e-04,"smoking","F001"
"4596","cg00443094",-0.0039,8e-04,1.6e-06,2e-04,"smoking","F001"
"4597","cg17879376",-0.005,0.001,1.6e-06,2e-04,"smoking","F001"
"4598","cg24465943",0.0049,0.001,1.6e-06,2e-04,"smoking","F001"
"4599","cg18234547",-0.0033,7e-04,1.6e-06,2e-04,"smoking","F001"
"4600","cg26282236",0.0124,0.0026,1.6e-06,2e-04,"smoking","F001"
"4601","cg27141176",0.0067,0.0014,1.6e-06,2e-04,"smoking","F001"
"4602","cg02048220",0.0049,0.001,1.6e-06,2e-04,"smoking","F001"
"4603","cg11051055",-0.0089,0.0019,1.6e-06,2e-04,"smoking","F001"
"4604","cg01890712",-0.0107,0.0022,1.6e-06,2e-04,"smoking","F001"
"4605","cg02641801",0.0056,0.0012,1.6e-06,2e-04,"smoking","F001"
"4606","cg18790325",0.0041,9e-04,1.6e-06,2e-04,"smoking","F001"
"4607","cg17910470",0.0063,0.0013,1.6e-06,2e-04,"smoking","F001"
"4608","cg08001559",0.0066,0.0014,1.6e-06,2e-04,"smoking","F001"
"4609","cg24800754",0.007,0.0015,1.6e-06,2e-04,"smoking","F001"
"4610","cg01110839",0.0059,0.0012,1.6e-06,2e-04,"smoking","F001"
"4611","cg00509772",-0.0055,0.0011,1.6e-06,2e-04,"smoking","F001"
"4612","cg10251229",0.0079,0.0016,1.6e-06,2e-04,"smoking","F001"
"4613","cg11987455",0.0029,6e-04,1.6e-06,2e-04,"smoking","F001"
"4614","cg20062691",-0.0088,0.0018,1.6e-06,2e-04,"smoking","F001"
"4615","cg08220120",-0.0132,0.0028,1.6e-06,2e-04,"smoking","F001"
"4616","cg12349350",-0.0032,7e-04,1.6e-06,2e-04,"smoking","F001"
"4617","cg15090877",0.0036,8e-04,1.6e-06,2e-04,"smoking","F001"
"4618","cg09712464",0.0063,0.0013,1.6e-06,2e-04,"smoking","F001"
"4619","cg26628751",0.0086,0.0018,1.7e-06,2e-04,"smoking","F001"
"4620","cg14266248",0.0045,9e-04,1.7e-06,2e-04,"smoking","F001"
"4621","cg17163729",-0.0052,0.0011,1.7e-06,2e-04,"smoking","F001"
"4622","cg03521737",-0.0068,0.0014,1.7e-06,2e-04,"smoking","F001"
"4623","cg22719241",0.0091,0.0019,1.7e-06,2e-04,"smoking","F001"
"4624","cg04096767",0.0096,0.002,1.7e-06,2e-04,"smoking","F001"
"4625","cg17668731",0.0047,0.001,1.7e-06,2e-04,"smoking","F001"
"4626","cg13989528",-0.0064,0.0013,1.7e-06,2e-04,"smoking","F001"
"4627","cg08942527",0.0039,8e-04,1.7e-06,2e-04,"smoking","F001"
"4628","cg18541609",0.0024,5e-04,1.7e-06,2e-04,"smoking","F001"
"4629","cg02796545",0.0062,0.0013,1.7e-06,2e-04,"smoking","F001"
"4630","cg22497969",0.0085,0.0018,1.7e-06,2e-04,"smoking","F001"
"4631","cg20700731",-0.0075,0.0016,1.7e-06,2e-04,"smoking","F001"
"4632","cg18302606",-0.0113,0.0024,1.7e-06,2e-04,"smoking","F001"
"4633","cg25103895",-0.0123,0.0026,1.7e-06,2e-04,"smoking","F001"
"4634","cg15014975",-0.0094,0.002,1.7e-06,2e-04,"smoking","F001"
"4635","cg15333769",0.0033,7e-04,1.7e-06,2e-04,"smoking","F001"
"4636","cg24222995",0.0064,0.0013,1.7e-06,2e-04,"smoking","F001"
"4637","cg04914290",-0.004,8e-04,1.7e-06,2e-04,"smoking","F001"
"4638","cg10592478",-0.0096,0.002,1.7e-06,2e-04,"smoking","F001"
"4639","cg07141504",0.0064,0.0013,1.7e-06,2e-04,"smoking","F001"
"4640","cg15580355",0.0037,8e-04,1.7e-06,2e-04,"smoking","F001"
"4641","cg01919939",-0.014,0.0029,1.7e-06,2e-04,"smoking","F001"
"4642","cg08871545",0.0128,0.0027,1.7e-06,2e-04,"smoking","F001"
"4643","cg11054403",0.005,0.001,1.7e-06,2e-04,"smoking","F001"
"4644","cg06368859",-0.0063,0.0013,1.7e-06,2e-04,"smoking","F001"
"4645","cg22255288",0.0024,5e-04,1.7e-06,2e-04,"smoking","F001"
"4646","cg07435331",0.0064,0.0013,1.8e-06,2e-04,"smoking","F001"
"4647","cg03660710",-0.0041,9e-04,1.8e-06,2e-04,"smoking","F001"
"4648","cg21721340",-0.008,0.0017,1.8e-06,2e-04,"smoking","F001"
"4649","cg09757644",-0.0067,0.0014,1.8e-06,2e-04,"smoking","F001"
"4650","cg14389122",-0.0061,0.0013,1.8e-06,2e-04,"smoking","F001"
"4651","cg15335334",0.0038,8e-04,1.8e-06,2e-04,"smoking","F001"
"4652","cg21550024",-0.0108,0.0023,1.8e-06,2e-04,"smoking","F001"
"4653","cg07338658",-0.0062,0.0013,1.8e-06,2e-04,"smoking","F001"
"4654","cg00589617",-0.0172,0.0036,1.8e-06,2e-04,"smoking","F001"
"4655","cg08906246",0.0053,0.0011,1.8e-06,2e-04,"smoking","F001"
"4656","cg26501049",-0.0073,0.0015,1.8e-06,2e-04,"smoking","F001"
"4657","cg24730915",0.008,0.0017,1.8e-06,2e-04,"smoking","F001"
"4658","cg10535500",-0.0074,0.0016,1.8e-06,2e-04,"smoking","F001"
"4659","cg00569896",0.0213,0.0045,1.8e-06,2e-04,"smoking","F001"
"4660","cg12113740",-0.0033,7e-04,1.8e-06,2e-04,"smoking","F001"
"4661","cg06186155",-0.0037,8e-04,1.8e-06,2e-04,"smoking","F001"
"4662","cg01994290",-0.0065,0.0014,1.8e-06,2e-04,"smoking","F001"
"4663","cg06432655",0.0048,0.001,1.8e-06,2e-04,"smoking","F001"
"4664","cg02380840",-0.0054,0.0011,1.8e-06,2e-04,"smoking","F001"
"4665","cg11612905",0.0042,9e-04,1.8e-06,2e-04,"smoking","F001"
"4666","cg21226933",-0.0072,0.0015,1.8e-06,2e-04,"smoking","F001"
"4667","cg16749578",0.0049,0.001,1.8e-06,2e-04,"smoking","F001"
"4668","cg15939920",0.0075,0.0016,1.8e-06,2e-04,"smoking","F001"
"4669","cg12093976",0.0061,0.0013,1.8e-06,2e-04,"smoking","F001"
"4670","cg10615580",0.0054,0.0011,1.8e-06,2e-04,"smoking","F001"
"4671","cg02970525",0.0026,6e-04,1.8e-06,2e-04,"smoking","F001"
"4672","cg08198176",0.0046,0.001,1.8e-06,2e-04,"smoking","F001"
"4673","cg13384150",0.0038,8e-04,1.8e-06,2e-04,"smoking","F001"
"4674","cg06670599",-0.0103,0.0022,1.8e-06,2e-04,"smoking","F001"
"4675","cg12184221",0.0104,0.0022,1.8e-06,2e-04,"smoking","F001"
"4676","cg03018380",0.0036,8e-04,1.8e-06,2e-04,"smoking","F001"
"4677","cg25840433",-0.0045,9e-04,1.8e-06,2e-04,"smoking","F001"
"4678","cg22304262",-0.0099,0.0021,1.8e-06,2e-04,"smoking","F001"
"4679","cg19323289",-0.0051,0.0011,1.8e-06,2e-04,"smoking","F001"
"4680","cg14914532",-0.0068,0.0014,1.8e-06,2e-04,"smoking","F001"
"4681","cg22515589",0.0037,8e-04,1.8e-06,2e-04,"smoking","F001"
"4682","cg20359994",0.0053,0.0011,1.9e-06,2e-04,"smoking","F001"
"4683","cg20426710",-0.0129,0.0027,1.9e-06,2e-04,"smoking","F001"
"4684","cg23647410",-0.0054,0.0011,1.9e-06,2e-04,"smoking","F001"
"4685","cg20282814",-0.0065,0.0014,1.9e-06,2e-04,"smoking","F001"
"4686","cg20202438",0.0042,9e-04,1.9e-06,2e-04,"smoking","F001"
"4687","cg10909080",0.0054,0.0011,1.9e-06,2e-04,"smoking","F001"
"4688","cg26782451",-0.0028,6e-04,1.9e-06,2e-04,"smoking","F001"
"4689","cg01243823",-0.0115,0.0024,1.9e-06,2e-04,"smoking","F001"
"4690","cg06589051",-0.0095,0.002,1.9e-06,2e-04,"smoking","F001"
"4691","cg16671360",-0.0051,0.0011,1.9e-06,2e-04,"smoking","F001"
"4692","cg24581650",-0.0057,0.0012,1.9e-06,2e-04,"smoking","F001"
"4693","cg22777249",0.0058,0.0012,1.9e-06,2e-04,"smoking","F001"
"4694","cg14346873",0.0025,5e-04,1.9e-06,2e-04,"smoking","F001"
"4695","cg07673230",0.0086,0.0018,1.9e-06,2e-04,"smoking","F001"
"4696","cg03149128",-0.0084,0.0018,1.9e-06,2e-04,"smoking","F001"
"4697","cg05879734",0.0028,6e-04,1.9e-06,2e-04,"smoking","F001"
"4698","cg27016579",-0.0097,0.002,1.9e-06,2e-04,"smoking","F001"
"4699","cg03391776",-0.0024,5e-04,1.9e-06,2e-04,"smoking","F001"
"4700","cg01281718",0.0065,0.0014,1.9e-06,2e-04,"smoking","F001"
"4701","cg10974463",0.009,0.0019,1.9e-06,2e-04,"smoking","F001"
"4702","cg24349832",-0.0082,0.0017,1.9e-06,2e-04,"smoking","F001"
"4703","cg13660719",-0.005,0.001,1.9e-06,2e-04,"smoking","F001"
"4704","cg27064949",0.0134,0.0028,1.9e-06,2e-04,"smoking","F001"
"4705","cg08408971",-0.0037,8e-04,1.9e-06,2e-04,"smoking","F001"
"4706","cg04195000",0.0062,0.0013,1.9e-06,2e-04,"smoking","F001"
"4707","cg06957820",-0.0049,0.001,2e-06,2e-04,"smoking","F001"
"4708","cg25023291",-0.0089,0.0019,2e-06,2e-04,"smoking","F001"
"4709","cg02695343",0.0033,7e-04,2e-06,2e-04,"smoking","F001"
"4710","cg13948956",-0.0091,0.0019,2e-06,2e-04,"smoking","F001"
"4711","cg02473781",-0.005,0.0011,2e-06,2e-04,"smoking","F001"
"4712","cg09735851",-0.0078,0.0016,2e-06,2e-04,"smoking","F001"
"4713","cg12836863",0.0113,0.0024,2e-06,2e-04,"smoking","F001"
"4714","cg00291478",-0.0154,0.0032,2e-06,2e-04,"smoking","F001"
"4715","cg08782899",-0.0045,9e-04,2e-06,2e-04,"smoking","F001"
"4716","cg11412468",0.0094,0.002,2e-06,2e-04,"smoking","F001"
"4717","cg18439358",0.0016,3e-04,2e-06,2e-04,"smoking","F001"
"4718","cg18190866",-0.0035,7e-04,2e-06,2e-04,"smoking","F001"
"4719","cg09104284",-0.005,0.001,2e-06,2e-04,"smoking","F001"
"4720","cg07716052",0.0052,0.0011,2e-06,2e-04,"smoking","F001"
"4721","cg02805890",-0.0044,9e-04,2e-06,2e-04,"smoking","F001"
"4722","cg26775538",0.0082,0.0017,2e-06,2e-04,"smoking","F001"
"4723","cg16757384",-0.0065,0.0014,2e-06,2e-04,"smoking","F001"
"4724","cg26201213",-0.006,0.0013,2e-06,2e-04,"smoking","F001"
"4725","cg08168580",0.0054,0.0011,2e-06,2e-04,"smoking","F001"
"4726","cg07799005",-0.0022,5e-04,2e-06,2e-04,"smoking","F001"
"4727","cg24487489",-0.0047,0.001,2e-06,2e-04,"smoking","F001"
"4728","cg26001125",-0.0039,8e-04,2e-06,2e-04,"smoking","F001"
"4729","cg25636556",-0.0055,0.0012,2e-06,2e-04,"smoking","F001"
"4730","cg04614290",-0.0111,0.0023,2e-06,2e-04,"smoking","F001"
"4731","cg09129334",-0.0096,0.002,2e-06,2e-04,"smoking","F001"
"4732","cg25767433",-0.0061,0.0013,2e-06,2e-04,"smoking","F001"
"4733","cg16266925",0.0038,8e-04,2e-06,2e-04,"smoking","F001"
"4734","cg25653947",0.0043,9e-04,2e-06,2e-04,"smoking","F001"
"4735","cg21800196",-0.0067,0.0014,2e-06,2e-04,"smoking","F001"
"4736","cg13033858",-0.0106,0.0022,2e-06,2e-04,"smoking","F001"
"4737","cg20456243",-0.0081,0.0017,2e-06,2e-04,"smoking","F001"
"4738","cg10323697",0.0041,9e-04,2e-06,2e-04,"smoking","F001"
"4739","cg27395200",-0.0057,0.0012,2e-06,2e-04,"smoking","F001"
"4740","cg01876978",-0.0043,9e-04,2e-06,2e-04,"smoking","F001"
"4741","cg05460571",-0.0052,0.0011,2e-06,2e-04,"smoking","F001"
"4742","cg09043511",-0.0065,0.0014,2e-06,2e-04,"smoking","F001"
"4743","cg08815110",-0.0053,0.0011,2e-06,2e-04,"smoking","F001"
"4744","cg22699026",0.0026,6e-04,2e-06,2e-04,"smoking","F001"
"4745","cg01351315",0.0044,9e-04,2e-06,2e-04,"smoking","F001"
"4746","cg07948875",0.0096,0.002,2e-06,2e-04,"smoking","F001"
"4747","cg08076437",0.0059,0.0013,2.1e-06,2e-04,"smoking","F001"
"4748","cg03206681",0.0042,9e-04,2.1e-06,2e-04,"smoking","F001"
"4749","cg01158574",0.003,6e-04,2.1e-06,2e-04,"smoking","F001"
"4750","cg15787039",0.0064,0.0014,2.1e-06,2e-04,"smoking","F001"
"4751","cg21996227",0.0016,3e-04,2.1e-06,2e-04,"smoking","F001"
"4752","cg15090440",-0.0112,0.0024,2.1e-06,2e-04,"smoking","F001"
"4753","cg25316484",-0.0055,0.0012,2.1e-06,2e-04,"smoking","F001"
"4754","cg27659768",0.0074,0.0016,2.1e-06,2e-04,"smoking","F001"
"4755","cg03603381",-0.0088,0.0018,2.1e-06,2e-04,"smoking","F001"
"4756","cg05702747",0.0018,4e-04,2.1e-06,2e-04,"smoking","F001"
"4757","cg02101876",0.0049,0.001,2.1e-06,2e-04,"smoking","F001"
"4758","cg04109655",0.0031,7e-04,2.1e-06,2e-04,"smoking","F001"
"4759","cg14507891",-0.0039,8e-04,2.1e-06,2e-04,"smoking","F001"
"4760","cg21828716",-0.0082,0.0017,2.1e-06,2e-04,"smoking","F001"
"4761","cg14821257",-0.0082,0.0017,2.1e-06,2e-04,"smoking","F001"
"4762","cg00491064",-0.0039,8e-04,2.1e-06,2e-04,"smoking","F001"
"4763","cg27631057",-0.0069,0.0015,2.1e-06,2e-04,"smoking","F001"
"4764","cg12771187",0.0088,0.0018,2.1e-06,2e-04,"smoking","F001"
"4765","cg12873919",-0.0052,0.0011,2.1e-06,2e-04,"smoking","F001"
"4766","cg19453742",0.0028,6e-04,2.1e-06,2e-04,"smoking","F001"
"4767","cg07719172",0.0059,0.0012,2.1e-06,2e-04,"smoking","F001"
"4768","cg18677603",0.007,0.0015,2.1e-06,2e-04,"smoking","F001"
"4769","cg17560136",-0.0066,0.0014,2.1e-06,2e-04,"smoking","F001"
"4770","cg11645556",0.0034,7e-04,2.1e-06,2e-04,"smoking","F001"
"4771","cg07226964",-0.0022,5e-04,2.1e-06,2e-04,"smoking","F001"
"4772","cg14495953",0.0072,0.0015,2.1e-06,2e-04,"smoking","F001"
"4773","cg19272266",-0.0058,0.0012,2.1e-06,2e-04,"smoking","F001"
"4774","cg12639429",-0.0055,0.0012,2.1e-06,2e-04,"smoking","F001"
"4775","cg26189021",-0.0062,0.0013,2.2e-06,2e-04,"smoking","F001"
"4776","cg21304158",-0.0038,8e-04,2.2e-06,2e-04,"smoking","F001"
"4777","cg04923845",0.0018,4e-04,2.2e-06,2e-04,"smoking","F001"
"4778","cg02110858",-0.0138,0.0029,2.2e-06,2e-04,"smoking","F001"
"4779","cg20490392",-0.0166,0.0035,2.2e-06,2e-04,"smoking","F001"
"4780","cg06294803",-0.0106,0.0022,2.2e-06,2e-04,"smoking","F001"
"4781","cg02841155",-0.0062,0.0013,2.2e-06,2e-04,"smoking","F001"
"4782","cg10339152",-0.0091,0.0019,2.2e-06,2e-04,"smoking","F001"
"4783","cg08951271",-0.0065,0.0014,2.2e-06,2e-04,"smoking","F001"
"4784","cg12116137",0.0072,0.0015,2.2e-06,2e-04,"smoking","F001"
"4785","cg24136700",0.009,0.0019,2.2e-06,2e-04,"smoking","F001"
"4786","cg08924321",-0.0078,0.0016,2.2e-06,2e-04,"smoking","F001"
"4787","cg02474195",0.0021,4e-04,2.2e-06,2e-04,"smoking","F001"
"4788","cg04793090",-0.0046,0.001,2.2e-06,2e-04,"smoking","F001"
"4789","cg05533329",0.0019,4e-04,2.2e-06,2e-04,"smoking","F001"
"4790","cg26453130",-0.0079,0.0017,2.2e-06,2e-04,"smoking","F001"
"4791","cg05795313",0.0041,9e-04,2.2e-06,2e-04,"smoking","F001"
"4792","cg22728904",0.008,0.0017,2.2e-06,2e-04,"smoking","F001"
"4793","cg25782229",0.0075,0.0016,2.2e-06,2e-04,"smoking","F001"
"4794","cg15408734",-0.004,8e-04,2.2e-06,2e-04,"smoking","F001"
"4795","cg23047500",0.0039,8e-04,2.2e-06,2e-04,"smoking","F001"
"4796","cg01519765",0.0064,0.0014,2.2e-06,2e-04,"smoking","F001"
"4797","cg05620288",-0.0073,0.0015,2.2e-06,2e-04,"smoking","F001"
"4798","cg12182124",0.0066,0.0014,2.2e-06,2e-04,"smoking","F001"
"4799","cg06949933",-0.006,0.0013,2.2e-06,2e-04,"smoking","F001"
"4800","cg04517044",-0.0095,0.002,2.2e-06,2e-04,"smoking","F001"
"4801","cg06724236",0.0069,0.0014,2.2e-06,2e-04,"smoking","F001"
"4802","cg01377358",-0.0061,0.0013,2.2e-06,2e-04,"smoking","F001"
"4803","cg19792544",0.0021,4e-04,2.2e-06,2e-04,"smoking","F001"
"4804","cg26780125",0.0043,9e-04,2.2e-06,2e-04,"smoking","F001"
"4805","cg17110586",0.0057,0.0012,2.2e-06,2e-04,"smoking","F001"
"4806","cg26566236",-0.0057,0.0012,2.2e-06,2e-04,"smoking","F001"
"4807","cg21963406",0.0022,5e-04,2.2e-06,2e-04,"smoking","F001"
"4808","cg18107425",0.0049,0.001,2.2e-06,2e-04,"smoking","F001"
"4809","cg06830167",-0.0085,0.0018,2.2e-06,2e-04,"smoking","F001"
"4810","cg12930392",0.0058,0.0012,2.2e-06,2e-04,"smoking","F001"
"4811","cg16793866",0.0041,9e-04,2.2e-06,2e-04,"smoking","F001"
"4812","cg22770911",-0.0166,0.0035,2.3e-06,2e-04,"smoking","F001"
"4813","cg15562346",-0.0046,0.001,2.3e-06,2e-04,"smoking","F001"
"4814","cg26917640",-0.0091,0.0019,2.3e-06,2e-04,"smoking","F001"
"4815","cg07234199",0.0059,0.0012,2.3e-06,2e-04,"smoking","F001"
"4816","cg12827530",0.0076,0.0016,2.3e-06,2e-04,"smoking","F001"
"4817","cg00259518",0.0038,8e-04,2.3e-06,2e-04,"smoking","F001"
"4818","cg13715010",-0.0022,5e-04,2.3e-06,2e-04,"smoking","F001"
"4819","cg23896972",0.005,0.0011,2.3e-06,3e-04,"smoking","F001"
"4820","cg04220047",-0.0113,0.0024,2.3e-06,3e-04,"smoking","F001"
"4821","cg07765674",-0.0039,8e-04,2.3e-06,3e-04,"smoking","F001"
"4822","cg16126958",-0.0053,0.0011,2.3e-06,3e-04,"smoking","F001"
"4823","cg24810836",-0.0029,6e-04,2.3e-06,3e-04,"smoking","F001"
"4824","cg21480743",0.0048,0.001,2.3e-06,3e-04,"smoking","F001"
"4825","cg15341833",0.0023,5e-04,2.3e-06,3e-04,"smoking","F001"
"4826","cg02712949",0.0038,8e-04,2.3e-06,3e-04,"smoking","F001"
"4827","cg01044025",0.0096,0.002,2.3e-06,3e-04,"smoking","F001"
"4828","cg02094337",0.0065,0.0014,2.3e-06,3e-04,"smoking","F001"
"4829","cg18959207",-0.0161,0.0034,2.3e-06,3e-04,"smoking","F001"
"4830","cg24632873",-0.0066,0.0014,2.3e-06,3e-04,"smoking","F001"
"4831","cg24562819",0.0026,5e-04,2.3e-06,3e-04,"smoking","F001"
"4832","cg16092017",0.0082,0.0017,2.4e-06,3e-04,"smoking","F001"
"4833","cg25309041",-0.0043,9e-04,2.4e-06,3e-04,"smoking","F001"
"4834","cg27427318",-0.0113,0.0024,2.4e-06,3e-04,"smoking","F001"
"4835","cg26885488",0.0054,0.0011,2.4e-06,3e-04,"smoking","F001"
"4836","cg12424598",0.0077,0.0016,2.4e-06,3e-04,"smoking","F001"
"4837","cg13594463",0.0043,9e-04,2.4e-06,3e-04,"smoking","F001"
"4838","cg22933646",-0.0035,7e-04,2.4e-06,3e-04,"smoking","F001"
"4839","cg03627290",-0.0039,8e-04,2.4e-06,3e-04,"smoking","F001"
"4840","cg13223107",-0.0028,6e-04,2.4e-06,3e-04,"smoking","F001"
"4841","cg01590948",-0.0041,9e-04,2.4e-06,3e-04,"smoking","F001"
"4842","cg19421584",0.0114,0.0024,2.4e-06,3e-04,"smoking","F001"
"4843","cg24761525",-0.0117,0.0025,2.4e-06,3e-04,"smoking","F001"
"4844","cg23925513",-0.0077,0.0016,2.4e-06,3e-04,"smoking","F001"
"4845","cg05858130",-0.0071,0.0015,2.4e-06,3e-04,"smoking","F001"
"4846","cg04492228",-0.012,0.0026,2.4e-06,3e-04,"smoking","F001"
"4847","cg00944304",-0.0088,0.0019,2.4e-06,3e-04,"smoking","F001"
"4848","cg27001603",-0.0032,7e-04,2.4e-06,3e-04,"smoking","F001"
"4849","cg03424127",0.0045,0.001,2.4e-06,3e-04,"smoking","F001"
"4850","cg05246522",-0.0089,0.0019,2.4e-06,3e-04,"smoking","F001"
"4851","cg09138780",-0.0068,0.0014,2.4e-06,3e-04,"smoking","F001"
"4852","cg14957186",0.0021,4e-04,2.4e-06,3e-04,"smoking","F001"
"4853","cg25033990",0.0038,8e-04,2.4e-06,3e-04,"smoking","F001"
"4854","cg02519892",0.0045,0.001,2.4e-06,3e-04,"smoking","F001"
"4855","cg00644847",-0.0064,0.0014,2.4e-06,3e-04,"smoking","F001"
"4856","cg22107533",-0.0118,0.0025,2.4e-06,3e-04,"smoking","F001"
"4857","cg05939956",-0.0044,9e-04,2.4e-06,3e-04,"smoking","F001"
"4858","cg14324585",-0.0022,5e-04,2.4e-06,3e-04,"smoking","F001"
"4859","cg00153395",0.0051,0.0011,2.4e-06,3e-04,"smoking","F001"
"4860","cg05070518",0.004,8e-04,2.4e-06,3e-04,"smoking","F001"
"4861","cg08950745",-0.0062,0.0013,2.4e-06,3e-04,"smoking","F001"
"4862","cg00914963",-0.0032,7e-04,2.4e-06,3e-04,"smoking","F001"
"4863","cg03220447",-0.0045,0.001,2.4e-06,3e-04,"smoking","F001"
"4864","cg08730778",0.0036,8e-04,2.5e-06,3e-04,"smoking","F001"
"4865","cg13578465",0.0109,0.0023,2.5e-06,3e-04,"smoking","F001"
"4866","cg22926842",-0.0053,0.0011,2.5e-06,3e-04,"smoking","F001"
"4867","cg04439241",0.0041,9e-04,2.5e-06,3e-04,"smoking","F001"
"4868","cg18174402",-0.0044,9e-04,2.5e-06,3e-04,"smoking","F001"
"4869","cg00565090",0.0045,0.001,2.5e-06,3e-04,"smoking","F001"
"4870","cg03717836",0.0028,6e-04,2.5e-06,3e-04,"smoking","F001"
"4871","cg01352090",0.0038,8e-04,2.5e-06,3e-04,"smoking","F001"
"4872","cg18312010",0.0035,8e-04,2.5e-06,3e-04,"smoking","F001"
"4873","cg03609639",-0.0042,9e-04,2.5e-06,3e-04,"smoking","F001"
"4874","cg05675249",0.0054,0.0011,2.5e-06,3e-04,"smoking","F001"
"4875","cg04573702",-0.0114,0.0024,2.5e-06,3e-04,"smoking","F001"
"4876","cg19165216",-0.0032,7e-04,2.5e-06,3e-04,"smoking","F001"
"4877","cg27663123",0.0072,0.0015,2.5e-06,3e-04,"smoking","F001"
"4878","cg20886049",-0.0186,0.004,2.5e-06,3e-04,"smoking","F001"
"4879","cg20329047",-0.0072,0.0015,2.5e-06,3e-04,"smoking","F001"
"4880","cg00830767",-0.0064,0.0014,2.5e-06,3e-04,"smoking","F001"
"4881","cg02716826",-0.0096,0.002,2.5e-06,3e-04,"smoking","F001"
"4882","cg11279294",-0.0054,0.0011,2.5e-06,3e-04,"smoking","F001"
"4883","cg24665265",0.0076,0.0016,2.5e-06,3e-04,"smoking","F001"
"4884","cg16619425",0.003,6e-04,2.5e-06,3e-04,"smoking","F001"
"4885","cg12629515",-0.0065,0.0014,2.6e-06,3e-04,"smoking","F001"
"4886","cg09198200",-0.0041,9e-04,2.6e-06,3e-04,"smoking","F001"
"4887","cg26002218",0.0051,0.0011,2.6e-06,3e-04,"smoking","F001"
"4888","cg06946797",-0.0126,0.0027,2.6e-06,3e-04,"smoking","F001"
"4889","cg00688402",0.0103,0.0022,2.6e-06,3e-04,"smoking","F001"
"4890","cg15989436",-0.0099,0.0021,2.6e-06,3e-04,"smoking","F001"
"4891","cg27040968",0.0044,9e-04,2.6e-06,3e-04,"smoking","F001"
"4892","cg13977486",-0.0052,0.0011,2.6e-06,3e-04,"smoking","F001"
"4893","cg13771161",-0.0055,0.0012,2.6e-06,3e-04,"smoking","F001"
"4894","cg20593826",-0.0133,0.0028,2.6e-06,3e-04,"smoking","F001"
"4895","cg09047573",0.0043,9e-04,2.6e-06,3e-04,"smoking","F001"
"4896","cg05533340",0.0046,0.001,2.6e-06,3e-04,"smoking","F001"
"4897","cg23674358",0.0014,3e-04,2.6e-06,3e-04,"smoking","F001"
"4898","cg19327213",0.0078,0.0017,2.6e-06,3e-04,"smoking","F001"
"4899","cg20801110",-0.0104,0.0022,2.6e-06,3e-04,"smoking","F001"
"4900","cg21547095",-0.0042,9e-04,2.6e-06,3e-04,"smoking","F001"
"4901","cg13523236",0.0062,0.0013,2.6e-06,3e-04,"smoking","F001"
"4902","cg24067803",0.0041,9e-04,2.7e-06,3e-04,"smoking","F001"
"4903","cg13155490",0.0099,0.0021,2.7e-06,3e-04,"smoking","F001"
"4904","cg24530246",0.0091,0.0019,2.7e-06,3e-04,"smoking","F001"
"4905","cg03038262",-0.0114,0.0024,2.7e-06,3e-04,"smoking","F001"
"4906","cg05053979",-0.0164,0.0035,2.7e-06,3e-04,"smoking","F001"
"4907","cg16680125",-0.0064,0.0014,2.7e-06,3e-04,"smoking","F001"
"4908","cg01359236",-0.0052,0.0011,2.7e-06,3e-04,"smoking","F001"
"4909","cg10531355",-0.0109,0.0023,2.7e-06,3e-04,"smoking","F001"
"4910","cg27438425",-0.0074,0.0016,2.7e-06,3e-04,"smoking","F001"
"4911","cg04608900",-0.003,6e-04,2.7e-06,3e-04,"smoking","F001"
"4912","cg05261411",0.0036,8e-04,2.7e-06,3e-04,"smoking","F001"
"4913","cg03033182",-0.0069,0.0015,2.7e-06,3e-04,"smoking","F001"
"4914","cg27471246",0.0082,0.0017,2.7e-06,3e-04,"smoking","F001"
"4915","cg10804656",-0.0074,0.0016,2.7e-06,3e-04,"smoking","F001"
"4916","cg25327888",-0.0155,0.0033,2.7e-06,3e-04,"smoking","F001"
"4917","cg03443331",0.0061,0.0013,2.7e-06,3e-04,"smoking","F001"
"4918","cg02423817",-0.0067,0.0014,2.7e-06,3e-04,"smoking","F001"
"4919","cg16080125",0.0063,0.0013,2.7e-06,3e-04,"smoking","F001"
"4920","cg16426715",-0.004,9e-04,2.7e-06,3e-04,"smoking","F001"
"4921","cg14512326",0.0074,0.0016,2.7e-06,3e-04,"smoking","F001"
"4922","cg08119231",-0.0053,0.0011,2.7e-06,3e-04,"smoking","F001"
"4923","cg09205438",0.0053,0.0011,2.7e-06,3e-04,"smoking","F001"
"4924","cg01500140",0.0093,0.002,2.7e-06,3e-04,"smoking","F001"
"4925","cg02551095",-0.0047,0.001,2.7e-06,3e-04,"smoking","F001"
"4926","cg22222461",-0.0109,0.0023,2.7e-06,3e-04,"smoking","F001"
"4927","cg16389209",-0.0081,0.0017,2.7e-06,3e-04,"smoking","F001"
"4928","cg13277254",-0.0067,0.0014,2.7e-06,3e-04,"smoking","F001"
"4929","cg20682981",0.0061,0.0013,2.7e-06,3e-04,"smoking","F001"
"4930","cg11284582",-0.0058,0.0012,2.8e-06,3e-04,"smoking","F001"
"4931","cg02431260",-0.0121,0.0026,2.8e-06,3e-04,"smoking","F001"
"4932","cg07058998",-0.0063,0.0013,2.8e-06,3e-04,"smoking","F001"
"4933","cg02035751",-0.0075,0.0016,2.8e-06,3e-04,"smoking","F001"
"4934","cg08609845",0.0031,7e-04,2.8e-06,3e-04,"smoking","F001"
"4935","cg19273694",0.0108,0.0023,2.8e-06,3e-04,"smoking","F001"
"4936","cg22451412",0.0051,0.0011,2.8e-06,3e-04,"smoking","F001"
"4937","cg25686812",-0.0034,7e-04,2.8e-06,3e-04,"smoking","F001"
"4938","cg02734358",-0.0105,0.0022,2.8e-06,3e-04,"smoking","F001"
"4939","cg06629453",0.0038,8e-04,2.8e-06,3e-04,"smoking","F001"
"4940","cg18608055",-0.0082,0.0017,2.8e-06,3e-04,"smoking","F001"
"4941","cg14596967",0.0055,0.0012,2.8e-06,3e-04,"smoking","F001"
"4942","cg00877329",-0.0051,0.0011,2.8e-06,3e-04,"smoking","F001"
"4943","cg16062877",-0.0067,0.0014,2.8e-06,3e-04,"smoking","F001"
"4944","cg19190163",-0.006,0.0013,2.8e-06,3e-04,"smoking","F001"
"4945","cg19589060",0.005,0.0011,2.8e-06,3e-04,"smoking","F001"
"4946","cg01874697",0.0042,9e-04,2.8e-06,3e-04,"smoking","F001"
"4947","cg14410964",0.005,0.0011,2.8e-06,3e-04,"smoking","F001"
"4948","cg10687107",-0.009,0.0019,2.8e-06,3e-04,"smoking","F001"
"4949","cg25371036",-0.0095,0.002,2.8e-06,3e-04,"smoking","F001"
"4950","cg10377153",0.0038,8e-04,2.8e-06,3e-04,"smoking","F001"
"4951","cg07422042",-0.0063,0.0013,2.8e-06,3e-04,"smoking","F001"
"4952","cg20852846",0.0044,9e-04,2.8e-06,3e-04,"smoking","F001"
"4953","cg04872675",-0.0066,0.0014,2.9e-06,3e-04,"smoking","F001"
"4954","cg22354782",0.0041,9e-04,2.9e-06,3e-04,"smoking","F001"
"4955","cg11479156",0.0088,0.0019,2.9e-06,3e-04,"smoking","F001"
"4956","cg05106502",-0.0076,0.0016,2.9e-06,3e-04,"smoking","F001"
"4957","cg10091996",-0.0094,0.002,2.9e-06,3e-04,"smoking","F001"
"4958","cg20742389",-0.0093,0.002,2.9e-06,3e-04,"smoking","F001"
"4959","cg06723337",0.0022,5e-04,2.9e-06,3e-04,"smoking","F001"
"4960","cg23902550",-0.0075,0.0016,2.9e-06,3e-04,"smoking","F001"
"4961","cg11324650",-0.0145,0.0031,2.9e-06,3e-04,"smoking","F001"
"4962","cg14293223",0.0034,7e-04,2.9e-06,3e-04,"smoking","F001"
"4963","cg27252164",0.0049,0.001,2.9e-06,3e-04,"smoking","F001"
"4964","cg26332488",0.0077,0.0016,2.9e-06,3e-04,"smoking","F001"
"4965","cg14099457",-0.0104,0.0022,2.9e-06,3e-04,"smoking","F001"
"4966","cg25350011",-0.0194,0.0041,2.9e-06,3e-04,"smoking","F001"
"4967","cg20912770",0.0028,6e-04,2.9e-06,3e-04,"smoking","F001"
"4968","cg02722808",-0.0035,8e-04,2.9e-06,3e-04,"smoking","F001"
"4969","cg05146756",-0.0046,0.001,2.9e-06,3e-04,"smoking","F001"
"4970","cg13998945",-0.0054,0.0012,2.9e-06,3e-04,"smoking","F001"
"4971","cg06987468",0.0041,9e-04,2.9e-06,3e-04,"smoking","F001"
"4972","cg16113650",-0.0053,0.0011,2.9e-06,3e-04,"smoking","F001"
"4973","cg06357748",0.0127,0.0027,2.9e-06,3e-04,"smoking","F001"
"4974","cg23024158",-0.0063,0.0013,2.9e-06,3e-04,"smoking","F001"
"4975","cg11903133",-0.0062,0.0013,3e-06,3e-04,"smoking","F001"
"4976","cg22322679",-0.0046,0.001,3e-06,3e-04,"smoking","F001"
"4977","cg09496748",-0.0107,0.0023,3e-06,3e-04,"smoking","F001"
"4978","cg05786287",0.0017,4e-04,3e-06,3e-04,"smoking","F001"
"4979","cg23626733",-0.0101,0.0022,3e-06,3e-04,"smoking","F001"
"4980","cg25254170",-0.0036,8e-04,3e-06,3e-04,"smoking","F001"
"4981","cg02249390",-0.0057,0.0012,3e-06,3e-04,"smoking","F001"
"4982","cg02480489",-0.0021,4e-04,3e-06,3e-04,"smoking","F001"
"4983","cg08940570",-0.0021,4e-04,3e-06,3e-04,"smoking","F001"
"4984","cg20518446",-0.0073,0.0016,3e-06,3e-04,"smoking","F001"
"4985","cg04140212",0.0032,7e-04,3e-06,3e-04,"smoking","F001"
"4986","cg13496492",0.0037,8e-04,3e-06,3e-04,"smoking","F001"
"4987","cg15108699",0.0045,0.001,3e-06,3e-04,"smoking","F001"
"4988","cg12072028",-0.0181,0.0039,3e-06,3e-04,"smoking","F001"
"4989","cg01873977",-0.015,0.0032,3e-06,3e-04,"smoking","F001"
"4990","cg19864758",0.0037,8e-04,3e-06,3e-04,"smoking","F001"
"4991","cg03871267",-0.0063,0.0014,3e-06,3e-04,"smoking","F001"
"4992","cg26149658",-0.0035,8e-04,3e-06,3e-04,"smoking","F001"
"4993","cg03296761",-0.0056,0.0012,3e-06,3e-04,"smoking","F001"
"4994","cg05462761",0.0045,0.001,3.1e-06,3e-04,"smoking","F001"
"4995","cg08844900",-0.0066,0.0014,3.1e-06,3e-04,"smoking","F001"
"4996","cg07102705",0.0041,9e-04,3.1e-06,3e-04,"smoking","F001"
"4997","cg09055507",-0.0047,0.001,3.1e-06,3e-04,"smoking","F001"
"4998","cg16740744",-0.0045,0.001,3.1e-06,3e-04,"smoking","F001"
"4999","cg01135546",-0.0103,0.0022,3.1e-06,3e-04,"smoking","F001"
"5000","cg18329753",-0.0058,0.0012,3.1e-06,3e-04,"smoking","F001"
"5001","cg18763911",0.0045,0.001,3.1e-06,3e-04,"smoking","F001"
"5002","cg05388840",0.0045,0.001,3.1e-06,3e-04,"smoking","F001"
"5003","cg18232497",-0.0062,0.0013,3.1e-06,3e-04,"smoking","F001"
"5004","cg09782912",0.0056,0.0012,3.1e-06,3e-04,"smoking","F001"
"5005","cg09796170",-0.0148,0.0032,3.1e-06,3e-04,"smoking","F001"
"5006","cg08550394",0.0056,0.0012,3.1e-06,3e-04,"smoking","F001"
"5007","cg19600372",0.0025,5e-04,3.1e-06,3e-04,"smoking","F001"
"5008","cg27411220",-0.0027,6e-04,3.1e-06,3e-04,"smoking","F001"
"5009","cg07189401",0.0042,9e-04,3.1e-06,3e-04,"smoking","F001"
"5010","cg02740950",-0.0034,7e-04,3.1e-06,3e-04,"smoking","F001"
"5011","cg20140034",-0.0052,0.0011,3.1e-06,3e-04,"smoking","F001"
"5012","cg17247190",0.0028,6e-04,3.1e-06,3e-04,"smoking","F001"
"5013","cg12549345",-0.0041,9e-04,3.1e-06,3e-04,"smoking","F001"
"5014","cg05459517",-0.0052,0.0011,3.1e-06,3e-04,"smoking","F001"
"5015","cg03033176",-0.0033,7e-04,3.1e-06,3e-04,"smoking","F001"
"5016","cg07197831",-0.0132,0.0028,3.1e-06,3e-04,"smoking","F001"
"5017","cg23359665",-0.0131,0.0028,3.1e-06,3e-04,"smoking","F001"
"5018","cg17953385",-0.0044,9e-04,3.1e-06,3e-04,"smoking","F001"
"5019","cg12123728",0.0028,6e-04,3.1e-06,3e-04,"smoking","F001"
"5020","cg22593342",-0.0058,0.0012,3.1e-06,3e-04,"smoking","F001"
"5021","cg15323840",-0.0041,9e-04,3.2e-06,3e-04,"smoking","F001"
"5022","cg14094409",0.0063,0.0013,3.2e-06,3e-04,"smoking","F001"
"5023","cg16509061",-0.0054,0.0012,3.2e-06,3e-04,"smoking","F001"
"5024","cg13790259",0.008,0.0017,3.2e-06,3e-04,"smoking","F001"
"5025","cg10040131",-0.0089,0.0019,3.2e-06,3e-04,"smoking","F001"
"5026","cg17933224",-0.0114,0.0025,3.2e-06,3e-04,"smoking","F001"
"5027","cg11209249",0.0054,0.0012,3.2e-06,3e-04,"smoking","F001"
"5028","cg24569831",0.0145,0.0031,3.2e-06,3e-04,"smoking","F001"
"5029","cg27122888",-0.0047,0.001,3.2e-06,3e-04,"smoking","F001"
"5030","cg27608981",0.0022,5e-04,3.2e-06,3e-04,"smoking","F001"
"5031","cg18007957",0.0076,0.0016,3.2e-06,3e-04,"smoking","F001"
"5032","cg16551670",-0.0059,0.0013,3.2e-06,3e-04,"smoking","F001"
"5033","cg05873267",0.0038,8e-04,3.2e-06,3e-04,"smoking","F001"
"5034","cg00344801",0.0092,0.002,3.2e-06,3e-04,"smoking","F001"
"5035","cg00925802",-0.004,9e-04,3.2e-06,3e-04,"smoking","F001"
"5036","cg09397246",0.0045,0.001,3.2e-06,3e-04,"smoking","F001"
"5037","cg27333269",0.0061,0.0013,3.2e-06,3e-04,"smoking","F001"
"5038","cg11331769",-0.0063,0.0013,3.2e-06,3e-04,"smoking","F001"
"5039","cg17052170",-0.0148,0.0032,3.2e-06,3e-04,"smoking","F001"
"5040","cg27248887",-0.0109,0.0023,3.2e-06,3e-04,"smoking","F001"
"5041","cg04287574",-0.0256,0.0055,3.2e-06,3e-04,"smoking","F001"
"5042","cg06193328",-0.0061,0.0013,3.3e-06,3e-04,"smoking","F001"
"5043","cg00532802",0.0084,0.0018,3.3e-06,3e-04,"smoking","F001"
"5044","cg25711003",0.0132,0.0028,3.3e-06,3e-04,"smoking","F001"
"5045","cg04637264",0.0066,0.0014,3.3e-06,3e-04,"smoking","F001"
"5046","cg03609960",0.0061,0.0013,3.3e-06,3e-04,"smoking","F001"
"5047","cg05251190",-0.0065,0.0014,3.3e-06,3e-04,"smoking","F001"
"5048","cg21364077",0.0033,7e-04,3.3e-06,3e-04,"smoking","F001"
"5049","cg09383187",0.0038,8e-04,3.3e-06,3e-04,"smoking","F001"
"5050","cg14292823",-0.006,0.0013,3.3e-06,3e-04,"smoking","F001"
"5051","cg00794673",0.0079,0.0017,3.3e-06,3e-04,"smoking","F001"
"5052","cg23924887",-0.0023,5e-04,3.3e-06,3e-04,"smoking","F001"
"5053","cg02585702",0.0023,5e-04,3.3e-06,3e-04,"smoking","F001"
"5054","cg08321366",0.0048,0.001,3.3e-06,3e-04,"smoking","F001"
"5055","cg17400113",0.0085,0.0018,3.3e-06,3e-04,"smoking","F001"
"5056","cg01759110",-0.0094,0.002,3.3e-06,3e-04,"smoking","F001"
"5057","cg12854483",0.0068,0.0015,3.3e-06,3e-04,"smoking","F001"
"5058","cg09183450",-0.0133,0.0029,3.3e-06,3e-04,"smoking","F001"
"5059","cg01839860",0.0035,7e-04,3.3e-06,3e-04,"smoking","F001"
"5060","cg13560901",-0.0055,0.0012,3.3e-06,3e-04,"smoking","F001"
"5061","cg25132241",0.0051,0.0011,3.3e-06,3e-04,"smoking","F001"
"5062","cg24155427",0.0037,8e-04,3.3e-06,3e-04,"smoking","F001"
"5063","cg06898830",-0.0056,0.0012,3.3e-06,3e-04,"smoking","F001"
"5064","cg15113803",-0.0046,0.001,3.3e-06,3e-04,"smoking","F001"
"5065","cg01022780",0.0036,8e-04,3.3e-06,3e-04,"smoking","F001"
"5066","cg04872610",-0.0051,0.0011,3.3e-06,3e-04,"smoking","F001"
"5067","cg00295182",-0.004,9e-04,3.3e-06,3e-04,"smoking","F001"
"5068","cg02836478",-0.0069,0.0015,3.3e-06,3e-04,"smoking","F001"
"5069","cg06330431",-0.0053,0.0011,3.4e-06,3e-04,"smoking","F001"
"5070","cg25567674",-0.0052,0.0011,3.4e-06,3e-04,"smoking","F001"
"5071","cg16547579",-0.014,0.003,3.4e-06,3e-04,"smoking","F001"
"5072","cg01816936",0.0041,9e-04,3.4e-06,3e-04,"smoking","F001"
"5073","cg02770672",-0.0065,0.0014,3.4e-06,3e-04,"smoking","F001"
"5074","cg02481950",0.0063,0.0014,3.4e-06,3e-04,"smoking","F001"
"5075","cg21480264",0.0058,0.0012,3.4e-06,3e-04,"smoking","F001"
"5076","cg14887142",-0.0089,0.0019,3.4e-06,3e-04,"smoking","F001"
"5077","cg21593835",0.0077,0.0017,3.4e-06,3e-04,"smoking","F001"
"5078","cg18011672",0.0062,0.0013,3.4e-06,3e-04,"smoking","F001"
"5079","cg05191175",0.0034,7e-04,3.4e-06,3e-04,"smoking","F001"
"5080","cg09409484",-0.0056,0.0012,3.4e-06,3e-04,"smoking","F001"
"5081","cg12276019",-0.0139,0.003,3.4e-06,3e-04,"smoking","F001"
"5082","cg27408540",0.0027,6e-04,3.4e-06,3e-04,"smoking","F001"
"5083","cg19601636",0.004,9e-04,3.4e-06,3e-04,"smoking","F001"
"5084","cg06662132",-0.0031,7e-04,3.4e-06,3e-04,"smoking","F001"
"5085","cg13325417",-0.0079,0.0017,3.4e-06,3e-04,"smoking","F001"
"5086","cg20387258",0.0028,6e-04,3.4e-06,3e-04,"smoking","F001"
"5087","cg22897141",-0.0143,0.0031,3.4e-06,3e-04,"smoking","F001"
"5088","cg06992846",0.0068,0.0015,3.4e-06,3e-04,"smoking","F001"
"5089","cg10257049",0.005,0.0011,3.4e-06,3e-04,"smoking","F001"
"5090","cg16537676",-0.005,0.0011,3.4e-06,3e-04,"smoking","F001"
"5091","cg02452639",-0.006,0.0013,3.4e-06,3e-04,"smoking","F001"
"5092","cg20385229",-0.0072,0.0015,3.4e-06,3e-04,"smoking","F001"
"5093","cg19239052",0.0043,9e-04,3.4e-06,3e-04,"smoking","F001"
"5094","cg07434082",0.0048,0.001,3.4e-06,3e-04,"smoking","F001"
"5095","cg10630880",-0.0051,0.0011,3.4e-06,3e-04,"smoking","F001"
"5096","cg22279588",0.0059,0.0013,3.4e-06,3e-04,"smoking","F001"
"5097","cg10546626",0.004,9e-04,3.4e-06,3e-04,"smoking","F001"
"5098","cg01592687",-0.009,0.0019,3.4e-06,3e-04,"smoking","F001"
"5099","cg19782271",-0.008,0.0017,3.5e-06,4e-04,"smoking","F001"
"5100","cg13324546",0.0031,7e-04,3.5e-06,4e-04,"smoking","F001"
"5101","cg07996594",-0.0052,0.0011,3.5e-06,4e-04,"smoking","F001"
"5102","cg07324245",-0.0082,0.0018,3.5e-06,4e-04,"smoking","F001"
"5103","cg22429121",0.0057,0.0012,3.5e-06,4e-04,"smoking","F001"
"5104","cg02902318",0.0036,8e-04,3.5e-06,4e-04,"smoking","F001"
"5105","cg19510472",-0.0075,0.0016,3.5e-06,4e-04,"smoking","F001"
"5106","cg08998192",-0.01,0.0022,3.5e-06,4e-04,"smoking","F001"
"5107","cg00663972",0.0038,8e-04,3.5e-06,4e-04,"smoking","F001"
"5108","cg01378158",-0.0071,0.0015,3.5e-06,4e-04,"smoking","F001"
"5109","cg22966895",-0.0075,0.0016,3.5e-06,4e-04,"smoking","F001"
"5110","cg19399165",-0.012,0.0026,3.5e-06,4e-04,"smoking","F001"
"5111","cg10861599",-0.0034,7e-04,3.5e-06,4e-04,"smoking","F001"
"5112","cg13971892",0.0022,5e-04,3.5e-06,4e-04,"smoking","F001"
"5113","cg27158867",-0.0042,9e-04,3.5e-06,4e-04,"smoking","F001"
"5114","cg01577604",-0.0041,9e-04,3.5e-06,4e-04,"smoking","F001"
"5115","cg00721530",-0.0038,8e-04,3.5e-06,4e-04,"smoking","F001"
"5116","cg08136809",0.0072,0.0016,3.5e-06,4e-04,"smoking","F001"
"5117","cg11584690",0.0039,8e-04,3.6e-06,4e-04,"smoking","F001"
"5118","cg01739167",0.0071,0.0015,3.6e-06,4e-04,"smoking","F001"
"5119","cg25189564",0.0052,0.0011,3.6e-06,4e-04,"smoking","F001"
"5120","cg09900893",-0.0077,0.0017,3.6e-06,4e-04,"smoking","F001"
"5121","cg11674933",0.0032,7e-04,3.6e-06,4e-04,"smoking","F001"
"5122","cg08069247",-0.0082,0.0018,3.6e-06,4e-04,"smoking","F001"
"5123","cg10308785",-0.0107,0.0023,3.6e-06,4e-04,"smoking","F001"
"5124","cg24162270",0.0061,0.0013,3.6e-06,4e-04,"smoking","F001"
"5125","cg14212748",-0.0059,0.0013,3.6e-06,4e-04,"smoking","F001"
"5126","cg19986012",-0.0018,4e-04,3.6e-06,4e-04,"smoking","F001"
"5127","cg00515905",0.0032,7e-04,3.6e-06,4e-04,"smoking","F001"
"5128","cg23723793",-0.0039,8e-04,3.6e-06,4e-04,"smoking","F001"
"5129","cg06329491",0.0052,0.0011,3.6e-06,4e-04,"smoking","F001"
"5130","cg13957175",-0.0048,0.001,3.6e-06,4e-04,"smoking","F001"
"5131","cg27051129",-0.0067,0.0015,3.6e-06,4e-04,"smoking","F001"
"5132","cg26780705",-0.0061,0.0013,3.6e-06,4e-04,"smoking","F001"
"5133","cg10525488",0.0022,5e-04,3.6e-06,4e-04,"smoking","F001"
"5134","cg27368243",0.0034,7e-04,3.6e-06,4e-04,"smoking","F001"
"5135","cg18609044",-0.0077,0.0017,3.6e-06,4e-04,"smoking","F001"
"5136","cg23104592",0.0076,0.0016,3.6e-06,4e-04,"smoking","F001"
"5137","cg04460372",-0.0053,0.0012,3.6e-06,4e-04,"smoking","F001"
"5138","cg16375541",-0.0104,0.0022,3.6e-06,4e-04,"smoking","F001"
"5139","cg07069844",0.0046,0.001,3.7e-06,4e-04,"smoking","F001"
"5140","cg14569771",0.0089,0.0019,3.7e-06,4e-04,"smoking","F001"
"5141","cg14477471",-0.0054,0.0012,3.7e-06,4e-04,"smoking","F001"
"5142","cg10665891",0.0085,0.0018,3.7e-06,4e-04,"smoking","F001"
"5143","cg20098015",-0.0124,0.0027,3.7e-06,4e-04,"smoking","F001"
"5144","cg10243307",-0.0036,8e-04,3.7e-06,4e-04,"smoking","F001"
"5145","cg13981325",-0.0073,0.0016,3.7e-06,4e-04,"smoking","F001"
"5146","cg11946666",0.0039,8e-04,3.7e-06,4e-04,"smoking","F001"
"5147","cg00008629",-0.0268,0.0058,3.7e-06,4e-04,"smoking","F001"
"5148","cg11588197",-0.009,0.0019,3.7e-06,4e-04,"smoking","F001"
"5149","cg17536532",0.0039,8e-04,3.7e-06,4e-04,"smoking","F001"
"5150","cg07562821",0.0022,5e-04,3.7e-06,4e-04,"smoking","F001"
"5151","cg09459982",-0.0071,0.0015,3.7e-06,4e-04,"smoking","F001"
"5152","cg09119776",-0.0086,0.0019,3.7e-06,4e-04,"smoking","F001"
"5153","cg16578883",-0.0086,0.0019,3.7e-06,4e-04,"smoking","F001"
"5154","cg06769377",0.0038,8e-04,3.7e-06,4e-04,"smoking","F001"
"5155","cg07903677",-0.0072,0.0016,3.7e-06,4e-04,"smoking","F001"
"5156","cg21197336",-0.0115,0.0025,3.7e-06,4e-04,"smoking","F001"
"5157","cg10592926",0.0024,5e-04,3.7e-06,4e-04,"smoking","F001"
"5158","cg19317715",0.0053,0.0011,3.7e-06,4e-04,"smoking","F001"
"5159","cg16220743",0.0024,5e-04,3.7e-06,4e-04,"smoking","F001"
"5160","cg12853742",-0.0066,0.0014,3.7e-06,4e-04,"smoking","F001"
"5161","cg27380499",0.0038,8e-04,3.7e-06,4e-04,"smoking","F001"
"5162","cg11196237",0.0032,7e-04,3.7e-06,4e-04,"smoking","F001"
"5163","cg20628791",-0.0066,0.0014,3.8e-06,4e-04,"smoking","F001"
"5164","cg23634554",0.0065,0.0014,3.8e-06,4e-04,"smoking","F001"
"5165","cg15373782",0.0038,8e-04,3.8e-06,4e-04,"smoking","F001"
"5166","cg00706994",-0.0098,0.0021,3.8e-06,4e-04,"smoking","F001"
"5167","cg24723883",-0.0036,8e-04,3.8e-06,4e-04,"smoking","F001"
"5168","cg26691200",-0.0037,8e-04,3.8e-06,4e-04,"smoking","F001"
"5169","cg25353896",0.0044,0.001,3.8e-06,4e-04,"smoking","F001"
"5170","cg12007399",0.0043,9e-04,3.8e-06,4e-04,"smoking","F001"
"5171","cg22531371",-0.0023,5e-04,3.8e-06,4e-04,"smoking","F001"
"5172","cg08748308",-0.0135,0.0029,3.8e-06,4e-04,"smoking","F001"
"5173","cg27153759",0.0034,7e-04,3.8e-06,4e-04,"smoking","F001"
"5174","cg21120249",-0.0078,0.0017,3.8e-06,4e-04,"smoking","F001"
"5175","cg24812167",-0.0047,0.001,3.8e-06,4e-04,"smoking","F001"
"5176","cg24088496",-0.0121,0.0026,3.8e-06,4e-04,"smoking","F001"
"5177","cg08005849",0.0081,0.0018,3.8e-06,4e-04,"smoking","F001"
"5178","cg03053374",0.0032,7e-04,3.8e-06,4e-04,"smoking","F001"
"5179","cg18954900",-0.0158,0.0034,3.8e-06,4e-04,"smoking","F001"
"5180","cg01966117",-0.008,0.0017,3.8e-06,4e-04,"smoking","F001"
"5181","cg10014563",0.0038,8e-04,3.8e-06,4e-04,"smoking","F001"
"5182","cg08345614",-0.003,7e-04,3.8e-06,4e-04,"smoking","F001"
"5183","cg05374956",0.0051,0.0011,3.8e-06,4e-04,"smoking","F001"
"5184","cg07497911",0.0028,6e-04,3.8e-06,4e-04,"smoking","F001"
"5185","cg13218284",-0.0094,0.002,3.8e-06,4e-04,"smoking","F001"
"5186","cg15253304",-0.0053,0.0012,3.9e-06,4e-04,"smoking","F001"
"5187","cg13683534",0.0055,0.0012,3.9e-06,4e-04,"smoking","F001"
"5188","cg18061395",-0.0061,0.0013,3.9e-06,4e-04,"smoking","F001"
"5189","cg03969725",-0.0066,0.0014,3.9e-06,4e-04,"smoking","F001"
"5190","cg18241337",-0.0107,0.0023,3.9e-06,4e-04,"smoking","F001"
"5191","cg02710860",-0.0053,0.0012,3.9e-06,4e-04,"smoking","F001"
"5192","cg00976097",0.015,0.0033,3.9e-06,4e-04,"smoking","F001"
"5193","cg04342223",-0.0023,5e-04,4e-06,4e-04,"smoking","F001"
"5194","cg09716613",0.0084,0.0018,4e-06,4e-04,"smoking","F001"
"5195","cg01396587",0.0035,8e-04,4e-06,4e-04,"smoking","F001"
"5196","cg11772801",0.0069,0.0015,4e-06,4e-04,"smoking","F001"
"5197","cg23097139",-0.0075,0.0016,4e-06,4e-04,"smoking","F001"
"5198","cg12570134",-0.0066,0.0014,4e-06,4e-04,"smoking","F001"
"5199","cg24933758",0.0032,7e-04,4e-06,4e-04,"smoking","F001"
"5200","cg27637521",-0.0047,0.001,4e-06,4e-04,"smoking","F001"
"5201","cg09750643",-0.0064,0.0014,4e-06,4e-04,"smoking","F001"
"5202","cg13197521",0.0046,0.001,4e-06,4e-04,"smoking","F001"
"5203","cg05517711",-0.0074,0.0016,4e-06,4e-04,"smoking","F001"
"5204","cg14886849",0.0102,0.0022,4e-06,4e-04,"smoking","F001"
"5205","cg03432176",0.0051,0.0011,4e-06,4e-04,"smoking","F001"
"5206","cg13635299",-0.0038,8e-04,4e-06,4e-04,"smoking","F001"
"5207","cg27384355",-0.0049,0.0011,4e-06,4e-04,"smoking","F001"
"5208","cg06887580",-0.0045,0.001,4.1e-06,4e-04,"smoking","F001"
"5209","cg00980649",-0.0114,0.0025,4.1e-06,4e-04,"smoking","F001"
"5210","cg18236066",-0.0097,0.0021,4.1e-06,4e-04,"smoking","F001"
"5211","cg13708803",-0.0068,0.0015,4.1e-06,4e-04,"smoking","F001"
"5212","cg05331214",-0.0121,0.0026,4.1e-06,4e-04,"smoking","F001"
"5213","cg14794041",-0.0084,0.0018,4.1e-06,4e-04,"smoking","F001"
"5214","cg06000994",0.0049,0.0011,4.1e-06,4e-04,"smoking","F001"
"5215","cg10953655",-0.0068,0.0015,4.1e-06,4e-04,"smoking","F001"
"5216","cg15347627",-0.0039,8e-04,4.1e-06,4e-04,"smoking","F001"
"5217","cg04303330",0.0062,0.0013,4.1e-06,4e-04,"smoking","F001"
"5218","cg05637113",0.0084,0.0018,4.1e-06,4e-04,"smoking","F001"
"5219","cg23670631",0.0063,0.0014,4.1e-06,4e-04,"smoking","F001"
"5220","cg23575275",0.0035,8e-04,4.1e-06,4e-04,"smoking","F001"
"5221","cg19474833",-0.0063,0.0014,4.1e-06,4e-04,"smoking","F001"
"5222","cg09317371",0.0041,9e-04,4.1e-06,4e-04,"smoking","F001"
"5223","cg04084236",0.0051,0.0011,4.1e-06,4e-04,"smoking","F001"
"5224","cg25749306",0.0048,0.001,4.1e-06,4e-04,"smoking","F001"
"5225","cg13221899",0.0113,0.0025,4.1e-06,4e-04,"smoking","F001"
"5226","cg18070470",-0.0042,9e-04,4.1e-06,4e-04,"smoking","F001"
"5227","cg14573448",-0.0061,0.0013,4.2e-06,4e-04,"smoking","F001"
"5228","cg05941108",0.003,7e-04,4.2e-06,4e-04,"smoking","F001"
"5229","cg10018233",-0.0102,0.0022,4.2e-06,4e-04,"smoking","F001"
"5230","cg04834097",-0.0076,0.0016,4.2e-06,4e-04,"smoking","F001"
"5231","cg16837898",-0.0059,0.0013,4.2e-06,4e-04,"smoking","F001"
"5232","cg09678340",0.0027,6e-04,4.2e-06,4e-04,"smoking","F001"
"5233","cg26530713",-0.0039,9e-04,4.2e-06,4e-04,"smoking","F001"
"5234","cg09876440",-0.0165,0.0036,4.2e-06,4e-04,"smoking","F001"
"5235","cg05797623",-0.0053,0.0012,4.2e-06,4e-04,"smoking","F001"
"5236","cg27332583",-0.0044,0.001,4.2e-06,4e-04,"smoking","F001"
"5237","cg07343027",-0.0077,0.0017,4.2e-06,4e-04,"smoking","F001"
"5238","cg24937136",-0.0122,0.0026,4.2e-06,4e-04,"smoking","F001"
"5239","cg22100563",0.007,0.0015,4.2e-06,4e-04,"smoking","F001"
"5240","cg26765295",-0.003,6e-04,4.2e-06,4e-04,"smoking","F001"
"5241","cg02979520",0.0035,8e-04,4.2e-06,4e-04,"smoking","F001"
"5242","cg03542031",-0.0063,0.0014,4.2e-06,4e-04,"smoking","F001"
"5243","cg22335826",-0.0071,0.0016,4.2e-06,4e-04,"smoking","F001"
"5244","cg22112832",-0.006,0.0013,4.2e-06,4e-04,"smoking","F001"
"5245","cg15645660",-0.0086,0.0019,4.2e-06,4e-04,"smoking","F001"
"5246","cg23289456",-0.01,0.0022,4.2e-06,4e-04,"smoking","F001"
"5247","cg16479633",0.0077,0.0017,4.2e-06,4e-04,"smoking","F001"
"5248","cg06152215",0.0087,0.0019,4.3e-06,4e-04,"smoking","F001"
"5249","cg05136804",0.0123,0.0027,4.3e-06,4e-04,"smoking","F001"
"5250","cg19469742",-0.0043,9e-04,4.3e-06,4e-04,"smoking","F001"
"5251","cg07218081",-0.0081,0.0018,4.3e-06,4e-04,"smoking","F001"
"5252","cg08829007",-0.0093,0.002,4.3e-06,4e-04,"smoking","F001"
"5253","cg04576021",-0.0032,7e-04,4.3e-06,4e-04,"smoking","F001"
"5254","cg11930955",-0.0073,0.0016,4.3e-06,4e-04,"smoking","F001"
"5255","cg24850474",-0.0041,9e-04,4.3e-06,4e-04,"smoking","F001"
"5256","cg19504184",0.0046,0.001,4.3e-06,4e-04,"smoking","F001"
"5257","cg17088007",-0.0047,0.001,4.3e-06,4e-04,"smoking","F001"
"5258","cg14599755",-0.0031,7e-04,4.3e-06,4e-04,"smoking","F001"
"5259","cg15857661",-0.0153,0.0033,4.3e-06,4e-04,"smoking","F001"
"5260","cg11422846",-0.0023,5e-04,4.3e-06,4e-04,"smoking","F001"
"5261","cg26559804",-0.0053,0.0012,4.3e-06,4e-04,"smoking","F001"
"5262","cg24940706",-0.0035,8e-04,4.3e-06,4e-04,"smoking","F001"
"5263","cg20143092",-0.002,4e-04,4.3e-06,4e-04,"smoking","F001"
"5264","cg09397579",0.0064,0.0014,4.3e-06,4e-04,"smoking","F001"
"5265","cg23673974",0.0102,0.0022,4.3e-06,4e-04,"smoking","F001"
"5266","cg00778190",0.0039,8e-04,4.3e-06,4e-04,"smoking","F001"
"5267","cg27130630",-0.0042,9e-04,4.4e-06,4e-04,"smoking","F001"
"5268","cg05541640",-0.0059,0.0013,4.4e-06,4e-04,"smoking","F001"
"5269","cg07696006",0.0046,0.001,4.4e-06,4e-04,"smoking","F001"
"5270","cg16032408",0.0092,0.002,4.4e-06,4e-04,"smoking","F001"
"5271","cg02385474",-0.006,0.0013,4.4e-06,4e-04,"smoking","F001"
"5272","cg08936516",-0.005,0.0011,4.4e-06,4e-04,"smoking","F001"
"5273","cg27264437",-0.0032,7e-04,4.4e-06,4e-04,"smoking","F001"
"5274","cg12846139",-0.0078,0.0017,4.4e-06,4e-04,"smoking","F001"
"5275","cg04009342",0.0032,7e-04,4.4e-06,4e-04,"smoking","F001"
"5276","cg00466268",0.0046,0.001,4.4e-06,4e-04,"smoking","F001"
"5277","cg05044994",0.005,0.0011,4.4e-06,4e-04,"smoking","F001"
"5278","cg23378165",-0.007,0.0015,4.4e-06,4e-04,"smoking","F001"
"5279","cg16353624",-0.0025,5e-04,4.4e-06,4e-04,"smoking","F001"
"5280","cg09293614",0.0029,6e-04,4.4e-06,4e-04,"smoking","F001"
"5281","cg25699034",-0.0075,0.0016,4.4e-06,4e-04,"smoking","F001"
"5282","cg00039326",-0.0064,0.0014,4.4e-06,4e-04,"smoking","F001"
"5283","cg10775991",-0.0049,0.0011,4.4e-06,4e-04,"smoking","F001"
"5284","cg00754063",0.0031,7e-04,4.5e-06,4e-04,"smoking","F001"
"5285","cg06653796",0.0083,0.0018,4.5e-06,4e-04,"smoking","F001"
"5286","cg00804078",0.0121,0.0026,4.5e-06,4e-04,"smoking","F001"
"5287","cg04259305",-0.0075,0.0016,4.5e-06,4e-04,"smoking","F001"
"5288","cg02597894",0.0061,0.0013,4.5e-06,4e-04,"smoking","F001"
"5289","cg13691961",-0.0099,0.0022,4.5e-06,4e-04,"smoking","F001"
"5290","cg02959609",0.0029,6e-04,4.5e-06,4e-04,"smoking","F001"
"5291","cg00486998",-0.0063,0.0014,4.5e-06,4e-04,"smoking","F001"
"5292","cg24632241",0.0025,5e-04,4.5e-06,4e-04,"smoking","F001"
"5293","cg22428147",0.0036,8e-04,4.5e-06,4e-04,"smoking","F001"
"5294","cg24742520",0.0114,0.0025,4.5e-06,4e-04,"smoking","F001"
"5295","cg14907479",-0.0024,5e-04,4.5e-06,4e-04,"smoking","F001"
"5296","cg20894270",-0.0026,6e-04,4.5e-06,4e-04,"smoking","F001"
"5297","cg26503877",-0.006,0.0013,4.5e-06,4e-04,"smoking","F001"
"5298","cg05704850",0.0021,5e-04,4.6e-06,4e-04,"smoking","F001"
"5299","cg11662745",-0.0024,5e-04,4.6e-06,4e-04,"smoking","F001"
"5300","cg09238332",0.0025,6e-04,4.6e-06,4e-04,"smoking","F001"
"5301","cg23922804",0.0033,7e-04,4.6e-06,4e-04,"smoking","F001"
"5302","cg08877357",-0.009,0.002,4.6e-06,4e-04,"smoking","F001"
"5303","cg01715088",-0.0038,8e-04,4.6e-06,4e-04,"smoking","F001"
"5304","cg19503963",0.0038,8e-04,4.6e-06,4e-04,"smoking","F001"
"5305","cg17083575",0.0036,8e-04,4.6e-06,4e-04,"smoking","F001"
"5306","cg18994606",0.0024,5e-04,4.6e-06,4e-04,"smoking","F001"
"5307","cg08293075",-0.0065,0.0014,4.6e-06,4e-04,"smoking","F001"
"5308","cg19266329",-0.0115,0.0025,4.6e-06,4e-04,"smoking","F001"
"5309","cg07635132",-0.0105,0.0023,4.6e-06,4e-04,"smoking","F001"
"5310","cg02983950",0.0033,7e-04,4.6e-06,4e-04,"smoking","F001"
"5311","cg09449988",-0.0106,0.0023,4.6e-06,4e-04,"smoking","F001"
"5312","cg11915901",0.0037,8e-04,4.6e-06,4e-04,"smoking","F001"
"5313","cg12983285",-0.0056,0.0012,4.6e-06,4e-04,"smoking","F001"
"5314","cg12654199",0.0049,0.0011,4.6e-06,4e-04,"smoking","F001"
"5315","cg06073351",0.0026,6e-04,4.6e-06,4e-04,"smoking","F001"
"5316","cg26109145",0.0042,9e-04,4.6e-06,4e-04,"smoking","F001"
"5317","cg06991300",0.0058,0.0013,4.6e-06,4e-04,"smoking","F001"
"5318","cg26282505",-0.0031,7e-04,4.7e-06,4e-04,"smoking","F001"
"5319","cg02329430",0.0101,0.0022,4.7e-06,4e-04,"smoking","F001"
"5320","cg20317123",-0.0033,7e-04,4.7e-06,4e-04,"smoking","F001"
"5321","cg01760189",-0.0075,0.0016,4.7e-06,4e-04,"smoking","F001"
"5322","cg26003909",0.0052,0.0011,4.7e-06,4e-04,"smoking","F001"
"5323","cg08944236",0.0071,0.0016,4.7e-06,4e-04,"smoking","F001"
"5324","cg06141561",-0.0059,0.0013,4.7e-06,4e-04,"smoking","F001"
"5325","cg23767977",-0.0027,6e-04,4.7e-06,4e-04,"smoking","F001"
"5326","cg26987613",-0.005,0.0011,4.7e-06,4e-04,"smoking","F001"
"5327","cg16581455",0.009,0.002,4.7e-06,5e-04,"smoking","F001"
"5328","cg23398508",0.0037,8e-04,4.7e-06,5e-04,"smoking","F001"
"5329","cg12588917",-0.0065,0.0014,4.7e-06,5e-04,"smoking","F001"
"5330","cg05779990",0.0055,0.0012,4.7e-06,5e-04,"smoking","F001"
"5331","cg11104712",-0.0068,0.0015,4.7e-06,5e-04,"smoking","F001"
"5332","cg04479212",0.0082,0.0018,4.7e-06,5e-04,"smoking","F001"
"5333","cg14977069",0.0089,0.0019,4.8e-06,5e-04,"smoking","F001"
"5334","cg16552271",0.0104,0.0023,4.8e-06,5e-04,"smoking","F001"
"5335","cg08477768",0.0057,0.0012,4.8e-06,5e-04,"smoking","F001"
"5336","cg25139471",-0.0019,4e-04,4.8e-06,5e-04,"smoking","F001"
"5337","cg05885688",-0.0049,0.0011,4.8e-06,5e-04,"smoking","F001"
"5338","cg22942576",-0.0046,0.001,4.8e-06,5e-04,"smoking","F001"
"5339","cg20253856",0.0034,7e-04,4.8e-06,5e-04,"smoking","F001"
"5340","cg21473545",0.007,0.0015,4.8e-06,5e-04,"smoking","F001"
"5341","cg15171155",0.0035,8e-04,4.8e-06,5e-04,"smoking","F001"
"5342","cg15372603",-0.0074,0.0016,4.8e-06,5e-04,"smoking","F001"
"5343","cg12531611",0.0065,0.0014,4.8e-06,5e-04,"smoking","F001"
"5344","cg02314339",-0.004,9e-04,4.8e-06,5e-04,"smoking","F001"
"5345","cg13795948",0.0025,5e-04,4.9e-06,5e-04,"smoking","F001"
"5346","cg16541222",0.009,0.002,4.9e-06,5e-04,"smoking","F001"
"5347","cg22534374",0.007,0.0015,4.9e-06,5e-04,"smoking","F001"
"5348","cg25357706",-0.0039,8e-04,4.9e-06,5e-04,"smoking","F001"
"5349","cg23740758",0.0045,0.001,4.9e-06,5e-04,"smoking","F001"
"5350","cg04094640",0.009,0.002,4.9e-06,5e-04,"smoking","F001"
"5351","cg19654743",-0.0077,0.0017,4.9e-06,5e-04,"smoking","F001"
"5352","cg01201215",-0.0085,0.0019,4.9e-06,5e-04,"smoking","F001"
"5353","cg17320698",-0.0118,0.0026,4.9e-06,5e-04,"smoking","F001"
"5354","cg04799958",-0.0077,0.0017,4.9e-06,5e-04,"smoking","F001"
"5355","cg13483797",-0.0073,0.0016,4.9e-06,5e-04,"smoking","F001"
"5356","cg05808372",0.004,9e-04,4.9e-06,5e-04,"smoking","F001"
"5357","cg17514528",-0.0068,0.0015,4.9e-06,5e-04,"smoking","F001"
"5358","cg04864179",-0.0065,0.0014,4.9e-06,5e-04,"smoking","F001"
"5359","cg26619671",0.004,9e-04,4.9e-06,5e-04,"smoking","F001"
"5360","cg27375378",-0.0112,0.0025,4.9e-06,5e-04,"smoking","F001"
"5361","cg24548833",-0.0029,6e-04,5e-06,5e-04,"smoking","F001"
"5362","cg07915896",0.002,4e-04,5e-06,5e-04,"smoking","F001"
"5363","cg06474661",-0.0055,0.0012,5e-06,5e-04,"smoking","F001"
"5364","cg14122633",-0.0021,5e-04,5e-06,5e-04,"smoking","F001"
"5365","cg11087128",0.0065,0.0014,5e-06,5e-04,"smoking","F001"
"5366","cg01877352",0.0046,0.001,5e-06,5e-04,"smoking","F001"
"5367","cg03574723",0.0052,0.0011,5e-06,5e-04,"smoking","F001"
"5368","cg06230839",0.0091,0.002,5e-06,5e-04,"smoking","F001"
"5369","cg23659289",0.0035,8e-04,5e-06,5e-04,"smoking","F001"
"5370","cg01730666",-0.0065,0.0014,5e-06,5e-04,"smoking","F001"
"5371","cg12305200",-0.0046,0.001,5e-06,5e-04,"smoking","F001"
"5372","cg11151251",0.0022,5e-04,5e-06,5e-04,"smoking","F001"
"5373","cg18245230",-0.0062,0.0013,5e-06,5e-04,"smoking","F001"
"5374","cg16829924",-0.0044,0.001,5e-06,5e-04,"smoking","F001"
"5375","cg13751113",-0.0104,0.0023,5.1e-06,5e-04,"smoking","F001"
"5376","cg05057834",0.004,9e-04,5.1e-06,5e-04,"smoking","F001"
"5377","cg11963365",0.0068,0.0015,5.1e-06,5e-04,"smoking","F001"
"5378","cg26738437",-0.0024,5e-04,5.1e-06,5e-04,"smoking","F001"
"5379","cg19936372",0.0032,7e-04,5.1e-06,5e-04,"smoking","F001"
"5380","cg01257799",-0.0066,0.0014,5.1e-06,5e-04,"smoking","F001"
"5381","cg07779444",0.0044,0.001,5.1e-06,5e-04,"smoking","F001"
"5382","cg23111655",-0.0051,0.0011,5.1e-06,5e-04,"smoking","F001"
"5383","cg19872681",0.0031,7e-04,5.1e-06,5e-04,"smoking","F001"
"5384","cg04869770",-0.0041,9e-04,5.1e-06,5e-04,"smoking","F001"
"5385","cg23461870",-0.0049,0.0011,5.1e-06,5e-04,"smoking","F001"
"5386","cg16509978",-0.0084,0.0018,5.1e-06,5e-04,"smoking","F001"
"5387","cg07057579",0.0038,8e-04,5.1e-06,5e-04,"smoking","F001"
"5388","cg23387569",-0.0128,0.0028,5.2e-06,5e-04,"smoking","F001"
"5389","cg02832224",0.004,9e-04,5.2e-06,5e-04,"smoking","F001"
"5390","cg10094994",0.0041,9e-04,5.2e-06,5e-04,"smoking","F001"
"5391","cg11934771",0.0052,0.0011,5.2e-06,5e-04,"smoking","F001"
"5392","cg00854273",0.0041,9e-04,5.2e-06,5e-04,"smoking","F001"
"5393","cg10108468",0.0065,0.0014,5.2e-06,5e-04,"smoking","F001"
"5394","cg23013137",0.0072,0.0016,5.2e-06,5e-04,"smoking","F001"
"5395","cg00314029",-0.0059,0.0013,5.2e-06,5e-04,"smoking","F001"
"5396","cg18425377",0.0013,3e-04,5.2e-06,5e-04,"smoking","F001"
"5397","cg00119896",0.002,4e-04,5.2e-06,5e-04,"smoking","F001"
"5398","cg16906964",-0.0102,0.0022,5.2e-06,5e-04,"smoking","F001"
"5399","cg25045893",0.0049,0.0011,5.2e-06,5e-04,"smoking","F001"
"5400","cg01084740",-0.0083,0.0018,5.3e-06,5e-04,"smoking","F001"
"5401","cg13117948",0.0069,0.0015,5.3e-06,5e-04,"smoking","F001"
"5402","cg22051964",-0.0031,7e-04,5.3e-06,5e-04,"smoking","F001"
"5403","cg25340098",0.003,7e-04,5.3e-06,5e-04,"smoking","F001"
"5404","cg25445101",-0.0042,9e-04,5.3e-06,5e-04,"smoking","F001"
"5405","cg08354681",-0.0056,0.0012,5.3e-06,5e-04,"smoking","F001"
"5406","cg12366968",-0.0069,0.0015,5.3e-06,5e-04,"smoking","F001"
"5407","cg11327857",-0.0068,0.0015,5.3e-06,5e-04,"smoking","F001"
"5408","cg04868238",0.0041,9e-04,5.3e-06,5e-04,"smoking","F001"
"5409","cg04505252",-0.0083,0.0018,5.3e-06,5e-04,"smoking","F001"
"5410","cg09372617",0.006,0.0013,5.4e-06,5e-04,"smoking","F001"
"5411","cg16616514",-0.0048,0.0011,5.4e-06,5e-04,"smoking","F001"
"5412","cg03548512",-0.0103,0.0023,5.4e-06,5e-04,"smoking","F001"
"5413","cg10672482",0.0044,0.001,5.4e-06,5e-04,"smoking","F001"
"5414","cg05142617",-0.0052,0.0011,5.4e-06,5e-04,"smoking","F001"
"5415","cg02605634",0.003,7e-04,5.4e-06,5e-04,"smoking","F001"
"5416","cg03721058",-0.0034,8e-04,5.4e-06,5e-04,"smoking","F001"
"5417","cg20483374",0.006,0.0013,5.4e-06,5e-04,"smoking","F001"
"5418","cg02630477",-0.0059,0.0013,5.4e-06,5e-04,"smoking","F001"
"5419","cg25630910",0.0042,9e-04,5.4e-06,5e-04,"smoking","F001"
"5420","cg18273412",0.0049,0.0011,5.4e-06,5e-04,"smoking","F001"
"5421","cg09965668",0.002,4e-04,5.4e-06,5e-04,"smoking","F001"
"5422","cg01830256",0.0045,0.001,5.4e-06,5e-04,"smoking","F001"
"5423","cg12251075",-0.0061,0.0013,5.4e-06,5e-04,"smoking","F001"
"5424","cg11208165",-0.0027,6e-04,5.4e-06,5e-04,"smoking","F001"
"5425","cg02517232",0.003,7e-04,5.4e-06,5e-04,"smoking","F001"
"5426","cg13461178",0.0025,5e-04,5.4e-06,5e-04,"smoking","F001"
"5427","cg18702971",0.0044,0.001,5.4e-06,5e-04,"smoking","F001"
"5428","cg21960364",-0.0069,0.0015,5.5e-06,5e-04,"smoking","F001"
"5429","cg08315770",0.0037,8e-04,5.5e-06,5e-04,"smoking","F001"
"5430","cg16495212",-0.0099,0.0022,5.5e-06,5e-04,"smoking","F001"
"5431","cg07416733",-0.0041,9e-04,5.5e-06,5e-04,"smoking","F001"
"5432","cg06722633",0.0031,7e-04,5.5e-06,5e-04,"smoking","F001"
"5433","cg01826574",-0.006,0.0013,5.5e-06,5e-04,"smoking","F001"
"5434","cg12648759",0.0034,7e-04,5.5e-06,5e-04,"smoking","F001"
"5435","cg08869244",-0.0036,8e-04,5.5e-06,5e-04,"smoking","F001"
"5436","cg05151709",0.0065,0.0014,5.5e-06,5e-04,"smoking","F001"
"5437","cg22891070",-0.0242,0.0053,5.5e-06,5e-04,"smoking","F001"
"5438","cg26487157",-0.0043,0.001,5.6e-06,5e-04,"smoking","F001"
"5439","cg10965975",-0.0062,0.0014,5.6e-06,5e-04,"smoking","F001"
"5440","cg12778775",-0.0052,0.0012,5.6e-06,5e-04,"smoking","F001"
"5441","cg27567561",-0.0067,0.0015,5.6e-06,5e-04,"smoking","F001"
"5442","cg21917349",0.0066,0.0014,5.6e-06,5e-04,"smoking","F001"
"5443","cg00574412",-0.0103,0.0023,5.6e-06,5e-04,"smoking","F001"
"5444","cg10426318",-0.0074,0.0016,5.6e-06,5e-04,"smoking","F001"
"5445","cg05487895",0.0017,4e-04,5.6e-06,5e-04,"smoking","F001"
"5446","cg06568880",-0.0046,0.001,5.6e-06,5e-04,"smoking","F001"
"5447","cg10980495",-0.0153,0.0034,5.6e-06,5e-04,"smoking","F001"
"5448","cg15947301",-0.0065,0.0014,5.6e-06,5e-04,"smoking","F001"
"5449","cg13750802",-0.0038,8e-04,5.6e-06,5e-04,"smoking","F001"
"5450","cg16165903",-0.0042,9e-04,5.6e-06,5e-04,"smoking","F001"
"5451","cg24250393",0.0034,7e-04,5.6e-06,5e-04,"smoking","F001"
"5452","cg02158978",0.0078,0.0017,5.7e-06,5e-04,"smoking","F001"
"5453","cg01456243",-0.0018,4e-04,5.7e-06,5e-04,"smoking","F001"
"5454","cg06855983",-0.0063,0.0014,5.7e-06,5e-04,"smoking","F001"
"5455","cg25801622",0.0067,0.0015,5.7e-06,5e-04,"smoking","F001"
"5456","cg10926330",0.0062,0.0014,5.7e-06,5e-04,"smoking","F001"
"5457","cg10583311",0.0041,9e-04,5.7e-06,5e-04,"smoking","F001"
"5458","cg18698382",0.004,9e-04,5.7e-06,5e-04,"smoking","F001"
"5459","cg00921097",-0.0051,0.0011,5.8e-06,5e-04,"smoking","F001"
"5460","cg01987202",0.003,7e-04,5.8e-06,5e-04,"smoking","F001"
"5461","cg09012411",0.005,0.0011,5.8e-06,5e-04,"smoking","F001"
"5462","cg26280179",-0.0043,0.001,5.8e-06,5e-04,"smoking","F001"
"5463","cg06649165",-0.0081,0.0018,5.8e-06,5e-04,"smoking","F001"
"5464","cg02859866",0.0034,8e-04,5.8e-06,5e-04,"smoking","F001"
"5465","cg10521852",0.0044,0.001,5.8e-06,5e-04,"smoking","F001"
"5466","cg11011640",0.0038,8e-04,5.8e-06,5e-04,"smoking","F001"
"5467","cg10416861",0.0056,0.0012,5.8e-06,5e-04,"smoking","F001"
"5468","cg09298818",-0.0088,0.0019,5.8e-06,5e-04,"smoking","F001"
"5469","cg04730882",-0.0071,0.0016,5.8e-06,5e-04,"smoking","F001"
"5470","cg04212285",0.0044,0.001,5.8e-06,5e-04,"smoking","F001"
"5471","cg00772091",-0.0067,0.0015,5.9e-06,5e-04,"smoking","F001"
"5472","cg07226755",0.0041,9e-04,5.9e-06,5e-04,"smoking","F001"
"5473","cg26121730",0.0054,0.0012,5.9e-06,5e-04,"smoking","F001"
"5474","cg20255723",0.0046,0.001,5.9e-06,5e-04,"smoking","F001"
"5475","cg16172923",-0.0165,0.0036,5.9e-06,5e-04,"smoking","F001"
"5476","cg10121601",0.0025,6e-04,5.9e-06,5e-04,"smoking","F001"
"5477","cg26971710",-0.0054,0.0012,5.9e-06,5e-04,"smoking","F001"
"5478","cg18954388",0.0026,6e-04,5.9e-06,5e-04,"smoking","F001"
"5479","cg18503234",0.009,0.002,5.9e-06,5e-04,"smoking","F001"
"5480","cg08893087",-0.0198,0.0044,5.9e-06,5e-04,"smoking","F001"
"5481","cg13823169",-0.0102,0.0023,6e-06,5e-04,"smoking","F001"
"5482","cg21356536",0.0027,6e-04,6e-06,5e-04,"smoking","F001"
"5483","cg23343680",0.0052,0.0011,6e-06,5e-04,"smoking","F001"
"5484","cg25961567",-0.0062,0.0014,6e-06,5e-04,"smoking","F001"
"5485","cg14171514",-0.0132,0.0029,6e-06,5e-04,"smoking","F001"
"5486","cg10368935",0.0169,0.0037,6e-06,5e-04,"smoking","F001"
"5487","cg27359629",-0.0068,0.0015,6e-06,6e-04,"smoking","F001"
"5488","cg11331344",-0.0069,0.0015,6e-06,6e-04,"smoking","F001"
"5489","cg01513063",-0.003,7e-04,6e-06,6e-04,"smoking","F001"
"5490","cg27371539",0.0035,8e-04,6.1e-06,6e-04,"smoking","F001"
"5491","cg06223834",-0.0125,0.0028,6.1e-06,6e-04,"smoking","F001"
"5492","cg25801292",0.0048,0.0011,6.1e-06,6e-04,"smoking","F001"
"5493","cg11324953",-0.0067,0.0015,6.1e-06,6e-04,"smoking","F001"
"5494","cg11211792",-0.0053,0.0012,6.1e-06,6e-04,"smoking","F001"
"5495","cg13940693",0.0038,9e-04,6.1e-06,6e-04,"smoking","F001"
"5496","cg12371924",-0.0063,0.0014,6.1e-06,6e-04,"smoking","F001"
"5497","cg10798225",-0.0075,0.0017,6.1e-06,6e-04,"smoking","F001"
"5498","cg25325322",0.0083,0.0018,6.1e-06,6e-04,"smoking","F001"
"5499","cg26781524",0.0052,0.0011,6.1e-06,6e-04,"smoking","F001"
"5500","cg17611235",-0.017,0.0038,6.1e-06,6e-04,"smoking","F001"
"5501","cg23238834",-0.0059,0.0013,6.1e-06,6e-04,"smoking","F001"
"5502","cg15135047",0.0059,0.0013,6.2e-06,6e-04,"smoking","F001"
"5503","cg20363891",-0.0047,0.001,6.2e-06,6e-04,"smoking","F001"
"5504","cg04301614",0.0072,0.0016,6.2e-06,6e-04,"smoking","F001"
"5505","cg10395317",-0.0029,6e-04,6.2e-06,6e-04,"smoking","F001"
"5506","cg08453194",-0.0066,0.0015,6.2e-06,6e-04,"smoking","F001"
"5507","cg15193228",-0.0116,0.0026,6.2e-06,6e-04,"smoking","F001"
"5508","cg18393958",-0.0065,0.0014,6.2e-06,6e-04,"smoking","F001"
"5509","cg07777349",0.0037,8e-04,6.2e-06,6e-04,"smoking","F001"
"5510","cg16858211",0.0063,0.0014,6.2e-06,6e-04,"smoking","F001"
"5511","cg20552903",-0.0045,0.001,6.3e-06,6e-04,"smoking","F001"
"5512","cg09333580",-0.0092,0.002,6.3e-06,6e-04,"smoking","F001"
"5513","cg19509311",-0.0049,0.0011,6.3e-06,6e-04,"smoking","F001"
"5514","cg27287951",0.01,0.0022,6.3e-06,6e-04,"smoking","F001"
"5515","cg19537591",-0.0097,0.0021,6.3e-06,6e-04,"smoking","F001"
"5516","cg24527008",0.0119,0.0026,6.3e-06,6e-04,"smoking","F001"
"5517","cg05405742",-0.0042,9e-04,6.3e-06,6e-04,"smoking","F001"
"5518","cg08905239",-0.0071,0.0016,6.3e-06,6e-04,"smoking","F001"
"5519","cg22345214",0.0025,5e-04,6.3e-06,6e-04,"smoking","F001"
"5520","cg08335767",-0.0056,0.0012,6.3e-06,6e-04,"smoking","F001"
"5521","cg15613761",-0.0084,0.0019,6.3e-06,6e-04,"smoking","F001"
"5522","cg04561731",0.0039,9e-04,6.3e-06,6e-04,"smoking","F001"
"5523","cg26971042",-0.0084,0.0019,6.3e-06,6e-04,"smoking","F001"
"5524","cg27286011",0.0088,0.0019,6.4e-06,6e-04,"smoking","F001"
"5525","cg10493055",-0.0031,7e-04,6.4e-06,6e-04,"smoking","F001"
"5526","cg18419358",-0.0092,0.002,6.4e-06,6e-04,"smoking","F001"
"5527","cg15916399",0.0057,0.0013,6.4e-06,6e-04,"smoking","F001"
"5528","cg02328930",0.0072,0.0016,6.4e-06,6e-04,"smoking","F001"
"5529","cg23346237",0.0091,0.002,6.4e-06,6e-04,"smoking","F001"
"5530","cg22904401",-0.0066,0.0015,6.4e-06,6e-04,"smoking","F001"
"5531","cg08731696",-0.0101,0.0022,6.4e-06,6e-04,"smoking","F001"
"5532","cg26654286",0.0041,9e-04,6.4e-06,6e-04,"smoking","F001"
"5533","cg08121317",0.0055,0.0012,6.4e-06,6e-04,"smoking","F001"
"5534","cg03702686",-0.0066,0.0015,6.4e-06,6e-04,"smoking","F001"
"5535","cg05595301",-0.0072,0.0016,6.4e-06,6e-04,"smoking","F001"
"5536","cg01560871",0.0051,0.0011,6.4e-06,6e-04,"smoking","F001"
"5537","cg14902389",-0.0038,9e-04,6.5e-06,6e-04,"smoking","F001"
"5538","cg13980944",-0.005,0.0011,6.5e-06,6e-04,"smoking","F001"
"5539","cg22031614",-0.0034,7e-04,6.5e-06,6e-04,"smoking","F001"
"5540","cg24638828",-0.0051,0.0011,6.5e-06,6e-04,"smoking","F001"
"5541","cg12157673",0.0131,0.0029,6.5e-06,6e-04,"smoking","F001"
"5542","cg24501831",-0.0044,0.001,6.5e-06,6e-04,"smoking","F001"
"5543","cg10540626",-0.0059,0.0013,6.5e-06,6e-04,"smoking","F001"
"5544","cg07391831",-0.007,0.0016,6.5e-06,6e-04,"smoking","F001"
"5545","cg12621315",-0.0103,0.0023,6.5e-06,6e-04,"smoking","F001"
"5546","cg19718508",-0.0074,0.0017,6.5e-06,6e-04,"smoking","F001"
"5547","cg02768162",-0.0058,0.0013,6.5e-06,6e-04,"smoking","F001"
"5548","cg06240652",-0.0036,8e-04,6.6e-06,6e-04,"smoking","F001"
"5549","cg17604312",-0.0028,6e-04,6.6e-06,6e-04,"smoking","F001"
"5550","cg10237088",-0.0086,0.0019,6.6e-06,6e-04,"smoking","F001"
"5551","cg24753662",0.0042,9e-04,6.6e-06,6e-04,"smoking","F001"
"5552","cg19465320",-0.0067,0.0015,6.6e-06,6e-04,"smoking","F001"
"5553","cg14920846",-0.0168,0.0037,6.6e-06,6e-04,"smoking","F001"
"5554","cg07381930",0.0066,0.0015,6.6e-06,6e-04,"smoking","F001"
"5555","cg14380013",0.0062,0.0014,6.6e-06,6e-04,"smoking","F001"
"5556","cg20927567",-0.0076,0.0017,6.6e-06,6e-04,"smoking","F001"
"5557","cg03642503",-0.0035,8e-04,6.6e-06,6e-04,"smoking","F001"
"5558","cg20495738",0.0083,0.0018,6.6e-06,6e-04,"smoking","F001"
"5559","cg17708167",0.0025,6e-04,6.6e-06,6e-04,"smoking","F001"
"5560","cg06490839",0.0061,0.0014,6.6e-06,6e-04,"smoking","F001"
"5561","cg09906145",0.0034,8e-04,6.7e-06,6e-04,"smoking","F001"
"5562","cg16405432",0.0033,7e-04,6.7e-06,6e-04,"smoking","F001"
"5563","cg12322877",-0.0144,0.0032,6.7e-06,6e-04,"smoking","F001"
"5564","cg02779016",0.0049,0.0011,6.7e-06,6e-04,"smoking","F001"
"5565","cg02023138",0.0031,7e-04,6.7e-06,6e-04,"smoking","F001"
"5566","cg16926809",-0.0044,0.001,6.7e-06,6e-04,"smoking","F001"
"5567","cg21436456",-0.0074,0.0016,6.7e-06,6e-04,"smoking","F001"
"5568","cg08281415",0.0021,5e-04,6.7e-06,6e-04,"smoking","F001"
"5569","cg03653399",-0.0068,0.0015,6.7e-06,6e-04,"smoking","F001"
"5570","cg07621224",-0.0059,0.0013,6.7e-06,6e-04,"smoking","F001"
"5571","cg10279487",-0.0037,8e-04,6.7e-06,6e-04,"smoking","F001"
"5572","cg22763680",0.0057,0.0013,6.7e-06,6e-04,"smoking","F001"
"5573","cg02029843",-0.0056,0.0012,6.7e-06,6e-04,"smoking","F001"
"5574","cg20811755",-0.0129,0.0029,6.7e-06,6e-04,"smoking","F001"
"5575","cg07570898",-0.0053,0.0012,6.8e-06,6e-04,"smoking","F001"
"5576","cg14652587",-0.0123,0.0027,6.8e-06,6e-04,"smoking","F001"
"5577","cg08899105",-0.007,0.0015,6.8e-06,6e-04,"smoking","F001"
"5578","cg16875057",0.007,0.0015,6.8e-06,6e-04,"smoking","F001"
"5579","cg05248321",0.0079,0.0018,6.8e-06,6e-04,"smoking","F001"
"5580","cg04137490",0.0081,0.0018,6.8e-06,6e-04,"smoking","F001"
"5581","cg17318719",-0.0076,0.0017,6.8e-06,6e-04,"smoking","F001"
"5582","cg15648896",0.0038,8e-04,6.8e-06,6e-04,"smoking","F001"
"5583","cg06151243",0.006,0.0013,6.8e-06,6e-04,"smoking","F001"
"5584","cg19075787",0.0065,0.0015,6.8e-06,6e-04,"smoking","F001"
"5585","cg00563932",0.0075,0.0017,6.8e-06,6e-04,"smoking","F001"
"5586","cg23793397",0.0033,7e-04,6.8e-06,6e-04,"smoking","F001"
"5587","cg11763094",0.0027,6e-04,6.9e-06,6e-04,"smoking","F001"
"5588","cg07808899",0.003,7e-04,6.9e-06,6e-04,"smoking","F001"
"5589","cg04724540",0.0029,6e-04,6.9e-06,6e-04,"smoking","F001"
"5590","cg13873269",-0.0086,0.0019,6.9e-06,6e-04,"smoking","F001"
"5591","cg21192063",0.0058,0.0013,6.9e-06,6e-04,"smoking","F001"
"5592","cg05331807",-0.0061,0.0014,6.9e-06,6e-04,"smoking","F001"
"5593","cg18430895",0.0049,0.0011,6.9e-06,6e-04,"smoking","F001"
"5594","cg27177841",-0.007,0.0016,6.9e-06,6e-04,"smoking","F001"
"5595","cg22122862",-0.0056,0.0013,6.9e-06,6e-04,"smoking","F001"
"5596","cg10322443",0.0092,0.002,6.9e-06,6e-04,"smoking","F001"
"5597","cg06975048",0.0049,0.0011,6.9e-06,6e-04,"smoking","F001"
"5598","cg18174678",-0.006,0.0013,6.9e-06,6e-04,"smoking","F001"
"5599","cg13851621",0.0041,9e-04,6.9e-06,6e-04,"smoking","F001"
"5600","cg21031128",0.0019,4e-04,6.9e-06,6e-04,"smoking","F001"
"5601","cg12528056",-0.0041,9e-04,6.9e-06,6e-04,"smoking","F001"
"5602","cg23051559",0.0071,0.0016,6.9e-06,6e-04,"smoking","F001"
"5603","cg21859290",-0.0033,7e-04,6.9e-06,6e-04,"smoking","F001"
"5604","cg02061173",0.0035,8e-04,7e-06,6e-04,"smoking","F001"
"5605","cg16660220",-0.0057,0.0013,7e-06,6e-04,"smoking","F001"
"5606","cg18633230",-0.0045,0.001,7e-06,6e-04,"smoking","F001"
"5607","cg01205935",-0.0133,0.003,7e-06,6e-04,"smoking","F001"
"5608","cg05500734",-0.0098,0.0022,7e-06,6e-04,"smoking","F001"
"5609","cg13895867",0.0063,0.0014,7e-06,6e-04,"smoking","F001"
"5610","cg26728282",0.0056,0.0012,7e-06,6e-04,"smoking","F001"
"5611","cg04361926",0.0078,0.0017,7e-06,6e-04,"smoking","F001"
"5612","cg03233656",-0.0147,0.0033,7e-06,6e-04,"smoking","F001"
"5613","cg09981533",-0.0057,0.0013,7e-06,6e-04,"smoking","F001"
"5614","cg15237152",0.0032,7e-04,7e-06,6e-04,"smoking","F001"
"5615","cg19595505",0.0023,5e-04,7e-06,6e-04,"smoking","F001"
"5616","cg17496794",-0.0045,0.001,7e-06,6e-04,"smoking","F001"
"5617","cg13458803",-0.004,9e-04,7e-06,6e-04,"smoking","F001"
"5618","cg21618273",-0.0055,0.0012,7.1e-06,6e-04,"smoking","F001"
"5619","cg26736341",-0.0051,0.0011,7.1e-06,6e-04,"smoking","F001"
"5620","cg25361106",0.0026,6e-04,7.1e-06,6e-04,"smoking","F001"
"5621","cg16371538",-0.0072,0.0016,7.1e-06,6e-04,"smoking","F001"
"5622","cg04359418",-0.0089,0.002,7.1e-06,6e-04,"smoking","F001"
"5623","cg03646261",0.003,7e-04,7.1e-06,6e-04,"smoking","F001"
"5624","cg01107874",-0.0085,0.0019,7.1e-06,6e-04,"smoking","F001"
"5625","cg10800833",0.0037,8e-04,7.1e-06,6e-04,"smoking","F001"
"5626","cg00577417",-0.0029,6e-04,7.1e-06,6e-04,"smoking","F001"
"5627","cg00534380",-0.0051,0.0011,7.2e-06,6e-04,"smoking","F001"
"5628","cg26662201",-0.0025,6e-04,7.2e-06,6e-04,"smoking","F001"
"5629","cg24430034",0.0068,0.0015,7.2e-06,6e-04,"smoking","F001"
"5630","cg00817377",-0.0056,0.0013,7.2e-06,6e-04,"smoking","F001"
"5631","cg18647259",0.0041,9e-04,7.2e-06,6e-04,"smoking","F001"
"5632","cg00107488",-0.0034,8e-04,7.2e-06,6e-04,"smoking","F001"
"5633","cg05858126",-0.0113,0.0025,7.2e-06,6e-04,"smoking","F001"
"5634","cg23825480",0.0112,0.0025,7.2e-06,6e-04,"smoking","F001"
"5635","cg27168033",-0.0037,8e-04,7.3e-06,6e-04,"smoking","F001"
"5636","cg21096399",0.0036,8e-04,7.3e-06,6e-04,"smoking","F001"
"5637","cg14899046",-0.0075,0.0017,7.3e-06,6e-04,"smoking","F001"
"5638","cg19265972",-0.0046,0.001,7.3e-06,6e-04,"smoking","F001"
"5639","cg00405069",-0.0047,0.0011,7.3e-06,6e-04,"smoking","F001"
"5640","cg05815275",-0.0051,0.0011,7.3e-06,6e-04,"smoking","F001"
"5641","cg16544463",-0.006,0.0013,7.3e-06,6e-04,"smoking","F001"
"5642","cg13934406",-0.0094,0.0021,7.3e-06,6e-04,"smoking","F001"
"5643","cg06270615",0.0064,0.0014,7.3e-06,6e-04,"smoking","F001"
"5644","cg26870567",-0.0044,0.001,7.3e-06,6e-04,"smoking","F001"
"5645","cg14584448",0.0025,6e-04,7.4e-06,7e-04,"smoking","F001"
"5646","cg01343313",0.0035,8e-04,7.4e-06,7e-04,"smoking","F001"
"5647","cg11201532",-0.0023,5e-04,7.4e-06,7e-04,"smoking","F001"
"5648","cg06706159",0.0126,0.0028,7.4e-06,7e-04,"smoking","F001"
"5649","cg12838168",-0.0071,0.0016,7.4e-06,7e-04,"smoking","F001"
"5650","cg08255964",-0.004,9e-04,7.4e-06,7e-04,"smoking","F001"
"5651","cg19390934",-0.0051,0.0011,7.4e-06,7e-04,"smoking","F001"
"5652","cg07274307",0.0022,5e-04,7.4e-06,7e-04,"smoking","F001"
"5653","cg11176095",0.0048,0.0011,7.4e-06,7e-04,"smoking","F001"
"5654","cg08013557",0.0028,6e-04,7.4e-06,7e-04,"smoking","F001"
"5655","cg21345949",-0.0086,0.0019,7.4e-06,7e-04,"smoking","F001"
"5656","cg22558825",-0.0051,0.0011,7.4e-06,7e-04,"smoking","F001"
"5657","cg10400390",-0.0043,0.001,7.4e-06,7e-04,"smoking","F001"
"5658","cg22930549",-0.0063,0.0014,7.4e-06,7e-04,"smoking","F001"
"5659","cg07047068",0.0043,0.001,7.4e-06,7e-04,"smoking","F001"
"5660","cg00294109",-0.0053,0.0012,7.5e-06,7e-04,"smoking","F001"
"5661","cg24755459",0.0038,9e-04,7.5e-06,7e-04,"smoking","F001"
"5662","cg12559228",-0.0102,0.0023,7.5e-06,7e-04,"smoking","F001"
"5663","cg23651872",-0.0197,0.0044,7.5e-06,7e-04,"smoking","F001"
"5664","cg20608100",-0.0044,0.001,7.5e-06,7e-04,"smoking","F001"
"5665","cg18642503",0.0047,0.0011,7.5e-06,7e-04,"smoking","F001"
"5666","cg02633117",-0.0025,6e-04,7.6e-06,7e-04,"smoking","F001"
"5667","cg10786986",0.0055,0.0012,7.6e-06,7e-04,"smoking","F001"
"5668","cg07121900",-0.008,0.0018,7.6e-06,7e-04,"smoking","F001"
"5669","cg00254608",-0.0026,6e-04,7.6e-06,7e-04,"smoking","F001"
"5670","cg06447341",-0.0037,8e-04,7.6e-06,7e-04,"smoking","F001"
"5671","cg14716990",-0.013,0.0029,7.7e-06,7e-04,"smoking","F001"
"5672","cg19004971",-0.0032,7e-04,7.7e-06,7e-04,"smoking","F001"
"5673","cg09164206",0.0049,0.0011,7.7e-06,7e-04,"smoking","F001"
"5674","cg17624802",-0.0111,0.0025,7.7e-06,7e-04,"smoking","F001"
"5675","cg00637477",0.0059,0.0013,7.7e-06,7e-04,"smoking","F001"
"5676","cg20836212",0.0048,0.0011,7.7e-06,7e-04,"smoking","F001"
"5677","cg19078067",0.005,0.0011,7.7e-06,7e-04,"smoking","F001"
"5678","cg24610790",-0.0018,4e-04,7.7e-06,7e-04,"smoking","F001"
"5679","cg27182293",0.003,7e-04,7.7e-06,7e-04,"smoking","F001"
"5680","cg04793813",0.0051,0.0011,7.7e-06,7e-04,"smoking","F001"
"5681","cg04209035",-0.0049,0.0011,7.8e-06,7e-04,"smoking","F001"
"5682","cg16816603",0.0041,9e-04,7.8e-06,7e-04,"smoking","F001"
"5683","cg04065210",0.008,0.0018,7.8e-06,7e-04,"smoking","F001"
"5684","cg24453664",0.004,9e-04,7.8e-06,7e-04,"smoking","F001"
"5685","cg26390598",0.0161,0.0036,7.8e-06,7e-04,"smoking","F001"
"5686","cg16893174",-0.0065,0.0015,7.8e-06,7e-04,"smoking","F001"
"5687","cg27558387",-0.0089,0.002,7.8e-06,7e-04,"smoking","F001"
"5688","cg26936171",-0.0033,7e-04,7.8e-06,7e-04,"smoking","F001"
"5689","cg06560379",-0.0034,8e-04,7.8e-06,7e-04,"smoking","F001"
"5690","cg12113251",-0.0033,7e-04,7.8e-06,7e-04,"smoking","F001"
"5691","cg09414426",0.0047,0.0011,7.9e-06,7e-04,"smoking","F001"
"5692","cg13078421",0.0084,0.0019,7.9e-06,7e-04,"smoking","F001"
"5693","cg08684361",-0.0054,0.0012,7.9e-06,7e-04,"smoking","F001"
"5694","cg15611912",-0.0149,0.0033,7.9e-06,7e-04,"smoking","F001"
"5695","cg19335130",0.0075,0.0017,7.9e-06,7e-04,"smoking","F001"
"5696","cg03167633",0.01,0.0022,7.9e-06,7e-04,"smoking","F001"
"5697","cg13546736",-0.0055,0.0012,7.9e-06,7e-04,"smoking","F001"
"5698","cg11344744",-0.0055,0.0012,8e-06,7e-04,"smoking","F001"
"5699","cg15501231",0.0059,0.0013,8e-06,7e-04,"smoking","F001"
"5700","cg15179499",0.0021,5e-04,8e-06,7e-04,"smoking","F001"
"5701","cg02583252",-0.0041,9e-04,8e-06,7e-04,"smoking","F001"
"5702","cg23063070",-0.0042,9e-04,8e-06,7e-04,"smoking","F001"
"5703","cg13080716",-0.0027,6e-04,8e-06,7e-04,"smoking","F001"
"5704","cg22332066",0.0028,6e-04,8e-06,7e-04,"smoking","F001"
"5705","cg12724826",-0.0051,0.0011,8e-06,7e-04,"smoking","F001"
"5706","cg05808246",0.0094,0.0021,8e-06,7e-04,"smoking","F001"
"5707","cg24619276",0.0059,0.0013,8e-06,7e-04,"smoking","F001"
"5708","cg08867471",-0.0042,9e-04,8.1e-06,7e-04,"smoking","F001"
"5709","cg07480567",0.0027,6e-04,8.1e-06,7e-04,"smoking","F001"
"5710","cg17296078",0.0029,7e-04,8.1e-06,7e-04,"smoking","F001"
"5711","cg16477744",-0.0047,0.001,8.1e-06,7e-04,"smoking","F001"
"5712","cg06672696",-0.0061,0.0014,8.1e-06,7e-04,"smoking","F001"
"5713","cg25012185",0.0037,8e-04,8.1e-06,7e-04,"smoking","F001"
"5714","cg16958939",0.0061,0.0014,8.1e-06,7e-04,"smoking","F001"
"5715","cg24452821",0.0036,8e-04,8.1e-06,7e-04,"smoking","F001"
"5716","cg16582517",-0.0106,0.0024,8.1e-06,7e-04,"smoking","F001"
"5717","cg00642615",-0.0054,0.0012,8.1e-06,7e-04,"smoking","F001"
"5718","cg19653589",0.0063,0.0014,8.1e-06,7e-04,"smoking","F001"
"5719","cg21136371",-0.0078,0.0018,8.1e-06,7e-04,"smoking","F001"
"5720","cg22033061",-0.0034,8e-04,8.2e-06,7e-04,"smoking","F001"
"5721","cg19132462",-0.0057,0.0013,8.2e-06,7e-04,"smoking","F001"
"5722","cg18471488",0.0044,0.001,8.2e-06,7e-04,"smoking","F001"
"5723","cg14184886",-0.0118,0.0027,8.2e-06,7e-04,"smoking","F001"
"5724","cg16049691",0.0041,9e-04,8.2e-06,7e-04,"smoking","F001"
"5725","cg05331472",-0.003,7e-04,8.2e-06,7e-04,"smoking","F001"
"5726","cg10112017",0.0022,5e-04,8.2e-06,7e-04,"smoking","F001"
"5727","cg07067577",-0.0073,0.0016,8.2e-06,7e-04,"smoking","F001"
"5728","cg13292636",0.0015,3e-04,8.2e-06,7e-04,"smoking","F001"
"5729","cg06975166",-0.0022,5e-04,8.3e-06,7e-04,"smoking","F001"
"5730","cg13280788",-0.0071,0.0016,8.3e-06,7e-04,"smoking","F001"
"5731","cg23758703",-0.0074,0.0017,8.3e-06,7e-04,"smoking","F001"
"5732","cg07513791",0.0022,5e-04,8.3e-06,7e-04,"smoking","F001"
"5733","cg15459165",0.0067,0.0015,8.3e-06,7e-04,"smoking","F001"
"5734","cg18058230",0.0058,0.0013,8.3e-06,7e-04,"smoking","F001"
"5735","cg01868869",-0.0024,5e-04,8.3e-06,7e-04,"smoking","F001"
"5736","cg26885220",0.004,9e-04,8.3e-06,7e-04,"smoking","F001"
"5737","cg19637821",0.0068,0.0015,8.3e-06,7e-04,"smoking","F001"
"5738","cg19139589",0.0042,9e-04,8.3e-06,7e-04,"smoking","F001"
"5739","cg13073699",-0.0158,0.0036,8.3e-06,7e-04,"smoking","F001"
"5740","cg19064302",-0.0038,9e-04,8.4e-06,7e-04,"smoking","F001"
"5741","cg14400768",-0.0055,0.0012,8.4e-06,7e-04,"smoking","F001"
"5742","cg26130242",-0.0034,8e-04,8.4e-06,7e-04,"smoking","F001"
"5743","cg18346707",0.0052,0.0012,8.4e-06,7e-04,"smoking","F001"
"5744","cg04159546",-0.0072,0.0016,8.4e-06,7e-04,"smoking","F001"
"5745","cg24227728",-0.0044,0.001,8.4e-06,7e-04,"smoking","F001"
"5746","cg07739927",0.0037,8e-04,8.4e-06,7e-04,"smoking","F001"
"5747","cg14644418",-0.0127,0.0028,8.4e-06,7e-04,"smoking","F001"
"5748","cg03469471",-0.0045,0.001,8.4e-06,7e-04,"smoking","F001"
"5749","cg14354820",-0.0044,0.001,8.4e-06,7e-04,"smoking","F001"
"5750","cg25934064",-0.0032,7e-04,8.4e-06,7e-04,"smoking","F001"
"5751","cg16251626",0.0069,0.0015,8.4e-06,7e-04,"smoking","F001"
"5752","cg08549806",-0.0052,0.0012,8.4e-06,7e-04,"smoking","F001"
"5753","cg19978550",-0.0073,0.0016,8.4e-06,7e-04,"smoking","F001"
"5754","cg00254681",-0.0131,0.0029,8.5e-06,7e-04,"smoking","F001"
"5755","cg06598794",-0.0043,0.001,8.5e-06,7e-04,"smoking","F001"
"5756","cg14404746",-0.0057,0.0013,8.5e-06,7e-04,"smoking","F001"
"5757","cg13969674",0.0048,0.0011,8.5e-06,7e-04,"smoking","F001"
"5758","cg20664247",-0.0082,0.0018,8.5e-06,7e-04,"smoking","F001"
"5759","cg16684661",-0.0057,0.0013,8.5e-06,7e-04,"smoking","F001"
"5760","cg08805054",-0.006,0.0014,8.6e-06,7e-04,"smoking","F001"
"5761","cg21822834",-0.0022,5e-04,8.6e-06,7e-04,"smoking","F001"
"5762","cg24150662",-0.0049,0.0011,8.6e-06,7e-04,"smoking","F001"
"5763","cg17295878",-0.0214,0.0048,8.6e-06,7e-04,"smoking","F001"
"5764","cg19799702",0.0048,0.0011,8.6e-06,7e-04,"smoking","F001"
"5765","cg11481582",-0.007,0.0016,8.6e-06,7e-04,"smoking","F001"
"5766","cg12324629",-0.0071,0.0016,8.6e-06,7e-04,"smoking","F001"
"5767","cg03598297",-0.004,9e-04,8.6e-06,7e-04,"smoking","F001"
"5768","cg17942851",0.0039,9e-04,8.6e-06,7e-04,"smoking","F001"
"5769","cg18248586",0.0059,0.0013,8.6e-06,7e-04,"smoking","F001"
"5770","cg08241785",0.0044,0.001,8.6e-06,7e-04,"smoking","F001"
"5771","cg19457763",0.0024,5e-04,8.6e-06,7e-04,"smoking","F001"
"5772","cg00065905",0.0031,7e-04,8.7e-06,7e-04,"smoking","F001"
"5773","cg15173134",0.0047,0.001,8.7e-06,7e-04,"smoking","F001"
"5774","cg27339256",-0.0041,9e-04,8.7e-06,7e-04,"smoking","F001"
"5775","cg03735496",0.0062,0.0014,8.7e-06,7e-04,"smoking","F001"
"5776","cg12160258",0.005,0.0011,8.7e-06,7e-04,"smoking","F001"
"5777","cg15315056",0.003,7e-04,8.7e-06,7e-04,"smoking","F001"
"5778","cg18115406",0.0039,9e-04,8.7e-06,8e-04,"smoking","F001"
"5779","cg04347477",0.0073,0.0017,8.8e-06,8e-04,"smoking","F001"
"5780","cg01059704",-0.0068,0.0015,8.8e-06,8e-04,"smoking","F001"
"5781","cg05790451",0.0062,0.0014,8.8e-06,8e-04,"smoking","F001"
"5782","cg26923863",0.0049,0.0011,8.8e-06,8e-04,"smoking","F001"
"5783","cg04632887",0.0065,0.0015,8.8e-06,8e-04,"smoking","F001"
"5784","cg01229567",-0.0057,0.0013,8.8e-06,8e-04,"smoking","F001"
"5785","cg08163163",-0.0038,8e-04,8.8e-06,8e-04,"smoking","F001"
"5786","cg23256579",0.0128,0.0029,8.8e-06,8e-04,"smoking","F001"
"5787","cg12711054",0.0045,0.001,8.8e-06,8e-04,"smoking","F001"
"5788","cg15055101",-0.0087,0.002,8.8e-06,8e-04,"smoking","F001"
"5789","cg27640528",0.0058,0.0013,8.9e-06,8e-04,"smoking","F001"
"5790","cg27324619",-0.0103,0.0023,8.9e-06,8e-04,"smoking","F001"
"5791","cg21134182",-0.0042,0.001,8.9e-06,8e-04,"smoking","F001"
"5792","cg16389709",-0.0016,4e-04,8.9e-06,8e-04,"smoking","F001"
"5793","cg06676637",0.0046,0.001,8.9e-06,8e-04,"smoking","F001"
"5794","cg20855296",0.0056,0.0013,8.9e-06,8e-04,"smoking","F001"
"5795","cg24020157",0.0077,0.0017,8.9e-06,8e-04,"smoking","F001"
"5796","cg21383495",-0.0035,8e-04,9e-06,8e-04,"smoking","F001"
"5797","cg17503456",0.0021,5e-04,9e-06,8e-04,"smoking","F001"
"5798","cg27130302",-8e-04,2e-04,9e-06,8e-04,"smoking","F001"
"5799","cg05043311",0.0042,9e-04,9e-06,8e-04,"smoking","F001"
"5800","cg07630931",0.0025,6e-04,9e-06,8e-04,"smoking","F001"
"5801","cg24452347",0.0077,0.0017,9e-06,8e-04,"smoking","F001"
"5802","cg02901006",0.005,0.0011,9e-06,8e-04,"smoking","F001"
"5803","cg13394182",0.0064,0.0014,9e-06,8e-04,"smoking","F001"
"5804","cg07016556",-0.0053,0.0012,9.1e-06,8e-04,"smoking","F001"
"5805","cg26013992",0.0062,0.0014,9.1e-06,8e-04,"smoking","F001"
"5806","cg17364114",0.0059,0.0013,9.1e-06,8e-04,"smoking","F001"
"5807","cg09138892",0.0064,0.0015,9.1e-06,8e-04,"smoking","F001"
"5808","cg13314965",0.0047,0.0011,9.1e-06,8e-04,"smoking","F001"
"5809","cg06494782",-0.006,0.0013,9.1e-06,8e-04,"smoking","F001"
"5810","cg17501982",-0.0047,0.0011,9.1e-06,8e-04,"smoking","F001"
"5811","cg07638500",-0.0044,0.001,9.2e-06,8e-04,"smoking","F001"
"5812","cg00624799",-0.0029,6e-04,9.2e-06,8e-04,"smoking","F001"
"5813","cg14030402",0.0037,8e-04,9.2e-06,8e-04,"smoking","F001"
"5814","cg02699834",0.0051,0.0011,9.2e-06,8e-04,"smoking","F001"
"5815","cg16317457",-0.0074,0.0017,9.2e-06,8e-04,"smoking","F001"
"5816","cg08507178",-0.0065,0.0015,9.2e-06,8e-04,"smoking","F001"
"5817","cg06659727",0.0065,0.0015,9.2e-06,8e-04,"smoking","F001"
"5818","cg03636488",0.0084,0.0019,9.2e-06,8e-04,"smoking","F001"
"5819","cg00770316",-0.0045,0.001,9.2e-06,8e-04,"smoking","F001"
"5820","cg27323011",-0.0016,4e-04,9.2e-06,8e-04,"smoking","F001"
"5821","cg00175403",-0.006,0.0014,9.2e-06,8e-04,"smoking","F001"
"5822","cg24916358",0.0065,0.0015,9.2e-06,8e-04,"smoking","F001"
"5823","cg06630869",-0.0021,5e-04,9.2e-06,8e-04,"smoking","F001"
"5824","cg14127188",0.0063,0.0014,9.2e-06,8e-04,"smoking","F001"
"5825","cg03027354",0.0028,6e-04,9.2e-06,8e-04,"smoking","F001"
"5826","cg06927323",0.0098,0.0022,9.3e-06,8e-04,"smoking","F001"
"5827","cg02891579",0.003,7e-04,9.3e-06,8e-04,"smoking","F001"
"5828","cg19808205",0.0028,6e-04,9.3e-06,8e-04,"smoking","F001"
"5829","cg20949306",0.0028,6e-04,9.3e-06,8e-04,"smoking","F001"
"5830","cg09878914",-0.0028,6e-04,9.3e-06,8e-04,"smoking","F001"
"5831","cg16437021",0.0067,0.0015,9.4e-06,8e-04,"smoking","F001"
"5832","cg24433016",0.0086,0.0019,9.4e-06,8e-04,"smoking","F001"
"5833","cg08506869",-0.011,0.0025,9.4e-06,8e-04,"smoking","F001"
"5834","cg06182359",-0.0044,0.001,9.4e-06,8e-04,"smoking","F001"
"5835","cg26905258",-0.0077,0.0017,9.4e-06,8e-04,"smoking","F001"
"5836","cg03583857",0.004,9e-04,9.4e-06,8e-04,"smoking","F001"
"5837","cg09269866",0.0054,0.0012,9.4e-06,8e-04,"smoking","F001"
"5838","cg10483871",-0.0024,5e-04,9.5e-06,8e-04,"smoking","F001"
"5839","cg24849633",0.0046,0.001,9.5e-06,8e-04,"smoking","F001"
"5840","cg20744437",-0.002,5e-04,9.5e-06,8e-04,"smoking","F001"
"5841","cg22236626",-0.0031,7e-04,9.5e-06,8e-04,"smoking","F001"
"5842","cg08129331",0.0062,0.0014,9.5e-06,8e-04,"smoking","F001"
"5843","cg19761273",-0.0048,0.0011,9.5e-06,8e-04,"smoking","F001"
"5844","cg19531230",0.0064,0.0014,9.5e-06,8e-04,"smoking","F001"
"5845","cg18396403",-0.006,0.0014,9.5e-06,8e-04,"smoking","F001"
"5846","cg25636481",-0.0081,0.0018,9.5e-06,8e-04,"smoking","F001"
"5847","cg23092823",0.0025,6e-04,9.5e-06,8e-04,"smoking","F001"
"5848","cg16588163",0.0058,0.0013,9.5e-06,8e-04,"smoking","F001"
"5849","cg19407095",0.005,0.0011,9.5e-06,8e-04,"smoking","F001"
"5850","cg13679772",0.0106,0.0024,9.5e-06,8e-04,"smoking","F001"
"5851","cg03567830",0.0035,8e-04,9.6e-06,8e-04,"smoking","F001"
"5852","cg02121447",0.0065,0.0015,9.6e-06,8e-04,"smoking","F001"
"5853","cg03144643",0.0014,3e-04,9.6e-06,8e-04,"smoking","F001"
"5854","cg24576804",-0.0041,9e-04,9.6e-06,8e-04,"smoking","F001"
"5855","cg06976485",-0.0056,0.0013,9.6e-06,8e-04,"smoking","F001"
"5856","cg05136169",0.0053,0.0012,9.6e-06,8e-04,"smoking","F001"
"5857","cg19783291",0.0063,0.0014,9.6e-06,8e-04,"smoking","F001"
"5858","cg10126903",0.0025,6e-04,9.7e-06,8e-04,"smoking","F001"
"5859","cg09245302",-0.0024,6e-04,9.7e-06,8e-04,"smoking","F001"
"5860","cg23534245",-0.0091,0.0021,9.7e-06,8e-04,"smoking","F001"
"5861","cg07013734",0.0023,5e-04,9.7e-06,8e-04,"smoking","F001"
"5862","cg04861271",0.0047,0.0011,9.7e-06,8e-04,"smoking","F001"
"5863","cg01887374",-0.0159,0.0036,9.7e-06,8e-04,"smoking","F001"
"5864","cg07092805",0.0062,0.0014,9.7e-06,8e-04,"smoking","F001"
"5865","cg01798157",-0.0162,0.0037,9.7e-06,8e-04,"smoking","F001"
"5866","cg26585452",-0.0063,0.0014,9.8e-06,8e-04,"smoking","F001"
"5867","cg07016730",-0.0036,8e-04,9.8e-06,8e-04,"smoking","F001"
"5868","cg21657955",-0.0029,7e-04,9.8e-06,8e-04,"smoking","F001"
"5869","cg08889843",-0.0052,0.0012,9.8e-06,8e-04,"smoking","F001"
"5870","cg14901243",-0.0128,0.0029,9.8e-06,8e-04,"smoking","F001"
"5871","cg09276842",-0.0045,0.001,9.8e-06,8e-04,"smoking","F001"
"5872","cg11804414",0.006,0.0014,9.8e-06,8e-04,"smoking","F001"
"5873","cg15696506",-0.0081,0.0018,9.8e-06,8e-04,"smoking","F001"
"5874","cg20534570",0.0057,0.0013,9.8e-06,8e-04,"smoking","F001"
"5875","cg03962950",-0.0042,0.001,9.9e-06,8e-04,"smoking","F001"
"5876","cg00971396",-0.0016,4e-04,9.9e-06,8e-04,"smoking","F001"
"5877","cg05851542",-0.0032,7e-04,9.9e-06,8e-04,"smoking","F001"
"5878","cg04794268",-0.0075,0.0017,9.9e-06,8e-04,"smoking","F001"
"5879","cg08304608",-0.0041,9e-04,1e-05,8e-04,"smoking","F001"
"5880","cg21644856",0.0039,9e-04,1e-05,8e-04,"smoking","F001"
"5881","cg20661303",-0.0054,0.0012,1e-05,8e-04,"smoking","F001"
"5882","cg10147462",0.0051,0.0011,1e-05,8e-04,"smoking","F001"
"5883","cg07617814",-0.0046,0.001,1e-05,8e-04,"smoking","F001"
"5884","cg08170837",-0.0115,0.0026,1e-05,8e-04,"smoking","F001"
"5885","cg03345232",-0.0098,0.0022,1e-05,8e-04,"smoking","F001"
"5886","cg25015416",0.005,0.0011,1e-05,8e-04,"smoking","F001"
"5887","cg10238080",0.0039,9e-04,1e-05,8e-04,"smoking","F001"
"5888","cg02747950",0.0077,0.0018,1e-05,8e-04,"smoking","F001"
"5889","cg10573235",0.0081,0.0018,1e-05,8e-04,"smoking","F001"
"5890","cg08059112",0.0049,0.0011,1e-05,8e-04,"smoking","F001"
"5891","cg22117188",-0.0051,0.0011,1e-05,8e-04,"smoking","F001"
"5892","cg25635916",-0.0042,9e-04,1e-05,8e-04,"smoking","F001"
"5893","cg27598107",0.0101,0.0023,1e-05,8e-04,"smoking","F001"
"5894","cg23429698",0.0067,0.0015,1e-05,8e-04,"smoking","F001"
"5895","cg01222324",0.0035,8e-04,1e-05,8e-04,"smoking","F001"
"5896","cg10201400",0.0039,9e-04,1e-05,8e-04,"smoking","F001"
"5897","cg11617964",-0.0125,0.0028,1e-05,8e-04,"smoking","F001"
"5898","cg24494617",-0.0092,0.0021,1e-05,8e-04,"smoking","F001"
"5899","cg01125463",-0.0061,0.0014,1e-05,8e-04,"smoking","F001"
"5900","cg17076667",-0.0164,0.0037,1e-05,9e-04,"smoking","F001"
"5901","cg21719344",-0.0056,0.0013,1e-05,9e-04,"smoking","F001"
"5902","cg22376262",-0.0066,0.0015,1e-05,9e-04,"smoking","F001"
"5903","cg03047995",0.0082,0.0019,1e-05,9e-04,"smoking","F001"
"5904","cg04683740",-0.0033,7e-04,1e-05,9e-04,"smoking","F001"
"5905","cg21962013",-0.0062,0.0014,1e-05,9e-04,"smoking","F001"
"5906","cg11739399",-0.0096,0.0022,1e-05,9e-04,"smoking","F001"
"5907","cg00169184",0.0066,0.0015,1e-05,9e-04,"smoking","F001"
"5908","cg07104958",-0.0052,0.0012,1e-05,9e-04,"smoking","F001"
"5909","cg02032125",0.0066,0.0015,1e-05,9e-04,"smoking","F001"
"5910","cg04309025",-0.0021,5e-04,1e-05,9e-04,"smoking","F001"
"5911","cg07770854",0.0033,7e-04,1e-05,9e-04,"smoking","F001"
"5912","cg04393060",0.0029,7e-04,1e-05,9e-04,"smoking","F001"
"5913","cg11010122",-0.0029,6e-04,1e-05,9e-04,"smoking","F001"
"5914","cg14297772",-0.0055,0.0012,1e-05,9e-04,"smoking","F001"
"5915","cg25256723",-0.0072,0.0016,1e-05,9e-04,"smoking","F001"
"5916","cg24601055",-0.0058,0.0013,1e-05,9e-04,"smoking","F001"
"5917","cg19038246",0.0043,0.001,1e-05,9e-04,"smoking","F001"
"5918","cg13705391",-0.0107,0.0024,1e-05,9e-04,"smoking","F001"
"5919","cg01538731",0.0108,0.0025,1e-05,9e-04,"smoking","F001"
"5920","cg24639100",-0.0027,6e-04,1e-05,9e-04,"smoking","F001"
"5921","cg12763668",-0.004,9e-04,1e-05,9e-04,"smoking","F001"
"5922","cg14276580",-0.0055,0.0013,1e-05,9e-04,"smoking","F001"
"5923","cg00947744",-0.0056,0.0013,1e-05,9e-04,"smoking","F001"
"5924","cg11256607",0.0037,8e-04,1e-05,9e-04,"smoking","F001"
"5925","cg16269755",0.0038,9e-04,1e-05,9e-04,"smoking","F001"
"5926","cg16069986",0.0044,0.001,1.1e-05,9e-04,"smoking","F001"
"5927","cg23013850",0.005,0.0011,1.1e-05,9e-04,"smoking","F001"
"5928","cg03514843",-0.0062,0.0014,1.1e-05,9e-04,"smoking","F001"
"5929","cg12499872",-0.007,0.0016,1.1e-05,9e-04,"smoking","F001"
"5930","cg12426146",0.0067,0.0015,1.1e-05,9e-04,"smoking","F001"
"5931","cg08857221",-0.0078,0.0018,1.1e-05,9e-04,"smoking","F001"
"5932","cg24360617",0.0031,7e-04,1.1e-05,9e-04,"smoking","F001"
"5933","cg14477868",-0.0029,7e-04,1.1e-05,9e-04,"smoking","F001"
"5934","cg16932560",-0.0079,0.0018,1.1e-05,9e-04,"smoking","F001"
"5935","cg18092474",-0.0192,0.0044,1.1e-05,9e-04,"smoking","F001"
"5936","cg25463688",0.0039,9e-04,1.1e-05,9e-04,"smoking","F001"
"5937","cg08616585",-0.0033,8e-04,1.1e-05,9e-04,"smoking","F001"
"5938","cg01228685",-0.0052,0.0012,1.1e-05,9e-04,"smoking","F001"
"5939","cg01937212",-0.0069,0.0016,1.1e-05,9e-04,"smoking","F001"
"5940","cg21329649",-0.0023,5e-04,1.1e-05,9e-04,"smoking","F001"
"5941","cg13060704",-0.0074,0.0017,1.1e-05,9e-04,"smoking","F001"
"5942","cg23908269",-0.0044,0.001,1.1e-05,9e-04,"smoking","F001"
"5943","cg14270581",0.0026,6e-04,1.1e-05,9e-04,"smoking","F001"
"5944","cg19352830",-0.0053,0.0012,1.1e-05,9e-04,"smoking","F001"
"5945","cg11680605",-0.0058,0.0013,1.1e-05,9e-04,"smoking","F001"
"5946","cg10317717",-0.0039,9e-04,1.1e-05,9e-04,"smoking","F001"
"5947","cg05764839",-0.0084,0.0019,1.1e-05,9e-04,"smoking","F001"
"5948","cg12210378",-0.0027,6e-04,1.1e-05,9e-04,"smoking","F001"
"5949","cg14526039",-0.0076,0.0017,1.1e-05,9e-04,"smoking","F001"
"5950","cg15489979",0.0023,5e-04,1.1e-05,9e-04,"smoking","F001"
"5951","cg14449910",0.0053,0.0012,1.1e-05,9e-04,"smoking","F001"
"5952","cg06893273",-0.01,0.0023,1.1e-05,9e-04,"smoking","F001"
"5953","cg25485805",0.0039,9e-04,1.1e-05,9e-04,"smoking","F001"
"5954","cg04337403",0.0057,0.0013,1.1e-05,9e-04,"smoking","F001"
"5955","cg15016771",0.0092,0.0021,1.1e-05,9e-04,"smoking","F001"
"5956","cg05616969",0.0045,0.001,1.1e-05,9e-04,"smoking","F001"
"5957","cg13420364",-0.0066,0.0015,1.1e-05,9e-04,"smoking","F001"
"5958","cg00594191",-0.0106,0.0024,1.1e-05,9e-04,"smoking","F001"
"5959","cg01610165",-0.006,0.0014,1.1e-05,9e-04,"smoking","F001"
"5960","cg12667125",-0.0058,0.0013,1.1e-05,9e-04,"smoking","F001"
"5961","cg21053741",-0.0068,0.0016,1.1e-05,9e-04,"smoking","F001"
"5962","cg05238276",0.0037,9e-04,1.1e-05,9e-04,"smoking","F001"
"5963","cg05071046",0.0041,9e-04,1.1e-05,9e-04,"smoking","F001"
"5964","cg05624300",0.0028,6e-04,1.1e-05,9e-04,"smoking","F001"
"5965","cg09018739",0.0071,0.0016,1.1e-05,9e-04,"smoking","F001"
"5966","cg13555772",0.006,0.0014,1.1e-05,9e-04,"smoking","F001"
"5967","cg14346202",0.0071,0.0016,1.1e-05,9e-04,"smoking","F001"
"5968","cg01081636",-0.0042,0.001,1.1e-05,9e-04,"smoking","F001"
"5969","cg16358867",0.0046,0.001,1.1e-05,9e-04,"smoking","F001"
"5970","cg13983442",-0.0056,0.0013,1.1e-05,9e-04,"smoking","F001"
"5971","cg23981354",0.0043,0.001,1.1e-05,9e-04,"smoking","F001"
"5972","cg15775674",0.0039,9e-04,1.1e-05,9e-04,"smoking","F001"
"5973","cg10475014",-0.0044,0.001,1.1e-05,9e-04,"smoking","F001"
"5974","cg19500334",0.0087,0.002,1.1e-05,9e-04,"smoking","F001"
"5975","cg14785479",0.0027,6e-04,1.1e-05,9e-04,"smoking","F001"
"5976","cg13251181",-0.0129,0.0029,1.1e-05,9e-04,"smoking","F001"
"5977","cg23336702",-0.0053,0.0012,1.1e-05,9e-04,"smoking","F001"
"5978","cg00622166",-0.0059,0.0014,1.1e-05,9e-04,"smoking","F001"
"5979","cg01139039",-0.0031,7e-04,1.1e-05,9e-04,"smoking","F001"
"5980","cg15713707",0.0048,0.0011,1.1e-05,9e-04,"smoking","F001"
"5981","cg12891342",-0.0065,0.0015,1.1e-05,9e-04,"smoking","F001"
"5982","cg26946905",-0.0021,5e-04,1.1e-05,9e-04,"smoking","F001"
"5983","cg01449715",0.0047,0.0011,1.1e-05,9e-04,"smoking","F001"
"5984","cg05174446",0.003,7e-04,1.1e-05,9e-04,"smoking","F001"
"5985","cg06547541",-0.0084,0.0019,1.1e-05,9e-04,"smoking","F001"
"5986","cg19566648",0.0063,0.0014,1.1e-05,9e-04,"smoking","F001"
"5987","cg26688911",-0.0045,0.001,1.1e-05,9e-04,"smoking","F001"
"5988","cg05399785",0.0066,0.0015,1.1e-05,9e-04,"smoking","F001"
"5989","cg16141752",0.005,0.0011,1.1e-05,9e-04,"smoking","F001"
"5990","cg17571335",-0.0138,0.0031,1.1e-05,9e-04,"smoking","F001"
"5991","cg17397004",-0.005,0.0011,1.1e-05,9e-04,"smoking","F001"
"5992","cg12696750",0.0034,8e-04,1.1e-05,9e-04,"smoking","F001"
"5993","cg01777643",0.003,7e-04,1.1e-05,9e-04,"smoking","F001"
"5994","cg23149454",-0.0054,0.0012,1.1e-05,9e-04,"smoking","F001"
"5995","cg05044291",0.0096,0.0022,1.1e-05,9e-04,"smoking","F001"
"5996","cg15743533",-0.0042,9e-04,1.1e-05,9e-04,"smoking","F001"
"5997","cg19806398",0.0057,0.0013,1.1e-05,9e-04,"smoking","F001"
"5998","cg14529474",-0.0033,8e-04,1.1e-05,9e-04,"smoking","F001"
"5999","cg17641566",-0.0066,0.0015,1.1e-05,9e-04,"smoking","F001"
"6000","cg27655512",0.0073,0.0017,1.1e-05,9e-04,"smoking","F001"
"6001","cg20210482",0.0076,0.0017,1.1e-05,9e-04,"smoking","F001"
"6002","cg20617917",-0.006,0.0014,1.1e-05,9e-04,"smoking","F001"
"6003","cg05539265",-0.0061,0.0014,1.1e-05,9e-04,"smoking","F001"
"6004","cg25563456",0.0019,4e-04,1.1e-05,9e-04,"smoking","F001"
"6005","cg11419403",0.0037,8e-04,1.2e-05,9e-04,"smoking","F001"
"6006","cg17814814",0.0075,0.0017,1.2e-05,9e-04,"smoking","F001"
"6007","cg03420068",0.0048,0.0011,1.2e-05,9e-04,"smoking","F001"
"6008","cg18061319",-0.0048,0.0011,1.2e-05,9e-04,"smoking","F001"
"6009","cg13868654",-0.003,7e-04,1.2e-05,9e-04,"smoking","F001"
"6010","cg24247537",0.0088,0.002,1.2e-05,9e-04,"smoking","F001"
"6011","cg07266580",0.0046,0.0011,1.2e-05,9e-04,"smoking","F001"
"6012","cg17323243",-0.0015,3e-04,1.2e-05,9e-04,"smoking","F001"
"6013","cg24670715",-0.006,0.0014,1.2e-05,9e-04,"smoking","F001"
"6014","cg02586730",-0.0069,0.0016,1.2e-05,9e-04,"smoking","F001"
"6015","cg13276570",-0.0041,9e-04,1.2e-05,9e-04,"smoking","F001"
"6016","cg11326429",-0.0102,0.0023,1.2e-05,9e-04,"smoking","F001"
"6017","cg16287740",0.0047,0.0011,1.2e-05,9e-04,"smoking","F001"
"6018","cg01810111",0.0055,0.0013,1.2e-05,9e-04,"smoking","F001"
"6019","cg27205928",-0.004,9e-04,1.2e-05,0.001,"smoking","F001"
"6020","cg26272443",-0.0072,0.0016,1.2e-05,0.001,"smoking","F001"
"6021","cg23878564",0.0117,0.0027,1.2e-05,0.001,"smoking","F001"
"6022","cg25046651",0.0031,7e-04,1.2e-05,0.001,"smoking","F001"
"6023","cg01570068",0.007,0.0016,1.2e-05,0.001,"smoking","F001"
"6024","cg15743985",0.0049,0.0011,1.2e-05,0.001,"smoking","F001"
"6025","cg05634915",-0.0042,9e-04,1.2e-05,0.001,"smoking","F001"
"6026","cg05314679",0.0028,6e-04,1.2e-05,0.001,"smoking","F001"
"6027","cg11068337",-0.0041,9e-04,1.2e-05,0.001,"smoking","F001"
"6028","cg08480068",0.0018,4e-04,1.2e-05,0.001,"smoking","F001"
"6029","cg06112654",0.0045,0.001,1.2e-05,0.001,"smoking","F001"
"6030","cg18047662",-0.0059,0.0013,1.2e-05,0.001,"smoking","F001"
"6031","cg09576074",-0.0022,5e-04,1.2e-05,0.001,"smoking","F001"
"6032","cg15989091",-0.0051,0.0012,1.2e-05,0.001,"smoking","F001"
"6033","cg06998507",0.0029,7e-04,1.2e-05,0.001,"smoking","F001"
"6034","cg25572367",0.0016,4e-04,1.2e-05,0.001,"smoking","F001"
"6035","cg07124372",-0.003,7e-04,1.2e-05,0.001,"smoking","F001"
"6036","cg06940168",-0.0098,0.0022,1.2e-05,0.001,"smoking","F001"
"6037","cg07571344",0.0038,9e-04,1.2e-05,0.001,"smoking","F001"
"6038","cg10950251",-0.0062,0.0014,1.2e-05,0.001,"smoking","F001"
"6039","cg18149394",-0.0073,0.0017,1.2e-05,0.001,"smoking","F001"
"6040","cg09160955",-0.0077,0.0018,1.2e-05,0.001,"smoking","F001"
"6041","cg15913671",-0.0037,9e-04,1.2e-05,0.001,"smoking","F001"
"6042","cg07741805",0.0061,0.0014,1.2e-05,0.001,"smoking","F001"
"6043","cg07368661",-0.0041,9e-04,1.2e-05,0.001,"smoking","F001"
"6044","cg11421073",0.0057,0.0013,1.2e-05,0.001,"smoking","F001"
"6045","cg17038235",0.0097,0.0022,1.2e-05,0.001,"smoking","F001"
"6046","cg06148264",0.0041,9e-04,1.2e-05,0.001,"smoking","F001"
"6047","cg02058108",0.0059,0.0014,1.2e-05,0.001,"smoking","F001"
"6048","cg00701514",-0.0035,8e-04,1.2e-05,0.001,"smoking","F001"
"6049","cg12917475",0.0039,9e-04,1.2e-05,0.001,"smoking","F001"
"6050","cg04772644",-0.0072,0.0017,1.2e-05,0.001,"smoking","F001"
"6051","cg00479463",-0.0064,0.0015,1.2e-05,0.001,"smoking","F001"
"6052","cg07833467",-0.0078,0.0018,1.2e-05,0.001,"smoking","F001"
"6053","cg08475953",0.0037,8e-04,1.2e-05,0.001,"smoking","F001"
"6054","cg11731671",-0.0088,0.002,1.2e-05,0.001,"smoking","F001"
"6055","cg10736337",-0.0042,0.001,1.2e-05,0.001,"smoking","F001"
"6056","cg01702009",0.0045,0.001,1.2e-05,0.001,"smoking","F001"
"6057","cg23904955",-0.015,0.0034,1.2e-05,0.001,"smoking","F001"
"6058","cg02272278",0.0057,0.0013,1.2e-05,0.001,"smoking","F001"
"6059","cg08038291",0.0035,8e-04,1.2e-05,0.001,"smoking","F001"
"6060","cg09155044",0.0067,0.0015,1.2e-05,0.001,"smoking","F001"
"6061","cg06892898",0.0042,0.001,1.2e-05,0.001,"smoking","F001"
"6062","cg02529547",0.0032,7e-04,1.2e-05,0.001,"smoking","F001"
"6063","cg00466334",0.0048,0.0011,1.2e-05,0.001,"smoking","F001"
"6064","cg26057969",-0.0055,0.0013,1.2e-05,0.001,"smoking","F001"
"6065","cg03737080",-0.0059,0.0014,1.2e-05,0.001,"smoking","F001"
"6066","cg23749760",0.003,7e-04,1.2e-05,0.001,"smoking","F001"
"6067","cg25536787",0.0028,6e-04,1.2e-05,0.001,"smoking","F001"
"6068","cg10753610",0.0032,7e-04,1.2e-05,0.001,"smoking","F001"
"6069","cg21445230",-0.0054,0.0012,1.2e-05,0.001,"smoking","F001"
"6070","cg00686915",0.0053,0.0012,1.2e-05,0.001,"smoking","F001"
"6071","cg17983064",0.0107,0.0024,1.2e-05,0.001,"smoking","F001"
"6072","cg15624624",-0.0086,0.002,1.2e-05,0.001,"smoking","F001"
"6073","cg25535418",-0.0033,8e-04,1.2e-05,0.001,"smoking","F001"
"6074","cg12899423",-0.0049,0.0011,1.2e-05,0.001,"smoking","F001"
"6075","cg06009448",-0.0059,0.0013,1.2e-05,0.001,"smoking","F001"
"6076","cg27392804",0.0025,6e-04,1.2e-05,0.001,"smoking","F001"
"6077","cg20752695",-0.0045,0.001,1.2e-05,0.001,"smoking","F001"
"6078","cg09390241",-0.008,0.0018,1.2e-05,0.001,"smoking","F001"
"6079","cg27424995",0.0068,0.0016,1.2e-05,0.001,"smoking","F001"
"6080","cg17566560",-0.0051,0.0012,1.2e-05,0.001,"smoking","F001"
"6081","cg08376310",0.0051,0.0012,1.2e-05,0.001,"smoking","F001"
"6082","cg11673687",-0.0041,9e-04,1.2e-05,0.001,"smoking","F001"
"6083","cg02268192",0.0071,0.0016,1.2e-05,0.001,"smoking","F001"
"6084","cg00638210",0.0077,0.0018,1.2e-05,0.001,"smoking","F001"
"6085","cg09360654",-0.0047,0.0011,1.2e-05,0.001,"smoking","F001"
"6086","cg22321327",-0.0084,0.0019,1.2e-05,0.001,"smoking","F001"
"6087","cg06399164",-0.0049,0.0011,1.2e-05,0.001,"smoking","F001"
"6088","cg03315344",0.004,9e-04,1.2e-05,0.001,"smoking","F001"
"6089","cg24392646",-0.0061,0.0014,1.2e-05,0.001,"smoking","F001"
"6090","cg04220636",0.0044,0.001,1.2e-05,0.001,"smoking","F001"
"6091","cg16902087",-0.0071,0.0016,1.3e-05,0.001,"smoking","F001"
"6092","cg04920032",0.0034,8e-04,1.3e-05,0.001,"smoking","F001"
"6093","cg13448906",-0.0017,4e-04,1.3e-05,0.001,"smoking","F001"
"6094","cg08788930",0.0044,0.001,1.3e-05,0.001,"smoking","F001"
"6095","cg08621473",0.0026,6e-04,1.3e-05,0.001,"smoking","F001"
"6096","cg15976709",-0.0024,6e-04,1.3e-05,0.001,"smoking","F001"
"6097","cg23551720",-0.0062,0.0014,1.3e-05,0.001,"smoking","F001"
"6098","cg03499581",0.007,0.0016,1.3e-05,0.001,"smoking","F001"
"6099","cg18390683",-0.0043,0.001,1.3e-05,0.001,"smoking","F001"
"6100","cg26655542",-0.007,0.0016,1.3e-05,0.001,"smoking","F001"
"6101","cg12065799",-0.0026,6e-04,1.3e-05,0.001,"smoking","F001"
"6102","cg25577489",0.005,0.0011,1.3e-05,0.001,"smoking","F001"
"6103","cg05442717",0.0025,6e-04,1.3e-05,0.001,"smoking","F001"
"6104","cg16352928",0.0035,8e-04,1.3e-05,0.001,"smoking","F001"
"6105","cg24100636",0.0046,0.0011,1.3e-05,0.001,"smoking","F001"
"6106","cg19202384",-0.0068,0.0016,1.3e-05,0.001,"smoking","F001"
"6107","cg07428959",0.0072,0.0017,1.3e-05,0.001,"smoking","F001"
"6108","cg16410171",-0.0062,0.0014,1.3e-05,0.001,"smoking","F001"
"6109","cg16839921",-0.0048,0.0011,1.3e-05,0.001,"smoking","F001"
"6110","cg20740299",-0.0028,6e-04,1.3e-05,0.001,"smoking","F001"
"6111","cg05298510",0.0073,0.0017,1.3e-05,0.001,"smoking","F001"
"6112","cg01148088",0.0076,0.0017,1.3e-05,0.001,"smoking","F001"
"6113","cg22845912",-0.0062,0.0014,1.3e-05,0.001,"smoking","F001"
"6114","cg19917989",0.0066,0.0015,1.3e-05,0.001,"smoking","F001"
"6115","cg20772037",-0.0039,9e-04,1.3e-05,0.001,"smoking","F001"
"6116","cg17710804",-0.007,0.0016,1.3e-05,0.001,"smoking","F001"
"6117","cg00666746",0.003,7e-04,1.3e-05,0.001,"smoking","F001"
"6118","cg20543544",0.0148,0.0034,1.3e-05,0.001,"smoking","F001"
"6119","cg27425314",0.0032,7e-04,1.3e-05,0.001,"smoking","F001"
"6120","cg25460807",-0.0143,0.0033,1.3e-05,0.001,"smoking","F001"
"6121","cg04037732",0.0095,0.0022,1.3e-05,0.001,"smoking","F001"
"6122","cg14914822",0.0029,7e-04,1.3e-05,0.001,"smoking","F001"
"6123","cg25677261",-0.0109,0.0025,1.3e-05,0.001,"smoking","F001"
"6124","cg26402169",-0.0145,0.0033,1.3e-05,0.001,"smoking","F001"
"6125","cg09678939",-0.0113,0.0026,1.3e-05,0.001,"smoking","F001"
"6126","cg24502904",-0.0103,0.0024,1.3e-05,0.001,"smoking","F001"
"6127","cg11511175",-0.011,0.0025,1.3e-05,0.001,"smoking","F001"
"6128","cg19509778",-0.0199,0.0046,1.3e-05,0.001,"smoking","F001"
"6129","cg20000342",0.004,9e-04,1.3e-05,0.001,"smoking","F001"
"6130","cg16886828",0.0055,0.0013,1.3e-05,0.001,"smoking","F001"
"6131","cg22452236",0.003,7e-04,1.3e-05,0.001,"smoking","F001"
"6132","cg03471150",0.0041,9e-04,1.3e-05,0.001,"smoking","F001"
"6133","cg16925459",-0.0109,0.0025,1.3e-05,0.001,"smoking","F001"
"6134","cg00246969",-0.0067,0.0015,1.3e-05,0.001,"smoking","F001"
"6135","cg03358592",0.0047,0.0011,1.3e-05,0.001,"smoking","F001"
"6136","cg03290748",0.0047,0.0011,1.3e-05,0.001,"smoking","F001"
"6137","cg16306706",-0.0091,0.0021,1.3e-05,0.001,"smoking","F001"
"6138","cg08802607",0.0071,0.0016,1.3e-05,0.001,"smoking","F001"
"6139","cg22575603",0.0037,9e-04,1.3e-05,0.001,"smoking","F001"
"6140","cg08667128",-0.0083,0.0019,1.3e-05,0.001,"smoking","F001"
"6141","cg18362538",0.0032,7e-04,1.3e-05,0.001,"smoking","F001"
"6142","cg23348010",-0.0077,0.0018,1.3e-05,0.001,"smoking","F001"
"6143","cg24483576",-0.004,9e-04,1.3e-05,0.001,"smoking","F001"
"6144","cg04597545",-0.0075,0.0017,1.3e-05,0.001,"smoking","F001"
"6145","cg15410236",-0.0036,8e-04,1.3e-05,0.0011,"smoking","F001"
"6146","cg17521665",-0.0085,0.002,1.3e-05,0.0011,"smoking","F001"
"6147","cg12741572",-0.0041,9e-04,1.3e-05,0.0011,"smoking","F001"
"6148","cg01188914",-0.0053,0.0012,1.3e-05,0.0011,"smoking","F001"
"6149","cg16183122",0.0029,7e-04,1.3e-05,0.0011,"smoking","F001"
"6150","cg13903421",0.0154,0.0035,1.3e-05,0.0011,"smoking","F001"
"6151","cg13335054",0.0031,7e-04,1.3e-05,0.0011,"smoking","F001"
"6152","cg03533561",-0.0033,8e-04,1.3e-05,0.0011,"smoking","F001"
"6153","cg27150870",-0.0059,0.0014,1.3e-05,0.0011,"smoking","F001"
"6154","cg13527203",-0.0035,8e-04,1.3e-05,0.0011,"smoking","F001"
"6155","cg13269964",-0.0058,0.0013,1.3e-05,0.0011,"smoking","F001"
"6156","cg12793610",-0.0086,0.002,1.3e-05,0.0011,"smoking","F001"
"6157","cg09314421",0.0016,4e-04,1.4e-05,0.0011,"smoking","F001"
"6158","cg14911856",-0.0065,0.0015,1.4e-05,0.0011,"smoking","F001"
"6159","cg05856556",-0.0033,8e-04,1.4e-05,0.0011,"smoking","F001"
"6160","cg02892367",-0.0043,0.001,1.4e-05,0.0011,"smoking","F001"
"6161","cg19970953",0.0024,5e-04,1.4e-05,0.0011,"smoking","F001"
"6162","cg20732076",-0.0063,0.0015,1.4e-05,0.0011,"smoking","F001"
"6163","cg06320380",0.0017,4e-04,1.4e-05,0.0011,"smoking","F001"
"6164","cg07466622",0.0039,9e-04,1.4e-05,0.0011,"smoking","F001"
"6165","cg25513635",0.0063,0.0014,1.4e-05,0.0011,"smoking","F001"
"6166","cg24226238",0.0032,7e-04,1.4e-05,0.0011,"smoking","F001"
"6167","cg03613649",-0.0065,0.0015,1.4e-05,0.0011,"smoking","F001"
"6168","cg19748684",-0.0021,5e-04,1.4e-05,0.0011,"smoking","F001"
"6169","cg03726357",-0.0083,0.0019,1.4e-05,0.0011,"smoking","F001"
"6170","cg05357209",-0.0062,0.0014,1.4e-05,0.0011,"smoking","F001"
"6171","cg20832320",-0.0054,0.0012,1.4e-05,0.0011,"smoking","F001"
"6172","cg21060085",0.0032,7e-04,1.4e-05,0.0011,"smoking","F001"
"6173","cg14269813",0.0056,0.0013,1.4e-05,0.0011,"smoking","F001"
"6174","cg18058048",0.0051,0.0012,1.4e-05,0.0011,"smoking","F001"
"6175","cg15554875",0.0024,6e-04,1.4e-05,0.0011,"smoking","F001"
"6176","cg24212517",-0.0047,0.0011,1.4e-05,0.0011,"smoking","F001"
"6177","cg14698339",-0.0045,0.001,1.4e-05,0.0011,"smoking","F001"
"6178","cg12268562",-0.007,0.0016,1.4e-05,0.0011,"smoking","F001"
"6179","cg12719836",0.0056,0.0013,1.4e-05,0.0011,"smoking","F001"
"6180","cg22032366",-0.003,7e-04,1.4e-05,0.0011,"smoking","F001"
"6181","cg20654074",0.0036,8e-04,1.4e-05,0.0011,"smoking","F001"
"6182","cg08289839",0.0065,0.0015,1.4e-05,0.0011,"smoking","F001"
"6183","cg04120578",-0.0046,0.0011,1.4e-05,0.0011,"smoking","F001"
"6184","cg27585939",0.0093,0.0021,1.4e-05,0.0011,"smoking","F001"
"6185","cg10963218",0.0031,7e-04,1.4e-05,0.0011,"smoking","F001"
"6186","cg09772154",0.0026,6e-04,1.4e-05,0.0011,"smoking","F001"
"6187","cg04686763",0.0047,0.0011,1.4e-05,0.0011,"smoking","F001"
"6188","cg05794931",-0.0126,0.0029,1.4e-05,0.0011,"smoking","F001"
"6189","cg02660643",-0.0034,8e-04,1.4e-05,0.0011,"smoking","F001"
"6190","cg25725843",0.0064,0.0015,1.4e-05,0.0011,"smoking","F001"
"6191","cg23325240",0.0039,9e-04,1.4e-05,0.0011,"smoking","F001"
"6192","cg13022121",0.002,5e-04,1.4e-05,0.0011,"smoking","F001"
"6193","cg00070899",-0.008,0.0018,1.4e-05,0.0011,"smoking","F001"
"6194","cg24714497",-0.0051,0.0012,1.4e-05,0.0011,"smoking","F001"
"6195","cg22033586",0.006,0.0014,1.4e-05,0.0011,"smoking","F001"
"6196","cg05236720",0.0101,0.0023,1.4e-05,0.0011,"smoking","F001"
"6197","cg27112972",0.0036,8e-04,1.4e-05,0.0011,"smoking","F001"
"6198","cg17416338",0.0032,7e-04,1.4e-05,0.0011,"smoking","F001"
"6199","cg13400493",-0.0033,8e-04,1.4e-05,0.0011,"smoking","F001"
"6200","cg16274890",0.0062,0.0014,1.4e-05,0.0011,"smoking","F001"
"6201","cg00883831",-0.0072,0.0017,1.4e-05,0.0011,"smoking","F001"
"6202","cg04737759",0.0038,9e-04,1.4e-05,0.0011,"smoking","F001"
"6203","cg01594685",-0.0058,0.0013,1.4e-05,0.0011,"smoking","F001"
"6204","cg27573991",-0.0312,0.0072,1.4e-05,0.0011,"smoking","F001"
"6205","cg12835118",0.0057,0.0013,1.4e-05,0.0011,"smoking","F001"
"6206","cg17465631",0.0035,8e-04,1.4e-05,0.0011,"smoking","F001"
"6207","cg18521743",-0.0132,0.003,1.4e-05,0.0011,"smoking","F001"
"6208","cg10836733",0.0043,0.001,1.4e-05,0.0011,"smoking","F001"
"6209","cg21281951",-0.0021,5e-04,1.4e-05,0.0011,"smoking","F001"
"6210","cg08790890",-0.0064,0.0015,1.4e-05,0.0011,"smoking","F001"
"6211","cg22650271",-0.0058,0.0013,1.4e-05,0.0011,"smoking","F001"
"6212","cg25749318",-0.0037,9e-04,1.4e-05,0.0011,"smoking","F001"
"6213","cg04983977",0.0072,0.0016,1.4e-05,0.0011,"smoking","F001"
"6214","cg24980413",0.0105,0.0024,1.4e-05,0.0011,"smoking","F001"
"6215","cg10989763",0.0038,9e-04,1.4e-05,0.0011,"smoking","F001"
"6216","cg00237010",-0.0055,0.0013,1.4e-05,0.0011,"smoking","F001"
"6217","cg12565126",0.0107,0.0025,1.4e-05,0.0011,"smoking","F001"
"6218","cg00094734",-0.0051,0.0012,1.4e-05,0.0011,"smoking","F001"
"6219","cg01426808",0.0069,0.0016,1.4e-05,0.0011,"smoking","F001"
"6220","cg00812761",0.0041,0.001,1.4e-05,0.0011,"smoking","F001"
"6221","cg27288614",0.0027,6e-04,1.4e-05,0.0011,"smoking","F001"
"6222","cg19478111",-0.0071,0.0016,1.4e-05,0.0011,"smoking","F001"
"6223","cg26596719",-0.0083,0.0019,1.4e-05,0.0011,"smoking","F001"
"6224","cg16064237",-0.0057,0.0013,1.4e-05,0.0011,"smoking","F001"
"6225","cg05142445",0.009,0.0021,1.4e-05,0.0011,"smoking","F001"
"6226","cg20756600",0.0015,3e-04,1.4e-05,0.0011,"smoking","F001"
"6227","cg07296256",0.0035,8e-04,1.4e-05,0.0011,"smoking","F001"
"6228","cg12064372",0.002,5e-04,1.4e-05,0.0011,"smoking","F001"
"6229","cg11683364",-0.0081,0.0019,1.4e-05,0.0011,"smoking","F001"
"6230","cg08548882",-0.0081,0.0019,1.4e-05,0.0011,"smoking","F001"
"6231","cg12332083",0.0067,0.0015,1.4e-05,0.0011,"smoking","F001"
"6232","cg12856708",-0.0059,0.0014,1.4e-05,0.0011,"smoking","F001"
"6233","cg23356505",-0.0028,7e-04,1.4e-05,0.0011,"smoking","F001"
"6234","cg04640972",0.0095,0.0022,1.4e-05,0.0011,"smoking","F001"
"6235","cg24041822",0.0031,7e-04,1.4e-05,0.0011,"smoking","F001"
"6236","cg13791254",0.005,0.0012,1.4e-05,0.0011,"smoking","F001"
"6237","cg16154332",0.0019,4e-04,1.4e-05,0.0011,"smoking","F001"
"6238","cg03026462",0.0032,7e-04,1.4e-05,0.0011,"smoking","F001"
"6239","cg00188055",0.0064,0.0015,1.5e-05,0.0011,"smoking","F001"
"6240","cg27209072",-0.0049,0.0011,1.5e-05,0.0011,"smoking","F001"
"6241","cg15212369",-0.0071,0.0016,1.5e-05,0.0011,"smoking","F001"
"6242","cg22512663",-0.0132,0.003,1.5e-05,0.0011,"smoking","F001"
"6243","cg00035937",-0.0076,0.0018,1.5e-05,0.0011,"smoking","F001"
"6244","cg13380109",-0.0057,0.0013,1.5e-05,0.0011,"smoking","F001"
"6245","cg04800503",-0.007,0.0016,1.5e-05,0.0011,"smoking","F001"
"6246","cg20619808",0.0064,0.0015,1.5e-05,0.0011,"smoking","F001"
"6247","cg19176553",-0.0055,0.0013,1.5e-05,0.0011,"smoking","F001"
"6248","cg01019770",0.0043,0.001,1.5e-05,0.0011,"smoking","F001"
"6249","cg03562528",-0.0037,8e-04,1.5e-05,0.0011,"smoking","F001"
"6250","cg07477034",-0.006,0.0014,1.5e-05,0.0011,"smoking","F001"
"6251","cg08848462",0.0052,0.0012,1.5e-05,0.0011,"smoking","F001"
"6252","cg20907456",0.0032,7e-04,1.5e-05,0.0011,"smoking","F001"
"6253","cg20995188",-0.0039,9e-04,1.5e-05,0.0011,"smoking","F001"
"6254","cg19672546",-0.0048,0.0011,1.5e-05,0.0011,"smoking","F001"
"6255","cg17233819",-0.0053,0.0012,1.5e-05,0.0011,"smoking","F001"
"6256","cg14759549",-0.003,7e-04,1.5e-05,0.0012,"smoking","F001"
"6257","cg09073799",-0.0099,0.0023,1.5e-05,0.0012,"smoking","F001"
"6258","cg07898949",0.0042,0.001,1.5e-05,0.0012,"smoking","F001"
"6259","cg19140548",-0.0024,6e-04,1.5e-05,0.0012,"smoking","F001"
"6260","cg24702341",0.0044,0.001,1.5e-05,0.0012,"smoking","F001"
"6261","cg03182596",0.0035,8e-04,1.5e-05,0.0012,"smoking","F001"
"6262","cg14123992",0.0031,7e-04,1.5e-05,0.0012,"smoking","F001"
"6263","cg20012537",-0.0045,0.001,1.5e-05,0.0012,"smoking","F001"
"6264","cg20994660",-0.0055,0.0013,1.5e-05,0.0012,"smoking","F001"
"6265","cg17779658",-0.0073,0.0017,1.5e-05,0.0012,"smoking","F001"
"6266","cg22266009",-0.0029,7e-04,1.5e-05,0.0012,"smoking","F001"
"6267","cg21003380",0.0046,0.0011,1.5e-05,0.0012,"smoking","F001"
"6268","cg22747746",0.003,7e-04,1.5e-05,0.0012,"smoking","F001"
"6269","cg25112191",-0.0045,0.001,1.5e-05,0.0012,"smoking","F001"
"6270","cg17178468",-0.0087,0.002,1.5e-05,0.0012,"smoking","F001"
"6271","cg24201362",-0.0031,7e-04,1.5e-05,0.0012,"smoking","F001"
"6272","cg24766030",-0.0042,0.001,1.5e-05,0.0012,"smoking","F001"
"6273","cg08818207",-0.0086,0.002,1.5e-05,0.0012,"smoking","F001"
"6274","cg12817782",0.0026,6e-04,1.5e-05,0.0012,"smoking","F001"
"6275","cg13248299",0.0019,4e-04,1.5e-05,0.0012,"smoking","F001"
"6276","cg10633827",-0.0053,0.0012,1.5e-05,0.0012,"smoking","F001"
"6277","cg06884254",0.0059,0.0014,1.5e-05,0.0012,"smoking","F001"
"6278","cg00179921",-0.0068,0.0016,1.5e-05,0.0012,"smoking","F001"
"6279","cg09667394",0.008,0.0019,1.5e-05,0.0012,"smoking","F001"
"6280","cg14164839",0.008,0.0019,1.5e-05,0.0012,"smoking","F001"
"6281","cg12814335",0.0077,0.0018,1.5e-05,0.0012,"smoking","F001"
"6282","cg21565496",-0.0101,0.0023,1.5e-05,0.0012,"smoking","F001"
"6283","cg26801014",0.0041,0.001,1.5e-05,0.0012,"smoking","F001"
"6284","cg10737118",0.0029,7e-04,1.5e-05,0.0012,"smoking","F001"
"6285","cg03228773",-0.0036,8e-04,1.5e-05,0.0012,"smoking","F001"
"6286","cg05007163",-0.0044,0.001,1.5e-05,0.0012,"smoking","F001"
"6287","cg17474524",-0.006,0.0014,1.5e-05,0.0012,"smoking","F001"
"6288","cg07201717",0.0037,9e-04,1.5e-05,0.0012,"smoking","F001"
"6289","cg09026722",-0.002,5e-04,1.5e-05,0.0012,"smoking","F001"
"6290","cg09587957",-0.0057,0.0013,1.5e-05,0.0012,"smoking","F001"
"6291","cg17883458",0.0022,5e-04,1.5e-05,0.0012,"smoking","F001"
"6292","cg01288337",0.0063,0.0015,1.5e-05,0.0012,"smoking","F001"
"6293","cg18704979",-0.0052,0.0012,1.6e-05,0.0012,"smoking","F001"
"6294","cg12027254",0.0093,0.0021,1.6e-05,0.0012,"smoking","F001"
"6295","cg10602282",0.0032,7e-04,1.6e-05,0.0012,"smoking","F001"
"6296","cg17812664",-0.0099,0.0023,1.6e-05,0.0012,"smoking","F001"
"6297","cg24374013",-0.0046,0.0011,1.6e-05,0.0012,"smoking","F001"
"6298","cg16836311",-0.0151,0.0035,1.6e-05,0.0012,"smoking","F001"
"6299","cg27232145",0.0038,9e-04,1.6e-05,0.0012,"smoking","F001"
"6300","cg14015211",-0.0016,4e-04,1.6e-05,0.0012,"smoking","F001"
"6301","cg10133725",0.0076,0.0018,1.6e-05,0.0012,"smoking","F001"
"6302","cg20752683",0.0024,6e-04,1.6e-05,0.0012,"smoking","F001"
"6303","cg07802362",0.0042,0.001,1.6e-05,0.0012,"smoking","F001"
"6304","cg16031065",-0.0103,0.0024,1.6e-05,0.0012,"smoking","F001"
"6305","cg17742559",0.0041,9e-04,1.6e-05,0.0012,"smoking","F001"
"6306","cg07465899",0.0038,9e-04,1.6e-05,0.0012,"smoking","F001"
"6307","cg09023136",0.0027,6e-04,1.6e-05,0.0012,"smoking","F001"
"6308","cg14824670",-0.0057,0.0013,1.6e-05,0.0012,"smoking","F001"
"6309","cg07891911",-0.0069,0.0016,1.6e-05,0.0012,"smoking","F001"
"6310","cg26796095",-0.0038,9e-04,1.6e-05,0.0012,"smoking","F001"
"6311","cg12463578",-0.0128,0.003,1.6e-05,0.0012,"smoking","F001"
"6312","cg05525649",-0.0064,0.0015,1.6e-05,0.0012,"smoking","F001"
"6313","cg12795893",-0.0087,0.002,1.6e-05,0.0012,"smoking","F001"
"6314","cg07195577",-0.0069,0.0016,1.6e-05,0.0012,"smoking","F001"
"6315","cg06639332",0.0023,5e-04,1.6e-05,0.0012,"smoking","F001"
"6316","cg12573289",-0.0035,8e-04,1.6e-05,0.0012,"smoking","F001"
"6317","cg15952963",0.0016,4e-04,1.6e-05,0.0012,"smoking","F001"
"6318","cg26832142",0.0024,6e-04,1.6e-05,0.0012,"smoking","F001"
"6319","cg22828383",0.0051,0.0012,1.6e-05,0.0012,"smoking","F001"
"6320","cg08352148",-0.0048,0.0011,1.6e-05,0.0012,"smoking","F001"
"6321","cg26648185",-0.0047,0.0011,1.6e-05,0.0012,"smoking","F001"
"6322","cg19432362",0.009,0.0021,1.6e-05,0.0012,"smoking","F001"
"6323","cg01426818",-0.0097,0.0022,1.6e-05,0.0012,"smoking","F001"
"6324","cg24852565",0.0061,0.0014,1.6e-05,0.0012,"smoking","F001"
"6325","cg08076018",0.0053,0.0012,1.6e-05,0.0012,"smoking","F001"
"6326","cg12232118",-0.0048,0.0011,1.6e-05,0.0012,"smoking","F001"
"6327","cg04759756",-0.0051,0.0012,1.6e-05,0.0012,"smoking","F001"
"6328","cg23206873",0.0034,8e-04,1.6e-05,0.0012,"smoking","F001"
"6329","cg18295744",-0.0071,0.0016,1.6e-05,0.0012,"smoking","F001"
"6330","cg22302772",-0.0046,0.0011,1.6e-05,0.0012,"smoking","F001"
"6331","cg14330585",0.0093,0.0022,1.6e-05,0.0012,"smoking","F001"
"6332","cg12974394",-0.0069,0.0016,1.6e-05,0.0012,"smoking","F001"
"6333","cg13299325",-0.008,0.0019,1.6e-05,0.0013,"smoking","F001"
"6334","cg17944885",0.0052,0.0012,1.6e-05,0.0013,"smoking","F001"
"6335","cg21186955",0.0084,0.002,1.6e-05,0.0013,"smoking","F001"
"6336","cg05410934",-0.0018,4e-04,1.6e-05,0.0013,"smoking","F001"
"6337","cg06538684",-0.0087,0.002,1.6e-05,0.0013,"smoking","F001"
"6338","cg01357116",-0.0036,8e-04,1.6e-05,0.0013,"smoking","F001"
"6339","cg09820519",0.004,9e-04,1.6e-05,0.0013,"smoking","F001"
"6340","cg07422880",-0.0059,0.0014,1.6e-05,0.0013,"smoking","F001"
"6341","cg22670759",0.01,0.0023,1.7e-05,0.0013,"smoking","F001"
"6342","cg22079747",-0.0051,0.0012,1.7e-05,0.0013,"smoking","F001"
"6343","cg03835987",0.0046,0.0011,1.7e-05,0.0013,"smoking","F001"
"6344","cg24718367",-0.0049,0.0011,1.7e-05,0.0013,"smoking","F001"
"6345","cg04574090",0.0032,7e-04,1.7e-05,0.0013,"smoking","F001"
"6346","cg07955474",-0.0107,0.0025,1.7e-05,0.0013,"smoking","F001"
"6347","cg20160197",0.0047,0.0011,1.7e-05,0.0013,"smoking","F001"
"6348","cg26018382",-0.0074,0.0017,1.7e-05,0.0013,"smoking","F001"
"6349","cg21221455",0.002,5e-04,1.7e-05,0.0013,"smoking","F001"
"6350","cg20686125",0.0038,9e-04,1.7e-05,0.0013,"smoking","F001"
"6351","cg08909802",-0.0049,0.0011,1.7e-05,0.0013,"smoking","F001"
"6352","cg20343063",-0.0064,0.0015,1.7e-05,0.0013,"smoking","F001"
"6353","cg03449414",0.0036,8e-04,1.7e-05,0.0013,"smoking","F001"
"6354","cg09692695",-0.007,0.0016,1.7e-05,0.0013,"smoking","F001"
"6355","cg03619472",-0.0062,0.0014,1.7e-05,0.0013,"smoking","F001"
"6356","cg13877574",0.0043,0.001,1.7e-05,0.0013,"smoking","F001"
"6357","cg14990643",-0.0052,0.0012,1.7e-05,0.0013,"smoking","F001"
"6358","cg19670883",0.0056,0.0013,1.7e-05,0.0013,"smoking","F001"
"6359","cg25057743",0.0031,7e-04,1.7e-05,0.0013,"smoking","F001"
"6360","cg15482872",0.0024,6e-04,1.7e-05,0.0013,"smoking","F001"
"6361","cg21792737",0.0057,0.0013,1.7e-05,0.0013,"smoking","F001"
"6362","cg17150898",-0.0053,0.0012,1.7e-05,0.0013,"smoking","F001"
"6363","cg22768358",0.0051,0.0012,1.7e-05,0.0013,"smoking","F001"
"6364","cg11949335",-0.0039,9e-04,1.7e-05,0.0013,"smoking","F001"
"6365","cg06398251",-0.0067,0.0016,1.7e-05,0.0013,"smoking","F001"
"6366","cg18013356",-0.0078,0.0018,1.7e-05,0.0013,"smoking","F001"
"6367","cg17034959",0.0052,0.0012,1.7e-05,0.0013,"smoking","F001"
"6368","cg10694914",-0.0079,0.0018,1.7e-05,0.0013,"smoking","F001"
"6369","cg19235307",-0.0082,0.0019,1.7e-05,0.0013,"smoking","F001"
"6370","cg13721397",0.007,0.0016,1.7e-05,0.0013,"smoking","F001"
"6371","cg03227184",0.0016,4e-04,1.7e-05,0.0013,"smoking","F001"
"6372","cg17290213",-0.0053,0.0012,1.7e-05,0.0013,"smoking","F001"
"6373","cg14191688",0.0067,0.0016,1.7e-05,0.0013,"smoking","F001"
"6374","cg14871870",-0.0037,9e-04,1.7e-05,0.0013,"smoking","F001"
"6375","cg03176996",-0.01,0.0023,1.7e-05,0.0013,"smoking","F001"
"6376","cg05957749",0.0054,0.0013,1.7e-05,0.0013,"smoking","F001"
"6377","cg18904855",-0.0033,8e-04,1.7e-05,0.0013,"smoking","F001"
"6378","cg14527110",0.0053,0.0012,1.7e-05,0.0013,"smoking","F001"
"6379","cg12117227",-0.0034,8e-04,1.7e-05,0.0013,"smoking","F001"
"6380","cg16611352",0.0041,9e-04,1.7e-05,0.0013,"smoking","F001"
"6381","cg18887230",-0.008,0.0019,1.7e-05,0.0013,"smoking","F001"
"6382","cg08577727",-0.0056,0.0013,1.7e-05,0.0013,"smoking","F001"
"6383","cg05818515",0.0058,0.0013,1.7e-05,0.0013,"smoking","F001"
"6384","cg10694152",0.0032,7e-04,1.7e-05,0.0013,"smoking","F001"
"6385","cg16659510",-0.0046,0.0011,1.7e-05,0.0013,"smoking","F001"
"6386","cg22660196",-0.0033,8e-04,1.7e-05,0.0013,"smoking","F001"
"6387","cg27509105",-0.0041,9e-04,1.7e-05,0.0013,"smoking","F001"
"6388","cg04875514",0.0061,0.0014,1.7e-05,0.0013,"smoking","F001"
"6389","cg15758702",-0.0086,0.002,1.7e-05,0.0013,"smoking","F001"
"6390","cg23390619",-0.0081,0.0019,1.7e-05,0.0013,"smoking","F001"
"6391","cg14701867",-0.0058,0.0014,1.7e-05,0.0013,"smoking","F001"
"6392","cg14145074",-0.0068,0.0016,1.7e-05,0.0013,"smoking","F001"
"6393","cg15589354",-0.0066,0.0015,1.7e-05,0.0013,"smoking","F001"
"6394","cg03994942",-0.0047,0.0011,1.7e-05,0.0013,"smoking","F001"
"6395","cg26234900",-0.0034,8e-04,1.7e-05,0.0013,"smoking","F001"
"6396","cg00718036",-0.0064,0.0015,1.8e-05,0.0013,"smoking","F001"
"6397","cg14999189",-0.0035,8e-04,1.8e-05,0.0013,"smoking","F001"
"6398","cg11124652",0.0071,0.0016,1.8e-05,0.0013,"smoking","F001"
"6399","cg14176088",-0.0069,0.0016,1.8e-05,0.0013,"smoking","F001"
"6400","cg14625581",-0.0085,0.002,1.8e-05,0.0013,"smoking","F001"
"6401","cg12686847",-0.0034,8e-04,1.8e-05,0.0013,"smoking","F001"
"6402","cg13015710",0.0044,0.001,1.8e-05,0.0013,"smoking","F001"
"6403","cg14159342",-0.0099,0.0023,1.8e-05,0.0013,"smoking","F001"
"6404","cg14987431",-0.0029,7e-04,1.8e-05,0.0013,"smoking","F001"
"6405","cg02902946",-0.0075,0.0018,1.8e-05,0.0013,"smoking","F001"
"6406","cg04897713",-0.004,9e-04,1.8e-05,0.0013,"smoking","F001"
"6407","cg02792780",0.0038,9e-04,1.8e-05,0.0013,"smoking","F001"
"6408","cg23474890",0.0139,0.0032,1.8e-05,0.0013,"smoking","F001"
"6409","cg13201172",0.0053,0.0012,1.8e-05,0.0013,"smoking","F001"
"6410","cg18362281",-0.0083,0.0019,1.8e-05,0.0013,"smoking","F001"
"6411","cg26711333",0.0039,9e-04,1.8e-05,0.0013,"smoking","F001"
"6412","cg21251475",0.0035,8e-04,1.8e-05,0.0013,"smoking","F001"
"6413","cg23510258",0.0098,0.0023,1.8e-05,0.0013,"smoking","F001"
"6414","cg04460609",-0.0079,0.0018,1.8e-05,0.0013,"smoking","F001"
"6415","cg04545296",0.0045,0.0011,1.8e-05,0.0013,"smoking","F001"
"6416","cg00729885",-0.0111,0.0026,1.8e-05,0.0013,"smoking","F001"
"6417","cg26796341",-0.0047,0.0011,1.8e-05,0.0013,"smoking","F001"
"6418","cg17162797",0.0028,6e-04,1.8e-05,0.0013,"smoking","F001"
"6419","cg09358973",-0.0127,0.003,1.8e-05,0.0013,"smoking","F001"
"6420","cg07183799",-0.0101,0.0024,1.8e-05,0.0013,"smoking","F001"
"6421","cg26131026",0.0039,9e-04,1.8e-05,0.0013,"smoking","F001"
"6422","cg22466678",-0.0076,0.0018,1.8e-05,0.0013,"smoking","F001"
"6423","cg08969532",0.0031,7e-04,1.8e-05,0.0013,"smoking","F001"
"6424","cg14509967",-0.0123,0.0029,1.8e-05,0.0014,"smoking","F001"
"6425","cg01717524",-0.005,0.0012,1.8e-05,0.0014,"smoking","F001"
"6426","cg20417351",0.0048,0.0011,1.8e-05,0.0014,"smoking","F001"
"6427","cg26878947",0.0064,0.0015,1.8e-05,0.0014,"smoking","F001"
"6428","cg17240987",-0.0018,4e-04,1.8e-05,0.0014,"smoking","F001"
"6429","cg23323669",-0.0069,0.0016,1.8e-05,0.0014,"smoking","F001"
"6430","cg04078896",-0.0051,0.0012,1.8e-05,0.0014,"smoking","F001"
"6431","cg24319902",0.0049,0.0011,1.8e-05,0.0014,"smoking","F001"
"6432","cg14036479",0.0022,5e-04,1.8e-05,0.0014,"smoking","F001"
"6433","cg08751508",0.0041,0.001,1.8e-05,0.0014,"smoking","F001"
"6434","cg24697460",0.0091,0.0021,1.8e-05,0.0014,"smoking","F001"
"6435","cg12759909",-0.0038,9e-04,1.8e-05,0.0014,"smoking","F001"
"6436","cg03186986",0.0025,6e-04,1.8e-05,0.0014,"smoking","F001"
"6437","cg06779856",0.0087,0.002,1.8e-05,0.0014,"smoking","F001"
"6438","cg02810967",-0.014,0.0033,1.8e-05,0.0014,"smoking","F001"
"6439","cg19120389",-0.0014,3e-04,1.8e-05,0.0014,"smoking","F001"
"6440","cg01422017",0.0037,9e-04,1.8e-05,0.0014,"smoking","F001"
"6441","cg27320734",-0.0039,9e-04,1.8e-05,0.0014,"smoking","F001"
"6442","cg24361265",-0.0186,0.0043,1.8e-05,0.0014,"smoking","F001"
"6443","cg10498429",-0.0036,8e-04,1.8e-05,0.0014,"smoking","F001"
"6444","cg13187188",0.0037,9e-04,1.8e-05,0.0014,"smoking","F001"
"6445","cg26849331",0.0034,8e-04,1.8e-05,0.0014,"smoking","F001"
"6446","cg05308645",-0.0069,0.0016,1.8e-05,0.0014,"smoking","F001"
"6447","cg18091385",0.0044,0.001,1.8e-05,0.0014,"smoking","F001"
"6448","cg24795825",-0.0119,0.0028,1.8e-05,0.0014,"smoking","F001"
"6449","cg05254511",-0.0033,8e-04,1.8e-05,0.0014,"smoking","F001"
"6450","cg10150824",0.0075,0.0018,1.8e-05,0.0014,"smoking","F001"
"6451","cg13618045",-0.0016,4e-04,1.8e-05,0.0014,"smoking","F001"
"6452","cg02135245",0.0026,6e-04,1.8e-05,0.0014,"smoking","F001"
"6453","cg26724841",0.0039,9e-04,1.8e-05,0.0014,"smoking","F001"
"6454","cg05265359",-0.0074,0.0017,1.8e-05,0.0014,"smoking","F001"
"6455","cg12788037",0.0027,6e-04,1.8e-05,0.0014,"smoking","F001"
"6456","cg03129384",0.0059,0.0014,1.8e-05,0.0014,"smoking","F001"
"6457","cg23424933",-0.006,0.0014,1.8e-05,0.0014,"smoking","F001"
"6458","cg14483162",0.0067,0.0016,1.9e-05,0.0014,"smoking","F001"
"6459","cg01266338",0.0021,5e-04,1.9e-05,0.0014,"smoking","F001"
"6460","cg04496906",-0.0051,0.0012,1.9e-05,0.0014,"smoking","F001"
"6461","cg11919694",-0.004,9e-04,1.9e-05,0.0014,"smoking","F001"
"6462","cg02115781",-0.0057,0.0013,1.9e-05,0.0014,"smoking","F001"
"6463","cg24818562",-0.0052,0.0012,1.9e-05,0.0014,"smoking","F001"
"6464","cg13455960",0.0059,0.0014,1.9e-05,0.0014,"smoking","F001"
"6465","cg00996847",-0.0056,0.0013,1.9e-05,0.0014,"smoking","F001"
"6466","cg01530283",-0.01,0.0023,1.9e-05,0.0014,"smoking","F001"
"6467","cg08861404",0.0053,0.0012,1.9e-05,0.0014,"smoking","F001"
"6468","cg10466421",-0.0051,0.0012,1.9e-05,0.0014,"smoking","F001"
"6469","cg07809027",-0.01,0.0023,1.9e-05,0.0014,"smoking","F001"
"6470","cg22222644",0.005,0.0012,1.9e-05,0.0014,"smoking","F001"
"6471","cg13543355",0.0042,0.001,1.9e-05,0.0014,"smoking","F001"
"6472","cg13621396",-0.0042,0.001,1.9e-05,0.0014,"smoking","F001"
"6473","cg23220823",-0.016,0.0037,1.9e-05,0.0014,"smoking","F001"
"6474","cg26517714",0.0031,7e-04,1.9e-05,0.0014,"smoking","F001"
"6475","cg18346576",-0.006,0.0014,1.9e-05,0.0014,"smoking","F001"
"6476","cg24046125",-0.0023,5e-04,1.9e-05,0.0014,"smoking","F001"
"6477","cg18745131",0.0031,7e-04,1.9e-05,0.0014,"smoking","F001"
"6478","cg05303280",0.0047,0.0011,1.9e-05,0.0014,"smoking","F001"
"6479","cg27205688",-0.0018,4e-04,1.9e-05,0.0014,"smoking","F001"
"6480","cg24772525",-0.0035,8e-04,1.9e-05,0.0014,"smoking","F001"
"6481","cg04176246",0.0034,8e-04,1.9e-05,0.0014,"smoking","F001"
"6482","cg05798429",-0.0053,0.0012,1.9e-05,0.0014,"smoking","F001"
"6483","cg15436551",0.0023,5e-04,1.9e-05,0.0014,"smoking","F001"
"6484","cg13956645",-0.0025,6e-04,1.9e-05,0.0014,"smoking","F001"
"6485","cg04857672",0.0059,0.0014,1.9e-05,0.0014,"smoking","F001"
"6486","cg07005444",0.0041,0.001,1.9e-05,0.0014,"smoking","F001"
"6487","cg05525812",-0.0069,0.0016,1.9e-05,0.0014,"smoking","F001"
"6488","cg26972389",0.0065,0.0015,1.9e-05,0.0014,"smoking","F001"
"6489","cg14770958",0.004,9e-04,1.9e-05,0.0014,"smoking","F001"
"6490","cg13422817",0.0047,0.0011,1.9e-05,0.0014,"smoking","F001"
"6491","cg16303562",0.0109,0.0026,1.9e-05,0.0014,"smoking","F001"
"6492","cg03437912",-0.0048,0.0011,1.9e-05,0.0014,"smoking","F001"
"6493","cg07122905",0.0047,0.0011,1.9e-05,0.0014,"smoking","F001"
"6494","cg24847046",-0.005,0.0012,1.9e-05,0.0014,"smoking","F001"
"6495","cg00099519",-0.0027,6e-04,1.9e-05,0.0014,"smoking","F001"
"6496","cg19483007",-0.0129,0.003,1.9e-05,0.0014,"smoking","F001"
"6497","cg14209784",-0.0101,0.0024,1.9e-05,0.0014,"smoking","F001"
"6498","cg20646544",0.0016,4e-04,1.9e-05,0.0014,"smoking","F001"
"6499","cg00865973",0.0089,0.0021,1.9e-05,0.0014,"smoking","F001"
"6500","cg21872782",-0.0035,8e-04,1.9e-05,0.0014,"smoking","F001"
"6501","cg11454936",0.0077,0.0018,1.9e-05,0.0014,"smoking","F001"
"6502","cg22637865",0.0065,0.0015,1.9e-05,0.0014,"smoking","F001"
"6503","cg00443981",-0.0079,0.0019,1.9e-05,0.0014,"smoking","F001"
"6504","cg22674717",0.0021,5e-04,1.9e-05,0.0014,"smoking","F001"
"6505","cg10184289",-0.0132,0.0031,1.9e-05,0.0014,"smoking","F001"
"6506","cg25334928",-0.0091,0.0021,1.9e-05,0.0014,"smoking","F001"
"6507","cg05616999",0.0032,7e-04,2e-05,0.0014,"smoking","F001"
"6508","cg08895056",0.0057,0.0013,2e-05,0.0014,"smoking","F001"
"6509","cg18926409",0.0095,0.0022,2e-05,0.0014,"smoking","F001"
"6510","cg01814191",0.0059,0.0014,2e-05,0.0014,"smoking","F001"
"6511","cg25812095",-0.0075,0.0018,2e-05,0.0014,"smoking","F001"
"6512","cg11882607",0.0077,0.0018,2e-05,0.0015,"smoking","F001"
"6513","cg02745045",-0.0066,0.0015,2e-05,0.0015,"smoking","F001"
"6514","cg00464046",-0.0081,0.0019,2e-05,0.0015,"smoking","F001"
"6515","cg24379742",-0.0042,0.001,2e-05,0.0015,"smoking","F001"
"6516","cg17910564",-0.0045,0.0011,2e-05,0.0015,"smoking","F001"
"6517","cg08486903",-0.0051,0.0012,2e-05,0.0015,"smoking","F001"
"6518","cg19497517",-0.0059,0.0014,2e-05,0.0015,"smoking","F001"
"6519","cg25974380",0.0044,0.001,2e-05,0.0015,"smoking","F001"
"6520","cg11351908",-0.0082,0.0019,2e-05,0.0015,"smoking","F001"
"6521","cg16153042",0.0046,0.0011,2e-05,0.0015,"smoking","F001"
"6522","cg05266212",0.0048,0.0011,2e-05,0.0015,"smoking","F001"
"6523","cg08352530",0.0032,7e-04,2e-05,0.0015,"smoking","F001"
"6524","cg08207895",-0.007,0.0016,2e-05,0.0015,"smoking","F001"
"6525","cg04584103",0.006,0.0014,2e-05,0.0015,"smoking","F001"
"6526","cg02417408",-0.0052,0.0012,2e-05,0.0015,"smoking","F001"
"6527","cg22896354",0.0033,8e-04,2e-05,0.0015,"smoking","F001"
"6528","cg06716182",0.0154,0.0036,2e-05,0.0015,"smoking","F001"
"6529","cg22367631",-0.0029,7e-04,2e-05,0.0015,"smoking","F001"
"6530","cg24418941",-0.0036,8e-04,2e-05,0.0015,"smoking","F001"
"6531","cg17766468",-0.0021,5e-04,2e-05,0.0015,"smoking","F001"
"6532","cg08698718",0.0025,6e-04,2e-05,0.0015,"smoking","F001"
"6533","cg19907483",-0.0026,6e-04,2e-05,0.0015,"smoking","F001"
"6534","cg10866062",-0.0055,0.0013,2e-05,0.0015,"smoking","F001"
"6535","cg01385679",-0.0087,0.002,2e-05,0.0015,"smoking","F001"
"6536","cg14373988",-0.004,9e-04,2e-05,0.0015,"smoking","F001"
"6537","cg12804791",0.009,0.0021,2e-05,0.0015,"smoking","F001"
"6538","cg16105687",0.0052,0.0012,2e-05,0.0015,"smoking","F001"
"6539","cg24522654",-0.0049,0.0012,2e-05,0.0015,"smoking","F001"
"6540","cg06619077",-0.0088,0.0021,2e-05,0.0015,"smoking","F001"
"6541","cg11006995",0.0028,6e-04,2e-05,0.0015,"smoking","F001"
"6542","cg15161854",-0.0057,0.0013,2e-05,0.0015,"smoking","F001"
"6543","cg17804348",-0.0127,0.003,2e-05,0.0015,"smoking","F001"
"6544","cg24404329",0.0037,9e-04,2e-05,0.0015,"smoking","F001"
"6545","cg05154698",0.0015,3e-04,2e-05,0.0015,"smoking","F001"
"6546","cg13301003",0.0092,0.0022,2e-05,0.0015,"smoking","F001"
"6547","cg16021896",0.0044,0.001,2e-05,0.0015,"smoking","F001"
"6548","cg18561976",-0.0206,0.0048,2e-05,0.0015,"smoking","F001"
"6549","cg17108064",0.0063,0.0015,2e-05,0.0015,"smoking","F001"
"6550","cg24541550",-0.0038,9e-04,2e-05,0.0015,"smoking","F001"
"6551","cg07839627",-0.0044,0.001,2e-05,0.0015,"smoking","F001"
"6552","cg03879902",-0.0042,0.001,2e-05,0.0015,"smoking","F001"
"6553","cg20375342",0.0023,5e-04,2e-05,0.0015,"smoking","F001"
"6554","cg15558882",0.0028,7e-04,2.1e-05,0.0015,"smoking","F001"
"6555","cg05783854",0.0035,8e-04,2.1e-05,0.0015,"smoking","F001"
"6556","cg09443360",0.0061,0.0014,2.1e-05,0.0015,"smoking","F001"
"6557","cg25298161",0.0041,0.001,2.1e-05,0.0015,"smoking","F001"
"6558","cg00213123",-0.0051,0.0012,2.1e-05,0.0015,"smoking","F001"
"6559","cg04494750",-0.0018,4e-04,2.1e-05,0.0015,"smoking","F001"
"6560","cg13993914",0.004,9e-04,2.1e-05,0.0015,"smoking","F001"
"6561","cg09191173",-0.0073,0.0017,2.1e-05,0.0015,"smoking","F001"
"6562","cg07631309",-0.0074,0.0017,2.1e-05,0.0015,"smoking","F001"
"6563","cg22021597",0.0038,9e-04,2.1e-05,0.0015,"smoking","F001"
"6564","cg01358620",-0.0039,9e-04,2.1e-05,0.0015,"smoking","F001"
"6565","cg09109520",0.0132,0.0031,2.1e-05,0.0015,"smoking","F001"
"6566","cg00384539",0.0043,0.001,2.1e-05,0.0015,"smoking","F001"
"6567","cg11693709",0.0109,0.0026,2.1e-05,0.0015,"smoking","F001"
"6568","cg15089806",-0.0069,0.0016,2.1e-05,0.0015,"smoking","F001"
"6569","cg25302957",0.004,9e-04,2.1e-05,0.0015,"smoking","F001"
"6570","cg01286191",-0.0029,7e-04,2.1e-05,0.0015,"smoking","F001"
"6571","cg13523245",-0.0064,0.0015,2.1e-05,0.0015,"smoking","F001"
"6572","cg27113347",0.0053,0.0012,2.1e-05,0.0015,"smoking","F001"
"6573","cg03015498",-0.0072,0.0017,2.1e-05,0.0015,"smoking","F001"
"6574","cg07247610",-0.0068,0.0016,2.1e-05,0.0015,"smoking","F001"
"6575","cg18655918",-0.0094,0.0022,2.1e-05,0.0015,"smoking","F001"
"6576","cg11945474",0.0056,0.0013,2.1e-05,0.0015,"smoking","F001"
"6577","cg23913941",-0.0018,4e-04,2.1e-05,0.0015,"smoking","F001"
"6578","cg14290170",0.0051,0.0012,2.1e-05,0.0015,"smoking","F001"
"6579","cg08402433",0.0039,9e-04,2.1e-05,0.0015,"smoking","F001"
"6580","cg01148741",-0.0058,0.0014,2.1e-05,0.0015,"smoking","F001"
"6581","cg03956353",0.0033,8e-04,2.1e-05,0.0015,"smoking","F001"
"6582","cg03708694",-0.0076,0.0018,2.1e-05,0.0015,"smoking","F001"
"6583","cg22891619",0.0031,7e-04,2.1e-05,0.0015,"smoking","F001"
"6584","cg16662477",0.0068,0.0016,2.1e-05,0.0015,"smoking","F001"
"6585","cg17471102",0.0046,0.0011,2.1e-05,0.0015,"smoking","F001"
"6586","cg11285998",-0.005,0.0012,2.1e-05,0.0015,"smoking","F001"
"6587","cg04626878",-0.0024,6e-04,2.1e-05,0.0015,"smoking","F001"
"6588","cg24024660",0.0082,0.0019,2.1e-05,0.0015,"smoking","F001"
"6589","cg21005412",0.0055,0.0013,2.1e-05,0.0015,"smoking","F001"
"6590","cg15677364",-0.0085,0.002,2.1e-05,0.0015,"smoking","F001"
"6591","cg19576556",-0.0051,0.0012,2.1e-05,0.0015,"smoking","F001"
"6592","cg02558026",-0.0027,6e-04,2.1e-05,0.0015,"smoking","F001"
"6593","cg10672726",-0.0035,8e-04,2.1e-05,0.0015,"smoking","F001"
"6594","cg22946150",0.0035,8e-04,2.1e-05,0.0015,"smoking","F001"
"6595","cg07691146",-0.0085,0.002,2.1e-05,0.0015,"smoking","F001"
"6596","cg17630392",0.0038,9e-04,2.1e-05,0.0015,"smoking","F001"
"6597","cg27079118",0.0023,5e-04,2.1e-05,0.0015,"smoking","F001"
"6598","cg00569418",-0.0033,8e-04,2.1e-05,0.0015,"smoking","F001"
"6599","cg27366280",-0.0033,8e-04,2.1e-05,0.0015,"smoking","F001"
"6600","cg17745339",0.0097,0.0023,2.1e-05,0.0015,"smoking","F001"
"6601","cg26126806",0.0046,0.0011,2.1e-05,0.0015,"smoking","F001"
"6602","cg02275418",-0.006,0.0014,2.1e-05,0.0016,"smoking","F001"
"6603","cg12458003",0.0076,0.0018,2.1e-05,0.0016,"smoking","F001"
"6604","cg10978355",0.0069,0.0016,2.1e-05,0.0016,"smoking","F001"
"6605","cg20168230",0.0041,0.001,2.1e-05,0.0016,"smoking","F001"
"6606","cg00691729",-0.0052,0.0012,2.1e-05,0.0016,"smoking","F001"
"6607","cg17412351",-0.0073,0.0017,2.2e-05,0.0016,"smoking","F001"
"6608","cg17865555",-0.011,0.0026,2.2e-05,0.0016,"smoking","F001"
"6609","cg08224569",-0.0103,0.0024,2.2e-05,0.0016,"smoking","F001"
"6610","cg15239190",0.0039,9e-04,2.2e-05,0.0016,"smoking","F001"
"6611","cg18322510",-0.0121,0.0029,2.2e-05,0.0016,"smoking","F001"
"6612","cg06891043",-0.007,0.0016,2.2e-05,0.0016,"smoking","F001"
"6613","cg20157339",-0.0058,0.0014,2.2e-05,0.0016,"smoking","F001"
"6614","cg02049979",-0.0059,0.0014,2.2e-05,0.0016,"smoking","F001"
"6615","cg23076537",-0.0044,0.001,2.2e-05,0.0016,"smoking","F001"
"6616","cg13064062",0.0043,0.001,2.2e-05,0.0016,"smoking","F001"
"6617","cg14920061",-0.0061,0.0014,2.2e-05,0.0016,"smoking","F001"
"6618","cg25482146",-0.0049,0.0012,2.2e-05,0.0016,"smoking","F001"
"6619","cg18151487",-0.0066,0.0016,2.2e-05,0.0016,"smoking","F001"
"6620","cg10720997",0.0046,0.0011,2.2e-05,0.0016,"smoking","F001"
"6621","cg13443592",0.0039,9e-04,2.2e-05,0.0016,"smoking","F001"
"6622","cg15096085",0.0037,9e-04,2.2e-05,0.0016,"smoking","F001"
"6623","cg05970021",-0.0039,9e-04,2.2e-05,0.0016,"smoking","F001"
"6624","cg06508005",-0.0064,0.0015,2.2e-05,0.0016,"smoking","F001"
"6625","cg18188717",0.0054,0.0013,2.2e-05,0.0016,"smoking","F001"
"6626","cg26739800",-0.0062,0.0015,2.2e-05,0.0016,"smoking","F001"
"6627","cg12555334",-0.0075,0.0018,2.2e-05,0.0016,"smoking","F001"
"6628","cg24513684",-0.0074,0.0017,2.2e-05,0.0016,"smoking","F001"
"6629","cg16602500",0.0067,0.0016,2.2e-05,0.0016,"smoking","F001"
"6630","cg03585084",0.0041,0.001,2.2e-05,0.0016,"smoking","F001"
"6631","cg01765641",-0.0046,0.0011,2.2e-05,0.0016,"smoking","F001"
"6632","cg02293775",0.005,0.0012,2.2e-05,0.0016,"smoking","F001"
"6633","cg24385652",-0.0048,0.0011,2.2e-05,0.0016,"smoking","F001"
"6634","cg17156534",-0.0068,0.0016,2.2e-05,0.0016,"smoking","F001"
"6635","cg02635033",0.0037,9e-04,2.2e-05,0.0016,"smoking","F001"
"6636","cg27582124",0.0038,9e-04,2.2e-05,0.0016,"smoking","F001"
"6637","cg04364261",0.0058,0.0014,2.2e-05,0.0016,"smoking","F001"
"6638","cg26572811",-0.0103,0.0024,2.2e-05,0.0016,"smoking","F001"
"6639","cg03256597",-0.0025,6e-04,2.2e-05,0.0016,"smoking","F001"
"6640","cg09713758",0.005,0.0012,2.2e-05,0.0016,"smoking","F001"
"6641","cg11320084",0.0033,8e-04,2.2e-05,0.0016,"smoking","F001"
"6642","cg10092518",-0.0087,0.002,2.2e-05,0.0016,"smoking","F001"
"6643","cg18177616",0.0027,6e-04,2.2e-05,0.0016,"smoking","F001"
"6644","cg10264003",0.0048,0.0011,2.2e-05,0.0016,"smoking","F001"
"6645","cg16127594",0.0034,8e-04,2.2e-05,0.0016,"smoking","F001"
"6646","cg26647600",-0.0053,0.0013,2.2e-05,0.0016,"smoking","F001"
"6647","cg25019722",0.0092,0.0022,2.2e-05,0.0016,"smoking","F001"
"6648","cg17679743",0.0049,0.0012,2.2e-05,0.0016,"smoking","F001"
"6649","cg01734698",0.0022,5e-04,2.2e-05,0.0016,"smoking","F001"
"6650","cg23366234",-0.0056,0.0013,2.2e-05,0.0016,"smoking","F001"
"6651","cg23572944",0.0032,8e-04,2.2e-05,0.0016,"smoking","F001"
"6652","cg16489259",-0.0078,0.0018,2.2e-05,0.0016,"smoking","F001"
"6653","cg08460812",-0.0074,0.0017,2.2e-05,0.0016,"smoking","F001"
"6654","cg02423534",0.0074,0.0018,2.2e-05,0.0016,"smoking","F001"
"6655","cg00634542",0.0057,0.0013,2.2e-05,0.0016,"smoking","F001"
"6656","cg12589431",0.0041,0.001,2.2e-05,0.0016,"smoking","F001"
"6657","cg26849931",-0.0048,0.0011,2.2e-05,0.0016,"smoking","F001"
"6658","cg22974228",-0.003,7e-04,2.2e-05,0.0016,"smoking","F001"
"6659","cg26441486",-0.0089,0.0021,2.2e-05,0.0016,"smoking","F001"
"6660","cg06133910",-0.0045,0.001,2.2e-05,0.0016,"smoking","F001"
"6661","cg21400802",0.0052,0.0012,2.2e-05,0.0016,"smoking","F001"
"6662","cg23856299",0.0043,0.001,2.2e-05,0.0016,"smoking","F001"
"6663","cg00002033",-0.0164,0.0039,2.2e-05,0.0016,"smoking","F001"
"6664","cg26104072",0.0024,6e-04,2.2e-05,0.0016,"smoking","F001"
"6665","cg00602811",-0.0095,0.0022,2.3e-05,0.0016,"smoking","F001"
"6666","cg22513455",0.006,0.0014,2.3e-05,0.0016,"smoking","F001"
"6667","cg18768347",-0.0018,4e-04,2.3e-05,0.0016,"smoking","F001"
"6668","cg10554624",-0.0069,0.0016,2.3e-05,0.0016,"smoking","F001"
"6669","cg24029426",0.0046,0.0011,2.3e-05,0.0016,"smoking","F001"
"6670","cg03275648",-0.0038,9e-04,2.3e-05,0.0016,"smoking","F001"
"6671","cg15089620",-0.0029,7e-04,2.3e-05,0.0016,"smoking","F001"
"6672","cg24630957",-0.0059,0.0014,2.3e-05,0.0016,"smoking","F001"
"6673","cg06749872",-0.0043,0.001,2.3e-05,0.0016,"smoking","F001"
"6674","cg15593298",0.0052,0.0012,2.3e-05,0.0016,"smoking","F001"
"6675","cg09217079",0.0024,6e-04,2.3e-05,0.0016,"smoking","F001"
"6676","cg18952796",0.0069,0.0016,2.3e-05,0.0016,"smoking","F001"
"6677","cg14454127",-0.0052,0.0012,2.3e-05,0.0016,"smoking","F001"
"6678","cg25054705",0.003,7e-04,2.3e-05,0.0016,"smoking","F001"
"6679","cg05352838",-0.0063,0.0015,2.3e-05,0.0016,"smoking","F001"
"6680","cg14049634",0.008,0.0019,2.3e-05,0.0016,"smoking","F001"
"6681","cg03001305",-0.0047,0.0011,2.3e-05,0.0016,"smoking","F001"
"6682","cg01733928",-0.0044,0.001,2.3e-05,0.0016,"smoking","F001"
"6683","cg15052335",0.0059,0.0014,2.3e-05,0.0016,"smoking","F001"
"6684","cg07969646",-0.0039,9e-04,2.3e-05,0.0016,"smoking","F001"
"6685","cg07971894",0.002,5e-04,2.3e-05,0.0016,"smoking","F001"
"6686","cg13290371",0.0036,9e-04,2.3e-05,0.0016,"smoking","F001"
"6687","cg11118235",-0.0022,5e-04,2.3e-05,0.0016,"smoking","F001"
"6688","cg10789281",0.0024,6e-04,2.3e-05,0.0016,"smoking","F001"
"6689","cg22237300",-0.0101,0.0024,2.3e-05,0.0016,"smoking","F001"
"6690","cg13169221",0.0067,0.0016,2.3e-05,0.0016,"smoking","F001"
"6691","cg04423209",0.0038,9e-04,2.3e-05,0.0016,"smoking","F001"
"6692","cg13077865",0.0043,0.001,2.3e-05,0.0016,"smoking","F001"
"6693","cg02211741",0.0045,0.0011,2.3e-05,0.0016,"smoking","F001"
"6694","cg17841440",-0.0047,0.0011,2.3e-05,0.0017,"smoking","F001"
"6695","cg10385390",-0.011,0.0026,2.3e-05,0.0017,"smoking","F001"
"6696","cg05290756",0.0025,6e-04,2.3e-05,0.0017,"smoking","F001"
"6697","cg21995686",0.0029,7e-04,2.3e-05,0.0017,"smoking","F001"
"6698","cg19935040",-0.0147,0.0035,2.3e-05,0.0017,"smoking","F001"
"6699","cg13021619",0.0039,9e-04,2.3e-05,0.0017,"smoking","F001"
"6700","cg13850019",0.0035,8e-04,2.3e-05,0.0017,"smoking","F001"
"6701","cg23266546",0.0043,0.001,2.3e-05,0.0017,"smoking","F001"
"6702","cg23239150",0.0046,0.0011,2.3e-05,0.0017,"smoking","F001"
"6703","cg00675650",0.0025,6e-04,2.3e-05,0.0017,"smoking","F001"
"6704","cg26840970",0.0055,0.0013,2.3e-05,0.0017,"smoking","F001"
"6705","cg22239201",-0.0046,0.0011,2.3e-05,0.0017,"smoking","F001"
"6706","cg17826006",0.0037,9e-04,2.3e-05,0.0017,"smoking","F001"
"6707","cg14277403",-0.0071,0.0017,2.4e-05,0.0017,"smoking","F001"
"6708","cg17385674",-0.0024,6e-04,2.4e-05,0.0017,"smoking","F001"
"6709","cg00219303",0.0049,0.0011,2.4e-05,0.0017,"smoking","F001"
"6710","cg05131526",-0.0083,0.002,2.4e-05,0.0017,"smoking","F001"
"6711","cg25420839",-0.0078,0.0018,2.4e-05,0.0017,"smoking","F001"
"6712","cg24275356",-0.0051,0.0012,2.4e-05,0.0017,"smoking","F001"
"6713","cg27027069",-0.011,0.0026,2.4e-05,0.0017,"smoking","F001"
"6714","cg26412688",-0.0022,5e-04,2.4e-05,0.0017,"smoking","F001"
"6715","cg02492920",0.0055,0.0013,2.4e-05,0.0017,"smoking","F001"
"6716","cg02673986",0.0057,0.0014,2.4e-05,0.0017,"smoking","F001"
"6717","cg17493885",-0.0135,0.0032,2.4e-05,0.0017,"smoking","F001"
"6718","cg17449197",0.0023,5e-04,2.4e-05,0.0017,"smoking","F001"
"6719","cg10756475",-0.0028,7e-04,2.4e-05,0.0017,"smoking","F001"
"6720","cg22821355",-0.009,0.0021,2.4e-05,0.0017,"smoking","F001"
"6721","cg14523284",-0.0015,4e-04,2.4e-05,0.0017,"smoking","F001"
"6722","cg05438378",-0.014,0.0033,2.4e-05,0.0017,"smoking","F001"
"6723","cg09871637",-0.0083,0.002,2.4e-05,0.0017,"smoking","F001"
"6724","cg23178714",-0.0039,9e-04,2.4e-05,0.0017,"smoking","F001"
"6725","cg22508831",-0.0075,0.0018,2.4e-05,0.0017,"smoking","F001"
"6726","cg02315870",-0.0061,0.0014,2.4e-05,0.0017,"smoking","F001"
"6727","cg12662084",0.0131,0.0031,2.4e-05,0.0017,"smoking","F001"
"6728","cg05098037",0.0043,0.001,2.4e-05,0.0017,"smoking","F001"
"6729","cg14835981",0.0094,0.0022,2.4e-05,0.0017,"smoking","F001"
"6730","cg19432993",-0.0091,0.0021,2.4e-05,0.0017,"smoking","F001"
"6731","cg25557995",0.0062,0.0015,2.4e-05,0.0017,"smoking","F001"
"6732","cg02635932",-0.0088,0.0021,2.4e-05,0.0017,"smoking","F001"
"6733","cg13366774",0.0045,0.0011,2.4e-05,0.0017,"smoking","F001"
"6734","cg19245758",0.0023,5e-04,2.4e-05,0.0017,"smoking","F001"
"6735","cg17941109",-0.0036,9e-04,2.4e-05,0.0017,"smoking","F001"
"6736","cg14706455",0.0038,9e-04,2.4e-05,0.0017,"smoking","F001"
"6737","cg25145687",0.0067,0.0016,2.4e-05,0.0017,"smoking","F001"
"6738","cg02118194",-0.0059,0.0014,2.4e-05,0.0017,"smoking","F001"
"6739","cg14037837",0.0031,7e-04,2.4e-05,0.0017,"smoking","F001"
"6740","cg19885625",0.005,0.0012,2.4e-05,0.0017,"smoking","F001"
"6741","cg27162705",-0.0098,0.0023,2.4e-05,0.0017,"smoking","F001"
"6742","cg09730719",-0.0045,0.0011,2.4e-05,0.0017,"smoking","F001"
"6743","cg11564519",-0.0073,0.0017,2.4e-05,0.0017,"smoking","F001"
"6744","cg06695691",0.008,0.0019,2.4e-05,0.0017,"smoking","F001"
"6745","cg05800339",-0.0036,9e-04,2.4e-05,0.0017,"smoking","F001"
"6746","cg19309676",-0.0133,0.0032,2.4e-05,0.0017,"smoking","F001"
"6747","cg22969524",-0.0062,0.0015,2.4e-05,0.0017,"smoking","F001"
"6748","cg13480898",0.004,9e-04,2.4e-05,0.0017,"smoking","F001"
"6749","cg07400877",0.0025,6e-04,2.4e-05,0.0017,"smoking","F001"
"6750","cg24525763",-0.0023,5e-04,2.4e-05,0.0017,"smoking","F001"
"6751","cg22546168",0.0054,0.0013,2.4e-05,0.0017,"smoking","F001"
"6752","cg25508633",-0.0059,0.0014,2.4e-05,0.0017,"smoking","F001"
"6753","cg18390495",0.0089,0.0021,2.4e-05,0.0017,"smoking","F001"
"6754","cg25801976",0.0062,0.0015,2.4e-05,0.0017,"smoking","F001"
"6755","cg03747304",0.0038,9e-04,2.4e-05,0.0017,"smoking","F001"
"6756","cg03430597",-0.0114,0.0027,2.4e-05,0.0017,"smoking","F001"
"6757","cg17061862",-0.0076,0.0018,2.5e-05,0.0017,"smoking","F001"
"6758","cg08473725",0.0049,0.0012,2.5e-05,0.0017,"smoking","F001"
"6759","cg24961795",-0.0037,9e-04,2.5e-05,0.0017,"smoking","F001"
"6760","cg23777956",0.0059,0.0014,2.5e-05,0.0017,"smoking","F001"
"6761","cg08969823",0.002,5e-04,2.5e-05,0.0017,"smoking","F001"
"6762","cg07895499",-0.0038,9e-04,2.5e-05,0.0017,"smoking","F001"
"6763","cg04230060",-0.0109,0.0026,2.5e-05,0.0017,"smoking","F001"
"6764","cg27125849",0.0046,0.0011,2.5e-05,0.0017,"smoking","F001"
"6765","cg20804555",0.002,5e-04,2.5e-05,0.0017,"smoking","F001"
"6766","cg07860918",0.0029,7e-04,2.5e-05,0.0017,"smoking","F001"
"6767","cg04659582",0.0019,5e-04,2.5e-05,0.0018,"smoking","F001"
"6768","cg08185255",-0.0036,8e-04,2.5e-05,0.0018,"smoking","F001"
"6769","cg16857192",0.0031,7e-04,2.5e-05,0.0018,"smoking","F001"
"6770","cg05200037",0.0054,0.0013,2.5e-05,0.0018,"smoking","F001"
"6771","cg08102294",-0.0031,7e-04,2.5e-05,0.0018,"smoking","F001"
"6772","cg09636302",0.007,0.0017,2.5e-05,0.0018,"smoking","F001"
"6773","cg00544337",0.0041,0.001,2.5e-05,0.0018,"smoking","F001"
"6774","cg20484086",-0.0039,9e-04,2.5e-05,0.0018,"smoking","F001"
"6775","cg12894126",-0.0028,7e-04,2.5e-05,0.0018,"smoking","F001"
"6776","cg14697880",0.0051,0.0012,2.5e-05,0.0018,"smoking","F001"
"6777","cg26875131",0.0033,8e-04,2.5e-05,0.0018,"smoking","F001"
"6778","cg17404981",0.0074,0.0018,2.5e-05,0.0018,"smoking","F001"
"6779","cg02257517",0.0067,0.0016,2.5e-05,0.0018,"smoking","F001"
"6780","cg07281948",-7e-04,2e-04,2.5e-05,0.0018,"smoking","F001"
"6781","cg16536918",0.0067,0.0016,2.5e-05,0.0018,"smoking","F001"
"6782","cg19025497",0.0044,0.001,2.5e-05,0.0018,"smoking","F001"
"6783","cg26279261",-0.006,0.0014,2.5e-05,0.0018,"smoking","F001"
"6784","cg25741452",0.0029,7e-04,2.5e-05,0.0018,"smoking","F001"
"6785","cg01929340",-0.0041,0.001,2.5e-05,0.0018,"smoking","F001"
"6786","cg14114377",-0.0058,0.0014,2.5e-05,0.0018,"smoking","F001"
"6787","cg19045002",-0.0112,0.0027,2.5e-05,0.0018,"smoking","F001"
"6788","cg09011883",0.0018,4e-04,2.5e-05,0.0018,"smoking","F001"
"6789","cg08784091",-0.0027,6e-04,2.5e-05,0.0018,"smoking","F001"
"6790","cg03073000",0.0044,0.001,2.5e-05,0.0018,"smoking","F001"
"6791","cg12699756",-0.0042,0.001,2.5e-05,0.0018,"smoking","F001"
"6792","cg26335578",0.0031,7e-04,2.6e-05,0.0018,"smoking","F001"
"6793","cg23417096",0.0019,5e-04,2.6e-05,0.0018,"smoking","F001"
"6794","cg21197678",0.0023,5e-04,2.6e-05,0.0018,"smoking","F001"
"6795","cg06759255",-0.0039,9e-04,2.6e-05,0.0018,"smoking","F001"
"6796","cg11828621",-0.0054,0.0013,2.6e-05,0.0018,"smoking","F001"
"6797","cg17569842",-0.011,0.0026,2.6e-05,0.0018,"smoking","F001"
"6798","cg01183510",0.0036,8e-04,2.6e-05,0.0018,"smoking","F001"
"6799","cg02772995",-0.0074,0.0018,2.6e-05,0.0018,"smoking","F001"
"6800","cg21550372",-0.0077,0.0018,2.6e-05,0.0018,"smoking","F001"
"6801","cg19247726",-0.009,0.0021,2.6e-05,0.0018,"smoking","F001"
"6802","cg00522231",0.0083,0.002,2.6e-05,0.0018,"smoking","F001"
"6803","cg08833778",0.0017,4e-04,2.6e-05,0.0018,"smoking","F001"
"6804","cg15909981",0.004,9e-04,2.6e-05,0.0018,"smoking","F001"
"6805","cg03534375",-0.0105,0.0025,2.6e-05,0.0018,"smoking","F001"
"6806","cg08449164",-0.007,0.0017,2.6e-05,0.0018,"smoking","F001"
"6807","cg01579884",0.0071,0.0017,2.6e-05,0.0018,"smoking","F001"
"6808","cg09686308",0.0093,0.0022,2.6e-05,0.0018,"smoking","F001"
"6809","cg03978682",0.008,0.0019,2.6e-05,0.0018,"smoking","F001"
"6810","cg19627549",-0.0082,0.0019,2.6e-05,0.0018,"smoking","F001"
"6811","cg10064322",-0.0101,0.0024,2.6e-05,0.0018,"smoking","F001"
"6812","cg21104449",-0.0084,0.002,2.6e-05,0.0018,"smoking","F001"
"6813","cg22534145",0.0057,0.0014,2.6e-05,0.0018,"smoking","F001"
"6814","cg24750308",0.009,0.0021,2.6e-05,0.0018,"smoking","F001"
"6815","cg05636175",0.0021,5e-04,2.6e-05,0.0018,"smoking","F001"
"6816","cg08946713",0.006,0.0014,2.6e-05,0.0018,"smoking","F001"
"6817","cg07455133",-0.0052,0.0012,2.6e-05,0.0018,"smoking","F001"
"6818","cg12394377",-0.0016,4e-04,2.6e-05,0.0018,"smoking","F001"
"6819","cg25709824",-0.0026,6e-04,2.6e-05,0.0018,"smoking","F001"
"6820","cg25938530",0.0105,0.0025,2.6e-05,0.0018,"smoking","F001"
"6821","cg07829432",0.0023,5e-04,2.6e-05,0.0018,"smoking","F001"
"6822","cg21132686",0.0071,0.0017,2.6e-05,0.0018,"smoking","F001"
"6823","cg22642777",0.0054,0.0013,2.6e-05,0.0018,"smoking","F001"
"6824","cg00780520",-0.0073,0.0017,2.6e-05,0.0018,"smoking","F001"
"6825","cg00753885",-0.0036,9e-04,2.6e-05,0.0018,"smoking","F001"
"6826","cg19793809",-0.0069,0.0016,2.6e-05,0.0018,"smoking","F001"
"6827","cg17541528",0.0055,0.0013,2.6e-05,0.0018,"smoking","F001"
"6828","cg22322928",0.008,0.0019,2.6e-05,0.0018,"smoking","F001"
"6829","cg00501919",-0.0042,0.001,2.6e-05,0.0018,"smoking","F001"
"6830","cg20951444",-0.007,0.0017,2.6e-05,0.0018,"smoking","F001"
"6831","cg13104938",-0.0054,0.0013,2.6e-05,0.0018,"smoking","F001"
"6832","cg27217350",0.0046,0.0011,2.6e-05,0.0018,"smoking","F001"
"6833","cg26915799",0.0049,0.0012,2.6e-05,0.0018,"smoking","F001"
"6834","cg23109714",-0.0036,8e-04,2.6e-05,0.0018,"smoking","F001"
"6835","cg05113410",-0.0042,0.001,2.6e-05,0.0018,"smoking","F001"
"6836","cg26178251",-0.0036,9e-04,2.6e-05,0.0018,"smoking","F001"
"6837","cg09262442",-0.0133,0.0032,2.6e-05,0.0018,"smoking","F001"
"6838","cg12899421",0.002,5e-04,2.6e-05,0.0018,"smoking","F001"
"6839","cg03862987",-0.0054,0.0013,2.6e-05,0.0018,"smoking","F001"
"6840","cg07124366",-0.0041,0.001,2.6e-05,0.0018,"smoking","F001"
"6841","cg02786012",0.0048,0.0012,2.6e-05,0.0018,"smoking","F001"
"6842","cg14436426",-0.0055,0.0013,2.6e-05,0.0018,"smoking","F001"
"6843","cg25309759",0.0043,0.001,2.7e-05,0.0018,"smoking","F001"
"6844","cg05779272",-0.0039,9e-04,2.7e-05,0.0018,"smoking","F001"
"6845","cg20287234",-0.0126,0.003,2.7e-05,0.0018,"smoking","F001"
"6846","cg19727396",-0.0067,0.0016,2.7e-05,0.0018,"smoking","F001"
"6847","cg24166457",0.0057,0.0014,2.7e-05,0.0019,"smoking","F001"
"6848","cg17226042",-0.0137,0.0033,2.7e-05,0.0019,"smoking","F001"
"6849","cg14852082",-0.0066,0.0016,2.7e-05,0.0019,"smoking","F001"
"6850","cg11471062",0.0018,4e-04,2.7e-05,0.0019,"smoking","F001"
"6851","cg27443867",0.0019,4e-04,2.7e-05,0.0019,"smoking","F001"
"6852","cg01238669",0.0088,0.0021,2.7e-05,0.0019,"smoking","F001"
"6853","cg12723026",0.0075,0.0018,2.7e-05,0.0019,"smoking","F001"
"6854","cg06407111",-0.006,0.0014,2.7e-05,0.0019,"smoking","F001"
"6855","cg17476951",0.0061,0.0015,2.7e-05,0.0019,"smoking","F001"
"6856","cg05483184",-0.003,7e-04,2.7e-05,0.0019,"smoking","F001"
"6857","cg07780630",-0.0054,0.0013,2.7e-05,0.0019,"smoking","F001"
"6858","cg19270623",0.003,7e-04,2.7e-05,0.0019,"smoking","F001"
"6859","cg25270899",0.0021,5e-04,2.7e-05,0.0019,"smoking","F001"
"6860","cg18789929",-0.0053,0.0013,2.7e-05,0.0019,"smoking","F001"
"6861","cg10381440",-0.0066,0.0016,2.7e-05,0.0019,"smoking","F001"
"6862","cg27537795",-0.0038,9e-04,2.7e-05,0.0019,"smoking","F001"
"6863","cg27383418",0.0072,0.0017,2.7e-05,0.0019,"smoking","F001"
"6864","cg21785067",0.0034,8e-04,2.7e-05,0.0019,"smoking","F001"
"6865","cg24495643",0.0033,8e-04,2.7e-05,0.0019,"smoking","F001"
"6866","cg00391067",0.0034,8e-04,2.7e-05,0.0019,"smoking","F001"
"6867","cg14442492",-0.0092,0.0022,2.7e-05,0.0019,"smoking","F001"
"6868","cg22835712",0.0083,0.002,2.7e-05,0.0019,"smoking","F001"
"6869","cg11854981",0.0066,0.0016,2.7e-05,0.0019,"smoking","F001"
"6870","cg12811871",0.0116,0.0028,2.7e-05,0.0019,"smoking","F001"
"6871","cg02780210",0.0053,0.0013,2.7e-05,0.0019,"smoking","F001"
"6872","cg10159215",0.0051,0.0012,2.7e-05,0.0019,"smoking","F001"
"6873","cg14009440",-0.0031,7e-04,2.7e-05,0.0019,"smoking","F001"
"6874","cg00808555",0.0062,0.0015,2.7e-05,0.0019,"smoking","F001"
"6875","cg13794588",0.0039,9e-04,2.7e-05,0.0019,"smoking","F001"
"6876","cg12688670",-0.0036,9e-04,2.7e-05,0.0019,"smoking","F001"
"6877","cg08991643",-0.0144,0.0034,2.7e-05,0.0019,"smoking","F001"
"6878","cg03766449",0.0043,0.001,2.7e-05,0.0019,"smoking","F001"
"6879","cg00374672",0.0036,9e-04,2.7e-05,0.0019,"smoking","F001"
"6880","cg18278424",-0.0031,7e-04,2.7e-05,0.0019,"smoking","F001"
"6881","cg16914953",-0.0033,8e-04,2.7e-05,0.0019,"smoking","F001"
"6882","cg27115863",-0.0057,0.0014,2.7e-05,0.0019,"smoking","F001"
"6883","cg08046411",-0.0041,0.001,2.7e-05,0.0019,"smoking","F001"
"6884","cg11823230",-0.0032,8e-04,2.8e-05,0.0019,"smoking","F001"
"6885","cg25482132",-0.0032,8e-04,2.8e-05,0.0019,"smoking","F001"
"6886","cg16497945",0.0046,0.0011,2.8e-05,0.0019,"smoking","F001"
"6887","cg14473102",0.0082,0.002,2.8e-05,0.0019,"smoking","F001"
"6888","cg07008193",0.0046,0.0011,2.8e-05,0.0019,"smoking","F001"
"6889","cg21979773",0.0025,6e-04,2.8e-05,0.0019,"smoking","F001"
"6890","cg09596429",0.0017,4e-04,2.8e-05,0.0019,"smoking","F001"
"6891","cg10278102",-0.0085,0.002,2.8e-05,0.0019,"smoking","F001"
"6892","cg05087455",0.0044,0.0011,2.8e-05,0.0019,"smoking","F001"
"6893","cg02388882",0.0035,8e-04,2.8e-05,0.0019,"smoking","F001"
"6894","cg01458484",-0.0061,0.0014,2.8e-05,0.0019,"smoking","F001"
"6895","cg05301188",-0.0057,0.0013,2.8e-05,0.0019,"smoking","F001"
"6896","cg10018519",-0.0054,0.0013,2.8e-05,0.0019,"smoking","F001"
"6897","cg04425624",-0.0079,0.0019,2.8e-05,0.0019,"smoking","F001"
"6898","cg17469479",0.0068,0.0016,2.8e-05,0.0019,"smoking","F001"
"6899","cg07756788",-0.0082,0.002,2.8e-05,0.0019,"smoking","F001"
"6900","cg17762073",-0.0079,0.0019,2.8e-05,0.0019,"smoking","F001"
"6901","cg04360793",0.0079,0.0019,2.8e-05,0.0019,"smoking","F001"
"6902","cg19760441",-0.0024,6e-04,2.8e-05,0.0019,"smoking","F001"
"6903","cg22509164",-0.005,0.0012,2.8e-05,0.0019,"smoking","F001"
"6904","cg11753018",-0.0082,0.002,2.8e-05,0.0019,"smoking","F001"
"6905","cg00581603",0.0044,0.0011,2.8e-05,0.0019,"smoking","F001"
"6906","cg15989608",-0.0045,0.0011,2.8e-05,0.0019,"smoking","F001"
"6907","cg26097391",0.0029,7e-04,2.8e-05,0.0019,"smoking","F001"
"6908","cg21775668",0.0039,9e-04,2.8e-05,0.0019,"smoking","F001"
"6909","cg23425316",0.0034,8e-04,2.8e-05,0.0019,"smoking","F001"
"6910","cg09296270",0.0036,9e-04,2.8e-05,0.0019,"smoking","F001"
"6911","cg23084416",-0.0079,0.0019,2.8e-05,0.0019,"smoking","F001"
"6912","cg08111167",0.0043,0.001,2.8e-05,0.0019,"smoking","F001"
"6913","cg06289589",0.0021,5e-04,2.8e-05,0.0019,"smoking","F001"
"6914","cg22832557",0.0125,0.003,2.8e-05,0.0019,"smoking","F001"
"6915","cg13334949",0.0079,0.0019,2.8e-05,0.002,"smoking","F001"
"6916","cg01103207",-0.0051,0.0012,2.8e-05,0.002,"smoking","F001"
"6917","cg04945608",-0.0087,0.0021,2.8e-05,0.002,"smoking","F001"
"6918","cg04812351",-0.0091,0.0022,2.8e-05,0.002,"smoking","F001"
"6919","cg24218620",-0.0058,0.0014,2.9e-05,0.002,"smoking","F001"
"6920","cg12011479",0.0071,0.0017,2.9e-05,0.002,"smoking","F001"
"6921","cg00252032",0.0022,5e-04,2.9e-05,0.002,"smoking","F001"
"6922","cg16333992",0.0024,6e-04,2.9e-05,0.002,"smoking","F001"
"6923","cg00253658",0.0171,0.0041,2.9e-05,0.002,"smoking","F001"
"6924","cg06462220",-0.0039,9e-04,2.9e-05,0.002,"smoking","F001"
"6925","cg18191138",-0.002,5e-04,2.9e-05,0.002,"smoking","F001"
"6926","cg19362478",0.0064,0.0015,2.9e-05,0.002,"smoking","F001"
"6927","cg22040039",0.003,7e-04,2.9e-05,0.002,"smoking","F001"
"6928","cg23166392",-0.0079,0.0019,2.9e-05,0.002,"smoking","F001"
"6929","cg00410422",-0.0088,0.0021,2.9e-05,0.002,"smoking","F001"
"6930","cg21977234",-0.0065,0.0016,2.9e-05,0.002,"smoking","F001"
"6931","cg23987736",-0.0024,6e-04,2.9e-05,0.002,"smoking","F001"
"6932","cg08903389",-0.0034,8e-04,2.9e-05,0.002,"smoking","F001"
"6933","cg26827394",-0.0016,4e-04,2.9e-05,0.002,"smoking","F001"
"6934","cg03477904",-0.0043,0.001,2.9e-05,0.002,"smoking","F001"
"6935","cg03599928",0.0041,0.001,2.9e-05,0.002,"smoking","F001"
"6936","cg25170017",-0.0057,0.0014,2.9e-05,0.002,"smoking","F001"
"6937","cg10586087",-0.0025,6e-04,2.9e-05,0.002,"smoking","F001"
"6938","cg11439393",-0.0065,0.0016,2.9e-05,0.002,"smoking","F001"
"6939","cg15225844",-0.0026,6e-04,2.9e-05,0.002,"smoking","F001"
"6940","cg08535938",-0.0046,0.0011,2.9e-05,0.002,"smoking","F001"
"6941","cg16454902",0.0058,0.0014,2.9e-05,0.002,"smoking","F001"
"6942","cg04324758",-0.0044,0.001,2.9e-05,0.002,"smoking","F001"
"6943","cg01576275",-0.0066,0.0016,2.9e-05,0.002,"smoking","F001"
"6944","cg12916723",0.0077,0.0018,2.9e-05,0.002,"smoking","F001"
"6945","cg16771652",-0.0093,0.0022,2.9e-05,0.002,"smoking","F001"
"6946","cg26878709",0.011,0.0026,2.9e-05,0.002,"smoking","F001"
"6947","cg02932780",-0.0084,0.002,2.9e-05,0.002,"smoking","F001"
"6948","cg07708487",-0.0096,0.0023,2.9e-05,0.002,"smoking","F001"
"6949","cg18869709",0.0036,9e-04,2.9e-05,0.002,"smoking","F001"
"6950","cg12619347",-0.0051,0.0012,2.9e-05,0.002,"smoking","F001"
"6951","cg10127483",0.0028,7e-04,2.9e-05,0.002,"smoking","F001"
"6952","cg00615913",-0.0019,4e-04,2.9e-05,0.002,"smoking","F001"
"6953","cg05645292",0.0069,0.0017,2.9e-05,0.002,"smoking","F001"
"6954","cg17321385",-0.0047,0.0011,2.9e-05,0.002,"smoking","F001"
"6955","cg13740985",0.0048,0.0011,2.9e-05,0.002,"smoking","F001"
"6956","cg27400746",0.0021,5e-04,2.9e-05,0.002,"smoking","F001"
"6957","cg21649277",-0.0064,0.0015,2.9e-05,0.002,"smoking","F001"
"6958","cg11818193",0.0025,6e-04,2.9e-05,0.002,"smoking","F001"
"6959","cg20424335",-0.0047,0.0011,2.9e-05,0.002,"smoking","F001"
"6960","cg26596307",-0.0059,0.0014,2.9e-05,0.002,"smoking","F001"
"6961","cg03242458",-0.0039,9e-04,3e-05,0.002,"smoking","F001"
"6962","cg13942103",-0.0066,0.0016,3e-05,0.002,"smoking","F001"
"6963","cg00141845",-0.0095,0.0023,3e-05,0.002,"smoking","F001"
"6964","cg23261171",-0.0072,0.0017,3e-05,0.002,"smoking","F001"
"6965","cg09279949",0.004,0.001,3e-05,0.002,"smoking","F001"
"6966","cg17176619",-0.0086,0.0021,3e-05,0.002,"smoking","F001"
"6967","cg09213929",-0.0039,9e-04,3e-05,0.002,"smoking","F001"
"6968","cg17892169",-0.0067,0.0016,3e-05,0.002,"smoking","F001"
"6969","cg27078140",-0.0044,0.0011,3e-05,0.002,"smoking","F001"
"6970","cg14712784",-0.0053,0.0013,3e-05,0.002,"smoking","F001"
"6971","cg04320635",0.0031,8e-04,3e-05,0.002,"smoking","F001"
"6972","cg15929078",-0.0137,0.0033,3e-05,0.002,"smoking","F001"
"6973","cg08999812",0.0069,0.0017,3e-05,0.002,"smoking","F001"
"6974","cg10414975",0.0028,7e-04,3e-05,0.002,"smoking","F001"
"6975","cg21633052",-0.013,0.0031,3e-05,0.002,"smoking","F001"
"6976","cg00096536",0.0025,6e-04,3e-05,0.002,"smoking","F001"
"6977","cg16837557",0.0058,0.0014,3e-05,0.002,"smoking","F001"
"6978","cg11573219",0.0059,0.0014,3e-05,0.002,"smoking","F001"
"6979","cg26675379",0.004,0.001,3e-05,0.002,"smoking","F001"
"6980","cg08873568",0.0037,9e-04,3e-05,0.002,"smoking","F001"
"6981","cg18391972",-0.0026,6e-04,3e-05,0.002,"smoking","F001"
"6982","cg03229682",0.0051,0.0012,3e-05,0.002,"smoking","F001"
"6983","cg05887421",-0.0053,0.0013,3e-05,0.002,"smoking","F001"
"6984","cg08550421",0.0034,8e-04,3e-05,0.002,"smoking","F001"
"6985","cg04452713",0.0033,8e-04,3e-05,0.002,"smoking","F001"
"6986","cg11127915",-0.0081,0.0019,3e-05,0.002,"smoking","F001"
"6987","cg15605858",0.0063,0.0015,3e-05,0.002,"smoking","F001"
"6988","cg03711457",0.0041,0.001,3e-05,0.002,"smoking","F001"
"6989","cg13472584",-0.004,0.001,3e-05,0.002,"smoking","F001"
"6990","cg18520925",-0.005,0.0012,3e-05,0.002,"smoking","F001"
"6991","cg08885142",0.005,0.0012,3e-05,0.002,"smoking","F001"
"6992","cg01593673",-0.0057,0.0014,3e-05,0.002,"smoking","F001"
"6993","cg20511089",0.0027,6e-04,3e-05,0.002,"smoking","F001"
"6994","cg06143732",-0.0031,7e-04,3e-05,0.002,"smoking","F001"
"6995","cg00519063",-0.0046,0.0011,3e-05,0.002,"smoking","F001"
"6996","cg14368473",-0.004,0.001,3e-05,0.002,"smoking","F001"
"6997","cg23629166",-0.0103,0.0025,3e-05,0.002,"smoking","F001"
"6998","cg24640561",0.0029,7e-04,3e-05,0.002,"smoking","F001"
"6999","cg06908458",0.0018,4e-04,3e-05,0.0021,"smoking","F001"
"7000","cg19255783",0.0022,5e-04,3e-05,0.0021,"smoking","F001"
"7001","cg16200531",0.0101,0.0024,3e-05,0.0021,"smoking","F001"
"7002","cg26472802",-0.0064,0.0015,3e-05,0.0021,"smoking","F001"
"7003","cg20001791",0.0051,0.0012,3.1e-05,0.0021,"smoking","F001"
"7004","cg03475293",-0.0103,0.0025,3.1e-05,0.0021,"smoking","F001"
"7005","cg15056348",-0.0051,0.0012,3.1e-05,0.0021,"smoking","F001"
"7006","cg09716921",-0.0061,0.0015,3.1e-05,0.0021,"smoking","F001"
"7007","cg15325070",0.0073,0.0018,3.1e-05,0.0021,"smoking","F001"
"7008","cg18384588",-0.0038,9e-04,3.1e-05,0.0021,"smoking","F001"
"7009","cg07117012",0.0032,8e-04,3.1e-05,0.0021,"smoking","F001"
"7010","cg18605031",-0.0078,0.0019,3.1e-05,0.0021,"smoking","F001"
"7011","cg00095214",-0.0042,0.001,3.1e-05,0.0021,"smoking","F001"
"7012","cg04803153",-0.0071,0.0017,3.1e-05,0.0021,"smoking","F001"
"7013","cg14117392",0.0047,0.0011,3.1e-05,0.0021,"smoking","F001"
"7014","cg06833564",-0.0035,8e-04,3.1e-05,0.0021,"smoking","F001"
"7015","cg26614073",-0.0062,0.0015,3.1e-05,0.0021,"smoking","F001"
"7016","cg08885800",-0.0043,0.001,3.1e-05,0.0021,"smoking","F001"
"7017","cg07417146",-0.0048,0.0011,3.1e-05,0.0021,"smoking","F001"
"7018","cg02611811",-0.0025,6e-04,3.1e-05,0.0021,"smoking","F001"
"7019","cg11939399",-0.0066,0.0016,3.1e-05,0.0021,"smoking","F001"
"7020","cg08719869",0.0031,7e-04,3.1e-05,0.0021,"smoking","F001"
"7021","cg13520770",-0.003,7e-04,3.1e-05,0.0021,"smoking","F001"
"7022","cg23876292",-0.005,0.0012,3.1e-05,0.0021,"smoking","F001"
"7023","cg23436042",0.0038,9e-04,3.1e-05,0.0021,"smoking","F001"
"7024","cg17626960",0.0076,0.0018,3.1e-05,0.0021,"smoking","F001"
"7025","cg00502062",0.0065,0.0016,3.1e-05,0.0021,"smoking","F001"
"7026","cg11111139",0.0058,0.0014,3.1e-05,0.0021,"smoking","F001"
"7027","cg24878051",-0.0046,0.0011,3.1e-05,0.0021,"smoking","F001"
"7028","cg00360107",0.0029,7e-04,3.1e-05,0.0021,"smoking","F001"
"7029","cg00152942",-0.0051,0.0012,3.1e-05,0.0021,"smoking","F001"
"7030","cg15458222",0.0038,9e-04,3.1e-05,0.0021,"smoking","F001"
"7031","cg23638849",0.0066,0.0016,3.1e-05,0.0021,"smoking","F001"
"7032","cg06974662",-0.0056,0.0013,3.1e-05,0.0021,"smoking","F001"
"7033","cg08087268",0.0046,0.0011,3.1e-05,0.0021,"smoking","F001"
"7034","cg06029935",-0.0039,9e-04,3.1e-05,0.0021,"smoking","F001"
"7035","cg03565777",-0.0112,0.0027,3.1e-05,0.0021,"smoking","F001"
"7036","cg03152092",-0.0077,0.0019,3.1e-05,0.0021,"smoking","F001"
"7037","cg19446165",0.009,0.0022,3.1e-05,0.0021,"smoking","F001"
"7038","cg15920906",0.004,0.001,3.1e-05,0.0021,"smoking","F001"
"7039","cg04075184",-0.0041,0.001,3.1e-05,0.0021,"smoking","F001"
"7040","cg15207619",0.003,7e-04,3.1e-05,0.0021,"smoking","F001"
"7041","cg17802949",0.0042,0.001,3.1e-05,0.0021,"smoking","F001"
"7042","cg04514392",0.0152,0.0036,3.1e-05,0.0021,"smoking","F001"
"7043","cg21661549",0.0024,6e-04,3.1e-05,0.0021,"smoking","F001"
"7044","cg00815325",-0.0055,0.0013,3.1e-05,0.0021,"smoking","F001"
"7045","cg07642595",-0.0072,0.0017,3.1e-05,0.0021,"smoking","F001"
"7046","cg11186344",-0.0064,0.0015,3.1e-05,0.0021,"smoking","F001"
"7047","cg05851887",-0.0032,8e-04,3.1e-05,0.0021,"smoking","F001"
"7048","cg15673896",0.0042,0.001,3.1e-05,0.0021,"smoking","F001"
"7049","cg26357744",-0.003,7e-04,3.2e-05,0.0021,"smoking","F001"
"7050","cg18140433",-0.0023,6e-04,3.2e-05,0.0021,"smoking","F001"
"7051","cg15794034",-0.0056,0.0013,3.2e-05,0.0021,"smoking","F001"
"7052","cg02153528",-0.0029,7e-04,3.2e-05,0.0021,"smoking","F001"
"7053","cg20493718",0.0035,8e-04,3.2e-05,0.0021,"smoking","F001"
"7054","cg25628989",-0.0116,0.0028,3.2e-05,0.0021,"smoking","F001"
"7055","cg04255391",-0.0164,0.0039,3.2e-05,0.0021,"smoking","F001"
"7056","cg17327067",-0.0042,0.001,3.2e-05,0.0021,"smoking","F001"
"7057","cg14598846",-0.0081,0.002,3.2e-05,0.0021,"smoking","F001"
"7058","cg01278041",-0.0152,0.0037,3.2e-05,0.0021,"smoking","F001"
"7059","cg09235583",-0.0025,6e-04,3.2e-05,0.0021,"smoking","F001"
"7060","cg11201447",-0.0082,0.002,3.2e-05,0.0021,"smoking","F001"
"7061","cg07391913",-0.0028,7e-04,3.2e-05,0.0021,"smoking","F001"
"7062","cg03591499",-0.0048,0.0011,3.2e-05,0.0021,"smoking","F001"
"7063","cg04503570",0.0029,7e-04,3.2e-05,0.0021,"smoking","F001"
"7064","cg14306709",-0.0038,9e-04,3.2e-05,0.0021,"smoking","F001"
"7065","cg18697636",0.0076,0.0018,3.2e-05,0.0021,"smoking","F001"
"7066","cg04379348",0.0064,0.0015,3.2e-05,0.0021,"smoking","F001"
"7067","cg24075175",-0.0104,0.0025,3.2e-05,0.0021,"smoking","F001"
"7068","cg00452835",0.0044,0.001,3.2e-05,0.0021,"smoking","F001"
"7069","cg19982668",0.0032,8e-04,3.2e-05,0.0021,"smoking","F001"
"7070","cg25479708",0.0022,5e-04,3.2e-05,0.0021,"smoking","F001"
"7071","cg00253403",-0.0027,7e-04,3.2e-05,0.0021,"smoking","F001"
"7072","cg20339230",0.0035,8e-04,3.2e-05,0.0021,"smoking","F001"
"7073","cg13686739",-0.0035,8e-04,3.2e-05,0.0021,"smoking","F001"
"7074","cg22159815",0.0065,0.0016,3.2e-05,0.0021,"smoking","F001"
"7075","cg20131596",-0.0069,0.0017,3.2e-05,0.0021,"smoking","F001"
"7076","cg12911122",-0.0032,8e-04,3.2e-05,0.0022,"smoking","F001"
"7077","cg03694713",0.0034,8e-04,3.2e-05,0.0022,"smoking","F001"
"7078","cg14522298",0.0053,0.0013,3.2e-05,0.0022,"smoking","F001"
"7079","cg04290171",-0.0074,0.0018,3.2e-05,0.0022,"smoking","F001"
"7080","cg19908207",-0.0064,0.0015,3.2e-05,0.0022,"smoking","F001"
"7081","cg16760168",0.0032,8e-04,3.2e-05,0.0022,"smoking","F001"
"7082","cg03643998",-0.0034,8e-04,3.2e-05,0.0022,"smoking","F001"
"7083","cg09289148",-0.0063,0.0015,3.3e-05,0.0022,"smoking","F001"
"7084","cg03891319",-0.0027,6e-04,3.3e-05,0.0022,"smoking","F001"
"7085","cg12214451",-0.0082,0.002,3.3e-05,0.0022,"smoking","F001"
"7086","cg12109883",-0.0041,0.001,3.3e-05,0.0022,"smoking","F001"
"7087","cg13132182",0.0028,7e-04,3.3e-05,0.0022,"smoking","F001"
"7088","cg13116158",-0.0046,0.0011,3.3e-05,0.0022,"smoking","F001"
"7089","cg21587469",-0.0063,0.0015,3.3e-05,0.0022,"smoking","F001"
"7090","cg06490845",0.0058,0.0014,3.3e-05,0.0022,"smoking","F001"
"7091","cg10509626",0.0048,0.0011,3.3e-05,0.0022,"smoking","F001"
"7092","cg25918230",-0.0046,0.0011,3.3e-05,0.0022,"smoking","F001"
"7093","cg07671776",0.0035,8e-04,3.3e-05,0.0022,"smoking","F001"
"7094","cg04656424",0.0027,6e-04,3.3e-05,0.0022,"smoking","F001"
"7095","cg10668198",-0.0017,4e-04,3.3e-05,0.0022,"smoking","F001"
"7096","cg20556675",-0.005,0.0012,3.3e-05,0.0022,"smoking","F001"
"7097","cg22788657",0.0049,0.0012,3.3e-05,0.0022,"smoking","F001"
"7098","cg11592786",-0.0022,5e-04,3.3e-05,0.0022,"smoking","F001"
"7099","cg15691199",-0.0035,8e-04,3.3e-05,0.0022,"smoking","F001"
"7100","cg01439631",-0.0056,0.0013,3.3e-05,0.0022,"smoking","F001"
"7101","cg05177060",-0.0087,0.0021,3.3e-05,0.0022,"smoking","F001"
"7102","cg26210267",-0.0056,0.0014,3.3e-05,0.0022,"smoking","F001"
"7103","cg25395087",0.0049,0.0012,3.3e-05,0.0022,"smoking","F001"
"7104","cg02231404",-0.021,0.0051,3.3e-05,0.0022,"smoking","F001"
"7105","cg24572204",-0.0051,0.0012,3.3e-05,0.0022,"smoking","F001"
"7106","cg05970116",0.003,7e-04,3.3e-05,0.0022,"smoking","F001"
"7107","cg13495118",-0.0063,0.0015,3.3e-05,0.0022,"smoking","F001"
"7108","cg25149155",0.0038,9e-04,3.3e-05,0.0022,"smoking","F001"
"7109","cg04880052",-0.0029,7e-04,3.3e-05,0.0022,"smoking","F001"
"7110","cg01750507",0.0017,4e-04,3.3e-05,0.0022,"smoking","F001"
"7111","cg08869118",0.0024,6e-04,3.3e-05,0.0022,"smoking","F001"
"7112","cg18053607",-0.0053,0.0013,3.4e-05,0.0022,"smoking","F001"
"7113","cg14714391",-0.0077,0.0019,3.4e-05,0.0022,"smoking","F001"
"7114","cg14480046",0.0049,0.0012,3.4e-05,0.0022,"smoking","F001"
"7115","cg19745373",0.0027,7e-04,3.4e-05,0.0022,"smoking","F001"
"7116","cg05215806",0.0022,5e-04,3.4e-05,0.0022,"smoking","F001"
"7117","cg06555227",-0.0069,0.0017,3.4e-05,0.0022,"smoking","F001"
"7118","cg16685586",-0.0041,0.001,3.4e-05,0.0022,"smoking","F001"
"7119","cg08189186",0.0117,0.0028,3.4e-05,0.0022,"smoking","F001"
"7120","cg16595667",-0.0081,0.002,3.4e-05,0.0022,"smoking","F001"
"7121","cg01566235",0.0025,6e-04,3.4e-05,0.0022,"smoking","F001"
"7122","cg13919466",0.0045,0.0011,3.4e-05,0.0022,"smoking","F001"
"7123","cg16522412",0.0062,0.0015,3.4e-05,0.0022,"smoking","F001"
"7124","cg00713214",0.0022,5e-04,3.4e-05,0.0022,"smoking","F001"
"7125","cg12377874",-0.0073,0.0018,3.4e-05,0.0022,"smoking","F001"
"7126","cg02909793",0.0038,9e-04,3.4e-05,0.0022,"smoking","F001"
"7127","cg00858840",0.005,0.0012,3.4e-05,0.0022,"smoking","F001"
"7128","cg24227984",0.0034,8e-04,3.4e-05,0.0022,"smoking","F001"
"7129","cg06178887",0.0041,0.001,3.4e-05,0.0022,"smoking","F001"
"7130","cg08250921",0.0057,0.0014,3.4e-05,0.0022,"smoking","F001"
"7131","cg01613691",-0.0055,0.0013,3.4e-05,0.0022,"smoking","F001"
"7132","cg03715846",0.0061,0.0015,3.4e-05,0.0022,"smoking","F001"
"7133","cg04605681",0.0033,8e-04,3.4e-05,0.0022,"smoking","F001"
"7134","cg12646820",-0.0085,0.0021,3.4e-05,0.0022,"smoking","F001"
"7135","cg26675785",-0.0031,7e-04,3.4e-05,0.0022,"smoking","F001"
"7136","cg23263226",0.008,0.0019,3.4e-05,0.0022,"smoking","F001"
"7137","cg01329690",-0.0063,0.0015,3.4e-05,0.0022,"smoking","F001"
"7138","cg19242268",-0.0062,0.0015,3.4e-05,0.0023,"smoking","F001"
"7139","cg16428251",0.0042,0.001,3.4e-05,0.0023,"smoking","F001"
"7140","cg27518892",0.0037,9e-04,3.4e-05,0.0023,"smoking","F001"
"7141","cg13871633",0.0047,0.0011,3.4e-05,0.0023,"smoking","F001"
"7142","cg03685346",0.0028,7e-04,3.4e-05,0.0023,"smoking","F001"
"7143","cg07400063",-0.0041,0.001,3.4e-05,0.0023,"smoking","F001"
"7144","cg25289028",-0.0033,8e-04,3.4e-05,0.0023,"smoking","F001"
"7145","cg24587080",-0.0094,0.0023,3.4e-05,0.0023,"smoking","F001"
"7146","cg00262061",0.0058,0.0014,3.4e-05,0.0023,"smoking","F001"
"7147","cg24524285",-0.0107,0.0026,3.4e-05,0.0023,"smoking","F001"
"7148","cg23947828",-0.0045,0.0011,3.4e-05,0.0023,"smoking","F001"
"7149","cg17260706",0.0054,0.0013,3.4e-05,0.0023,"smoking","F001"
"7150","cg11129439",-0.0048,0.0012,3.4e-05,0.0023,"smoking","F001"
"7151","cg06811467",-0.0054,0.0013,3.4e-05,0.0023,"smoking","F001"
"7152","cg01112784",0.0052,0.0013,3.4e-05,0.0023,"smoking","F001"
"7153","cg00857921",0.0118,0.0028,3.4e-05,0.0023,"smoking","F001"
"7154","cg08309687",0.0074,0.0018,3.5e-05,0.0023,"smoking","F001"
"7155","cg07666840",-0.0055,0.0013,3.5e-05,0.0023,"smoking","F001"
"7156","cg25127315",0.003,7e-04,3.5e-05,0.0023,"smoking","F001"
"7157","cg08402572",0.0035,8e-04,3.5e-05,0.0023,"smoking","F001"
"7158","cg05957504",-0.0081,0.002,3.5e-05,0.0023,"smoking","F001"
"7159","cg23352722",0.0046,0.0011,3.5e-05,0.0023,"smoking","F001"
"7160","cg17651625",0.0078,0.0019,3.5e-05,0.0023,"smoking","F001"
"7161","cg07658646",0.0073,0.0018,3.5e-05,0.0023,"smoking","F001"
"7162","cg05962511",0.005,0.0012,3.5e-05,0.0023,"smoking","F001"
"7163","cg17879722",0.0017,4e-04,3.5e-05,0.0023,"smoking","F001"
"7164","cg18369516",-0.0183,0.0044,3.5e-05,0.0023,"smoking","F001"
"7165","cg15730857",-0.006,0.0014,3.5e-05,0.0023,"smoking","F001"
"7166","cg26885400",0.0057,0.0014,3.5e-05,0.0023,"smoking","F001"
"7167","cg16481365",-0.0089,0.0021,3.5e-05,0.0023,"smoking","F001"
"7168","cg16265553",-0.0055,0.0013,3.5e-05,0.0023,"smoking","F001"
"7169","cg04991639",0.0075,0.0018,3.5e-05,0.0023,"smoking","F001"
"7170","cg12155036",-0.0102,0.0025,3.5e-05,0.0023,"smoking","F001"
"7171","cg15964523",0.0081,0.002,3.5e-05,0.0023,"smoking","F001"
"7172","cg14094027",-0.0055,0.0013,3.5e-05,0.0023,"smoking","F001"
"7173","cg21850518",-0.0085,0.0021,3.5e-05,0.0023,"smoking","F001"
"7174","cg19260606",0.0065,0.0016,3.5e-05,0.0023,"smoking","F001"
"7175","cg22138735",-0.0219,0.0053,3.5e-05,0.0023,"smoking","F001"
"7176","cg16104371",-0.0033,8e-04,3.5e-05,0.0023,"smoking","F001"
"7177","cg14078730",0.0032,8e-04,3.5e-05,0.0023,"smoking","F001"
"7178","cg11217654",0.0026,6e-04,3.5e-05,0.0023,"smoking","F001"
"7179","cg08814800",0.0058,0.0014,3.5e-05,0.0023,"smoking","F001"
"7180","cg18960620",-0.0027,7e-04,3.5e-05,0.0023,"smoking","F001"
"7181","cg13816423",-0.0106,0.0026,3.5e-05,0.0023,"smoking","F001"
"7182","cg21816849",-0.0031,8e-04,3.5e-05,0.0023,"smoking","F001"
"7183","cg04012266",0.0019,4e-04,3.5e-05,0.0023,"smoking","F001"
"7184","cg13010299",-0.0052,0.0013,3.5e-05,0.0023,"smoking","F001"
"7185","cg22851864",-0.0086,0.0021,3.5e-05,0.0023,"smoking","F001"
"7186","cg17292662",-0.0106,0.0026,3.5e-05,0.0023,"smoking","F001"
"7187","cg25607948",0.005,0.0012,3.5e-05,0.0023,"smoking","F001"
"7188","cg18964375",-0.0068,0.0016,3.5e-05,0.0023,"smoking","F001"
"7189","cg12311002",-0.0036,9e-04,3.5e-05,0.0023,"smoking","F001"
"7190","cg11742268",-0.0056,0.0014,3.6e-05,0.0023,"smoking","F001"
"7191","cg24082526",-0.0056,0.0013,3.6e-05,0.0023,"smoking","F001"
"7192","cg06304097",0.0072,0.0017,3.6e-05,0.0023,"smoking","F001"
"7193","cg00129827",-0.0079,0.0019,3.6e-05,0.0023,"smoking","F001"
"7194","cg01293485",-0.0051,0.0012,3.6e-05,0.0023,"smoking","F001"
"7195","cg14343513",0.005,0.0012,3.6e-05,0.0023,"smoking","F001"
"7196","cg09476997",0.0072,0.0017,3.6e-05,0.0023,"smoking","F001"
"7197","cg12997627",0.0028,7e-04,3.6e-05,0.0023,"smoking","F001"
"7198","cg14263139",-0.0045,0.0011,3.6e-05,0.0023,"smoking","F001"
"7199","cg10981962",0.0027,7e-04,3.6e-05,0.0023,"smoking","F001"
"7200","cg05590619",0.0046,0.0011,3.6e-05,0.0023,"smoking","F001"
"7201","cg23515651",-0.0054,0.0013,3.6e-05,0.0023,"smoking","F001"
"7202","cg10904070",0.005,0.0012,3.6e-05,0.0023,"smoking","F001"
"7203","cg01076874",-0.0089,0.0022,3.6e-05,0.0023,"smoking","F001"
"7204","cg20305005",0.0076,0.0018,3.6e-05,0.0023,"smoking","F001"
"7205","cg16583884",-0.0057,0.0014,3.6e-05,0.0023,"smoking","F001"
"7206","cg03631656",-0.0112,0.0027,3.6e-05,0.0023,"smoking","F001"
"7207","cg25201101",-0.007,0.0017,3.6e-05,0.0023,"smoking","F001"
"7208","cg08013793",-0.004,0.001,3.6e-05,0.0023,"smoking","F001"
"7209","cg16090881",-0.0056,0.0014,3.6e-05,0.0023,"smoking","F001"
"7210","cg27464846",-0.0103,0.0025,3.6e-05,0.0024,"smoking","F001"
"7211","cg26145228",0.0021,5e-04,3.6e-05,0.0024,"smoking","F001"
"7212","cg17791651",-0.0081,0.002,3.6e-05,0.0024,"smoking","F001"
"7213","cg18399834",-0.0044,0.0011,3.6e-05,0.0024,"smoking","F001"
"7214","cg25355316",0.0034,8e-04,3.6e-05,0.0024,"smoking","F001"
"7215","cg18699466",-0.0054,0.0013,3.6e-05,0.0024,"smoking","F001"
"7216","cg23352030",0.0101,0.0025,3.6e-05,0.0024,"smoking","F001"
"7217","cg19760410",-0.0018,4e-04,3.6e-05,0.0024,"smoking","F001"
"7218","cg07810039",0.0033,8e-04,3.7e-05,0.0024,"smoking","F001"
"7219","cg27130176",0.0056,0.0014,3.7e-05,0.0024,"smoking","F001"
"7220","cg05780020",0.002,5e-04,3.7e-05,0.0024,"smoking","F001"
"7221","cg13680696",-0.0022,5e-04,3.7e-05,0.0024,"smoking","F001"
"7222","cg25975690",-0.0072,0.0017,3.7e-05,0.0024,"smoking","F001"
"7223","cg01704999",0.0024,6e-04,3.7e-05,0.0024,"smoking","F001"
"7224","cg14630933",0.0107,0.0026,3.7e-05,0.0024,"smoking","F001"
"7225","cg02246229",-0.0019,5e-04,3.7e-05,0.0024,"smoking","F001"
"7226","cg23679492",0.0038,9e-04,3.7e-05,0.0024,"smoking","F001"
"7227","cg11430077",-0.009,0.0022,3.7e-05,0.0024,"smoking","F001"
"7228","cg13899478",0.0029,7e-04,3.7e-05,0.0024,"smoking","F001"
"7229","cg10084993",-0.0076,0.0018,3.7e-05,0.0024,"smoking","F001"
"7230","cg19034132",-0.0022,5e-04,3.7e-05,0.0024,"smoking","F001"
"7231","cg22354132",0.0064,0.0016,3.7e-05,0.0024,"smoking","F001"
"7232","cg14913216",-0.004,0.001,3.7e-05,0.0024,"smoking","F001"
"7233","cg14423778",-0.0077,0.0019,3.7e-05,0.0024,"smoking","F001"
"7234","cg06038864",-0.0071,0.0017,3.7e-05,0.0024,"smoking","F001"
"7235","cg10641721",0.0022,5e-04,3.7e-05,0.0024,"smoking","F001"
"7236","cg11801481",-0.0061,0.0015,3.7e-05,0.0024,"smoking","F001"
"7237","cg16673929",-0.0036,9e-04,3.7e-05,0.0024,"smoking","F001"
"7238","cg00793186",-0.0088,0.0021,3.7e-05,0.0024,"smoking","F001"
"7239","cg13761421",0.0045,0.0011,3.7e-05,0.0024,"smoking","F001"
"7240","cg24757533",-0.0021,5e-04,3.7e-05,0.0024,"smoking","F001"
"7241","cg06530347",-0.0021,5e-04,3.7e-05,0.0024,"smoking","F001"
"7242","cg17939805",0.0038,9e-04,3.7e-05,0.0024,"smoking","F001"
"7243","cg23702727",0.0027,7e-04,3.7e-05,0.0024,"smoking","F001"
"7244","cg02680487",-0.0037,9e-04,3.7e-05,0.0024,"smoking","F001"
"7245","cg04939026",-0.0042,0.001,3.7e-05,0.0024,"smoking","F001"
"7246","cg18578096",-0.0041,0.001,3.7e-05,0.0024,"smoking","F001"
"7247","cg21707172",-0.0086,0.0021,3.7e-05,0.0024,"smoking","F001"
"7248","cg01048195",-0.0054,0.0013,3.7e-05,0.0024,"smoking","F001"
"7249","cg02218496",-0.0049,0.0012,3.8e-05,0.0024,"smoking","F001"
"7250","cg01242903",0.0032,8e-04,3.8e-05,0.0024,"smoking","F001"
"7251","cg08482359",-0.0036,9e-04,3.8e-05,0.0024,"smoking","F001"
"7252","cg21142038",0.0029,7e-04,3.8e-05,0.0024,"smoking","F001"
"7253","cg16836589",-0.0055,0.0013,3.8e-05,0.0024,"smoking","F001"
"7254","cg12690246",-0.006,0.0015,3.8e-05,0.0024,"smoking","F001"
"7255","cg25508319",0.003,7e-04,3.8e-05,0.0024,"smoking","F001"
"7256","cg19499985",0.0017,4e-04,3.8e-05,0.0024,"smoking","F001"
"7257","cg17588003",0.0062,0.0015,3.8e-05,0.0024,"smoking","F001"
"7258","cg02345399",-0.007,0.0017,3.8e-05,0.0024,"smoking","F001"
"7259","cg15611336",-0.0109,0.0026,3.8e-05,0.0024,"smoking","F001"
"7260","cg26164712",-0.0044,0.0011,3.8e-05,0.0024,"smoking","F001"
"7261","cg02816525",0.0062,0.0015,3.8e-05,0.0024,"smoking","F001"
"7262","cg08947894",-0.0059,0.0014,3.8e-05,0.0024,"smoking","F001"
"7263","cg03760191",-0.0053,0.0013,3.8e-05,0.0025,"smoking","F001"
"7264","cg19851909",0.0038,9e-04,3.8e-05,0.0025,"smoking","F001"
"7265","cg14301562",0.0076,0.0018,3.8e-05,0.0025,"smoking","F001"
"7266","cg25884442",0.0031,8e-04,3.8e-05,0.0025,"smoking","F001"
"7267","cg27402634",-0.0029,7e-04,3.8e-05,0.0025,"smoking","F001"
"7268","cg02449461",0.0047,0.0011,3.8e-05,0.0025,"smoking","F001"
"7269","cg23502253",0.0026,6e-04,3.8e-05,0.0025,"smoking","F001"
"7270","cg09718037",0.0101,0.0025,3.8e-05,0.0025,"smoking","F001"
"7271","cg05483076",-0.0068,0.0016,3.8e-05,0.0025,"smoking","F001"
"7272","cg01949002",-0.0044,0.0011,3.8e-05,0.0025,"smoking","F001"
"7273","cg02226810",0.0037,9e-04,3.8e-05,0.0025,"smoking","F001"
"7274","cg20063640",-0.0067,0.0016,3.8e-05,0.0025,"smoking","F001"
"7275","cg06609489",0.0016,4e-04,3.8e-05,0.0025,"smoking","F001"
"7276","cg15884223",-0.0043,0.001,3.8e-05,0.0025,"smoking","F001"
"7277","cg20853702",-0.004,0.001,3.8e-05,0.0025,"smoking","F001"
"7278","cg08165487",-0.0026,6e-04,3.8e-05,0.0025,"smoking","F001"
"7279","cg00401456",0.0018,4e-04,3.8e-05,0.0025,"smoking","F001"
"7280","cg24509815",0.0042,0.001,3.8e-05,0.0025,"smoking","F001"
"7281","cg01054478",0.0032,8e-04,3.8e-05,0.0025,"smoking","F001"
"7282","cg27025137",0.0033,8e-04,3.8e-05,0.0025,"smoking","F001"
"7283","cg03164928",0.0052,0.0013,3.8e-05,0.0025,"smoking","F001"
"7284","cg11999002",0.007,0.0017,3.8e-05,0.0025,"smoking","F001"
"7285","cg15884713",-0.0043,0.001,3.9e-05,0.0025,"smoking","F001"
"7286","cg07206712",-0.0036,9e-04,3.9e-05,0.0025,"smoking","F001"
"7287","cg19379178",0.0075,0.0018,3.9e-05,0.0025,"smoking","F001"
"7288","cg12762799",0.0049,0.0012,3.9e-05,0.0025,"smoking","F001"
"7289","cg12756527",0.0054,0.0013,3.9e-05,0.0025,"smoking","F001"
"7290","cg24334174",-0.0054,0.0013,3.9e-05,0.0025,"smoking","F001"
"7291","cg18505752",-0.0051,0.0012,3.9e-05,0.0025,"smoking","F001"
"7292","cg00569447",0.0039,9e-04,3.9e-05,0.0025,"smoking","F001"
"7293","cg20892245",-0.0083,0.002,3.9e-05,0.0025,"smoking","F001"
"7294","cg14315430",-0.0064,0.0016,3.9e-05,0.0025,"smoking","F001"
"7295","cg05877528",-0.0039,9e-04,3.9e-05,0.0025,"smoking","F001"
"7296","cg02081976",0.0017,4e-04,3.9e-05,0.0025,"smoking","F001"
"7297","cg17222645",-0.0061,0.0015,3.9e-05,0.0025,"smoking","F001"
"7298","cg18824549",0.0059,0.0014,3.9e-05,0.0025,"smoking","F001"
"7299","cg22894896",-0.0065,0.0016,3.9e-05,0.0025,"smoking","F001"
"7300","cg07047570",-0.0042,0.001,3.9e-05,0.0025,"smoking","F001"
"7301","cg10485664",0.004,0.001,3.9e-05,0.0025,"smoking","F001"
"7302","cg16400320",-0.0021,5e-04,3.9e-05,0.0025,"smoking","F001"
"7303","cg05952498",-0.0045,0.0011,3.9e-05,0.0025,"smoking","F001"
"7304","cg26416159",-0.0018,4e-04,3.9e-05,0.0025,"smoking","F001"
"7305","cg16104139",-0.0064,0.0016,3.9e-05,0.0025,"smoking","F001"
"7306","cg02349264",-0.0146,0.0036,3.9e-05,0.0025,"smoking","F001"
"7307","cg11844315",-0.002,5e-04,3.9e-05,0.0025,"smoking","F001"
"7308","cg03656863",-0.0032,8e-04,3.9e-05,0.0025,"smoking","F001"
"7309","cg15240733",-0.0051,0.0012,3.9e-05,0.0025,"smoking","F001"
"7310","cg27488503",-0.0078,0.0019,3.9e-05,0.0025,"smoking","F001"
"7311","cg21969395",0.0031,7e-04,3.9e-05,0.0025,"smoking","F001"
"7312","cg00127167",0.0053,0.0013,4e-05,0.0025,"smoking","F001"
"7313","cg14023774",-0.0058,0.0014,4e-05,0.0025,"smoking","F001"
"7314","cg11748187",-0.012,0.0029,4e-05,0.0025,"smoking","F001"
"7315","cg12505153",0.0022,5e-04,4e-05,0.0025,"smoking","F001"
"7316","cg01447475",0.0047,0.0011,4e-05,0.0025,"smoking","F001"
"7317","cg03010301",-0.0039,9e-04,4e-05,0.0025,"smoking","F001"
"7318","cg17804356",-0.0045,0.0011,4e-05,0.0025,"smoking","F001"
"7319","cg00241664",-0.0029,7e-04,4e-05,0.0025,"smoking","F001"
"7320","cg24704287",-0.0083,0.002,4e-05,0.0025,"smoking","F001"
"7321","cg00602326",0.0039,9e-04,4e-05,0.0025,"smoking","F001"
"7322","cg04934382",-0.0056,0.0014,4e-05,0.0025,"smoking","F001"
"7323","cg25939350",-0.0038,9e-04,4e-05,0.0025,"smoking","F001"
"7324","cg13691901",0.0019,5e-04,4e-05,0.0025,"smoking","F001"
"7325","cg10753283",0.0035,9e-04,4e-05,0.0025,"smoking","F001"
"7326","cg26682337",-0.0043,0.001,4e-05,0.0025,"smoking","F001"
"7327","cg03521982",0.0072,0.0017,4e-05,0.0025,"smoking","F001"
"7328","cg20970886",-0.0044,0.0011,4e-05,0.0025,"smoking","F001"
"7329","cg03254137",0.0052,0.0013,4e-05,0.0026,"smoking","F001"
"7330","cg05168468",0.0036,9e-04,4e-05,0.0026,"smoking","F001"
"7331","cg18618815",-0.0096,0.0023,4e-05,0.0026,"smoking","F001"
"7332","cg10082841",-0.0033,8e-04,4e-05,0.0026,"smoking","F001"
"7333","cg03928546",-0.009,0.0022,4e-05,0.0026,"smoking","F001"
"7334","cg04211581",0.0053,0.0013,4e-05,0.0026,"smoking","F001"
"7335","cg19579782",-0.0044,0.0011,4e-05,0.0026,"smoking","F001"
"7336","cg20342079",0.0021,5e-04,4e-05,0.0026,"smoking","F001"
"7337","cg19004883",0.0052,0.0013,4e-05,0.0026,"smoking","F001"
"7338","cg00313914",-0.0201,0.0049,4e-05,0.0026,"smoking","F001"
"7339","cg04350202",0.0052,0.0013,4.1e-05,0.0026,"smoking","F001"
"7340","cg00207428",-0.0067,0.0016,4.1e-05,0.0026,"smoking","F001"
"7341","cg14688451",-0.0047,0.0011,4.1e-05,0.0026,"smoking","F001"
"7342","cg24950222",0.0062,0.0015,4.1e-05,0.0026,"smoking","F001"
"7343","cg03915012",0.0069,0.0017,4.1e-05,0.0026,"smoking","F001"
"7344","cg09990613",-0.0066,0.0016,4.1e-05,0.0026,"smoking","F001"
"7345","cg24718722",-0.02,0.0049,4.1e-05,0.0026,"smoking","F001"
"7346","cg01415909",-0.0031,7e-04,4.1e-05,0.0026,"smoking","F001"
"7347","cg22843712",0.0074,0.0018,4.1e-05,0.0026,"smoking","F001"
"7348","cg27091643",-0.0018,4e-04,4.1e-05,0.0026,"smoking","F001"
"7349","cg12551567",-0.0027,7e-04,4.1e-05,0.0026,"smoking","F001"
"7350","cg17385225",-0.0047,0.0011,4.1e-05,0.0026,"smoking","F001"
"7351","cg02977954",0.0036,9e-04,4.1e-05,0.0026,"smoking","F001"
"7352","cg05505103",-0.0163,0.004,4.1e-05,0.0026,"smoking","F001"
"7353","cg08922729",-0.0084,0.002,4.1e-05,0.0026,"smoking","F001"
"7354","cg19361800",0.0039,9e-04,4.1e-05,0.0026,"smoking","F001"
"7355","cg16932017",-0.0022,5e-04,4.1e-05,0.0026,"smoking","F001"
"7356","cg05177776",-0.0031,8e-04,4.1e-05,0.0026,"smoking","F001"
"7357","cg03117379",-0.0068,0.0017,4.1e-05,0.0026,"smoking","F001"
"7358","cg01771416",-0.0065,0.0016,4.1e-05,0.0026,"smoking","F001"
"7359","cg16205058",-0.0066,0.0016,4.1e-05,0.0026,"smoking","F001"
"7360","cg15321306",-0.0036,9e-04,4.1e-05,0.0026,"smoking","F001"
"7361","cg14370448",-0.0021,5e-04,4.1e-05,0.0026,"smoking","F001"
"7362","cg11032534",0.0036,9e-04,4.1e-05,0.0026,"smoking","F001"
"7363","cg24636368",-0.007,0.0017,4.1e-05,0.0026,"smoking","F001"
"7364","cg22249612",-0.0066,0.0016,4.1e-05,0.0026,"smoking","F001"
"7365","cg08261094",0.0033,8e-04,4.1e-05,0.0026,"smoking","F001"
"7366","cg15697849",0.002,5e-04,4.1e-05,0.0026,"smoking","F001"
"7367","cg14608384",-0.0021,5e-04,4.2e-05,0.0026,"smoking","F001"
"7368","cg25565476",-0.0067,0.0016,4.2e-05,0.0026,"smoking","F001"
"7369","cg19821297",-0.0064,0.0016,4.2e-05,0.0026,"smoking","F001"
"7370","cg15822222",-0.0047,0.0011,4.2e-05,0.0026,"smoking","F001"
"7371","cg21254755",0.0041,0.001,4.2e-05,0.0026,"smoking","F001"
"7372","cg01948094",-0.0026,6e-04,4.2e-05,0.0026,"smoking","F001"
"7373","cg13879483",-0.0044,0.0011,4.2e-05,0.0026,"smoking","F001"
"7374","cg23574443",-0.0056,0.0014,4.2e-05,0.0026,"smoking","F001"
"7375","cg02402882",-0.0051,0.0013,4.2e-05,0.0026,"smoking","F001"
"7376","cg25930591",0.0021,5e-04,4.2e-05,0.0026,"smoking","F001"
"7377","cg09795027",0.0079,0.0019,4.2e-05,0.0026,"smoking","F001"
"7378","cg16436711",0.0077,0.0019,4.2e-05,0.0026,"smoking","F001"
"7379","cg07136905",0.0036,9e-04,4.2e-05,0.0026,"smoking","F001"
"7380","cg15037583",0.0046,0.0011,4.2e-05,0.0026,"smoking","F001"
"7381","cg15843331",-0.0054,0.0013,4.2e-05,0.0026,"smoking","F001"
"7382","cg08719608",-0.0043,0.001,4.2e-05,0.0026,"smoking","F001"
"7383","cg24420534",0.0115,0.0028,4.2e-05,0.0027,"smoking","F001"
"7384","cg27587780",0.0074,0.0018,4.2e-05,0.0027,"smoking","F001"
"7385","cg10166277",-0.0054,0.0013,4.2e-05,0.0027,"smoking","F001"
"7386","cg15175005",0.0076,0.0019,4.2e-05,0.0027,"smoking","F001"
"7387","cg24672624",0.0052,0.0013,4.2e-05,0.0027,"smoking","F001"
"7388","cg03566174",0.0057,0.0014,4.2e-05,0.0027,"smoking","F001"
"7389","cg12772932",0.0088,0.0021,4.2e-05,0.0027,"smoking","F001"
"7390","cg27414655",0.0026,6e-04,4.2e-05,0.0027,"smoking","F001"
"7391","cg02515233",0.0021,5e-04,4.2e-05,0.0027,"smoking","F001"
"7392","cg05794695",-0.0033,8e-04,4.2e-05,0.0027,"smoking","F001"
"7393","cg05462339",0.0053,0.0013,4.2e-05,0.0027,"smoking","F001"
"7394","cg24631162",-0.009,0.0022,4.2e-05,0.0027,"smoking","F001"
"7395","cg25814293",-0.0142,0.0035,4.2e-05,0.0027,"smoking","F001"
"7396","cg00800383",0.0023,6e-04,4.2e-05,0.0027,"smoking","F001"
"7397","cg18951352",-0.0091,0.0022,4.2e-05,0.0027,"smoking","F001"
"7398","cg08130912",0.0035,9e-04,4.2e-05,0.0027,"smoking","F001"
"7399","cg06997114",0.0047,0.0011,4.2e-05,0.0027,"smoking","F001"
"7400","cg09012125",-0.0045,0.0011,4.3e-05,0.0027,"smoking","F001"
"7401","cg03805684",-0.0057,0.0014,4.3e-05,0.0027,"smoking","F001"
"7402","cg23850277",-0.005,0.0012,4.3e-05,0.0027,"smoking","F001"
"7403","cg21144158",-0.0091,0.0022,4.3e-05,0.0027,"smoking","F001"
"7404","cg26605073",-0.005,0.0012,4.3e-05,0.0027,"smoking","F001"
"7405","cg05360958",0.0054,0.0013,4.3e-05,0.0027,"smoking","F001"
"7406","cg16113793",0.003,7e-04,4.3e-05,0.0027,"smoking","F001"
"7407","cg10852154",0.0038,9e-04,4.3e-05,0.0027,"smoking","F001"
"7408","cg23488607",-0.0064,0.0016,4.3e-05,0.0027,"smoking","F001"
"7409","cg18168663",0.0052,0.0013,4.3e-05,0.0027,"smoking","F001"
"7410","cg19031085",0.0082,0.002,4.3e-05,0.0027,"smoking","F001"
"7411","cg03484180",-0.0071,0.0017,4.3e-05,0.0027,"smoking","F001"
"7412","cg03078551",-0.0045,0.0011,4.3e-05,0.0027,"smoking","F001"
"7413","cg10440877",-0.0063,0.0015,4.3e-05,0.0027,"smoking","F001"
"7414","cg06603074",-0.0063,0.0015,4.3e-05,0.0027,"smoking","F001"
"7415","cg08159271",-0.0018,4e-04,4.3e-05,0.0027,"smoking","F001"
"7416","cg21323494",0.0043,0.001,4.3e-05,0.0027,"smoking","F001"
"7417","cg08883485",-0.015,0.0037,4.3e-05,0.0027,"smoking","F001"
"7418","cg03541338",-0.0015,4e-04,4.3e-05,0.0027,"smoking","F001"
"7419","cg01268824",-0.0069,0.0017,4.3e-05,0.0027,"smoking","F001"
"7420","cg07743702",0.0085,0.0021,4.3e-05,0.0027,"smoking","F001"
"7421","cg18634506",-0.0062,0.0015,4.3e-05,0.0027,"smoking","F001"
"7422","cg01847344",0.0041,0.001,4.3e-05,0.0027,"smoking","F001"
"7423","cg03329019",-0.0105,0.0026,4.3e-05,0.0027,"smoking","F001"
"7424","cg00015121",-0.0069,0.0017,4.3e-05,0.0027,"smoking","F001"
"7425","cg11738530",0.0037,9e-04,4.3e-05,0.0027,"smoking","F001"
"7426","cg02328221",0.0034,8e-04,4.3e-05,0.0027,"smoking","F001"
"7427","cg17214107",-0.0065,0.0016,4.3e-05,0.0027,"smoking","F001"
"7428","cg18025831",0.0116,0.0028,4.3e-05,0.0027,"smoking","F001"
"7429","cg13607323",-0.0067,0.0016,4.3e-05,0.0027,"smoking","F001"
"7430","cg17331950",0.0032,8e-04,4.3e-05,0.0027,"smoking","F001"
"7431","cg01074767",-0.0136,0.0033,4.3e-05,0.0027,"smoking","F001"
"7432","cg14420108",-0.0056,0.0014,4.3e-05,0.0027,"smoking","F001"
"7433","cg25717464",0.0033,8e-04,4.3e-05,0.0027,"smoking","F001"
"7434","cg02329038",-0.0042,0.001,4.3e-05,0.0027,"smoking","F001"
"7435","cg03345145",0.0037,9e-04,4.3e-05,0.0027,"smoking","F001"
"7436","cg13327545",-0.0048,0.0012,4.4e-05,0.0027,"smoking","F001"
"7437","cg25164589",0.0073,0.0018,4.4e-05,0.0027,"smoking","F001"
"7438","cg23878206",-0.0049,0.0012,4.4e-05,0.0027,"smoking","F001"
"7439","cg06556702",0.005,0.0012,4.4e-05,0.0027,"smoking","F001"
"7440","cg02594183",-0.0029,7e-04,4.4e-05,0.0027,"smoking","F001"
"7441","cg00236832",0.0028,7e-04,4.4e-05,0.0027,"smoking","F001"
"7442","cg02470179",0.0025,6e-04,4.4e-05,0.0027,"smoking","F001"
"7443","cg16408820",-0.0047,0.0012,4.4e-05,0.0027,"smoking","F001"
"7444","cg03347018",-0.0053,0.0013,4.4e-05,0.0027,"smoking","F001"
"7445","cg03588998",-0.0039,9e-04,4.4e-05,0.0027,"smoking","F001"
"7446","cg07065756",-0.0062,0.0015,4.4e-05,0.0027,"smoking","F001"
"7447","cg04546097",-0.003,7e-04,4.4e-05,0.0027,"smoking","F001"
"7448","cg27017172",-0.0035,9e-04,4.4e-05,0.0027,"smoking","F001"
"7449","cg10862018",-0.002,5e-04,4.4e-05,0.0027,"smoking","F001"
"7450","cg24112713",0.0026,6e-04,4.4e-05,0.0027,"smoking","F001"
"7451","cg05609160",-0.0067,0.0016,4.4e-05,0.0027,"smoking","F001"
"7452","cg16033053",0.0048,0.0012,4.4e-05,0.0027,"smoking","F001"
"7453","cg24815934",-0.0072,0.0018,4.4e-05,0.0028,"smoking","F001"
"7454","cg12549908",0.0069,0.0017,4.4e-05,0.0028,"smoking","F001"
"7455","cg20833182",-0.0022,5e-04,4.4e-05,0.0028,"smoking","F001"
"7456","cg14868574",0.0026,6e-04,4.4e-05,0.0028,"smoking","F001"
"7457","cg09065876",-0.0085,0.0021,4.4e-05,0.0028,"smoking","F001"
"7458","cg24735226",0.0124,0.003,4.4e-05,0.0028,"smoking","F001"
"7459","cg21301258",0.0058,0.0014,4.4e-05,0.0028,"smoking","F001"
"7460","cg16619378",-0.0102,0.0025,4.4e-05,0.0028,"smoking","F001"
"7461","cg07426848",-0.0029,7e-04,4.5e-05,0.0028,"smoking","F001"
"7462","cg12423658",0.0041,0.001,4.5e-05,0.0028,"smoking","F001"
"7463","cg08396193",-0.0102,0.0025,4.5e-05,0.0028,"smoking","F001"
"7464","cg20489453",-0.002,5e-04,4.5e-05,0.0028,"smoking","F001"
"7465","cg00860225",0.006,0.0015,4.5e-05,0.0028,"smoking","F001"
"7466","cg15298486",0.0053,0.0013,4.5e-05,0.0028,"smoking","F001"
"7467","cg13181251",-0.0042,0.001,4.5e-05,0.0028,"smoking","F001"
"7468","cg14127947",-0.0095,0.0023,4.5e-05,0.0028,"smoking","F001"
"7469","cg21606956",-0.0025,6e-04,4.5e-05,0.0028,"smoking","F001"
"7470","cg19586881",0.0023,6e-04,4.5e-05,0.0028,"smoking","F001"
"7471","cg03531326",0.0051,0.0013,4.5e-05,0.0028,"smoking","F001"
"7472","cg24940701",0.0014,3e-04,4.5e-05,0.0028,"smoking","F001"
"7473","cg10364115",-0.0066,0.0016,4.5e-05,0.0028,"smoking","F001"
"7474","cg08354281",7e-04,2e-04,4.5e-05,0.0028,"smoking","F001"
"7475","cg08926253",-0.0064,0.0016,4.5e-05,0.0028,"smoking","F001"
"7476","cg26407309",0.003,7e-04,4.5e-05,0.0028,"smoking","F001"
"7477","cg27353619",0.0031,8e-04,4.5e-05,0.0028,"smoking","F001"
"7478","cg13136655",-0.0084,0.0021,4.5e-05,0.0028,"smoking","F001"
"7479","cg07952905",-0.005,0.0012,4.6e-05,0.0028,"smoking","F001"
"7480","cg27138018",0.0021,5e-04,4.6e-05,0.0028,"smoking","F001"
"7481","cg07538190",-0.0071,0.0017,4.6e-05,0.0028,"smoking","F001"
"7482","cg08542090",0.0017,4e-04,4.6e-05,0.0028,"smoking","F001"
"7483","cg02781660",0.0017,4e-04,4.6e-05,0.0028,"smoking","F001"
"7484","cg22533683",-0.0093,0.0023,4.6e-05,0.0028,"smoking","F001"
"7485","cg10959672",-0.0036,9e-04,4.6e-05,0.0028,"smoking","F001"
"7486","cg15689795",-0.0035,9e-04,4.6e-05,0.0028,"smoking","F001"
"7487","cg22105582",9e-04,2e-04,4.6e-05,0.0028,"smoking","F001"
"7488","cg13993176",0.0032,8e-04,4.6e-05,0.0028,"smoking","F001"
"7489","cg11518509",0.0054,0.0013,4.6e-05,0.0029,"smoking","F001"
"7490","cg23731742",-0.0048,0.0012,4.6e-05,0.0029,"smoking","F001"
"7491","cg03134947",0.0016,4e-04,4.6e-05,0.0029,"smoking","F001"
"7492","cg06991974",-0.0052,0.0013,4.6e-05,0.0029,"smoking","F001"
"7493","cg18868483",0.0025,6e-04,4.6e-05,0.0029,"smoking","F001"
"7494","cg24427376",0.0052,0.0013,4.6e-05,0.0029,"smoking","F001"
"7495","cg07171504",-0.006,0.0015,4.6e-05,0.0029,"smoking","F001"
"7496","cg26305174",0.0043,0.0011,4.6e-05,0.0029,"smoking","F001"
"7497","cg20923498",-0.0068,0.0017,4.6e-05,0.0029,"smoking","F001"
"7498","cg21656246",-0.0043,0.001,4.6e-05,0.0029,"smoking","F001"
"7499","cg04552852",-0.0033,8e-04,4.6e-05,0.0029,"smoking","F001"
"7500","cg00605777",-0.0068,0.0017,4.6e-05,0.0029,"smoking","F001"
"7501","cg15597096",-0.0076,0.0019,4.6e-05,0.0029,"smoking","F001"
"7502","cg16859884",-0.0069,0.0017,4.6e-05,0.0029,"smoking","F001"
"7503","cg23679724",-0.0064,0.0016,4.6e-05,0.0029,"smoking","F001"
"7504","cg10877086",0.0019,5e-04,4.6e-05,0.0029,"smoking","F001"
"7505","cg27070951",-0.0066,0.0016,4.6e-05,0.0029,"smoking","F001"
"7506","cg20872937",0.0025,6e-04,4.7e-05,0.0029,"smoking","F001"
"7507","cg04029168",0.0022,5e-04,4.7e-05,0.0029,"smoking","F001"
"7508","cg05858079",-0.0027,7e-04,4.7e-05,0.0029,"smoking","F001"
"7509","cg25689499",0.0045,0.0011,4.7e-05,0.0029,"smoking","F001"
"7510","cg26038465",0.0032,8e-04,4.7e-05,0.0029,"smoking","F001"
"7511","cg12073833",-0.0057,0.0014,4.7e-05,0.0029,"smoking","F001"
"7512","cg04508951",-0.0053,0.0013,4.7e-05,0.0029,"smoking","F001"
"7513","cg23802419",0.0016,4e-04,4.7e-05,0.0029,"smoking","F001"
"7514","cg23581541",0.0034,8e-04,4.7e-05,0.0029,"smoking","F001"
"7515","cg11409350",-0.0051,0.0012,4.7e-05,0.0029,"smoking","F001"
"7516","cg13301454",-0.0054,0.0013,4.7e-05,0.0029,"smoking","F001"
"7517","cg17378803",-0.0067,0.0016,4.7e-05,0.0029,"smoking","F001"
"7518","cg17052976",-0.0036,9e-04,4.7e-05,0.0029,"smoking","F001"
"7519","cg18651026",0.0034,8e-04,4.7e-05,0.0029,"smoking","F001"
"7520","cg24228819",0.0024,6e-04,4.7e-05,0.0029,"smoking","F001"
"7521","cg24420089",0.0076,0.0019,4.7e-05,0.0029,"smoking","F001"
"7522","cg10211298",0.0018,5e-04,4.7e-05,0.0029,"smoking","F001"
"7523","cg11727383",0.0071,0.0018,4.7e-05,0.0029,"smoking","F001"
"7524","cg23686403",0.0021,5e-04,4.7e-05,0.0029,"smoking","F001"
"7525","cg19470652",0.0027,7e-04,4.7e-05,0.0029,"smoking","F001"
"7526","cg26292918",0.0038,9e-04,4.7e-05,0.0029,"smoking","F001"
"7527","cg08794544",0.0028,7e-04,4.7e-05,0.0029,"smoking","F001"
"7528","cg13804478",-0.0074,0.0018,4.7e-05,0.0029,"smoking","F001"
"7529","cg19427610",0.0026,6e-04,4.7e-05,0.0029,"smoking","F001"
"7530","cg10276227",0.0047,0.0012,4.7e-05,0.0029,"smoking","F001"
"7531","cg02675353",0.0026,6e-04,4.7e-05,0.0029,"smoking","F001"
"7532","cg08436467",0.0025,6e-04,4.7e-05,0.0029,"smoking","F001"
"7533","cg03253303",-0.0044,0.0011,4.7e-05,0.0029,"smoking","F001"
"7534","cg06567290",-0.0077,0.0019,4.7e-05,0.0029,"smoking","F001"
"7535","cg20357538",0.0068,0.0017,4.7e-05,0.0029,"smoking","F001"
"7536","cg17425818",-0.0093,0.0023,4.7e-05,0.0029,"smoking","F001"
"7537","cg12812167",-0.0023,6e-04,4.7e-05,0.0029,"smoking","F001"
"7538","cg00130530",-0.0052,0.0013,4.7e-05,0.0029,"smoking","F001"
"7539","cg13425938",-0.0098,0.0024,4.7e-05,0.0029,"smoking","F001"
"7540","cg05879505",0.0017,4e-04,4.7e-05,0.0029,"smoking","F001"
"7541","cg10422777",0.0044,0.0011,4.7e-05,0.0029,"smoking","F001"
"7542","cg05323251",-0.0055,0.0014,4.8e-05,0.0029,"smoking","F001"
"7543","cg15448366",0.0047,0.0012,4.8e-05,0.0029,"smoking","F001"
"7544","cg08625996",0.0027,7e-04,4.8e-05,0.0029,"smoking","F001"
"7545","cg14776578",0.0072,0.0018,4.8e-05,0.0029,"smoking","F001"
"7546","cg07048504",0.0118,0.0029,4.8e-05,0.0029,"smoking","F001"
"7547","cg04964471",0.0024,6e-04,4.8e-05,0.0029,"smoking","F001"
"7548","cg08103568",-0.0036,9e-04,4.8e-05,0.0029,"smoking","F001"
"7549","cg22888848",0.0048,0.0012,4.8e-05,0.0029,"smoking","F001"
"7550","cg26690744",-0.0037,9e-04,4.8e-05,0.0029,"smoking","F001"
"7551","cg03280245",0.0036,9e-04,4.8e-05,0.0029,"smoking","F001"
"7552","cg13521229",-0.005,0.0012,4.8e-05,0.0029,"smoking","F001"
"7553","cg03890167",-0.007,0.0017,4.8e-05,0.0029,"smoking","F001"
"7554","cg20403541",0.0037,9e-04,4.8e-05,0.003,"smoking","F001"
"7555","cg01117384",-0.0058,0.0014,4.8e-05,0.003,"smoking","F001"
"7556","cg07286682",0.0078,0.0019,4.8e-05,0.003,"smoking","F001"
"7557","cg24813995",-0.0054,0.0013,4.8e-05,0.003,"smoking","F001"
"7558","cg03704673",-0.013,0.0032,4.8e-05,0.003,"smoking","F001"
"7559","cg04956306",-0.005,0.0012,4.8e-05,0.003,"smoking","F001"
"7560","cg15821892",-0.0028,7e-04,4.8e-05,0.003,"smoking","F001"
"7561","cg10253967",0.0035,9e-04,4.8e-05,0.003,"smoking","F001"
"7562","cg22496559",0.0033,8e-04,4.8e-05,0.003,"smoking","F001"
"7563","cg13985485",0.0107,0.0026,4.8e-05,0.003,"smoking","F001"
"7564","cg21422361",-0.0048,0.0012,4.8e-05,0.003,"smoking","F001"
"7565","cg22732770",-0.0057,0.0014,4.8e-05,0.003,"smoking","F001"
"7566","cg18274559",-0.0023,6e-04,4.8e-05,0.003,"smoking","F001"
"7567","cg00774088",-0.0028,7e-04,4.8e-05,0.003,"smoking","F001"
"7568","cg01172150",0.0047,0.0012,4.8e-05,0.003,"smoking","F001"
"7569","cg00534655",-0.0053,0.0013,4.8e-05,0.003,"smoking","F001"
"7570","cg13709639",-0.0079,0.0019,4.8e-05,0.003,"smoking","F001"
"7571","cg13978175",-0.0065,0.0016,4.9e-05,0.003,"smoking","F001"
"7572","cg12982322",0.0051,0.0013,4.9e-05,0.003,"smoking","F001"
"7573","cg19502709",0.0051,0.0013,4.9e-05,0.003,"smoking","F001"
"7574","cg02549492",0.0054,0.0013,4.9e-05,0.003,"smoking","F001"
"7575","cg22762091",0.0036,9e-04,4.9e-05,0.003,"smoking","F001"
"7576","cg16997203",-0.0043,0.0011,4.9e-05,0.003,"smoking","F001"
"7577","cg13758780",-0.0061,0.0015,4.9e-05,0.003,"smoking","F001"
"7578","cg24499605",0.0092,0.0023,4.9e-05,0.003,"smoking","F001"
"7579","cg22792646",0.0031,8e-04,4.9e-05,0.003,"smoking","F001"
"7580","cg03014934",-0.0085,0.0021,4.9e-05,0.003,"smoking","F001"
"7581","cg09264140",0.003,7e-04,4.9e-05,0.003,"smoking","F001"
"7582","cg06532574",-0.0213,0.0053,4.9e-05,0.003,"smoking","F001"
"7583","cg12192566",0.0048,0.0012,4.9e-05,0.003,"smoking","F001"
"7584","cg18470038",0.003,7e-04,4.9e-05,0.003,"smoking","F001"
"7585","cg13321661",0.0032,8e-04,4.9e-05,0.003,"smoking","F001"
"7586","cg23093580",0.0066,0.0016,4.9e-05,0.003,"smoking","F001"
"7587","cg10950593",0.0059,0.0015,4.9e-05,0.003,"smoking","F001"
"7588","cg14187678",-0.0055,0.0013,4.9e-05,0.003,"smoking","F001"
"7589","cg18167715",-0.0012,3e-04,4.9e-05,0.003,"smoking","F001"
"7590","cg01297744",0.0029,7e-04,4.9e-05,0.003,"smoking","F001"
"7591","cg24851181",-0.0038,9e-04,4.9e-05,0.003,"smoking","F001"
"7592","cg16511225",0.0042,0.001,4.9e-05,0.003,"smoking","F001"
"7593","cg27280535",-0.0086,0.0021,4.9e-05,0.003,"smoking","F001"
"7594","cg20686828",-0.004,0.001,4.9e-05,0.003,"smoking","F001"
"7595","cg15570035",-0.005,0.0012,4.9e-05,0.003,"smoking","F001"
"7596","cg20188739",-0.0086,0.0021,4.9e-05,0.003,"smoking","F001"
"7597","cg19194373",0.0039,0.001,4.9e-05,0.003,"smoking","F001"
"7598","cg22274234",0.0076,0.0019,4.9e-05,0.003,"smoking","F001"
"7599","cg12386285",-0.0028,7e-04,4.9e-05,0.003,"smoking","F001"
"7600","cg25336765",0.0104,0.0026,4.9e-05,0.003,"smoking","F001"
"7601","cg06545367",-0.0104,0.0026,5e-05,0.003,"smoking","F001"
"7602","cg26169081",-0.0068,0.0017,5e-05,0.003,"smoking","F001"
"7603","cg02736908",-0.0102,0.0025,5e-05,0.003,"smoking","F001"
"7604","cg26182859",0.007,0.0017,5e-05,0.003,"smoking","F001"
"7605","cg25167447",-0.0099,0.0024,5e-05,0.003,"smoking","F001"
"7606","cg27543230",-0.0027,7e-04,5e-05,0.003,"smoking","F001"
"7607","cg22478317",-0.0071,0.0017,5e-05,0.003,"smoking","F001"
"7608","cg20015689",0.007,0.0017,5e-05,0.003,"smoking","F001"
"7609","cg26164773",-0.0018,5e-04,5e-05,0.003,"smoking","F001"
"7610","cg16468631",0.003,7e-04,5e-05,0.003,"smoking","F001"
"7611","cg14399790",0.0066,0.0016,5e-05,0.003,"smoking","F001"
"7612","cg09945120",0.0017,4e-04,5e-05,0.003,"smoking","F001"
"7613","cg10634619",-0.0069,0.0017,5e-05,0.0031,"smoking","F001"
"7614","cg04468281",0.0035,9e-04,5e-05,0.0031,"smoking","F001"
"7615","cg14341014",0.0026,6e-04,5e-05,0.0031,"smoking","F001"
"7616","cg01518508",0.0019,5e-04,5e-05,0.0031,"smoking","F001"
"7617","cg06636831",0.0087,0.0021,5e-05,0.0031,"smoking","F001"
"7618","cg07784959",0.0078,0.0019,5e-05,0.0031,"smoking","F001"
"7619","cg08694280",0.005,0.0012,5e-05,0.0031,"smoking","F001"
"7620","cg07847863",0.0042,0.001,5e-05,0.0031,"smoking","F001"
"7621","cg10546977",0.0036,9e-04,5e-05,0.0031,"smoking","F001"
"7622","cg12009872",-0.0036,9e-04,5e-05,0.0031,"smoking","F001"
"7623","cg10722410",-0.0058,0.0014,5e-05,0.0031,"smoking","F001"
"7624","cg10505257",0.0045,0.0011,5e-05,0.0031,"smoking","F001"
"7625","cg00377681",-0.0069,0.0017,5e-05,0.0031,"smoking","F001"
"7626","cg00932510",-0.004,0.001,5e-05,0.0031,"smoking","F001"
"7627","cg06675483",0.0044,0.0011,5e-05,0.0031,"smoking","F001"
"7628","cg22695729",0.0044,0.0011,5e-05,0.0031,"smoking","F001"
"7629","cg02656891",0.0056,0.0014,5.1e-05,0.0031,"smoking","F001"
"7630","cg21828319",0.0024,6e-04,5.1e-05,0.0031,"smoking","F001"
"7631","cg12080369",-0.002,5e-04,5.1e-05,0.0031,"smoking","F001"
"7632","cg10975863",-0.0069,0.0017,5.1e-05,0.0031,"smoking","F001"
"7633","cg09545109",-0.0052,0.0013,5.1e-05,0.0031,"smoking","F001"
"7634","cg22814740",-0.0052,0.0013,5.1e-05,0.0031,"smoking","F001"
"7635","cg01364172",-0.0041,0.001,5.1e-05,0.0031,"smoking","F001"
"7636","cg14373018",0.0056,0.0014,5.1e-05,0.0031,"smoking","F001"
"7637","cg16269431",0.0048,0.0012,5.1e-05,0.0031,"smoking","F001"
"7638","cg15813090",-0.0064,0.0016,5.1e-05,0.0031,"smoking","F001"
"7639","cg12738718",-0.0043,0.0011,5.1e-05,0.0031,"smoking","F001"
"7640","cg07035320",0.0073,0.0018,5.1e-05,0.0031,"smoking","F001"
"7641","cg23001918",-0.0052,0.0013,5.1e-05,0.0031,"smoking","F001"
"7642","cg10186733",0.0045,0.0011,5.1e-05,0.0031,"smoking","F001"
"7643","cg22712403",-0.0029,7e-04,5.1e-05,0.0031,"smoking","F001"
"7644","cg14542334",0.0068,0.0017,5.1e-05,0.0031,"smoking","F001"
"7645","cg10643489",-0.0095,0.0023,5.1e-05,0.0031,"smoking","F001"
"7646","cg04384987",-0.0026,6e-04,5.1e-05,0.0031,"smoking","F001"
"7647","cg16233311",-0.0042,0.001,5.1e-05,0.0031,"smoking","F001"
"7648","cg02183676",0.0028,7e-04,5.2e-05,0.0031,"smoking","F001"
"7649","cg01546857",0.0042,0.001,5.2e-05,0.0031,"smoking","F001"
"7650","cg04404543",-0.0071,0.0018,5.2e-05,0.0031,"smoking","F001"
"7651","cg02930200",0.0041,0.001,5.2e-05,0.0031,"smoking","F001"
"7652","cg21333217",0.0076,0.0019,5.2e-05,0.0031,"smoking","F001"
"7653","cg17949162",-0.0032,8e-04,5.2e-05,0.0031,"smoking","F001"
"7654","cg24011500",0.0066,0.0016,5.2e-05,0.0031,"smoking","F001"
"7655","cg05034124",-0.0035,9e-04,5.2e-05,0.0031,"smoking","F001"
"7656","cg14839501",-0.0051,0.0012,5.2e-05,0.0031,"smoking","F001"
"7657","cg06914048",0.0026,6e-04,5.2e-05,0.0031,"smoking","F001"
"7658","cg21302563",0.0074,0.0018,5.2e-05,0.0031,"smoking","F001"
"7659","cg09359106",0.0043,0.0011,5.2e-05,0.0032,"smoking","F001"
"7660","cg20408276",0.0108,0.0027,5.2e-05,0.0032,"smoking","F001"
"7661","cg04859826",-0.0056,0.0014,5.2e-05,0.0032,"smoking","F001"
"7662","cg10325659",-0.0045,0.0011,5.2e-05,0.0032,"smoking","F001"
"7663","cg15507334",0.0062,0.0015,5.2e-05,0.0032,"smoking","F001"
"7664","cg04687551",0.003,8e-04,5.2e-05,0.0032,"smoking","F001"
"7665","cg25894160",0.0068,0.0017,5.2e-05,0.0032,"smoking","F001"
"7666","cg10835770",-0.0038,9e-04,5.2e-05,0.0032,"smoking","F001"
"7667","cg03914735",0.0069,0.0017,5.2e-05,0.0032,"smoking","F001"
"7668","cg11042320",-0.0049,0.0012,5.3e-05,0.0032,"smoking","F001"
"7669","cg09387382",-0.0077,0.0019,5.3e-05,0.0032,"smoking","F001"
"7670","cg02891728",0.0056,0.0014,5.3e-05,0.0032,"smoking","F001"
"7671","cg02571874",0.0033,8e-04,5.3e-05,0.0032,"smoking","F001"
"7672","cg12281620",-0.0029,7e-04,5.3e-05,0.0032,"smoking","F001"
"7673","cg01023203",-0.003,7e-04,5.3e-05,0.0032,"smoking","F001"
"7674","cg01784327",0.0035,9e-04,5.3e-05,0.0032,"smoking","F001"
"7675","cg20294304",-0.0116,0.0029,5.3e-05,0.0032,"smoking","F001"
"7676","cg05589489",-0.0094,0.0023,5.3e-05,0.0032,"smoking","F001"
"7677","cg10894072",-0.0027,7e-04,5.3e-05,0.0032,"smoking","F001"
"7678","cg10117719",-0.0037,9e-04,5.3e-05,0.0032,"smoking","F001"
"7679","cg18923740",-0.0066,0.0016,5.3e-05,0.0032,"smoking","F001"
"7680","cg09092525",0.0065,0.0016,5.3e-05,0.0032,"smoking","F001"
"7681","cg10089865",-0.0039,0.001,5.3e-05,0.0032,"smoking","F001"
"7682","cg00566899",-0.0032,8e-04,5.3e-05,0.0032,"smoking","F001"
"7683","cg01396157",0.0051,0.0013,5.3e-05,0.0032,"smoking","F001"
"7684","cg16039142",0.0038,9e-04,5.3e-05,0.0032,"smoking","F001"
"7685","cg13895322",-0.0043,0.0011,5.3e-05,0.0032,"smoking","F001"
"7686","cg05206276",-0.0044,0.0011,5.3e-05,0.0032,"smoking","F001"
"7687","cg10257521",0.0025,6e-04,5.3e-05,0.0032,"smoking","F001"
"7688","cg23367119",-0.004,0.001,5.3e-05,0.0032,"smoking","F001"
"7689","cg08962798",-0.0043,0.0011,5.3e-05,0.0032,"smoking","F001"
"7690","cg07007550",-0.0029,7e-04,5.3e-05,0.0032,"smoking","F001"
"7691","cg23243617",-0.0029,7e-04,5.3e-05,0.0032,"smoking","F001"
"7692","cg11660418",-0.0033,8e-04,5.3e-05,0.0032,"smoking","F001"
"7693","cg00375250",0.0032,8e-04,5.3e-05,0.0032,"smoking","F001"
"7694","cg00517855",-0.0067,0.0017,5.4e-05,0.0032,"smoking","F001"
"7695","cg18441959",0.0067,0.0017,5.4e-05,0.0032,"smoking","F001"
"7696","cg24906410",-0.0065,0.0016,5.4e-05,0.0032,"smoking","F001"
"7697","cg22012981",-0.0043,0.0011,5.4e-05,0.0032,"smoking","F001"
"7698","cg14479136",0.0032,8e-04,5.4e-05,0.0032,"smoking","F001"
"7699","cg24358781",-0.0064,0.0016,5.4e-05,0.0032,"smoking","F001"
"7700","cg22434594",0.0045,0.0011,5.4e-05,0.0032,"smoking","F001"
"7701","cg05570654",0.0028,7e-04,5.4e-05,0.0032,"smoking","F001"
"7702","cg20863321",-0.0041,0.001,5.4e-05,0.0032,"smoking","F001"
"7703","cg00480331",0.0058,0.0014,5.4e-05,0.0032,"smoking","F001"
"7704","cg26680760",0.004,0.001,5.4e-05,0.0032,"smoking","F001"
"7705","cg06088032",-0.0022,5e-04,5.4e-05,0.0032,"smoking","F001"
"7706","cg06846495",-0.0058,0.0014,5.4e-05,0.0033,"smoking","F001"
"7707","cg24990317",0.0055,0.0014,5.4e-05,0.0033,"smoking","F001"
"7708","cg26543539",-0.0061,0.0015,5.4e-05,0.0033,"smoking","F001"
"7709","cg26211349",0.0074,0.0018,5.4e-05,0.0033,"smoking","F001"
"7710","cg18593727",0.0021,5e-04,5.4e-05,0.0033,"smoking","F001"
"7711","cg16361890",0.0032,8e-04,5.4e-05,0.0033,"smoking","F001"
"7712","cg13605674",0.0035,9e-04,5.4e-05,0.0033,"smoking","F001"
"7713","cg18437480",0.0028,7e-04,5.4e-05,0.0033,"smoking","F001"
"7714","cg10312186",-0.0103,0.0026,5.4e-05,0.0033,"smoking","F001"
"7715","cg01517033",-0.0027,7e-04,5.4e-05,0.0033,"smoking","F001"
"7716","cg20242066",0.0096,0.0024,5.4e-05,0.0033,"smoking","F001"
"7717","cg25687179",-0.0065,0.0016,5.4e-05,0.0033,"smoking","F001"
"7718","cg12514933",0.0028,7e-04,5.4e-05,0.0033,"smoking","F001"
"7719","cg23060465",0.0027,7e-04,5.4e-05,0.0033,"smoking","F001"
"7720","cg26979537",-0.0024,6e-04,5.4e-05,0.0033,"smoking","F001"
"7721","cg24702826",0.0052,0.0013,5.5e-05,0.0033,"smoking","F001"
"7722","cg06128881",-0.005,0.0012,5.5e-05,0.0033,"smoking","F001"
"7723","cg27442412",0.0021,5e-04,5.5e-05,0.0033,"smoking","F001"
"7724","cg16061228",0.0028,7e-04,5.5e-05,0.0033,"smoking","F001"
"7725","cg21123203",0.0038,9e-04,5.5e-05,0.0033,"smoking","F001"
"7726","cg18773591",-0.0052,0.0013,5.5e-05,0.0033,"smoking","F001"
"7727","cg13244241",-0.0018,4e-04,5.5e-05,0.0033,"smoking","F001"
"7728","cg27418217",0.0033,8e-04,5.5e-05,0.0033,"smoking","F001"
"7729","cg26942930",0.0022,5e-04,5.5e-05,0.0033,"smoking","F001"
"7730","cg01030476",-0.0075,0.0019,5.5e-05,0.0033,"smoking","F001"
"7731","cg06828143",0.0052,0.0013,5.5e-05,0.0033,"smoking","F001"
"7732","cg21881184",0.0032,8e-04,5.5e-05,0.0033,"smoking","F001"
"7733","cg03437540",0.0039,0.001,5.5e-05,0.0033,"smoking","F001"
"7734","cg16330893",0.0046,0.0011,5.5e-05,0.0033,"smoking","F001"
"7735","cg20288892",-0.0029,7e-04,5.5e-05,0.0033,"smoking","F001"
"7736","cg22353329",0.0041,0.001,5.5e-05,0.0033,"smoking","F001"
"7737","cg04064588",-0.0035,9e-04,5.5e-05,0.0033,"smoking","F001"
"7738","cg02564061",0.0045,0.0011,5.5e-05,0.0033,"smoking","F001"
"7739","cg17733447",-0.0072,0.0018,5.5e-05,0.0033,"smoking","F001"
"7740","cg05205351",-0.0082,0.002,5.5e-05,0.0033,"smoking","F001"
"7741","cg13986840",-0.0058,0.0014,5.5e-05,0.0033,"smoking","F001"
"7742","cg18443253",0.0044,0.0011,5.5e-05,0.0033,"smoking","F001"
"7743","cg11860203",0.0048,0.0012,5.5e-05,0.0033,"smoking","F001"
"7744","cg18000306",-0.0061,0.0015,5.5e-05,0.0033,"smoking","F001"
"7745","cg04873053",-0.0064,0.0016,5.5e-05,0.0033,"smoking","F001"
"7746","cg05789714",0.0031,8e-04,5.5e-05,0.0033,"smoking","F001"
"7747","cg27026202",-0.011,0.0027,5.6e-05,0.0033,"smoking","F001"
"7748","cg05989054",0.0037,9e-04,5.6e-05,0.0033,"smoking","F001"
"7749","cg02843201",0.0032,8e-04,5.6e-05,0.0033,"smoking","F001"
"7750","cg15727507",0.0091,0.0023,5.6e-05,0.0033,"smoking","F001"
"7751","cg11298343",-0.0053,0.0013,5.6e-05,0.0033,"smoking","F001"
"7752","cg04625615",-0.0087,0.0022,5.6e-05,0.0033,"smoking","F001"
"7753","cg25082487",0.0024,6e-04,5.6e-05,0.0033,"smoking","F001"
"7754","cg05043716",-0.0024,6e-04,5.6e-05,0.0033,"smoking","F001"
"7755","cg05168580",0.006,0.0015,5.6e-05,0.0033,"smoking","F001"
"7756","cg09553840",0.0061,0.0015,5.6e-05,0.0033,"smoking","F001"
"7757","cg02010963",-0.007,0.0017,5.6e-05,0.0033,"smoking","F001"
"7758","cg26108329",0.0041,0.001,5.6e-05,0.0033,"smoking","F001"
"7759","cg13711966",0.0076,0.0019,5.6e-05,0.0033,"smoking","F001"
"7760","cg11435167",0.0022,5e-04,5.6e-05,0.0033,"smoking","F001"
"7761","cg04731926",-0.0095,0.0023,5.6e-05,0.0033,"smoking","F001"
"7762","cg27449489",0.0046,0.0011,5.6e-05,0.0033,"smoking","F001"
"7763","cg07986199",-0.0087,0.0022,5.6e-05,0.0033,"smoking","F001"
"7764","cg26904702",0.0044,0.0011,5.6e-05,0.0033,"smoking","F001"
"7765","cg05506147",-0.0048,0.0012,5.6e-05,0.0033,"smoking","F001"
"7766","cg12800105",-0.006,0.0015,5.6e-05,0.0033,"smoking","F001"
"7767","cg13034825",9e-04,2e-04,5.6e-05,0.0033,"smoking","F001"
"7768","cg23845310",0.0034,8e-04,5.6e-05,0.0033,"smoking","F001"
"7769","cg26815396",-0.0056,0.0014,5.6e-05,0.0033,"smoking","F001"
"7770","cg14733637",-0.0044,0.0011,5.6e-05,0.0033,"smoking","F001"
"7771","cg05057720",0.0069,0.0017,5.6e-05,0.0033,"smoking","F001"
"7772","cg25819602",0.0016,4e-04,5.6e-05,0.0033,"smoking","F001"
"7773","cg27232360",0.0038,0.001,5.6e-05,0.0033,"smoking","F001"
"7774","cg08301612",-0.0084,0.0021,5.6e-05,0.0033,"smoking","F001"
"7775","cg18447299",0.0053,0.0013,5.6e-05,0.0034,"smoking","F001"
"7776","cg00183186",0.0052,0.0013,5.6e-05,0.0034,"smoking","F001"
"7777","cg22703659",-0.0016,4e-04,5.7e-05,0.0034,"smoking","F001"
"7778","cg03180426",-0.0046,0.0012,5.7e-05,0.0034,"smoking","F001"
"7779","cg21408581",-0.0047,0.0012,5.7e-05,0.0034,"smoking","F001"
"7780","cg06000951",0.0038,9e-04,5.7e-05,0.0034,"smoking","F001"
"7781","cg12600843",-0.0072,0.0018,5.7e-05,0.0034,"smoking","F001"
"7782","cg23840027",0.0072,0.0018,5.7e-05,0.0034,"smoking","F001"
"7783","cg21608192",-0.0014,4e-04,5.7e-05,0.0034,"smoking","F001"
"7784","cg01555705",0.0051,0.0013,5.7e-05,0.0034,"smoking","F001"
"7785","cg23689428",-0.0072,0.0018,5.7e-05,0.0034,"smoking","F001"
"7786","cg23606718",0.0044,0.0011,5.7e-05,0.0034,"smoking","F001"
"7787","cg05985317",-0.0084,0.0021,5.7e-05,0.0034,"smoking","F001"
"7788","cg00929860",-0.0072,0.0018,5.7e-05,0.0034,"smoking","F001"
"7789","cg04920385",-0.0041,0.001,5.7e-05,0.0034,"smoking","F001"
"7790","cg20852250",0.0057,0.0014,5.7e-05,0.0034,"smoking","F001"
"7791","cg26394916",-0.0035,9e-04,5.7e-05,0.0034,"smoking","F001"
"7792","cg04678936",-0.0036,9e-04,5.7e-05,0.0034,"smoking","F001"
"7793","cg23683674",0.0019,5e-04,5.7e-05,0.0034,"smoking","F001"
"7794","cg25075684",0.004,0.001,5.7e-05,0.0034,"smoking","F001"
"7795","cg25179853",-0.0065,0.0016,5.7e-05,0.0034,"smoking","F001"
"7796","cg00718129",-0.0075,0.0019,5.7e-05,0.0034,"smoking","F001"
"7797","cg09715059",-0.0068,0.0017,5.7e-05,0.0034,"smoking","F001"
"7798","cg24170090",-0.0019,5e-04,5.7e-05,0.0034,"smoking","F001"
"7799","cg00969087",-0.006,0.0015,5.7e-05,0.0034,"smoking","F001"
"7800","cg17869315",-0.003,8e-04,5.8e-05,0.0034,"smoking","F001"
"7801","cg07877900",0.0078,0.0019,5.8e-05,0.0034,"smoking","F001"
"7802","cg02975505",-0.0027,7e-04,5.8e-05,0.0034,"smoking","F001"
"7803","cg14288235",0.0021,5e-04,5.8e-05,0.0034,"smoking","F001"
"7804","cg25963412",0.0046,0.0012,5.8e-05,0.0034,"smoking","F001"
"7805","cg05572179",0.0021,5e-04,5.8e-05,0.0034,"smoking","F001"
"7806","cg06195293",0.0055,0.0014,5.8e-05,0.0034,"smoking","F001"
"7807","cg08505243",0.0069,0.0017,5.8e-05,0.0034,"smoking","F001"
"7808","cg02832697",-0.0108,0.0027,5.8e-05,0.0034,"smoking","F001"
"7809","cg14073922",0.0031,8e-04,5.8e-05,0.0034,"smoking","F001"
"7810","cg13493071",-0.0035,9e-04,5.8e-05,0.0034,"smoking","F001"
"7811","cg17581104",-0.0041,0.001,5.8e-05,0.0034,"smoking","F001"
"7812","cg04433322",-0.006,0.0015,5.8e-05,0.0034,"smoking","F001"
"7813","cg02749804",-0.0051,0.0013,5.8e-05,0.0034,"smoking","F001"
"7814","cg08358188",-0.0027,7e-04,5.8e-05,0.0034,"smoking","F001"
"7815","cg13636952",0.009,0.0022,5.8e-05,0.0034,"smoking","F001"
"7816","cg00751072",0.0042,0.0011,5.8e-05,0.0034,"smoking","F001"
"7817","cg09644153",0.0058,0.0014,5.8e-05,0.0034,"smoking","F001"
"7818","cg18205770",-0.0048,0.0012,5.8e-05,0.0034,"smoking","F001"
"7819","cg01865484",0.002,5e-04,5.8e-05,0.0034,"smoking","F001"
"7820","cg22915582",-0.0016,4e-04,5.8e-05,0.0034,"smoking","F001"
"7821","cg00286497",0.003,8e-04,5.8e-05,0.0034,"smoking","F001"
"7822","cg03773862",-0.0062,0.0015,5.8e-05,0.0034,"smoking","F001"
"7823","cg15465439",0.0066,0.0016,5.9e-05,0.0035,"smoking","F001"
"7824","cg06586496",0.0019,5e-04,5.9e-05,0.0035,"smoking","F001"
"7825","cg24972288",0.0012,3e-04,5.9e-05,0.0035,"smoking","F001"
"7826","cg21182407",-0.0039,0.001,5.9e-05,0.0035,"smoking","F001"
"7827","cg01928820",0.005,0.0013,5.9e-05,0.0035,"smoking","F001"
"7828","cg26301908",-0.0019,5e-04,5.9e-05,0.0035,"smoking","F001"
"7829","cg12907959",0.0016,4e-04,5.9e-05,0.0035,"smoking","F001"
"7830","cg16871828",0.0032,8e-04,5.9e-05,0.0035,"smoking","F001"
"7831","cg03844971",-0.0026,6e-04,5.9e-05,0.0035,"smoking","F001"
"7832","cg13877801",0.0039,0.001,5.9e-05,0.0035,"smoking","F001"
"7833","cg12422704",0.0033,8e-04,5.9e-05,0.0035,"smoking","F001"
"7834","cg04628369",0.0053,0.0013,5.9e-05,0.0035,"smoking","F001"
"7835","cg08375941",-0.0072,0.0018,5.9e-05,0.0035,"smoking","F001"
"7836","cg24496475",0.0095,0.0024,5.9e-05,0.0035,"smoking","F001"
"7837","cg17467525",-0.0072,0.0018,5.9e-05,0.0035,"smoking","F001"
"7838","cg20244073",-0.009,0.0022,5.9e-05,0.0035,"smoking","F001"
"7839","cg06707369",0.0032,8e-04,5.9e-05,0.0035,"smoking","F001"
"7840","cg11202634",0.0046,0.0011,5.9e-05,0.0035,"smoking","F001"
"7841","cg12407791",0.0068,0.0017,5.9e-05,0.0035,"smoking","F001"
"7842","cg13935009",-0.0045,0.0011,5.9e-05,0.0035,"smoking","F001"
"7843","cg12284098",0.0093,0.0023,5.9e-05,0.0035,"smoking","F001"
"7844","cg09513380",0.0032,8e-04,6e-05,0.0035,"smoking","F001"
"7845","cg11673244",-0.0057,0.0014,6e-05,0.0035,"smoking","F001"
"7846","cg08094571",-0.0059,0.0015,6e-05,0.0035,"smoking","F001"
"7847","cg27664496",0.0093,0.0023,6e-05,0.0035,"smoking","F001"
"7848","cg00049323",-0.0077,0.0019,6e-05,0.0035,"smoking","F001"
"7849","cg13577072",0.0027,7e-04,6e-05,0.0035,"smoking","F001"
"7850","cg23617121",0.0042,0.001,6e-05,0.0035,"smoking","F001"
"7851","cg14422366",-0.0039,0.001,6e-05,0.0035,"smoking","F001"
"7852","cg14783891",0.0034,9e-04,6e-05,0.0035,"smoking","F001"
"7853","cg08362785",0.0045,0.0011,6e-05,0.0035,"smoking","F001"
"7854","cg03281572",-0.0059,0.0015,6e-05,0.0035,"smoking","F001"
"7855","cg02623114",-0.004,0.001,6e-05,0.0035,"smoking","F001"
"7856","cg26888012",-0.0046,0.0011,6e-05,0.0035,"smoking","F001"
"7857","cg17611742",-0.0088,0.0022,6e-05,0.0035,"smoking","F001"
"7858","cg13105904",-0.0115,0.0029,6e-05,0.0035,"smoking","F001"
"7859","cg18972123",-0.0076,0.0019,6e-05,0.0035,"smoking","F001"
"7860","cg10163955",-0.0177,0.0044,6e-05,0.0035,"smoking","F001"
"7861","cg20981219",-0.0052,0.0013,6.1e-05,0.0036,"smoking","F001"
"7862","cg14155397",-0.0056,0.0014,6.1e-05,0.0036,"smoking","F001"
"7863","cg10161194",-0.0022,5e-04,6.1e-05,0.0036,"smoking","F001"
"7864","cg16536016",0.0024,6e-04,6.1e-05,0.0036,"smoking","F001"
"7865","cg12899248",-0.003,8e-04,6.1e-05,0.0036,"smoking","F001"
"7866","cg10189607",0.0021,5e-04,6.1e-05,0.0036,"smoking","F001"
"7867","cg12500731",0.0071,0.0018,6.1e-05,0.0036,"smoking","F001"
"7868","cg18335607",0.0034,9e-04,6.1e-05,0.0036,"smoking","F001"
"7869","cg13166098",-0.0032,8e-04,6.1e-05,0.0036,"smoking","F001"
"7870","cg14255337",-0.005,0.0012,6.1e-05,0.0036,"smoking","F001"
"7871","cg16095155",-0.0056,0.0014,6.1e-05,0.0036,"smoking","F001"
"7872","cg00408678",-0.004,0.001,6.1e-05,0.0036,"smoking","F001"
"7873","cg05084700",-0.0028,7e-04,6.1e-05,0.0036,"smoking","F001"
"7874","cg25110782",-0.0033,8e-04,6.1e-05,0.0036,"smoking","F001"
"7875","cg02447620",-0.0064,0.0016,6.1e-05,0.0036,"smoking","F001"
"7876","cg01938023",0.0031,8e-04,6.1e-05,0.0036,"smoking","F001"
"7877","cg26775087",0.0067,0.0017,6.1e-05,0.0036,"smoking","F001"
"7878","cg02169286",0.0028,7e-04,6.1e-05,0.0036,"smoking","F001"
"7879","cg00127150",-0.0053,0.0013,6.1e-05,0.0036,"smoking","F001"
"7880","cg15701047",0.0025,6e-04,6.2e-05,0.0036,"smoking","F001"
"7881","cg19279257",0.0044,0.0011,6.2e-05,0.0036,"smoking","F001"
"7882","cg12417775",0.0059,0.0015,6.2e-05,0.0036,"smoking","F001"
"7883","cg26816688",-0.0027,7e-04,6.2e-05,0.0036,"smoking","F001"
"7884","cg20721121",-8e-04,2e-04,6.2e-05,0.0036,"smoking","F001"
"7885","cg17113856",-0.007,0.0017,6.2e-05,0.0036,"smoking","F001"
"7886","cg08857310",0.0017,4e-04,6.2e-05,0.0036,"smoking","F001"
"7887","cg01904243",-0.0064,0.0016,6.2e-05,0.0036,"smoking","F001"
"7888","cg11036041",-0.0132,0.0033,6.2e-05,0.0036,"smoking","F001"
"7889","cg21511321",0.0039,0.001,6.2e-05,0.0036,"smoking","F001"
"7890","cg02162897",0.0054,0.0014,6.2e-05,0.0036,"smoking","F001"
"7891","cg14790107",-0.0045,0.0011,6.2e-05,0.0036,"smoking","F001"
"7892","cg10121429",-0.0026,6e-04,6.2e-05,0.0036,"smoking","F001"
"7893","cg21883293",0.0033,8e-04,6.2e-05,0.0036,"smoking","F001"
"7894","cg12195135",-0.0032,8e-04,6.2e-05,0.0036,"smoking","F001"
"7895","cg00476771",0.0052,0.0013,6.2e-05,0.0036,"smoking","F001"
"7896","cg16948827",0.0018,4e-04,6.2e-05,0.0036,"smoking","F001"
"7897","cg23686174",-0.0017,4e-04,6.2e-05,0.0036,"smoking","F001"
"7898","cg01196858",-0.0057,0.0014,6.2e-05,0.0036,"smoking","F001"
"7899","cg26883251",-0.0093,0.0023,6.2e-05,0.0036,"smoking","F001"
"7900","cg26655340",0.0049,0.0012,6.2e-05,0.0036,"smoking","F001"
"7901","cg05595692",0.0028,7e-04,6.2e-05,0.0036,"smoking","F001"
"7902","cg05010058",-0.003,8e-04,6.2e-05,0.0036,"smoking","F001"
"7903","cg00563926",0.0071,0.0018,6.2e-05,0.0036,"smoking","F001"
"7904","cg17611674",-0.0038,9e-04,6.3e-05,0.0036,"smoking","F001"
"7905","cg17599748",-0.0067,0.0017,6.3e-05,0.0036,"smoking","F001"
"7906","cg17901382",0.0089,0.0022,6.3e-05,0.0036,"smoking","F001"
"7907","cg20539752",0.0023,6e-04,6.3e-05,0.0036,"smoking","F001"
"7908","cg04754652",0.0054,0.0013,6.3e-05,0.0036,"smoking","F001"
"7909","cg14835443",0.0022,5e-04,6.3e-05,0.0036,"smoking","F001"
"7910","cg01771019",-0.005,0.0013,6.3e-05,0.0036,"smoking","F001"
"7911","cg18417061",-0.0029,7e-04,6.3e-05,0.0037,"smoking","F001"
"7912","cg21685138",0.0022,6e-04,6.3e-05,0.0037,"smoking","F001"
"7913","cg08147181",0.0031,8e-04,6.3e-05,0.0037,"smoking","F001"
"7914","cg04677158",-0.0078,0.002,6.3e-05,0.0037,"smoking","F001"
"7915","cg11789371",-0.003,7e-04,6.3e-05,0.0037,"smoking","F001"
"7916","cg27060381",-0.0035,9e-04,6.3e-05,0.0037,"smoking","F001"
"7917","cg03854595",-0.0028,7e-04,6.3e-05,0.0037,"smoking","F001"
"7918","cg10646402",0.0029,7e-04,6.3e-05,0.0037,"smoking","F001"
"7919","cg16582344",-9e-04,2e-04,6.3e-05,0.0037,"smoking","F001"
"7920","cg14032371",-0.0021,5e-04,6.3e-05,0.0037,"smoking","F001"
"7921","cg02922280",-0.0033,8e-04,6.3e-05,0.0037,"smoking","F001"
"7922","cg13633262",-0.0045,0.0011,6.3e-05,0.0037,"smoking","F001"
"7923","cg14538319",-0.0027,7e-04,6.4e-05,0.0037,"smoking","F001"
"7924","cg12336290",0.0062,0.0016,6.4e-05,0.0037,"smoking","F001"
"7925","cg07212818",-0.0074,0.0019,6.4e-05,0.0037,"smoking","F001"
"7926","cg09787315",0.0029,7e-04,6.4e-05,0.0037,"smoking","F001"
"7927","cg04788957",-0.0056,0.0014,6.4e-05,0.0037,"smoking","F001"
"7928","cg02629761",-0.0025,6e-04,6.4e-05,0.0037,"smoking","F001"
"7929","cg14141458",0.0047,0.0012,6.4e-05,0.0037,"smoking","F001"
"7930","cg22700848",0.0045,0.0011,6.4e-05,0.0037,"smoking","F001"
"7931","cg09162537",0.0079,0.002,6.4e-05,0.0037,"smoking","F001"
"7932","cg00760562",-0.0054,0.0013,6.4e-05,0.0037,"smoking","F001"
"7933","cg02175308",0.0068,0.0017,6.4e-05,0.0037,"smoking","F001"
"7934","cg06696815",-0.0038,0.001,6.4e-05,0.0037,"smoking","F001"
"7935","cg04234016",-0.0063,0.0016,6.5e-05,0.0037,"smoking","F001"
"7936","cg04929932",-0.0094,0.0024,6.5e-05,0.0037,"smoking","F001"
"7937","cg01782097",0.0037,9e-04,6.5e-05,0.0037,"smoking","F001"
"7938","cg22845855",-0.0068,0.0017,6.5e-05,0.0037,"smoking","F001"
"7939","cg14973995",-0.0044,0.0011,6.5e-05,0.0037,"smoking","F001"
"7940","cg06394247",0.0036,9e-04,6.5e-05,0.0037,"smoking","F001"
"7941","cg17779676",-0.0051,0.0013,6.5e-05,0.0037,"smoking","F001"
"7942","cg11908057",-0.0086,0.0021,6.5e-05,0.0038,"smoking","F001"
"7943","cg09697696",-0.0047,0.0012,6.5e-05,0.0038,"smoking","F001"
"7944","cg06786600",0.0042,0.001,6.5e-05,0.0038,"smoking","F001"
"7945","cg09682213",0.0032,8e-04,6.5e-05,0.0038,"smoking","F001"
"7946","cg08262220",-0.0099,0.0025,6.5e-05,0.0038,"smoking","F001"
"7947","cg05021842",-0.007,0.0018,6.5e-05,0.0038,"smoking","F001"
"7948","cg19957803",-0.0027,7e-04,6.5e-05,0.0038,"smoking","F001"
"7949","cg11690578",-0.0086,0.0022,6.5e-05,0.0038,"smoking","F001"
"7950","cg19646112",0.0026,7e-04,6.5e-05,0.0038,"smoking","F001"
"7951","cg10932907",-0.0042,0.001,6.5e-05,0.0038,"smoking","F001"
"7952","cg22345692",0.0015,4e-04,6.5e-05,0.0038,"smoking","F001"
"7953","cg00591868",-0.0054,0.0013,6.5e-05,0.0038,"smoking","F001"
"7954","cg06279471",-0.0045,0.0011,6.5e-05,0.0038,"smoking","F001"
"7955","cg08790319",-0.0051,0.0013,6.5e-05,0.0038,"smoking","F001"
"7956","cg18433086",-0.0102,0.0025,6.5e-05,0.0038,"smoking","F001"
"7957","cg25163651",0.0066,0.0017,6.5e-05,0.0038,"smoking","F001"
"7958","cg26127778",0.009,0.0022,6.5e-05,0.0038,"smoking","F001"
"7959","cg23319477",-0.0093,0.0023,6.5e-05,0.0038,"smoking","F001"
"7960","cg24004665",-0.0047,0.0012,6.5e-05,0.0038,"smoking","F001"
"7961","cg19951663",0.003,7e-04,6.6e-05,0.0038,"smoking","F001"
"7962","cg02003183",0.0115,0.0029,6.6e-05,0.0038,"smoking","F001"
"7963","cg01685893",0.0062,0.0016,6.6e-05,0.0038,"smoking","F001"
"7964","cg14295924",-0.006,0.0015,6.6e-05,0.0038,"smoking","F001"
"7965","cg11254522",0.0062,0.0016,6.6e-05,0.0038,"smoking","F001"
"7966","cg03884792",-9e-04,2e-04,6.6e-05,0.0038,"smoking","F001"
"7967","cg26521448",-0.0022,6e-04,6.6e-05,0.0038,"smoking","F001"
"7968","cg23063440",0.0036,9e-04,6.6e-05,0.0038,"smoking","F001"
"7969","cg16630369",-0.005,0.0013,6.6e-05,0.0038,"smoking","F001"
"7970","cg13624385",0.0022,5e-04,6.6e-05,0.0038,"smoking","F001"
"7971","cg20165946",0.0027,7e-04,6.6e-05,0.0038,"smoking","F001"
"7972","cg01777397",0.003,7e-04,6.7e-05,0.0038,"smoking","F001"
"7973","cg05462570",0.0028,7e-04,6.7e-05,0.0038,"smoking","F001"
"7974","cg01445838",0.005,0.0012,6.7e-05,0.0038,"smoking","F001"
"7975","cg05707236",-0.0038,9e-04,6.7e-05,0.0038,"smoking","F001"
"7976","cg11921539",-0.0069,0.0017,6.7e-05,0.0038,"smoking","F001"
"7977","cg10778249",-0.0046,0.0012,6.7e-05,0.0038,"smoking","F001"
"7978","cg09616053",-0.0039,0.001,6.7e-05,0.0038,"smoking","F001"
"7979","cg07686035",-0.0048,0.0012,6.7e-05,0.0038,"smoking","F001"
"7980","cg24041900",0.0023,6e-04,6.7e-05,0.0039,"smoking","F001"
"7981","cg13504055",-0.0049,0.0012,6.7e-05,0.0039,"smoking","F001"
"7982","cg04641171",0.0025,6e-04,6.7e-05,0.0039,"smoking","F001"
"7983","cg03287574",0.0049,0.0012,6.7e-05,0.0039,"smoking","F001"
"7984","cg14844236",0.0044,0.0011,6.7e-05,0.0039,"smoking","F001"
"7985","cg17672846",0.0041,0.001,6.7e-05,0.0039,"smoking","F001"
"7986","cg27018424",-0.0063,0.0016,6.7e-05,0.0039,"smoking","F001"
"7987","cg14213992",-0.0015,4e-04,6.7e-05,0.0039,"smoking","F001"
"7988","cg16661744",0.0023,6e-04,6.7e-05,0.0039,"smoking","F001"
"7989","cg10920224",0.0198,0.005,6.7e-05,0.0039,"smoking","F001"
"7990","cg22376929",-0.0071,0.0018,6.7e-05,0.0039,"smoking","F001"
"7991","cg01202265",0.0027,7e-04,6.7e-05,0.0039,"smoking","F001"
"7992","cg03997643",-0.0047,0.0012,6.7e-05,0.0039,"smoking","F001"
"7993","cg02889774",0.0041,0.001,6.7e-05,0.0039,"smoking","F001"
"7994","cg14275511",-0.0038,9e-04,6.7e-05,0.0039,"smoking","F001"
"7995","cg27345946",-0.006,0.0015,6.7e-05,0.0039,"smoking","F001"
"7996","cg12068280",0.0048,0.0012,6.7e-05,0.0039,"smoking","F001"
"7997","cg25458175",-0.0103,0.0026,6.7e-05,0.0039,"smoking","F001"
"7998","cg14754787",0.0067,0.0017,6.8e-05,0.0039,"smoking","F001"
"7999","cg20460771",0.0096,0.0024,6.8e-05,0.0039,"smoking","F001"
"8000","cg09091424",-0.0033,8e-04,6.8e-05,0.0039,"smoking","F001"
"8001","cg13407335",-0.01,0.0025,6.8e-05,0.0039,"smoking","F001"
"8002","cg06713373",0.0049,0.0012,6.8e-05,0.0039,"smoking","F001"
"8003","cg09214254",0.0032,8e-04,6.8e-05,0.0039,"smoking","F001"
"8004","cg14777342",-0.0037,9e-04,6.8e-05,0.0039,"smoking","F001"
"8005","cg24776142",-0.0045,0.0011,6.8e-05,0.0039,"smoking","F001"
"8006","cg17478203",-0.0069,0.0017,6.8e-05,0.0039,"smoking","F001"
"8007","cg07970325",0.0045,0.0011,6.8e-05,0.0039,"smoking","F001"
"8008","cg07554011",-0.0044,0.0011,6.8e-05,0.0039,"smoking","F001"
"8009","cg00521255",0.0039,0.001,6.8e-05,0.0039,"smoking","F001"
"8010","cg05383524",-0.0025,6e-04,6.9e-05,0.0039,"smoking","F001"
"8011","cg03295852",-0.0061,0.0015,6.9e-05,0.0039,"smoking","F001"
"8012","cg05027554",0.0025,6e-04,6.9e-05,0.0039,"smoking","F001"
"8013","cg02933139",-0.0043,0.0011,6.9e-05,0.0039,"smoking","F001"
"8014","cg22321318",-0.007,0.0018,6.9e-05,0.0039,"smoking","F001"
"8015","cg24790419",-0.004,0.001,6.9e-05,0.0039,"smoking","F001"
"8016","cg09386420",-0.0033,8e-04,6.9e-05,0.0039,"smoking","F001"
"8017","cg22111118",-0.002,5e-04,6.9e-05,0.0039,"smoking","F001"
"8018","cg26942943",-0.0028,7e-04,6.9e-05,0.0039,"smoking","F001"
"8019","cg27589594",-0.0034,9e-04,6.9e-05,0.0039,"smoking","F001"
"8020","cg10061906",-0.0049,0.0012,6.9e-05,0.0039,"smoking","F001"
"8021","cg08529852",-0.0033,8e-04,6.9e-05,0.0039,"smoking","F001"
"8022","cg03894068",0.0041,0.001,6.9e-05,0.0039,"smoking","F001"
"8023","cg10295552",0.0065,0.0016,6.9e-05,0.0039,"smoking","F001"
"8024","cg24718382",-0.0061,0.0015,6.9e-05,0.0039,"smoking","F001"
"8025","cg09233980",-0.0031,8e-04,6.9e-05,0.0039,"smoking","F001"
"8026","cg12812394",0.0026,7e-04,6.9e-05,0.0039,"smoking","F001"
"8027","cg00785482",0.0042,0.001,6.9e-05,0.0039,"smoking","F001"
"8028","cg10417386",0.0111,0.0028,6.9e-05,0.0039,"smoking","F001"
"8029","cg19393677",-0.0054,0.0014,6.9e-05,0.0039,"smoking","F001"
"8030","cg19666256",-0.0039,0.001,6.9e-05,0.004,"smoking","F001"
"8031","cg10993074",-0.004,0.001,6.9e-05,0.004,"smoking","F001"
"8032","cg05421688",0.0022,5e-04,6.9e-05,0.004,"smoking","F001"
"8033","cg19118972",0.0033,8e-04,6.9e-05,0.004,"smoking","F001"
"8034","cg14786790",0.011,0.0028,6.9e-05,0.004,"smoking","F001"
"8035","cg02324920",-0.0053,0.0013,6.9e-05,0.004,"smoking","F001"
"8036","cg01174140",0.0029,7e-04,6.9e-05,0.004,"smoking","F001"
"8037","cg05306310",0.0071,0.0018,6.9e-05,0.004,"smoking","F001"
"8038","cg00340102",-0.0044,0.0011,6.9e-05,0.004,"smoking","F001"
"8039","cg01924434",-0.0071,0.0018,7e-05,0.004,"smoking","F001"
"8040","cg15375424",0.0037,9e-04,7e-05,0.004,"smoking","F001"
"8041","cg00220294",0.0032,8e-04,7e-05,0.004,"smoking","F001"
"8042","cg00842549",-0.0086,0.0022,7e-05,0.004,"smoking","F001"
"8043","cg02641676",-0.0051,0.0013,7e-05,0.004,"smoking","F001"
"8044","cg19100357",-0.0045,0.0011,7e-05,0.004,"smoking","F001"
"8045","cg02895394",-0.0062,0.0016,7e-05,0.004,"smoking","F001"
"8046","cg09144707",-0.0062,0.0016,7e-05,0.004,"smoking","F001"
"8047","cg18253799",-0.0011,3e-04,7e-05,0.004,"smoking","F001"
"8048","cg17093466",-0.0067,0.0017,7e-05,0.004,"smoking","F001"
"8049","cg22444102",-0.0046,0.0011,7e-05,0.004,"smoking","F001"
"8050","cg24676244",0.0066,0.0017,7e-05,0.004,"smoking","F001"
"8051","cg10589813",-0.0078,0.002,7e-05,0.004,"smoking","F001"
"8052","cg13451416",-0.0034,9e-04,7e-05,0.004,"smoking","F001"
"8053","cg00134210",-0.0053,0.0013,7e-05,0.004,"smoking","F001"
"8054","cg11180921",-0.0027,7e-04,7e-05,0.004,"smoking","F001"
"8055","cg00857907",-0.0068,0.0017,7.1e-05,0.004,"smoking","F001"
"8056","cg08469215",0.0044,0.0011,7.1e-05,0.004,"smoking","F001"
"8057","cg03630015",-0.0071,0.0018,7.1e-05,0.004,"smoking","F001"
"8058","cg10501454",-0.0034,9e-04,7.1e-05,0.004,"smoking","F001"
"8059","cg18030615",-0.0055,0.0014,7.1e-05,0.004,"smoking","F001"
"8060","cg16151494",0.0081,0.002,7.1e-05,0.004,"smoking","F001"
"8061","cg23268208",0.0043,0.0011,7.1e-05,0.004,"smoking","F001"
"8062","cg19719478",-0.007,0.0018,7.1e-05,0.004,"smoking","F001"
"8063","cg12273325",-0.0084,0.0021,7.1e-05,0.004,"smoking","F001"
"8064","cg07145783",0.0057,0.0014,7.1e-05,0.0041,"smoking","F001"
"8065","cg21870645",0.0014,3e-04,7.2e-05,0.0041,"smoking","F001"
"8066","cg18899220",-0.0036,9e-04,7.2e-05,0.0041,"smoking","F001"
"8067","cg15722526",-0.0028,7e-04,7.2e-05,0.0041,"smoking","F001"
"8068","cg24440302",-0.0039,0.001,7.2e-05,0.0041,"smoking","F001"
"8069","cg02493846",0.0038,0.001,7.2e-05,0.0041,"smoking","F001"
"8070","cg26055446",-0.004,0.001,7.2e-05,0.0041,"smoking","F001"
"8071","cg22309696",-0.0049,0.0012,7.2e-05,0.0041,"smoking","F001"
"8072","cg25094569",0.0032,8e-04,7.2e-05,0.0041,"smoking","F001"
"8073","cg05635617",0.0021,5e-04,7.2e-05,0.0041,"smoking","F001"
"8074","cg22130205",-0.0047,0.0012,7.2e-05,0.0041,"smoking","F001"
"8075","cg01693350",0.0091,0.0023,7.2e-05,0.0041,"smoking","F001"
"8076","cg24679905",0.005,0.0013,7.2e-05,0.0041,"smoking","F001"
"8077","cg12149986",-0.0015,4e-04,7.2e-05,0.0041,"smoking","F001"
"8078","cg16567172",0.0055,0.0014,7.2e-05,0.0041,"smoking","F001"
"8079","cg07269053",-0.008,0.002,7.2e-05,0.0041,"smoking","F001"
"8080","cg19524238",-0.0052,0.0013,7.2e-05,0.0041,"smoking","F001"
"8081","cg11745355",-0.0074,0.0019,7.3e-05,0.0041,"smoking","F001"
"8082","cg13046524",-0.006,0.0015,7.3e-05,0.0041,"smoking","F001"
"8083","cg05701791",0.0024,6e-04,7.3e-05,0.0041,"smoking","F001"
"8084","cg07241479",0.0054,0.0014,7.3e-05,0.0041,"smoking","F001"
"8085","cg21024495",0.0054,0.0014,7.3e-05,0.0041,"smoking","F001"
"8086","cg05593715",-0.0061,0.0015,7.3e-05,0.0041,"smoking","F001"
"8087","cg18464364",-0.0024,6e-04,7.3e-05,0.0041,"smoking","F001"
"8088","cg02304156",0.0059,0.0015,7.3e-05,0.0041,"smoking","F001"
"8089","cg16000022",0.0042,0.0011,7.3e-05,0.0041,"smoking","F001"
"8090","cg22459081",-0.0031,8e-04,7.3e-05,0.0041,"smoking","F001"
"8091","cg22065614",0.0034,9e-04,7.3e-05,0.0041,"smoking","F001"
"8092","cg23045716",-0.0041,0.001,7.3e-05,0.0041,"smoking","F001"
"8093","cg18067793",-0.0035,9e-04,7.3e-05,0.0041,"smoking","F001"
"8094","cg21524538",-0.0095,0.0024,7.3e-05,0.0041,"smoking","F001"
"8095","cg04260676",0.0042,0.0011,7.3e-05,0.0041,"smoking","F001"
"8096","cg07912689",0.0016,4e-04,7.3e-05,0.0041,"smoking","F001"
"8097","cg14094521",0.0048,0.0012,7.3e-05,0.0041,"smoking","F001"
"8098","cg12656085",-0.0026,7e-04,7.3e-05,0.0041,"smoking","F001"
"8099","cg03962527",-0.0118,0.003,7.3e-05,0.0041,"smoking","F001"
"8100","cg11231631",-0.0035,9e-04,7.3e-05,0.0041,"smoking","F001"
"8101","cg21620524",-0.0019,5e-04,7.3e-05,0.0041,"smoking","F001"
"8102","cg25061610",-0.0026,7e-04,7.3e-05,0.0041,"smoking","F001"
"8103","cg09962952",-0.0061,0.0015,7.3e-05,0.0041,"smoking","F001"
"8104","cg01894985",0.0061,0.0015,7.3e-05,0.0041,"smoking","F001"
"8105","cg02872354",0.0017,4e-04,7.4e-05,0.0042,"smoking","F001"
"8106","cg14537332",-0.0127,0.0032,7.4e-05,0.0042,"smoking","F001"
"8107","cg22539738",-0.0024,6e-04,7.4e-05,0.0042,"smoking","F001"
"8108","cg05003599",-0.0099,0.0025,7.4e-05,0.0042,"smoking","F001"
"8109","cg13126206",-0.0058,0.0015,7.4e-05,0.0042,"smoking","F001"
"8110","cg09494176",0.0057,0.0014,7.4e-05,0.0042,"smoking","F001"
"8111","cg13081213",-0.0095,0.0024,7.4e-05,0.0042,"smoking","F001"
"8112","cg05900140",-0.0028,7e-04,7.4e-05,0.0042,"smoking","F001"
"8113","cg19523667",-0.0051,0.0013,7.4e-05,0.0042,"smoking","F001"
"8114","cg26863864",0.0061,0.0015,7.4e-05,0.0042,"smoking","F001"
"8115","cg00834988",0.0109,0.0027,7.4e-05,0.0042,"smoking","F001"
"8116","cg07945335",-0.0053,0.0013,7.4e-05,0.0042,"smoking","F001"
"8117","cg26196424",-0.0111,0.0028,7.4e-05,0.0042,"smoking","F001"
"8118","cg02810291",-0.0032,8e-04,7.4e-05,0.0042,"smoking","F001"
"8119","cg01678878",0.0032,8e-04,7.4e-05,0.0042,"smoking","F001"
"8120","cg14685006",-0.0034,9e-04,7.4e-05,0.0042,"smoking","F001"
"8121","cg18809126",-0.0062,0.0016,7.4e-05,0.0042,"smoking","F001"
"8122","cg25186909",0.0031,8e-04,7.4e-05,0.0042,"smoking","F001"
"8123","cg19286437",-0.005,0.0013,7.4e-05,0.0042,"smoking","F001"
"8124","cg09674015",0.0016,4e-04,7.4e-05,0.0042,"smoking","F001"
"8125","cg08123444",0.0107,0.0027,7.4e-05,0.0042,"smoking","F001"
"8126","cg03169472",-0.005,0.0013,7.4e-05,0.0042,"smoking","F001"
"8127","cg04473654",0.0061,0.0015,7.4e-05,0.0042,"smoking","F001"
"8128","cg02493939",0.0037,9e-04,7.5e-05,0.0042,"smoking","F001"
"8129","cg03316628",-0.0021,5e-04,7.5e-05,0.0042,"smoking","F001"
"8130","cg14738823",0.0052,0.0013,7.5e-05,0.0042,"smoking","F001"
"8131","cg01191058",-0.0023,6e-04,7.5e-05,0.0042,"smoking","F001"
"8132","cg19038540",-0.0081,0.0021,7.5e-05,0.0042,"smoking","F001"
"8133","cg03575602",-0.0091,0.0023,7.5e-05,0.0042,"smoking","F001"
"8134","cg17993335",0.0029,7e-04,7.5e-05,0.0042,"smoking","F001"
"8135","cg21671607",0.0039,0.001,7.5e-05,0.0042,"smoking","F001"
"8136","cg12690119",0.0049,0.0012,7.5e-05,0.0042,"smoking","F001"
"8137","cg27311092",0.0024,6e-04,7.5e-05,0.0042,"smoking","F001"
"8138","cg24715680",0.009,0.0023,7.5e-05,0.0042,"smoking","F001"
"8139","cg11111226",0.0026,7e-04,7.5e-05,0.0042,"smoking","F001"
"8140","cg17322044",-0.0097,0.0025,7.5e-05,0.0042,"smoking","F001"
"8141","cg24350475",0.0072,0.0018,7.5e-05,0.0042,"smoking","F001"
"8142","cg06846010",0.004,0.001,7.5e-05,0.0042,"smoking","F001"
"8143","cg08036121",-0.0055,0.0014,7.5e-05,0.0042,"smoking","F001"
"8144","cg02470871",-0.0056,0.0014,7.5e-05,0.0042,"smoking","F001"
"8145","cg22527280",-0.0025,6e-04,7.5e-05,0.0042,"smoking","F001"
"8146","cg26390660",0.005,0.0013,7.5e-05,0.0042,"smoking","F001"
"8147","cg14212360",-0.0066,0.0017,7.5e-05,0.0042,"smoking","F001"
"8148","cg02878222",-0.0032,8e-04,7.5e-05,0.0042,"smoking","F001"
"8149","cg07302677",-0.0056,0.0014,7.5e-05,0.0042,"smoking","F001"
"8150","cg27664530",0.0033,8e-04,7.5e-05,0.0042,"smoking","F001"
"8151","cg23408104",-0.0047,0.0012,7.6e-05,0.0042,"smoking","F001"
"8152","cg10370262",-0.0053,0.0013,7.6e-05,0.0042,"smoking","F001"
"8153","cg22673999",0.0029,7e-04,7.6e-05,0.0042,"smoking","F001"
"8154","cg21886042",0.0056,0.0014,7.6e-05,0.0042,"smoking","F001"
"8155","cg12859112",0.0046,0.0012,7.6e-05,0.0042,"smoking","F001"
"8156","cg12816198",-0.0092,0.0023,7.6e-05,0.0042,"smoking","F001"
"8157","cg09492451",0.0034,9e-04,7.6e-05,0.0042,"smoking","F001"
"8158","cg14338526",0.0042,0.0011,7.6e-05,0.0042,"smoking","F001"
"8159","cg24135615",0.0029,7e-04,7.6e-05,0.0042,"smoking","F001"
"8160","cg12104246",-0.0057,0.0015,7.6e-05,0.0042,"smoking","F001"
"8161","cg19635505",-0.0028,7e-04,7.6e-05,0.0043,"smoking","F001"
"8162","cg01794103",0.0019,5e-04,7.6e-05,0.0043,"smoking","F001"
"8163","cg03161309",0.0041,0.001,7.6e-05,0.0043,"smoking","F001"
"8164","cg11258404",0.0043,0.0011,7.6e-05,0.0043,"smoking","F001"
"8165","cg10755899",-0.0091,0.0023,7.6e-05,0.0043,"smoking","F001"
"8166","cg10171489",-0.0087,0.0022,7.6e-05,0.0043,"smoking","F001"
"8167","cg05550893",-0.0054,0.0014,7.6e-05,0.0043,"smoking","F001"
"8168","cg08462306",-0.0018,4e-04,7.6e-05,0.0043,"smoking","F001"
"8169","cg06329574",0.0037,9e-04,7.6e-05,0.0043,"smoking","F001"
"8170","cg18317531",-0.0043,0.0011,7.7e-05,0.0043,"smoking","F001"
"8171","cg10699857",-0.0039,0.001,7.7e-05,0.0043,"smoking","F001"
"8172","cg13824500",-0.0059,0.0015,7.7e-05,0.0043,"smoking","F001"
"8173","cg25786366",0.0075,0.0019,7.7e-05,0.0043,"smoking","F001"
"8174","cg00715122",0.0034,9e-04,7.7e-05,0.0043,"smoking","F001"
"8175","cg17832704",-0.0072,0.0018,7.7e-05,0.0043,"smoking","F001"
"8176","cg21022949",-0.0029,7e-04,7.7e-05,0.0043,"smoking","F001"
"8177","cg00604840",0.0043,0.0011,7.7e-05,0.0043,"smoking","F001"
"8178","cg18659483",-0.0025,6e-04,7.7e-05,0.0043,"smoking","F001"
"8179","cg14798382",0.0023,6e-04,7.7e-05,0.0043,"smoking","F001"
"8180","cg21429551",-0.0145,0.0037,7.7e-05,0.0043,"smoking","F001"
"8181","cg02578560",-0.0017,4e-04,7.7e-05,0.0043,"smoking","F001"
"8182","cg11898695",0.0042,0.0011,7.7e-05,0.0043,"smoking","F001"
"8183","cg24375399",0.003,8e-04,7.7e-05,0.0043,"smoking","F001"
"8184","cg13659446",0.0037,9e-04,7.7e-05,0.0043,"smoking","F001"
"8185","cg25521481",-0.005,0.0013,7.7e-05,0.0043,"smoking","F001"
"8186","cg06361238",0.0017,4e-04,7.7e-05,0.0043,"smoking","F001"
"8187","cg00008671",0.0055,0.0014,7.7e-05,0.0043,"smoking","F001"
"8188","cg21890551",-0.0018,5e-04,7.8e-05,0.0043,"smoking","F001"
"8189","cg03279631",-0.0019,5e-04,7.8e-05,0.0043,"smoking","F001"
"8190","cg00003298",0.0022,6e-04,7.8e-05,0.0043,"smoking","F001"
"8191","cg20294319",0.0051,0.0013,7.8e-05,0.0043,"smoking","F001"
"8192","cg05701125",-0.0041,0.001,7.8e-05,0.0043,"smoking","F001"
"8193","cg21335556",-0.0043,0.0011,7.8e-05,0.0043,"smoking","F001"
"8194","cg16015593",0.0098,0.0025,7.8e-05,0.0043,"smoking","F001"
"8195","cg04474366",-0.0084,0.0021,7.8e-05,0.0044,"smoking","F001"
"8196","cg11902458",0.0027,7e-04,7.8e-05,0.0044,"smoking","F001"
"8197","cg00771653",-0.0028,7e-04,7.8e-05,0.0044,"smoking","F001"
"8198","cg23295886",0.0032,8e-04,7.8e-05,0.0044,"smoking","F001"
"8199","cg02239258",0.0141,0.0036,7.9e-05,0.0044,"smoking","F001"
"8200","cg06619959",-0.0041,0.001,7.9e-05,0.0044,"smoking","F001"
"8201","cg10292430",-0.0077,0.0019,7.9e-05,0.0044,"smoking","F001"
"8202","cg15269226",-0.0058,0.0015,7.9e-05,0.0044,"smoking","F001"
"8203","cg20512303",-0.0079,0.002,7.9e-05,0.0044,"smoking","F001"
"8204","cg00463367",-0.0065,0.0017,7.9e-05,0.0044,"smoking","F001"
"8205","cg08850169",0.0028,7e-04,7.9e-05,0.0044,"smoking","F001"
"8206","cg19209066",0.0028,7e-04,7.9e-05,0.0044,"smoking","F001"
"8207","cg06055763",0.0085,0.0022,7.9e-05,0.0044,"smoking","F001"
"8208","cg03423767",-0.0095,0.0024,7.9e-05,0.0044,"smoking","F001"
"8209","cg11139102",-0.0019,5e-04,7.9e-05,0.0044,"smoking","F001"
"8210","cg25109663",-0.0067,0.0017,7.9e-05,0.0044,"smoking","F001"
"8211","cg00719568",0.0068,0.0017,7.9e-05,0.0044,"smoking","F001"
"8212","cg04837616",0.004,0.001,7.9e-05,0.0044,"smoking","F001"
"8213","cg00968616",0.0074,0.0019,7.9e-05,0.0044,"smoking","F001"
"8214","cg26886875",-0.0069,0.0017,7.9e-05,0.0044,"smoking","F001"
"8215","cg10665488",-0.0019,5e-04,7.9e-05,0.0044,"smoking","F001"
"8216","cg00533649",-0.0076,0.0019,7.9e-05,0.0044,"smoking","F001"
"8217","cg11147193",-0.0059,0.0015,7.9e-05,0.0044,"smoking","F001"
"8218","cg02544453",0.0038,0.001,7.9e-05,0.0044,"smoking","F001"
"8219","cg07427475",-0.0092,0.0023,7.9e-05,0.0044,"smoking","F001"
"8220","cg10444758",0.0031,8e-04,7.9e-05,0.0044,"smoking","F001"
"8221","cg13335112",0.0069,0.0018,7.9e-05,0.0044,"smoking","F001"
"8222","cg06236140",-0.0019,5e-04,7.9e-05,0.0044,"smoking","F001"
"8223","cg26073060",-0.0017,4e-04,7.9e-05,0.0044,"smoking","F001"
"8224","cg11015424",-0.0026,7e-04,8e-05,0.0044,"smoking","F001"
"8225","cg25341925",0.0038,0.001,8e-05,0.0044,"smoking","F001"
"8226","cg19107469",0.0029,7e-04,8e-05,0.0044,"smoking","F001"
"8227","cg14639163",0.0076,0.0019,8e-05,0.0044,"smoking","F001"
"8228","cg11588903",-0.0101,0.0025,8e-05,0.0044,"smoking","F001"
"8229","cg25809722",0.0033,8e-04,8e-05,0.0044,"smoking","F001"
"8230","cg11644052",0.0058,0.0015,8e-05,0.0044,"smoking","F001"
"8231","cg11969213",-0.0084,0.0021,8e-05,0.0044,"smoking","F001"
"8232","cg00233028",-0.0097,0.0025,8e-05,0.0044,"smoking","F001"
"8233","cg13702357",-0.0055,0.0014,8e-05,0.0044,"smoking","F001"
"8234","cg19259111",0.0051,0.0013,8e-05,0.0044,"smoking","F001"
"8235","cg06978288",-0.0045,0.0011,8e-05,0.0044,"smoking","F001"
"8236","cg09480047",0.0037,9e-04,8e-05,0.0044,"smoking","F001"
"8237","cg04366011",0.0024,6e-04,8e-05,0.0044,"smoking","F001"
"8238","cg10313410",-0.0042,0.0011,8e-05,0.0044,"smoking","F001"
"8239","cg01806427",0.0033,8e-04,8e-05,0.0044,"smoking","F001"
"8240","cg25913233",0.0023,6e-04,8e-05,0.0044,"smoking","F001"
"8241","cg05573550",0.0038,0.001,8e-05,0.0044,"smoking","F001"
"8242","cg26785800",0.0044,0.0011,8e-05,0.0044,"smoking","F001"
"8243","cg06638529",0.0059,0.0015,8e-05,0.0045,"smoking","F001"
"8244","cg21220247",-0.0082,0.0021,8.1e-05,0.0045,"smoking","F001"
"8245","cg04581753",-0.0012,3e-04,8.1e-05,0.0045,"smoking","F001"
"8246","cg19106968",0.0044,0.0011,8.1e-05,0.0045,"smoking","F001"
"8247","cg17841267",-0.0034,9e-04,8.1e-05,0.0045,"smoking","F001"
"8248","cg23529249",-0.0017,4e-04,8.1e-05,0.0045,"smoking","F001"
"8249","cg01999260",0.0017,4e-04,8.1e-05,0.0045,"smoking","F001"
"8250","cg19726712",0.007,0.0018,8.1e-05,0.0045,"smoking","F001"
"8251","cg16046561",-0.0023,6e-04,8.1e-05,0.0045,"smoking","F001"
"8252","cg14698665",-0.0095,0.0024,8.1e-05,0.0045,"smoking","F001"
"8253","cg07374224",0.0056,0.0014,8.1e-05,0.0045,"smoking","F001"
"8254","cg13650974",-0.0036,9e-04,8.1e-05,0.0045,"smoking","F001"
"8255","cg10501360",-0.0038,0.001,8.1e-05,0.0045,"smoking","F001"
"8256","cg02243303",-0.0051,0.0013,8.1e-05,0.0045,"smoking","F001"
"8257","cg16526705",0.0055,0.0014,8.1e-05,0.0045,"smoking","F001"
"8258","cg23307326",0.0017,4e-04,8.1e-05,0.0045,"smoking","F001"
"8259","cg17470067",0.0041,0.001,8.1e-05,0.0045,"smoking","F001"
"8260","cg04628320",-0.0023,6e-04,8.1e-05,0.0045,"smoking","F001"
"8261","cg15135222",0.0034,9e-04,8.2e-05,0.0045,"smoking","F001"
"8262","cg01883662",0.0051,0.0013,8.2e-05,0.0045,"smoking","F001"
"8263","cg16274899",0.0046,0.0012,8.2e-05,0.0045,"smoking","F001"
"8264","cg08480566",-0.0034,9e-04,8.2e-05,0.0045,"smoking","F001"
"8265","cg08380556",0.0027,7e-04,8.2e-05,0.0045,"smoking","F001"
"8266","cg22853797",-0.0021,5e-04,8.2e-05,0.0045,"smoking","F001"
"8267","cg00330825",-0.0037,9e-04,8.2e-05,0.0045,"smoking","F001"
"8268","cg12894984",0.0054,0.0014,8.2e-05,0.0045,"smoking","F001"
"8269","cg01710158",0.0033,8e-04,8.2e-05,0.0045,"smoking","F001"
"8270","cg03584535",-0.0026,7e-04,8.2e-05,0.0045,"smoking","F001"
"8271","cg06212224",-0.0046,0.0012,8.2e-05,0.0045,"smoking","F001"
"8272","cg21949194",-0.0078,0.002,8.2e-05,0.0045,"smoking","F001"
"8273","cg09640202",-0.0017,4e-04,8.2e-05,0.0045,"smoking","F001"
"8274","cg16501028",0.0052,0.0013,8.2e-05,0.0045,"smoking","F001"
"8275","cg00642501",-0.0039,0.001,8.2e-05,0.0045,"smoking","F001"
"8276","cg18877361",0.0062,0.0016,8.2e-05,0.0045,"smoking","F001"
"8277","cg25357825",0.0063,0.0016,8.2e-05,0.0045,"smoking","F001"
"8278","cg15172734",-0.0048,0.0012,8.3e-05,0.0045,"smoking","F001"
"8279","cg04962005",-0.0036,9e-04,8.3e-05,0.0046,"smoking","F001"
"8280","cg12433386",-0.0073,0.0018,8.3e-05,0.0046,"smoking","F001"
"8281","cg00163549",-0.0031,8e-04,8.3e-05,0.0046,"smoking","F001"
"8282","cg01456517",0.0041,0.001,8.3e-05,0.0046,"smoking","F001"
"8283","cg19103429",-0.0084,0.0021,8.3e-05,0.0046,"smoking","F001"
"8284","cg12549180",0.0033,8e-04,8.3e-05,0.0046,"smoking","F001"
"8285","cg13256912",-0.0071,0.0018,8.3e-05,0.0046,"smoking","F001"
"8286","cg13663218",0.0037,9e-04,8.3e-05,0.0046,"smoking","F001"
"8287","cg07982208",0.0027,7e-04,8.3e-05,0.0046,"smoking","F001"
"8288","cg14316944",-0.0041,0.001,8.3e-05,0.0046,"smoking","F001"
"8289","cg18470593",0.0043,0.0011,8.3e-05,0.0046,"smoking","F001"
"8290","cg17804886",0.0055,0.0014,8.3e-05,0.0046,"smoking","F001"
"8291","cg19263228",-0.0028,7e-04,8.3e-05,0.0046,"smoking","F001"
"8292","cg20739013",0.0086,0.0022,8.3e-05,0.0046,"smoking","F001"
"8293","cg09862509",-0.0057,0.0015,8.4e-05,0.0046,"smoking","F001"
"8294","cg21855211",-0.0066,0.0017,8.4e-05,0.0046,"smoking","F001"
"8295","cg11773468",-0.007,0.0018,8.4e-05,0.0046,"smoking","F001"
"8296","cg15477500",0.0028,7e-04,8.4e-05,0.0046,"smoking","F001"
"8297","cg08578216",-0.0045,0.0011,8.4e-05,0.0046,"smoking","F001"
"8298","cg09162146",-0.0023,6e-04,8.4e-05,0.0046,"smoking","F001"
"8299","cg02375166",-0.0051,0.0013,8.4e-05,0.0046,"smoking","F001"
"8300","cg11850861",0.0074,0.0019,8.4e-05,0.0046,"smoking","F001"
"8301","cg05806717",-0.0038,0.001,8.4e-05,0.0046,"smoking","F001"
"8302","cg07285708",-0.004,0.001,8.4e-05,0.0046,"smoking","F001"
"8303","cg03507326",-0.009,0.0023,8.4e-05,0.0046,"smoking","F001"
"8304","cg18936620",0.0055,0.0014,8.4e-05,0.0046,"smoking","F001"
"8305","cg24667510",0.0031,8e-04,8.4e-05,0.0046,"smoking","F001"
"8306","cg15225688",0.0045,0.0012,8.4e-05,0.0046,"smoking","F001"
"8307","cg12255554",0.0054,0.0014,8.4e-05,0.0046,"smoking","F001"
"8308","cg10825471",-0.0063,0.0016,8.4e-05,0.0046,"smoking","F001"
"8309","cg00937359",-0.0075,0.0019,8.4e-05,0.0046,"smoking","F001"
"8310","cg13393782",-0.0038,0.001,8.4e-05,0.0046,"smoking","F001"
"8311","cg18877514",-0.0021,5e-04,8.4e-05,0.0046,"smoking","F001"
"8312","cg08318842",0.0021,5e-04,8.4e-05,0.0046,"smoking","F001"
"8313","cg19815340",-0.0041,0.001,8.4e-05,0.0046,"smoking","F001"
"8314","cg22517995",-0.0038,0.001,8.5e-05,0.0046,"smoking","F001"
"8315","cg07949141",0.0056,0.0014,8.5e-05,0.0046,"smoking","F001"
"8316","cg03987653",0.0023,6e-04,8.5e-05,0.0046,"smoking","F001"
"8317","cg13209762",0.0041,0.001,8.5e-05,0.0046,"smoking","F001"
"8318","cg02595219",0.0041,0.001,8.5e-05,0.0046,"smoking","F001"
"8319","cg24044501",0.0045,0.0012,8.5e-05,0.0046,"smoking","F001"
"8320","cg17464820",-0.0065,0.0017,8.5e-05,0.0046,"smoking","F001"
"8321","cg25923056",-0.0055,0.0014,8.5e-05,0.0046,"smoking","F001"
"8322","cg07737781",0.0039,0.001,8.5e-05,0.0046,"smoking","F001"
"8323","cg22726349",-0.0064,0.0016,8.5e-05,0.0046,"smoking","F001"
"8324","cg05654103",0.0035,9e-04,8.5e-05,0.0046,"smoking","F001"
"8325","cg20476159",0.0047,0.0012,8.5e-05,0.0046,"smoking","F001"
"8326","cg27159979",-0.0042,0.0011,8.5e-05,0.0047,"smoking","F001"
"8327","cg13764516",0.0062,0.0016,8.5e-05,0.0047,"smoking","F001"
"8328","cg20631044",-0.0046,0.0012,8.5e-05,0.0047,"smoking","F001"
"8329","cg00151370",0.0077,0.0019,8.5e-05,0.0047,"smoking","F001"
"8330","cg20140110",0.0044,0.0011,8.5e-05,0.0047,"smoking","F001"
"8331","cg24051481",0.0038,0.001,8.5e-05,0.0047,"smoking","F001"
"8332","cg21999229",-0.0038,0.001,8.5e-05,0.0047,"smoking","F001"
"8333","cg03050965",-0.0034,9e-04,8.5e-05,0.0047,"smoking","F001"
"8334","cg23525596",0.0043,0.0011,8.5e-05,0.0047,"smoking","F001"
"8335","cg20031397",0.002,5e-04,8.5e-05,0.0047,"smoking","F001"
"8336","cg13570656",-0.0143,0.0036,8.6e-05,0.0047,"smoking","F001"
"8337","cg06952681",0.0044,0.0011,8.6e-05,0.0047,"smoking","F001"
"8338","cg21195277",-0.0042,0.0011,8.6e-05,0.0047,"smoking","F001"
"8339","cg01290345",-0.0031,8e-04,8.6e-05,0.0047,"smoking","F001"
"8340","cg10819733",-0.0026,7e-04,8.6e-05,0.0047,"smoking","F001"
"8341","cg04500377",-0.0038,0.001,8.6e-05,0.0047,"smoking","F001"
"8342","cg13785196",-0.0055,0.0014,8.6e-05,0.0047,"smoking","F001"
"8343","cg04220930",-0.0176,0.0045,8.6e-05,0.0047,"smoking","F001"
"8344","cg07186765",-0.0034,9e-04,8.6e-05,0.0047,"smoking","F001"
"8345","cg17566541",0.0039,0.001,8.6e-05,0.0047,"smoking","F001"
"8346","cg05900955",0.0062,0.0016,8.6e-05,0.0047,"smoking","F001"
"8347","cg11840984",0.0029,7e-04,8.6e-05,0.0047,"smoking","F001"
"8348","cg26664457",0.004,0.001,8.6e-05,0.0047,"smoking","F001"
"8349","cg18479593",0.0031,8e-04,8.6e-05,0.0047,"smoking","F001"
"8350","cg23947450",-0.0021,5e-04,8.6e-05,0.0047,"smoking","F001"
"8351","cg17937101",-0.003,8e-04,8.6e-05,0.0047,"smoking","F001"
"8352","cg23175023",-0.005,0.0013,8.6e-05,0.0047,"smoking","F001"
"8353","cg13306335",-0.0064,0.0016,8.7e-05,0.0047,"smoking","F001"
"8354","cg05915866",-0.0103,0.0026,8.7e-05,0.0047,"smoking","F001"
"8355","cg26723847",-0.0026,7e-04,8.7e-05,0.0047,"smoking","F001"
"8356","cg00123478",-0.0083,0.0021,8.7e-05,0.0047,"smoking","F001"
"8357","cg16045459",-0.0019,5e-04,8.7e-05,0.0047,"smoking","F001"
"8358","cg04991805",0.0034,9e-04,8.7e-05,0.0047,"smoking","F001"
"8359","cg26293590",-0.0066,0.0017,8.7e-05,0.0047,"smoking","F001"
"8360","cg11846174",0.0029,7e-04,8.7e-05,0.0047,"smoking","F001"
"8361","cg14548802",0.013,0.0033,8.7e-05,0.0047,"smoking","F001"
"8362","cg04074066",-0.0039,0.001,8.7e-05,0.0047,"smoking","F001"
"8363","cg15541611",-0.0061,0.0016,8.7e-05,0.0047,"smoking","F001"
"8364","cg23252243",-0.0046,0.0012,8.7e-05,0.0047,"smoking","F001"
"8365","cg09254322",0.0025,6e-04,8.7e-05,0.0047,"smoking","F001"
"8366","cg21535366",-0.005,0.0013,8.7e-05,0.0047,"smoking","F001"
"8367","cg23482898",0.0056,0.0014,8.7e-05,0.0047,"smoking","F001"
"8368","cg18770763",-0.0076,0.0019,8.7e-05,0.0048,"smoking","F001"
"8369","cg08200625",-0.0025,6e-04,8.7e-05,0.0048,"smoking","F001"
"8370","cg15484808",-0.0096,0.0024,8.7e-05,0.0048,"smoking","F001"
"8371","cg06875985",-0.0047,0.0012,8.7e-05,0.0048,"smoking","F001"
"8372","cg08262002",-0.0111,0.0028,8.8e-05,0.0048,"smoking","F001"
"8373","cg08248849",0.0033,8e-04,8.8e-05,0.0048,"smoking","F001"
"8374","cg10334489",-0.0029,7e-04,8.8e-05,0.0048,"smoking","F001"
"8375","cg23641237",-0.0048,0.0012,8.8e-05,0.0048,"smoking","F001"
"8376","cg26425321",0.0028,7e-04,8.8e-05,0.0048,"smoking","F001"
"8377","cg04125962",0.0049,0.0012,8.8e-05,0.0048,"smoking","F001"
"8378","cg27173292",0.0012,3e-04,8.8e-05,0.0048,"smoking","F001"
"8379","cg11874976",0.0039,0.001,8.8e-05,0.0048,"smoking","F001"
"8380","cg13399261",0.0037,9e-04,8.8e-05,0.0048,"smoking","F001"
"8381","cg05279622",0.0105,0.0027,8.8e-05,0.0048,"smoking","F001"
"8382","cg12929983",-0.0049,0.0013,8.8e-05,0.0048,"smoking","F001"
"8383","cg05404236",-0.0182,0.0046,8.8e-05,0.0048,"smoking","F001"
"8384","cg18137450",-0.0092,0.0023,8.8e-05,0.0048,"smoking","F001"
"8385","cg14838970",0.004,0.001,8.9e-05,0.0048,"smoking","F001"
"8386","cg11122944",0.0053,0.0014,8.9e-05,0.0048,"smoking","F001"
"8387","cg13427748",0.0041,0.001,8.9e-05,0.0048,"smoking","F001"
"8388","cg24313303",0.0045,0.0011,8.9e-05,0.0048,"smoking","F001"
"8389","cg27393487",-0.0021,5e-04,8.9e-05,0.0048,"smoking","F001"
"8390","cg26678970",-0.0043,0.0011,8.9e-05,0.0048,"smoking","F001"
"8391","cg16037711",-0.0071,0.0018,8.9e-05,0.0048,"smoking","F001"
"8392","cg00115288",0.0052,0.0013,8.9e-05,0.0048,"smoking","F001"
"8393","cg19243842",-0.0075,0.0019,8.9e-05,0.0048,"smoking","F001"
"8394","cg10436410",-0.0074,0.0019,8.9e-05,0.0048,"smoking","F001"
"8395","cg03468466",0.0022,6e-04,8.9e-05,0.0048,"smoking","F001"
"8396","cg05670596",0.0059,0.0015,8.9e-05,0.0048,"smoking","F001"
"8397","cg00731683",-0.0036,9e-04,8.9e-05,0.0048,"smoking","F001"
"8398","cg13567986",0.0037,9e-04,8.9e-05,0.0048,"smoking","F001"
"8399","cg13909895",-0.0108,0.0028,8.9e-05,0.0048,"smoking","F001"
"8400","cg05376617",0.0044,0.0011,8.9e-05,0.0048,"smoking","F001"
"8401","cg09229912",0.0021,5e-04,8.9e-05,0.0048,"smoking","F001"
"8402","cg09477453",0.0027,7e-04,8.9e-05,0.0048,"smoking","F001"
"8403","cg15712310",-0.0069,0.0018,8.9e-05,0.0048,"smoking","F001"
"8404","cg11363972",-0.0069,0.0018,8.9e-05,0.0048,"smoking","F001"
"8405","cg03844211",-0.0036,9e-04,8.9e-05,0.0048,"smoking","F001"
"8406","cg12604950",0.0035,9e-04,8.9e-05,0.0048,"smoking","F001"
"8407","cg16682454",-0.0025,6e-04,8.9e-05,0.0048,"smoking","F001"
"8408","cg13429095",-0.0049,0.0013,9e-05,0.0048,"smoking","F001"
"8409","cg01153817",0.0057,0.0014,9e-05,0.0048,"smoking","F001"
"8410","cg22178392",-0.0056,0.0014,9e-05,0.0049,"smoking","F001"
"8411","cg26910511",-0.0148,0.0038,9e-05,0.0049,"smoking","F001"
"8412","cg26480889",-0.0064,0.0016,9e-05,0.0049,"smoking","F001"
"8413","cg13843843",-0.0063,0.0016,9e-05,0.0049,"smoking","F001"
"8414","cg14381448",-0.0071,0.0018,9e-05,0.0049,"smoking","F001"
"8415","cg08354053",-0.0087,0.0022,9e-05,0.0049,"smoking","F001"
"8416","cg09918674",-0.0035,9e-04,9e-05,0.0049,"smoking","F001"
"8417","cg16367976",-0.0032,8e-04,9e-05,0.0049,"smoking","F001"
"8418","cg07577824",-0.009,0.0023,9e-05,0.0049,"smoking","F001"
"8419","cg08223717",-0.0031,8e-04,9e-05,0.0049,"smoking","F001"
"8420","cg10037913",0.0035,9e-04,9e-05,0.0049,"smoking","F001"
"8421","cg00871980",0.0016,4e-04,9e-05,0.0049,"smoking","F001"
"8422","cg10762038",0.0023,6e-04,9e-05,0.0049,"smoking","F001"
"8423","cg04655520",0.0023,6e-04,9e-05,0.0049,"smoking","F001"
"8424","cg25296938",-0.0028,7e-04,9e-05,0.0049,"smoking","F001"
"8425","cg17593625",0.0087,0.0022,9e-05,0.0049,"smoking","F001"
"8426","cg01495509",0.0024,6e-04,9e-05,0.0049,"smoking","F001"
"8427","cg18917378",-0.0033,8e-04,9e-05,0.0049,"smoking","F001"
"8428","cg26648465",0.005,0.0013,9e-05,0.0049,"smoking","F001"
"8429","cg15154047",0.0071,0.0018,9.1e-05,0.0049,"smoking","F001"
"8430","cg21914362",-0.0034,9e-04,9.1e-05,0.0049,"smoking","F001"
"8431","cg22291084",-0.0051,0.0013,9.1e-05,0.0049,"smoking","F001"
"8432","cg08539991",-0.0049,0.0013,9.1e-05,0.0049,"smoking","F001"
"8433","cg17603206",0.003,8e-04,9.1e-05,0.0049,"smoking","F001"
"8434","cg11536586",0.0032,8e-04,9.1e-05,0.0049,"smoking","F001"
"8435","cg13509147",0.0034,9e-04,9.1e-05,0.0049,"smoking","F001"
"8436","cg20400592",-0.0056,0.0014,9.1e-05,0.0049,"smoking","F001"
"8437","cg03655142",-0.0121,0.0031,9.1e-05,0.0049,"smoking","F001"
"8438","cg14375205",0.0077,0.002,9.1e-05,0.0049,"smoking","F001"
"8439","cg00312553",-0.0031,8e-04,9.1e-05,0.0049,"smoking","F001"
"8440","cg03313945",0.0035,9e-04,9.2e-05,0.0049,"smoking","F001"
"8441","cg18571419",0.0019,5e-04,9.2e-05,0.0049,"smoking","F001"
"8442","cg04114143",-0.0014,4e-04,9.2e-05,0.005,"smoking","F001"
"8443","cg19027361",-0.0034,9e-04,9.2e-05,0.005,"smoking","F001"
"8444","cg14973055",0.0072,0.0018,9.2e-05,0.005,"smoking","F001"
"8445","cg23588384",0.0023,6e-04,9.2e-05,0.005,"smoking","F001"
"8446","cg08935118",0.0017,4e-04,9.2e-05,0.005,"smoking","F001"
"8447","cg26904049",-0.0084,0.0021,9.2e-05,0.005,"smoking","F001"
"8448","cg12856646",0.0021,5e-04,9.2e-05,0.005,"smoking","F001"
"8449","cg17592231",0.004,0.001,9.3e-05,0.005,"smoking","F001"
"8450","cg15705273",0.0024,6e-04,9.3e-05,0.005,"smoking","F001"
"8451","cg23025459",0.008,0.002,9.3e-05,0.005,"smoking","F001"
"8452","cg02072018",-0.0069,0.0018,9.3e-05,0.005,"smoking","F001"
"8453","cg03536404",0.0039,0.001,9.3e-05,0.005,"smoking","F001"
"8454","cg16719099",-0.0039,0.001,9.3e-05,0.005,"smoking","F001"
"8455","cg00417304",-0.0061,0.0016,9.3e-05,0.005,"smoking","F001"
"8456","cg02380595",-0.0074,0.0019,9.3e-05,0.005,"smoking","F001"
"8457","cg27635135",0.0071,0.0018,9.3e-05,0.005,"smoking","F001"
"8458","cg06631810",0.0041,0.0011,9.3e-05,0.005,"smoking","F001"
"8459","cg05904013",-0.0042,0.0011,9.3e-05,0.005,"smoking","F001"
"8460","cg09633579",-0.0047,0.0012,9.3e-05,0.005,"smoking","F001"
"8461","cg09663193",-0.0043,0.0011,9.3e-05,0.005,"smoking","F001"
"8462","cg00737593",-0.0046,0.0012,9.3e-05,0.005,"smoking","F001"
"8463","cg04036898",-0.0063,0.0016,9.3e-05,0.005,"smoking","F001"
"8464","cg01612158",-0.0041,0.001,9.3e-05,0.005,"smoking","F001"
"8465","cg05654364",-0.0057,0.0015,9.4e-05,0.005,"smoking","F001"
"8466","cg16709342",-0.0024,6e-04,9.4e-05,0.005,"smoking","F001"
"8467","cg01165142",-0.0057,0.0014,9.4e-05,0.005,"smoking","F001"
"8468","cg07907641",0.0021,5e-04,9.4e-05,0.005,"smoking","F001"
"8469","cg05694245",0.0033,9e-04,9.4e-05,0.005,"smoking","F001"
"8470","cg03662545",-0.0055,0.0014,9.4e-05,0.005,"smoking","F001"
"8471","cg24559044",-0.0045,0.0012,9.4e-05,0.005,"smoking","F001"
"8472","cg07358254",0.0023,6e-04,9.4e-05,0.005,"smoking","F001"
"8473","cg04929759",0.0043,0.0011,9.4e-05,0.005,"smoking","F001"
"8474","cg09474017",-0.0066,0.0017,9.4e-05,0.005,"smoking","F001"
"8475","cg05600717",-0.0033,8e-04,9.4e-05,0.005,"smoking","F001"
"8476","cg14583999",-0.0077,0.002,9.4e-05,0.005,"smoking","F001"
"8477","cg02711872",0.0032,8e-04,9.4e-05,0.0051,"smoking","F001"
"8478","cg22517925",-0.0063,0.0016,9.4e-05,0.0051,"smoking","F001"
"8479","cg23709528",0.0033,9e-04,9.5e-05,0.0051,"smoking","F001"
"8480","cg07774299",-0.0033,8e-04,9.5e-05,0.0051,"smoking","F001"
"8481","cg07798347",0.005,0.0013,9.5e-05,0.0051,"smoking","F001"
"8482","cg05714552",-0.0069,0.0018,9.5e-05,0.0051,"smoking","F001"
"8483","cg03114584",-0.0048,0.0012,9.5e-05,0.0051,"smoking","F001"
"8484","cg02564523",-0.0077,0.002,9.5e-05,0.0051,"smoking","F001"
"8485","cg06883848",0.0024,6e-04,9.5e-05,0.0051,"smoking","F001"
"8486","cg14124261",-0.0052,0.0013,9.5e-05,0.0051,"smoking","F001"
"8487","cg17158913",-0.0083,0.0021,9.5e-05,0.0051,"smoking","F001"
"8488","cg01396176",0.0027,7e-04,9.5e-05,0.0051,"smoking","F001"
"8489","cg02735762",0.0041,0.001,9.5e-05,0.0051,"smoking","F001"
"8490","cg11718162",-0.0097,0.0025,9.5e-05,0.0051,"smoking","F001"
"8491","cg15358723",-0.0045,0.0012,9.5e-05,0.0051,"smoking","F001"
"8492","cg25112562",0.0019,5e-04,9.5e-05,0.0051,"smoking","F001"
"8493","cg27553457",0.0063,0.0016,9.5e-05,0.0051,"smoking","F001"
"8494","cg21926708",0.004,0.001,9.6e-05,0.0051,"smoking","F001"
"8495","cg00816037",-0.0038,0.001,9.6e-05,0.0051,"smoking","F001"
"8496","cg16213217",-0.007,0.0018,9.6e-05,0.0051,"smoking","F001"
"8497","cg02319354",-0.0027,7e-04,9.6e-05,0.0051,"smoking","F001"
"8498","cg08145798",-0.0018,4e-04,9.6e-05,0.0051,"smoking","F001"
"8499","cg04726013",0.0066,0.0017,9.6e-05,0.0051,"smoking","F001"
"8500","cg25383593",0.0063,0.0016,9.6e-05,0.0051,"smoking","F001"
"8501","cg19980929",-0.0045,0.0011,9.6e-05,0.0051,"smoking","F001"
"8502","cg07578772",0.0047,0.0012,9.6e-05,0.0051,"smoking","F001"
"8503","cg25406011",-0.0036,9e-04,9.6e-05,0.0051,"smoking","F001"
"8504","cg17645528",0.0038,0.001,9.6e-05,0.0051,"smoking","F001"
"8505","cg25596173",0.0025,7e-04,9.6e-05,0.0051,"smoking","F001"
"8506","cg10246903",-0.0047,0.0012,9.6e-05,0.0051,"smoking","F001"
"8507","cg05277504",-0.0032,8e-04,9.6e-05,0.0051,"smoking","F001"
"8508","cg01286935",0.0035,9e-04,9.6e-05,0.0051,"smoking","F001"
"8509","cg03880355",0.0041,0.001,9.6e-05,0.0051,"smoking","F001"
"8510","cg13072940",-0.0042,0.0011,9.6e-05,0.0051,"smoking","F001"
"8511","cg03219657",0.0043,0.0011,9.6e-05,0.0051,"smoking","F001"
"8512","cg24594504",0.0017,4e-04,9.6e-05,0.0051,"smoking","F001"
"8513","cg16028753",0.0033,8e-04,9.7e-05,0.0051,"smoking","F001"
"8514","cg03196485",0.0065,0.0017,9.7e-05,0.0052,"smoking","F001"
"8515","cg21186778",0.0022,6e-04,9.7e-05,0.0052,"smoking","F001"
"8516","cg14538806",0.0023,6e-04,9.7e-05,0.0052,"smoking","F001"
"8517","cg01882880",-0.0041,0.0011,9.7e-05,0.0052,"smoking","F001"
"8518","cg02793828",-0.0049,0.0013,9.7e-05,0.0052,"smoking","F001"
"8519","cg00073543",0.0048,0.0012,9.7e-05,0.0052,"smoking","F001"
"8520","cg06024215",0.0055,0.0014,9.7e-05,0.0052,"smoking","F001"
"8521","cg22821289",0.0035,9e-04,9.7e-05,0.0052,"smoking","F001"
"8522","cg08941639",0.0057,0.0015,9.7e-05,0.0052,"smoking","F001"
"8523","cg23099587",0.0027,7e-04,9.7e-05,0.0052,"smoking","F001"
"8524","cg18866599",-0.002,5e-04,9.7e-05,0.0052,"smoking","F001"
"8525","cg19503640",0.0084,0.0022,9.7e-05,0.0052,"smoking","F001"
"8526","cg16872595",-0.0056,0.0014,9.7e-05,0.0052,"smoking","F001"
"8527","cg18677871",-0.0032,8e-04,9.8e-05,0.0052,"smoking","F001"
"8528","cg04367503",-0.012,0.0031,9.8e-05,0.0052,"smoking","F001"
"8529","cg12712184",-0.0041,0.0011,9.8e-05,0.0052,"smoking","F001"
"8530","cg04587220",-0.0024,6e-04,9.8e-05,0.0052,"smoking","F001"
"8531","cg26779305",0.0037,0.001,9.8e-05,0.0052,"smoking","F001"
"8532","cg24192559",0.0028,7e-04,9.8e-05,0.0052,"smoking","F001"
"8533","cg20430496",0.0018,5e-04,9.8e-05,0.0052,"smoking","F001"
"8534","cg10670077",0.0028,7e-04,9.8e-05,0.0052,"smoking","F001"
"8535","cg12908107",-0.0056,0.0014,9.8e-05,0.0052,"smoking","F001"
"8536","cg10761364",0.002,5e-04,9.8e-05,0.0052,"smoking","F001"
"8537","cg23999801",-0.003,8e-04,9.8e-05,0.0052,"smoking","F001"
"8538","cg03333634",0.0045,0.0012,9.8e-05,0.0052,"smoking","F001"
"8539","cg03534655",-0.002,5e-04,9.8e-05,0.0052,"smoking","F001"
"8540","cg14163311",-0.0046,0.0012,9.8e-05,0.0052,"smoking","F001"
"8541","cg05902884",0.0065,0.0017,9.9e-05,0.0052,"smoking","F001"
"8542","cg08253374",0.0025,6e-04,9.9e-05,0.0052,"smoking","F001"
"8543","cg14080888",-0.0032,8e-04,9.9e-05,0.0052,"smoking","F001"
"8544","cg21104363",0.0048,0.0012,9.9e-05,0.0052,"smoking","F001"
"8545","cg00072689",-0.0098,0.0025,9.9e-05,0.0053,"smoking","F001"
"8546","cg22981296",-0.005,0.0013,9.9e-05,0.0053,"smoking","F001"
"8547","cg10401367",-0.0011,3e-04,9.9e-05,0.0053,"smoking","F001"
"8548","cg18246640",-0.0045,0.0011,9.9e-05,0.0053,"smoking","F001"
"8549","cg05460965",-0.0041,0.0011,9.9e-05,0.0053,"smoking","F001"
"8550","cg21330641",-0.0055,0.0014,9.9e-05,0.0053,"smoking","F001"
"8551","cg08090557",-0.0054,0.0014,9.9e-05,0.0053,"smoking","F001"
"8552","cg15006864",-0.0049,0.0013,9.9e-05,0.0053,"smoking","F001"
"8553","cg06493289",0.0035,9e-04,9.9e-05,0.0053,"smoking","F001"
"8554","cg00511167",-0.0079,0.002,9.9e-05,0.0053,"smoking","F001"
"8555","cg15143938",0.0039,0.001,9.9e-05,0.0053,"smoking","F001"
"8556","cg07017875",-0.0048,0.0012,1e-04,0.0053,"smoking","F001"
"8557","cg14116129",-0.0066,0.0017,1e-04,0.0053,"smoking","F001"
"8558","cg04224247",-0.0209,0.0054,1e-04,0.0053,"smoking","F001"
"8559","cg01809797",-0.0042,0.0011,1e-04,0.0053,"smoking","F001"
"8560","cg09657982",0.0024,6e-04,1e-04,0.0053,"smoking","F001"
"8561","cg05733703",-0.0054,0.0014,1e-04,0.0053,"smoking","F001"
"8562","cg15790820",0.0022,6e-04,1e-04,0.0053,"smoking","F001"
"8563","cg14416352",0.003,8e-04,1e-04,0.0053,"smoking","F001"
"8564","cg21320768",0.0033,8e-04,1e-04,0.0053,"smoking","F001"
"8565","cg05512327",-0.0044,0.0011,1e-04,0.0053,"smoking","F001"
"8566","cg05217983",-0.0101,0.0026,1e-04,0.0053,"smoking","F001"
"8567","cg26266618",0.0045,0.0012,1e-04,0.0053,"smoking","F001"
"8568","cg18550262",0.0045,0.0012,1e-04,0.0053,"smoking","F001"
"8569","cg12815142",-0.0033,8e-04,1e-04,0.0053,"smoking","F001"
"8570","cg03367679",-0.0052,0.0013,1e-04,0.0053,"smoking","F001"
"8571","cg00295780",0.0052,0.0013,1e-04,0.0053,"smoking","F001"
"8572","cg25522867",-0.0052,0.0013,1e-04,0.0053,"smoking","F001"
"8573","cg06146665",0.0073,0.0019,1e-04,0.0053,"smoking","F001"
"8574","cg15392900",-0.0033,8e-04,1e-04,0.0053,"smoking","F001"
"8575","cg05690394",-0.0052,0.0013,1e-04,0.0053,"smoking","F001"
"8576","cg03273183",-0.0047,0.0012,1e-04,0.0053,"smoking","F001"
"8577","cg08255481",0.0068,0.0017,1e-04,0.0053,"smoking","F001"
"8578","cg16886175",-0.007,0.0018,1e-04,0.0053,"smoking","F001"
"8579","cg13776560",-0.0038,0.001,1e-04,0.0053,"smoking","F001"
"8580","cg21799270",-0.0063,0.0016,1e-04,0.0053,"smoking","F001"
"8581","cg15451248",-0.0059,0.0015,1e-04,0.0053,"smoking","F001"
"8582","cg24622589",-0.0038,0.001,1e-04,0.0053,"smoking","F001"
"8583","cg12012871",0.0045,0.0012,1e-04,0.0053,"smoking","F001"
"8584","cg23928512",-0.0058,0.0015,1e-04,0.0053,"smoking","F001"
"8585","cg06427759",-0.002,5e-04,1e-04,0.0053,"smoking","F001"
"8586","cg06824423",0.0027,7e-04,1e-04,0.0053,"smoking","F001"
"8587","cg11915812",-0.0023,6e-04,1e-04,0.0053,"smoking","F001"
"8588","cg05462543",0.0066,0.0017,1e-04,0.0053,"smoking","F001"
"8589","cg10461264",9e-04,2e-04,1e-04,0.0053,"smoking","F001"
"8590","cg24524470",0.0079,0.002,1e-04,0.0053,"smoking","F001"
"8591","cg03701992",0.0044,0.0011,1e-04,0.0053,"smoking","F001"
"8592","cg21241823",-0.0053,0.0014,1e-04,0.0053,"smoking","F001"
"8593","cg00207280",0.004,0.001,1e-04,0.0053,"smoking","F001"
"8594","cg19802477",0.0079,0.002,1e-04,0.0053,"smoking","F001"
"8595","cg14049990",0.0079,0.002,1e-04,0.0053,"smoking","F001"
"8596","cg08654655",0.0057,0.0015,1e-04,0.0053,"smoking","F001"
"8597","cg12756150",0.0096,0.0025,1e-04,0.0054,"smoking","F001"
"8598","cg19358608",0.0049,0.0013,1e-04,0.0054,"smoking","F001"
"8599","cg06433879",0.0019,5e-04,1e-04,0.0054,"smoking","F001"
"8600","cg11234688",-0.0097,0.0025,1e-04,0.0054,"smoking","F001"
"8601","cg06567855",-0.003,8e-04,1e-04,0.0054,"smoking","F001"
"8602","cg26073542",0.0034,9e-04,1e-04,0.0054,"smoking","F001"
"8603","cg16737517",-0.0151,0.0039,1e-04,0.0054,"smoking","F001"
"8604","cg14055193",0.0055,0.0014,1e-04,0.0054,"smoking","F001"
"8605","cg09586191",-0.0051,0.0013,1e-04,0.0054,"smoking","F001"
"8606","cg06371836",-0.0051,0.0013,1e-04,0.0054,"smoking","F001"
"8607","cg18487916",-0.0054,0.0014,1e-04,0.0054,"smoking","F001"
"8608","cg00235442",-0.0023,6e-04,1e-04,0.0054,"smoking","F001"
"8609","cg05134847",-0.0047,0.0012,1e-04,0.0054,"smoking","F001"
"8610","cg21240736",-0.0047,0.0012,1e-04,0.0054,"smoking","F001"
"8611","cg21357108",0.0012,3e-04,1e-04,0.0054,"smoking","F001"
"8612","cg19264571",-0.0048,0.0012,1e-04,0.0054,"smoking","F001"
"8613","cg11530693",0.0037,0.001,1e-04,0.0054,"smoking","F001"
"8614","cg00666749",-0.0077,0.002,1e-04,0.0054,"smoking","F001"
"8615","cg12087695",0.0039,0.001,1e-04,0.0054,"smoking","F001"
"8616","cg04924028",-0.008,0.0021,1e-04,0.0054,"smoking","F001"
"8617","cg05840541",0.0069,0.0018,1e-04,0.0054,"smoking","F001"
"8618","cg05288803",0.0018,5e-04,1e-04,0.0054,"smoking","F001"
"8619","cg15742116",0.0033,9e-04,1e-04,0.0054,"smoking","F001"
"8620","cg13926338",0.0038,0.001,1e-04,0.0054,"smoking","F001"
"8621","cg12973941",0.003,8e-04,1e-04,0.0054,"smoking","F001"
"8622","cg07194166",-0.0028,7e-04,1e-04,0.0054,"smoking","F001"
"8623","cg06922393",-0.0049,0.0013,1e-04,0.0054,"smoking","F001"
"8624","cg01440841",0.0032,8e-04,1e-04,0.0054,"smoking","F001"
"8625","cg06099431",-0.0094,0.0024,1e-04,0.0054,"smoking","F001"
"8626","cg10488031",-0.0069,0.0018,1e-04,0.0054,"smoking","F001"
"8627","cg11064521",0.0035,9e-04,1e-04,0.0055,"smoking","F001"
"8628","cg01167556",-0.0092,0.0024,1e-04,0.0055,"smoking","F001"
"8629","cg26218277",-0.0043,0.0011,1e-04,0.0055,"smoking","F001"
"8630","cg10895547",0.0041,0.0011,1e-04,0.0055,"smoking","F001"
"8631","cg18242103",0.0073,0.0019,1e-04,0.0055,"smoking","F001"
"8632","cg27042226",-0.0027,7e-04,1e-04,0.0055,"smoking","F001"
"8633","cg19594052",-0.0032,8e-04,1e-04,0.0055,"smoking","F001"
"8634","cg05845141",-0.005,0.0013,1e-04,0.0055,"smoking","F001"
"8635","cg25625127",-0.005,0.0013,1e-04,0.0055,"smoking","F001"
"8636","cg23176340",-0.0094,0.0024,1e-04,0.0055,"smoking","F001"
"8637","cg12484113",-0.0059,0.0015,1e-04,0.0055,"smoking","F001"
"8638","cg19184160",0.0052,0.0014,1e-04,0.0055,"smoking","F001"
"8639","cg15704699",0.0072,0.0019,1e-04,0.0055,"smoking","F001"
"8640","cg08586500",0.0059,0.0015,1e-04,0.0055,"smoking","F001"
"8641","cg15686608",0.0023,6e-04,1e-04,0.0055,"smoking","F001"
"8642","cg07636176",0.0065,0.0017,1e-04,0.0055,"smoking","F001"
"8643","cg25909396",-0.0082,0.0021,1e-04,0.0055,"smoking","F001"
"8644","cg13615971",0.0047,0.0012,1e-04,0.0055,"smoking","F001"
"8645","cg03070187",-0.0041,0.0011,1e-04,0.0055,"smoking","F001"
"8646","cg16404170",0.0042,0.0011,1e-04,0.0055,"smoking","F001"
"8647","cg21534578",-0.0056,0.0014,1e-04,0.0055,"smoking","F001"
"8648","cg23092820",0.0036,9e-04,1e-04,0.0055,"smoking","F001"
"8649","cg07325246",0.0055,0.0014,1e-04,0.0055,"smoking","F001"
"8650","cg08676425",0.0031,8e-04,1e-04,0.0055,"smoking","F001"
"8651","cg15457390",0.0028,7e-04,1e-04,0.0055,"smoking","F001"
"8652","cg19127840",-0.0032,8e-04,1e-04,0.0055,"smoking","F001"
"8653","cg02064158",0.0023,6e-04,1e-04,0.0055,"smoking","F001"
"8654","cg09287629",0.0064,0.0017,1e-04,0.0055,"smoking","F001"
"8655","cg19594305",0.0036,9e-04,1e-04,0.0055,"smoking","F001"
"8656","cg12301823",0.0027,7e-04,1e-04,0.0055,"smoking","F001"
"8657","cg04740898",-0.0051,0.0013,1e-04,0.0055,"smoking","F001"
"8658","cg21225563",-0.0046,0.0012,1e-04,0.0055,"smoking","F001"
"8659","cg23430652",0.0074,0.0019,1e-04,0.0055,"smoking","F001"
"8660","cg04039957",0.0057,0.0015,1e-04,0.0055,"smoking","F001"
"8661","cg06591579",0.0102,0.0026,1e-04,0.0055,"smoking","F001"
"8662","cg19406511",-0.0015,4e-04,1e-04,0.0055,"smoking","F001"
"8663","cg00574958",0.0022,6e-04,1e-04,0.0055,"smoking","F001"
"8664","cg18125510",-0.0078,0.002,1e-04,0.0055,"smoking","F001"
"8665","cg27543538",0.0054,0.0014,1e-04,0.0055,"smoking","F001"
"8666","cg02489552",-0.0137,0.0035,1e-04,0.0055,"smoking","F001"
"8667","cg12921411",-0.0041,0.001,1e-04,0.0055,"smoking","F001"
"8668","cg06710464",0.0055,0.0014,1e-04,0.0055,"smoking","F001"
"8669","cg21468274",-0.0096,0.0025,1e-04,0.0055,"smoking","F001"
"8670","cg00099869",0.0029,7e-04,1e-04,0.0055,"smoking","F001"
"8671","cg01952313",-0.0049,0.0013,1e-04,0.0055,"smoking","F001"
"8672","cg05877109",0.0031,8e-04,1e-04,0.0055,"smoking","F001"
"8673","cg26918117",0.0038,0.001,1e-04,0.0056,"smoking","F001"
"8674","cg06110458",-0.005,0.0013,1e-04,0.0056,"smoking","F001"
"8675","cg13917964",-0.0061,0.0016,1e-04,0.0056,"smoking","F001"
"8676","cg09257526",-0.0067,0.0017,1e-04,0.0056,"smoking","F001"
"8677","cg20308351",-0.0089,0.0023,1e-04,0.0056,"smoking","F001"
"8678","cg08486875",0.0049,0.0013,1e-04,0.0056,"smoking","F001"
"8679","cg25553916",-0.0036,9e-04,1e-04,0.0056,"smoking","F001"
"8680","cg27586487",0.0024,6e-04,1e-04,0.0056,"smoking","F001"
"8681","cg27598208",-0.0079,0.0021,1e-04,0.0056,"smoking","F001"
"8682","cg11376341",0.0064,0.0017,1e-04,0.0056,"smoking","F001"
"8683","cg03351487",0.0077,0.002,1e-04,0.0056,"smoking","F001"
"8684","cg16718710",0.0032,8e-04,1e-04,0.0056,"smoking","F001"
"8685","cg20925383",-0.0019,5e-04,1e-04,0.0056,"smoking","F001"
"8686","cg25102417",0.0045,0.0012,1e-04,0.0056,"smoking","F001"
"8687","cg24352349",-0.0017,4e-04,1e-04,0.0056,"smoking","F001"
"8688","cg27309564",-0.0057,0.0015,1e-04,0.0056,"smoking","F001"
"8689","cg17399143",-0.0028,7e-04,1e-04,0.0056,"smoking","F001"
"8690","cg08473752",0.0071,0.0018,1e-04,0.0056,"smoking","F001"
"8691","cg19654195",0.0025,6e-04,1e-04,0.0056,"smoking","F001"
"8692","cg17443473",-0.0047,0.0012,1e-04,0.0056,"smoking","F001"
"8693","cg19880947",-0.0034,9e-04,1e-04,0.0056,"smoking","F001"
"8694","cg06230805",0.0039,0.001,1e-04,0.0056,"smoking","F001"
"8695","cg16463460",0.006,0.0016,1e-04,0.0056,"smoking","F001"
"8696","cg24533564",-0.0035,9e-04,1e-04,0.0056,"smoking","F001"
"8697","cg23291854",0.0032,8e-04,1e-04,0.0056,"smoking","F001"
"8698","cg09303330",-0.0037,9e-04,1e-04,0.0056,"smoking","F001"
"8699","cg06251289",-0.0019,5e-04,1e-04,0.0056,"smoking","F001"
"8700","cg10799327",0.0038,0.001,1e-04,0.0056,"smoking","F001"
"8701","cg08248134",0.0063,0.0016,1e-04,0.0056,"smoking","F001"
"8702","cg13488078",0.004,0.001,1e-04,0.0056,"smoking","F001"
"8703","cg06904649",0.0023,6e-04,1e-04,0.0056,"smoking","F001"
"8704","cg03419646",0.0058,0.0015,1e-04,0.0056,"smoking","F001"
"8705","cg15128226",-0.0092,0.0024,1e-04,0.0056,"smoking","F001"
"8706","cg20976526",-0.0055,0.0014,1e-04,0.0056,"smoking","F001"
"8707","cg27656459",0.0051,0.0013,1e-04,0.0056,"smoking","F001"
"8708","cg16532438",0.001,3e-04,1e-04,0.0056,"smoking","F001"
"8709","cg00426968",0.0032,8e-04,1e-04,0.0056,"smoking","F001"
"8710","cg09278107",0.0056,0.0014,1e-04,0.0056,"smoking","F001"
"8711","cg26179590",-0.0032,8e-04,1e-04,0.0056,"smoking","F001"
"8712","cg10546888",0.0064,0.0017,1e-04,0.0056,"smoking","F001"
"8713","cg15773624",0.0016,4e-04,1e-04,0.0056,"smoking","F001"
"8714","cg00872726",0.0059,0.0015,1e-04,0.0056,"smoking","F001"
"8715","cg24374857",-0.0033,8e-04,1e-04,0.0056,"smoking","F001"
"8716","cg27310319",0.0023,6e-04,1e-04,0.0056,"smoking","F001"
"8717","cg10717214",-0.0054,0.0014,1e-04,0.0056,"smoking","F001"
"8718","cg15446391",0.0039,0.001,1e-04,0.0056,"smoking","F001"
"8719","cg19246761",-0.0055,0.0014,1e-04,0.0056,"smoking","F001"
"8720","cg14714797",-0.0121,0.0031,1e-04,0.0056,"smoking","F001"
"8721","cg06425919",0.0039,0.001,1e-04,0.0056,"smoking","F001"
"8722","cg14093363",0.0021,5e-04,1e-04,0.0056,"smoking","F001"
"8723","cg18202080",-0.0075,0.0019,1e-04,0.0056,"smoking","F001"
"8724","cg24925701",0.0083,0.0022,1e-04,0.0056,"smoking","F001"
"8725","cg26552621",-0.005,0.0013,1e-04,0.0056,"smoking","F001"
"8726","cg01313363",0.0027,7e-04,1e-04,0.0056,"smoking","F001"
"8727","cg01991625",-0.0068,0.0018,1e-04,0.0056,"smoking","F001"
"8728","cg01758512",0.0075,0.0019,1e-04,0.0056,"smoking","F001"
"8729","cg23205387",0.0031,8e-04,1e-04,0.0056,"smoking","F001"
"8730","cg10622536",-0.0044,0.0011,1e-04,0.0056,"smoking","F001"
"8731","cg15770046",0.0027,7e-04,1e-04,0.0056,"smoking","F001"
"8732","cg15726700",0.0049,0.0013,1e-04,0.0056,"smoking","F001"
"8733","cg17981790",0.0038,0.001,1e-04,0.0056,"smoking","F001"
"8734","cg21152177",0.0037,9e-04,1e-04,0.0056,"smoking","F001"
"8735","cg17064090",0.0035,9e-04,1e-04,0.0056,"smoking","F001"
"8736","cg20026346",-0.0076,0.002,1e-04,0.0056,"smoking","F001"
"8737","cg14716686",0.0096,0.0025,1e-04,0.0056,"smoking","F001"
"8738","cg25342005",0.0056,0.0015,1e-04,0.0056,"smoking","F001"
"8739","cg16924337",0.003,8e-04,1e-04,0.0056,"smoking","F001"
"8740","cg05720871",-0.003,8e-04,1e-04,0.0057,"smoking","F001"
"8741","cg25217842",-0.0025,7e-04,1e-04,0.0057,"smoking","F001"
"8742","cg04677123",0.0048,0.0012,1e-04,0.0057,"smoking","F001"
"8743","cg01309328",-0.0071,0.0018,1e-04,0.0057,"smoking","F001"
"8744","cg10328047",-0.0019,5e-04,1e-04,0.0057,"smoking","F001"
"8745","cg20059151",0.0043,0.0011,1e-04,0.0057,"smoking","F001"
"8746","cg16959747",0.0043,0.0011,1e-04,0.0057,"smoking","F001"
"8747","cg23545258",-0.0015,4e-04,1e-04,0.0057,"smoking","F001"
"8748","cg23746574",0.0029,7e-04,1e-04,0.0057,"smoking","F001"
"8749","cg22921096",-0.0057,0.0015,1e-04,0.0057,"smoking","F001"
"8750","cg12930882",-0.0072,0.0019,1e-04,0.0057,"smoking","F001"
"8751","cg21951457",0.0017,4e-04,1e-04,0.0057,"smoking","F001"
"8752","cg06652329",0.0036,9e-04,1e-04,0.0057,"smoking","F001"
"8753","cg08923271",-0.0042,0.0011,1e-04,0.0057,"smoking","F001"
"8754","cg00605523",0.0039,0.001,1e-04,0.0057,"smoking","F001"
"8755","cg07103517",-0.006,0.0015,1e-04,0.0057,"smoking","F001"
"8756","cg21351392",-0.0238,0.0062,1e-04,0.0057,"smoking","F001"
"8757","cg00566320",-0.0064,0.0016,1e-04,0.0057,"smoking","F001"
"8758","cg07728579",0.0039,0.001,1e-04,0.0057,"smoking","F001"
"8759","cg24110540",0.0058,0.0015,1e-04,0.0057,"smoking","F001"
"8760","cg20531550",-0.0057,0.0015,1e-04,0.0057,"smoking","F001"
"8761","cg18008766",-0.0047,0.0012,1e-04,0.0057,"smoking","F001"
"8762","cg19414741",0.0044,0.0011,1e-04,0.0057,"smoking","F001"
"8763","cg14004678",0.0055,0.0014,1e-04,0.0057,"smoking","F001"
"8764","cg19589811",0.0032,8e-04,1e-04,0.0057,"smoking","F001"
"8765","cg09721659",-0.0045,0.0012,1e-04,0.0057,"smoking","F001"
"8766","cg11212329",0.0069,0.0018,1e-04,0.0057,"smoking","F001"
"8767","cg09910271",0.0041,0.0011,1e-04,0.0057,"smoking","F001"
"8768","cg13490403",-0.0111,0.0029,1e-04,0.0058,"smoking","F001"
"8769","cg18702012",-0.0051,0.0013,1e-04,0.0058,"smoking","F001"
"8770","cg05903720",0.0051,0.0013,1e-04,0.0058,"smoking","F001"
"8771","cg03037030",-0.0052,0.0014,1e-04,0.0058,"smoking","F001"
"8772","cg24859352",0.0024,6e-04,1e-04,0.0058,"smoking","F001"
"8773","cg01088410",0.0015,4e-04,1e-04,0.0058,"smoking","F001"
"8774","cg21454760",0.0047,0.0012,1e-04,0.0058,"smoking","F001"
"8775","cg19620333",-0.0053,0.0014,1e-04,0.0058,"smoking","F001"
"8776","cg04864640",0.0025,7e-04,1e-04,0.0058,"smoking","F001"
"8777","cg26954951",-0.0044,0.0011,1e-04,0.0058,"smoking","F001"
"8778","cg21033965",-0.0091,0.0024,1e-04,0.0058,"smoking","F001"
"8779","cg07192048",-0.0124,0.0032,1e-04,0.0058,"smoking","F001"
"8780","cg10926083",-0.003,8e-04,1e-04,0.0058,"smoking","F001"
"8781","cg05465955",-0.0056,0.0014,1e-04,0.0058,"smoking","F001"
"8782","cg00076307",0.0022,6e-04,1e-04,0.0058,"smoking","F001"
"8783","cg08820801",-0.007,0.0018,1e-04,0.0058,"smoking","F001"
"8784","cg09155905",-0.0068,0.0018,1e-04,0.0058,"smoking","F001"
"8785","cg03155159",-0.0131,0.0034,1e-04,0.0058,"smoking","F001"
"8786","cg04246144",0.0036,9e-04,1e-04,0.0058,"smoking","F001"
"8787","cg18105529",0.0034,9e-04,1e-04,0.0058,"smoking","F001"
"8788","cg26475085",0.0029,8e-04,1e-04,0.0059,"smoking","F001"
"8789","cg12084760",0.0038,0.001,1e-04,0.0059,"smoking","F001"
"8790","cg19815376",-0.0078,0.002,1e-04,0.0059,"smoking","F001"
"8791","cg12844784",0.0023,6e-04,1e-04,0.0059,"smoking","F001"
"8792","cg13981001",-0.0056,0.0014,1e-04,0.0059,"smoking","F001"
"8793","cg09568774",0.0057,0.0015,1e-04,0.0059,"smoking","F001"
"8794","cg11322877",0.006,0.0016,1e-04,0.0059,"smoking","F001"
"8795","cg07737182",0.0056,0.0014,1e-04,0.0059,"smoking","F001"
"8796","cg23708624",0.0083,0.0022,1e-04,0.0059,"smoking","F001"
"8797","cg04179940",-0.0048,0.0012,1e-04,0.0059,"smoking","F001"
"8798","cg20762729",0.0021,6e-04,1e-04,0.0059,"smoking","F001"
"8799","cg17505469",0.0057,0.0015,1e-04,0.0059,"smoking","F001"
"8800","cg05365735",-0.0079,0.002,1e-04,0.0059,"smoking","F001"
"8801","cg04871807",-0.007,0.0018,1e-04,0.0059,"smoking","F001"
"8802","cg23333915",0.0026,7e-04,1e-04,0.0059,"smoking","F001"
"8803","cg20379593",-0.0054,0.0014,1e-04,0.0059,"smoking","F001"
"8804","cg02577963",0.004,0.001,1e-04,0.0059,"smoking","F001"
"8805","cg10052840",-0.0038,0.001,1e-04,0.0059,"smoking","F001"
"8806","cg24120597",-0.0024,6e-04,1e-04,0.0059,"smoking","F001"
"8807","cg11663667",-0.0038,0.001,1e-04,0.0059,"smoking","F001"
"8808","cg06011067",0.0069,0.0018,1e-04,0.0059,"smoking","F001"
"8809","cg13753526",0.009,0.0023,1e-04,0.0059,"smoking","F001"
"8810","cg24780479",0.0011,3e-04,1e-04,0.0059,"smoking","F001"
"8811","cg14499058",0.0034,9e-04,1e-04,0.0059,"smoking","F001"
"8812","cg22995106",-0.0037,0.001,1e-04,0.0059,"smoking","F001"
"8813","cg10773526",-0.0044,0.0011,1e-04,0.0059,"smoking","F001"
"8814","cg23792308",0.0029,8e-04,1e-04,0.0059,"smoking","F001"
"8815","cg25556035",-0.007,0.0018,1e-04,0.0059,"smoking","F001"
"8816","cg13151425",-0.0049,0.0013,1e-04,0.0059,"smoking","F001"
"8817","cg05915316",-0.0048,0.0012,1e-04,0.0059,"smoking","F001"
"8818","cg24613080",0.0069,0.0018,1e-04,0.0059,"smoking","F001"
"8819","cg15763258",-0.0056,0.0015,1e-04,0.006,"smoking","F001"
"8820","cg13475638",-0.0023,6e-04,1e-04,0.006,"smoking","F001"
"8821","cg06972695",0.0038,0.001,1e-04,0.006,"smoking","F001"
"8822","cg09123625",-0.0024,6e-04,1e-04,0.006,"smoking","F001"
"8823","cg14384960",0.0048,0.0012,1e-04,0.006,"smoking","F001"
"8824","cg14350358",0.0039,0.001,1e-04,0.006,"smoking","F001"
"8825","cg07988060",0.0039,0.001,1e-04,0.006,"smoking","F001"
"8826","cg15923513",0.0024,6e-04,1e-04,0.006,"smoking","F001"
"8827","cg08050115",-0.0045,0.0012,1e-04,0.006,"smoking","F001"
"8828","cg06660523",0.0034,9e-04,1e-04,0.006,"smoking","F001"
"8829","cg10009224",0.0039,0.001,1e-04,0.006,"smoking","F001"
"8830","cg25135457",-0.0042,0.0011,1e-04,0.006,"smoking","F001"
"8831","cg20569893",-0.0018,5e-04,1e-04,0.006,"smoking","F001"
"8832","cg16005592",-0.0054,0.0014,1e-04,0.006,"smoking","F001"
"8833","cg23615483",0.005,0.0013,1e-04,0.006,"smoking","F001"
"8834","cg24376434",-0.0038,0.001,1e-04,0.006,"smoking","F001"
"8835","cg06196801",-0.004,0.001,1e-04,0.006,"smoking","F001"
"8836","cg13232525",0.003,8e-04,1e-04,0.006,"smoking","F001"
"8837","cg18797823",0.0032,8e-04,1e-04,0.006,"smoking","F001"
"8838","cg23082877",0.0033,9e-04,1e-04,0.006,"smoking","F001"
"8839","cg00944599",-0.0049,0.0013,1e-04,0.006,"smoking","F001"
"8840","cg01759761",0.0021,6e-04,1e-04,0.006,"smoking","F001"
"8841","cg04533088",0.0021,5e-04,1e-04,0.006,"smoking","F001"
"8842","cg24897141",-0.0049,0.0013,1e-04,0.006,"smoking","F001"
"8843","cg19003304",0.0066,0.0017,1e-04,0.006,"smoking","F001"
"8844","cg00723017",0.006,0.0016,1e-04,0.006,"smoking","F001"
"8845","cg12076102",0.0042,0.0011,1e-04,0.006,"smoking","F001"
"8846","cg25662428",-0.0038,0.001,1e-04,0.006,"smoking","F001"
"8847","cg05644049",-0.0029,8e-04,1e-04,0.006,"smoking","F001"
"8848","cg13942826",0.0061,0.0016,1e-04,0.006,"smoking","F001"
"8849","cg27209578",-0.0029,8e-04,1e-04,0.006,"smoking","F001"
"8850","cg00670111",0.0042,0.0011,1e-04,0.006,"smoking","F001"
"8851","cg02744588",-0.007,0.0018,1e-04,0.006,"smoking","F001"
"8852","cg23654112",-0.0045,0.0012,1e-04,0.006,"smoking","F001"
"8853","cg09121269",0.0038,0.001,1e-04,0.0061,"smoking","F001"
"8854","cg27063372",-0.0073,0.0019,1e-04,0.0061,"smoking","F001"
"8855","cg24016626",0.0037,0.001,1e-04,0.0061,"smoking","F001"
"8856","cg26628907",0.0055,0.0014,1e-04,0.0061,"smoking","F001"
"8857","cg15230883",0.0096,0.0025,1e-04,0.0061,"smoking","F001"
"8858","cg10689438",-0.0034,9e-04,1e-04,0.0061,"smoking","F001"
"8859","cg19851563",-0.012,0.0031,1e-04,0.0061,"smoking","F001"
"8860","cg03546163",-0.0132,0.0034,1e-04,0.0061,"smoking","F001"
"8861","cg03885332",-0.0063,0.0016,1e-04,0.0061,"smoking","F001"
"8862","cg04972957",0.0016,4e-04,1e-04,0.0061,"smoking","F001"
"8863","cg16008966",0.0068,0.0018,1e-04,0.0061,"smoking","F001"
"8864","cg13772414",-0.0052,0.0014,1e-04,0.0061,"smoking","F001"
"8865","cg25044651",0.0043,0.0011,1e-04,0.0061,"smoking","F001"
"8866","cg14431165",0.0085,0.0022,1e-04,0.0061,"smoking","F001"
"8867","cg14788334",-0.0046,0.0012,1e-04,0.0061,"smoking","F001"
"8868","cg16915653",0.0031,8e-04,1e-04,0.0061,"smoking","F001"
"8869","cg14531663",0.0045,0.0012,1e-04,0.0061,"smoking","F001"
"8870","cg05760402",0.0021,5e-04,1e-04,0.0061,"smoking","F001"
"8871","cg22791932",0.0052,0.0014,1e-04,0.0061,"smoking","F001"
"8872","cg05595345",0.0027,7e-04,1e-04,0.0061,"smoking","F001"
"8873","cg20981127",0.0041,0.0011,1e-04,0.0061,"smoking","F001"
"8874","cg03833880",0.0021,6e-04,1e-04,0.0061,"smoking","F001"
"8875","cg00119117",0.0017,4e-04,1e-04,0.0061,"smoking","F001"
"8876","cg05682333",0.0058,0.0015,1e-04,0.0061,"smoking","F001"
"8877","cg15929297",-0.0073,0.0019,1e-04,0.0061,"smoking","F001"
"8878","cg17687367",-0.004,0.001,1e-04,0.0061,"smoking","F001"
"8879","cg19159011",-0.007,0.0018,1e-04,0.0061,"smoking","F001"
"8880","cg05496768",-0.0035,9e-04,1e-04,0.0061,"smoking","F001"
"8881","cg07781399",-0.0033,9e-04,1e-04,0.0061,"smoking","F001"
"8882","cg04002235",-0.0154,0.004,1e-04,0.0061,"smoking","F001"
"8883","cg00151124",-0.0027,7e-04,1e-04,0.0061,"smoking","F001"
"8884","cg05006092",-0.0019,5e-04,1e-04,0.0061,"smoking","F001"
"8885","cg21737444",-0.0094,0.0024,1e-04,0.0061,"smoking","F001"
"8886","cg01933405",0.0028,7e-04,1e-04,0.0061,"smoking","F001"
"8887","cg04363470",-0.0062,0.0016,1e-04,0.0061,"smoking","F001"
"8888","cg17960164",-0.0035,9e-04,1e-04,0.0061,"smoking","F001"
"8889","cg23732629",-0.011,0.0029,1e-04,0.0061,"smoking","F001"
"8890","cg12633817",-0.0035,9e-04,1e-04,0.0061,"smoking","F001"
"8891","cg07275218",-0.0044,0.0012,1e-04,0.0061,"smoking","F001"
"8892","cg11172682",0.0035,9e-04,1e-04,0.0061,"smoking","F001"
"8893","cg07377446",-0.0051,0.0013,1e-04,0.0062,"smoking","F001"
"8894","cg19675935",0.0023,6e-04,1e-04,0.0062,"smoking","F001"
"8895","cg25567448",-0.0039,0.001,1e-04,0.0062,"smoking","F001"
"8896","cg15855924",-0.0057,0.0015,1e-04,0.0062,"smoking","F001"
"8897","cg16422365",-0.0034,9e-04,1e-04,0.0062,"smoking","F001"
"8898","cg16299747",-0.0064,0.0017,1e-04,0.0062,"smoking","F001"
"8899","cg25488284",-0.0064,0.0017,1e-04,0.0062,"smoking","F001"
"8900","cg27574595",0.0065,0.0017,1e-04,0.0062,"smoking","F001"
"8901","cg19252108",0.0027,7e-04,1e-04,0.0062,"smoking","F001"
"8902","cg13172637",0.0013,3e-04,1e-04,0.0062,"smoking","F001"
"8903","cg11379081",0.006,0.0016,1e-04,0.0062,"smoking","F001"
"8904","cg03527802",-0.005,0.0013,1e-04,0.0062,"smoking","F001"
"8905","cg09589565",0.0026,7e-04,1e-04,0.0062,"smoking","F001"
"8906","cg01073837",0.0016,4e-04,1e-04,0.0062,"smoking","F001"
"8907","cg11416384",0.003,8e-04,1e-04,0.0062,"smoking","F001"
"8908","cg12054453",-0.0108,0.0028,1e-04,0.0062,"smoking","F001"
"8909","cg02584756",0.0037,0.001,1e-04,0.0062,"smoking","F001"
"8910","cg02673107",-0.0039,0.001,1e-04,0.0062,"smoking","F001"
"8911","cg05267427",0.0085,0.0022,1e-04,0.0062,"smoking","F001"
"8912","cg12864389",-0.0049,0.0013,1e-04,0.0062,"smoking","F001"
"8913","cg23030863",0.0043,0.0011,1e-04,0.0062,"smoking","F001"
"8914","cg16149053",-0.002,5e-04,1e-04,0.0062,"smoking","F001"
"8915","cg17532753",0.0052,0.0014,1e-04,0.0062,"smoking","F001"
"8916","cg13855924",0.0023,6e-04,1e-04,0.0062,"smoking","F001"
"8917","cg14333542",-0.0087,0.0023,1e-04,0.0062,"smoking","F001"
"8918","cg10426893",-0.0044,0.0011,1e-04,0.0062,"smoking","F001"
"8919","cg11913951",-0.0017,4e-04,1e-04,0.0062,"smoking","F001"
"8920","cg14235273",0.0029,8e-04,1e-04,0.0062,"smoking","F001"
"8921","cg23015664",0.0046,0.0012,1e-04,0.0062,"smoking","F001"
"8922","cg15868235",-0.0071,0.0018,1e-04,0.0062,"smoking","F001"
"8923","cg00713294",0.0051,0.0013,1e-04,0.0062,"smoking","F001"
"8924","cg09808864",0.0025,7e-04,1e-04,0.0062,"smoking","F001"
"8925","cg17585031",-0.004,0.0011,1e-04,0.0062,"smoking","F001"
"8926","cg10478867",0.005,0.0013,1e-04,0.0062,"smoking","F001"
"8927","cg03572760",-0.0032,8e-04,1e-04,0.0062,"smoking","F001"
"8928","cg14644001",0.0032,8e-04,1e-04,0.0062,"smoking","F001"
"8929","cg08327428",-0.0039,0.001,1e-04,0.0062,"smoking","F001"
"8930","cg10460033",0.0037,0.001,1e-04,0.0062,"smoking","F001"
"8931","cg01666652",-0.0041,0.0011,1e-04,0.0062,"smoking","F001"
"8932","cg22866825",-0.0069,0.0018,1e-04,0.0062,"smoking","F001"
"8933","cg12756396",0.0045,0.0012,1e-04,0.0062,"smoking","F001"
"8934","cg15072832",0.0034,9e-04,1e-04,0.0063,"smoking","F001"
"8935","cg24300154",0.0067,0.0018,1e-04,0.0063,"smoking","F001"
"8936","cg17339794",0.0025,7e-04,1e-04,0.0063,"smoking","F001"
"8937","cg19620086",-0.0057,0.0015,1e-04,0.0063,"smoking","F001"
"8938","cg10128479",0.0045,0.0012,1e-04,0.0063,"smoking","F001"
"8939","cg25949513",-0.0015,4e-04,1e-04,0.0063,"smoking","F001"
"8940","cg15658306",0.0044,0.0011,1e-04,0.0063,"smoking","F001"
"8941","cg14156751",0.006,0.0016,1e-04,0.0063,"smoking","F001"
"8942","cg15032957",-0.0037,0.001,1e-04,0.0063,"smoking","F001"
"8943","cg14339466",-0.005,0.0013,1e-04,0.0063,"smoking","F001"
"8944","cg09907758",0.0037,0.001,1e-04,0.0063,"smoking","F001"
"8945","cg05348871",0.0064,0.0017,1e-04,0.0063,"smoking","F001"
"8946","cg26034811",-0.0043,0.0011,1e-04,0.0063,"smoking","F001"
"8947","cg02117271",0.0031,8e-04,1e-04,0.0063,"smoking","F001"
"8948","cg02173782",-0.0071,0.0018,1e-04,0.0063,"smoking","F001"
"8949","cg09918091",-0.003,8e-04,1e-04,0.0063,"smoking","F001"
"8950","cg04233669",0.0097,0.0025,1e-04,0.0063,"smoking","F001"
"8951","cg15305511",-0.0079,0.0021,1e-04,0.0063,"smoking","F001"
"8952","cg27351321",-0.0011,3e-04,1e-04,0.0063,"smoking","F001"
"8953","cg18576206",0.0058,0.0015,1e-04,0.0063,"smoking","F001"
"8954","cg17514353",0.002,5e-04,1e-04,0.0063,"smoking","F001"
"8955","cg10906729",-0.0156,0.0041,1e-04,0.0063,"smoking","F001"
"8956","cg08142858",0.0044,0.0012,1e-04,0.0063,"smoking","F001"
"8957","cg06893362",-0.0055,0.0014,1e-04,0.0063,"smoking","F001"
"8958","cg02544002",-0.0085,0.0022,1e-04,0.0063,"smoking","F001"
"8959","cg02029908",0.0013,3e-04,1e-04,0.0063,"smoking","F001"
"8960","cg09337121",-0.0034,9e-04,1e-04,0.0063,"smoking","F001"
"8961","cg16660091",-0.0062,0.0016,1e-04,0.0063,"smoking","F001"
"8962","cg05389183",-0.0026,7e-04,1e-04,0.0063,"smoking","F001"
"8963","cg09912552",0.0054,0.0014,1e-04,0.0063,"smoking","F001"
"8964","cg07135732",0.0024,6e-04,1e-04,0.0063,"smoking","F001"
"8965","cg11661281",-0.007,0.0018,1e-04,0.0063,"smoking","F001"
"8966","cg27170782",-0.0032,8e-04,1e-04,0.0063,"smoking","F001"
"8967","cg22737154",0.0077,0.002,1e-04,0.0063,"smoking","F001"
"8968","cg02757488",0.0048,0.0013,1e-04,0.0063,"smoking","F001"
"8969","cg17053201",0.003,8e-04,1e-04,0.0064,"smoking","F001"
"8970","cg19544746",0.0021,6e-04,1e-04,0.0064,"smoking","F001"
"8971","cg21619637",0.0058,0.0015,1e-04,0.0064,"smoking","F001"
"8972","cg26967875",-0.0017,5e-04,1e-04,0.0064,"smoking","F001"
"8973","cg12956598",0.0048,0.0012,1e-04,0.0064,"smoking","F001"
"8974","cg19458020",-0.0037,0.001,1e-04,0.0064,"smoking","F001"
"8975","cg13001963",0.0037,0.001,1e-04,0.0064,"smoking","F001"
"8976","cg06451822",-0.0046,0.0012,1e-04,0.0064,"smoking","F001"
"8977","cg07455789",0.0059,0.0015,1e-04,0.0064,"smoking","F001"
"8978","cg03120475",0.0055,0.0014,1e-04,0.0064,"smoking","F001"
"8979","cg23508201",-0.0023,6e-04,1e-04,0.0064,"smoking","F001"
"8980","cg01061391",-0.0093,0.0024,1e-04,0.0064,"smoking","F001"
"8981","cg14462402",-0.0106,0.0028,1e-04,0.0064,"smoking","F001"
"8982","cg02713960",-0.0065,0.0017,1e-04,0.0064,"smoking","F001"
"8983","cg23675401",-0.0054,0.0014,1e-04,0.0064,"smoking","F001"
"8984","cg03434029",-0.0077,0.002,1e-04,0.0064,"smoking","F001"
"8985","cg04168675",-0.0046,0.0012,1e-04,0.0064,"smoking","F001"
"8986","cg12325286",0.0033,8e-04,1e-04,0.0064,"smoking","F001"
"8987","cg07621749",0.0029,8e-04,1e-04,0.0064,"smoking","F001"
"8988","cg24356964",-0.0055,0.0014,1e-04,0.0064,"smoking","F001"
"8989","cg00451105",-0.0036,9e-04,1e-04,0.0064,"smoking","F001"
"8990","cg10051935",-0.0047,0.0012,1e-04,0.0064,"smoking","F001"
"8991","cg11357670",-0.0047,0.0012,1e-04,0.0064,"smoking","F001"
"8992","cg08370173",-0.004,0.001,1e-04,0.0064,"smoking","F001"
"8993","cg11784631",-0.0049,0.0013,1e-04,0.0064,"smoking","F001"
"8994","cg03460137",-0.0033,9e-04,1e-04,0.0064,"smoking","F001"
"8995","cg02890435",-0.0039,0.001,1e-04,0.0064,"smoking","F001"
"8996","cg02547426",-0.0036,9e-04,1e-04,0.0064,"smoking","F001"
"8997","cg27348420",-0.0043,0.0011,1e-04,0.0064,"smoking","F001"
"8998","cg19160754",0.0037,0.001,1e-04,0.0064,"smoking","F001"
"8999","cg12534424",0.0039,0.001,1e-04,0.0064,"smoking","F001"
"9000","cg05208396",-0.0045,0.0012,1e-04,0.0064,"smoking","F001"
"9001","cg03871251",0.0041,0.0011,1e-04,0.0064,"smoking","F001"
"9002","cg15722438",0.004,0.001,1e-04,0.0064,"smoking","F001"
"9003","cg10924077",0.0018,5e-04,1e-04,0.0064,"smoking","F001"
"9004","cg11697038",-0.0113,0.003,1e-04,0.0064,"smoking","F001"
"9005","cg06778853",-0.0073,0.0019,1e-04,0.0064,"smoking","F001"
"9006","cg13918042",0.0036,9e-04,1e-04,0.0064,"smoking","F001"
"9007","cg09686443",0.0034,9e-04,1e-04,0.0065,"smoking","F001"
"9008","cg26666735",0.0032,8e-04,1e-04,0.0065,"smoking","F001"
"9009","cg19134568",0.0051,0.0013,1e-04,0.0065,"smoking","F001"
"9010","cg02710530",0.0043,0.0011,1e-04,0.0065,"smoking","F001"
"9011","cg21805118",0.0047,0.0012,1e-04,0.0065,"smoking","F001"
"9012","cg00261569",-0.009,0.0024,1e-04,0.0065,"smoking","F001"
"9013","cg03116016",-0.0027,7e-04,1e-04,0.0065,"smoking","F001"
"9014","cg12910797",-0.0054,0.0014,1e-04,0.0065,"smoking","F001"
"9015","cg02902477",-0.0023,6e-04,1e-04,0.0065,"smoking","F001"
"9016","cg02085294",-0.0038,0.001,1e-04,0.0065,"smoking","F001"
"9017","cg26748578",-0.0141,0.0037,1e-04,0.0065,"smoking","F001"
"9018","cg14186558",0.0038,0.001,1e-04,0.0065,"smoking","F001"
"9019","cg03062881",0.0076,0.002,1e-04,0.0065,"smoking","F001"
"9020","cg23142529",-0.0025,7e-04,1e-04,0.0065,"smoking","F001"
"9021","cg26175729",-0.0061,0.0016,1e-04,0.0065,"smoking","F001"
"9022","cg25353281",-0.0027,7e-04,1e-04,0.0065,"smoking","F001"
"9023","cg05991820",-0.0079,0.0021,1e-04,0.0065,"smoking","F001"
"9024","cg03415545",-0.009,0.0023,1e-04,0.0065,"smoking","F001"
"9025","cg20556803",0.0069,0.0018,1e-04,0.0065,"smoking","F001"
"9026","cg21755755",-0.0034,9e-04,1e-04,0.0065,"smoking","F001"
"9027","cg26754262",-0.0104,0.0027,1e-04,0.0065,"smoking","F001"
"9028","cg01226614",-0.0063,0.0017,1e-04,0.0065,"smoking","F001"
"9029","cg23422170",0.0041,0.0011,1e-04,0.0065,"smoking","F001"
"9030","cg05082527",-0.0049,0.0013,1e-04,0.0065,"smoking","F001"
"9031","cg01458495",-0.0054,0.0014,1e-04,0.0065,"smoking","F001"
"9032","cg02993991",-0.0077,0.002,1e-04,0.0065,"smoking","F001"
"9033","cg23437162",-0.0051,0.0013,1e-04,0.0065,"smoking","F001"
"9034","cg03502002",0.0072,0.0019,1e-04,0.0065,"smoking","F001"
"9035","cg11120551",-0.0051,0.0013,1e-04,0.0066,"smoking","F001"
"9036","cg16823042",-0.0104,0.0027,1e-04,0.0066,"smoking","F001"
"9037","cg11677852",-0.006,0.0016,1e-04,0.0066,"smoking","F001"
"9038","cg19131476",-0.0054,0.0014,1e-04,0.0066,"smoking","F001"
"9039","cg25616055",0.0029,8e-04,1e-04,0.0066,"smoking","F001"
"9040","cg03431738",-0.0057,0.0015,1e-04,0.0066,"smoking","F001"
"9041","cg20179907",-0.0053,0.0014,1e-04,0.0066,"smoking","F001"
"9042","cg12801030",-0.0061,0.0016,1e-04,0.0066,"smoking","F001"
"9043","cg24738036",0.0043,0.0011,1e-04,0.0066,"smoking","F001"
"9044","cg02258201",-0.0075,0.002,1e-04,0.0066,"smoking","F001"
"9045","cg07507755",0.0048,0.0013,1e-04,0.0066,"smoking","F001"
"9046","cg05941624",-0.001,3e-04,1e-04,0.0066,"smoking","F001"
"9047","cg22994830",0.0082,0.0022,1e-04,0.0066,"smoking","F001"
"9048","cg19487819",-0.003,8e-04,1e-04,0.0066,"smoking","F001"
"9049","cg02085953",-0.0049,0.0013,1e-04,0.0066,"smoking","F001"
"9050","cg03246914",-0.0151,0.004,1e-04,0.0066,"smoking","F001"
"9051","cg06032349",0.0039,0.001,1e-04,0.0066,"smoking","F001"
"9052","cg07618780",0.0059,0.0016,1e-04,0.0066,"smoking","F001"
"9053","cg07675477",-0.0081,0.0021,1e-04,0.0066,"smoking","F001"
"9054","cg08080669",0.0016,4e-04,1e-04,0.0066,"smoking","F001"
"9055","cg09904304",0.0018,5e-04,1e-04,0.0066,"smoking","F001"
"9056","cg04532200",-0.008,0.0021,1e-04,0.0066,"smoking","F001"
"9057","cg21694161",-0.0022,6e-04,1e-04,0.0066,"smoking","F001"
"9058","cg27365342",0.0054,0.0014,1e-04,0.0066,"smoking","F001"
"9059","cg12864568",0.0018,5e-04,1e-04,0.0066,"smoking","F001"
"9060","cg10099758",0.0077,0.002,1e-04,0.0066,"smoking","F001"
"9061","cg00631221",-0.0053,0.0014,1e-04,0.0066,"smoking","F001"
"9062","cg18722841",0.0031,8e-04,1e-04,0.0066,"smoking","F001"
"9063","cg23304647",0.0049,0.0013,1e-04,0.0066,"smoking","F001"
"9064","cg27532360",-0.0071,0.0019,1e-04,0.0066,"smoking","F001"
"9065","cg25474070",-0.004,0.001,1e-04,0.0066,"smoking","F001"
"9066","cg00093433",0.0047,0.0012,1e-04,0.0066,"smoking","F001"
"9067","cg14083146",0.004,0.001,1e-04,0.0067,"smoking","F001"
"9068","cg06827038",0.0039,0.001,1e-04,0.0067,"smoking","F001"
"9069","cg04137576",-0.005,0.0013,1e-04,0.0067,"smoking","F001"
"9070","cg00124375",0.0047,0.0012,1e-04,0.0067,"smoking","F001"
"9071","cg02458053",-0.0019,5e-04,1e-04,0.0067,"smoking","F001"
"9072","cg12671565",-0.0027,7e-04,1e-04,0.0067,"smoking","F001"
"9073","cg16656895",0.0029,8e-04,1e-04,0.0067,"smoking","F001"
"9074","cg13891765",0.0029,8e-04,1e-04,0.0067,"smoking","F001"
"9075","cg14437551",-0.0049,0.0013,1e-04,0.0067,"smoking","F001"
"9076","cg10556384",0.0012,3e-04,1e-04,0.0067,"smoking","F001"
"9077","cg03594868",0.0053,0.0014,1e-04,0.0067,"smoking","F001"
"9078","cg20317748",0.0039,0.001,1e-04,0.0067,"smoking","F001"
"9079","cg17813891",-0.0063,0.0017,1e-04,0.0067,"smoking","F001"
"9080","cg18345924",-0.0079,0.0021,1e-04,0.0067,"smoking","F001"
"9081","cg04852348",0.0069,0.0018,1e-04,0.0067,"smoking","F001"
"9082","cg17936572",0.0065,0.0017,1e-04,0.0067,"smoking","F001"
"9083","cg00750428",0.0028,7e-04,1e-04,0.0067,"smoking","F001"
"9084","cg04648382",0.0042,0.0011,1e-04,0.0067,"smoking","F001"
"9085","cg27533999",-0.0034,9e-04,1e-04,0.0067,"smoking","F001"
"9086","cg04860432",0.0078,0.002,1e-04,0.0067,"smoking","F001"
"9087","cg14851482",-0.003,8e-04,1e-04,0.0067,"smoking","F001"
"9088","cg11657258",-0.007,0.0018,1e-04,0.0067,"smoking","F001"
"9089","cg10626316",-0.004,0.001,1e-04,0.0067,"smoking","F001"
"9090","cg10517312",-0.0044,0.0011,1e-04,0.0067,"smoking","F001"
"9091","cg19688772",-0.0043,0.0011,1e-04,0.0067,"smoking","F001"
"9092","cg08201311",-0.0046,0.0012,1e-04,0.0067,"smoking","F001"
"9093","cg04976151",-0.0056,0.0015,1e-04,0.0067,"smoking","F001"
"9094","cg02863594",-0.0055,0.0014,1e-04,0.0067,"smoking","F001"
"9095","cg18347010",0.0045,0.0012,1e-04,0.0067,"smoking","F001"
"9096","cg01287088",-0.0102,0.0027,1e-04,0.0067,"smoking","F001"
"9097","cg13271643",0.0043,0.0011,1e-04,0.0067,"smoking","F001"
"9098","cg00554413",0.0039,0.001,1e-04,0.0067,"smoking","F001"
"9099","cg13487667",0.0046,0.0012,1e-04,0.0067,"smoking","F001"
"9100","cg14082127",0.0038,0.001,1e-04,0.0067,"smoking","F001"
"9101","cg26096752",0.0048,0.0012,1e-04,0.0067,"smoking","F001"
"9102","cg13353574",-0.0095,0.0025,1e-04,0.0067,"smoking","F001"
"9103","cg26808747",0.0044,0.0012,1e-04,0.0068,"smoking","F001"
"9104","cg06376598",0.0055,0.0014,1e-04,0.0068,"smoking","F001"
"9105","cg00980784",-0.0053,0.0014,1e-04,0.0068,"smoking","F001"
"9106","cg10007134",0.0065,0.0017,1e-04,0.0068,"smoking","F001"
"9107","cg12187687",-0.0055,0.0015,1e-04,0.0068,"smoking","F001"
"9108","cg12093180",0.0044,0.0012,1e-04,0.0068,"smoking","F001"
"9109","cg26721803",-0.0066,0.0017,1e-04,0.0068,"smoking","F001"
"9110","cg19211880",0.0069,0.0018,1e-04,0.0068,"smoking","F001"
"9111","cg22599122",-0.0037,0.001,1e-04,0.0068,"smoking","F001"
"9112","cg18188916",-0.0031,8e-04,1e-04,0.0068,"smoking","F001"
"9113","cg26852723",0.0037,0.001,1e-04,0.0068,"smoking","F001"
"9114","cg01397513",-0.0022,6e-04,1e-04,0.0068,"smoking","F001"
"9115","cg10959999",-0.007,0.0018,1e-04,0.0068,"smoking","F001"
"9116","cg01300291",-0.0036,9e-04,1e-04,0.0068,"smoking","F001"
"9117","cg00138407",0.005,0.0013,1e-04,0.0068,"smoking","F001"
"9118","cg03873220",-0.0021,6e-04,1e-04,0.0068,"smoking","F001"
"9119","cg15668538",-0.0042,0.0011,1e-04,0.0068,"smoking","F001"
"9120","cg13269555",-0.0079,0.0021,1e-04,0.0068,"smoking","F001"
"9121","cg26112909",0.003,8e-04,1e-04,0.0068,"smoking","F001"
"9122","cg04477962",0.0048,0.0012,1e-04,0.0068,"smoking","F001"
"9123","cg08009711",-0.0076,0.002,1e-04,0.0068,"smoking","F001"
"9124","cg13847322",-0.0058,0.0015,1e-04,0.0068,"smoking","F001"
"9125","cg13959031",-0.0048,0.0013,1e-04,0.0068,"smoking","F001"
"9126","cg04843111",-0.0066,0.0017,1e-04,0.0068,"smoking","F001"
"9127","cg05721773",-0.0046,0.0012,1e-04,0.0068,"smoking","F001"
"9128","cg24137511",0.0082,0.0022,1e-04,0.0068,"smoking","F001"
"9129","cg00901675",0.007,0.0018,1e-04,0.0068,"smoking","F001"
"9130","cg20119532",-0.0071,0.0019,1e-04,0.0068,"smoking","F001"
"9131","cg06005844",-0.0069,0.0018,1e-04,0.0068,"smoking","F001"
"9132","cg11871991",-0.0063,0.0017,1e-04,0.0068,"smoking","F001"
"9133","cg03404143",0.0027,7e-04,1e-04,0.0068,"smoking","F001"
"9134","cg12595281",-0.0043,0.0011,1e-04,0.0068,"smoking","F001"
"9135","cg18673409",-0.0072,0.0019,1e-04,0.0069,"smoking","F001"
"9136","cg18912107",0.0064,0.0017,1e-04,0.0069,"smoking","F001"
"9137","cg05793240",-0.0052,0.0014,1e-04,0.0069,"smoking","F001"
"9138","cg13075295",-0.0026,7e-04,1e-04,0.0069,"smoking","F001"
"9139","cg06357908",-0.0044,0.0012,1e-04,0.0069,"smoking","F001"
"9140","cg01933695",-0.0034,9e-04,1e-04,0.0069,"smoking","F001"
"9141","cg25314111",0.0051,0.0013,1e-04,0.0069,"smoking","F001"
"9142","cg10506844",-0.0018,5e-04,1e-04,0.0069,"smoking","F001"
"9143","cg17602444",-0.007,0.0018,1e-04,0.0069,"smoking","F001"
"9144","cg03534662",-0.0057,0.0015,1e-04,0.0069,"smoking","F001"
"9145","cg03159676",0.0064,0.0017,1e-04,0.0069,"smoking","F001"
"9146","cg03316864",-0.0061,0.0016,1e-04,0.0069,"smoking","F001"
"9147","cg01863596",-0.0038,0.001,1e-04,0.0069,"smoking","F001"
"9148","cg13712012",-0.0031,8e-04,1e-04,0.0069,"smoking","F001"
"9149","cg03226435",-0.0062,0.0016,1e-04,0.0069,"smoking","F001"
"9150","cg06644515",-0.0085,0.0022,1e-04,0.0069,"smoking","F001"
"9151","cg03287108",-0.0049,0.0013,1e-04,0.0069,"smoking","F001"
"9152","cg26252592",0.0027,7e-04,1e-04,0.0069,"smoking","F001"
"9153","cg06856720",0.0044,0.0011,1e-04,0.0069,"smoking","F001"
"9154","cg08778287",0.0112,0.0029,1e-04,0.0069,"smoking","F001"
"9155","cg22141781",-0.0091,0.0024,1e-04,0.0069,"smoking","F001"
"9156","cg00726151",-0.0027,7e-04,1e-04,0.0069,"smoking","F001"
"9157","cg26650480",-0.0048,0.0013,1e-04,0.0069,"smoking","F001"
"9158","cg04477431",-0.0071,0.0019,1e-04,0.0069,"smoking","F001"
"9159","cg07915117",-0.0042,0.0011,1e-04,0.0069,"smoking","F001"
"9160","cg23805594",0.0037,0.001,1e-04,0.0069,"smoking","F001"
"9161","cg08203715",-0.003,8e-04,1e-04,0.0069,"smoking","F001"
"9162","cg17696194",-0.0077,0.002,1e-04,0.0069,"smoking","F001"
"9163","cg26729380",-0.0091,0.0024,1e-04,0.0069,"smoking","F001"
"9164","cg02174884",-0.0036,9e-04,1e-04,0.0069,"smoking","F001"
"9165","cg20277905",0.0029,8e-04,1e-04,0.0069,"smoking","F001"
"9166","cg12069379",0.0028,7e-04,1e-04,0.007,"smoking","F001"
"9167","cg27141509",-0.0067,0.0018,1e-04,0.007,"smoking","F001"
"9168","cg20276630",-0.0052,0.0014,1e-04,0.007,"smoking","F001"
"9169","cg05209515",-0.005,0.0013,1e-04,0.007,"smoking","F001"
"9170","cg27291710",-0.0051,0.0013,1e-04,0.007,"smoking","F001"
"9171","cg02464912",-0.0013,3e-04,1e-04,0.007,"smoking","F001"
"9172","cg10057436",0.0028,7e-04,1e-04,0.007,"smoking","F001"
"9173","cg01452189",0.0029,8e-04,1e-04,0.007,"smoking","F001"
"9174","cg18437209",-0.0044,0.0012,1e-04,0.007,"smoking","F001"
"9175","cg15599182",0.0041,0.0011,1e-04,0.007,"smoking","F001"
"9176","cg23994468",-0.0044,0.0012,1e-04,0.007,"smoking","F001"
"9177","cg17593472",-0.0049,0.0013,1e-04,0.007,"smoking","F001"
"9178","cg05585911",0.0045,0.0012,1e-04,0.007,"smoking","F001"
"9179","cg07946633",-0.0056,0.0015,1e-04,0.007,"smoking","F001"
"9180","cg07484739",-0.0074,0.002,1e-04,0.007,"smoking","F001"
"9181","cg11342764",0.0046,0.0012,1e-04,0.007,"smoking","F001"
"9182","cg13253847",0.0044,0.0012,1e-04,0.007,"smoking","F001"
"9183","cg17740822",0.0044,0.0012,1e-04,0.007,"smoking","F001"
"9184","cg01899318",0.0056,0.0015,1e-04,0.007,"smoking","F001"
"9185","cg14223444",-0.0098,0.0026,1e-04,0.007,"smoking","F001"
"9186","cg15435170",-0.0115,0.003,1e-04,0.007,"smoking","F001"
"9187","cg14624950",-0.0029,8e-04,1e-04,0.007,"smoking","F001"
"9188","cg07658590",-0.0054,0.0014,1e-04,0.007,"smoking","F001"
"9189","cg08457421",-0.0038,0.001,1e-04,0.007,"smoking","F001"
"9190","cg03811829",-0.0049,0.0013,1e-04,0.0071,"smoking","F001"
"9191","cg06188083",-0.0105,0.0028,1e-04,0.0071,"smoking","F001"
"9192","cg01611548",-0.0078,0.0021,1e-04,0.0071,"smoking","F001"
"9193","cg23725323",0.0076,0.002,1e-04,0.0071,"smoking","F001"
"9194","cg17258265",0.0021,6e-04,1e-04,0.0071,"smoking","F001"
"9195","cg00056754",0.0052,0.0014,1e-04,0.0071,"smoking","F001"
"9196","cg02231590",-0.0039,0.001,1e-04,0.0071,"smoking","F001"
"9197","cg20220208",0.0018,5e-04,1e-04,0.0071,"smoking","F001"
"9198","cg14734668",0.0092,0.0024,1e-04,0.0071,"smoking","F001"
"9199","cg13099330",0.0029,8e-04,1e-04,0.0071,"smoking","F001"
"9200","cg00530448",0.0016,4e-04,1e-04,0.0071,"smoking","F001"
"9201","cg01355392",-0.0207,0.0054,1e-04,0.0071,"smoking","F001"
"9202","cg25700533",0.0059,0.0016,1e-04,0.0071,"smoking","F001"
"9203","cg07885785",-0.0069,0.0018,1e-04,0.0071,"smoking","F001"
"9204","cg17890233",0.0024,6e-04,1e-04,0.0071,"smoking","F001"
"9205","cg13359765",-0.0054,0.0014,1e-04,0.0071,"smoking","F001"
"9206","cg26416971",0.0074,0.002,1e-04,0.0071,"smoking","F001"
"9207","cg04528771",-0.0018,5e-04,1e-04,0.0071,"smoking","F001"
"9208","cg21840875",-0.0057,0.0015,1e-04,0.0071,"smoking","F001"
"9209","cg05976753",-0.002,5e-04,1e-04,0.0071,"smoking","F001"
"9210","cg25814096",-0.0061,0.0016,1e-04,0.0071,"smoking","F001"
"9211","cg09426937",-0.0053,0.0014,1e-04,0.0071,"smoking","F001"
"9212","cg05241732",0.005,0.0013,1e-04,0.0071,"smoking","F001"
"9213","cg13897374",-0.0048,0.0013,1e-04,0.0071,"smoking","F001"
"9214","cg23733568",-0.0031,8e-04,1e-04,0.0071,"smoking","F001"
"9215","cg05174975",-0.0075,0.002,1e-04,0.0071,"smoking","F001"
"9216","cg25386611",-0.0063,0.0017,1e-04,0.0071,"smoking","F001"
"9217","cg11354105",-0.0043,0.0011,1e-04,0.0071,"smoking","F001"
"9218","cg16762849",0.0048,0.0013,1e-04,0.0071,"smoking","F001"
"9219","cg08845721",-0.0037,0.001,1e-04,0.0071,"smoking","F001"
"9220","cg04735129",0.0029,8e-04,1e-04,0.0071,"smoking","F001"
"9221","cg10500147",0.0016,4e-04,1e-04,0.0071,"smoking","F001"
"9222","cg24769846",0.0029,8e-04,1e-04,0.0071,"smoking","F001"
"9223","cg13842240",0.0048,0.0013,1e-04,0.0071,"smoking","F001"
"9224","cg06158650",0.0034,9e-04,1e-04,0.0072,"smoking","F001"
"9225","cg08110413",-0.0056,0.0015,1e-04,0.0072,"smoking","F001"
"9226","cg01909245",-0.004,0.0011,1e-04,0.0072,"smoking","F001"
"9227","cg05428268",-0.005,0.0013,1e-04,0.0072,"smoking","F001"
"9228","cg21901395",-0.0046,0.0012,1e-04,0.0072,"smoking","F001"
"9229","cg18720151",0.0066,0.0018,1e-04,0.0072,"smoking","F001"
"9230","cg20215212",-0.0044,0.0012,1e-04,0.0072,"smoking","F001"
"9231","cg13549638",0.0064,0.0017,1e-04,0.0072,"smoking","F001"
"9232","cg10028348",-0.0028,7e-04,1e-04,0.0072,"smoking","F001"
"9233","cg08424184",0.002,5e-04,1e-04,0.0072,"smoking","F001"
"9234","cg26048333",-0.0059,0.0016,1e-04,0.0072,"smoking","F001"
"9235","cg16591502",0.0018,5e-04,1e-04,0.0072,"smoking","F001"
"9236","cg19557110",0.0058,0.0015,1e-04,0.0072,"smoking","F001"
"9237","cg14377791",-0.0065,0.0017,1e-04,0.0072,"smoking","F001"
"9238","cg24075940",0.0016,4e-04,1e-04,0.0072,"smoking","F001"
"9239","cg10280412",0.0045,0.0012,1e-04,0.0072,"smoking","F001"
"9240","cg05251676",0.0024,6e-04,1e-04,0.0072,"smoking","F001"
"9241","cg14858616",-0.0058,0.0015,1e-04,0.0072,"smoking","F001"
"9242","cg19491035",0.0039,0.001,1e-04,0.0072,"smoking","F001"
"9243","cg02343604",-0.0085,0.0022,1e-04,0.0072,"smoking","F001"
"9244","cg05498024",0.0015,4e-04,1e-04,0.0072,"smoking","F001"
"9245","cg13383332",-0.0018,5e-04,1e-04,0.0072,"smoking","F001"
"9246","cg12745325",-0.0123,0.0033,1e-04,0.0072,"smoking","F001"
"9247","cg03523740",-0.0048,0.0013,1e-04,0.0072,"smoking","F001"
"9248","cg13853198",0.0029,8e-04,1e-04,0.0072,"smoking","F001"
"9249","cg27269903",-0.0023,6e-04,1e-04,0.0073,"smoking","F001"
"9250","cg01697487",-0.004,0.001,1e-04,0.0073,"smoking","F001"
"9251","cg12411858",-0.0042,0.0011,2e-04,0.0073,"smoking","F001"
"9252","cg25452067",-0.0047,0.0012,2e-04,0.0073,"smoking","F001"
"9253","cg18243760",0.0051,0.0014,2e-04,0.0073,"smoking","F001"
"9254","cg07724466",-0.0079,0.0021,2e-04,0.0073,"smoking","F001"
"9255","cg22948288",-0.0042,0.0011,2e-04,0.0073,"smoking","F001"
"9256","cg18645642",-0.005,0.0013,2e-04,0.0073,"smoking","F001"
"9257","cg01255465",-0.0057,0.0015,2e-04,0.0073,"smoking","F001"
"9258","cg18280057",-0.0052,0.0014,2e-04,0.0073,"smoking","F001"
"9259","cg22965943",-0.007,0.0019,2e-04,0.0073,"smoking","F001"
"9260","cg15374751",-0.0072,0.0019,2e-04,0.0073,"smoking","F001"
"9261","cg16155588",-0.004,0.0011,2e-04,0.0073,"smoking","F001"
"9262","cg08947774",0.0097,0.0025,2e-04,0.0073,"smoking","F001"
"9263","cg26890181",-0.0045,0.0012,2e-04,0.0073,"smoking","F001"
"9264","cg16817426",-0.0027,7e-04,2e-04,0.0073,"smoking","F001"
"9265","cg15020801",0.0058,0.0015,2e-04,0.0073,"smoking","F001"
"9266","cg07693617",0.0043,0.0011,2e-04,0.0073,"smoking","F001"
"9267","cg23043143",-0.0048,0.0013,2e-04,0.0073,"smoking","F001"
"9268","cg04104329",-0.0085,0.0023,2e-04,0.0073,"smoking","F001"
"9269","cg03826252",-0.0063,0.0017,2e-04,0.0073,"smoking","F001"
"9270","cg24277586",0.0055,0.0015,2e-04,0.0073,"smoking","F001"
"9271","cg05294455",0.0034,9e-04,2e-04,0.0073,"smoking","F001"
"9272","cg21949157",0.003,8e-04,2e-04,0.0073,"smoking","F001"
"9273","cg04026169",-0.0056,0.0015,2e-04,0.0073,"smoking","F001"
"9274","cg20722210",0.0049,0.0013,2e-04,0.0073,"smoking","F001"
"9275","cg06949439",-0.0093,0.0024,2e-04,0.0073,"smoking","F001"
"9276","cg02323699",-0.0063,0.0017,2e-04,0.0073,"smoking","F001"
"9277","cg09259409",0.0104,0.0027,2e-04,0.0073,"smoking","F001"
"9278","cg26395331",-0.0039,0.001,2e-04,0.0073,"smoking","F001"
"9279","cg03811891",0.0049,0.0013,2e-04,0.0073,"smoking","F001"
"9280","cg14615336",0.0027,7e-04,2e-04,0.0073,"smoking","F001"
"9281","cg10119082",0.0077,0.002,2e-04,0.0073,"smoking","F001"
"9282","cg13803727",-0.0054,0.0014,2e-04,0.0074,"smoking","F001"
"9283","cg14579240",0.0063,0.0017,2e-04,0.0074,"smoking","F001"
"9284","cg11448683",-0.0074,0.002,2e-04,0.0074,"smoking","F001"
"9285","cg12980128",0.0019,5e-04,2e-04,0.0074,"smoking","F001"
"9286","cg14011327",-0.0049,0.0013,2e-04,0.0074,"smoking","F001"
"9287","cg23570923",-0.0063,0.0017,2e-04,0.0074,"smoking","F001"
"9288","cg16704590",-0.0047,0.0012,2e-04,0.0074,"smoking","F001"
"9289","cg01957599",-0.0032,9e-04,2e-04,0.0074,"smoking","F001"
"9290","cg11551448",0.0043,0.0011,2e-04,0.0074,"smoking","F001"
"9291","cg02170478",0.006,0.0016,2e-04,0.0074,"smoking","F001"
"9292","cg10637688",-0.004,0.0011,2e-04,0.0074,"smoking","F001"
"9293","cg07676709",-0.0073,0.0019,2e-04,0.0074,"smoking","F001"
"9294","cg08274637",-0.0075,0.002,2e-04,0.0074,"smoking","F001"
"9295","cg06673536",0.005,0.0013,2e-04,0.0074,"smoking","F001"
"9296","cg02397552",-0.004,0.0011,2e-04,0.0074,"smoking","F001"
"9297","cg22579224",0.0039,0.001,2e-04,0.0074,"smoking","F001"
"9298","cg27087650",-0.004,0.001,2e-04,0.0074,"smoking","F001"
"9299","cg19947463",0.0057,0.0015,2e-04,0.0074,"smoking","F001"
"9300","cg05129050",-0.0063,0.0017,2e-04,0.0074,"smoking","F001"
"9301","cg10296062",-0.0038,0.001,2e-04,0.0074,"smoking","F001"
"9302","cg07682160",-0.0041,0.0011,2e-04,0.0074,"smoking","F001"
"9303","cg12166080",-0.0021,6e-04,2e-04,0.0074,"smoking","F001"
"9304","cg18279536",-0.0083,0.0022,2e-04,0.0074,"smoking","F001"
"9305","cg04815334",0.0122,0.0032,2e-04,0.0074,"smoking","F001"
"9306","cg07892167",0.0075,0.002,2e-04,0.0074,"smoking","F001"
"9307","cg20470975",-0.004,0.0011,2e-04,0.0074,"smoking","F001"
"9308","cg11205006",-0.0052,0.0014,2e-04,0.0074,"smoking","F001"
"9309","cg25488288",0.0026,7e-04,2e-04,0.0074,"smoking","F001"
"9310","cg20118717",0.0033,9e-04,2e-04,0.0074,"smoking","F001"
"9311","cg09929238",0.0079,0.0021,2e-04,0.0074,"smoking","F001"
"9312","cg26667287",0.0028,7e-04,2e-04,0.0074,"smoking","F001"
"9313","cg02378847",0.0052,0.0014,2e-04,0.0075,"smoking","F001"
"9314","cg05423018",-0.0051,0.0013,2e-04,0.0075,"smoking","F001"
"9315","cg12690127",-0.0017,5e-04,2e-04,0.0075,"smoking","F001"
"9316","cg08957484",-0.007,0.0019,2e-04,0.0075,"smoking","F001"
"9317","cg18023598",0.0041,0.0011,2e-04,0.0075,"smoking","F001"
"9318","cg20087093",-0.0043,0.0011,2e-04,0.0075,"smoking","F001"
"9319","cg01602690",0.0045,0.0012,2e-04,0.0075,"smoking","F001"
"9320","cg20831648",-0.0072,0.0019,2e-04,0.0075,"smoking","F001"
"9321","cg12164282",0.0045,0.0012,2e-04,0.0075,"smoking","F001"
"9322","cg23526960",-0.0039,0.001,2e-04,0.0075,"smoking","F001"
"9323","cg14539658",0.0079,0.0021,2e-04,0.0075,"smoking","F001"
"9324","cg00054774",-0.008,0.0021,2e-04,0.0075,"smoking","F001"
"9325","cg23362032",0.0037,0.001,2e-04,0.0075,"smoking","F001"
"9326","cg13442969",-0.0061,0.0016,2e-04,0.0075,"smoking","F001"
"9327","cg16831331",0.0055,0.0015,2e-04,0.0075,"smoking","F001"
"9328","cg25453677",-0.0048,0.0013,2e-04,0.0075,"smoking","F001"
"9329","cg17696044",0.0044,0.0012,2e-04,0.0075,"smoking","F001"
"9330","cg09029902",-0.0054,0.0014,2e-04,0.0075,"smoking","F001"
"9331","cg25663823",-0.0041,0.0011,2e-04,0.0075,"smoking","F001"
"9332","cg13021857",-0.011,0.0029,2e-04,0.0075,"smoking","F001"
"9333","cg17391508",0.003,8e-04,2e-04,0.0075,"smoking","F001"
"9334","cg14428628",-0.0057,0.0015,2e-04,0.0075,"smoking","F001"
"9335","cg03294491",-0.0074,0.002,2e-04,0.0075,"smoking","F001"
"9336","cg15572436",0.0024,6e-04,2e-04,0.0075,"smoking","F001"
"9337","cg02506360",-0.0045,0.0012,2e-04,0.0075,"smoking","F001"
"9338","cg16211507",-0.0042,0.0011,2e-04,0.0075,"smoking","F001"
"9339","cg19854744",0.0023,6e-04,2e-04,0.0075,"smoking","F001"
"9340","cg18565510",0.0026,7e-04,2e-04,0.0075,"smoking","F001"
"9341","cg24550933",0.0043,0.0011,2e-04,0.0076,"smoking","F001"
"9342","cg21365903",-0.0014,4e-04,2e-04,0.0076,"smoking","F001"
"9343","cg19409133",-0.0049,0.0013,2e-04,0.0076,"smoking","F001"
"9344","cg24731635",-0.0017,5e-04,2e-04,0.0076,"smoking","F001"
"9345","cg24791666",-0.0036,0.001,2e-04,0.0076,"smoking","F001"
"9346","cg06432479",0.0016,4e-04,2e-04,0.0076,"smoking","F001"
"9347","cg14339750",-0.003,8e-04,2e-04,0.0076,"smoking","F001"
"9348","cg10851413",0.0023,6e-04,2e-04,0.0076,"smoking","F001"
"9349","cg19314992",-0.0071,0.0019,2e-04,0.0076,"smoking","F001"
"9350","cg16162970",0.0048,0.0013,2e-04,0.0076,"smoking","F001"
"9351","cg00854314",-0.0036,9e-04,2e-04,0.0076,"smoking","F001"
"9352","cg08463024",-0.007,0.0018,2e-04,0.0076,"smoking","F001"
"9353","cg00421624",0.0118,0.0031,2e-04,0.0076,"smoking","F001"
"9354","cg04929868",0.0025,7e-04,2e-04,0.0076,"smoking","F001"
"9355","cg14365126",-0.0066,0.0018,2e-04,0.0076,"smoking","F001"
"9356","cg07778029",0.0014,4e-04,2e-04,0.0076,"smoking","F001"
"9357","cg13978367",-0.0028,8e-04,2e-04,0.0076,"smoking","F001"
"9358","cg27537199",0.0075,0.002,2e-04,0.0076,"smoking","F001"
"9359","cg10974980",0.0031,8e-04,2e-04,0.0076,"smoking","F001"
"9360","cg01000422",0.0087,0.0023,2e-04,0.0076,"smoking","F001"
"9361","cg19737746",-0.003,8e-04,2e-04,0.0076,"smoking","F001"
"9362","cg22687766",0.0057,0.0015,2e-04,0.0076,"smoking","F001"
"9363","cg13300273",-0.0078,0.0021,2e-04,0.0076,"smoking","F001"
"9364","cg11084718",-0.0053,0.0014,2e-04,0.0076,"smoking","F001"
"9365","cg20643029",-0.0068,0.0018,2e-04,0.0076,"smoking","F001"
"9366","cg23663547",0.0033,9e-04,2e-04,0.0076,"smoking","F001"
"9367","cg18878437",0.0031,8e-04,2e-04,0.0076,"smoking","F001"
"9368","cg21406967",-0.005,0.0013,2e-04,0.0076,"smoking","F001"
"9369","cg14274621",-0.0056,0.0015,2e-04,0.0076,"smoking","F001"
"9370","cg15033653",0.007,0.0019,2e-04,0.0076,"smoking","F001"
"9371","cg23417743",0.0036,0.001,2e-04,0.0077,"smoking","F001"
"9372","cg12883279",-0.0064,0.0017,2e-04,0.0077,"smoking","F001"
"9373","cg02105519",0.0021,6e-04,2e-04,0.0077,"smoking","F001"
"9374","cg03337341",-0.0015,4e-04,2e-04,0.0077,"smoking","F001"
"9375","cg03922146",-0.003,8e-04,2e-04,0.0077,"smoking","F001"
"9376","cg10392172",0.0029,8e-04,2e-04,0.0077,"smoking","F001"
"9377","cg18685455",-0.008,0.0021,2e-04,0.0077,"smoking","F001"
"9378","cg07580975",0.005,0.0013,2e-04,0.0077,"smoking","F001"
"9379","cg25985643",0.0024,6e-04,2e-04,0.0077,"smoking","F001"
"9380","cg23902823",-0.0019,5e-04,2e-04,0.0077,"smoking","F001"
"9381","cg21570988",0.0073,0.0019,2e-04,0.0077,"smoking","F001"
"9382","cg13389211",-0.0032,8e-04,2e-04,0.0077,"smoking","F001"
"9383","cg09995596",-0.0033,9e-04,2e-04,0.0077,"smoking","F001"
"9384","cg16839083",0.0038,0.001,2e-04,0.0077,"smoking","F001"
"9385","cg11623339",0.0072,0.0019,2e-04,0.0077,"smoking","F001"
"9386","cg14990413",0.0053,0.0014,2e-04,0.0077,"smoking","F001"
"9387","cg15537788",-0.003,8e-04,2e-04,0.0077,"smoking","F001"
"9388","cg08330404",0.0018,5e-04,2e-04,0.0077,"smoking","F001"
"9389","cg08553327",-0.01,0.0027,2e-04,0.0077,"smoking","F001"
"9390","cg00350448",-0.0053,0.0014,2e-04,0.0077,"smoking","F001"
"9391","cg27006547",-0.0027,7e-04,2e-04,0.0077,"smoking","F001"
"9392","cg02204046",0.0021,6e-04,2e-04,0.0077,"smoking","F001"
"9393","cg27083689",0.0016,4e-04,2e-04,0.0077,"smoking","F001"
"9394","cg09890374",-0.0067,0.0018,2e-04,0.0077,"smoking","F001"
"9395","cg16606731",-0.0054,0.0014,2e-04,0.0077,"smoking","F001"
"9396","cg02950701",-0.0054,0.0014,2e-04,0.0077,"smoking","F001"
"9397","cg07798593",-0.0046,0.0012,2e-04,0.0077,"smoking","F001"
"9398","cg17278864",0.0035,9e-04,2e-04,0.0077,"smoking","F001"
"9399","cg03617683",-0.0027,7e-04,2e-04,0.0077,"smoking","F001"
"9400","cg16597391",0.0046,0.0012,2e-04,0.0077,"smoking","F001"
"9401","cg15235893",-0.0068,0.0018,2e-04,0.0077,"smoking","F001"
"9402","cg10851251",0.0038,0.001,2e-04,0.0077,"smoking","F001"
"9403","cg01701585",-0.0028,8e-04,2e-04,0.0078,"smoking","F001"
"9404","cg24620635",0.0073,0.0019,2e-04,0.0078,"smoking","F001"
"9405","cg08285289",0.0101,0.0027,2e-04,0.0078,"smoking","F001"
"9406","cg20737812",-0.0062,0.0016,2e-04,0.0078,"smoking","F001"
"9407","cg26955383",0.0069,0.0018,2e-04,0.0078,"smoking","F001"
"9408","cg17454746",-0.0066,0.0017,2e-04,0.0078,"smoking","F001"
"9409","cg03984055",0.0027,7e-04,2e-04,0.0078,"smoking","F001"
"9410","cg14995562",0.0029,8e-04,2e-04,0.0078,"smoking","F001"
"9411","cg08546707",0.0059,0.0016,2e-04,0.0078,"smoking","F001"
"9412","cg00481159",0.0058,0.0015,2e-04,0.0078,"smoking","F001"
"9413","cg21376004",-0.0029,8e-04,2e-04,0.0078,"smoking","F001"
"9414","cg12371991",-0.0075,0.002,2e-04,0.0078,"smoking","F001"
"9415","cg07289618",-0.0049,0.0013,2e-04,0.0078,"smoking","F001"
"9416","cg20959866",0.0042,0.0011,2e-04,0.0078,"smoking","F001"
"9417","cg10411272",-0.0031,8e-04,2e-04,0.0078,"smoking","F001"
"9418","cg03393238",-0.0021,6e-04,2e-04,0.0078,"smoking","F001"
"9419","cg05992368",0.0025,7e-04,2e-04,0.0078,"smoking","F001"
"9420","cg16374656",0.0048,0.0013,2e-04,0.0078,"smoking","F001"
"9421","cg17307558",-0.0067,0.0018,2e-04,0.0078,"smoking","F001"
"9422","cg04363228",0.0059,0.0016,2e-04,0.0078,"smoking","F001"
"9423","cg17098979",0.007,0.0019,2e-04,0.0078,"smoking","F001"
"9424","cg00581334",0.0034,9e-04,2e-04,0.0078,"smoking","F001"
"9425","cg09471709",-0.0021,6e-04,2e-04,0.0078,"smoking","F001"
"9426","cg27020216",0.0038,0.001,2e-04,0.0078,"smoking","F001"
"9427","cg17489908",-0.0105,0.0028,2e-04,0.0078,"smoking","F001"
"9428","cg14528979",0.0028,8e-04,2e-04,0.0078,"smoking","F001"
"9429","cg07418114",-0.0045,0.0012,2e-04,0.0078,"smoking","F001"
"9430","cg17207690",0.0045,0.0012,2e-04,0.0078,"smoking","F001"
"9431","cg03266686",0.004,0.0011,2e-04,0.0078,"smoking","F001"
"9432","cg12941931",0.0031,8e-04,2e-04,0.0078,"smoking","F001"
"9433","cg13481974",-0.0034,9e-04,2e-04,0.0078,"smoking","F001"
"9434","cg13682598",0.0048,0.0013,2e-04,0.0078,"smoking","F001"
"9435","cg13199963",-0.0047,0.0012,2e-04,0.0078,"smoking","F001"
"9436","cg13322131",-0.0036,0.001,2e-04,0.0078,"smoking","F001"
"9437","cg09889997",0.0038,0.001,2e-04,0.0078,"smoking","F001"
"9438","cg03769383",0.0029,8e-04,2e-04,0.0078,"smoking","F001"
"9439","cg13244293",-0.0053,0.0014,2e-04,0.0078,"smoking","F001"
"9440","cg01639032",-0.0014,4e-04,2e-04,0.0078,"smoking","F001"
"9441","cg27096144",0.0037,0.001,2e-04,0.0078,"smoking","F001"
"9442","cg09776718",0.0022,6e-04,2e-04,0.0078,"smoking","F001"
"9443","cg17889831",0.0044,0.0012,2e-04,0.0078,"smoking","F001"
"9444","cg03444838",-0.0058,0.0016,2e-04,0.0078,"smoking","F001"
"9445","cg14242246",-0.0072,0.0019,2e-04,0.0079,"smoking","F001"
"9446","cg27000590",0.0028,7e-04,2e-04,0.0079,"smoking","F001"
"9447","cg10061138",0.0025,7e-04,2e-04,0.0079,"smoking","F001"
"9448","cg17617182",-0.0055,0.0015,2e-04,0.0079,"smoking","F001"
"9449","cg25287482",-0.0065,0.0017,2e-04,0.0079,"smoking","F001"
"9450","cg03866600",-0.0048,0.0013,2e-04,0.0079,"smoking","F001"
"9451","cg17514431",0.0034,9e-04,2e-04,0.0079,"smoking","F001"
"9452","cg09213964",0.0028,8e-04,2e-04,0.0079,"smoking","F001"
"9453","cg05523603",-0.0081,0.0021,2e-04,0.0079,"smoking","F001"
"9454","cg06373167",-0.0076,0.002,2e-04,0.0079,"smoking","F001"
"9455","cg05422957",0.0016,4e-04,2e-04,0.0079,"smoking","F001"
"9456","cg01541846",-0.002,5e-04,2e-04,0.0079,"smoking","F001"
"9457","cg12528835",-0.0064,0.0017,2e-04,0.0079,"smoking","F001"
"9458","cg21079113",0.0032,9e-04,2e-04,0.0079,"smoking","F001"
"9459","cg08501622",-0.0016,4e-04,2e-04,0.0079,"smoking","F001"
"9460","cg22242842",-0.006,0.0016,2e-04,0.0079,"smoking","F001"
"9461","cg07643930",-0.0059,0.0016,2e-04,0.0079,"smoking","F001"
"9462","cg07811255",-0.0029,8e-04,2e-04,0.0079,"smoking","F001"
"9463","cg23811268",-0.0056,0.0015,2e-04,0.0079,"smoking","F001"
"9464","cg11684302",0.0082,0.0022,2e-04,0.0079,"smoking","F001"
"9465","cg23098693",-0.0031,8e-04,2e-04,0.0079,"smoking","F001"
"9466","cg02066529",0.0022,6e-04,2e-04,0.0079,"smoking","F001"
"9467","cg03025830",-0.0137,0.0037,2e-04,0.0079,"smoking","F001"
"9468","cg01127412",-0.0024,6e-04,2e-04,0.0079,"smoking","F001"
"9469","cg17270257",0.0034,9e-04,2e-04,0.0079,"smoking","F001"
"9470","cg19356515",0.0049,0.0013,2e-04,0.0079,"smoking","F001"
"9471","cg01460382",0.003,8e-04,2e-04,0.0079,"smoking","F001"
"9472","cg15306060",-0.0068,0.0018,2e-04,0.008,"smoking","F001"
"9473","cg03449398",-0.0054,0.0014,2e-04,0.008,"smoking","F001"
"9474","cg01511806",-0.0027,7e-04,2e-04,0.008,"smoking","F001"
"9475","cg05908587",0.0033,9e-04,2e-04,0.008,"smoking","F001"
"9476","cg15535471",0.0051,0.0013,2e-04,0.008,"smoking","F001"
"9477","cg04494136",0.0082,0.0022,2e-04,0.008,"smoking","F001"
"9478","cg05586209",-0.007,0.0019,2e-04,0.008,"smoking","F001"
"9479","cg17367458",-0.0029,8e-04,2e-04,0.008,"smoking","F001"
"9480","cg02802514",-0.0039,0.001,2e-04,0.008,"smoking","F001"
"9481","cg13243168",-0.0037,0.001,2e-04,0.008,"smoking","F001"
"9482","cg22311015",0.0087,0.0023,2e-04,0.008,"smoking","F001"
"9483","cg22998476",-0.0069,0.0018,2e-04,0.008,"smoking","F001"
"9484","cg02192281",0.0032,9e-04,2e-04,0.008,"smoking","F001"
"9485","cg12141135",0.0043,0.0012,2e-04,0.008,"smoking","F001"
"9486","cg01000489",0.0014,4e-04,2e-04,0.008,"smoking","F001"
"9487","cg16926213",-0.0101,0.0027,2e-04,0.008,"smoking","F001"
"9488","cg02276944",0.0044,0.0012,2e-04,0.008,"smoking","F001"
"9489","cg22260508",-0.0034,9e-04,2e-04,0.008,"smoking","F001"
"9490","cg06151744",0.0029,8e-04,2e-04,0.008,"smoking","F001"
"9491","cg15780361",-0.0055,0.0015,2e-04,0.008,"smoking","F001"
"9492","cg11757357",0.0052,0.0014,2e-04,0.008,"smoking","F001"
"9493","cg02497019",0.0028,7e-04,2e-04,0.008,"smoking","F001"
"9494","cg15014458",0.0064,0.0017,2e-04,0.008,"smoking","F001"
"9495","cg24402880",0.0041,0.0011,2e-04,0.008,"smoking","F001"
"9496","cg17823234",0.0026,7e-04,2e-04,0.0081,"smoking","F001"
"9497","cg27315497",-0.0056,0.0015,2e-04,0.0081,"smoking","F001"
"9498","cg11342106",0.003,8e-04,2e-04,0.0081,"smoking","F001"
"9499","cg26316423",-0.0041,0.0011,2e-04,0.0081,"smoking","F001"
"9500","cg23033518",0.0034,9e-04,2e-04,0.0081,"smoking","F001"
"9501","cg00613284",-0.0044,0.0012,2e-04,0.0081,"smoking","F001"
"9502","cg20269554",0.0025,7e-04,2e-04,0.0081,"smoking","F001"
"9503","cg10036612",0.0033,9e-04,2e-04,0.0081,"smoking","F001"
"9504","cg26573274",0.0042,0.0011,2e-04,0.0081,"smoking","F001"
"9505","cg03851835",-0.0021,6e-04,2e-04,0.0081,"smoking","F001"
"9506","cg04321224",0.005,0.0013,2e-04,0.0081,"smoking","F001"
"9507","cg19165390",0.0034,9e-04,2e-04,0.0081,"smoking","F001"
"9508","cg03672272",-0.0064,0.0017,2e-04,0.0081,"smoking","F001"
"9509","cg21088259",0.0076,0.002,2e-04,0.0081,"smoking","F001"
"9510","cg08356214",-0.0027,7e-04,2e-04,0.0081,"smoking","F001"
"9511","cg02965712",0.006,0.0016,2e-04,0.0081,"smoking","F001"
"9512","cg01692233",0.0023,6e-04,2e-04,0.0081,"smoking","F001"
"9513","cg17211562",-0.0085,0.0023,2e-04,0.0081,"smoking","F001"
"9514","cg08394896",-0.0056,0.0015,2e-04,0.0081,"smoking","F001"
"9515","cg06658391",-0.0024,6e-04,2e-04,0.0081,"smoking","F001"
"9516","cg03732020",0.0063,0.0017,2e-04,0.0081,"smoking","F001"
"9517","cg10409341",0.0047,0.0013,2e-04,0.0081,"smoking","F001"
"9518","cg25010124",0.0031,8e-04,2e-04,0.0081,"smoking","F001"
"9519","cg08268892",0.0037,0.001,2e-04,0.0081,"smoking","F001"
"9520","cg01397521",-0.0039,0.001,2e-04,0.0081,"smoking","F001"
"9521","cg02078525",0.003,8e-04,2e-04,0.0081,"smoking","F001"
"9522","cg27042065",-0.0033,9e-04,2e-04,0.0081,"smoking","F001"
"9523","cg03345925",0.0063,0.0017,2e-04,0.0081,"smoking","F001"
"9524","cg21686577",-0.0069,0.0018,2e-04,0.0081,"smoking","F001"
"9525","cg02771117",-0.007,0.0019,2e-04,0.0081,"smoking","F001"
"9526","cg14206172",-0.0062,0.0017,2e-04,0.0081,"smoking","F001"
"9527","cg22045942",-0.0062,0.0017,2e-04,0.0081,"smoking","F001"
"9528","cg05023903",0.0021,6e-04,2e-04,0.0082,"smoking","F001"
"9529","cg11253886",0.0109,0.0029,2e-04,0.0082,"smoking","F001"
"9530","cg01240931",-0.0077,0.002,2e-04,0.0082,"smoking","F001"
"9531","cg14053764",0.0053,0.0014,2e-04,0.0082,"smoking","F001"
"9532","cg08845973",0.0048,0.0013,2e-04,0.0082,"smoking","F001"
"9533","cg17436656",-0.0057,0.0015,2e-04,0.0082,"smoking","F001"
"9534","cg27554556",0.0038,0.001,2e-04,0.0082,"smoking","F001"
"9535","cg25311963",-0.0046,0.0012,2e-04,0.0082,"smoking","F001"
"9536","cg02194129",0.0043,0.0011,2e-04,0.0082,"smoking","F001"
"9537","cg26133068",-0.0041,0.0011,2e-04,0.0082,"smoking","F001"
"9538","cg22319611",-0.0023,6e-04,2e-04,0.0082,"smoking","F001"
"9539","cg08843623",0.0063,0.0017,2e-04,0.0082,"smoking","F001"
"9540","cg08945450",0.0041,0.0011,2e-04,0.0082,"smoking","F001"
"9541","cg02452840",-0.0015,4e-04,2e-04,0.0082,"smoking","F001"
"9542","cg20173170",-0.0057,0.0015,2e-04,0.0082,"smoking","F001"
"9543","cg03545404",-0.0043,0.0012,2e-04,0.0082,"smoking","F001"
"9544","cg12467226",-0.0034,9e-04,2e-04,0.0082,"smoking","F001"
"9545","cg08324925",-0.0082,0.0022,2e-04,0.0082,"smoking","F001"
"9546","cg02634341",0.0071,0.0019,2e-04,0.0082,"smoking","F001"
"9547","cg13071386",0.0045,0.0012,2e-04,0.0082,"smoking","F001"
"9548","cg10311610",0.0018,5e-04,2e-04,0.0082,"smoking","F001"
"9549","cg20528183",-0.0014,4e-04,2e-04,0.0083,"smoking","F001"
"9550","cg15198068",-0.0068,0.0018,2e-04,0.0083,"smoking","F001"
"9551","cg08053935",0.0031,8e-04,2e-04,0.0083,"smoking","F001"
"9552","cg16692277",0.0033,9e-04,2e-04,0.0083,"smoking","F001"
"9553","cg13774342",-0.0056,0.0015,2e-04,0.0083,"smoking","F001"
"9554","cg21730533",0.0058,0.0015,2e-04,0.0083,"smoking","F001"
"9555","cg12412255",-0.0023,6e-04,2e-04,0.0083,"smoking","F001"
"9556","cg05368038",-0.007,0.0019,2e-04,0.0083,"smoking","F001"
"9557","cg13473196",0.0045,0.0012,2e-04,0.0083,"smoking","F001"
"9558","cg22160463",0.0057,0.0015,2e-04,0.0083,"smoking","F001"
"9559","cg06889607",-0.0031,8e-04,2e-04,0.0083,"smoking","F001"
"9560","cg24663971",-0.0063,0.0017,2e-04,0.0083,"smoking","F001"
"9561","cg15332241",-0.0015,4e-04,2e-04,0.0083,"smoking","F001"
"9562","cg02273797",0.0023,6e-04,2e-04,0.0083,"smoking","F001"
"9563","cg17163168",-0.011,0.0029,2e-04,0.0083,"smoking","F001"
"9564","cg17759224",-0.0088,0.0024,2e-04,0.0083,"smoking","F001"
"9565","cg09572125",0.0057,0.0015,2e-04,0.0083,"smoking","F001"
"9566","cg07368443",-0.0047,0.0013,2e-04,0.0083,"smoking","F001"
"9567","cg11808677",-0.0023,6e-04,2e-04,0.0083,"smoking","F001"
"9568","cg04401067",0.0037,0.001,2e-04,0.0083,"smoking","F001"
"9569","cg10986043",-0.0037,0.001,2e-04,0.0083,"smoking","F001"
"9570","cg01005303",-0.0047,0.0013,2e-04,0.0083,"smoking","F001"
"9571","cg02047803",-0.002,5e-04,2e-04,0.0083,"smoking","F001"
"9572","cg23983208",-0.0055,0.0015,2e-04,0.0083,"smoking","F001"
"9573","cg13404054",0.0096,0.0026,2e-04,0.0083,"smoking","F001"
"9574","cg11435826",0.0027,7e-04,2e-04,0.0083,"smoking","F001"
"9575","cg18942579",-0.0083,0.0022,2e-04,0.0083,"smoking","F001"
"9576","cg10626744",0.0019,5e-04,2e-04,0.0083,"smoking","F001"
"9577","cg24819471",-0.0015,4e-04,2e-04,0.0083,"smoking","F001"
"9578","cg12628879",0.0058,0.0016,2e-04,0.0083,"smoking","F001"
"9579","cg08574629",0.0046,0.0012,2e-04,0.0083,"smoking","F001"
"9580","cg17348479",-0.002,5e-04,2e-04,0.0084,"smoking","F001"
"9581","cg01140102",0.0022,6e-04,2e-04,0.0084,"smoking","F001"
"9582","cg02008416",-0.0072,0.0019,2e-04,0.0084,"smoking","F001"
"9583","cg15428904",-0.0037,0.001,2e-04,0.0084,"smoking","F001"
"9584","cg19131667",-0.0047,0.0012,2e-04,0.0084,"smoking","F001"
"9585","cg01578875",0.0064,0.0017,2e-04,0.0084,"smoking","F001"
"9586","cg00384847",-0.0045,0.0012,2e-04,0.0084,"smoking","F001"
"9587","cg10810847",0.0029,8e-04,2e-04,0.0084,"smoking","F001"
"9588","cg00323501",0.0027,7e-04,2e-04,0.0084,"smoking","F001"
"9589","cg03806238",0.001,3e-04,2e-04,0.0084,"smoking","F001"
"9590","cg25300584",0.0018,5e-04,2e-04,0.0084,"smoking","F001"
"9591","cg17695462",0.0036,0.001,2e-04,0.0084,"smoking","F001"
"9592","cg10455757",0.0013,3e-04,2e-04,0.0084,"smoking","F001"
"9593","cg22416596",-0.0052,0.0014,2e-04,0.0084,"smoking","F001"
"9594","cg16700758",0.0056,0.0015,2e-04,0.0084,"smoking","F001"
"9595","cg03591238",-0.0066,0.0018,2e-04,0.0084,"smoking","F001"
"9596","cg21241411",-0.0032,9e-04,2e-04,0.0084,"smoking","F001"
"9597","cg01837846",0.005,0.0013,2e-04,0.0084,"smoking","F001"
"9598","cg26059468",0.0039,0.001,2e-04,0.0084,"smoking","F001"
"9599","cg06470727",-0.0053,0.0014,2e-04,0.0084,"smoking","F001"
"9600","cg23431989",0.0026,7e-04,2e-04,0.0084,"smoking","F001"
"9601","cg02368606",-0.0046,0.0012,2e-04,0.0084,"smoking","F001"
"9602","cg06135480",-0.0017,5e-04,2e-04,0.0084,"smoking","F001"
"9603","cg21834063",-0.0023,6e-04,2e-04,0.0084,"smoking","F001"
"9604","cg15128876",-0.0035,9e-04,2e-04,0.0085,"smoking","F001"
"9605","cg06338421",0.003,8e-04,2e-04,0.0085,"smoking","F001"
"9606","cg08657654",-0.0075,0.002,2e-04,0.0085,"smoking","F001"
"9607","cg18758335",0.0022,6e-04,2e-04,0.0085,"smoking","F001"
"9608","cg04011995",0.0036,0.001,2e-04,0.0085,"smoking","F001"
"9609","cg02855836",-0.0089,0.0024,2e-04,0.0085,"smoking","F001"
"9610","cg01803759",-0.0035,9e-04,2e-04,0.0085,"smoking","F001"
"9611","cg26674546",-0.0044,0.0012,2e-04,0.0085,"smoking","F001"
"9612","cg18623216",0.0038,0.001,2e-04,0.0085,"smoking","F001"
"9613","cg07497520",-0.0047,0.0013,2e-04,0.0085,"smoking","F001"
"9614","cg21870229",0.0038,0.001,2e-04,0.0085,"smoking","F001"
"9615","cg01344119",0.0021,6e-04,2e-04,0.0085,"smoking","F001"
"9616","cg01928418",-0.004,0.0011,2e-04,0.0085,"smoking","F001"
"9617","cg21822187",-0.0097,0.0026,2e-04,0.0085,"smoking","F001"
"9618","cg27409484",-0.0033,9e-04,2e-04,0.0085,"smoking","F001"
"9619","cg01106926",0.0029,8e-04,2e-04,0.0085,"smoking","F001"
"9620","cg19414980",-0.0113,0.003,2e-04,0.0085,"smoking","F001"
"9621","cg12555233",0.0039,0.001,2e-04,0.0085,"smoking","F001"
"9622","cg02883230",-0.0072,0.0019,2e-04,0.0085,"smoking","F001"
"9623","cg02962647",0.0034,9e-04,2e-04,0.0085,"smoking","F001"
"9624","cg17976390",-0.0093,0.0025,2e-04,0.0085,"smoking","F001"
"9625","cg14396214",0.0034,9e-04,2e-04,0.0085,"smoking","F001"
"9626","cg18584905",0.0024,6e-04,2e-04,0.0085,"smoking","F001"
"9627","cg02724047",0.0035,9e-04,2e-04,0.0085,"smoking","F001"
"9628","cg24003508",-0.0079,0.0021,2e-04,0.0085,"smoking","F001"
"9629","cg05510665",0.005,0.0013,2e-04,0.0085,"smoking","F001"
"9630","cg15514896",0.0046,0.0012,2e-04,0.0085,"smoking","F001"
"9631","cg26928682",0.0027,7e-04,2e-04,0.0085,"smoking","F001"
"9632","cg06638023",-0.0069,0.0018,2e-04,0.0085,"smoking","F001"
"9633","cg24787138",-0.0055,0.0015,2e-04,0.0085,"smoking","F001"
"9634","cg14283454",0.0048,0.0013,2e-04,0.0085,"smoking","F001"
"9635","cg02464921",0.0053,0.0014,2e-04,0.0085,"smoking","F001"
"9636","cg03527086",-0.0022,6e-04,2e-04,0.0086,"smoking","F001"
"9637","cg14335579",0.0025,7e-04,2e-04,0.0086,"smoking","F001"
"9638","cg16361543",0.0055,0.0015,2e-04,0.0086,"smoking","F001"
"9639","cg05279738",-0.0078,0.0021,2e-04,0.0086,"smoking","F001"
"9640","cg11197664",0.0076,0.002,2e-04,0.0086,"smoking","F001"
"9641","cg08216099",-0.0043,0.0011,2e-04,0.0086,"smoking","F001"
"9642","cg04225551",-0.0051,0.0014,2e-04,0.0086,"smoking","F001"
"9643","cg11438011",0.0059,0.0016,2e-04,0.0086,"smoking","F001"
"9644","cg22996170",-0.0051,0.0014,2e-04,0.0086,"smoking","F001"
"9645","cg19965589",-0.0058,0.0016,2e-04,0.0086,"smoking","F001"
"9646","cg22549041",-0.0124,0.0033,2e-04,0.0086,"smoking","F001"
"9647","cg03226737",0.0041,0.0011,2e-04,0.0086,"smoking","F001"
"9648","cg16717225",0.0051,0.0014,2e-04,0.0086,"smoking","F001"
"9649","cg04999945",-0.003,8e-04,2e-04,0.0086,"smoking","F001"
"9650","cg09154256",0.0036,0.001,2e-04,0.0086,"smoking","F001"
"9651","cg01279933",0.003,8e-04,2e-04,0.0086,"smoking","F001"
"9652","cg07050692",-0.0017,5e-04,2e-04,0.0086,"smoking","F001"
"9653","cg21707089",-0.0072,0.0019,2e-04,0.0086,"smoking","F001"
"9654","cg03173367",-0.0026,7e-04,2e-04,0.0086,"smoking","F001"
"9655","cg10395101",-0.0083,0.0022,2e-04,0.0086,"smoking","F001"
"9656","cg03106958",0.0021,6e-04,2e-04,0.0086,"smoking","F001"
"9657","cg24952075",0.0021,5e-04,2e-04,0.0086,"smoking","F001"
"9658","cg08570691",-0.0034,9e-04,2e-04,0.0086,"smoking","F001"
"9659","cg16659413",0.0031,8e-04,2e-04,0.0086,"smoking","F001"
"9660","cg09071896",-0.0105,0.0028,2e-04,0.0086,"smoking","F001"
"9661","cg09083579",0.0021,6e-04,2e-04,0.0087,"smoking","F001"
"9662","cg02015582",-0.0021,6e-04,2e-04,0.0087,"smoking","F001"
"9663","cg26960333",0.0058,0.0015,2e-04,0.0087,"smoking","F001"
"9664","cg21792899",0.0031,8e-04,2e-04,0.0087,"smoking","F001"
"9665","cg21934230",0.0063,0.0017,2e-04,0.0087,"smoking","F001"
"9666","cg15007156",0.0042,0.0011,2e-04,0.0087,"smoking","F001"
"9667","cg24091474",0.0061,0.0016,2e-04,0.0087,"smoking","F001"
"9668","cg03791917",0.0028,8e-04,2e-04,0.0087,"smoking","F001"
"9669","cg08115556",-0.0035,9e-04,2e-04,0.0087,"smoking","F001"
"9670","cg10089801",0.0042,0.0011,2e-04,0.0087,"smoking","F001"
"9671","cg01274122",-0.0107,0.0029,2e-04,0.0087,"smoking","F001"
"9672","cg27529037",0.0065,0.0017,2e-04,0.0087,"smoking","F001"
"9673","cg10165847",0.003,8e-04,2e-04,0.0087,"smoking","F001"
"9674","cg09679690",-0.0049,0.0013,2e-04,0.0087,"smoking","F001"
"9675","cg24199599",-0.005,0.0013,2e-04,0.0087,"smoking","F001"
"9676","cg21814178",0.002,5e-04,2e-04,0.0087,"smoking","F001"
"9677","cg00441898",0.0019,5e-04,2e-04,0.0087,"smoking","F001"
"9678","cg04372674",0.0033,9e-04,2e-04,0.0087,"smoking","F001"
"9679","cg05288172",0.0061,0.0016,2e-04,0.0087,"smoking","F001"
"9680","cg21683390",0.0054,0.0014,2e-04,0.0087,"smoking","F001"
"9681","cg11886358",-0.007,0.0019,2e-04,0.0087,"smoking","F001"
"9682","cg12051956",0.0049,0.0013,2e-04,0.0087,"smoking","F001"
"9683","cg27550918",0.0014,4e-04,2e-04,0.0087,"smoking","F001"
"9684","cg11891591",0.0087,0.0023,2e-04,0.0088,"smoking","F001"
"9685","cg19856897",0.0092,0.0025,2e-04,0.0088,"smoking","F001"
"9686","cg21766592",-0.0084,0.0022,2e-04,0.0088,"smoking","F001"
"9687","cg04632390",0.0019,5e-04,2e-04,0.0088,"smoking","F001"
"9688","cg11969389",-0.0043,0.0011,2e-04,0.0088,"smoking","F001"
"9689","cg01333333",-0.0036,0.001,2e-04,0.0088,"smoking","F001"
"9690","cg00249383",0.0064,0.0017,2e-04,0.0088,"smoking","F001"
"9691","cg18596621",0.0061,0.0016,2e-04,0.0088,"smoking","F001"
"9692","cg00090787",-0.0046,0.0012,2e-04,0.0088,"smoking","F001"
"9693","cg00422488",-0.0039,0.001,2e-04,0.0088,"smoking","F001"
"9694","cg12877056",-0.0044,0.0012,2e-04,0.0088,"smoking","F001"
"9695","cg06374307",0.0025,7e-04,2e-04,0.0088,"smoking","F001"
"9696","cg14506667",-0.0067,0.0018,2e-04,0.0088,"smoking","F001"
"9697","cg06821871",0.0019,5e-04,2e-04,0.0088,"smoking","F001"
"9698","cg22626522",0.0029,8e-04,2e-04,0.0088,"smoking","F001"
"9699","cg20876852",-0.0076,0.002,2e-04,0.0088,"smoking","F001"
"9700","cg13204977",-0.0039,0.001,2e-04,0.0088,"smoking","F001"
"9701","cg06191068",0.0031,8e-04,2e-04,0.0088,"smoking","F001"
"9702","cg15986668",-0.009,0.0024,2e-04,0.0088,"smoking","F001"
"9703","cg04064963",-0.0059,0.0016,2e-04,0.0088,"smoking","F001"
"9704","cg02424715",-0.0056,0.0015,2e-04,0.0088,"smoking","F001"
"9705","cg26550874",-0.0041,0.0011,2e-04,0.0088,"smoking","F001"
"9706","cg14107457",-0.0017,4e-04,2e-04,0.0089,"smoking","F001"
"9707","cg12436568",-0.0073,0.002,2e-04,0.0089,"smoking","F001"
"9708","cg23198623",0.0067,0.0018,2e-04,0.0089,"smoking","F001"
"9709","cg00600854",0.0039,0.001,2e-04,0.0089,"smoking","F001"
"9710","cg05341781",0.0022,6e-04,2e-04,0.0089,"smoking","F001"
"9711","cg07146073",-0.0046,0.0012,2e-04,0.0089,"smoking","F001"
"9712","cg24056567",-0.0058,0.0016,2e-04,0.0089,"smoking","F001"
"9713","cg08414087",0.0017,5e-04,2e-04,0.0089,"smoking","F001"
"9714","cg11067714",-0.0056,0.0015,2e-04,0.0089,"smoking","F001"
"9715","cg23464284",0.009,0.0024,2e-04,0.0089,"smoking","F001"
"9716","cg27172745",0.0029,8e-04,2e-04,0.0089,"smoking","F001"
"9717","cg01611223",-0.0031,8e-04,2e-04,0.0089,"smoking","F001"
"9718","cg19447962",0.0056,0.0015,2e-04,0.0089,"smoking","F001"
"9719","cg21409881",-0.0028,7e-04,2e-04,0.0089,"smoking","F001"
"9720","cg18200741",0.0037,0.001,2e-04,0.0089,"smoking","F001"
"9721","cg24369989",-0.005,0.0013,2e-04,0.0089,"smoking","F001"
"9722","cg21202716",-0.0052,0.0014,2e-04,0.0089,"smoking","F001"
"9723","cg27198696",0.0045,0.0012,2e-04,0.0089,"smoking","F001"
"9724","cg01882930",-0.0034,9e-04,2e-04,0.0089,"smoking","F001"
"9725","cg03658690",-0.0045,0.0012,2e-04,0.0089,"smoking","F001"
"9726","cg08899895",0.009,0.0024,2e-04,0.009,"smoking","F001"
"9727","cg05695937",-0.0104,0.0028,2e-04,0.009,"smoking","F001"
"9728","cg17480076",-0.0046,0.0012,2e-04,0.009,"smoking","F001"
"9729","cg22836470",-0.0048,0.0013,2e-04,0.009,"smoking","F001"
"9730","cg21903286",-0.0054,0.0015,2e-04,0.009,"smoking","F001"
"9731","cg03906843",0.0074,0.002,2e-04,0.009,"smoking","F001"
"9732","cg04736625",0.0046,0.0012,2e-04,0.009,"smoking","F001"
"9733","cg24087497",-0.003,8e-04,2e-04,0.009,"smoking","F001"
"9734","cg00220225",-0.009,0.0024,2e-04,0.009,"smoking","F001"
"9735","cg01995743",0.0026,7e-04,2e-04,0.009,"smoking","F001"
"9736","cg25133475",0.0011,3e-04,2e-04,0.009,"smoking","F001"
"9737","cg18503052",-0.0073,0.002,2e-04,0.009,"smoking","F001"
"9738","cg16322479",-0.0057,0.0015,2e-04,0.009,"smoking","F001"
"9739","cg06933824",-0.0091,0.0024,2e-04,0.009,"smoking","F001"
"9740","cg26853536",-0.0076,0.002,2e-04,0.009,"smoking","F001"
"9741","cg26125600",0.0059,0.0016,2e-04,0.009,"smoking","F001"
"9742","cg23771585",-0.0022,6e-04,2e-04,0.009,"smoking","F001"
"9743","cg17459204",0.0028,7e-04,2e-04,0.009,"smoking","F001"
"9744","cg01503516",0.0046,0.0012,2e-04,0.009,"smoking","F001"
"9745","cg25691526",0.0063,0.0017,2e-04,0.009,"smoking","F001"
"9746","cg25747670",-0.0023,6e-04,2e-04,0.009,"smoking","F001"
"9747","cg19888870",-0.0053,0.0014,2e-04,0.009,"smoking","F001"
"9748","cg26122451",-0.0046,0.0012,2e-04,0.009,"smoking","F001"
"9749","cg26946288",-0.0042,0.0011,2e-04,0.009,"smoking","F001"
"9750","cg11599526",-0.0017,5e-04,2e-04,0.009,"smoking","F001"
"9751","cg05591701",0.0056,0.0015,2e-04,0.009,"smoking","F001"
"9752","cg08166214",-0.0069,0.0019,2e-04,0.009,"smoking","F001"
"9753","cg13966547",-0.0037,0.001,2e-04,0.009,"smoking","F001"
"9754","cg23408558",-0.0091,0.0024,2e-04,0.009,"smoking","F001"
"9755","cg08266945",0.0011,3e-04,2e-04,0.009,"smoking","F001"
"9756","cg24711708",-0.0015,4e-04,2e-04,0.009,"smoking","F001"
"9757","cg02579509",-0.0058,0.0016,2e-04,0.0091,"smoking","F001"
"9758","cg26741686",-0.0087,0.0023,2e-04,0.0091,"smoking","F001"
"9759","cg15755348",-0.004,0.0011,2e-04,0.0091,"smoking","F001"
"9760","cg06679990",0.0049,0.0013,2e-04,0.0091,"smoking","F001"
"9761","cg02504211",0.0042,0.0011,2e-04,0.0091,"smoking","F001"
"9762","cg23970089",-0.0033,9e-04,2e-04,0.0091,"smoking","F001"
"9763","cg24872692",-0.0048,0.0013,2e-04,0.0091,"smoking","F001"
"9764","cg16133244",-0.0026,7e-04,2e-04,0.0091,"smoking","F001"
"9765","cg16117554",-0.0043,0.0012,2e-04,0.0091,"smoking","F001"
"9766","cg19076265",-0.0033,9e-04,2e-04,0.0091,"smoking","F001"
"9767","cg15209808",0.0048,0.0013,2e-04,0.0091,"smoking","F001"
"9768","cg08224773",-0.0052,0.0014,2e-04,0.0091,"smoking","F001"
"9769","cg23002708",0.0056,0.0015,2e-04,0.0091,"smoking","F001"
"9770","cg24116513",-0.0027,7e-04,2e-04,0.0091,"smoking","F001"
"9771","cg15735240",-0.0049,0.0013,2e-04,0.0091,"smoking","F001"
"9772","cg01687189",-0.0066,0.0018,2e-04,0.0091,"smoking","F001"
"9773","cg21308575",0.0039,0.001,2e-04,0.0091,"smoking","F001"
"9774","cg03211327",-0.0046,0.0012,2e-04,0.0091,"smoking","F001"
"9775","cg13567405",0.0055,0.0015,2e-04,0.0091,"smoking","F001"
"9776","cg22822599",-0.0024,6e-04,2e-04,0.0091,"smoking","F001"
"9777","cg16412914",0.005,0.0013,2e-04,0.0091,"smoking","F001"
"9778","cg09706586",-0.006,0.0016,2e-04,0.0091,"smoking","F001"
"9779","cg05048002",-0.0031,8e-04,2e-04,0.0091,"smoking","F001"
"9780","cg25135322",0.0043,0.0012,2e-04,0.0091,"smoking","F001"
"9781","cg11059944",0.0051,0.0014,2e-04,0.0091,"smoking","F001"
"9782","cg24713259",-0.0029,8e-04,2e-04,0.0091,"smoking","F001"
"9783","cg21614491",-0.0026,7e-04,2e-04,0.0091,"smoking","F001"
"9784","cg11085344",-0.003,8e-04,2e-04,0.0092,"smoking","F001"
"9785","cg07192734",0.0029,8e-04,2e-04,0.0092,"smoking","F001"
"9786","cg05031519",0.0032,9e-04,2e-04,0.0092,"smoking","F001"
"9787","cg22112435",-0.0027,7e-04,2e-04,0.0092,"smoking","F001"
"9788","cg21235334",0.0033,9e-04,2e-04,0.0092,"smoking","F001"
"9789","cg21684654",-0.0049,0.0013,2e-04,0.0092,"smoking","F001"
"9790","cg00531823",-0.0011,3e-04,2e-04,0.0092,"smoking","F001"
"9791","cg01986263",-0.0042,0.0011,2e-04,0.0092,"smoking","F001"
"9792","cg08525429",0.0041,0.0011,2e-04,0.0092,"smoking","F001"
"9793","cg04498198",-0.0076,0.0021,2e-04,0.0092,"smoking","F001"
"9794","cg08241841",-0.008,0.0022,2e-04,0.0092,"smoking","F001"
"9795","cg08641963",-0.0062,0.0017,2e-04,0.0092,"smoking","F001"
"9796","cg14517133",0.0098,0.0027,2e-04,0.0092,"smoking","F001"
"9797","cg24807850",-0.0081,0.0022,2e-04,0.0092,"smoking","F001"
"9798","cg11489251",-0.0069,0.0019,2e-04,0.0092,"smoking","F001"
"9799","cg21692620",0.0091,0.0025,2e-04,0.0092,"smoking","F001"
"9800","cg05662325",-0.0036,0.001,2e-04,0.0093,"smoking","F001"
"9801","cg27310024",0.0045,0.0012,2e-04,0.0093,"smoking","F001"
"9802","cg05335186",0.0036,0.001,2e-04,0.0093,"smoking","F001"
"9803","cg05436939",-0.004,0.0011,2e-04,0.0093,"smoking","F001"
"9804","cg10315249",-0.0044,0.0012,2e-04,0.0093,"smoking","F001"
"9805","cg05650171",-0.0049,0.0013,2e-04,0.0093,"smoking","F001"
"9806","cg05327844",0.005,0.0014,2e-04,0.0093,"smoking","F001"
"9807","cg12043732",-0.0026,7e-04,2e-04,0.0093,"smoking","F001"
"9808","cg08581018",-0.0034,9e-04,2e-04,0.0093,"smoking","F001"
"9809","cg08438529",-0.006,0.0016,2e-04,0.0093,"smoking","F001"
"9810","cg03132729",-0.005,0.0013,2e-04,0.0093,"smoking","F001"
"9811","cg15142214",0.0021,6e-04,2e-04,0.0093,"smoking","F001"
"9812","cg24882551",0.0018,5e-04,2e-04,0.0093,"smoking","F001"
"9813","cg22088594",0.0041,0.0011,2e-04,0.0093,"smoking","F001"
"9814","cg26222247",-0.0034,9e-04,2e-04,0.0093,"smoking","F001"
"9815","cg10892950",-0.0052,0.0014,2e-04,0.0093,"smoking","F001"
"9816","cg23739862",0.0029,8e-04,2e-04,0.0093,"smoking","F001"
"9817","cg02695062",-0.0031,8e-04,2e-04,0.0093,"smoking","F001"
"9818","cg03452168",0.0049,0.0013,2e-04,0.0093,"smoking","F001"
"9819","cg16522484",0.0034,9e-04,2e-04,0.0093,"smoking","F001"
"9820","cg07993178",0.0039,0.0011,2e-04,0.0093,"smoking","F001"
"9821","cg01956420",0.0059,0.0016,2e-04,0.0093,"smoking","F001"
"9822","cg07723114",-0.0021,6e-04,2e-04,0.0093,"smoking","F001"
"9823","cg10308253",-0.0032,9e-04,2e-04,0.0093,"smoking","F001"
"9824","cg23906738",0.0051,0.0014,2e-04,0.0093,"smoking","F001"
"9825","cg14525310",0.0062,0.0017,2e-04,0.0093,"smoking","F001"
"9826","cg21231141",0.0024,6e-04,2e-04,0.0093,"smoking","F001"
"9827","cg02797195",0.0046,0.0012,2e-04,0.0093,"smoking","F001"
"9828","cg14076239",0.0089,0.0024,2e-04,0.0093,"smoking","F001"
"9829","cg26847866",-0.0065,0.0017,2e-04,0.0094,"smoking","F001"
"9830","cg14121282",0.0055,0.0015,2e-04,0.0094,"smoking","F001"
"9831","cg10588135",0.0043,0.0012,2e-04,0.0094,"smoking","F001"
"9832","cg26478215",0.003,8e-04,2e-04,0.0094,"smoking","F001"
"9833","cg14906690",-0.0066,0.0018,2e-04,0.0094,"smoking","F001"
"9834","cg24052338",-0.003,8e-04,2e-04,0.0094,"smoking","F001"
"9835","cg25535027",-0.0029,8e-04,2e-04,0.0094,"smoking","F001"
"9836","cg13561226",-0.0023,6e-04,2e-04,0.0094,"smoking","F001"
"9837","cg02194398",0.0042,0.0011,2e-04,0.0094,"smoking","F001"
"9838","cg24213719",0.0032,9e-04,2e-04,0.0094,"smoking","F001"
"9839","cg03642518",0.0041,0.0011,2e-04,0.0094,"smoking","F001"
"9840","cg25786525",-0.0061,0.0016,2e-04,0.0094,"smoking","F001"
"9841","cg12825509",-0.007,0.0019,2e-04,0.0094,"smoking","F001"
"9842","cg08137888",0.006,0.0016,2e-04,0.0094,"smoking","F001"
"9843","cg15688628",0.0041,0.0011,2e-04,0.0094,"smoking","F001"
"9844","cg16765088",-0.0051,0.0014,2e-04,0.0094,"smoking","F001"
"9845","cg21837189",-0.0041,0.0011,2e-04,0.0094,"smoking","F001"
"9846","cg21164975",-0.0075,0.002,2e-04,0.0094,"smoking","F001"
"9847","cg02821871",-0.0067,0.0018,2e-04,0.0094,"smoking","F001"
"9848","cg04276536",-0.0025,7e-04,2e-04,0.0094,"smoking","F001"
"9849","cg25583651",0.0045,0.0012,2e-04,0.0094,"smoking","F001"
"9850","cg00521239",-0.0078,0.0021,2e-04,0.0094,"smoking","F001"
"9851","cg13299148",-0.002,5e-04,2e-04,0.0094,"smoking","F001"
"9852","cg04903691",-0.0019,5e-04,2e-04,0.0094,"smoking","F001"
"9853","cg20633883",0.0018,5e-04,2e-04,0.0094,"smoking","F001"
"9854","cg00305585",-0.0052,0.0014,2e-04,0.0094,"smoking","F001"
"9855","cg15885274",0.0047,0.0013,2e-04,0.0094,"smoking","F001"
"9856","cg18030265",-0.0019,5e-04,2e-04,0.0094,"smoking","F001"
"9857","cg24219128",-0.0025,7e-04,2e-04,0.0094,"smoking","F001"
"9858","cg13835114",-0.0078,0.0021,2e-04,0.0095,"smoking","F001"
"9859","cg09778958",-0.0047,0.0013,2e-04,0.0095,"smoking","F001"
"9860","cg15514918",-0.0038,0.001,2e-04,0.0095,"smoking","F001"
"9861","cg02962602",-0.0055,0.0015,2e-04,0.0095,"smoking","F001"
"9862","cg05194300",-0.0029,8e-04,2e-04,0.0095,"smoking","F001"
"9863","cg22799917",0.0015,4e-04,2e-04,0.0095,"smoking","F001"
"9864","cg11708721",0.0108,0.0029,2e-04,0.0095,"smoking","F001"
"9865","cg07628073",-0.0023,6e-04,2e-04,0.0095,"smoking","F001"
"9866","cg10630155",0.0015,4e-04,2e-04,0.0095,"smoking","F001"
"9867","cg22750364",0.0021,6e-04,2e-04,0.0095,"smoking","F001"
"9868","cg26610247",0.0059,0.0016,2e-04,0.0095,"smoking","F001"
"9869","cg05670953",-0.0051,0.0014,2e-04,0.0095,"smoking","F001"
"9870","cg00532449",0.0034,9e-04,2e-04,0.0095,"smoking","F001"
"9871","cg14238959",0.0034,9e-04,2e-04,0.0095,"smoking","F001"
"9872","cg21150390",-0.0045,0.0012,2e-04,0.0095,"smoking","F001"
"9873","cg13775856",-0.0022,6e-04,2e-04,0.0095,"smoking","F001"
"9874","cg01647632",-0.0034,9e-04,2e-04,0.0095,"smoking","F001"
"9875","cg06588802",0.0068,0.0018,2e-04,0.0095,"smoking","F001"
"9876","cg08288223",0.0057,0.0015,2e-04,0.0095,"smoking","F001"
"9877","cg19912142",0.003,8e-04,2e-04,0.0095,"smoking","F001"
"9878","cg15345396",0.009,0.0024,2e-04,0.0095,"smoking","F001"
"9879","cg26950652",-0.0035,9e-04,2e-04,0.0095,"smoking","F001"
"9880","cg10589447",-0.0037,0.001,2e-04,0.0095,"smoking","F001"
"9881","cg16721321",-0.003,8e-04,2e-04,0.0096,"smoking","F001"
"9882","cg26833538",0.0049,0.0013,2e-04,0.0096,"smoking","F001"
"9883","cg04031093",-0.0074,0.002,2e-04,0.0096,"smoking","F001"
"9884","cg07734975",-0.0102,0.0028,2e-04,0.0096,"smoking","F001"
"9885","cg06586763",0.0056,0.0015,2e-04,0.0096,"smoking","F001"
"9886","cg26014796",0.0019,5e-04,2e-04,0.0096,"smoking","F001"
"9887","cg13608733",0.0048,0.0013,2e-04,0.0096,"smoking","F001"
"9888","cg26892308",0.0018,5e-04,2e-04,0.0096,"smoking","F001"
"9889","cg15565533",-0.0026,7e-04,2e-04,0.0096,"smoking","F001"
"9890","cg03162045",-0.0035,0.001,2e-04,0.0096,"smoking","F001"
"9891","cg11231069",0.005,0.0014,2e-04,0.0096,"smoking","F001"
"9892","cg14772935",0.0061,0.0016,2e-04,0.0096,"smoking","F001"
"9893","cg20244273",-0.0103,0.0028,2e-04,0.0096,"smoking","F001"
"9894","cg22664614",-0.0044,0.0012,2e-04,0.0096,"smoking","F001"
"9895","cg15565004",-0.0024,7e-04,2e-04,0.0096,"smoking","F001"
"9896","cg06178299",-0.0044,0.0012,2e-04,0.0096,"smoking","F001"
"9897","cg06653632",0.008,0.0022,2e-04,0.0096,"smoking","F001"
"9898","cg02482346",0.0025,7e-04,2e-04,0.0096,"smoking","F001"
"9899","cg04747996",0.0036,0.001,2e-04,0.0096,"smoking","F001"
"9900","cg23530268",-0.0086,0.0023,2e-04,0.0096,"smoking","F001"
"9901","cg23066879",8e-04,2e-04,2e-04,0.0096,"smoking","F001"
"9902","cg09387914",0.0055,0.0015,2e-04,0.0096,"smoking","F001"
"9903","cg18212762",-0.0038,0.001,2e-04,0.0096,"smoking","F001"
"9904","cg11608390",0.005,0.0013,2e-04,0.0096,"smoking","F001"
"9905","cg20011983",-0.0074,0.002,2e-04,0.0096,"smoking","F001"
"9906","cg14563260",0.0027,7e-04,2e-04,0.0096,"smoking","F001"
"9907","cg19033444",-0.0079,0.0021,2e-04,0.0096,"smoking","F001"
"9908","cg14992253",-0.0037,0.001,2e-04,0.0096,"smoking","F001"
"9909","cg24269863",-0.0023,6e-04,2e-04,0.0096,"smoking","F001"
"9910","cg26863842",-0.005,0.0013,2e-04,0.0096,"smoking","F001"
"9911","cg01464186",-0.0036,0.001,2e-04,0.0097,"smoking","F001"
"9912","cg09558315",0.005,0.0014,2e-04,0.0097,"smoking","F001"
"9913","cg20654468",-0.0051,0.0014,2e-04,0.0097,"smoking","F001"
"9914","cg08129312",0.0015,4e-04,2e-04,0.0097,"smoking","F001"
"9915","cg15975802",-0.0073,0.002,2e-04,0.0097,"smoking","F001"
"9916","cg03095773",-0.0044,0.0012,2e-04,0.0097,"smoking","F001"
"9917","cg00044505",0.0053,0.0014,2e-04,0.0097,"smoking","F001"
"9918","cg03215181",0.0049,0.0013,2e-04,0.0097,"smoking","F001"
"9919","cg12893030",0.0038,0.001,2e-04,0.0097,"smoking","F001"
"9920","cg07390647",0.0019,5e-04,2e-04,0.0097,"smoking","F001"
"9921","cg25043129",0.0049,0.0013,2e-04,0.0097,"smoking","F001"
"9922","cg13240704",0.003,8e-04,2e-04,0.0097,"smoking","F001"
"9923","cg10206344",0.003,8e-04,2e-04,0.0097,"smoking","F001"
"9924","cg01826211",0.0033,9e-04,2e-04,0.0097,"smoking","F001"
"9925","cg19163395",-0.0032,9e-04,2e-04,0.0097,"smoking","F001"
"9926","cg25570522",-0.0033,9e-04,2e-04,0.0097,"smoking","F001"
"9927","cg13452386",-0.0065,0.0018,2e-04,0.0097,"smoking","F001"
"9928","cg10695105",0.0047,0.0013,2e-04,0.0097,"smoking","F001"
"9929","cg02126117",0.0021,6e-04,2e-04,0.0097,"smoking","F001"
"9930","cg18451484",0.0024,7e-04,2e-04,0.0097,"smoking","F001"
"9931","cg11521404",-0.001,3e-04,2e-04,0.0097,"smoking","F001"
"9932","cg04751035",0.0024,6e-04,2e-04,0.0097,"smoking","F001"
"9933","cg19430473",-0.0065,0.0018,2e-04,0.0097,"smoking","F001"
"9934","cg05514971",-0.005,0.0014,2e-04,0.0097,"smoking","F001"
"9935","cg22144875",0.0051,0.0014,2e-04,0.0097,"smoking","F001"
"9936","cg16417118",-0.0074,0.002,2e-04,0.0097,"smoking","F001"
"9937","cg07466463",0.0084,0.0023,2e-04,0.0097,"smoking","F001"
"9938","cg18521796",0.0035,0.001,2e-04,0.0098,"smoking","F001"
"9939","cg08869700",-0.0075,0.002,2e-04,0.0098,"smoking","F001"
"9940","cg10375559",0.0026,7e-04,2e-04,0.0098,"smoking","F001"
"9941","cg00876141",0.0051,0.0014,2e-04,0.0098,"smoking","F001"
"9942","cg12440105",0.0033,9e-04,2e-04,0.0098,"smoking","F001"
"9943","cg06280059",0.0076,0.0021,2e-04,0.0098,"smoking","F001"
"9944","cg25903122",0.0019,5e-04,2e-04,0.0098,"smoking","F001"
"9945","ch.12.4168779F",-0.0013,4e-04,2e-04,0.0098,"smoking","F001"
"9946","cg15876657",-9e-04,2e-04,2e-04,0.0098,"smoking","F001"
"9947","cg22268510",-0.0118,0.0032,2e-04,0.0098,"smoking","F001"
"9948","cg07255674",0.0023,6e-04,2e-04,0.0098,"smoking","F001"
"9949","cg06315606",-0.0028,8e-04,2e-04,0.0098,"smoking","F001"
"9950","cg01748627",-0.0018,5e-04,2e-04,0.0098,"smoking","F001"
"9951","cg25684999",0.0051,0.0014,2e-04,0.0098,"smoking","F001"
"9952","cg12034678",0.0028,7e-04,2e-04,0.0098,"smoking","F001"
"9953","cg00524271",-0.0035,0.001,2e-04,0.0098,"smoking","F001"
"9954","cg10740660",0.0025,7e-04,2e-04,0.0098,"smoking","F001"
"9955","cg21189438",0.0028,8e-04,2e-04,0.0098,"smoking","F001"
"9956","cg06526721",0.0097,0.0026,2e-04,0.0098,"smoking","F001"
"9957","cg18593374",-0.0028,8e-04,2e-04,0.0098,"smoking","F001"
"9958","cg02371935",0.0057,0.0015,2e-04,0.0098,"smoking","F001"
"9959","cg27022853",0.0093,0.0025,2e-04,0.0098,"smoking","F001"
"9960","cg13719443",-0.0055,0.0015,2e-04,0.0098,"smoking","F001"
"9961","cg01743593",0.0069,0.0019,2e-04,0.0098,"smoking","F001"
"9962","cg19314352",0.0028,8e-04,2e-04,0.0098,"smoking","F001"
"9963","cg14837974",-0.0035,9e-04,2e-04,0.0098,"smoking","F001"
"9964","cg01735049",-0.0027,7e-04,2e-04,0.0099,"smoking","F001"
"9965","cg19907915",-0.0183,0.0049,2e-04,0.0099,"smoking","F001"
"9966","cg00671823",-0.003,8e-04,2e-04,0.0099,"smoking","F001"
"9967","cg14886850",0.0038,0.001,2e-04,0.0099,"smoking","F001"
"9968","cg16228077",0.0032,9e-04,2e-04,0.0099,"smoking","F001"
"9969","cg04873169",0.0063,0.0017,2e-04,0.0099,"smoking","F001"
"9970","cg01716224",0.0035,9e-04,2e-04,0.0099,"smoking","F001"
"9971","cg07744502",0.0025,7e-04,2e-04,0.0099,"smoking","F001"
"9972","cg08090835",-0.0031,8e-04,2e-04,0.0099,"smoking","F001"
"9973","cg24655262",-0.0032,9e-04,2e-04,0.0099,"smoking","F001"
"9974","cg14868222",-0.0071,0.0019,2e-04,0.0099,"smoking","F001"
"9975","cg05046936",0.0043,0.0012,2e-04,0.0099,"smoking","F001"
"9976","cg27597853",-0.0069,0.0019,2e-04,0.0099,"smoking","F001"
"9977","cg01040634",0.0018,5e-04,2e-04,0.0099,"smoking","F001"
"9978","cg25744552",-0.0058,0.0016,2e-04,0.0099,"smoking","F001"
"9979","cg20764656",0.0051,0.0014,2e-04,0.0099,"smoking","F001"
"9980","cg19404444",-0.0045,0.0012,2e-04,0.0099,"smoking","F001"
"9981","cg07207669",0.0045,0.0012,2e-04,0.0099,"smoking","F001"
"9982","cg03737367",-0.0035,9e-04,2e-04,0.0099,"smoking","F001"
"9983","cg23252698",-0.003,8e-04,2e-04,0.0099,"smoking","F001"
"9984","cg13424673",0.0029,8e-04,2e-04,0.0099,"smoking","F001"
"9985","cg19901005",0.0037,0.001,2e-04,0.0099,"smoking","F001"
"9986","cg26033526",-0.0051,0.0014,2e-04,0.0099,"smoking","F001"
"9987","cg15379400",-0.0061,0.0017,2e-04,0.0099,"smoking","F001"
"9988","cg17184477",-0.0076,0.0021,2e-04,0.0099,"smoking","F001"
"9989","cg04236263",-0.0048,0.0013,2e-04,0.0099,"smoking","F001"
"9990","cg14243817",-0.0087,0.0023,2e-04,0.0099,"smoking","F001"
"9991","cg20716932",-0.0089,0.0024,2e-04,0.0099,"smoking","F001"
"9992","cg23683620",-0.0018,5e-04,2e-04,0.0099,"smoking","F001"
"9993","cg03032253",0.0023,6e-04,2e-04,0.0099,"smoking","F001"
"9994","cg23035449",0.0045,0.0012,2e-04,0.0099,"smoking","F001"
"9995","cg01786466",-0.0039,0.0011,2e-04,0.0099,"smoking","F001"
"9996","cg12988118",0.0048,0.0013,2e-04,0.0099,"smoking","F001"
"9997","cg23314972",-0.0014,4e-04,2e-04,0.0099,"smoking","F001"
"9998","cg24335116",0.0023,6e-04,2e-04,0.0099,"smoking","F001"
"9999","cg17331296",0.002,5e-04,2e-04,0.0099,"smoking","F001"
"10000","cg02436098",-0.0042,0.0011,2e-04,0.0099,"smoking","F001"
