"","CpG","Beta","SE","P","FDR","Trait","threshold"
"1","cg00919585",-0.002025675,0.000377268,7.9e-08,0.009951597,"ACETOCHLOR","GW"
"2","cg04108706",0.017024387,0.003093236,3.72e-08,0.00702234,"ACETOCHLOR","GW"
"3","cg08165462",0.012694364,0.002240665,1.47e-08,0.004452228,"ACETOCHLOR","GW"
"4","cg10252897",0.008450344,0.001555526,5.56e-08,0.008398068,"ACETOCHLOR","GW"
"5","cg18181703",0.0038,5e-04,2e-12,NA,"AHEI","GW"
"6","cg16969872",0.0032,5e-04,3e-09,NA,"AHEI","GW"
"7","cg27118035",-0.0028,5e-04,4.9e-09,NA,"AHEI","GW"
"8","cg25953130",0.0044,8e-04,1.2e-08,NA,"AHEI","GW"
"9","cg16936953",0.0042,7e-04,1.5e-08,NA,"AHEI","GW"
"10","cg03190891",-0.0025,5e-04,9e-08,NA,"AHEI","GW"
"11","cg02583484",-0.000394498,4.36e-05,1.5e-19,NA,"Alcohol","GW"
"12","cg13729116",-0.000178244,2.07e-05,6.52e-18,NA,"Alcohol","GW"
"13","cg05593667",-0.000252447,3.09e-05,4.44e-16,NA,"Alcohol","GW"
"14","cg15253293",-0.000140199,1.75e-05,1.11e-15,NA,"Alcohol","GW"
"15","cg21626848",-0.000226796,2.87e-05,3.11e-15,NA,"Alcohol","GW"
"16","cg03523740",-0.000216633,2.76e-05,4.44e-15,NA,"Alcohol","GW"
"17","cg11194994",-0.000171208,2.2e-05,7.33e-15,NA,"Alcohol","GW"
"18","cg06603309",0.000166897,2.19e-05,2.71e-14,NA,"Alcohol","GW"
"19","cg06469895",-0.000204884,2.77e-05,1.52e-13,NA,"Alcohol","GW"
"20","cg19266329",-0.000278274,3.77e-05,1.65e-13,NA,"Alcohol","GW"
"21","cg23654112",-0.000137164,1.88e-05,3e-13,NA,"Alcohol","GW"
"22","cg08916477",-0.000162837,2.24e-05,4.02e-13,NA,"Alcohol","GW"
"23","cg03599037",-0.000136129,1.88e-05,4.51e-13,NA,"Alcohol","GW"
"24","cg06189038",-0.000160345,2.22e-05,4.57e-13,NA,"Alcohol","GW"
"25","cg09737197",-0.00016211,2.24e-05,5.03e-13,NA,"Alcohol","GW"
"26","cg16705273",-0.000250798,3.47e-05,5.28e-13,NA,"Alcohol","GW"
"27","cg05413305",-0.000256816,3.56e-05,5.35e-13,NA,"Alcohol","GW"
"28","cg17058475",-0.000161893,2.26e-05,8.5e-13,NA,"Alcohol","GW"
"29","cg11376147",-0.00025796,3.62e-05,9.8e-13,NA,"Alcohol","GW"
"30","cg00574412",-0.000166419,2.34e-05,1.13e-12,NA,"Alcohol","GW"
"31","cg09448652",-0.000257449,3.63e-05,1.27e-12,NA,"Alcohol","GW"
"32","cg20732076",-0.000146791,2.07e-05,1.46e-12,NA,"Alcohol","GW"
"33","cg16246545",-0.000605981,8.57e-05,1.54e-12,NA,"Alcohol","GW"
"34","cg24217948",-0.000276498,3.94e-05,2.14e-12,NA,"Alcohol","GW"
"35","cg19238380",-0.000294514,4.2e-05,2.24e-12,NA,"Alcohol","GW"
"36","cg25518868",-0.000123052,1.75e-05,2.28e-12,NA,"Alcohol","GW"
"37","cg07502661",-0.000187111,2.67e-05,2.6e-12,NA,"Alcohol","GW"
"38","cg27514333",-0.000156941,2.25e-05,2.77e-12,NA,"Alcohol","GW"
"39","cg13127741",-0.000229919,3.3e-05,3.1e-12,NA,"Alcohol","GW"
"40","cg20970369",-0.000227381,3.26e-05,3.23e-12,NA,"Alcohol","GW"
"41","cg00883689",-0.000284744,4.09e-05,3.23e-12,NA,"Alcohol","GW"
"42","cg08677210",-0.000134156,1.93e-05,3.32e-12,NA,"Alcohol","GW"
"43","cg21439672",-0.000297026,4.27e-05,3.7e-12,NA,"Alcohol","GW"
"44","cg02104962",-0.000228001,3.3e-05,4.97e-12,NA,"Alcohol","GW"
"45","cg01979157",-0.000156298,2.27e-05,5.94e-12,NA,"Alcohol","GW"
"46","cg07251887",-0.000282616,4.13e-05,7.56e-12,NA,"Alcohol","GW"
"47","cg05649922",-0.000210145,3.07e-05,7.67e-12,NA,"Alcohol","GW"
"48","cg14482712",-0.000178625,2.61e-05,7.71e-12,NA,"Alcohol","GW"
"49","cg17185710",-0.000212375,3.11e-05,8.1e-12,NA,"Alcohol","GW"
"50","cg05512483",-0.000345024,5.07e-05,9.89e-12,NA,"Alcohol","GW"
"51","cg19693031",-0.000439381,6.46e-05,1.02e-11,NA,"Alcohol","GW"
"52","cg16702313",-0.000158351,2.33e-05,1.04e-11,NA,"Alcohol","GW"
"53","cg20948740",-0.000285328,4.22e-05,1.34e-11,NA,"Alcohol","GW"
"54","cg21429551",-0.000845343,0.000125151,1.43e-11,NA,"Alcohol","GW"
"55","cg03997643",-0.000214019,3.17e-05,1.44e-11,NA,"Alcohol","GW"
"56","cg01234517",-9.27e-05,1.38e-05,1.85e-11,NA,"Alcohol","GW"
"57","cg27464065",-0.000290383,4.33e-05,1.95e-11,NA,"Alcohol","GW"
"58","cg00574958",-0.000101269,1.51e-05,2.09e-11,NA,"Alcohol","GW"
"59","cg12616487",-0.000167865,2.51e-05,2.1e-11,NA,"Alcohol","GW"
"60","cg19939077",-0.000226411,3.38e-05,2.24e-11,NA,"Alcohol","GW"
"61","cg22797644",-0.000223141,3.35e-05,2.57e-11,NA,"Alcohol","GW"
"62","cg20374917",-0.000162622,2.45e-05,3.2e-11,NA,"Alcohol","GW"
"63","cg05683445",-0.000169456,2.57e-05,3.95e-11,NA,"Alcohol","GW"
"64","cg22631938",-0.000232342,3.52e-05,3.99e-11,NA,"Alcohol","GW"
"65","cg07797660",-0.000232051,3.53e-05,4.75e-11,NA,"Alcohol","GW"
"66","cg14034325",-0.000235275,3.58e-05,5.18e-11,NA,"Alcohol","GW"
"67","cg08597832",-0.00016218,2.48e-05,6.12e-11,NA,"Alcohol","GW"
"68","cg00827581",0.00013067,2e-05,6.59e-11,NA,"Alcohol","GW"
"69","cg03260624",-0.000242304,3.74e-05,8.77e-11,NA,"Alcohol","GW"
"70","cg02256576",-0.00031293,4.84e-05,1e-10,NA,"Alcohol","GW"
"71","cg10750182",-0.000133251,2.06e-05,1.04e-10,NA,"Alcohol","GW"
"72","cg06096336",-0.000266204,4.14e-05,1.24e-10,NA,"Alcohol","GW"
"73","cg03497652",0.000222415,3.46e-05,1.27e-10,NA,"Alcohol","GW"
"74","cg12662084",-0.000348783,5.44e-05,1.4e-10,NA,"Alcohol","GW"
"75","cg26829071",0.000227163,3.55e-05,1.62e-10,NA,"Alcohol","GW"
"76","cg26430287",-0.000247362,3.87e-05,1.71e-10,NA,"Alcohol","GW"
"77","cg03359362",-6.21e-05,9.75e-06,1.87e-10,NA,"Alcohol","GW"
"78","cg23975840",0.000267792,4.21e-05,2e-10,NA,"Alcohol","GW"
"79","cg22876908",-0.000152717,2.4e-05,2.15e-10,NA,"Alcohol","GW"
"80","cg01538969",0.000209017,3.29e-05,2.24e-10,NA,"Alcohol","GW"
"81","cg06983052",-0.000311866,4.92e-05,2.39e-10,NA,"Alcohol","GW"
"82","cg03068497",-0.000768697,0.000121588,2.58e-10,NA,"Alcohol","GW"
"83","cg09326440",-7.55e-05,1.2e-05,2.71e-10,NA,"Alcohol","GW"
"84","cg18590502",-0.000329032,5.22e-05,2.83e-10,NA,"Alcohol","GW"
"85","cg12825509",-0.000524478,8.32e-05,2.96e-10,NA,"Alcohol","GW"
"86","cg01236573",-0.000200112,3.18e-05,3.05e-10,NA,"Alcohol","GW"
"87","cg14476101",-0.000940588,0.000150098,3.69e-10,NA,"Alcohol","GW"
"88","cg26569315",-6.46e-05,1.03e-05,4.05e-10,NA,"Alcohol","GW"
"89","cg11484872",-0.000238677,3.84e-05,4.91e-10,NA,"Alcohol","GW"
"90","cg03954858",0.000145633,2.35e-05,5.34e-10,NA,"Alcohol","GW"
"91","cg03689048",-0.000111641,1.8e-05,5.36e-10,NA,"Alcohol","GW"
"92","cg03345232",-0.000209487,3.38e-05,5.76e-10,NA,"Alcohol","GW"
"93","cg18125510",-0.00034229,5.53e-05,6.17e-10,NA,"Alcohol","GW"
"94","cg01687189",-0.000253427,4.1e-05,6.39e-10,NA,"Alcohol","GW"
"95","cg18328933",-0.000120354,1.95e-05,6.55e-10,NA,"Alcohol","GW"
"96","cg17865955",-0.000210619,3.42e-05,7e-10,NA,"Alcohol","GW"
"97","cg10589813",-0.00043552,7.07e-05,7.18e-10,NA,"Alcohol","GW"
"98","cg23534245",-0.000186225,3.02e-05,7.31e-10,NA,"Alcohol","GW"
"99","cg10317175",-0.000179648,2.92e-05,7.53e-10,NA,"Alcohol","GW"
"100","cg07091481",-0.000193968,3.16e-05,8.22e-10,NA,"Alcohol","GW"
"101","cg13442969",-0.000362448,5.91e-05,8.68e-10,NA,"Alcohol","GW"
"102","cg07176692",-0.00031186,5.11e-05,1.01e-09,NA,"Alcohol","GW"
"103","cg10816169",-0.000272511,4.46e-05,1.02e-09,NA,"Alcohol","GW"
"104","cg09907628",-0.000134987,2.21e-05,1.03e-09,NA,"Alcohol","GW"
"105","cg15059065",-0.000242701,4e-05,1.24e-09,NA,"Alcohol","GW"
"106","cg22871253",-0.000188219,3.1e-05,1.27e-09,NA,"Alcohol","GW"
"107","cg00247963",-0.000155303,2.56e-05,1.3e-09,NA,"Alcohol","GW"
"108","cg12067421",-0.000147351,2.43e-05,1.34e-09,NA,"Alcohol","GW"
"109","cg15821562",-0.000246252,4.07e-05,1.42e-09,NA,"Alcohol","GW"
"110","cg08115371",-0.000394429,6.52e-05,1.44e-09,NA,"Alcohol","GW"
"111","cg18954900",-0.000233979,3.87e-05,1.44e-09,NA,"Alcohol","GW"
"112","cg02654940",-0.000214334,3.54e-05,1.45e-09,NA,"Alcohol","GW"
"113","cg18159646",-0.000256959,4.25e-05,1.45e-09,NA,"Alcohol","GW"
"114","cg14676592",-0.0001352,2.24e-05,1.48e-09,NA,"Alcohol","GW"
"115","cg03485667",-0.000200024,3.31e-05,1.51e-09,NA,"Alcohol","GW"
"116","cg17390562",-0.000140907,2.33e-05,1.59e-09,NA,"Alcohol","GW"
"117","cg09257526",-0.00012733,2.12e-05,1.8e-09,NA,"Alcohol","GW"
"118","cg00812770",0.000127112,2.11e-05,1.82e-09,NA,"Alcohol","GW"
"119","cg06846495",-0.000233729,3.89e-05,1.86e-09,NA,"Alcohol","GW"
"120","cg26103104",-0.000343059,5.71e-05,1.92e-09,NA,"Alcohol","GW"
"121","cg04781796",0.000201398,3.35e-05,1.93e-09,NA,"Alcohol","GW"
"122","cg02578470",-0.000237701,3.96e-05,2.03e-09,NA,"Alcohol","GW"
"123","cg02231404",-0.000312955,5.22e-05,2.03e-09,NA,"Alcohol","GW"
"124","cg00045114",0.000249484,4.16e-05,2.04e-09,NA,"Alcohol","GW"
"125","cg20945261",-0.000191839,3.2e-05,2.08e-09,NA,"Alcohol","GW"
"126","cg18282388",0.0002136,3.57e-05,2.14e-09,NA,"Alcohol","GW"
"127","cg05465916",-0.00019089,3.19e-05,2.17e-09,NA,"Alcohol","GW"
"128","cg23712594",-0.000196963,3.29e-05,2.18e-09,NA,"Alcohol","GW"
"129","cg18765542",-0.000142943,2.39e-05,2.28e-09,NA,"Alcohol","GW"
"130","cg06644515",-0.000365342,6.11e-05,2.3e-09,NA,"Alcohol","GW"
"131","cg06516865",-0.000151603,2.54e-05,2.34e-09,NA,"Alcohol","GW"
"132","cg21369801",0.000197715,3.32e-05,2.48e-09,NA,"Alcohol","GW"
"133","cg27386529",-0.000198814,3.34e-05,2.61e-09,NA,"Alcohol","GW"
"134","cg04487857",0.000109109,1.83e-05,2.65e-09,NA,"Alcohol","GW"
"135","cg05457221",-0.000131515,2.21e-05,2.69e-09,NA,"Alcohol","GW"
"136","cg17192599",0.000193391,3.25e-05,2.8e-09,NA,"Alcohol","GW"
"137","cg05903736",-0.000164016,2.76e-05,2.89e-09,NA,"Alcohol","GW"
"138","cg18394552",0.000367256,6.19e-05,3.03e-09,NA,"Alcohol","GW"
"139","cg18120259",-0.00052297,8.82e-05,3.04e-09,NA,"Alcohol","GW"
"140","cg09042952",-4.57e-05,7.71e-06,3.11e-09,NA,"Alcohol","GW"
"141","cg19240637",-0.000223937,3.78e-05,3.21e-09,NA,"Alcohol","GW"
"142","cg11682350",-5.63e-05,9.51e-06,3.23e-09,NA,"Alcohol","GW"
"143","cg00986580",-0.000245028,4.14e-05,3.3e-09,NA,"Alcohol","GW"
"144","cg19578183",-0.000248248,4.2e-05,3.33e-09,NA,"Alcohol","GW"
"145","cg14473743",-0.000260987,4.41e-05,3.38e-09,NA,"Alcohol","GW"
"146","cg25612391",-0.000257381,4.35e-05,3.39e-09,NA,"Alcohol","GW"
"147","cg27479634",-0.000216929,3.67e-05,3.45e-09,NA,"Alcohol","GW"
"148","cg04961225",0.00023287,3.94e-05,3.51e-09,NA,"Alcohol","GW"
"149","cg23913963",-0.000267259,4.53e-05,3.59e-09,NA,"Alcohol","GW"
"150","cg03329539",-0.000229792,3.89e-05,3.6e-09,NA,"Alcohol","GW"
"151","cg09182138",-0.000154312,2.61e-05,3.6e-09,NA,"Alcohol","GW"
"152","cg06690548",-0.00133477,0.00022661,3.86e-09,NA,"Alcohol","GW"
"153","cg08429256",-0.000155808,2.65e-05,4.03e-09,NA,"Alcohol","GW"
"154","cg07180646",-0.000229401,3.9e-05,4.13e-09,NA,"Alcohol","GW"
"155","cg15699524",-0.000153203,2.61e-05,4.13e-09,NA,"Alcohol","GW"
"156","cg11197916",-0.000159894,2.72e-05,4.14e-09,NA,"Alcohol","GW"
"157","cg18530324",-0.000173123,2.95e-05,4.34e-09,NA,"Alcohol","GW"
"158","cg05012902",-0.000165956,2.83e-05,4.41e-09,NA,"Alcohol","GW"
"159","cg04610235",-0.000131691,2.25e-05,4.58e-09,NA,"Alcohol","GW"
"160","cg00622166",-0.000265203,4.53e-05,4.61e-09,NA,"Alcohol","GW"
"161","cg15804598",-0.000228213,3.89e-05,4.65e-09,NA,"Alcohol","GW"
"162","cg08335767",-0.000189721,3.24e-05,4.75e-09,NA,"Alcohol","GW"
"163","cg12807764",-0.000256786,4.39e-05,5e-09,NA,"Alcohol","GW"
"164","cg16889557",-0.000190117,3.25e-05,5.07e-09,NA,"Alcohol","GW"
"165","cg05721773",-0.000175489,3e-05,5.08e-09,NA,"Alcohol","GW"
"166","cg07104958",-0.00026315,4.51e-05,5.27e-09,NA,"Alcohol","GW"
"167","cg24848615",-0.000183639,3.15e-05,5.77e-09,NA,"Alcohol","GW"
"168","cg00594278",-0.000188514,3.24e-05,5.78e-09,NA,"Alcohol","GW"
"169","cg17768768",0.000133472,2.29e-05,5.88e-09,NA,"Alcohol","GW"
"170","cg12188860",-0.000239327,4.12e-05,6.17e-09,NA,"Alcohol","GW"
"171","cg04916802",-0.000196928,3.39e-05,6.33e-09,NA,"Alcohol","GW"
"172","cg19803952",-0.000159896,2.76e-05,6.65e-09,NA,"Alcohol","GW"
"173","cg14274621",-0.000137268,2.37e-05,6.67e-09,NA,"Alcohol","GW"
"174","cg00291478",-0.000339377,5.85e-05,6.69e-09,NA,"Alcohol","GW"
"175","cg01201215",-0.000155998,2.69e-05,6.76e-09,NA,"Alcohol","GW"
"176","cg24750156",-0.00020192,3.5e-05,8.04e-09,NA,"Alcohol","GW"
"177","cg00510149",-0.000156796,2.72e-05,8.14e-09,NA,"Alcohol","GW"
"178","cg02341119",-0.000244633,4.24e-05,8.15e-09,NA,"Alcohol","GW"
"179","cg12866859",-0.000183138,3.18e-05,8.32e-09,NA,"Alcohol","GW"
"180","cg00817377",-0.000128232,2.23e-05,8.36e-09,NA,"Alcohol","GW"
"181","cg18101225",0.000102643,1.78e-05,8.45e-09,NA,"Alcohol","GW"
"182","cg10554624",-0.000214178,3.72e-05,8.62e-09,NA,"Alcohol","GW"
"183","cg25643223",-0.000190149,3.3e-05,8.64e-09,NA,"Alcohol","GW"
"184","cg24420742",-0.000197272,3.43e-05,8.68e-09,NA,"Alcohol","GW"
"185","cg21578195",-0.000118018,2.05e-05,8.69e-09,NA,"Alcohol","GW"
"186","cg00432454",-0.000117396,2.04e-05,9.35e-09,NA,"Alcohol","GW"
"187","cg24642820",-0.000302378,5.27e-05,9.53e-09,NA,"Alcohol","GW"
"188","cg23166988",-0.000276846,4.83e-05,9.73e-09,NA,"Alcohol","GW"
"189","cg15055101",-0.000162025,2.83e-05,1e-08,NA,"Alcohol","GW"
"190","cg14145074",-0.000142457,2.49e-05,1.02e-08,NA,"Alcohol","GW"
"191","cg14330293",0.000128562,2.25e-05,1.03e-08,NA,"Alcohol","GW"
"192","cg23444264",-0.000193418,3.38e-05,1.04e-08,NA,"Alcohol","GW"
"193","cg17757575",-0.000205722,3.6e-05,1.07e-08,NA,"Alcohol","GW"
"194","cg26312998",-0.000170625,2.99e-05,1.09e-08,NA,"Alcohol","GW"
"195","cg20674424",-0.000210537,3.68e-05,1.11e-08,NA,"Alcohol","GW"
"196","cg03627290",-0.000109782,1.92e-05,1.12e-08,NA,"Alcohol","GW"
"197","cg18482892",-0.000225543,3.95e-05,1.15e-08,NA,"Alcohol","GW"
"198","cg27492942",-0.000189492,3.32e-05,1.17e-08,NA,"Alcohol","GW"
"199","cg06533408",-0.000170064,2.98e-05,1.17e-08,NA,"Alcohol","GW"
"200","cg17164905",-0.00013746,2.41e-05,1.17e-08,NA,"Alcohol","GW"
"201","cg04460609",-0.000371151,6.52e-05,1.23e-08,NA,"Alcohol","GW"
"202","cg00464927",0.000122261,2.15e-05,1.24e-08,NA,"Alcohol","GW"
"203","cg13879047",-0.000111936,1.97e-05,1.26e-08,NA,"Alcohol","GW"
"204","cg27486585",-0.000183923,3.23e-05,1.27e-08,NA,"Alcohol","GW"
"205","cg22505006",-0.000163279,2.87e-05,1.28e-08,NA,"Alcohol","GW"
"206","cg19554457",-0.000234466,4.12e-05,1.28e-08,NA,"Alcohol","GW"
"207","cg00085438",-0.00021381,3.76e-05,1.28e-08,NA,"Alcohol","GW"
"208","cg22510139",-0.000239165,4.2e-05,1.29e-08,NA,"Alcohol","GW"
"209","cg07451297",-0.00015954,2.81e-05,1.33e-08,NA,"Alcohol","GW"
"210","cg07735969",-0.000109615,1.93e-05,1.36e-08,NA,"Alcohol","GW"
"211","cg26039141",-0.000127455,2.25e-05,1.38e-08,NA,"Alcohol","GW"
"212","cg21130958",-0.000182331,3.21e-05,1.38e-08,NA,"Alcohol","GW"
"213","cg07567724",-0.000346834,6.12e-05,1.43e-08,NA,"Alcohol","GW"
"214","cg17485681",-0.000230398,4.07e-05,1.51e-08,NA,"Alcohol","GW"
"215","cg20484086",-0.000260199,4.6e-05,1.52e-08,NA,"Alcohol","GW"
"216","cg11617964",-0.000305609,5.4e-05,1.54e-08,NA,"Alcohol","GW"
"217","cg04737759",0.000101883,1.8e-05,1.59e-08,NA,"Alcohol","GW"
"218","cg10089657",0.000122239,2.17e-05,1.66e-08,NA,"Alcohol","GW"
"219","cg23629150",-0.000240933,4.27e-05,1.67e-08,NA,"Alcohol","GW"
"220","cg03021802",-0.000183841,3.26e-05,1.7e-08,NA,"Alcohol","GW"
"221","cg24135793",-0.000293472,5.21e-05,1.74e-08,NA,"Alcohol","GW"
"222","cg00326958",-0.000185588,3.29e-05,1.76e-08,NA,"Alcohol","GW"
"223","cg06934523",-0.00020561,3.65e-05,1.76e-08,NA,"Alcohol","GW"
"224","cg12554573",-0.000141513,2.51e-05,1.79e-08,NA,"Alcohol","GW"
"225","cg06657944",-7.46e-05,1.33e-05,1.81e-08,NA,"Alcohol","GW"
"226","cg14035045",-0.000169382,3.01e-05,1.85e-08,NA,"Alcohol","GW"
"227","cg09613192",-0.000278778,4.96e-05,1.87e-08,NA,"Alcohol","GW"
"228","cg03603530",-0.000108706,1.93e-05,1.92e-08,NA,"Alcohol","GW"
"229","cg05603985",-0.000253797,4.52e-05,1.94e-08,NA,"Alcohol","GW"
"230","cg00549412",-0.000191036,3.4e-05,2e-08,NA,"Alcohol","GW"
"231","cg05915866",-0.000261383,4.66e-05,2e-08,NA,"Alcohol","GW"
"232","cg12752647",-0.000129638,2.31e-05,2.01e-08,NA,"Alcohol","GW"
"233","cg08766770",-0.000130424,2.32e-05,2.02e-08,NA,"Alcohol","GW"
"234","cg00657780",-0.000179482,3.2e-05,2.03e-08,NA,"Alcohol","GW"
"235","cg07556911",0.000123825,2.21e-05,2.1e-08,NA,"Alcohol","GW"
"236","cg27180443",-0.000226013,4.04e-05,2.2e-08,NA,"Alcohol","GW"
"237","cg04418434",-0.000133156,2.38e-05,2.25e-08,NA,"Alcohol","GW"
"238","cg23893460",0.000104928,1.88e-05,2.28e-08,NA,"Alcohol","GW"
"239","cg01850135",0.000191881,3.43e-05,2.31e-08,NA,"Alcohol","GW"
"240","cg22268510",-0.000285806,5.12e-05,2.34e-08,NA,"Alcohol","GW"
"241","cg05152300",-0.000135229,2.42e-05,2.34e-08,NA,"Alcohol","GW"
"242","cg07286682",0.000197101,3.53e-05,2.39e-08,NA,"Alcohol","GW"
"243","cg05262369",-0.000159431,2.86e-05,2.41e-08,NA,"Alcohol","GW"
"244","cg18483487",-0.00020568,3.69e-05,2.42e-08,NA,"Alcohol","GW"
"245","cg05527044",-0.000115123,2.07e-05,2.5e-08,NA,"Alcohol","GW"
"246","cg15117681",0.00013987,2.51e-05,2.59e-08,NA,"Alcohol","GW"
"247","cg16290996",-0.000319806,5.75e-05,2.61e-08,NA,"Alcohol","GW"
"248","cg03339609",-0.000301051,5.41e-05,2.66e-08,NA,"Alcohol","GW"
"249","cg03617456",-9.87e-05,1.77e-05,2.68e-08,NA,"Alcohol","GW"
"250","cg05668853",-0.000200714,3.61e-05,2.68e-08,NA,"Alcohol","GW"
"251","cg10456541",-0.000190486,3.43e-05,2.69e-08,NA,"Alcohol","GW"
"252","cg07805604",-0.000144105,2.59e-05,2.72e-08,NA,"Alcohol","GW"
"253","cg21846790",-0.00013504,2.43e-05,2.78e-08,NA,"Alcohol","GW"
"254","cg09906145",-9.78e-05,1.76e-05,2.81e-08,NA,"Alcohol","GW"
"255","cg09577455",-0.000155485,2.8e-05,2.97e-08,NA,"Alcohol","GW"
"256","cg17378803",-0.00024546,4.43e-05,2.98e-08,NA,"Alcohol","GW"
"257","cg02314339",-0.000254186,4.59e-05,3.06e-08,NA,"Alcohol","GW"
"258","cg02282631",-0.000324862,5.87e-05,3.07e-08,NA,"Alcohol","GW"
"259","cg01378158",-0.000167519,3.03e-05,3.11e-08,NA,"Alcohol","GW"
"260","cg22052056",-0.000179502,3.25e-05,3.37e-08,NA,"Alcohol","GW"
"261","cg25197194",0.000299216,5.42e-05,3.38e-08,NA,"Alcohol","GW"
"262","cg00026553",-0.000154797,2.81e-05,3.43e-08,NA,"Alcohol","GW"
"263","cg06226150",-0.000141288,2.57e-05,3.79e-08,NA,"Alcohol","GW"
"264","cg19731612",-0.00062134,0.000112976,3.8e-08,NA,"Alcohol","GW"
"265","cg13077865",0.000173048,3.15e-05,3.87e-08,NA,"Alcohol","GW"
"266","cg03959515",-0.000106696,1.94e-05,3.9e-08,NA,"Alcohol","GW"
"267","cg03382805",0.000120359,2.19e-05,3.93e-08,NA,"Alcohol","GW"
"268","cg05991220",0.000217716,3.96e-05,3.98e-08,NA,"Alcohol","GW"
"269","cg05756780",-0.00014366,2.62e-05,3.98e-08,NA,"Alcohol","GW"
"270","cg10045354",-0.000219318,4e-05,4.27e-08,NA,"Alcohol","GW"
"271","cg05951221",-0.000605113,0.000110538,4.39e-08,NA,"Alcohol","GW"
"272","cg27491190",-0.000231754,4.23e-05,4.4e-08,NA,"Alcohol","GW"
"273","cg19202384",-0.000261545,4.78e-05,4.55e-08,NA,"Alcohol","GW"
"274","cg20188739",-0.000212576,3.89e-05,4.66e-08,NA,"Alcohol","GW"
"275","cg11405200",-0.000161143,2.95e-05,4.66e-08,NA,"Alcohol","GW"
"276","cg08297686",-0.000334244,6.12e-05,4.68e-08,NA,"Alcohol","GW"
"277","cg09175009",-0.000197238,3.62e-05,4.87e-08,NA,"Alcohol","GW"
"278","cg12699156",-0.000135542,2.48e-05,4.88e-08,NA,"Alcohol","GW"
"279","cg13539253",-7.35e-05,1.35e-05,5.08e-08,NA,"Alcohol","GW"
"280","cg08293528",-0.000143323,2.63e-05,5.17e-08,NA,"Alcohol","GW"
"281","cg04605617",-0.000259599,4.77e-05,5.19e-08,NA,"Alcohol","GW"
"282","cg11700584",-0.000273901,5.03e-05,5.3e-08,NA,"Alcohol","GW"
"283","cg09029902",-9.48e-05,1.74e-05,5.31e-08,NA,"Alcohol","GW"
"284","cg04661001",-0.000298416,5.49e-05,5.36e-08,NA,"Alcohol","GW"
"285","cg24711224",-0.000164883,3.03e-05,5.44e-08,NA,"Alcohol","GW"
"286","cg05129477",-0.00023488,4.32e-05,5.6e-08,NA,"Alcohol","GW"
"287","cg01487468",-0.000145833,2.69e-05,5.69e-08,NA,"Alcohol","GW"
"288","cg05359207",-5.5e-05,1.01e-05,5.69e-08,NA,"Alcohol","GW"
"289","cg16505233",-9.5e-05,1.75e-05,5.69e-08,NA,"Alcohol","GW"
"290","cg02343604",-0.000152012,2.8e-05,5.75e-08,NA,"Alcohol","GW"
"291","cg26405097",-0.000156887,2.89e-05,5.94e-08,NA,"Alcohol","GW"
"292","cg24570624",-0.000178699,3.3e-05,5.97e-08,NA,"Alcohol","GW"
"293","cg09646173",-0.000287911,5.32e-05,6.18e-08,NA,"Alcohol","GW"
"294","cg27020362",0.000194607,3.6e-05,6.26e-08,NA,"Alcohol","GW"
"295","cg06474661",-0.000128622,2.38e-05,6.38e-08,NA,"Alcohol","GW"
"296","cg24141382",-0.000150319,2.78e-05,6.43e-08,NA,"Alcohol","GW"
"297","cg02499214",-6.44e-05,1.19e-05,6.49e-08,NA,"Alcohol","GW"
"298","cg05751148",0.000134007,2.48e-05,6.5e-08,NA,"Alcohol","GW"
"299","cg08276755",-0.000159783,2.96e-05,6.54e-08,NA,"Alcohol","GW"
"300","cg11704631",-0.000321075,5.95e-05,6.7e-08,NA,"Alcohol","GW"
"301","cg06126421",-0.000286062,5.31e-05,6.99e-08,NA,"Alcohol","GW"
"302","cg07507418",-0.000193753,3.6e-05,7.15e-08,NA,"Alcohol","GW"
"303","cg16492851",0.000120033,2.23e-05,7.16e-08,NA,"Alcohol","GW"
"304","cg21201109",-0.000163329,3.03e-05,7.18e-08,NA,"Alcohol","GW"
"305","cg03877174",0.000131267,2.44e-05,7.3e-08,NA,"Alcohol","GW"
"306","cg00546117",-0.000207682,3.86e-05,7.33e-08,NA,"Alcohol","GW"
"307","cg21226442",-0.00023626,4.39e-05,7.37e-08,NA,"Alcohol","GW"
"308","cg20204986",-0.000178141,3.31e-05,7.5e-08,NA,"Alcohol","GW"
"309","cg03575969",-0.00016961,3.16e-05,7.87e-08,NA,"Alcohol","GW"
"310","cg23579062",-0.000141735,2.64e-05,7.97e-08,NA,"Alcohol","GW"
"311","cg19730982",9.62e-05,1.79e-05,8e-08,NA,"Alcohol","GW"
"312","cg07447742",-0.000216734,4.04e-05,8.12e-08,NA,"Alcohol","GW"
"313","cg17962756",-0.000403039,7.51e-05,8.18e-08,NA,"Alcohol","GW"
"314","cg24146100",-0.000229638,4.28e-05,8.25e-08,NA,"Alcohol","GW"
"315","cg01735398",-0.000227915,4.25e-05,8.36e-08,NA,"Alcohol","GW"
"316","cg07626482",-0.000335371,6.26e-05,8.39e-08,NA,"Alcohol","GW"
"317","cg02431260",-0.000438112,8.18e-05,8.42e-08,NA,"Alcohol","GW"
"318","cg01972009",-0.000190542,3.56e-05,8.47e-08,NA,"Alcohol","GW"
"319","cg05130679",-0.000190281,3.55e-05,8.57e-08,NA,"Alcohol","GW"
"320","cg21791017",-0.000191272,3.57e-05,8.69e-08,NA,"Alcohol","GW"
"321","cg14391586",-0.000187694,3.51e-05,8.81e-08,NA,"Alcohol","GW"
"322","cg09535960",0.000171727,3.21e-05,8.85e-08,NA,"Alcohol","GW"
"323","cg14051147",-0.000129371,2.42e-05,8.95e-08,NA,"Alcohol","GW"
"324","cg06799321",-0.000220922,4.13e-05,9.02e-08,NA,"Alcohol","GW"
"325","cg05356319",-0.000359577,6.73e-05,9.08e-08,NA,"Alcohol","GW"
"326","cg19030682",0.000178458,3.34e-05,9.22e-08,NA,"Alcohol","GW"
"327","cg03450635",-0.000225637,4.23e-05,9.44e-08,NA,"Alcohol","GW"
"328","cg22451412",0.000110606,2.07e-05,9.73e-08,NA,"Alcohol","GW"
"329","cg00313914",-0.000446595,8.38e-05,9.89e-08,NA,"Alcohol","GW"
"330","cg18763536",-0.000262462,4.93e-05,9.94e-08,NA,"Alcohol","GW"
"331","cg20359445",-0.000114991,2.16e-05,1.01e-07,NA,"Alcohol","GW"
"332","cg17478203",-0.000225473,4.24e-05,1.03e-07,NA,"Alcohol","GW"
"333","cg03781224",0.000149904,2.82e-05,1.03e-07,NA,"Alcohol","GW"
"334","cg08706907",-0.00010797,2.03e-05,1.03e-07,NA,"Alcohol","GW"
"335","cg06414073",-0.000126968,2.39e-05,1.04e-07,NA,"Alcohol","GW"
"336","cg16723994",-0.000139695,2.63e-05,1.05e-07,NA,"Alcohol","GW"
"337","cg16585234",-0.000193188,3.63e-05,1.06e-07,NA,"Alcohol","GW"
"338","cg24936980",-0.000177972,3.35e-05,1.06e-07,NA,"Alcohol","GW"
"339","cg04745384",-0.000188027,3.54e-05,1.06e-07,NA,"Alcohol","GW"
"340","cg24166814",-0.000130323,2.45e-05,1.06e-07,NA,"Alcohol","GW"
"341","cg09817016",-0.00025396,4.78e-05,1.07e-07,NA,"Alcohol","GW"
"342","cg09983216",-0.00033466,6.3e-05,1.1e-07,NA,"Alcohol","GW"
"343","cg00004089",-0.000354171,5.09e-05,3.36e-12,3.6e-11,"BMI","GW"
"344","cg00134210",-0.00022376,4.17e-05,8.33e-08,2.32e-07,"BMI","GW"
"345","cg00144180",0.000513485,8.93e-05,8.83e-09,3.1e-08,"BMI","GW"
"346","cg00238353",0.000684068,0.000113806,1.85e-09,8.12e-09,"BMI","GW"
"347","cg00295485",0.00068452,0.000127853,8.61e-08,2.38e-07,"BMI","GW"
"348","cg00376553",0.000582108,0.000107856,6.77e-08,1.94e-07,"BMI","GW"
"349","cg00442282",-0.000186706,3.49e-05,8.44e-08,2.35e-07,"BMI","GW"
"350","cg00547480",0.000539738,7.07e-05,2.27e-14,4.38e-13,"BMI","GW"
"351","cg00574958",-0.000650544,4.91e-05,4.57e-40,2.87e-37,"BMI","GW"
"352","cg00602326",-0.000614044,9.38e-05,5.99e-11,4.34e-10,"BMI","GW"
"353","cg00607627",-0.000535958,7.71e-05,3.67e-12,3.87e-11,"BMI","GW"
"354","cg00701951",-0.000815859,0.000119687,9.32e-12,8.59e-11,"BMI","GW"
"355","cg00705661",0.000255435,4.56e-05,2.18e-08,6.95e-08,"BMI","GW"
"356","cg00714874",-0.000459613,8.14e-05,1.64e-08,5.34e-08,"BMI","GW"
"357","cg00741986",-0.000642931,0.000100493,1.58e-10,1e-09,"BMI","GW"
"358","cg00748195",-0.000575788,0.000105141,4.34e-08,1.29e-07,"BMI","GW"
"359","cg00760203",0.000376957,7.07e-05,9.57e-08,2.59e-07,"BMI","GW"
"360","cg00826902",0.000593207,8.67e-05,7.68e-12,7.34e-11,"BMI","GW"
"361","cg00851028",0.00050804,8.32e-05,1.01e-09,4.89e-09,"BMI","GW"
"362","cg00994936",0.000468238,7.13e-05,5.26e-11,3.93e-10,"BMI","GW"
"363","cg01004980",0.000614467,8.69e-05,1.54e-12,1.85e-11,"BMI","GW"
"364","cg01101459",0.00076785,8.73e-05,1.44e-18,7.23e-17,"BMI","GW"
"365","cg01117339",-0.000527989,8.85e-05,2.39e-09,1.01e-08,"BMI","GW"
"366","cg01130991",0.001006066,9.35e-05,5.54e-27,1.39e-24,"BMI","GW"
"367","cg01172899",0.000517386,8.54e-05,1.39e-09,6.45e-09,"BMI","GW"
"368","cg01176028",0.000488104,7.69e-05,2.25e-10,1.35e-09,"BMI","GW"
"369","cg01231543",-0.000582771,9.09e-05,1.41e-10,9.28e-10,"BMI","GW"
"370","cg01243823",-0.00106542,0.000149851,1.16e-12,1.5e-11,"BMI","GW"
"371","cg01317029",0.000473882,6.42e-05,1.6e-13,2.47e-12,"BMI","GW"
"372","cg01368219",0.000575733,0.000104971,4.14e-08,1.25e-07,"BMI","GW"
"373","cg01411912",-0.000490499,9.06e-05,6.07e-08,1.76e-07,"BMI","GW"
"374","cg01419914",0.000925623,0.000136749,1.3e-11,1.14e-10,"BMI","GW"
"375","cg01510278",-0.000233971,4.11e-05,1.22e-08,4.13e-08,"BMI","GW"
"376","cg01671681",-0.000684475,0.000114214,2.06e-09,8.94e-09,"BMI","GW"
"377","cg01676795",0.000820017,0.000111125,1.59e-13,2.47e-12,"BMI","GW"
"378","cg01678580",0.000295479,4.58e-05,1.06e-10,7.14e-10,"BMI","GW"
"379","cg01681525",0.00090206,0.000146343,7.09e-10,3.62e-09,"BMI","GW"
"380","cg01741041",0.0005391,7.14e-05,4.5e-14,8.05e-13,"BMI","GW"
"381","cg01818539",0.000219809,3.38e-05,7.44e-11,5.24e-10,"BMI","GW"
"382","cg01881899",0.000332954,5.57e-05,2.2e-09,9.52e-09,"BMI","GW"
"383","cg01885635",-0.000480636,8.73e-05,3.66e-08,1.12e-07,"BMI","GW"
"384","cg01975495",0.000598838,0.000104569,1.02e-08,3.57e-08,"BMI","GW"
"385","cg02050917",0.000513223,8.23e-05,4.44e-10,2.45e-09,"BMI","GW"
"386","cg02079413",0.000477678,7.91e-05,1.58e-09,7.15e-09,"BMI","GW"
"387","cg02203067",0.000498676,8.63e-05,7.56e-09,2.71e-08,"BMI","GW"
"388","cg02329670",-0.000532046,8.04e-05,3.7e-11,2.86e-10,"BMI","GW"
"389","cg02341197",0.000620985,0.000102337,1.29e-09,6.11e-09,"BMI","GW"
"390","cg02370100",0.00049264,7.96e-05,6.05e-10,3.22e-09,"BMI","GW"
"391","cg02417857",0.00090813,0.00015185,2.23e-09,9.56e-09,"BMI","GW"
"392","cg02508743",0.000660446,0.000113191,5.39e-09,2.07e-08,"BMI","GW"
"393","cg02556345",-0.000532308,9.72e-05,4.32e-08,1.29e-07,"BMI","GW"
"394","cg02650017",-0.000284266,3.19e-05,5.24e-19,2.86e-17,"BMI","GW"
"395","cg02716826",-0.000665066,0.000116841,1.26e-08,4.23e-08,"BMI","GW"
"396","cg02734358",-0.000753165,0.000120141,3.63e-10,2.06e-09,"BMI","GW"
"397","cg02893429",-0.000716893,0.000113035,2.26e-10,1.35e-09,"BMI","GW"
"398","cg03078551",-0.000416231,5.47e-05,2.77e-14,5.27e-13,"BMI","GW"
"399","cg03152187",-0.000328116,5.59e-05,4.26e-09,1.69e-08,"BMI","GW"
"400","cg03183540",-0.000449178,7.68e-05,5.02e-09,1.95e-08,"BMI","GW"
"401","cg03218374",0.000727617,0.000102635,1.35e-12,1.66e-11,"BMI","GW"
"402","cg03257930",-0.000399541,6.61e-05,1.53e-09,6.97e-09,"BMI","GW"
"403","cg03273183",-0.000469431,8.66e-05,5.84e-08,1.71e-07,"BMI","GW"
"404","cg03318904",0.000607905,7.15e-05,1.95e-17,7.89e-16,"BMI","GW"
"405","cg03327570",-0.000464215,7.75e-05,2.05e-09,8.93e-09,"BMI","GW"
"406","cg03358636",0.001072885,0.000112489,1.46e-21,1.31e-19,"BMI","GW"
"407","cg03411376",0.000305434,5.73e-05,9.6e-08,2.59e-07,"BMI","GW"
"408","cg03500056",0.000602015,0.000105154,1.03e-08,3.58e-08,"BMI","GW"
"409","cg03523676",0.00061787,9.44e-05,5.84e-11,4.31e-10,"BMI","GW"
"410","cg03619256",-0.000662223,9.12e-05,3.76e-13,5.24e-12,"BMI","GW"
"411","cg03697881",0.000426335,6.78e-05,3.25e-10,1.89e-09,"BMI","GW"
"412","cg03725309",-0.000596898,7.81e-05,2.12e-14,4.15e-13,"BMI","GW"
"413","cg03744043",0.000438922,7.49e-05,4.62e-09,1.82e-08,"BMI","GW"
"414","cg03803086",0.000609463,0.000110005,3.02e-08,9.37e-08,"BMI","GW"
"415","cg03819286",0.000499677,8e-05,4.24e-10,2.35e-09,"BMI","GW"
"416","cg03850986",-0.000973782,0.000138194,1.83e-12,2.13e-11,"BMI","GW"
"417","cg03940776",-0.000614586,7.18e-05,1.13e-17,4.72e-16,"BMI","GW"
"418","cg03957124",-0.000621271,8.44e-05,1.81e-13,2.71e-12,"BMI","GW"
"419","cg04011474",-0.000670938,9.01e-05,9.82e-14,1.6e-12,"BMI","GW"
"420","cg04366104",0.000457722,8.24e-05,2.74e-08,8.54e-08,"BMI","GW"
"421","cg04508739",0.000675424,0.000100553,1.85e-11,1.54e-10,"BMI","GW"
"422","cg04577162",0.000508507,8.34e-05,1.09e-09,5.24e-09,"BMI","GW"
"423","cg04757345",-0.000679401,0.000113603,2.22e-09,9.56e-09,"BMI","GW"
"424","cg04813880",0.000536205,9.04e-05,2.97e-09,1.23e-08,"BMI","GW"
"425","cg04816311",0.00114308,0.000125375,7.7e-20,5.37e-18,"BMI","GW"
"426","cg04927537",0.001231784,0.000158983,9.34e-15,2.06e-13,"BMI","GW"
"427","cg04931184",-0.000449695,8.18e-05,3.84e-08,1.17e-07,"BMI","GW"
"428","cg04945608",-0.000465897,8.45e-05,3.45e-08,1.06e-07,"BMI","GW"
"429","cg04986899",0.000438555,7.84e-05,2.27e-08,7.2e-08,"BMI","GW"
"430","cg05050042",0.000574536,9.95e-05,7.83e-09,2.79e-08,"BMI","GW"
"431","cg05063895",-0.000238177,4.23e-05,1.74e-08,5.63e-08,"BMI","GW"
"432","cg05272827",0.000740931,0.000118869,4.57e-10,2.51e-09,"BMI","GW"
"433","cg05277504",-0.000210832,3.95e-05,9.47e-08,2.57e-07,"BMI","GW"
"434","cg05284742",0.000365409,6.81e-05,7.96e-08,2.24e-07,"BMI","GW"
"435","cg05295703",0.000462093,7.15e-05,1.02e-10,6.94e-10,"BMI","GW"
"436","cg05369623",0.00045176,7.79e-05,6.61e-09,2.45e-08,"BMI","GW"
"437","cg05399785",0.000621433,8.02e-05,9.51e-15,2.06e-13,"BMI","GW"
"438","cg05460226",0.000861102,0.00013529,1.95e-10,1.21e-09,"BMI","GW"
"439","cg05573654",0.000576927,8.05e-05,7.49e-13,1e-11,"BMI","GW"
"440","cg05575921",0.001161039,0.000172468,1.67e-11,1.43e-10,"BMI","GW"
"441","cg05778424",0.000476667,8.15e-05,4.95e-09,1.93e-08,"BMI","GW"
"442","cg05899984",0.000365814,6.06e-05,1.53e-09,6.97e-09,"BMI","GW"
"443","cg05978306",0.000379698,7.06e-05,7.43e-08,2.1e-07,"BMI","GW"
"444","cg06017212",0.000506169,7.75e-05,6.58e-11,4.69e-10,"BMI","GW"
"445","cg06039074",0.00034264,6.43e-05,9.96e-08,2.67e-07,"BMI","GW"
"446","cg06151145",0.000567201,9.93e-05,1.1e-08,3.79e-08,"BMI","GW"
"447","cg06192883",0.001130768,0.000113439,2.1e-23,2.81e-21,"BMI","GW"
"448","cg06207201",-0.000512345,7.77e-05,4.29e-11,3.27e-10,"BMI","GW"
"449","cg06375292",-0.000412036,5.76e-05,8.54e-13,1.13e-11,"BMI","GW"
"450","cg06500161",0.001136108,9.27e-05,1.61e-34,6.73e-32,"BMI","GW"
"451","cg06559575",-0.000702687,8.01e-05,1.83e-18,8.81e-17,"BMI","GW"
"452","cg06560379",-0.000175729,3.03e-05,6.41e-09,2.4e-08,"BMI","GW"
"453","cg06568880",0.000434752,5.37e-05,5.5e-16,1.72e-14,"BMI","GW"
"454","cg06647068",-0.000700069,0.000109101,1.39e-10,9.19e-10,"BMI","GW"
"455","cg06690548",-0.000701048,0.000107114,5.95e-11,4.34e-10,"BMI","GW"
"456","cg06710464",0.000540428,7.94e-05,9.83e-12,8.99e-11,"BMI","GW"
"457","cg06762457",-0.000871515,0.000161929,7.36e-08,2.09e-07,"BMI","GW"
"458","cg06783533",0.000260018,4.61e-05,1.72e-08,5.58e-08,"BMI","GW"
"459","cg06940720",0.000507737,9.02e-05,1.81e-08,5.82e-08,"BMI","GW"
"460","cg06946797",-0.00081351,0.000116184,2.53e-12,2.78e-11,"BMI","GW"
"461","cg07012687",0.000874927,0.000109762,1.57e-15,4.29e-14,"BMI","GW"
"462","cg07021906",0.000575082,9.96e-05,7.79e-09,2.78e-08,"BMI","GW"
"463","cg07058694",0.000495232,7.72e-05,1.43e-10,9.33e-10,"BMI","GW"
"464","cg07094298",-0.001045261,0.000134061,6.35e-15,1.45e-13,"BMI","GW"
"465","cg07136133",-0.000717829,8.86e-05,5.32e-16,1.71e-14,"BMI","GW"
"466","cg07207669",-0.000615917,0.000110384,2.41e-08,7.57e-08,"BMI","GW"
"467","cg07217499",-0.000467176,8.44e-05,3.07e-08,9.47e-08,"BMI","GW"
"468","cg07248377",0.000609389,0.000105073,6.65e-09,2.46e-08,"BMI","GW"
"469","cg07265588",0.000515161,9.05e-05,1.25e-08,4.23e-08,"BMI","GW"
"470","cg07458272",0.00056929,8.32e-05,7.72e-12,7.34e-11,"BMI","GW"
"471","cg07504977",0.001034637,0.000145587,1.19e-12,1.51e-11,"BMI","GW"
"472","cg07682160",0.000534364,9.03e-05,3.24e-09,1.32e-08,"BMI","GW"
"473","cg07728579",0.000543278,9.15e-05,2.92e-09,1.22e-08,"BMI","GW"
"474","cg07814318",0.000783828,0.000116443,1.68e-11,1.43e-10,"BMI","GW"
"475","cg08051604",0.000453834,7.97e-05,1.22e-08,4.13e-08,"BMI","GW"
"476","cg08055663",0.000418573,7.04e-05,2.73e-09,1.15e-08,"BMI","GW"
"477","cg08305942",-0.000773213,0.000101682,2.87e-14,5.37e-13,"BMI","GW"
"478","cg08309687",-0.001184012,0.000148612,1.62e-15,4.33e-14,"BMI","GW"
"479","cg08352115",0.000633555,9.01e-05,2.07e-12,2.36e-11,"BMI","GW"
"480","cg08388111",0.000528004,8.55e-05,6.61e-10,3.41e-09,"BMI","GW"
"481","cg08548559",-0.00091286,0.000132248,5.1e-12,5.16e-11,"BMI","GW"
"482","cg08813944",0.000538085,9.65e-05,2.48e-08,7.76e-08,"BMI","GW"
"483","cg09038267",0.000230288,3.72e-05,6.06e-10,3.22e-09,"BMI","GW"
"484","cg09039672",0.000455732,7.43e-05,8.48e-10,4.22e-09,"BMI","GW"
"485","cg09055236",0.00045,8.39e-05,8.26e-08,2.31e-07,"BMI","GW"
"486","cg09138671",-0.000650628,0.000116409,2.28e-08,7.23e-08,"BMI","GW"
"487","cg09152259",-0.000772814,0.000134348,8.8e-09,3.1e-08,"BMI","GW"
"488","cg09182678",-0.000433637,5.6e-05,9.21e-15,2.06e-13,"BMI","GW"
"489","cg09249494",0.000599084,9.74e-05,7.63e-10,3.86e-09,"BMI","GW"
"490","cg09276842",-0.000395228,5.83e-05,1.25e-11,1.11e-10,"BMI","GW"
"491","cg09297903",0.000780861,0.000127748,9.81e-10,4.79e-09,"BMI","GW"
"492","cg09554443",-0.000817652,0.000126496,1.02e-10,6.94e-10,"BMI","GW"
"493","cg09561830",-0.00071679,0.000119355,1.91e-09,8.36e-09,"BMI","GW"
"494","cg09613192",0.000832761,0.000129318,1.2e-10,8.03e-10,"BMI","GW"
"495","cg09624923",-0.000638251,8.16e-05,5.3e-15,1.25e-13,"BMI","GW"
"496","cg09664445",0.000490724,7.79e-05,3e-10,1.75e-09,"BMI","GW"
"497","cg09737197",-0.000527501,9.03e-05,5.14e-09,1.98e-08,"BMI","GW"
"498","cg09777883",0.00064027,9.17e-05,2.86e-12,3.12e-11,"BMI","GW"
"499","cg09831562",0.00109385,0.000120754,1.32e-19,7.9e-18,"BMI","GW"
"500","cg09956615",0.000472932,8.26e-05,1.03e-08,3.57e-08,"BMI","GW"
"501","cg10179300",0.000520706,9.5e-05,4.25e-08,1.28e-07,"BMI","GW"
"502","cg10397932",-0.00029146,4.97e-05,4.47e-09,1.76e-08,"BMI","GW"
"503","cg10423113",0.000232184,4.16e-05,2.32e-08,7.3e-08,"BMI","GW"
"504","cg10438589",0.000717242,0.000104005,5.34e-12,5.36e-11,"BMI","GW"
"505","cg10440877",0.00051227,8.07e-05,2.21e-10,1.34e-09,"BMI","GW"
"506","cg10508317",-0.000391018,5.85e-05,2.28e-11,1.82e-10,"BMI","GW"
"507","cg10548968",-0.000966135,0.000155735,5.51e-10,2.96e-09,"BMI","GW"
"508","cg10601624",-0.00060708,8.07e-05,5.19e-14,9.17e-13,"BMI","GW"
"509","cg10636246",-0.000809932,0.000122867,4.34e-11,3.28e-10,"BMI","GW"
"510","cg10663078",0.000417877,7.81e-05,8.67e-08,2.39e-07,"BMI","GW"
"511","cg10819350",0.00060155,0.000102795,4.86e-09,1.9e-08,"BMI","GW"
"512","cg10919522",-0.00083171,0.000103879,1.18e-15,3.29e-14,"BMI","GW"
"513","cg10922280",0.000535824,8.02e-05,2.36e-11,1.88e-10,"BMI","GW"
"514","cg10927968",0.000967853,0.000103509,8.73e-21,6.84e-19,"BMI","GW"
"515","cg10987503",0.000375748,6.46e-05,5.98e-09,2.27e-08,"BMI","GW"
"516","cg11183227",0.000494883,8.16e-05,1.3e-09,6.11e-09,"BMI","GW"
"517","cg11202345",0.000900221,0.00011366,2.37e-15,5.94e-14,"BMI","GW"
"518","cg11376147",-0.000318443,5.26e-05,1.39e-09,6.45e-09,"BMI","GW"
"519","cg11468085",0.00054353,8.06e-05,1.51e-11,1.3e-10,"BMI","GW"
"520","cg11588197",-0.00084955,0.000120336,1.67e-12,1.99e-11,"BMI","GW"
"521","cg11849692",0.000492625,6.76e-05,3.16e-13,4.56e-12,"BMI","GW"
"522","cg11927233",0.000675621,0.000124146,5.26e-08,1.56e-07,"BMI","GW"
"523","cg11969813",0.000569454,9.79e-05,6.09e-09,2.3e-08,"BMI","GW"
"524","cg12054453",-0.001190393,0.000179931,3.69e-11,2.86e-10,"BMI","GW"
"525","cg12269535",-0.000987158,0.000118036,6.11e-17,2.25e-15,"BMI","GW"
"526","cg12338137",-0.000606732,8.74e-05,3.82e-12,3.96e-11,"BMI","GW"
"527","cg12484113",0.000681755,8.07e-05,3.05e-17,1.16e-15,"BMI","GW"
"528","cg12555233",0.000326797,5.49e-05,2.69e-09,1.14e-08,"BMI","GW"
"529","cg12582959",0.000417739,7.78e-05,8.04e-08,2.25e-07,"BMI","GW"
"530","cg12593793",-0.000722981,8.76e-05,1.58e-16,5.34e-15,"BMI","GW"
"531","cg12620005",-0.000469042,5.85e-05,1.06e-15,3.03e-14,"BMI","GW"
"532","cg12623364",0.000458778,8.55e-05,8.07e-08,2.26e-07,"BMI","GW"
"533","cg12644285",-0.000833282,0.000108759,1.83e-14,3.71e-13,"BMI","GW"
"534","cg12658897",0.000388168,6.92e-05,2.08e-08,6.63e-08,"BMI","GW"
"535","cg12782654",0.000338622,6.27e-05,6.76e-08,1.94e-07,"BMI","GW"
"536","cg13039251",-0.000959951,0.000152875,3.4e-10,1.96e-09,"BMI","GW"
"537","cg13059136",0.000611947,0.000107352,1.2e-08,4.08e-08,"BMI","GW"
"538","cg13061976",0.0004629,8.6e-05,7.33e-08,2.08e-07,"BMI","GW"
"539","cg13123009",0.000800121,8.35e-05,9.68e-22,9.34e-20,"BMI","GW"
"540","cg13134297",-0.000728003,8.88e-05,2.41e-16,7.96e-15,"BMI","GW"
"541","cg13139542",0.000483777,8.21e-05,3.8e-09,1.52e-08,"BMI","GW"
"542","cg13174306",-0.000464163,8.11e-05,1.05e-08,3.62e-08,"BMI","GW"
"543","cg13222915",-0.000786548,8.2e-05,8.52e-22,8.9e-20,"BMI","GW"
"544","cg13274938",0.00056461,6.84e-05,1.49e-16,5.2e-15,"BMI","GW"
"545","cg13300580",0.000462878,7.25e-05,1.75e-10,1.1e-09,"BMI","GW"
"546","cg13522406",0.000511985,8.47e-05,1.51e-09,6.93e-09,"BMI","GW"
"547","cg13562284",-0.000507093,8.94e-05,1.39e-08,4.59e-08,"BMI","GW"
"548","cg13591783",-0.000503332,9.16e-05,3.86e-08,1.17e-07,"BMI","GW"
"549","cg13691961",0.000987057,0.000168941,5.14e-09,1.98e-08,"BMI","GW"
"550","cg13696490",-0.000778415,0.000136615,1.21e-08,4.13e-08,"BMI","GW"
"551","cg13708645",0.000953425,0.000155591,8.91e-10,4.4e-09,"BMI","GW"
"552","cg13758913",0.00049413,8.38e-05,3.66e-09,1.47e-08,"BMI","GW"
"553","cg13770461",-0.000571713,8.31e-05,5.93e-12,5.81e-11,"BMI","GW"
"554","cg14017402",0.000850411,0.000128455,3.58e-11,2.81e-10,"BMI","GW"
"555","cg14145074",0.000653845,9.39e-05,3.4e-12,3.62e-11,"BMI","GW"
"556","cg14205864",-0.000428841,7.11e-05,1.61e-09,7.2e-09,"BMI","GW"
"557","cg14237301",0.000578775,9.25e-05,3.95e-10,2.21e-09,"BMI","GW"
"558","cg14341014",0.000339539,5.86e-05,6.82e-09,2.51e-08,"BMI","GW"
"559","cg14476101",-0.001238299,0.000179798,5.69e-12,5.66e-11,"BMI","GW"
"560","cg14531564",-0.000601197,9.19e-05,6.11e-11,4.4e-10,"BMI","GW"
"561","cg14693090",0.00042945,7.58e-05,1.47e-08,4.85e-08,"BMI","GW"
"562","cg14992144",0.000365351,6.85e-05,9.48e-08,2.57e-07,"BMI","GW"
"563","cg15020801",0.000514209,8.82e-05,5.56e-09,2.13e-08,"BMI","GW"
"564","cg15135047",0.000523322,8.17e-05,1.49e-10,9.67e-10,"BMI","GW"
"565","cg15138339",0.000524276,8.35e-05,3.42e-10,1.96e-09,"BMI","GW"
"566","cg15296767",0.000393198,7.08e-05,2.8e-08,8.73e-08,"BMI","GW"
"567","cg15357118",0.000626165,8.81e-05,1.18e-12,1.51e-11,"BMI","GW"
"568","cg15696506",-0.00087918,0.000121298,4.23e-13,5.82e-12,"BMI","GW"
"569","cg15721584",0.001359511,0.000155396,2.16e-18,1e-16,"BMI","GW"
"570","cg15829728",0.000570295,8.09e-05,1.78e-12,2.08e-11,"BMI","GW"
"571","cg15871086",0.000506124,8.52e-05,2.86e-09,1.19e-08,"BMI","GW"
"572","cg15901722",-0.00051779,9.11e-05,1.3e-08,4.36e-08,"BMI","GW"
"573","cg16097041",0.000495601,8.01e-05,6.18e-10,3.27e-09,"BMI","GW"
"574","cg16151960",-0.000474472,8.72e-05,5.29e-08,1.56e-07,"BMI","GW"
"575","cg16163382",-0.000306712,5.6e-05,4.3e-08,1.29e-07,"BMI","GW"
"576","cg16246545",-0.000842748,0.000149025,1.56e-08,5.09e-08,"BMI","GW"
"577","cg16305292",0.000464736,7.58e-05,8.91e-10,4.4e-09,"BMI","GW"
"578","cg16395997",0.000636107,0.000100799,2.78e-10,1.63e-09,"BMI","GW"
"579","cg16407699",0.000773026,0.000121189,1.79e-10,1.12e-09,"BMI","GW"
"580","cg16618104",-0.000470738,8.81e-05,9.21e-08,2.51e-07,"BMI","GW"
"581","cg16655795",0.000517301,7.3e-05,1.35e-12,1.66e-11,"BMI","GW"
"582","cg16755922",0.000683278,0.000123452,3.12e-08,9.6e-08,"BMI","GW"
"583","cg16815882",0.000539632,6.97e-05,9.83e-15,2.09e-13,"BMI","GW"
"584","cg16936953",-0.001148999,0.000163493,2.1e-12,2.37e-11,"BMI","GW"
"585","cg17058475",-0.000656733,7.21e-05,8.23e-20,5.43e-18,"BMI","GW"
"586","cg17113968",0.000432264,6.63e-05,7.1e-11,5.03e-10,"BMI","GW"
"587","cg17137186",-0.000328804,4.79e-05,6.94e-12,6.74e-11,"BMI","GW"
"588","cg17178175",-0.000650354,0.000103629,3.48e-10,1.98e-09,"BMI","GW"
"589","cg17214023",-0.000592066,8.95e-05,3.78e-11,2.91e-10,"BMI","GW"
"590","cg17260706",-0.000555263,7.44e-05,8.53e-14,1.43e-12,"BMI","GW"
"591","cg17287155",0.000440279,6.47e-05,1.04e-11,9.42e-11,"BMI","GW"
"592","cg17429236",0.00058849,8.36e-05,1.91e-12,2.2e-11,"BMI","GW"
"593","cg17501210",-0.001760659,0.000148232,1.55e-32,4.84e-30,"BMI","GW"
"594","cg17526229",0.00049533,8.37e-05,3.23e-09,1.32e-08,"BMI","GW"
"595","cg17680767",-0.00062882,9.38e-05,2.05e-11,1.66e-10,"BMI","GW"
"596","cg17820878",0.000420069,5.72e-05,2.17e-13,3.2e-12,"BMI","GW"
"597","cg17822325",0.0009949,0.000136712,3.41e-13,4.8e-12,"BMI","GW"
"598","cg17836612",0.000586304,9.66e-05,1.29e-09,6.1e-09,"BMI","GW"
"599","cg17894755",0.000439466,8.22e-05,8.85e-08,2.44e-07,"BMI","GW"
"600","cg17901584",-0.001230891,0.000118883,4.02e-25,8.4e-23,"BMI","GW"
"601","cg17939040",0.000374635,6.59e-05,1.29e-08,4.34e-08,"BMI","GW"
"602","cg18030453",0.000507397,7.23e-05,2.31e-12,2.58e-11,"BMI","GW"
"603","cg18087306",0.000583009,8.63e-05,1.39e-11,1.21e-10,"BMI","GW"
"604","cg18119407",-0.000488649,8.45e-05,7.33e-09,2.65e-08,"BMI","GW"
"605","cg18120259",-0.000575332,8.98e-05,1.5e-10,9.67e-10,"BMI","GW"
"606","cg18181703",-0.001293723,0.000129869,2.24e-23,2.81e-21,"BMI","GW"
"607","cg18194850",0.000727239,9.77e-05,9.56e-14,1.58e-12,"BMI","GW"
"608","cg18217136",0.000346215,6.39e-05,6.03e-08,1.75e-07,"BMI","GW"
"609","cg18222865",0.000536427,8.69e-05,6.73e-10,3.44e-09,"BMI","GW"
"610","cg18369990",-0.000604594,9.81e-05,7.23e-10,3.67e-09,"BMI","GW"
"611","cg18513344",-0.000510633,8.72e-05,4.76e-09,1.87e-08,"BMI","GW"
"612","cg18520851",0.000651564,0.000121008,7.27e-08,2.07e-07,"BMI","GW"
"613","cg18608055",-0.001002572,0.00010555,2.13e-21,1.78e-19,"BMI","GW"
"614","cg18729298",0.000444784,7.92e-05,1.98e-08,6.34e-08,"BMI","GW"
"615","cg18876826",0.000704173,0.000107668,6.14e-11,4.4e-10,"BMI","GW"
"616","cg19016694",-0.000676183,9.88e-05,7.81e-12,7.36e-11,"BMI","GW"
"617","cg19090861",0.000397063,7.19e-05,3.4e-08,1.05e-07,"BMI","GW"
"618","cg19352726",0.000434168,7.77e-05,2.31e-08,7.29e-08,"BMI","GW"
"619","cg19413066",-0.000568718,9.59e-05,3.05e-09,1.26e-08,"BMI","GW"
"620","cg19501902",0.000662416,0.000114317,6.85e-09,2.51e-08,"BMI","GW"
"621","cg19566658",0.000580074,9.59e-05,1.44e-09,6.63e-09,"BMI","GW"
"622","cg19589396",-0.000828213,0.000127617,8.59e-11,5.92e-10,"BMI","GW"
"623","cg19695507",0.000676765,9.91e-05,8.59e-12,7.98e-11,"BMI","GW"
"624","cg19750657",0.001170028,0.000116183,7.45e-24,1.34e-21,"BMI","GW"
"625","cg19851291",0.000337387,5.71e-05,3.42e-09,1.39e-08,"BMI","GW"
"626","cg19881557",0.000592205,9.21e-05,1.27e-10,8.46e-10,"BMI","GW"
"627","cg19979108",-0.000545754,9.64e-05,1.5e-08,4.93e-08,"BMI","GW"
"628","cg20117103",0.000557915,9.22e-05,1.42e-09,6.53e-09,"BMI","GW"
"629","cg20360704",0.000339651,5.36e-05,2.37e-10,1.4e-09,"BMI","GW"
"630","cg20445774",0.000380844,6.59e-05,7.4e-09,2.66e-08,"BMI","GW"
"631","cg20494738",0.000400699,7.12e-05,1.83e-08,5.89e-08,"BMI","GW"
"632","cg20520115",0.000438465,8.15e-05,7.56e-08,2.14e-07,"BMI","GW"
"633","cg20690125",0.000371673,6.85e-05,5.69e-08,1.67e-07,"BMI","GW"
"634","cg20722088",0.000736015,9.29e-05,2.33e-15,5.94e-14,"BMI","GW"
"635","cg20782117",-0.000624545,9.78e-05,1.71e-10,1.08e-09,"BMI","GW"
"636","cg20871826",0.000526418,7e-05,5.53e-14,9.64e-13,"BMI","GW"
"637","cg21139312",0.000351779,4.97e-05,1.43e-12,1.74e-11,"BMI","GW"
"638","cg21161394",0.000467661,8.8e-05,1.09e-07,2.91e-07,"BMI","GW"
"639","cg21163717",-0.000451029,7.21e-05,3.9e-10,2.19e-09,"BMI","GW"
"640","cg21190595",-0.00053612,8.77e-05,9.65e-10,4.73e-09,"BMI","GW"
"641","cg21232015",0.000395087,6.79e-05,6.06e-09,2.29e-08,"BMI","GW"
"642","cg21429551",-0.001114782,0.000208606,9.09e-08,2.48e-07,"BMI","GW"
"643","cg21486834",0.000418742,6.74e-05,5.23e-10,2.83e-09,"BMI","GW"
"644","cg21585138",-0.00054136,0.000100153,6.47e-08,1.86e-07,"BMI","GW"
"645","cg21587837",0.000463908,7.5e-05,6.3e-10,3.31e-09,"BMI","GW"
"646","cg21650866",0.000719038,0.000131805,4.89e-08,1.45e-07,"BMI","GW"
"647","cg21766592",-0.000469448,7.53e-05,4.61e-10,2.52e-09,"BMI","GW"
"648","cg21867733",0.000816977,0.000126362,1.01e-10,6.92e-10,"BMI","GW"
"649","cg21946195",-0.000644424,9.66e-05,2.55e-11,2.01e-10,"BMI","GW"
"650","cg21975834",0.000577459,0.000106535,5.95e-08,1.73e-07,"BMI","GW"
"651","cg22068629",0.000531558,8.9e-05,2.36e-09,1e-08,"BMI","GW"
"652","cg22103219",-0.000733804,0.000121017,1.33e-09,6.25e-09,"BMI","GW"
"653","cg22143698",0.00056741,8.94e-05,2.22e-10,1.34e-09,"BMI","GW"
"654","cg22185977",0.00078804,0.000121347,8.35e-11,5.79e-10,"BMI","GW"
"655","cg22534374",-0.000869847,0.000117499,1.33e-13,2.11e-12,"BMI","GW"
"656","cg22590032",0.000411988,6.33e-05,7.71e-11,5.4e-10,"BMI","GW"
"657","cg22635096",0.000570556,8.49e-05,1.77e-11,1.49e-10,"BMI","GW"
"658","cg23032421",-0.000692478,0.000102198,1.24e-11,1.1e-10,"BMI","GW"
"659","cg23095383",-0.00046809,8.65e-05,6.24e-08,1.8e-07,"BMI","GW"
"660","cg23232188",0.000591076,8.8e-05,1.88e-11,1.55e-10,"BMI","GW"
"661","cg23371680",-0.000618926,9.23e-05,2.05e-11,1.66e-10,"BMI","GW"
"662","cg23698124",0.00057309,7.29e-05,3.79e-15,9.31e-14,"BMI","GW"
"663","cg23866916",-0.000507014,6.31e-05,9.02e-16,2.76e-14,"BMI","GW"
"664","cg23998749",0.00051293,8.35e-05,8.02e-10,4.01e-09,"BMI","GW"
"665","cg24178676",0.000274356,4.95e-05,3.06e-08,9.47e-08,"BMI","GW"
"666","cg24198941",0.00051502,8.55e-05,1.69e-09,7.52e-09,"BMI","GW"
"667","cg24531955",-0.000664234,9.53e-05,3.24e-12,3.5e-11,"BMI","GW"
"668","cg24678869",0.000412506,6.78e-05,1.19e-09,5.7e-09,"BMI","GW"
"669","cg24679890",0.00052597,8.74e-05,1.76e-09,7.77e-09,"BMI","GW"
"670","cg24776142",0.000546329,9.41e-05,6.43e-09,2.4e-08,"BMI","GW"
"671","cg24900983",0.000431998,7.67e-05,1.78e-08,5.75e-08,"BMI","GW"
"672","cg24968721",0.000526303,8.04e-05,5.93e-11,4.34e-10,"BMI","GW"
"673","cg25001190",-0.000835999,0.0001156,4.77e-13,6.5e-12,"BMI","GW"
"674","cg25130381",0.000654088,7.72e-05,2.43e-17,9.54e-16,"BMI","GW"
"675","cg25158622",0.000343536,6.06e-05,1.48e-08,4.86e-08,"BMI","GW"
"676","cg25178683",0.00098693,0.000130046,3.22e-14,5.94e-13,"BMI","GW"
"677","cg25197194",-0.000869352,0.000128251,1.21e-11,1.09e-10,"BMI","GW"
"678","cg25217710",0.000589803,8.32e-05,1.33e-12,1.66e-11,"BMI","GW"
"679","cg25230327",-0.000651761,0.000118765,4.07e-08,1.23e-07,"BMI","GW"
"680","cg25250013",-0.00057354,9.24e-05,5.5e-10,2.96e-09,"BMI","GW"
"681","cg25392060",0.000641195,9.09e-05,1.75e-12,2.07e-11,"BMI","GW"
"682","cg25564535",-0.000436874,7.21e-05,1.36e-09,6.34e-09,"BMI","GW"
"683","cg25667998",0.00034046,5.95e-05,1.05e-08,3.63e-08,"BMI","GW"
"684","cg25817701",0.000691433,0.000101977,1.2e-11,1.08e-10,"BMI","GW"
"685","cg25921813",0.000402715,6.65e-05,1.36e-09,6.34e-09,"BMI","GW"
"686","cg26034658",0.000396086,6.37e-05,4.9e-10,2.67e-09,"BMI","GW"
"687","cg26118045",0.000628232,9.88e-05,2.07e-10,1.26e-09,"BMI","GW"
"688","cg26354221",0.00027928,4.68e-05,2.32e-09,9.93e-09,"BMI","GW"
"689","cg26396492",0.000516635,8.8e-05,4.41e-09,1.74e-08,"BMI","GW"
"690","cg26399994",-0.000477409,8.05e-05,3.07e-09,1.27e-08,"BMI","GW"
"691","cg26403843",0.001147485,0.000167939,8.33e-12,7.8e-11,"BMI","GW"
"692","cg26405097",0.000652132,8.72e-05,7.49e-14,1.29e-12,"BMI","GW"
"693","cg26446803",0.000521349,8.55e-05,1.07e-09,5.2e-09,"BMI","GW"
"694","cg26470501",-0.000744651,0.000107191,3.73e-12,3.9e-11,"BMI","GW"
"695","cg26542660",-0.000467827,5.99e-05,5.87e-15,1.36e-13,"BMI","GW"
"696","cg26610247",0.00068081,9.11e-05,7.69e-14,1.3e-12,"BMI","GW"
"697","cg26663590",0.00089617,0.000101046,7.39e-19,3.86e-17,"BMI","GW"
"698","cg26705724",0.000423475,6.68e-05,2.31e-10,1.37e-09,"BMI","GW"
"699","cg26712428",0.000788566,0.000102704,1.61e-14,3.32e-13,"BMI","GW"
"700","cg26800893",-0.000220914,3.89e-05,1.33e-08,4.44e-08,"BMI","GW"
"701","cg26836479",-0.000354354,5.27e-05,1.8e-11,1.5e-10,"BMI","GW"
"702","cg26950531",-0.001074925,0.00015547,4.71e-12,4.84e-11,"BMI","GW"
"703","cg26955383",0.000850859,9.79e-05,3.52e-18,1.58e-16,"BMI","GW"
"704","cg27061485",-0.000485091,8.09e-05,2e-09,8.72e-09,"BMI","GW"
"705","cg27087650",-0.000476947,8.66e-05,3.7e-08,1.13e-07,"BMI","GW"
"706","cg27184903",0.000551352,9.48e-05,5.96e-09,2.27e-08,"BMI","GW"
"707","cg27232482",-0.000512678,9.03e-05,1.36e-08,4.51e-08,"BMI","GW"
"708","cg27243685",0.000567415,6.26e-05,1.31e-19,7.9e-18,"BMI","GW"
"709","cg27262054",0.000618986,0.000111238,2.63e-08,8.22e-08,"BMI","GW"
"710","cg27269962",0.000404061,6.98e-05,7.23e-09,2.63e-08,"BMI","GW"
"711","cg27275941",-0.000695284,0.000112634,6.7e-10,3.44e-09,"BMI","GW"
"712","cg27312979",-0.001173319,0.000190868,7.88e-10,3.95e-09,"BMI","GW"
"713","cg27540367",-0.000413569,6.5e-05,2e-10,1.23e-09,"BMI","GW"
"714","cg27571769",0.000476981,7.34e-05,8.15e-11,5.68e-10,"BMI","GW"
"715","cg27637521",-0.000252503,4.25e-05,2.77e-09,1.16e-08,"BMI","GW"
"716","cg05575921",-0.0016,2e-04,2.17e-15,NA,"coffee","GW"
"717","cg25648203",-0.001,1e-04,7.31e-14,NA,"coffee","GW"
"718","cg03636183",-0.0014,2e-04,1.15e-12,NA,"coffee","GW"
"719","cg15928106",0.0015,3e-04,1.59e-08,NA,"coffee","GW"
"720","cg11550064",7e-04,1e-04,2.11e-08,NA,"coffee","GW"
"721","cg09935388",-0.0012,2e-04,2.32e-08,NA,"coffee","GW"
"722","cg20228731",0.0015,3e-04,3.87e-08,NA,"coffee","GW"
"723","cg06126421",-0.0011,2e-04,4.5e-08,NA,"coffee","GW"
"724","cg14476101",0.0011,2e-04,4.71e-08,NA,"coffee","GW"
"725","cg23916896",-0.0013,2e-04,4.76e-08,NA,"coffee","GW"
"726","cg08004045",0.008081489,0.001251087,1.05e-10,7.93e-05,"dicamba","GW"
"727","cg14830371",-0.006383357,0.0010583,1.62e-09,0.00061284,"dicamba","GW"
"728","cg23238147",-0.005728514,0.001023271,2.17e-08,0.0054531,"dicamba","GW"
"729","cg05575921",0.038,0.004,4.26e-20,NA,"education","GW"
"730","cg21566642",0.028,0.004,1.95e-14,NA,"education","GW"
"731","cg05951221",0.022,0.003,2.37e-13,NA,"education","GW"
"732","cg23126342",-0.029,0.004,3.78e-13,NA,"education","GW"
"733","cg23916896",0.023,0.003,1.26e-11,NA,"education","GW"
"734","cg04180046",-0.019,0.003,9.35e-09,NA,"education","GW"
"735","cg22132788",-0.022,0.004,1.92e-08,NA,"education","GW"
"736","cg06126421",0.017,0.003,4.42e-08,NA,"education","GW"
"737","cg01899089",0.011,0.002,5.12e-08,NA,"education","GW"
"738","cg19089201",-0.019,0.004,7.28e-08,NA,"education","GW"
"739","cg11902777",0.007,0.001,7.55e-08,NA,"education","GW"
"740","cg02610360",-0.018,0.003,9.58e-08,NA,"education","GW"
"741","cg10874644",-0.015,0.003,1.11e-07,NA,"education","GW"
"742","cg16310513",0.025515429,0.004734661,7.08e-08,0.017835156,"HEPTACHLOR","GW"
"743","cg18284070",-0.000370667,6.5e-05,1.19e-08,0.009025222,"HEPTACHLOR","GW"
"744","cg18181703",0.0035,6e-04,3.5e-10,NA,"MDS","GW"
"745","cg08732950",-0.0027,5e-04,2.8e-08,NA,"MDS","GW"
"746","cg05951221",0.0048,9e-04,3.2e-08,NA,"MDS","GW"
"747","cg01625222",0.007860067,0.001479917,1.09e-07,0.005894382,"MESOTRIONE","GW"
"748","cg01919701",0.050542489,0.008848954,1.12e-08,0.002362234,"MESOTRIONE","GW"
"749","cg16258223",0.0542101,0.009898977,4.34e-08,0.003685684,"MESOTRIONE","GW"
"750","cg18025430",-0.011166706,0.001910164,5.04e-09,0.002362234,"MESOTRIONE","GW"
"751","cg21270074",-0.000581613,0.000104364,2.5e-08,0.003685684,"MESOTRIONE","GW"
"752","cg22053500",-0.001776731,0.000312109,1.25e-08,0.002362234,"MESOTRIONE","GW"
"753","cg18085807",-0.001620583,0.000290797,2.51e-08,0.00630931,"METOLACHLOR","GW"
"754","cg20390515",-0.001699639,0.000295731,9.07e-09,0.003426533,"METOLACHLOR","GW"
"755","cg06500161",0.0116,NA,3.093e-12,4.377e-09,"Obesity","GW"
"756","cg21739530",-0.0049,NA,3.808e-11,3.7e-08,"Obesity","GW"
"757","cg04498624",-0.0139,NA,3e-09,1.331e-06,"Obesity","GW"
"758","cg20655350",0.009,NA,4.345e-08,1.113e-05,"Obesity","GW"
"759","cg26207239",0.038943086,0.006015241,1.96e-10,7.7e-05,"PCB","GW"
"760","cg01607258",0.043810699,0.007265795,2.84e-09,0.000324412,"PCB","GW"
"761","cg14585892",0.040427418,0.006702617,2.81e-09,0.000324412,"PCB","GW"
"762","cg16716035",-0.081003459,0.013861334,8.29e-09,0.000725429,"PCB","GW"
"763","cg09551072",0.047269541,0.008181961,1.21e-08,0.000951656,"PCB","GW"
"764","cg23660678",-0.08930883,0.015549592,1.46e-08,0.000955593,"PCB","GW"
"765","cg16770948",-0.066501408,0.011703531,2.06e-08,0.000955593,"PCB","GW"
"766","cg13041595",-0.08825262,0.015387829,1.53e-08,0.000955593,"PCB","GW"
"767","cg05194114",-0.029684467,0.005329517,3.82e-08,0.001583564,"PCB","GW"
"768","cg00179576",0.036529525,0.006623187,5.14e-08,0.001758872,"PCB","GW"
"769","cg17955195",-0.061952803,0.011375055,7.45e-08,0.001893038,"PCB","GW"
"770","cg26327984",0.086203332,0.015875847,8.14e-08,0.001893038,"PCB","GW"
"771","cg09266144",0.04542476,0.008331076,7.21e-08,0.001893038,"PCB","GW"
"772","cg05516537",-0.059397461,0.010957945,8.56e-08,0.001925488,"PCB","GW"
"773","cg10325497",0.032453522,0.006004542,9.3e-08,0.001934919,"PCB","GW"
"774","cg11210357",0.046903575,0.00869469,9.83e-08,0.001934919,"PCB","GW"
"775","cg02034311",-0.05649302,0.010483618,7.1e-08,0.006702236,"PICLORAM","GW"
"776","cg04815626",-0.001430003,0.000252272,1.44e-08,0.002176649,"PICLORAM","GW"
"777","cg06216309",0.029065681,0.004263475,9.27e-12,7.01e-06,"PICLORAM","GW"
"778","cg09671989",0.006498695,0.001122921,7.15e-09,0.001801133,"PICLORAM","GW"
"779","cg16188532",-0.001204006,0.000221893,5.76e-08,0.006507302,"PICLORAM","GW"
"780","cg21760990",0.029403317,0.00515694,1.19e-08,0.002176649,"PICLORAM","GW"
"781","cg16145216",0.0298,0.002,6.7e-48,3.3e-42,"smoking","GW"
"782","cg19406367",0.0175,0.0013,7e-44,1.7e-38,"smoking","GW"
"783","cg05603985",-0.0122,9e-04,1.8e-43,2.8e-38,"smoking","GW"
"784","cg14099685",-0.0124,9e-04,1.5e-42,1.8e-37,"smoking","GW"
"785","cg01097768",-0.0166,0.0013,6.8e-35,4.7e-30,"smoking","GW"
"786","cg07954423",-0.0134,0.0011,1.2e-34,6.3e-30,"smoking","GW"
"787","cg01083131",-0.0155,0.0013,3.7e-34,1.6e-29,"smoking","GW"
"788","cg06121808",-0.0143,0.0012,2.1e-32,7.9e-28,"smoking","GW"
"789","cg10062919",-0.0128,0.0011,9.2e-32,3.2e-27,"smoking","GW"
"790","cg20066188",-0.0252,0.0022,1.6e-31,5.2e-27,"smoking","GW"
"791","cg04551776",-0.0244,0.0021,5.8e-31,1.8e-26,"smoking","GW"
"792","cg11152412",-0.0077,7e-04,1.8e-30,5e-26,"smoking","GW"
"793","cg11902777",-0.0201,0.0018,9.1e-30,2.3e-25,"smoking","GW"
"794","cg25212453",-0.0101,9e-04,1.4e-29,3.5e-25,"smoking","GW"
"795","cg04956244",0.0122,0.0011,1.5e-29,3.5e-25,"smoking","GW"
"796","cg13951797",-0.0153,0.0014,1.6e-29,3.5e-25,"smoking","GW"
"797","cg11028075",0.0175,0.0016,1.7e-29,3.6e-25,"smoking","GW"
"798","cg11700584",-0.0151,0.0013,3.4e-29,6.8e-25,"smoking","GW"
"799","cg22417733",-0.0171,0.0015,1.5e-28,2.7e-24,"smoking","GW"
"800","cg26764244",-0.0316,0.0029,1.8e-28,3e-24,"smoking","GW"
"801","cg26077378",-0.0178,0.0016,3.6e-28,5.8e-24,"smoking","GW"
"802","cg05951221",-0.0966,0.009,4.3e-27,6.8e-23,"smoking","GW"
"803","cg22407942",-0.0183,0.0017,6.8e-27,1e-22,"smoking","GW"
"804","cg01442064",-0.0128,0.0012,1.6e-26,2.3e-22,"smoking","GW"
"805","cg25197194",0.0203,0.0019,1.7e-26,2.4e-22,"smoking","GW"
"806","cg05575921",-0.1803,0.0171,4.5e-26,6.1e-22,"smoking","GW"
"807","cg08118908",0.0053,5e-04,5.4e-26,7.1e-22,"smoking","GW"
"808","cg10814005",-0.0159,0.0015,6e-26,7.7e-22,"smoking","GW"
"809","cg25421530",0.0128,0.0012,1.5e-25,1.8e-21,"smoking","GW"
"810","cg14003265",-0.0106,0.001,3.2e-25,3.7e-21,"smoking","GW"
"811","cg10919522",-0.0186,0.0018,4e-25,4.4e-21,"smoking","GW"
"812","cg11660018",-0.0391,0.0038,4.1e-25,4.4e-21,"smoking","GW"
"813","cg21566642",-0.1257,0.0121,4.2e-25,4.5e-21,"smoking","GW"
"814","cg25949550",-0.0199,0.0019,9e-25,9.3e-21,"smoking","GW"
"815","cg17025683",-0.0118,0.0012,1.1e-24,1.1e-20,"smoking","GW"
"816","cg02583484",-0.026,0.0025,1.8e-24,1.7e-20,"smoking","GW"
"817","cg09735822",0.01,0.001,2.6e-24,2.5e-20,"smoking","GW"
"818","cg02556393",-0.0162,0.0016,2.8e-24,2.6e-20,"smoking","GW"
"819","cg02637282",0.0124,0.0012,6e-24,5.4e-20,"smoking","GW"
"820","cg03440944",-0.015,0.0015,1.9e-23,1.6e-19,"smoking","GW"
"821","cg01218206",-0.015,0.0015,3.1e-23,2.5e-19,"smoking","GW"
"822","cg16151960",-0.0125,0.0013,4.1e-23,3.3e-19,"smoking","GW"
"823","cg00930606",-0.0105,0.0011,6.5e-23,5.2e-19,"smoking","GW"
"824","cg04761231",-0.01,0.001,7e-23,5.5e-19,"smoking","GW"
"825","cg01971407",-0.0152,0.0015,7.8e-23,6e-19,"smoking","GW"
"826","cg04987734",0.0149,0.0015,9e-23,6.8e-19,"smoking","GW"
"827","cg12803068",0.0632,0.0064,9.1e-23,6.8e-19,"smoking","GW"
"828","cg16295156",-0.0094,0.001,1.1e-22,8.1e-19,"smoking","GW"
"829","cg05329352",-0.0286,0.0029,2.2e-22,1.6e-18,"smoking","GW"
"830","cg27118035",0.0136,0.0014,2.4e-22,1.7e-18,"smoking","GW"
"831","cg03140521",-0.0151,0.0016,2.8e-22,1.9e-18,"smoking","GW"
"832","cg17214023",-0.0103,0.0011,3e-22,2e-18,"smoking","GW"
"833","cg00300637",0.0128,0.0013,3.8e-22,2.6e-18,"smoking","GW"
"834","cg25809905",0.0233,0.0024,4.5e-22,2.9e-18,"smoking","GW"
"835","cg16794579",-0.0147,0.0015,5.1e-22,3.3e-18,"smoking","GW"
"836","cg25189904",-0.0768,0.008,5.2e-22,3.3e-18,"smoking","GW"
"837","cg01937809",-0.016,0.0017,5.4e-22,3.4e-18,"smoking","GW"
"838","cg11927233",-0.017,0.0018,8.4e-22,5.1e-18,"smoking","GW"
"839","cg20902353",-0.0105,0.0011,1.4e-21,7.9e-18,"smoking","GW"
"840","cg08709672",-0.0227,0.0024,1.5e-21,8.8e-18,"smoking","GW"
"841","cg27627381",-0.0063,7e-04,2e-21,1.1e-17,"smoking","GW"
"842","cg18450254",0.012,0.0013,2.3e-21,1.3e-17,"smoking","GW"
"843","cg06753787",0.0063,7e-04,3.2e-21,1.8e-17,"smoking","GW"
"844","cg14183922",-0.0094,0.001,5e-21,2.7e-17,"smoking","GW"
"845","cg07029024",0.0129,0.0014,5.5e-21,2.9e-17,"smoking","GW"
"846","cg21990700",-0.0151,0.0016,7.5e-21,3.9e-17,"smoking","GW"
"847","cg26257411",-0.0065,7e-04,8.4e-21,4.3e-17,"smoking","GW"
"848","cg19093370",0.0198,0.0021,8.7e-21,4.4e-17,"smoking","GW"
"849","cg03636183",-0.0953,0.0102,1.1e-20,5.7e-17,"smoking","GW"
"850","cg19859270",-0.023,0.0025,1.3e-20,6.3e-17,"smoking","GW"
"851","cg14550518",-0.0079,8e-04,1.3e-20,6.6e-17,"smoking","GW"
"852","cg01439566",0.0071,8e-04,1.7e-20,8.1e-17,"smoking","GW"
"853","cg06126421",-0.0973,0.0105,1.7e-20,8.3e-17,"smoking","GW"
"854","cg06951627",-0.0155,0.0017,1.7e-20,8.3e-17,"smoking","GW"
"855","cg22052143",0.0107,0.0012,1.9e-20,8.9e-17,"smoking","GW"
"856","cg09182189",-0.0104,0.0011,2e-20,9.2e-17,"smoking","GW"
"857","cg18369990",0.0116,0.0013,2.3e-20,1.1e-16,"smoking","GW"
"858","cg25593631",-0.015,0.0016,2.4e-20,1.1e-16,"smoking","GW"
"859","cg03980408",-0.0094,0.001,2.7e-20,1.2e-16,"smoking","GW"
"860","cg24578857",0.02,0.0022,3.1e-20,1.4e-16,"smoking","GW"
"861","cg26477856",-0.0096,0.001,3.2e-20,1.4e-16,"smoking","GW"
"862","cg16776035",0.0086,9e-04,3.6e-20,1.6e-16,"smoking","GW"
"863","cg24399529",0.013,0.0014,3.6e-20,1.6e-16,"smoking","GW"
"864","cg15228441",-0.0138,0.0015,3.8e-20,1.6e-16,"smoking","GW"
"865","cg26361535",-0.0382,0.0042,4.2e-20,1.8e-16,"smoking","GW"
"866","cg11390978",-0.0092,0.001,4.5e-20,1.9e-16,"smoking","GW"
"867","cg05593667",-0.012,0.0013,5.5e-20,2.3e-16,"smoking","GW"
"868","cg23916896",-0.0588,0.0064,6.3e-20,2.6e-16,"smoking","GW"
"869","cg20408402",0.0085,9e-04,7.6e-20,3.1e-16,"smoking","GW"
"870","cg27537125",-0.019,0.0021,1.4e-19,5.5e-16,"smoking","GW"
"871","cg13910681",-0.0082,9e-04,1.7e-19,6.9e-16,"smoking","GW"
"872","cg04673446",0.006,7e-04,2e-19,8e-16,"smoking","GW"
"873","cg05284742",-0.0271,0.003,2.1e-19,8.3e-16,"smoking","GW"
"874","cg06803614",-0.0088,0.001,2.1e-19,8.3e-16,"smoking","GW"
"875","cg22441770",-0.0159,0.0018,2.1e-19,8.3e-16,"smoking","GW"
"876","cg25625514",-0.0124,0.0014,2.2e-19,8.5e-16,"smoking","GW"
"877","cg03329539",-0.0434,0.0048,2.5e-19,9.7e-16,"smoking","GW"
"878","cg23351584",-0.0106,0.0012,2.6e-19,1e-15,"smoking","GW"
"879","cg16274678",-0.0152,0.0017,2.9e-19,1.1e-15,"smoking","GW"
"880","cg21439672",-0.0153,0.0017,3.3e-19,1.2e-15,"smoking","GW"
"881","cg07286341",-0.0077,9e-04,3.4e-19,1.3e-15,"smoking","GW"
"882","cg20059928",-0.0293,0.0033,3.5e-19,1.3e-15,"smoking","GW"
"883","cg20674424",-0.0091,0.001,4.2e-19,1.5e-15,"smoking","GW"
"884","cg22571654",0.0097,0.0011,4.7e-19,1.7e-15,"smoking","GW"
"885","cg02279625",0.0105,0.0012,4.8e-19,1.7e-15,"smoking","GW"
"886","cg03485667",-0.0168,0.0019,5e-19,1.8e-15,"smoking","GW"
"887","cg14656441",0.0162,0.0018,5.7e-19,2e-15,"smoking","GW"
"888","cg10750182",-0.0188,0.0021,6.2e-19,2.2e-15,"smoking","GW"
"889","cg07712198",0.0108,0.0012,6.5e-19,2.2e-15,"smoking","GW"
"890","cg23198793",0.017,0.0019,6.6e-19,2.3e-15,"smoking","GW"
"891","cg03051880",0.0107,0.0012,6.8e-19,2.3e-15,"smoking","GW"
"892","cg02660097",0.0247,0.0028,7e-19,2.4e-15,"smoking","GW"
"893","cg03531211",-0.0108,0.0012,7.5e-19,2.5e-15,"smoking","GW"
"894","cg21733098",-0.0341,0.0039,7.9e-19,2.7e-15,"smoking","GW"
"895","cg22132788",0.0463,0.0052,8.1e-19,2.7e-15,"smoking","GW"
"896","cg10955164",-0.0079,9e-04,8.6e-19,2.8e-15,"smoking","GW"
"897","cg11554391",-0.0234,0.0026,9.8e-19,3.2e-15,"smoking","GW"
"898","cg09940677",0.0081,9e-04,1e-18,3.2e-15,"smoking","GW"
"899","cg24049050",-0.0102,0.0012,1e-18,3.2e-15,"smoking","GW"
"900","cg14624207",-0.0212,0.0024,1e-18,3.2e-15,"smoking","GW"
"901","cg08763102",-0.0124,0.0014,1.2e-18,3.8e-15,"smoking","GW"
"902","cg12303084",-0.0171,0.0019,1.4e-18,4.2e-15,"smoking","GW"
"903","cg23161492",-0.0403,0.0046,1.4e-18,4.5e-15,"smoking","GW"
"904","cg22851200",-0.018,0.0021,1.5e-18,4.5e-15,"smoking","GW"
"905","cg11207515",0.0431,0.0049,1.5e-18,4.7e-15,"smoking","GW"
"906","cg03280235",-0.0087,0.001,1.6e-18,4.9e-15,"smoking","GW"
"907","cg02462416",-0.02,0.0023,1.7e-18,5.1e-15,"smoking","GW"
"908","cg03536711",0.0175,0.002,1.7e-18,5.1e-15,"smoking","GW"
"909","cg00138101",0.0064,7e-04,1.8e-18,5.3e-15,"smoking","GW"
"910","cg02654940",-0.0095,0.0011,1.9e-18,5.7e-15,"smoking","GW"
"911","cg05389935",-0.0074,8e-04,2e-18,5.9e-15,"smoking","GW"
"912","cg00499237",-0.0083,0.001,2.3e-18,6.6e-15,"smoking","GW"
"913","cg14012925",0.0153,0.0018,2.4e-18,6.9e-15,"smoking","GW"
"914","cg14142087",0.0151,0.0017,2.4e-18,7e-15,"smoking","GW"
"915","cg00871610",-0.0221,0.0025,2.6e-18,7.3e-15,"smoking","GW"
"916","cg12806681",-0.0187,0.0021,2.6e-18,7.3e-15,"smoking","GW"
"917","cg08035323",0.0313,0.0036,2.9e-18,8.2e-15,"smoking","GW"
"918","cg08305533",0.0148,0.0017,3.1e-18,8.7e-15,"smoking","GW"
"919","cg13985198",-0.0094,0.0011,3.3e-18,9e-15,"smoking","GW"
"920","cg21322436",-0.0315,0.0036,3.5e-18,9.7e-15,"smoking","GW"
"921","cg04299274",-0.0085,0.001,3.9e-18,1e-14,"smoking","GW"
"922","cg20897136",-0.0101,0.0012,3.9e-18,1e-14,"smoking","GW"
"923","cg24715735",0.0065,7e-04,4e-18,1.1e-14,"smoking","GW"
"924","cg10717312",0.0178,0.0021,4.7e-18,1.3e-14,"smoking","GW"
"925","cg18216249",-0.0076,9e-04,5.3e-18,1.4e-14,"smoking","GW"
"926","cg10691866",-0.0305,0.0035,5.4e-18,1.4e-14,"smoking","GW"
"927","cg04543273",0.0065,8e-04,5.4e-18,1.4e-14,"smoking","GW"
"928","cg26954197",0.0071,8e-04,5.6e-18,1.5e-14,"smoking","GW"
"929","cg24323726",-0.009,0.001,5.7e-18,1.5e-14,"smoking","GW"
"930","cg06901890",-0.0102,0.0012,6.3e-18,1.6e-14,"smoking","GW"
"931","cg23771366",-0.0362,0.0042,7.5e-18,1.9e-14,"smoking","GW"
"932","cg00639656",-0.0084,0.001,7.6e-18,1.9e-14,"smoking","GW"
"933","cg18476604",-0.008,9e-04,7.8e-18,2e-14,"smoking","GW"
"934","cg26126879",0.0103,0.0012,8e-18,2e-14,"smoking","GW"
"935","cg14753356",-0.0378,0.0044,9.2e-18,2.3e-14,"smoking","GW"
"936","cg17924476",0.0335,0.0039,9.3e-18,2.3e-14,"smoking","GW"
"937","cg18451588",-0.0186,0.0022,9.3e-18,2.3e-14,"smoking","GW"
"938","cg27514333",-0.01,0.0012,1e-17,2.5e-14,"smoking","GW"
"939","cg02736016",0.0106,0.0012,1.1e-17,2.8e-14,"smoking","GW"
"940","cg07941108",-0.0132,0.0015,1.2e-17,2.9e-14,"smoking","GW"
"941","cg07057831",-0.0107,0.0013,1.2e-17,3e-14,"smoking","GW"
"942","cg04180046",0.0351,0.0041,1.3e-17,3.1e-14,"smoking","GW"
"943","cg07090714",-0.0185,0.0022,1.4e-17,3.4e-14,"smoking","GW"
"944","cg15342087",-0.0306,0.0036,1.6e-17,3.9e-14,"smoking","GW"
"945","cg20772590",-0.0082,0.001,1.6e-17,3.9e-14,"smoking","GW"
"946","cg19935065",0.0128,0.0015,1.7e-17,4e-14,"smoking","GW"
"947","cg15029032",0.0138,0.0016,1.9e-17,4.4e-14,"smoking","GW"
"948","cg03059073",0.0135,0.0016,2.1e-17,4.7e-14,"smoking","GW"
"949","cg11961495",-0.0149,0.0018,2.1e-17,4.9e-14,"smoking","GW"
"950","cg01022370",-0.0067,8e-04,2.3e-17,5.2e-14,"smoking","GW"
"951","cg05906166",-0.0267,0.0031,2.5e-17,5.6e-14,"smoking","GW"
"952","cg07839313",-0.0096,0.0011,2.7e-17,6e-14,"smoking","GW"
"953","cg23079012",-0.0223,0.0026,2.7e-17,6.1e-14,"smoking","GW"
"954","cg09935388",-0.0832,0.0099,3.1e-17,7e-14,"smoking","GW"
"955","cg05886626",-0.0144,0.0017,3.6e-17,7.9e-14,"smoking","GW"
"956","cg00207731",-0.0124,0.0015,3.6e-17,7.9e-14,"smoking","GW"
"957","cg13038618",-0.0245,0.0029,4e-17,8.9e-14,"smoking","GW"
"958","cg00668559",-0.0103,0.0012,4.3e-17,9.4e-14,"smoking","GW"
"959","cg13855261",-0.0084,0.001,4.3e-17,9.4e-14,"smoking","GW"
"960","cg16254756",-0.011,0.0013,4.5e-17,9.8e-14,"smoking","GW"
"961","cg19046189",0.0078,9e-04,4.7e-17,1e-13,"smoking","GW"
"962","cg16786458",0.0177,0.0021,4.7e-17,1e-13,"smoking","GW"
"963","cg08928675",-0.0153,0.0018,5.3e-17,1.1e-13,"smoking","GW"
"964","cg17287155",-0.0268,0.0032,5.4e-17,1.1e-13,"smoking","GW"
"965","cg04086928",-0.0082,0.001,6e-17,1.3e-13,"smoking","GW"
"966","cg13985437",-0.0143,0.0017,6.3e-17,1.3e-13,"smoking","GW"
"967","cg23606396",0.0107,0.0013,6.7e-17,1.4e-13,"smoking","GW"
"968","cg04232972",-0.0153,0.0018,7e-17,1.5e-13,"smoking","GW"
"969","cg00071265",-0.0091,0.0011,7.5e-17,1.6e-13,"smoking","GW"
"970","cg06635952",0.0213,0.0026,7.6e-17,1.6e-13,"smoking","GW"
"971","cg24049493",0.0464,0.0056,7.8e-17,1.6e-13,"smoking","GW"
"972","cg05273302",-0.0135,0.0016,8.4e-17,1.7e-13,"smoking","GW"
"973","cg26728709",0.0121,0.0015,9.4e-17,1.9e-13,"smoking","GW"
"974","cg07069636",-0.0174,0.0021,1e-16,2e-13,"smoking","GW"
"975","cg16178855",0.0089,0.0011,1.1e-16,2.1e-13,"smoking","GW"
"976","cg06065019",-0.0134,0.0016,1.2e-16,2.4e-13,"smoking","GW"
"977","cg18642234",-0.0167,0.002,1.2e-16,2.5e-13,"smoking","GW"
"978","cg03358636",-0.0217,0.0026,1.3e-16,2.5e-13,"smoking","GW"
"979","cg18132076",0.0092,0.0011,1.4e-16,2.7e-13,"smoking","GW"
"980","cg23067299",0.009,0.0011,1.5e-16,3e-13,"smoking","GW"
"981","cg15937073",0.0286,0.0035,1.6e-16,3.2e-13,"smoking","GW"
"982","cg16526047",-0.0131,0.0016,1.7e-16,3.2e-13,"smoking","GW"
"983","cg23685969",-0.0072,9e-04,1.9e-16,3.7e-13,"smoking","GW"
"984","cg17024919",-0.0351,0.0043,2.1e-16,4e-13,"smoking","GW"
"985","cg09662411",-0.0323,0.0039,2.2e-16,4.3e-13,"smoking","GW"
"986","cg02657160",-0.0158,0.0019,2.4e-16,4.5e-13,"smoking","GW"
"987","cg07807026",0.0067,8e-04,2.6e-16,4.8e-13,"smoking","GW"
"988","cg07924081",0.0072,9e-04,2.6e-16,4.8e-13,"smoking","GW"
"989","cg03991871",-0.0379,0.0046,2.6e-16,4.9e-13,"smoking","GW"
"990","cg16924010",0.0086,0.0011,2.9e-16,5.4e-13,"smoking","GW"
"991","cg01015663",-0.0131,0.0016,3.1e-16,5.8e-13,"smoking","GW"
"992","cg04211179",-0.0104,0.0013,3.2e-16,5.9e-13,"smoking","GW"
"993","cg11105358",0.0065,8e-04,3.3e-16,6.1e-13,"smoking","GW"
"994","cg14371731",0.0291,0.0036,3.5e-16,6.5e-13,"smoking","GW"
"995","cg17372758",-0.0098,0.0012,4e-16,7.3e-13,"smoking","GW"
"996","cg13645530",0.0122,0.0015,4e-16,7.3e-13,"smoking","GW"
"997","cg07626482",-0.0129,0.0016,4.1e-16,7.4e-13,"smoking","GW"
"998","cg26878655",-0.0129,0.0016,4.2e-16,7.7e-13,"smoking","GW"
"999","cg13184736",-0.0424,0.0052,4.3e-16,7.7e-13,"smoking","GW"
"1000","cg10850792",0.0097,0.0012,4.4e-16,7.9e-13,"smoking","GW"
"1001","cg25305703",-0.035,0.0043,5.9e-16,1.1e-12,"smoking","GW"
"1002","cg09540102",-0.0158,0.002,6.5e-16,1.2e-12,"smoking","GW"
"1003","cg12800803",-0.0072,9e-04,6.7e-16,1.2e-12,"smoking","GW"
"1004","cg17098103",0.0082,0.001,7.2e-16,1.3e-12,"smoking","GW"
"1005","cg01692968",-0.033,0.0041,7.4e-16,1.3e-12,"smoking","GW"
"1006","cg06477444",-0.0044,5e-04,7.5e-16,1.3e-12,"smoking","GW"
"1007","cg23127986",0.0063,8e-04,7.7e-16,1.3e-12,"smoking","GW"
"1008","cg15339249",0.0069,9e-04,8e-16,1.4e-12,"smoking","GW"
"1009","cg16357921",0.0061,8e-04,8.1e-16,1.4e-12,"smoking","GW"
"1010","cg05055821",0.006,8e-04,8.8e-16,1.5e-12,"smoking","GW"
"1011","cg24807889",-0.0094,0.0012,8.8e-16,1.5e-12,"smoking","GW"
"1012","cg19804488",-0.0094,0.0012,8.8e-16,1.5e-12,"smoking","GW"
"1013","cg00871371",-0.0095,0.0012,8.8e-16,1.5e-12,"smoking","GW"
"1014","cg07177756",-0.0167,0.0021,9.5e-16,1.6e-12,"smoking","GW"
"1015","cg00442389",-0.0098,0.0012,9.6e-16,1.6e-12,"smoking","GW"
"1016","cg01731783",-0.0144,0.0018,1.1e-15,1.8e-12,"smoking","GW"
"1017","cg14580211",-0.0333,0.0042,1.1e-15,1.8e-12,"smoking","GW"
"1018","cg06096336",-0.0177,0.0022,1.1e-15,1.8e-12,"smoking","GW"
"1019","cg01899089",-0.0316,0.0039,1.1e-15,1.8e-12,"smoking","GW"
"1020","cg25955180",0.0101,0.0013,1.1e-15,1.8e-12,"smoking","GW"
"1021","cg01993576",-0.0078,0.001,1.1e-15,1.9e-12,"smoking","GW"
"1022","cg26599989",0.0125,0.0016,1.2e-15,1.9e-12,"smoking","GW"
"1023","cg06537333",0.005,6e-04,1.3e-15,2e-12,"smoking","GW"
"1024","cg22871253",-0.0109,0.0014,1.3e-15,2.1e-12,"smoking","GW"
"1025","cg11323506",0.0084,0.0011,1.3e-15,2.1e-12,"smoking","GW"
"1026","cg13039251",0.0304,0.0038,1.4e-15,2.2e-12,"smoking","GW"
"1027","cg01293143",-0.0081,0.001,1.4e-15,2.3e-12,"smoking","GW"
"1028","cg12876356",-0.0573,0.0072,1.5e-15,2.4e-12,"smoking","GW"
"1029","cg19089201",0.0312,0.0039,1.6e-15,2.5e-12,"smoking","GW"
"1030","cg23061027",0.0114,0.0014,1.8e-15,2.8e-12,"smoking","GW"
"1031","cg12979844",0.0123,0.0015,1.9e-15,3e-12,"smoking","GW"
"1032","cg10580293",-0.0132,0.0017,2.1e-15,3.3e-12,"smoking","GW"
"1033","cg03274391",0.0727,0.0092,2.2e-15,3.5e-12,"smoking","GW"
"1034","cg18704527",0.0145,0.0018,2.4e-15,3.7e-12,"smoking","GW"
"1035","cg21393163",-0.0136,0.0017,2.4e-15,3.8e-12,"smoking","GW"
"1036","cg00501876",-0.0222,0.0028,2.5e-15,3.9e-12,"smoking","GW"
"1037","cg10858945",0.0077,0.001,2.5e-15,3.9e-12,"smoking","GW"
"1038","cg01744331",-0.0135,0.0017,2.6e-15,4e-12,"smoking","GW"
"1039","cg02186444",0.0151,0.0019,2.6e-15,4.1e-12,"smoking","GW"
"1040","cg00230183",0.0088,0.0011,2.7e-15,4.1e-12,"smoking","GW"
"1041","cg13399816",-0.0213,0.0027,2.8e-15,4.3e-12,"smoking","GW"
"1042","cg26669717",-0.012,0.0015,3e-15,4.6e-12,"smoking","GW"
"1043","cg11624345",-0.0109,0.0014,3.1e-15,4.6e-12,"smoking","GW"
"1044","cg11198596",-0.0137,0.0017,3.1e-15,4.7e-12,"smoking","GW"
"1045","cg11066209",-0.0054,7e-04,3.2e-15,4.8e-12,"smoking","GW"
"1046","cg14841514",-0.0055,7e-04,3.7e-15,5.5e-12,"smoking","GW"
"1047","cg26510500",-0.0025,3e-04,3.7e-15,5.5e-12,"smoking","GW"
"1048","cg07465627",-0.0136,0.0017,3.8e-15,5.6e-12,"smoking","GW"
"1049","cg19375644",0.0069,9e-04,4e-15,6e-12,"smoking","GW"
"1050","cg13543915",-0.0132,0.0017,4.1e-15,6e-12,"smoking","GW"
"1051","cg01268763",-0.0144,0.0018,4.1e-15,6e-12,"smoking","GW"
"1052","cg08058672",-0.0037,5e-04,4.2e-15,6.2e-12,"smoking","GW"
"1053","cg02431562",-0.0064,8e-04,4.5e-15,6.5e-12,"smoking","GW"
"1054","cg26950531",0.0187,0.0024,4.6e-15,6.7e-12,"smoking","GW"
"1055","cg18146737",-0.0519,0.0066,4.8e-15,6.9e-12,"smoking","GW"
"1056","cg18780100",0.0095,0.0012,5.3e-15,7.6e-12,"smoking","GW"
"1057","cg07660627",0.0136,0.0017,5.4e-15,7.8e-12,"smoking","GW"
"1058","cg20295214",-0.0178,0.0023,5.5e-15,7.9e-12,"smoking","GW"
"1059","cg05339037",-0.0143,0.0018,6.1e-15,8.7e-12,"smoking","GW"
"1060","cg23219570",0.013,0.0017,6.3e-15,8.9e-12,"smoking","GW"
"1061","cg09099830",-0.0224,0.0029,6.4e-15,9.1e-12,"smoking","GW"
"1062","cg13185177",0.0233,0.003,6.5e-15,9.1e-12,"smoking","GW"
"1063","cg07413467",0.0127,0.0016,6.9e-15,9.7e-12,"smoking","GW"
"1064","cg09636313",0.0158,0.002,6.9e-15,9.7e-12,"smoking","GW"
"1065","cg14120703",-0.0098,0.0013,7e-15,9.8e-12,"smoking","GW"
"1066","cg20141108",0.0094,0.0012,7.3e-15,1e-11,"smoking","GW"
"1067","cg07992484",-0.0112,0.0014,7.4e-15,1e-11,"smoking","GW"
"1068","cg04944536",0.0101,0.0013,7.4e-15,1e-11,"smoking","GW"
"1069","cg26242531",0.0163,0.0021,7.8e-15,1.1e-11,"smoking","GW"
"1070","cg03292675",-0.0162,0.0021,7.8e-15,1.1e-11,"smoking","GW"
"1071","cg17359265",-0.0063,8e-04,8.9e-15,1.2e-11,"smoking","GW"
"1072","cg14712058",-0.0138,0.0018,9.1e-15,1.2e-11,"smoking","GW"
"1073","cg03785755",-0.014,0.0018,9.4e-15,1.3e-11,"smoking","GW"
"1074","cg01002722",0.0064,8e-04,9.8e-15,1.3e-11,"smoking","GW"
"1075","cg03082813",-0.0044,6e-04,1e-14,1.4e-11,"smoking","GW"
"1076","cg07456681",0.009,0.0012,1.1e-14,1.4e-11,"smoking","GW"
"1077","cg26574777",0.0076,0.001,1.1e-14,1.5e-11,"smoking","GW"
"1078","cg09166091",0.0104,0.0014,1.2e-14,1.6e-11,"smoking","GW"
"1079","cg00468395",-0.0066,9e-04,1.2e-14,1.6e-11,"smoking","GW"
"1080","cg07362537",-0.0114,0.0015,1.2e-14,1.6e-11,"smoking","GW"
"1081","cg21552014",0.0082,0.0011,1.3e-14,1.7e-11,"smoking","GW"
"1082","cg07063068",-0.0085,0.0011,1.3e-14,1.7e-11,"smoking","GW"
"1083","cg25096368",-0.0073,9e-04,1.3e-14,1.7e-11,"smoking","GW"
"1084","cg21747070",-0.0188,0.0024,1.3e-14,1.8e-11,"smoking","GW"
"1085","cg13897348",-0.0098,0.0013,1.4e-14,1.8e-11,"smoking","GW"
"1086","cg20345915",-0.0076,0.001,1.4e-14,1.8e-11,"smoking","GW"
"1087","cg18091264",-0.0106,0.0014,1.4e-14,1.8e-11,"smoking","GW"
"1088","cg15892280",-0.0079,0.001,1.4e-14,1.8e-11,"smoking","GW"
"1089","cg12765567",-0.0064,8e-04,1.4e-14,1.8e-11,"smoking","GW"
"1090","cg09256832",0.0079,0.001,1.4e-14,1.9e-11,"smoking","GW"
"1091","cg23878241",-0.0068,9e-04,1.5e-14,1.9e-11,"smoking","GW"
"1092","cg22158051",0.0062,8e-04,1.5e-14,2e-11,"smoking","GW"
"1093","cg10190813",-0.0115,0.0015,1.6e-14,2e-11,"smoking","GW"
"1094","cg06868100",-0.0232,0.003,1.7e-14,2.2e-11,"smoking","GW"
"1095","cg17084044",-0.0101,0.0013,1.7e-14,2.2e-11,"smoking","GW"
"1096","cg03450842",-0.0259,0.0034,1.9e-14,2.4e-11,"smoking","GW"
"1097","cg27067781",0.0101,0.0013,2e-14,2.5e-11,"smoking","GW"
"1098","cg25648203",-0.0387,0.0051,2.1e-14,2.7e-11,"smoking","GW"
"1099","cg04885881",-0.0424,0.0056,2.2e-14,2.7e-11,"smoking","GW"
"1100","cg22027435",0.008,0.001,2.2e-14,2.7e-11,"smoking","GW"
"1101","cg16391678",-0.0136,0.0018,2.4e-14,3e-11,"smoking","GW"
"1102","cg13828047",-0.0065,9e-04,2.5e-14,3.1e-11,"smoking","GW"
"1103","cg21698310",-0.0082,0.0011,2.5e-14,3.1e-11,"smoking","GW"
"1104","cg03489965",0.0246,0.0032,2.6e-14,3.2e-11,"smoking","GW"
"1105","cg06759309",0.0063,8e-04,2.6e-14,3.3e-11,"smoking","GW"
"1106","cg20069688",-0.007,9e-04,2.8e-14,3.5e-11,"smoking","GW"
"1107","cg01839993",-0.0169,0.0022,2.9e-14,3.6e-11,"smoking","GW"
"1108","cg08266095",-0.0235,0.0031,3e-14,3.7e-11,"smoking","GW"
"1109","cg17690322",-0.0079,0.001,3.1e-14,3.7e-11,"smoking","GW"
"1110","cg02512902",-0.0095,0.0013,3.3e-14,4e-11,"smoking","GW"
"1111","cg01435643",0.0217,0.0029,3.3e-14,4e-11,"smoking","GW"
"1112","cg00295485",-0.0238,0.0031,3.4e-14,4.1e-11,"smoking","GW"
"1113","cg00169122",0.0092,0.0012,3.5e-14,4.2e-11,"smoking","GW"
"1114","cg00010445",0.0062,8e-04,3.7e-14,4.5e-11,"smoking","GW"
"1115","cg04806562",0.008,0.0011,3.8e-14,4.5e-11,"smoking","GW"
"1116","cg10841124",0.0117,0.0016,3.8e-14,4.5e-11,"smoking","GW"
"1117","cg04530628",0.0054,7e-04,3.9e-14,4.6e-11,"smoking","GW"
"1118","cg13867915",0.0038,5e-04,3.9e-14,4.6e-11,"smoking","GW"
"1119","cg05379350",-0.0066,9e-04,4e-14,4.7e-11,"smoking","GW"
"1120","cg02068690",0.0068,9e-04,4.1e-14,4.8e-11,"smoking","GW"
"1121","cg14034325",-0.0167,0.0022,4.3e-14,5e-11,"smoking","GW"
"1122","cg16519923",-0.0159,0.0021,4.4e-14,5.2e-11,"smoking","GW"
"1123","cg11429111",0.0134,0.0018,4.7e-14,5.5e-11,"smoking","GW"
"1124","cg26707709",0.0284,0.0038,5e-14,5.7e-11,"smoking","GW"
"1125","cg12158535",0.006,8e-04,5e-14,5.8e-11,"smoking","GW"
"1126","cg07112604",-0.0079,0.001,5e-14,5.8e-11,"smoking","GW"
"1127","cg08164233",-0.0091,0.0012,5e-14,5.8e-11,"smoking","GW"
"1128","cg04539476",0.0068,9e-04,5.2e-14,5.9e-11,"smoking","GW"
"1129","cg18316974",-0.0374,0.005,5.2e-14,6e-11,"smoking","GW"
"1130","cg04077141",-0.005,7e-04,5.3e-14,6e-11,"smoking","GW"
"1131","cg02338271",-0.0061,8e-04,5.3e-14,6e-11,"smoking","GW"
"1132","cg17232357",-0.0113,0.0015,5.5e-14,6.2e-11,"smoking","GW"
"1133","cg21570209",-0.0207,0.0027,5.6e-14,6.4e-11,"smoking","GW"
"1134","cg15600935",0.0033,4e-04,5.7e-14,6.5e-11,"smoking","GW"
"1135","cg13389508",-0.0081,0.0011,5.8e-14,6.5e-11,"smoking","GW"
"1136","cg05204104",0.0154,0.0021,5.9e-14,6.6e-11,"smoking","GW"
"1137","cg00383167",-0.0083,0.0011,6.3e-14,7.1e-11,"smoking","GW"
"1138","cg05877788",-0.0088,0.0012,6.3e-14,7.1e-11,"smoking","GW"
"1139","cg16516405",0.0088,0.0012,6.5e-14,7.3e-11,"smoking","GW"
"1140","cg00378510",-0.031,0.0041,6.6e-14,7.3e-11,"smoking","GW"
"1141","cg08176694",0.0071,0.001,6.6e-14,7.4e-11,"smoking","GW"
"1142","cg16290996",-0.0198,0.0026,6.7e-14,7.4e-11,"smoking","GW"
"1143","cg19872095",-0.0078,0.001,6.7e-14,7.4e-11,"smoking","GW"
"1144","cg18383890",-0.01,0.0013,6.7e-14,7.4e-11,"smoking","GW"
"1145","cg27102350",0.0058,8e-04,6.9e-14,7.5e-11,"smoking","GW"
"1146","cg09869729",0.0049,7e-04,6.9e-14,7.5e-11,"smoking","GW"
"1147","cg24540678",-0.0128,0.0017,7e-14,7.7e-11,"smoking","GW"
"1148","cg14757228",0.0102,0.0014,7.4e-14,8.1e-11,"smoking","GW"
"1149","cg10202727",-0.0067,9e-04,7.4e-14,8.1e-11,"smoking","GW"
"1150","cg22905866",-0.0122,0.0016,7.6e-14,8.3e-11,"smoking","GW"
"1151","cg24808105",-0.0085,0.0011,7.8e-14,8.4e-11,"smoking","GW"
"1152","cg13561409",0.0114,0.0015,7.8e-14,8.4e-11,"smoking","GW"
"1153","cg08097614",-0.0079,0.0011,8.4e-14,9e-11,"smoking","GW"
"1154","cg19211853",-0.0177,0.0024,8.6e-14,9.2e-11,"smoking","GW"
"1155","cg25503804",-0.0103,0.0014,8.7e-14,9.3e-11,"smoking","GW"
"1156","cg17390562",-0.0068,9e-04,8.8e-14,9.3e-11,"smoking","GW"
"1157","cg13424029",-0.0107,0.0014,9.3e-14,9.9e-11,"smoking","GW"
"1158","cg12616487",-0.0106,0.0014,9.5e-14,1e-10,"smoking","GW"
"1159","cg00214171",-0.0093,0.0012,9.6e-14,1e-10,"smoking","GW"
"1160","cg13668129",-0.0068,9e-04,9.9e-14,1e-10,"smoking","GW"
"1161","cg13003054",-0.0061,8e-04,1e-13,1e-10,"smoking","GW"
"1162","cg08365738",0.0072,0.001,1e-13,1.1e-10,"smoking","GW"
"1163","cg23320649",-0.0061,8e-04,1.1e-13,1.1e-10,"smoking","GW"
"1164","cg09022230",-0.0222,0.003,1.1e-13,1.2e-10,"smoking","GW"
"1165","cg14024579",-0.0109,0.0015,1.1e-13,1.2e-10,"smoking","GW"
"1166","cg11701312",-0.0121,0.0016,1.2e-13,1.2e-10,"smoking","GW"
"1167","cg02611085",0.0049,7e-04,1.2e-13,1.2e-10,"smoking","GW"
"1168","cg04361126",0.006,8e-04,1.3e-13,1.3e-10,"smoking","GW"
"1169","cg14535274",0.0069,9e-04,1.3e-13,1.3e-10,"smoking","GW"
"1170","cg03721291",0.0057,8e-04,1.3e-13,1.3e-10,"smoking","GW"
"1171","cg02162324",0.0061,8e-04,1.3e-13,1.3e-10,"smoking","GW"
"1172","cg05957567",0.011,0.0015,1.3e-13,1.3e-10,"smoking","GW"
"1173","cg01956154",-0.0061,8e-04,1.3e-13,1.4e-10,"smoking","GW"
"1174","cg09975715",0.0063,8e-04,1.4e-13,1.4e-10,"smoking","GW"
"1175","cg10317175",-0.011,0.0015,1.5e-13,1.5e-10,"smoking","GW"
"1176","cg06814287",-0.0073,0.001,1.6e-13,1.6e-10,"smoking","GW"
"1177","cg17139085",-0.0185,0.0025,1.6e-13,1.6e-10,"smoking","GW"
"1178","cg09121543",-0.0076,0.001,1.6e-13,1.6e-10,"smoking","GW"
"1179","cg03554335",0.0103,0.0014,1.6e-13,1.6e-10,"smoking","GW"
"1180","cg04468081",-0.0116,0.0016,1.6e-13,1.6e-10,"smoking","GW"
"1181","cg21307484",-0.0102,0.0014,1.6e-13,1.6e-10,"smoking","GW"
"1182","cg03912703",-0.0126,0.0017,1.7e-13,1.6e-10,"smoking","GW"
"1183","cg20496314",-0.0097,0.0013,1.7e-13,1.6e-10,"smoking","GW"
"1184","cg23140706",-0.0056,8e-04,1.7e-13,1.7e-10,"smoking","GW"
"1185","cg03689048",-0.0043,6e-04,1.8e-13,1.8e-10,"smoking","GW"
"1186","cg01901332",-0.0299,0.0041,1.8e-13,1.8e-10,"smoking","GW"
"1187","cg19696491",0.0196,0.0027,1.9e-13,1.8e-10,"smoking","GW"
"1188","cg06644428",-0.04,0.0054,1.9e-13,1.8e-10,"smoking","GW"
"1189","cg03963219",0.0079,0.0011,1.9e-13,1.8e-10,"smoking","GW"
"1190","cg23842572",0.0156,0.0021,1.9e-13,1.8e-10,"smoking","GW"
"1191","cg15187398",-0.0286,0.0039,1.9e-13,1.9e-10,"smoking","GW"
"1192","cg07094298",-0.0245,0.0033,1.9e-13,1.9e-10,"smoking","GW"
"1193","cg15985905",0.0077,0.001,1.9e-13,1.9e-10,"smoking","GW"
"1194","cg11801110",-0.0093,0.0013,1.9e-13,1.9e-10,"smoking","GW"
"1195","cg10678215",0.0137,0.0019,1.9e-13,1.9e-10,"smoking","GW"
"1196","cg01294327",-0.0404,0.0055,2e-13,1.9e-10,"smoking","GW"
"1197","cg26077811",-0.0081,0.0011,2e-13,1.9e-10,"smoking","GW"
"1198","cg24939196",0.0097,0.0013,2e-13,1.9e-10,"smoking","GW"
"1199","cg19344626",-0.0219,0.003,2.1e-13,2e-10,"smoking","GW"
"1200","cg13087259",-0.0102,0.0014,2.2e-13,2.1e-10,"smoking","GW"
"1201","cg10894991",-0.0062,8e-04,2.3e-13,2.2e-10,"smoking","GW"
"1202","cg13832201",-0.0155,0.0021,2.3e-13,2.2e-10,"smoking","GW"
"1203","cg10788371",-0.0188,0.0026,2.4e-13,2.2e-10,"smoking","GW"
"1204","cg21329975",0.0055,8e-04,2.4e-13,2.2e-10,"smoking","GW"
"1205","cg13809441",0.0114,0.0016,2.4e-13,2.3e-10,"smoking","GW"
"1206","cg15428620",-0.0076,0.001,2.4e-13,2.3e-10,"smoking","GW"
"1207","cg06819357",0.0156,0.0021,2.6e-13,2.4e-10,"smoking","GW"
"1208","cg06193043",0.0168,0.0023,2.6e-13,2.4e-10,"smoking","GW"
"1209","cg02442900",0.0091,0.0012,2.7e-13,2.5e-10,"smoking","GW"
"1210","cg23975840",0.011,0.0015,2.9e-13,2.7e-10,"smoking","GW"
"1211","cg11714502",-0.0085,0.0012,2.9e-13,2.7e-10,"smoking","GW"
"1212","cg21187770",-0.0091,0.0012,2.9e-13,2.7e-10,"smoking","GW"
"1213","cg27241845",-0.0378,0.0052,3e-13,2.7e-10,"smoking","GW"
"1214","cg11962640",-0.005,7e-04,3e-13,2.8e-10,"smoking","GW"
"1215","cg11769400",0.0046,6e-04,3.1e-13,2.9e-10,"smoking","GW"
"1216","cg14435720",-0.0074,0.001,3.5e-13,3.1e-10,"smoking","GW"
"1217","cg10619342",0.0223,0.0031,3.5e-13,3.2e-10,"smoking","GW"
"1218","cg24996979",-0.0145,0.002,3.6e-13,3.2e-10,"smoking","GW"
"1219","cg19744173",0.0123,0.0017,3.7e-13,3.3e-10,"smoking","GW"
"1220","cg05824218",0.0122,0.0017,3.8e-13,3.4e-10,"smoking","GW"
"1221","cg23594345",-0.0362,0.005,3.8e-13,3.4e-10,"smoking","GW"
"1222","cg11557553",0.0096,0.0013,3.9e-13,3.4e-10,"smoking","GW"
"1223","cg20152539",-0.0145,0.002,4.1e-13,3.6e-10,"smoking","GW"
"1224","cg06972908",-0.0121,0.0017,4.2e-13,3.7e-10,"smoking","GW"
"1225","cg13424229",0.0075,0.001,4.2e-13,3.7e-10,"smoking","GW"
"1226","cg07257768",-0.0089,0.0012,4.3e-13,3.8e-10,"smoking","GW"
"1227","cg18559579",0.0121,0.0017,4.3e-13,3.8e-10,"smoking","GW"
"1228","cg25422678",0.0095,0.0013,4.3e-13,3.8e-10,"smoking","GW"
"1229","cg06367459",-0.0057,8e-04,4.4e-13,3.8e-10,"smoking","GW"
"1230","cg21316772",-0.0048,7e-04,4.4e-13,3.9e-10,"smoking","GW"
"1231","cg14567085",0.0051,7e-04,4.4e-13,3.9e-10,"smoking","GW"
"1232","cg06575692",0.0132,0.0018,4.5e-13,3.9e-10,"smoking","GW"
"1233","cg23058194",0.0123,0.0017,4.5e-13,3.9e-10,"smoking","GW"
"1234","cg01138448",-0.017,0.0023,4.6e-13,4e-10,"smoking","GW"
"1235","cg04268813",0.0073,0.001,4.7e-13,4.1e-10,"smoking","GW"
"1236","cg15172739",-0.0093,0.0013,4.8e-13,4.1e-10,"smoking","GW"
"1237","cg14818621",0.0069,9e-04,4.8e-13,4.2e-10,"smoking","GW"
"1238","cg02725398",-0.018,0.0025,4.9e-13,4.3e-10,"smoking","GW"
"1239","cg03222009",-0.0174,0.0024,5.1e-13,4.4e-10,"smoking","GW"
"1240","cg02532700",-0.0238,0.0033,5.2e-13,4.4e-10,"smoking","GW"
"1241","cg24212377",0.0062,9e-04,5.2e-13,4.5e-10,"smoking","GW"
"1242","cg02732508",-0.0089,0.0012,5.3e-13,4.5e-10,"smoking","GW"
"1243","cg25748521",-0.0083,0.0011,5.3e-13,4.5e-10,"smoking","GW"
"1244","cg09247392",-0.0052,7e-04,5.5e-13,4.7e-10,"smoking","GW"
"1245","cg22642495",-0.0072,0.001,5.6e-13,4.8e-10,"smoking","GW"
"1246","cg20751345",0.0101,0.0014,5.7e-13,4.8e-10,"smoking","GW"
"1247","cg26055950",-0.0137,0.0019,5.7e-13,4.8e-10,"smoking","GW"
"1248","cg07469402",0.0105,0.0015,5.7e-13,4.8e-10,"smoking","GW"
"1249","cg15955046",-0.0084,0.0012,5.9e-13,4.9e-10,"smoking","GW"
"1250","cg03935116",-0.0099,0.0014,6e-13,5e-10,"smoking","GW"
"1251","cg25349939",0.0111,0.0015,6e-13,5.1e-10,"smoking","GW"
"1252","cg25198941",0.0069,0.001,6e-13,5.1e-10,"smoking","GW"
"1253","cg20244340",-0.0264,0.0037,6.2e-13,5.2e-10,"smoking","GW"
"1254","cg22789605",-0.0051,7e-04,6.3e-13,5.3e-10,"smoking","GW"
"1255","cg18758622",0.0091,0.0013,6.6e-13,5.5e-10,"smoking","GW"
"1256","cg08170227",-0.0154,0.0021,6.6e-13,5.5e-10,"smoking","GW"
"1257","cg23677833",-0.0074,0.001,6.7e-13,5.5e-10,"smoking","GW"
"1258","cg15417641",0.038,0.0053,6.9e-13,5.7e-10,"smoking","GW"
"1259","cg21869609",-0.0404,0.0056,7.2e-13,5.9e-10,"smoking","GW"
"1260","cg07040244",-0.012,0.0017,7.5e-13,6.2e-10,"smoking","GW"
"1261","cg15417798",0.006,8e-04,7.8e-13,6.4e-10,"smoking","GW"
"1262","cg14165660",0.0099,0.0014,7.8e-13,6.4e-10,"smoking","GW"
"1263","cg18422587",0.0126,0.0018,8.1e-13,6.5e-10,"smoking","GW"
"1264","cg12836643",0.0071,0.001,8.1e-13,6.5e-10,"smoking","GW"
"1265","cg18625627",0.0197,0.0028,8.2e-13,6.7e-10,"smoking","GW"
"1266","cg13518625",-0.0121,0.0017,8.3e-13,6.7e-10,"smoking","GW"
"1267","cg04225775",0.0082,0.0011,8.4e-13,6.8e-10,"smoking","GW"
"1268","cg09445967",0.0052,7e-04,8.6e-13,7e-10,"smoking","GW"
"1269","cg22235877",-0.0068,9e-04,8.7e-13,7e-10,"smoking","GW"
"1270","cg03014634",-0.0066,9e-04,8.7e-13,7e-10,"smoking","GW"
"1271","cg08384239",0.0131,0.0018,8.7e-13,7e-10,"smoking","GW"
"1272","cg22563815",0.0139,0.0019,8.8e-13,7.1e-10,"smoking","GW"
"1273","cg05302489",0.0158,0.0022,8.9e-13,7.1e-10,"smoking","GW"
"1274","cg24710503",0.0051,7e-04,9e-13,7.2e-10,"smoking","GW"
"1275","cg12486287",0.0067,9e-04,9.2e-13,7.4e-10,"smoking","GW"
"1276","cg08233235",-0.0136,0.0019,9.4e-13,7.5e-10,"smoking","GW"
"1277","cg06434490",-0.0089,0.0013,9.6e-13,7.6e-10,"smoking","GW"
"1278","cg04716447",0.0048,7e-04,9.7e-13,7.7e-10,"smoking","GW"
"1279","cg06513247",-0.0104,0.0015,9.8e-13,7.7e-10,"smoking","GW"
"1280","cg02167201",-0.0058,8e-04,1e-12,8.1e-10,"smoking","GW"
"1281","cg01766850",0.0128,0.0018,1e-12,8.2e-10,"smoking","GW"
"1282","cg16201146",-0.0165,0.0023,1.1e-12,8.4e-10,"smoking","GW"
"1283","cg18446336",-0.0334,0.0047,1.1e-12,8.7e-10,"smoking","GW"
"1284","cg00178850",-0.0112,0.0016,1.2e-12,9.4e-10,"smoking","GW"
"1285","cg16503724",0.0162,0.0023,1.2e-12,9.4e-10,"smoking","GW"
"1286","cg07826859",-0.0218,0.0031,1.3e-12,9.8e-10,"smoking","GW"
"1287","cg01554474",-0.0162,0.0023,1.3e-12,1e-09,"smoking","GW"
"1288","cg22635676",0.0546,0.0077,1.3e-12,1e-09,"smoking","GW"
"1289","cg07441944",-0.0064,9e-04,1.4e-12,1.1e-09,"smoking","GW"
"1290","cg14365070",-0.0067,9e-04,1.4e-12,1.1e-09,"smoking","GW"
"1291","cg21920570",0.0061,9e-04,1.4e-12,1.1e-09,"smoking","GW"
"1292","cg11496569",-0.0089,0.0013,1.4e-12,1.1e-09,"smoking","GW"
"1293","cg16696002",0.007,0.001,1.5e-12,1.1e-09,"smoking","GW"
"1294","cg13443605",-0.0124,0.0017,1.5e-12,1.1e-09,"smoking","GW"
"1295","cg19254163",-0.021,0.003,1.5e-12,1.1e-09,"smoking","GW"
"1296","cg19942495",0.0061,9e-04,1.5e-12,1.1e-09,"smoking","GW"
"1297","cg26718213",0.0382,0.0054,1.5e-12,1.2e-09,"smoking","GW"
"1298","cg09069072",-0.0309,0.0044,1.5e-12,1.2e-09,"smoking","GW"
"1299","cg07572233",0.0087,0.0012,1.6e-12,1.2e-09,"smoking","GW"
"1300","cg05987787",0.0053,7e-04,1.6e-12,1.2e-09,"smoking","GW"
"1301","cg13487127",0.0104,0.0015,1.6e-12,1.2e-09,"smoking","GW"
"1302","cg00485194",-0.0091,0.0013,1.6e-12,1.2e-09,"smoking","GW"
"1303","cg21399057",-0.0048,7e-04,1.7e-12,1.3e-09,"smoking","GW"
"1304","cg15084803",0.017,0.0024,1.7e-12,1.3e-09,"smoking","GW"
"1305","cg24838345",-0.0189,0.0027,1.7e-12,1.3e-09,"smoking","GW"
"1306","cg11405655",-0.014,0.002,1.7e-12,1.3e-09,"smoking","GW"
"1307","cg06338710",-0.0249,0.0035,1.7e-12,1.3e-09,"smoking","GW"
"1308","cg04189320",-0.0074,0.001,1.7e-12,1.3e-09,"smoking","GW"
"1309","cg03333699",-0.0076,0.0011,1.7e-12,1.3e-09,"smoking","GW"
"1310","cg03190891",0.0114,0.0016,1.8e-12,1.4e-09,"smoking","GW"
"1311","cg15130459",-0.0156,0.0022,1.8e-12,1.4e-09,"smoking","GW"
"1312","cg01208318",-0.0386,0.0055,1.8e-12,1.4e-09,"smoking","GW"
"1313","cg02228160",0.0145,0.0021,1.9e-12,1.4e-09,"smoking","GW"
"1314","cg21201657",-0.0091,0.0013,1.9e-12,1.4e-09,"smoking","GW"
"1315","cg19940644",-0.0254,0.0036,2e-12,1.4e-09,"smoking","GW"
"1316","cg18956562",0.013,0.0019,2e-12,1.4e-09,"smoking","GW"
"1317","cg04263702",-0.0178,0.0025,2e-12,1.4e-09,"smoking","GW"
"1318","cg23480021",0.0669,0.0095,2e-12,1.5e-09,"smoking","GW"
"1319","cg06896207",-0.0108,0.0015,2e-12,1.5e-09,"smoking","GW"
"1320","cg02639359",-0.0134,0.0019,2.1e-12,1.5e-09,"smoking","GW"
"1321","cg00063111",-0.0098,0.0014,2.1e-12,1.6e-09,"smoking","GW"
"1322","cg02405476",-0.0083,0.0012,2.1e-12,1.6e-09,"smoking","GW"
"1323","cg05438727",0.0053,8e-04,2.1e-12,1.6e-09,"smoking","GW"
"1324","cg01150799",0.0083,0.0012,2.2e-12,1.6e-09,"smoking","GW"
"1325","cg11073255",-0.0063,9e-04,2.2e-12,1.6e-09,"smoking","GW"
"1326","cg16622652",-0.0103,0.0015,2.2e-12,1.6e-09,"smoking","GW"
"1327","cg16255816",-0.0154,0.0022,2.2e-12,1.6e-09,"smoking","GW"
"1328","cg19589396",-0.0223,0.0032,2.4e-12,1.7e-09,"smoking","GW"
"1329","cg13876650",-0.0068,0.001,2.4e-12,1.7e-09,"smoking","GW"
"1330","cg02402946",0.0108,0.0015,2.4e-12,1.7e-09,"smoking","GW"
"1331","cg23621097",0.0153,0.0022,2.4e-12,1.7e-09,"smoking","GW"
"1332","cg25618424",-0.0103,0.0015,2.5e-12,1.8e-09,"smoking","GW"
"1333","cg22761205",0.0087,0.0012,2.5e-12,1.8e-09,"smoking","GW"
"1334","cg21356710",0.0181,0.0026,2.5e-12,1.8e-09,"smoking","GW"
"1335","cg17985311",-0.0096,0.0014,2.5e-12,1.8e-09,"smoking","GW"
"1336","cg19719391",0.0171,0.0024,2.6e-12,1.8e-09,"smoking","GW"
"1337","cg20912205",-0.0077,0.0011,2.6e-12,1.8e-09,"smoking","GW"
"1338","cg19635644",-0.0062,9e-04,2.7e-12,1.9e-09,"smoking","GW"
"1339","cg14258501",0.0078,0.0011,2.8e-12,1.9e-09,"smoking","GW"
"1340","cg13689560",-0.0079,0.0011,2.8e-12,2e-09,"smoking","GW"
"1341","cg08006956",-0.0097,0.0014,2.8e-12,2e-09,"smoking","GW"
"1342","cg03812323",0.0087,0.0012,2.8e-12,2e-09,"smoking","GW"
"1343","cg08149865",-0.0152,0.0022,2.8e-12,2e-09,"smoking","GW"
"1344","cg06096184",-0.014,0.002,2.8e-12,2e-09,"smoking","GW"
"1345","cg20513976",0.0089,0.0013,2.9e-12,2e-09,"smoking","GW"
"1346","cg22792367",-0.0081,0.0012,2.9e-12,2e-09,"smoking","GW"
"1347","cg20124610",-0.0147,0.0021,2.9e-12,2e-09,"smoking","GW"
"1348","cg04136748",0.0054,8e-04,2.9e-12,2e-09,"smoking","GW"
"1349","cg15474579",-0.0207,0.003,3e-12,2.1e-09,"smoking","GW"
"1350","cg23205886",-0.0134,0.0019,3e-12,2.1e-09,"smoking","GW"
"1351","cg11314684",-0.0167,0.0024,3e-12,2.1e-09,"smoking","GW"
"1352","cg23126342",0.0267,0.0038,3.1e-12,2.1e-09,"smoking","GW"
"1353","cg00073460",-0.017,0.0024,3.1e-12,2.1e-09,"smoking","GW"
"1354","cg00771722",0.0065,9e-04,3.1e-12,2.1e-09,"smoking","GW"
"1355","cg05969150",0.0114,0.0016,3.1e-12,2.1e-09,"smoking","GW"
"1356","cg16163543",0.0079,0.0011,3.1e-12,2.2e-09,"smoking","GW"
"1357","cg04352288",-0.006,9e-04,3.2e-12,2.2e-09,"smoking","GW"
"1358","cg00462971",0.0172,0.0025,3.2e-12,2.2e-09,"smoking","GW"
"1359","cg19554457",-0.0141,0.002,3.3e-12,2.2e-09,"smoking","GW"
"1360","cg24859433",-0.031,0.0045,3.3e-12,2.2e-09,"smoking","GW"
"1361","cg20722088",-0.0069,0.001,3.3e-12,2.3e-09,"smoking","GW"
"1362","cg06382664",-0.0071,0.001,3.4e-12,2.3e-09,"smoking","GW"
"1363","cg11682350",-0.0032,5e-04,3.4e-12,2.3e-09,"smoking","GW"
"1364","cg26105278",-0.0077,0.0011,3.4e-12,2.3e-09,"smoking","GW"
"1365","cg23716141",-0.0109,0.0016,3.4e-12,2.3e-09,"smoking","GW"
"1366","cg18621256",-0.007,0.001,3.5e-12,2.4e-09,"smoking","GW"
"1367","cg06439941",0.0086,0.0012,3.5e-12,2.4e-09,"smoking","GW"
"1368","cg21815220",-0.0093,0.0013,3.6e-12,2.4e-09,"smoking","GW"
"1369","cg26337070",-0.0266,0.0038,3.8e-12,2.5e-09,"smoking","GW"
"1370","cg26038582",0.0436,0.0063,3.8e-12,2.5e-09,"smoking","GW"
"1371","cg12455309",-0.0057,8e-04,3.8e-12,2.6e-09,"smoking","GW"
"1372","cg10453071",0.0119,0.0017,4e-12,2.7e-09,"smoking","GW"
"1373","cg19713429",-0.0196,0.0028,4.1e-12,2.7e-09,"smoking","GW"
"1374","cg03999941",-0.0165,0.0024,4.1e-12,2.7e-09,"smoking","GW"
"1375","cg01272202",-0.0102,0.0015,4.1e-12,2.7e-09,"smoking","GW"
"1376","cg27646484",0.006,9e-04,4.2e-12,2.8e-09,"smoking","GW"
"1377","cg23048494",-0.0079,0.0011,4.2e-12,2.8e-09,"smoking","GW"
"1378","cg26203136",-0.0093,0.0013,4.3e-12,2.8e-09,"smoking","GW"
"1379","cg17272563",0.0099,0.0014,4.3e-12,2.8e-09,"smoking","GW"
"1380","cg16416158",-0.0078,0.0011,4.3e-12,2.9e-09,"smoking","GW"
"1381","cg09197783",-0.0151,0.0022,4.3e-12,2.9e-09,"smoking","GW"
"1382","cg21404980",0.0072,0.001,4.4e-12,2.9e-09,"smoking","GW"
"1383","cg25953130",-0.0305,0.0044,4.5e-12,2.9e-09,"smoking","GW"
"1384","cg04119529",0.0058,8e-04,4.5e-12,3e-09,"smoking","GW"
"1385","cg02363630",0.0064,9e-04,4.6e-12,3e-09,"smoking","GW"
"1386","cg06827976",0.0034,5e-04,4.7e-12,3e-09,"smoking","GW"
"1387","cg03604011",0.0241,0.0035,4.7e-12,3.1e-09,"smoking","GW"
"1388","cg20724032",0.0098,0.0014,4.9e-12,3.2e-09,"smoking","GW"
"1389","cg01565703",-0.0108,0.0016,5e-12,3.2e-09,"smoking","GW"
"1390","cg06518831",-0.0043,6e-04,5.2e-12,3.3e-09,"smoking","GW"
"1391","cg09219877",0.0071,0.001,5.2e-12,3.4e-09,"smoking","GW"
"1392","cg20303561",-0.0161,0.0023,5.3e-12,3.4e-09,"smoking","GW"
"1393","cg22053945",-0.0079,0.0011,5.3e-12,3.4e-09,"smoking","GW"
"1394","cg04209460",-0.0106,0.0015,5.5e-12,3.6e-09,"smoking","GW"
"1395","cg04961225",0.0114,0.0017,5.6e-12,3.6e-09,"smoking","GW"
"1396","cg00446123",0.0092,0.0013,5.7e-12,3.7e-09,"smoking","GW"
"1397","cg22573696",-0.0105,0.0015,5.7e-12,3.7e-09,"smoking","GW"
"1398","cg23090529",-0.0313,0.0045,5.8e-12,3.7e-09,"smoking","GW"
"1399","cg10012530",-0.0106,0.0015,5.9e-12,3.8e-09,"smoking","GW"
"1400","cg10151367",0.0059,9e-04,5.9e-12,3.8e-09,"smoking","GW"
"1401","cg23680900",0.0037,5e-04,6e-12,3.8e-09,"smoking","GW"
"1402","cg17907003",-0.0151,0.0022,6e-12,3.8e-09,"smoking","GW"
"1403","cg00496272",-0.0083,0.0012,6e-12,3.8e-09,"smoking","GW"
"1404","cg19014730",-0.0083,0.0012,6.2e-12,3.9e-09,"smoking","GW"
"1405","cg06321596",-0.0231,0.0034,6.2e-12,3.9e-09,"smoking","GW"
"1406","cg09465703",-0.0238,0.0035,6.2e-12,4e-09,"smoking","GW"
"1407","cg20076442",0.0077,0.0011,6.3e-12,4e-09,"smoking","GW"
"1408","cg24497361",-0.0137,0.002,6.4e-12,4e-09,"smoking","GW"
"1409","cg10267724",0.0051,7e-04,6.4e-12,4.1e-09,"smoking","GW"
"1410","cg19717773",-0.0392,0.0057,6.5e-12,4.1e-09,"smoking","GW"
"1411","cg01765174",-0.0103,0.0015,6.7e-12,4.2e-09,"smoking","GW"
"1412","cg08834436",-0.0158,0.0023,6.8e-12,4.3e-09,"smoking","GW"
"1413","cg03139840",-0.0053,8e-04,6.9e-12,4.3e-09,"smoking","GW"
"1414","cg15261712",0.015,0.0022,6.9e-12,4.3e-09,"smoking","GW"
"1415","cg01447828",0.0114,0.0017,7.1e-12,4.5e-09,"smoking","GW"
"1416","cg00255726",0.0102,0.0015,7.2e-12,4.5e-09,"smoking","GW"
"1417","cg22977892",-0.0089,0.0013,7.2e-12,4.5e-09,"smoking","GW"
"1418","cg18824330",-0.0065,0.001,7.4e-12,4.6e-09,"smoking","GW"
"1419","cg05898092",-0.0062,9e-04,7.5e-12,4.6e-09,"smoking","GW"
"1420","cg19719475",-0.0068,0.001,7.5e-12,4.7e-09,"smoking","GW"
"1421","cg17953136",0.0142,0.0021,7.5e-12,4.7e-09,"smoking","GW"
"1422","cg01765406",-0.0114,0.0017,7.6e-12,4.7e-09,"smoking","GW"
"1423","cg18754985",-0.0095,0.0014,7.7e-12,4.7e-09,"smoking","GW"
"1424","cg15948030",0.0044,6e-04,8e-12,4.9e-09,"smoking","GW"
"1425","cg19583819",-0.0108,0.0016,8.1e-12,5e-09,"smoking","GW"
"1426","cg02508743",0.011,0.0016,8.1e-12,5e-09,"smoking","GW"
"1427","cg25278144",-0.0046,7e-04,8.3e-12,5.1e-09,"smoking","GW"
"1428","cg25157472",0.0058,8e-04,8.3e-12,5.1e-09,"smoking","GW"
"1429","cg09658497",-0.0417,0.0061,8.3e-12,5.1e-09,"smoking","GW"
"1430","cg23059461",0.008,0.0012,8.4e-12,5.1e-09,"smoking","GW"
"1431","cg26837477",-0.0055,8e-04,8.4e-12,5.1e-09,"smoking","GW"
"1432","cg02714303",0.0153,0.0022,8.4e-12,5.1e-09,"smoking","GW"
"1433","cg06759971",0.0048,7e-04,8.5e-12,5.1e-09,"smoking","GW"
"1434","cg11261850",0.0099,0.0014,8.6e-12,5.2e-09,"smoking","GW"
"1435","cg24090911",-0.0238,0.0035,8.7e-12,5.3e-09,"smoking","GW"
"1436","cg25773262",-0.0127,0.0019,8.8e-12,5.4e-09,"smoking","GW"
"1437","cg00636737",-0.01,0.0015,9.3e-12,5.6e-09,"smoking","GW"
"1438","cg01681525",-0.0128,0.0019,9.7e-12,5.9e-09,"smoking","GW"
"1439","cg16608652",-0.006,9e-04,9.9e-12,5.9e-09,"smoking","GW"
"1440","cg06512918",0.0048,7e-04,1e-11,6.2e-09,"smoking","GW"
"1441","cg06189394",-0.0092,0.0014,1e-11,6.2e-09,"smoking","GW"
"1442","cg26276120",-0.0113,0.0017,1e-11,6.3e-09,"smoking","GW"
"1443","cg20240091",0.0103,0.0015,1.1e-11,6.4e-09,"smoking","GW"
"1444","cg14420519",-0.0076,0.0011,1.1e-11,6.5e-09,"smoking","GW"
"1445","cg04359840",-0.0182,0.0027,1.1e-11,6.5e-09,"smoking","GW"
"1446","cg27589809",-0.0078,0.0012,1.1e-11,6.6e-09,"smoking","GW"
"1447","cg01121610",0.0036,5e-04,1.1e-11,6.8e-09,"smoking","GW"
"1448","cg00327072",-0.0065,0.001,1.2e-11,6.9e-09,"smoking","GW"
"1449","cg05673882",-0.026,0.0038,1.2e-11,7.2e-09,"smoking","GW"
"1450","cg23756272",0.0097,0.0014,1.2e-11,7.3e-09,"smoking","GW"
"1451","cg01716252",0.0052,8e-04,1.3e-11,7.5e-09,"smoking","GW"
"1452","cg01127300",-0.0335,0.005,1.3e-11,7.6e-09,"smoking","GW"
"1453","cg21548340",-0.0087,0.0013,1.3e-11,7.6e-09,"smoking","GW"
"1454","cg23813257",-0.0077,0.0011,1.3e-11,7.6e-09,"smoking","GW"
"1455","cg16779839",-0.0109,0.0016,1.3e-11,7.6e-09,"smoking","GW"
"1456","cg01513913",-0.02,0.003,1.3e-11,7.7e-09,"smoking","GW"
"1457","cg08305378",0.0057,8e-04,1.3e-11,7.7e-09,"smoking","GW"
"1458","cg12105190",-0.0074,0.0011,1.3e-11,7.8e-09,"smoking","GW"
"1459","cg16611234",-0.0253,0.0037,1.3e-11,7.8e-09,"smoking","GW"
"1460","cg22539182",0.0154,0.0023,1.3e-11,7.9e-09,"smoking","GW"
"1461","cg11436113",-0.0179,0.0026,1.4e-11,7.9e-09,"smoking","GW"
"1462","cg24046474",-0.0109,0.0016,1.4e-11,8e-09,"smoking","GW"
"1463","cg06194738",-0.011,0.0016,1.4e-11,8.1e-09,"smoking","GW"
"1464","cg12877335",0.0064,0.001,1.4e-11,8.1e-09,"smoking","GW"
"1465","cg01995548",-0.0073,0.0011,1.4e-11,8.1e-09,"smoking","GW"
"1466","cg12095353",0.0068,0.001,1.4e-11,8.1e-09,"smoking","GW"
"1467","cg07251887",-0.023,0.0034,1.4e-11,8.1e-09,"smoking","GW"
"1468","cg09554443",0.0156,0.0023,1.4e-11,8.2e-09,"smoking","GW"
"1469","cg02704502",-0.0135,0.002,1.4e-11,8.2e-09,"smoking","GW"
"1470","cg04019522",0.0117,0.0017,1.5e-11,8.5e-09,"smoking","GW"
"1471","cg04521626",0.0086,0.0013,1.5e-11,8.7e-09,"smoking","GW"
"1472","cg01314044",0.0074,0.0011,1.5e-11,8.7e-09,"smoking","GW"
"1473","cg07180646",-0.0227,0.0034,1.5e-11,8.7e-09,"smoking","GW"
"1474","cg21585138",-0.0079,0.0012,1.5e-11,8.8e-09,"smoking","GW"
"1475","cg05897963",-0.0156,0.0023,1.5e-11,8.8e-09,"smoking","GW"
"1476","cg03480935",-0.0118,0.0018,1.5e-11,8.8e-09,"smoking","GW"
"1477","cg02325250",-0.0111,0.0016,1.6e-11,8.9e-09,"smoking","GW"
"1478","cg16406078",0.0085,0.0013,1.6e-11,8.9e-09,"smoking","GW"
"1479","cg03227037",0.0165,0.0025,1.6e-11,9.2e-09,"smoking","GW"
"1480","cg23551979",0.0133,0.002,1.6e-11,9.2e-09,"smoking","GW"
"1481","cg09338136",-0.0164,0.0024,1.6e-11,9.2e-09,"smoking","GW"
"1482","cg24688690",-0.0074,0.0011,1.6e-11,9.3e-09,"smoking","GW"
"1483","cg20698113",-0.0086,0.0013,1.6e-11,9.3e-09,"smoking","GW"
"1484","cg22533573",0.0051,8e-04,1.7e-11,9.5e-09,"smoking","GW"
"1485","cg06271237",0.0097,0.0014,1.7e-11,9.5e-09,"smoking","GW"
"1486","cg03224812",0.0057,9e-04,1.7e-11,9.7e-09,"smoking","GW"
"1487","cg05720226",-0.0114,0.0017,1.7e-11,9.7e-09,"smoking","GW"
"1488","cg08712631",-0.0051,8e-04,1.7e-11,9.7e-09,"smoking","GW"
"1489","cg08884752",-0.0171,0.0025,1.7e-11,9.7e-09,"smoking","GW"
"1490","cg22705225",0.006,9e-04,1.8e-11,9.8e-09,"smoking","GW"
"1491","cg05341549",-0.0054,8e-04,1.8e-11,1e-08,"smoking","GW"
"1492","cg00152041",-0.0054,8e-04,1.8e-11,1e-08,"smoking","GW"
"1493","cg22335340",-0.009,0.0013,1.8e-11,1e-08,"smoking","GW"
"1494","cg03803818",0.0059,9e-04,1.8e-11,1e-08,"smoking","GW"
"1495","cg10181414",-0.0123,0.0018,1.9e-11,1e-08,"smoking","GW"
"1496","cg23233742",-0.0158,0.0024,1.9e-11,1e-08,"smoking","GW"
"1497","cg12103569",0.0139,0.0021,1.9e-11,1e-08,"smoking","GW"
"1498","cg10310310",-0.0061,9e-04,1.9e-11,1.1e-08,"smoking","GW"
"1499","cg19142553",-0.0098,0.0015,1.9e-11,1.1e-08,"smoking","GW"
"1500","cg19956914",0.0231,0.0035,2e-11,1.1e-08,"smoking","GW"
"1501","cg01724917",-0.0067,0.001,2e-11,1.1e-08,"smoking","GW"
"1502","cg13547053",0.0105,0.0016,2.1e-11,1.1e-08,"smoking","GW"
"1503","cg12619504",-0.0147,0.0022,2.1e-11,1.2e-08,"smoking","GW"
"1504","cg19913291",-0.0087,0.0013,2.2e-11,1.2e-08,"smoking","GW"
"1505","cg03547355",-0.0173,0.0026,2.2e-11,1.2e-08,"smoking","GW"
"1506","cg23681440",-0.0166,0.0025,2.2e-11,1.2e-08,"smoking","GW"
"1507","cg00396865",-0.0062,9e-04,2.3e-11,1.3e-08,"smoking","GW"
"1508","cg07632771",-0.0081,0.0012,2.3e-11,1.3e-08,"smoking","GW"
"1509","cg18931633",-0.0065,0.001,2.3e-11,1.3e-08,"smoking","GW"
"1510","cg23831876",-0.0092,0.0014,2.4e-11,1.3e-08,"smoking","GW"
"1511","cg11147309",-0.0088,0.0013,2.5e-11,1.3e-08,"smoking","GW"
"1512","cg09206294",0.005,7e-04,2.5e-11,1.4e-08,"smoking","GW"
"1513","cg05347334",-0.006,9e-04,2.5e-11,1.4e-08,"smoking","GW"
"1514","cg06791426",0.013,0.0019,2.5e-11,1.4e-08,"smoking","GW"
"1515","cg15059804",0.0175,0.0026,2.5e-11,1.4e-08,"smoking","GW"
"1516","cg09056317",-0.0074,0.0011,2.6e-11,1.4e-08,"smoking","GW"
"1517","cg18241780",0.0051,8e-04,2.6e-11,1.4e-08,"smoking","GW"
"1518","cg09700701",0.0044,7e-04,2.6e-11,1.4e-08,"smoking","GW"
"1519","cg03599224",-0.0047,7e-04,2.6e-11,1.4e-08,"smoking","GW"
"1520","cg19459791",0.014,0.0021,2.6e-11,1.4e-08,"smoking","GW"
"1521","cg09006487",-0.0122,0.0018,2.7e-11,1.4e-08,"smoking","GW"
"1522","cg11621113",-0.0169,0.0025,2.7e-11,1.4e-08,"smoking","GW"
"1523","cg02787737",0.0133,0.002,2.8e-11,1.5e-08,"smoking","GW"
"1524","cg21188533",0.0407,0.0061,2.9e-11,1.5e-08,"smoking","GW"
"1525","cg22356527",0.0096,0.0014,2.9e-11,1.5e-08,"smoking","GW"
"1526","cg00526336",-0.0093,0.0014,2.9e-11,1.5e-08,"smoking","GW"
"1527","cg14266999",-0.0087,0.0013,2.9e-11,1.5e-08,"smoking","GW"
"1528","cg04208434",0.0054,8e-04,2.9e-11,1.6e-08,"smoking","GW"
"1529","cg03149958",-0.0153,0.0023,3e-11,1.6e-08,"smoking","GW"
"1530","cg21473814",0.0214,0.0032,3.1e-11,1.6e-08,"smoking","GW"
"1531","cg21664281",0.0218,0.0033,3.1e-11,1.6e-08,"smoking","GW"
"1532","cg09912793",-0.0111,0.0017,3.1e-11,1.7e-08,"smoking","GW"
"1533","cg05122453",-0.0058,9e-04,3.1e-11,1.7e-08,"smoking","GW"
"1534","cg11884933",0.0064,0.001,3.3e-11,1.7e-08,"smoking","GW"
"1535","cg01020987",-0.0098,0.0015,3.3e-11,1.8e-08,"smoking","GW"
"1536","cg20644981",0.0091,0.0014,3.4e-11,1.8e-08,"smoking","GW"
"1537","cg24173182",0.0138,0.0021,3.4e-11,1.8e-08,"smoking","GW"
"1538","cg09462576",-0.0112,0.0017,3.5e-11,1.8e-08,"smoking","GW"
"1539","cg12332902",0.0063,0.001,3.5e-11,1.8e-08,"smoking","GW"
"1540","cg04491089",-0.0082,0.0012,3.5e-11,1.8e-08,"smoking","GW"
"1541","cg07607355",0.0053,8e-04,3.5e-11,1.8e-08,"smoking","GW"
"1542","cg25464840",0.0096,0.0015,3.5e-11,1.8e-08,"smoking","GW"
"1543","cg07654588",-0.0079,0.0012,3.6e-11,1.9e-08,"smoking","GW"
"1544","cg24719910",-0.0099,0.0015,3.6e-11,1.9e-08,"smoking","GW"
"1545","cg18394552",0.0134,0.002,3.7e-11,1.9e-08,"smoking","GW"
"1546","cg25741533",-0.0072,0.0011,3.7e-11,1.9e-08,"smoking","GW"
"1547","cg23867494",-0.0064,0.001,3.8e-11,2e-08,"smoking","GW"
"1548","cg07277038",0.0177,0.0027,3.8e-11,2e-08,"smoking","GW"
"1549","cg15693572",0.0527,0.008,3.9e-11,2e-08,"smoking","GW"
"1550","cg20006825",0.006,9e-04,3.9e-11,2e-08,"smoking","GW"
"1551","cg01290904",-0.014,0.0021,4e-11,2e-08,"smoking","GW"
"1552","cg13085976",-0.0063,0.001,4e-11,2.1e-08,"smoking","GW"
"1553","cg24109116",-0.0042,6e-04,4.2e-11,2.1e-08,"smoking","GW"
"1554","cg15089077",-0.0135,0.0021,4.2e-11,2.1e-08,"smoking","GW"
"1555","cg09560590",0.0124,0.0019,4.2e-11,2.2e-08,"smoking","GW"
"1556","cg02964434",-0.0085,0.0013,4.3e-11,2.2e-08,"smoking","GW"
"1557","cg04472685",-0.0058,9e-04,4.3e-11,2.2e-08,"smoking","GW"
"1558","cg03923640",-0.0082,0.0012,4.3e-11,2.2e-08,"smoking","GW"
"1559","cg02407266",0.0066,0.001,4.4e-11,2.3e-08,"smoking","GW"
"1560","cg27424326",0.0045,7e-04,4.4e-11,2.3e-08,"smoking","GW"
"1561","cg11046638",-0.0091,0.0014,4.7e-11,2.4e-08,"smoking","GW"
"1562","cg26996569",0.0178,0.0027,4.7e-11,2.4e-08,"smoking","GW"
"1563","cg06314111",-0.0104,0.0016,4.9e-11,2.5e-08,"smoking","GW"
"1564","cg06880612",0.0065,0.001,4.9e-11,2.5e-08,"smoking","GW"
"1565","cg25066772",0.0053,8e-04,4.9e-11,2.5e-08,"smoking","GW"
"1566","cg11305121",-0.0079,0.0012,4.9e-11,2.5e-08,"smoking","GW"
"1567","cg27055894",-0.0051,8e-04,5e-11,2.5e-08,"smoking","GW"
"1568","cg14120896",0.0074,0.0011,5.1e-11,2.6e-08,"smoking","GW"
"1569","cg24591300",-0.0066,0.001,5.1e-11,2.6e-08,"smoking","GW"
"1570","cg23222488",0.0102,0.0015,5.1e-11,2.6e-08,"smoking","GW"
"1571","cg10874644",0.0197,0.003,5.2e-11,2.6e-08,"smoking","GW"
"1572","cg24718197",-0.0073,0.0011,5.2e-11,2.6e-08,"smoking","GW"
"1573","cg15393221",0.0139,0.0021,5.3e-11,2.7e-08,"smoking","GW"
"1574","cg15903032",-0.013,0.002,5.3e-11,2.7e-08,"smoking","GW"
"1575","cg01561259",0.0101,0.0015,5.4e-11,2.7e-08,"smoking","GW"
"1576","cg18151030",-0.012,0.0018,5.5e-11,2.8e-08,"smoking","GW"
"1577","cg25318189",0.0059,9e-04,5.6e-11,2.8e-08,"smoking","GW"
"1578","cg19427338",0.0133,0.002,5.7e-11,2.8e-08,"smoking","GW"
"1579","cg23204396",-0.0095,0.0015,5.8e-11,2.9e-08,"smoking","GW"
"1580","cg26657675",-0.0088,0.0013,5.8e-11,2.9e-08,"smoking","GW"
"1581","cg17927313",0.0043,7e-04,5.8e-11,2.9e-08,"smoking","GW"
"1582","cg16448702",0.0063,0.001,5.8e-11,2.9e-08,"smoking","GW"
"1583","cg21929761",-0.0077,0.0012,5.9e-11,2.9e-08,"smoking","GW"
"1584","cg09325711",-0.007,0.0011,6.1e-11,3e-08,"smoking","GW"
"1585","cg27423838",-0.0074,0.0011,6.1e-11,3e-08,"smoking","GW"
"1586","cg18649028",0.0058,9e-04,6.1e-11,3e-08,"smoking","GW"
"1587","cg13221074",-0.0038,6e-04,6.2e-11,3e-08,"smoking","GW"
"1588","cg09448652",-0.007,0.0011,6.2e-11,3e-08,"smoking","GW"
"1589","cg16736826",-0.0084,0.0013,6.2e-11,3e-08,"smoking","GW"
"1590","cg16983541",-0.0054,8e-04,6.3e-11,3.1e-08,"smoking","GW"
"1591","cg06885459",0.0159,0.0024,6.3e-11,3.1e-08,"smoking","GW"
"1592","cg07702888",0.0054,8e-04,6.4e-11,3.1e-08,"smoking","GW"
"1593","cg24518098",-0.0127,0.0019,6.4e-11,3.1e-08,"smoking","GW"
"1594","cg05599106",0.0049,8e-04,6.4e-11,3.1e-08,"smoking","GW"
"1595","cg17325771",-0.0071,0.0011,6.5e-11,3.2e-08,"smoking","GW"
"1596","cg13247990",0.0056,9e-04,6.5e-11,3.2e-08,"smoking","GW"
"1597","cg17567838",-0.0123,0.0019,6.6e-11,3.2e-08,"smoking","GW"
"1598","cg08604596",-0.0055,8e-04,6.7e-11,3.3e-08,"smoking","GW"
"1599","cg14239618",0.0042,6e-04,6.9e-11,3.3e-08,"smoking","GW"
"1600","cg10768063",0.0117,0.0018,7e-11,3.4e-08,"smoking","GW"
"1601","cg19601144",0.0039,6e-04,7.2e-11,3.5e-08,"smoking","GW"
"1602","cg24230340",-0.0149,0.0023,7.3e-11,3.6e-08,"smoking","GW"
"1603","cg25385733",0.0039,6e-04,7.5e-11,3.6e-08,"smoking","GW"
"1604","cg12856965",-0.0151,0.0023,7.5e-11,3.6e-08,"smoking","GW"
"1605","cg03451670",0.0095,0.0015,7.5e-11,3.6e-08,"smoking","GW"
"1606","cg04332373",0.0115,0.0018,7.6e-11,3.7e-08,"smoking","GW"
"1607","cg13914531",-0.0054,8e-04,7.6e-11,3.7e-08,"smoking","GW"
"1608","cg05668853",-0.0127,0.0019,7.7e-11,3.7e-08,"smoking","GW"
"1609","cg07886712",-0.0045,7e-04,7.7e-11,3.7e-08,"smoking","GW"
"1610","cg19035792",0.0057,9e-04,7.9e-11,3.8e-08,"smoking","GW"
"1611","cg26803969",-0.0038,6e-04,8.1e-11,3.9e-08,"smoking","GW"
"1612","cg10672416",-0.0083,0.0013,8.2e-11,3.9e-08,"smoking","GW"
"1613","cg01952185",0.015,0.0023,8.3e-11,4e-08,"smoking","GW"
"1614","cg23401251",0.0118,0.0018,8.4e-11,4e-08,"smoking","GW"
"1615","cg17498867",-0.0054,8e-04,8.5e-11,4e-08,"smoking","GW"
"1616","cg18503679",-0.0146,0.0023,8.6e-11,4.1e-08,"smoking","GW"
"1617","cg26105649",-0.0052,8e-04,8.8e-11,4.1e-08,"smoking","GW"
"1618","cg17781958",0.0076,0.0012,9.1e-11,4.3e-08,"smoking","GW"
"1619","cg25341560",-0.0108,0.0017,9.1e-11,4.3e-08,"smoking","GW"
"1620","cg11386011",-0.0072,0.0011,9.2e-11,4.4e-08,"smoking","GW"
"1621","cg11014740",-0.0095,0.0015,9.4e-11,4.4e-08,"smoking","GW"
"1622","cg07516196",0.0109,0.0017,9.8e-11,4.6e-08,"smoking","GW"
"1623","cg11674448",0.0094,0.0014,9.8e-11,4.6e-08,"smoking","GW"
"1624","cg15013801",-0.0095,0.0015,1e-10,4.8e-08,"smoking","GW"
"1625","cg12364755",-0.0068,0.0011,1e-10,4.8e-08,"smoking","GW"
"1626","cg18617091",0.0098,0.0015,1e-10,4.8e-08,"smoking","GW"
"1627","cg21159068",0.0062,0.001,1e-10,4.8e-08,"smoking","GW"
"1628","cg04189326",0.0058,9e-04,1e-10,4.9e-08,"smoking","GW"
"1629","cg24771152",0.0068,0.001,1.1e-10,4.9e-08,"smoking","GW"
"1630","cg10493185",0.0041,6e-04,1.1e-10,4.9e-08,"smoking","GW"
"1631","cg20149625",-0.0042,6e-04,1.1e-10,4.9e-08,"smoking","GW"
"1632","cg24426691",-0.0059,9e-04,1.1e-10,5e-08,"smoking","GW"
"1633","cg23448998",0.0072,0.0011,1.1e-10,5e-08,"smoking","GW"
"1634","cg13976502",-0.0143,0.0022,1.1e-10,5e-08,"smoking","GW"
"1635","cg22582113",-0.0027,4e-04,1.1e-10,5e-08,"smoking","GW"
"1636","cg22957360",-0.0071,0.0011,1.1e-10,5.1e-08,"smoking","GW"
"1637","cg18961281",0.0043,7e-04,1.1e-10,5.1e-08,"smoking","GW"
"1638","cg25376310",-0.0063,0.001,1.1e-10,5.1e-08,"smoking","GW"
"1639","cg26908328",-0.0087,0.0014,1.1e-10,5.2e-08,"smoking","GW"
"1640","cg06800849",-0.006,9e-04,1.1e-10,5.2e-08,"smoking","GW"
"1641","cg00122944",-0.0036,6e-04,1.1e-10,5.2e-08,"smoking","GW"
"1642","cg25629790",0.005,8e-04,1.1e-10,5.2e-08,"smoking","GW"
"1643","cg27252776",-0.0116,0.0018,1.1e-10,5.2e-08,"smoking","GW"
"1644","cg24128066",-0.0073,0.0011,1.2e-10,5.3e-08,"smoking","GW"
"1645","cg01499816",-0.0033,5e-04,1.2e-10,5.3e-08,"smoking","GW"
"1646","cg10785537",0.0066,0.001,1.2e-10,5.3e-08,"smoking","GW"
"1647","cg13708645",-0.0139,0.0022,1.2e-10,5.4e-08,"smoking","GW"
"1648","cg00741986",-0.016,0.0025,1.2e-10,5.4e-08,"smoking","GW"
"1649","cg20146909",-0.0105,0.0016,1.2e-10,5.5e-08,"smoking","GW"
"1650","cg02375409",0.0105,0.0016,1.2e-10,5.5e-08,"smoking","GW"
"1651","cg10130088",0.0055,9e-04,1.2e-10,5.5e-08,"smoking","GW"
"1652","cg12593793",-0.0107,0.0017,1.2e-10,5.5e-08,"smoking","GW"
"1653","cg21121843",-0.0242,0.0038,1.2e-10,5.5e-08,"smoking","GW"
"1654","cg17082568",0.0104,0.0016,1.2e-10,5.6e-08,"smoking","GW"
"1655","cg11826961",-0.0105,0.0016,1.2e-10,5.6e-08,"smoking","GW"
"1656","cg06439889",0.005,8e-04,1.3e-10,5.8e-08,"smoking","GW"
"1657","cg17936236",-0.0083,0.0013,1.3e-10,5.9e-08,"smoking","GW"
"1658","cg24539517",-0.0098,0.0015,1.3e-10,5.9e-08,"smoking","GW"
"1659","cg14316231",-0.0169,0.0026,1.3e-10,5.9e-08,"smoking","GW"
"1660","cg07764473",0.0171,0.0027,1.3e-10,5.9e-08,"smoking","GW"
"1661","cg10010533",-0.0069,0.0011,1.3e-10,5.9e-08,"smoking","GW"
"1662","cg13594903",-0.0094,0.0015,1.4e-10,6.1e-08,"smoking","GW"
"1663","cg08267489",0.0024,4e-04,1.4e-10,6.2e-08,"smoking","GW"
"1664","cg13001289",-0.0044,7e-04,1.4e-10,6.2e-08,"smoking","GW"
"1665","cg23635560",-0.0099,0.0015,1.4e-10,6.2e-08,"smoking","GW"
"1666","cg26467528",-0.0118,0.0018,1.4e-10,6.2e-08,"smoking","GW"
"1667","cg15122985",-0.0068,0.0011,1.4e-10,6.2e-08,"smoking","GW"
"1668","cg07027613",-0.0079,0.0012,1.4e-10,6.3e-08,"smoking","GW"
"1669","cg15138339",-0.0075,0.0012,1.4e-10,6.3e-08,"smoking","GW"
"1670","cg17174275",-0.0053,8e-04,1.4e-10,6.4e-08,"smoking","GW"
"1671","cg21647257",0.0085,0.0013,1.4e-10,6.4e-08,"smoking","GW"
"1672","cg04337534",0.0051,8e-04,1.4e-10,6.4e-08,"smoking","GW"
"1673","cg09202659",-0.0064,0.001,1.5e-10,6.6e-08,"smoking","GW"
"1674","cg15787744",-0.008,0.0012,1.5e-10,6.6e-08,"smoking","GW"
"1675","cg06130714",0.0031,5e-04,1.5e-10,6.6e-08,"smoking","GW"
"1676","cg21393124",-0.0056,9e-04,1.5e-10,6.6e-08,"smoking","GW"
"1677","cg02740606",-0.0084,0.0013,1.5e-10,6.7e-08,"smoking","GW"
"1678","cg22950598",-0.0126,0.002,1.5e-10,6.7e-08,"smoking","GW"
"1679","cg18482892",-0.0105,0.0016,1.5e-10,6.7e-08,"smoking","GW"
"1680","cg04816394",0.0066,0.001,1.5e-10,6.7e-08,"smoking","GW"
"1681","cg18325841",0.0062,0.001,1.5e-10,6.7e-08,"smoking","GW"
"1682","cg17461214",0.0044,7e-04,1.5e-10,6.7e-08,"smoking","GW"
"1683","cg00583733",-0.0053,8e-04,1.5e-10,6.8e-08,"smoking","GW"
"1684","cg10843276",0.0144,0.0022,1.5e-10,6.8e-08,"smoking","GW"
"1685","cg11844970",-0.0054,8e-04,1.6e-10,6.9e-08,"smoking","GW"
"1686","cg18954479",0.0149,0.0023,1.6e-10,6.9e-08,"smoking","GW"
"1687","cg07520810",-0.0099,0.0015,1.6e-10,6.9e-08,"smoking","GW"
"1688","cg07308381",-0.0075,0.0012,1.6e-10,6.9e-08,"smoking","GW"
"1689","cg07819944",0.0054,8e-04,1.6e-10,7e-08,"smoking","GW"
"1690","cg07742396",-0.0138,0.0022,1.6e-10,7.1e-08,"smoking","GW"
"1691","cg16029875",0.0131,0.0021,1.6e-10,7.2e-08,"smoking","GW"
"1692","cg13758913",0.0059,9e-04,1.7e-10,7.3e-08,"smoking","GW"
"1693","cg23541422",-0.0065,0.001,1.7e-10,7.3e-08,"smoking","GW"
"1694","cg20366831",-0.0055,9e-04,1.7e-10,7.3e-08,"smoking","GW"
"1695","cg10750959",0.0067,0.001,1.7e-10,7.4e-08,"smoking","GW"
"1696","cg14989226",-0.0085,0.0013,1.8e-10,7.7e-08,"smoking","GW"
"1697","cg16646054",-0.0119,0.0019,1.8e-10,7.8e-08,"smoking","GW"
"1698","cg10696445",0.0046,7e-04,1.8e-10,7.8e-08,"smoking","GW"
"1699","cg01487468",-0.0089,0.0014,1.8e-10,7.8e-08,"smoking","GW"
"1700","cg13935577",-0.0088,0.0014,1.8e-10,7.9e-08,"smoking","GW"
"1701","cg16983588",0.0197,0.0031,1.8e-10,7.9e-08,"smoking","GW"
"1702","cg24257309",0.0085,0.0013,1.9e-10,8e-08,"smoking","GW"
"1703","cg17333973",-0.0045,7e-04,1.9e-10,8e-08,"smoking","GW"
"1704","cg13452162",-0.0077,0.0012,1.9e-10,8.2e-08,"smoking","GW"
"1705","cg17884674",0.008,0.0013,1.9e-10,8.2e-08,"smoking","GW"
"1706","cg06670463",-0.0083,0.0013,1.9e-10,8.3e-08,"smoking","GW"
"1707","cg24930218",-0.0054,9e-04,1.9e-10,8.3e-08,"smoking","GW"
"1708","cg12699156",-0.007,0.0011,2e-10,8.4e-08,"smoking","GW"
"1709","cg01185345",-0.0082,0.0013,2e-10,8.4e-08,"smoking","GW"
"1710","cg14194983",0.0097,0.0015,2e-10,8.5e-08,"smoking","GW"
"1711","cg11229399",0.0107,0.0017,2e-10,8.5e-08,"smoking","GW"
"1712","cg24869815",0.0049,8e-04,2e-10,8.6e-08,"smoking","GW"
"1713","cg15626881",0.0058,9e-04,2e-10,8.7e-08,"smoking","GW"
"1714","cg25611057",-0.007,0.0011,2.1e-10,8.7e-08,"smoking","GW"
"1715","cg03583050",0.0064,0.001,2.1e-10,8.9e-08,"smoking","GW"
"1716","cg11145461",-0.0105,0.0016,2.1e-10,8.9e-08,"smoking","GW"
"1717","cg17473673",0.0055,9e-04,2.1e-10,9.1e-08,"smoking","GW"
"1718","cg17397607",-0.0126,0.002,2.2e-10,9.2e-08,"smoking","GW"
"1719","cg01453052",-0.0109,0.0017,2.2e-10,9.3e-08,"smoking","GW"
"1720","cg01979157",-0.0081,0.0013,2.2e-10,9.3e-08,"smoking","GW"
"1721","cg10508317",-0.0086,0.0014,2.3e-10,9.5e-08,"smoking","GW"
"1722","cg20289911",-0.0047,7e-04,2.3e-10,9.7e-08,"smoking","GW"
"1723","cg09084200",-0.0114,0.0018,2.3e-10,9.8e-08,"smoking","GW"
"1724","cg07058086",0.0047,7e-04,2.3e-10,9.8e-08,"smoking","GW"
"1725","cg27312979",0.032,0.0051,2.4e-10,1e-07,"smoking","GW"
"1726","cg06151964",0.0083,0.0013,2.4e-10,1e-07,"smoking","GW"
"1727","cg20049273",0.0058,9e-04,2.4e-10,1e-07,"smoking","GW"
"1728","cg15482893",0.0122,0.0019,2.4e-10,1e-07,"smoking","GW"
"1729","cg02917867",-0.0103,0.0016,2.4e-10,1e-07,"smoking","GW"
"1730","cg21788755",-0.0057,9e-04,2.5e-10,1e-07,"smoking","GW"
"1731","cg03681335",0.0079,0.0013,2.5e-10,1e-07,"smoking","GW"
"1732","cg08810238",-0.0074,0.0012,2.5e-10,1e-07,"smoking","GW"
"1733","cg04117801",-0.0051,8e-04,2.5e-10,1e-07,"smoking","GW"
"1734","cg19426731",-0.0066,0.001,2.5e-10,1e-07,"smoking","GW"
"1735","cg22027399",0.0062,0.001,2.5e-10,1e-07,"smoking","GW"
"1736","cg10965178",-0.0108,0.0017,2.5e-10,1e-07,"smoking","GW"
"1737","cg01919377",-0.0053,8e-04,2.5e-10,1.1e-07,"smoking","GW"
"1738","cg20889322",-0.0136,0.0022,2.6e-10,1.1e-07,"smoking","GW"
"1739","cg04095045",0.0037,6e-04,2.6e-10,1.1e-07,"smoking","GW"
"1740","cg24271203",-0.0057,9e-04,2.6e-10,1.1e-07,"smoking","GW"
"1741","cg12147622",-0.0231,0.0037,2.7e-10,1.1e-07,"smoking","GW"
"1742","cg06604199",-0.0086,0.0014,2.7e-10,1.1e-07,"smoking","GW"
"1743","cg13672514",-0.0075,0.0012,2.7e-10,1.1e-07,"smoking","GW"
"1744","cg02161701",0.0078,0.0012,2.8e-10,1.1e-07,"smoking","GW"
"1745","cg22601421",0.0031,5e-04,2.8e-10,1.1e-07,"smoking","GW"
"1746","cg08397758",0.0065,0.001,2.8e-10,1.2e-07,"smoking","GW"
"1747","cg15012027",-0.0115,0.0018,2.8e-10,1.2e-07,"smoking","GW"
"1748","cg13582060",-0.0194,0.0031,2.9e-10,1.2e-07,"smoking","GW"
"1749","cg00665106",0.0071,0.0011,2.9e-10,1.2e-07,"smoking","GW"
"1750","cg09039672",0.0067,0.0011,3e-10,1.2e-07,"smoking","GW"
"1751","cg18777299",-0.0088,0.0014,3e-10,1.2e-07,"smoking","GW"
"1752","cg22377043",0.006,9e-04,3e-10,1.2e-07,"smoking","GW"
"1753","cg10959726",-0.0061,0.001,3.1e-10,1.2e-07,"smoking","GW"
"1754","cg09006159",0.0057,9e-04,3.1e-10,1.3e-07,"smoking","GW"
"1755","cg08640824",-0.0103,0.0016,3.1e-10,1.3e-07,"smoking","GW"
"1756","cg23565821",-0.0149,0.0024,3.2e-10,1.3e-07,"smoking","GW"
"1757","cg09265392",-0.0088,0.0014,3.2e-10,1.3e-07,"smoking","GW"
"1758","cg00867472",0.0082,0.0013,3.3e-10,1.3e-07,"smoking","GW"
"1759","cg25284397",0.0106,0.0017,3.3e-10,1.3e-07,"smoking","GW"
"1760","cg06264663",0.0059,9e-04,3.3e-10,1.3e-07,"smoking","GW"
"1761","cg26364091",-0.0097,0.0015,3.4e-10,1.4e-07,"smoking","GW"
"1762","cg08900404",-0.0131,0.0021,3.4e-10,1.4e-07,"smoking","GW"
"1763","cg01860774",-0.0068,0.0011,3.4e-10,1.4e-07,"smoking","GW"
"1764","cg07151117",-0.0085,0.0014,3.4e-10,1.4e-07,"smoking","GW"
"1765","cg24503881",-0.0047,7e-04,3.4e-10,1.4e-07,"smoking","GW"
"1766","cg14391923",-0.0237,0.0038,3.4e-10,1.4e-07,"smoking","GW"
"1767","cg15963913",0.0089,0.0014,3.5e-10,1.4e-07,"smoking","GW"
"1768","cg24033122",-0.0163,0.0026,3.5e-10,1.4e-07,"smoking","GW"
"1769","cg01481251",-0.0159,0.0025,3.5e-10,1.4e-07,"smoking","GW"
"1770","cg16936060",0.0165,0.0026,3.5e-10,1.4e-07,"smoking","GW"
"1771","cg00756943",-0.0132,0.0021,3.6e-10,1.4e-07,"smoking","GW"
"1772","cg16011250",0.0087,0.0014,3.6e-10,1.4e-07,"smoking","GW"
"1773","cg06672753",0.0042,7e-04,3.6e-10,1.4e-07,"smoking","GW"
"1774","cg26963277",-0.0241,0.0038,3.6e-10,1.4e-07,"smoking","GW"
"1775","cg11679455",-0.006,9e-04,3.7e-10,1.5e-07,"smoking","GW"
"1776","cg14295611",0.0075,0.0012,3.7e-10,1.5e-07,"smoking","GW"
"1777","cg13487983",0.0049,8e-04,3.8e-10,1.5e-07,"smoking","GW"
"1778","cg07202214",-0.0138,0.0022,3.8e-10,1.5e-07,"smoking","GW"
"1779","cg23762517",0.0312,0.005,3.8e-10,1.5e-07,"smoking","GW"
"1780","cg24296397",0.0089,0.0014,3.9e-10,1.5e-07,"smoking","GW"
"1781","cg03090969",-0.0087,0.0014,3.9e-10,1.5e-07,"smoking","GW"
"1782","cg04770751",-0.0184,0.0029,3.9e-10,1.5e-07,"smoking","GW"
"1783","cg00024404",-0.009,0.0014,3.9e-10,1.5e-07,"smoking","GW"
"1784","cg00931843",0.0199,0.0032,3.9e-10,1.5e-07,"smoking","GW"
"1785","cg21913886",-0.015,0.0024,3.9e-10,1.5e-07,"smoking","GW"
"1786","cg03044513",0.0064,0.001,4e-10,1.6e-07,"smoking","GW"
"1787","cg10180092",-0.0155,0.0025,4e-10,1.6e-07,"smoking","GW"
"1788","cg11572675",0.0055,9e-04,4e-10,1.6e-07,"smoking","GW"
"1789","cg18914023",0.0023,4e-04,4e-10,1.6e-07,"smoking","GW"
"1790","cg23046844",0.0037,6e-04,4e-10,1.6e-07,"smoking","GW"
"1791","cg09749364",-0.006,0.001,4e-10,1.6e-07,"smoking","GW"
"1792","cg15531369",-0.0063,0.001,4.1e-10,1.6e-07,"smoking","GW"
"1793","cg10970328",-0.007,0.0011,4.1e-10,1.6e-07,"smoking","GW"
"1794","cg06857018",0.0025,4e-04,4.1e-10,1.6e-07,"smoking","GW"
"1795","cg02286506",0.004,6e-04,4.1e-10,1.6e-07,"smoking","GW"
"1796","cg08479476",-0.0158,0.0025,4.1e-10,1.6e-07,"smoking","GW"
"1797","cg00007076",-0.0153,0.0024,4.2e-10,1.6e-07,"smoking","GW"
"1798","cg13142374",0.0046,7e-04,4.2e-10,1.6e-07,"smoking","GW"
"1799","cg01936839",-0.0096,0.0015,4.2e-10,1.6e-07,"smoking","GW"
"1800","cg07421287",-0.0115,0.0018,4.2e-10,1.6e-07,"smoking","GW"
"1801","cg10581837",0.0149,0.0024,4.3e-10,1.7e-07,"smoking","GW"
"1802","cg23003085",-0.0077,0.0012,4.3e-10,1.7e-07,"smoking","GW"
"1803","cg13024368",0.0041,7e-04,4.3e-10,1.7e-07,"smoking","GW"
"1804","cg16649298",0.014,0.0022,4.4e-10,1.7e-07,"smoking","GW"
"1805","cg03916421",-0.0103,0.0017,4.5e-10,1.7e-07,"smoking","GW"
"1806","cg16276850",0.0106,0.0017,4.5e-10,1.7e-07,"smoking","GW"
"1807","cg12649208",0.0043,7e-04,4.6e-10,1.8e-07,"smoking","GW"
"1808","cg05784862",-0.0093,0.0015,4.6e-10,1.8e-07,"smoking","GW"
"1809","cg19802390",0.0109,0.0017,4.6e-10,1.8e-07,"smoking","GW"
"1810","cg05914034",-0.0127,0.002,4.6e-10,1.8e-07,"smoking","GW"
"1811","cg21350153",0.0072,0.0012,4.6e-10,1.8e-07,"smoking","GW"
"1812","cg00423486",0.0055,9e-04,4.6e-10,1.8e-07,"smoking","GW"
"1813","cg00893603",-0.0245,0.0039,4.7e-10,1.8e-07,"smoking","GW"
"1814","cg16744741",0.0124,0.002,4.7e-10,1.8e-07,"smoking","GW"
"1815","cg02097120",-0.0071,0.0011,4.7e-10,1.8e-07,"smoking","GW"
"1816","cg06663317",-0.0059,0.001,4.7e-10,1.8e-07,"smoking","GW"
"1817","cg18419271",0.0091,0.0015,4.7e-10,1.8e-07,"smoking","GW"
"1818","cg20714487",0.0033,5e-04,4.7e-10,1.8e-07,"smoking","GW"
"1819","cg03109660",-0.0119,0.0019,4.8e-10,1.8e-07,"smoking","GW"
"1820","cg11327659",0.0091,0.0015,4.8e-10,1.8e-07,"smoking","GW"
"1821","cg14701962",0.0069,0.0011,4.8e-10,1.8e-07,"smoking","GW"
"1822","cg05222924",0.0066,0.0011,4.9e-10,1.8e-07,"smoking","GW"
"1823","cg18810691",-0.0066,0.0011,4.9e-10,1.9e-07,"smoking","GW"
"1824","cg03224013",-0.0128,0.0021,5e-10,1.9e-07,"smoking","GW"
"1825","cg24495528",-0.0069,0.0011,5e-10,1.9e-07,"smoking","GW"
"1826","cg13525276",0.023,0.0037,5.4e-10,2e-07,"smoking","GW"
"1827","cg15108490",0.0037,6e-04,5.4e-10,2e-07,"smoking","GW"
"1828","cg14852355",0.0061,0.001,5.5e-10,2e-07,"smoking","GW"
"1829","cg27000944",-0.0084,0.0013,5.5e-10,2.1e-07,"smoking","GW"
"1830","cg01651915",-0.0248,0.004,5.5e-10,2.1e-07,"smoking","GW"
"1831","cg16937168",-0.0107,0.0017,5.5e-10,2.1e-07,"smoking","GW"
"1832","cg10479082",0.0063,0.001,5.5e-10,2.1e-07,"smoking","GW"
"1833","cg12166476",0.0137,0.0022,5.6e-10,2.1e-07,"smoking","GW"
"1834","cg21434376",0.0132,0.0021,5.6e-10,2.1e-07,"smoking","GW"
"1835","cg07450086",-0.0102,0.0017,5.6e-10,2.1e-07,"smoking","GW"
"1836","cg19827923",-0.0119,0.0019,5.6e-10,2.1e-07,"smoking","GW"
"1837","cg03646329",-0.0244,0.0039,5.6e-10,2.1e-07,"smoking","GW"
"1838","cg16269733",-0.0122,0.002,5.7e-10,2.1e-07,"smoking","GW"
"1839","cg06283478",0.0073,0.0012,5.8e-10,2.2e-07,"smoking","GW"
"1840","cg11419064",0.0042,7e-04,5.8e-10,2.2e-07,"smoking","GW"
"1841","cg12622182",-0.0097,0.0016,5.9e-10,2.2e-07,"smoking","GW"
"1842","cg14906103",0.0085,0.0014,5.9e-10,2.2e-07,"smoking","GW"
"1843","cg05135521",-0.0191,0.0031,5.9e-10,2.2e-07,"smoking","GW"
"1844","cg18369034",-0.0162,0.0026,6.1e-10,2.2e-07,"smoking","GW"
"1845","cg13257421",0.0076,0.0012,6.1e-10,2.2e-07,"smoking","GW"
"1846","cg24448421",0.0154,0.0025,6.1e-10,2.2e-07,"smoking","GW"
"1847","cg27583010",-0.0072,0.0012,6.1e-10,2.2e-07,"smoking","GW"
"1848","cg00808648",0.0065,0.0011,6.1e-10,2.3e-07,"smoking","GW"
"1849","cg14089503",-0.0121,0.002,6.1e-10,2.3e-07,"smoking","GW"
"1850","cg06688763",0.02,0.0032,6.2e-10,2.3e-07,"smoking","GW"
"1851","cg07751331",-0.0089,0.0014,6.2e-10,2.3e-07,"smoking","GW"
"1852","cg03836615",0.0052,8e-04,6.2e-10,2.3e-07,"smoking","GW"
"1853","cg27178191",0.0089,0.0014,6.2e-10,2.3e-07,"smoking","GW"
"1854","cg01423695",0.0064,0.001,6.3e-10,2.3e-07,"smoking","GW"
"1855","cg15234271",0.0046,7e-04,6.3e-10,2.3e-07,"smoking","GW"
"1856","cg07651540",0.0066,0.0011,6.3e-10,2.3e-07,"smoking","GW"
"1857","cg03832440",-0.0126,0.002,6.3e-10,2.3e-07,"smoking","GW"
"1858","cg18547299",0.0048,8e-04,6.3e-10,2.3e-07,"smoking","GW"
"1859","cg27262054",-0.0158,0.0026,6.4e-10,2.3e-07,"smoking","GW"
"1860","cg05228408",-0.0085,0.0014,6.4e-10,2.3e-07,"smoking","GW"
"1861","cg02782510",0.0058,9e-04,6.4e-10,2.3e-07,"smoking","GW"
"1862","cg14539422",0.0033,5e-04,6.4e-10,2.3e-07,"smoking","GW"
"1863","cg11134246",0.0058,9e-04,6.5e-10,2.4e-07,"smoking","GW"
"1864","cg17819085",-0.0095,0.0015,6.7e-10,2.4e-07,"smoking","GW"
"1865","cg26219182",-0.0038,6e-04,6.7e-10,2.4e-07,"smoking","GW"
"1866","cg11551464",0.0066,0.0011,6.7e-10,2.4e-07,"smoking","GW"
"1867","cg02385153",0.0107,0.0017,6.8e-10,2.5e-07,"smoking","GW"
"1868","cg13707943",-0.0066,0.0011,6.8e-10,2.5e-07,"smoking","GW"
"1869","cg04704634",0.0076,0.0012,6.9e-10,2.5e-07,"smoking","GW"
"1870","cg09762021",0.0075,0.0012,7.1e-10,2.5e-07,"smoking","GW"
"1871","cg10255761",-0.0145,0.0023,7.2e-10,2.6e-07,"smoking","GW"
"1872","cg18082788",-0.0167,0.0027,7.2e-10,2.6e-07,"smoking","GW"
"1873","cg19529732",0.0067,0.0011,7.2e-10,2.6e-07,"smoking","GW"
"1874","cg26640901",-0.0058,9e-04,7.2e-10,2.6e-07,"smoking","GW"
"1875","cg23672278",-0.009,0.0015,7.2e-10,2.6e-07,"smoking","GW"
"1876","cg21345826",0.005,8e-04,7.3e-10,2.6e-07,"smoking","GW"
"1877","cg04040925",0.0033,5e-04,7.3e-10,2.6e-07,"smoking","GW"
"1878","cg22875823",-0.0082,0.0013,7.5e-10,2.7e-07,"smoking","GW"
"1879","cg02104962",-0.0065,0.0011,7.5e-10,2.7e-07,"smoking","GW"
"1880","cg11827514",-0.0216,0.0035,7.5e-10,2.7e-07,"smoking","GW"
"1881","cg18006990",-0.0069,0.0011,7.6e-10,2.7e-07,"smoking","GW"
"1882","cg08940075",0.0061,0.001,7.6e-10,2.7e-07,"smoking","GW"
"1883","cg14635659",-0.0039,6e-04,7.6e-10,2.7e-07,"smoking","GW"
"1884","cg20469837",0.0077,0.0013,7.7e-10,2.8e-07,"smoking","GW"
"1885","cg23094674",0.0042,7e-04,7.8e-10,2.8e-07,"smoking","GW"
"1886","cg00177243",0.017,0.0028,7.8e-10,2.8e-07,"smoking","GW"
"1887","cg25292882",-0.0135,0.0022,7.8e-10,2.8e-07,"smoking","GW"
"1888","cg00233633",0.0039,6e-04,7.8e-10,2.8e-07,"smoking","GW"
"1889","cg14330293",0.0064,0.001,7.8e-10,2.8e-07,"smoking","GW"
"1890","cg05802386",-0.0084,0.0014,7.9e-10,2.8e-07,"smoking","GW"
"1891","cg04701628",0.0051,8e-04,8e-10,2.8e-07,"smoking","GW"
"1892","cg03958308",-0.0171,0.0028,8e-10,2.8e-07,"smoking","GW"
"1893","cg01300096",-0.0074,0.0012,8e-10,2.8e-07,"smoking","GW"
"1894","cg20468883",-0.0076,0.0012,8.1e-10,2.9e-07,"smoking","GW"
"1895","cg18335991",-0.0135,0.0022,8.1e-10,2.9e-07,"smoking","GW"
"1896","cg08022502",-0.0068,0.0011,8.2e-10,2.9e-07,"smoking","GW"
"1897","cg06235438",-0.0144,0.0023,8.4e-10,2.9e-07,"smoking","GW"
"1898","cg01207684",-0.0246,0.004,8.4e-10,2.9e-07,"smoking","GW"
"1899","cg18028767",0.0069,0.0011,8.5e-10,3e-07,"smoking","GW"
"1900","cg00324097",-0.0121,0.002,8.6e-10,3e-07,"smoking","GW"
"1901","cg22014430",-0.0052,8e-04,8.7e-10,3e-07,"smoking","GW"
"1902","cg17975379",0.005,8e-04,8.7e-10,3.1e-07,"smoking","GW"
"1903","cg12336777",0.0068,0.0011,8.8e-10,3.1e-07,"smoking","GW"
"1904","cg22069247",0.0087,0.0014,8.8e-10,3.1e-07,"smoking","GW"
"1905","cg03446062",0.0073,0.0012,9.1e-10,3.2e-07,"smoking","GW"
"1906","cg10908953",-0.0061,0.001,9.3e-10,3.3e-07,"smoking","GW"
"1907","cg16702313",-0.0081,0.0013,9.5e-10,3.3e-07,"smoking","GW"
"1908","cg03234777",-0.0132,0.0022,9.5e-10,3.3e-07,"smoking","GW"
"1909","cg16340422",0.0182,0.003,9.6e-10,3.3e-07,"smoking","GW"
"1910","cg07986378",-0.029,0.0047,9.6e-10,3.3e-07,"smoking","GW"
"1911","cg09825327",-0.005,8e-04,9.7e-10,3.4e-07,"smoking","GW"
"1912","cg03970900",0.0133,0.0022,9.7e-10,3.4e-07,"smoking","GW"
"1913","cg15777760",-0.0115,0.0019,9.9e-10,3.4e-07,"smoking","GW"
"1914","cg04163119",-0.0043,7e-04,9.9e-10,3.4e-07,"smoking","GW"
"1915","cg26703507",-0.0202,0.0033,9.9e-10,3.4e-07,"smoking","GW"
"1916","cg27633342",0.0067,0.0011,1e-09,3.5e-07,"smoking","GW"
"1917","cg23387863",0.0086,0.0014,1e-09,3.5e-07,"smoking","GW"
"1918","cg06483559",-0.006,0.001,1e-09,3.5e-07,"smoking","GW"
"1919","cg03707168",-0.0285,0.0047,1e-09,3.5e-07,"smoking","GW"
"1920","cg18828619",-0.0066,0.0011,1e-09,3.5e-07,"smoking","GW"
"1921","cg11344533",-0.0098,0.0016,1e-09,3.5e-07,"smoking","GW"
"1922","cg26995224",-0.0212,0.0035,1e-09,3.5e-07,"smoking","GW"
"1923","cg09084391",-0.0114,0.0019,1e-09,3.6e-07,"smoking","GW"
"1924","cg11824827",0.0132,0.0022,1e-09,3.6e-07,"smoking","GW"
"1925","cg09762515",0.0154,0.0025,1e-09,3.6e-07,"smoking","GW"
"1926","cg05047401",0.0118,0.0019,1.1e-09,3.6e-07,"smoking","GW"
"1927","cg21268659",0.0051,8e-04,1.1e-09,3.6e-07,"smoking","GW"
"1928","cg06214925",-0.0059,0.001,1.1e-09,3.6e-07,"smoking","GW"
"1929","cg03340878",-0.0204,0.0033,1.1e-09,3.6e-07,"smoking","GW"
"1930","cg17422460",-0.012,0.002,1.1e-09,3.6e-07,"smoking","GW"
"1931","cg07471614",-0.0079,0.0013,1.1e-09,3.6e-07,"smoking","GW"
"1932","cg24105081",-0.0138,0.0023,1.1e-09,3.6e-07,"smoking","GW"
"1933","cg19197419",-0.0133,0.0022,1.1e-09,3.6e-07,"smoking","GW"
"1934","cg03466562",-0.0046,8e-04,1.1e-09,3.7e-07,"smoking","GW"
"1935","cg04481603",-0.0067,0.0011,1.1e-09,3.7e-07,"smoking","GW"
"1936","cg22160883",-0.0062,0.001,1.1e-09,3.7e-07,"smoking","GW"
"1937","cg02032558",-0.0127,0.0021,1.1e-09,3.7e-07,"smoking","GW"
"1938","cg25011395",-0.0045,7e-04,1.1e-09,3.7e-07,"smoking","GW"
"1939","cg20853880",-0.0112,0.0018,1.1e-09,3.7e-07,"smoking","GW"
"1940","cg18262201",-0.012,0.002,1.1e-09,3.7e-07,"smoking","GW"
"1941","cg05099952",-0.0064,0.0011,1.1e-09,3.8e-07,"smoking","GW"
"1942","cg20059377",-0.008,0.0013,1.1e-09,3.8e-07,"smoking","GW"
"1943","cg09350536",-0.0076,0.0012,1.1e-09,3.8e-07,"smoking","GW"
"1944","cg03519967",0.0098,0.0016,1.2e-09,3.9e-07,"smoking","GW"
"1945","cg06738169",-0.0074,0.0012,1.2e-09,3.9e-07,"smoking","GW"
"1946","cg17900199",-0.0067,0.0011,1.2e-09,3.9e-07,"smoking","GW"
"1947","cg05051464",-0.0046,8e-04,1.2e-09,3.9e-07,"smoking","GW"
"1948","cg18824446",-0.0101,0.0017,1.2e-09,4e-07,"smoking","GW"
"1949","cg00953154",-0.0027,4e-04,1.2e-09,4e-07,"smoking","GW"
"1950","cg08243524",-0.0136,0.0022,1.2e-09,4e-07,"smoking","GW"
"1951","cg01601926",-0.0048,8e-04,1.2e-09,4.1e-07,"smoking","GW"
"1952","cg07123182",-0.0111,0.0018,1.2e-09,4.1e-07,"smoking","GW"
"1953","cg15059065",-0.016,0.0026,1.2e-09,4.1e-07,"smoking","GW"
"1954","cg05058354",-0.007,0.0012,1.2e-09,4.1e-07,"smoking","GW"
"1955","cg22705959",-0.0094,0.0016,1.2e-09,4.1e-07,"smoking","GW"
"1956","cg16353615",0.0083,0.0014,1.2e-09,4.1e-07,"smoking","GW"
"1957","cg11940960",-0.0086,0.0014,1.2e-09,4.1e-07,"smoking","GW"
"1958","cg25221975",0.0101,0.0017,1.3e-09,4.2e-07,"smoking","GW"
"1959","cg11601297",-0.0077,0.0013,1.3e-09,4.2e-07,"smoking","GW"
"1960","cg17207590",0.0096,0.0016,1.3e-09,4.2e-07,"smoking","GW"
"1961","cg05138138",-0.0046,8e-04,1.3e-09,4.2e-07,"smoking","GW"
"1962","cg04545963",-0.0128,0.0021,1.3e-09,4.2e-07,"smoking","GW"
"1963","cg24847230",-0.0045,7e-04,1.3e-09,4.3e-07,"smoking","GW"
"1964","cg13541527",-0.024,0.004,1.3e-09,4.3e-07,"smoking","GW"
"1965","cg01465596",0.0109,0.0018,1.3e-09,4.3e-07,"smoking","GW"
"1966","cg04907244",-0.0129,0.0021,1.3e-09,4.3e-07,"smoking","GW"
"1967","cg16037981",0.0048,8e-04,1.3e-09,4.3e-07,"smoking","GW"
"1968","cg18394567",-0.0071,0.0012,1.3e-09,4.3e-07,"smoking","GW"
"1969","cg05460226",-0.0209,0.0034,1.3e-09,4.4e-07,"smoking","GW"
"1970","cg16903811",-0.0094,0.0016,1.3e-09,4.4e-07,"smoking","GW"
"1971","cg17933936",-0.0054,9e-04,1.4e-09,4.5e-07,"smoking","GW"
"1972","cg09588020",-0.0079,0.0013,1.4e-09,4.5e-07,"smoking","GW"
"1973","cg25962015",-0.0136,0.0022,1.4e-09,4.5e-07,"smoking","GW"
"1974","cg14880079",0.0053,9e-04,1.4e-09,4.5e-07,"smoking","GW"
"1975","cg20563269",-0.017,0.0028,1.4e-09,4.6e-07,"smoking","GW"
"1976","cg02646073",0.0058,0.001,1.4e-09,4.7e-07,"smoking","GW"
"1977","cg02871659",-0.0144,0.0024,1.4e-09,4.7e-07,"smoking","GW"
"1978","cg03373393",-0.0078,0.0013,1.5e-09,4.8e-07,"smoking","GW"
"1979","cg24931658",-0.0142,0.0023,1.5e-09,4.8e-07,"smoking","GW"
"1980","cg25205699",0.0041,7e-04,1.5e-09,4.8e-07,"smoking","GW"
"1981","cg12459502",0.0074,0.0012,1.5e-09,4.9e-07,"smoking","GW"
"1982","cg21681705",0.0116,0.0019,1.5e-09,5e-07,"smoking","GW"
"1983","cg15636519",-0.0123,0.002,1.5e-09,5e-07,"smoking","GW"
"1984","cg02187196",-0.0088,0.0014,1.5e-09,5e-07,"smoking","GW"
"1985","cg17065712",-0.0062,0.001,1.5e-09,5e-07,"smoking","GW"
"1986","cg04761746",-0.0085,0.0014,1.6e-09,5e-07,"smoking","GW"
"1987","cg04685387",-0.0134,0.0022,1.6e-09,5.1e-07,"smoking","GW"
"1988","cg16651552",0.0075,0.0012,1.6e-09,5.1e-07,"smoking","GW"
"1989","cg11527913",-0.0067,0.0011,1.6e-09,5.1e-07,"smoking","GW"
"1990","cg22035959",-0.0057,0.001,1.6e-09,5.1e-07,"smoking","GW"
"1991","cg01715384",0.0053,9e-04,1.6e-09,5.1e-07,"smoking","GW"
"1992","cg23290456",-0.0027,4e-04,1.6e-09,5.1e-07,"smoking","GW"
"1993","cg19641804",-0.0088,0.0015,1.6e-09,5.2e-07,"smoking","GW"
"1994","cg05526498",0.0051,8e-04,1.6e-09,5.3e-07,"smoking","GW"
"1995","cg07743805",0.0056,9e-04,1.6e-09,5.3e-07,"smoking","GW"
"1996","cg02629070",0.0073,0.0012,1.6e-09,5.3e-07,"smoking","GW"
"1997","cg14179389",-0.0237,0.0039,1.7e-09,5.3e-07,"smoking","GW"
"1998","cg22928954",-0.0104,0.0017,1.7e-09,5.3e-07,"smoking","GW"
"1999","cg23615741",-0.0204,0.0034,1.7e-09,5.4e-07,"smoking","GW"
"2000","cg10858677",-0.0151,0.0025,1.7e-09,5.4e-07,"smoking","GW"
"2001","cg01882991",-0.0151,0.0025,1.7e-09,5.4e-07,"smoking","GW"
"2002","cg08766770",0.0056,9e-04,1.7e-09,5.4e-07,"smoking","GW"
"2003","cg07873128",0.0043,7e-04,1.7e-09,5.4e-07,"smoking","GW"
"2004","cg03127898",0.0068,0.0011,1.7e-09,5.5e-07,"smoking","GW"
"2005","cg13652493",-0.0027,4e-04,1.7e-09,5.5e-07,"smoking","GW"
"2006","cg20438687",-0.0125,0.0021,1.7e-09,5.5e-07,"smoking","GW"
"2007","cg11550064",0.0063,0.001,1.7e-09,5.5e-07,"smoking","GW"
"2008","cg00540464",-0.0052,9e-04,1.7e-09,5.5e-07,"smoking","GW"
"2009","cg24711224",-0.0059,0.001,1.7e-09,5.6e-07,"smoking","GW"
"2010","cg10993442",-0.0053,9e-04,1.8e-09,5.6e-07,"smoking","GW"
"2011","cg02507296",-0.0061,0.001,1.8e-09,5.7e-07,"smoking","GW"
"2012","cg19618279",-0.0057,0.001,1.8e-09,5.7e-07,"smoking","GW"
"2013","cg04276669",0.0045,7e-04,1.8e-09,5.7e-07,"smoking","GW"
"2014","cg03884592",0.0264,0.0044,1.8e-09,5.8e-07,"smoking","GW"
"2015","cg04411044",-0.014,0.0023,1.8e-09,5.8e-07,"smoking","GW"
"2016","cg21834204",0.0074,0.0012,1.8e-09,5.8e-07,"smoking","GW"
"2017","cg04813697",-0.0177,0.0029,1.8e-09,5.8e-07,"smoking","GW"
"2018","cg16767506",0.0068,0.0011,1.8e-09,5.9e-07,"smoking","GW"
"2019","cg24908166",-0.0085,0.0014,1.9e-09,5.9e-07,"smoking","GW"
"2020","cg05396397",0.0164,0.0027,1.9e-09,5.9e-07,"smoking","GW"
"2021","cg17560073",0.0091,0.0015,1.9e-09,5.9e-07,"smoking","GW"
"2022","cg06361405",0.0028,5e-04,1.9e-09,5.9e-07,"smoking","GW"
"2023","cg22678092",-0.0088,0.0015,1.9e-09,6e-07,"smoking","GW"
"2024","cg19211915",0.007,0.0012,1.9e-09,6e-07,"smoking","GW"
"2025","cg07044859",-0.0179,0.003,1.9e-09,6e-07,"smoking","GW"
"2026","cg20892260",0.0047,8e-04,1.9e-09,6e-07,"smoking","GW"
"2027","cg27618939",0.0074,0.0012,1.9e-09,6e-07,"smoking","GW"
"2028","cg08867399",-0.0178,0.003,1.9e-09,6e-07,"smoking","GW"
"2029","cg05534710",0.003,5e-04,1.9e-09,6e-07,"smoking","GW"
"2030","cg24142464",-0.007,0.0012,1.9e-09,6.1e-07,"smoking","GW"
"2031","cg14010720",-0.0086,0.0014,2e-09,6.2e-07,"smoking","GW"
"2032","cg09635954",-0.0163,0.0027,2e-09,6.2e-07,"smoking","GW"
"2033","cg27628849",0.0057,0.001,2e-09,6.4e-07,"smoking","GW"
"2034","cg27310486",0.0045,7e-04,2.1e-09,6.5e-07,"smoking","GW"
"2035","cg17298925",0.0156,0.0026,2.1e-09,6.5e-07,"smoking","GW"
"2036","cg14741228",-0.0086,0.0014,2.1e-09,6.6e-07,"smoking","GW"
"2037","cg18991417",0.0123,0.0021,2.1e-09,6.6e-07,"smoking","GW"
"2038","cg06433467",-0.0096,0.0016,2.1e-09,6.7e-07,"smoking","GW"
"2039","cg12298445",-0.0053,9e-04,2.1e-09,6.7e-07,"smoking","GW"
"2040","cg27006914",-0.0068,0.0011,2.2e-09,6.8e-07,"smoking","GW"
"2041","cg19300307",-0.0048,8e-04,2.2e-09,6.8e-07,"smoking","GW"
"2042","cg27560367",-0.0056,9e-04,2.2e-09,6.8e-07,"smoking","GW"
"2043","cg09977376",0.0035,6e-04,2.2e-09,6.9e-07,"smoking","GW"
"2044","cg22858500",-0.0152,0.0025,2.2e-09,7e-07,"smoking","GW"
"2045","cg21587837",-0.0067,0.0011,2.2e-09,7e-07,"smoking","GW"
"2046","cg05093686",-0.0048,8e-04,2.3e-09,7e-07,"smoking","GW"
"2047","cg19030554",-0.0141,0.0024,2.3e-09,7e-07,"smoking","GW"
"2048","cg16219322",-0.008,0.0013,2.3e-09,7.1e-07,"smoking","GW"
"2049","cg06478823",0.0077,0.0013,2.3e-09,7.1e-07,"smoking","GW"
"2050","cg11152384",-0.0094,0.0016,2.3e-09,7.1e-07,"smoking","GW"
"2051","cg13633560",-0.0153,0.0026,2.3e-09,7.2e-07,"smoking","GW"
"2052","cg11599718",0.0051,9e-04,2.4e-09,7.3e-07,"smoking","GW"
"2053","cg14687145",0.0066,0.0011,2.4e-09,7.3e-07,"smoking","GW"
"2054","cg21334048",-0.0062,0.001,2.4e-09,7.3e-07,"smoking","GW"
"2055","cg20272648",-0.0047,8e-04,2.4e-09,7.3e-07,"smoking","GW"
"2056","cg26585644",-0.0058,0.001,2.4e-09,7.3e-07,"smoking","GW"
"2057","cg09611599",0.0222,0.0037,2.4e-09,7.4e-07,"smoking","GW"
"2058","cg11270278",-0.0071,0.0012,2.4e-09,7.5e-07,"smoking","GW"
"2059","cg00981651",0.0034,6e-04,2.5e-09,7.6e-07,"smoking","GW"
"2060","cg06638433",-0.005,8e-04,2.5e-09,7.6e-07,"smoking","GW"
"2061","cg03864215",-0.006,0.001,2.5e-09,7.7e-07,"smoking","GW"
"2062","cg17823346",-0.0128,0.0021,2.5e-09,7.7e-07,"smoking","GW"
"2063","cg17551891",-0.0214,0.0036,2.5e-09,7.7e-07,"smoking","GW"
"2064","cg00198594",0.0038,6e-04,2.6e-09,7.9e-07,"smoking","GW"
"2065","cg03833097",-0.0061,0.001,2.6e-09,7.9e-07,"smoking","GW"
"2066","cg06599169",-0.0103,0.0017,2.6e-09,8e-07,"smoking","GW"
"2067","cg27488095",-0.0043,7e-04,2.7e-09,8.1e-07,"smoking","GW"
"2068","cg18676273",-0.012,0.002,2.7e-09,8.2e-07,"smoking","GW"
"2069","cg12494529",-0.0072,0.0012,2.7e-09,8.3e-07,"smoking","GW"
"2070","cg19555708",-0.0087,0.0015,2.7e-09,8.3e-07,"smoking","GW"
"2071","cg00759807",-0.0065,0.0011,2.7e-09,8.3e-07,"smoking","GW"
"2072","cg07278634",0.0084,0.0014,2.8e-09,8.4e-07,"smoking","GW"
"2073","cg14023239",0.0026,4e-04,2.8e-09,8.5e-07,"smoking","GW"
"2074","cg18651578",0.0051,9e-04,2.8e-09,8.5e-07,"smoking","GW"
"2075","cg07504763",-0.0066,0.0011,2.8e-09,8.5e-07,"smoking","GW"
"2076","cg13782301",0.0128,0.0022,2.8e-09,8.5e-07,"smoking","GW"
"2077","cg13642872",-0.0108,0.0018,2.8e-09,8.5e-07,"smoking","GW"
"2078","cg02373104",0.0046,8e-04,2.8e-09,8.6e-07,"smoking","GW"
"2079","cg26070757",0.0051,9e-04,2.9e-09,8.6e-07,"smoking","GW"
"2080","cg08256536",-0.0071,0.0012,2.9e-09,8.7e-07,"smoking","GW"
"2081","cg05487507",-0.012,0.002,2.9e-09,8.8e-07,"smoking","GW"
"2082","cg21691065",0.0055,9e-04,2.9e-09,8.8e-07,"smoking","GW"
"2083","cg26900995",-0.0097,0.0016,2.9e-09,8.9e-07,"smoking","GW"
"2084","cg09651136",0.0077,0.0013,3e-09,8.9e-07,"smoking","GW"
"2085","cg25649826",-0.0053,9e-04,3e-09,9.1e-07,"smoking","GW"
"2086","cg13464337",-0.0083,0.0014,3e-09,9.1e-07,"smoking","GW"
"2087","cg21756476",0.0172,0.0029,3.1e-09,9.2e-07,"smoking","GW"
"2088","cg22849665",-0.0141,0.0024,3.1e-09,9.2e-07,"smoking","GW"
"2089","cg13545717",0.0061,0.001,3.1e-09,9.2e-07,"smoking","GW"
"2090","cg04134748",0.0138,0.0023,3.1e-09,9.2e-07,"smoking","GW"
"2091","cg16755833",0.0056,0.001,3.2e-09,9.6e-07,"smoking","GW"
"2092","cg23720331",0.0025,4e-04,3.2e-09,9.6e-07,"smoking","GW"
"2093","cg05485379",-0.0022,4e-04,3.3e-09,9.7e-07,"smoking","GW"
"2094","cg10629249",-0.0062,0.001,3.3e-09,9.7e-07,"smoking","GW"
"2095","cg25537245",-0.0057,0.001,3.3e-09,9.9e-07,"smoking","GW"
"2096","cg11095027",0.0124,0.0021,3.4e-09,1e-06,"smoking","GW"
"2097","cg01782024",0.006,0.001,3.4e-09,1e-06,"smoking","GW"
"2098","cg06700877",-0.0088,0.0015,3.4e-09,1e-06,"smoking","GW"
"2099","cg13834112",0.0131,0.0022,3.5e-09,1e-06,"smoking","GW"
"2100","cg25923345",-0.0032,5e-04,3.5e-09,1e-06,"smoking","GW"
"2101","cg05946118",-0.0044,7e-04,3.5e-09,1e-06,"smoking","GW"
"2102","cg20533899",-0.0081,0.0014,3.5e-09,1e-06,"smoking","GW"
"2103","cg06866033",-0.0101,0.0017,3.6e-09,1.1e-06,"smoking","GW"
"2104","cg15074033",0.0069,0.0012,3.6e-09,1.1e-06,"smoking","GW"
"2105","cg25064552",-0.0079,0.0013,3.6e-09,1.1e-06,"smoking","GW"
"2106","cg17323704",-0.0019,3e-04,3.6e-09,1.1e-06,"smoking","GW"
"2107","cg06599908",0.0117,0.002,3.7e-09,1.1e-06,"smoking","GW"
"2108","cg07996785",0.0029,5e-04,3.7e-09,1.1e-06,"smoking","GW"
"2109","cg06577850",-0.0115,0.002,3.7e-09,1.1e-06,"smoking","GW"
"2110","cg05660670",0.0033,6e-04,3.7e-09,1.1e-06,"smoking","GW"
"2111","cg10359157",-0.0087,0.0015,3.7e-09,1.1e-06,"smoking","GW"
"2112","cg13787850",-0.0187,0.0032,3.8e-09,1.1e-06,"smoking","GW"
"2113","cg06648759",0.0125,0.0021,3.8e-09,1.1e-06,"smoking","GW"
"2114","cg08239426",0.0057,0.001,3.8e-09,1.1e-06,"smoking","GW"
"2115","cg21067023",-0.0163,0.0028,3.8e-09,1.1e-06,"smoking","GW"
"2116","cg13795986",-0.012,0.002,3.9e-09,1.1e-06,"smoking","GW"
"2117","cg14021478",-0.0087,0.0015,3.9e-09,1.1e-06,"smoking","GW"
"2118","cg06762457",-0.0192,0.0033,3.9e-09,1.1e-06,"smoking","GW"
"2119","cg20309891",-0.007,0.0012,4e-09,1.2e-06,"smoking","GW"
"2120","cg15935121",0.0068,0.0012,4e-09,1.2e-06,"smoking","GW"
"2121","cg19022697",-0.0176,0.003,4e-09,1.2e-06,"smoking","GW"
"2122","cg25818583",-0.015,0.0025,4e-09,1.2e-06,"smoking","GW"
"2123","cg06795233",0.0119,0.002,4e-09,1.2e-06,"smoking","GW"
"2124","cg04221461",0.0127,0.0022,4e-09,1.2e-06,"smoking","GW"
"2125","cg00116430",-0.0197,0.0034,4.1e-09,1.2e-06,"smoking","GW"
"2126","cg18806997",-0.0093,0.0016,4.1e-09,1.2e-06,"smoking","GW"
"2127","cg08361238",-0.0059,0.001,4.1e-09,1.2e-06,"smoking","GW"
"2128","cg00326958",-0.0101,0.0017,4.1e-09,1.2e-06,"smoking","GW"
"2129","cg07556018",0.0119,0.002,4.1e-09,1.2e-06,"smoking","GW"
"2130","cg06649191",0.0033,6e-04,4.2e-09,1.2e-06,"smoking","GW"
"2131","cg27443779",-0.004,7e-04,4.2e-09,1.2e-06,"smoking","GW"
"2132","cg16237191",0.0117,0.002,4.2e-09,1.2e-06,"smoking","GW"
"2133","cg27430293",0.0158,0.0027,4.3e-09,1.2e-06,"smoking","GW"
"2134","cg03710029",0.0054,9e-04,4.3e-09,1.2e-06,"smoking","GW"
"2135","cg17861836",-0.0141,0.0024,4.3e-09,1.3e-06,"smoking","GW"
"2136","cg22283754",-0.0033,6e-04,4.3e-09,1.3e-06,"smoking","GW"
"2137","cg16320419",-0.0078,0.0013,4.4e-09,1.3e-06,"smoking","GW"
"2138","cg08817867",0.0049,8e-04,4.4e-09,1.3e-06,"smoking","GW"
"2139","cg25947283",-0.0042,7e-04,4.4e-09,1.3e-06,"smoking","GW"
"2140","cg03877174",0.0104,0.0018,4.5e-09,1.3e-06,"smoking","GW"
"2141","cg11375458",-0.0056,0.001,4.5e-09,1.3e-06,"smoking","GW"
"2142","cg22797644",-0.0079,0.0013,4.5e-09,1.3e-06,"smoking","GW"
"2143","cg16541026",-0.0117,0.002,4.6e-09,1.3e-06,"smoking","GW"
"2144","cg25347941",0.0076,0.0013,4.6e-09,1.3e-06,"smoking","GW"
"2145","cg27405731",0.0153,0.0026,4.6e-09,1.3e-06,"smoking","GW"
"2146","cg08409562",0.0071,0.0012,4.6e-09,1.3e-06,"smoking","GW"
"2147","cg10676309",0.0051,9e-04,4.6e-09,1.3e-06,"smoking","GW"
"2148","cg22103219",-0.0165,0.0028,4.7e-09,1.3e-06,"smoking","GW"
"2149","cg17588293",0.0025,4e-04,4.7e-09,1.3e-06,"smoking","GW"
"2150","cg05394800",-0.006,0.001,4.7e-09,1.3e-06,"smoking","GW"
"2151","cg13751330",-0.0038,6e-04,4.8e-09,1.4e-06,"smoking","GW"
"2152","cg23169111",0.0088,0.0015,4.8e-09,1.4e-06,"smoking","GW"
"2153","cg06418475",-0.0128,0.0022,4.9e-09,1.4e-06,"smoking","GW"
"2154","cg16988810",-0.0094,0.0016,4.9e-09,1.4e-06,"smoking","GW"
"2155","cg08097581",-0.0062,0.0011,4.9e-09,1.4e-06,"smoking","GW"
"2156","cg16254309",-0.01,0.0017,4.9e-09,1.4e-06,"smoking","GW"
"2157","cg12177944",-0.0066,0.0011,4.9e-09,1.4e-06,"smoking","GW"
"2158","cg18014547",-0.0077,0.0013,4.9e-09,1.4e-06,"smoking","GW"
"2159","cg12535090",0.0046,8e-04,5e-09,1.4e-06,"smoking","GW"
"2160","cg22870429",-0.0149,0.0025,5e-09,1.4e-06,"smoking","GW"
"2161","cg20871826",-0.0059,0.001,5e-09,1.4e-06,"smoking","GW"
"2162","cg14074174",-0.0108,0.0018,5.1e-09,1.4e-06,"smoking","GW"
"2163","cg11212234",-0.0095,0.0016,5.1e-09,1.4e-06,"smoking","GW"
"2164","cg07352544",0.0043,7e-04,5.2e-09,1.5e-06,"smoking","GW"
"2165","cg03389164",-0.0057,0.001,5.2e-09,1.5e-06,"smoking","GW"
"2166","cg17333042",-0.0095,0.0016,5.2e-09,1.5e-06,"smoking","GW"
"2167","cg12212103",-0.0048,8e-04,5.2e-09,1.5e-06,"smoking","GW"
"2168","cg00489660",-0.0085,0.0015,5.2e-09,1.5e-06,"smoking","GW"
"2169","cg23688411",-0.0043,7e-04,5.3e-09,1.5e-06,"smoking","GW"
"2170","cg11231349",-0.0207,0.0035,5.3e-09,1.5e-06,"smoking","GW"
"2171","cg11902728",0.0132,0.0023,5.3e-09,1.5e-06,"smoking","GW"
"2172","cg01305745",0.0098,0.0017,5.3e-09,1.5e-06,"smoking","GW"
"2173","cg23598378",0.0074,0.0013,5.4e-09,1.5e-06,"smoking","GW"
"2174","cg16735495",0.0056,0.001,5.4e-09,1.5e-06,"smoking","GW"
"2175","cg02376827",0.0088,0.0015,5.4e-09,1.5e-06,"smoking","GW"
"2176","cg03341377",0.0058,0.001,5.4e-09,1.5e-06,"smoking","GW"
"2177","cg04276005",0.0049,8e-04,5.4e-09,1.5e-06,"smoking","GW"
"2178","cg10510742",-0.0058,0.001,5.4e-09,1.5e-06,"smoking","GW"
"2179","cg07723659",0.0062,0.0011,5.5e-09,1.5e-06,"smoking","GW"
"2180","cg18896032",-0.0065,0.0011,5.5e-09,1.5e-06,"smoking","GW"
"2181","cg19566658",-0.0123,0.0021,5.5e-09,1.5e-06,"smoking","GW"
"2182","cg26937798",-0.0037,6e-04,5.5e-09,1.5e-06,"smoking","GW"
"2183","cg20819617",0.004,7e-04,5.5e-09,1.5e-06,"smoking","GW"
"2184","cg17724147",0.0088,0.0015,5.6e-09,1.5e-06,"smoking","GW"
"2185","cg27467282",0.0092,0.0016,5.6e-09,1.6e-06,"smoking","GW"
"2186","cg13691192",-0.0049,8e-04,5.6e-09,1.6e-06,"smoking","GW"
"2187","cg04424621",-0.0093,0.0016,5.7e-09,1.6e-06,"smoking","GW"
"2188","cg11452501",-0.0111,0.0019,5.8e-09,1.6e-06,"smoking","GW"
"2189","cg07572052",-0.0069,0.0012,5.8e-09,1.6e-06,"smoking","GW"
"2190","cg02634816",-0.0078,0.0013,5.8e-09,1.6e-06,"smoking","GW"
"2191","cg20698421",-0.0236,0.0041,5.8e-09,1.6e-06,"smoking","GW"
"2192","cg20136951",-0.0058,0.001,5.8e-09,1.6e-06,"smoking","GW"
"2193","cg04383058",-0.0107,0.0018,5.8e-09,1.6e-06,"smoking","GW"
"2194","cg27185793",0.0042,7e-04,5.9e-09,1.6e-06,"smoking","GW"
"2195","cg22004069",0.0053,9e-04,5.9e-09,1.6e-06,"smoking","GW"
"2196","cg20697394",0.0063,0.0011,5.9e-09,1.6e-06,"smoking","GW"
"2197","cg05272827",-0.0064,0.0011,5.9e-09,1.6e-06,"smoking","GW"
"2198","cg24163242",0.008,0.0014,5.9e-09,1.6e-06,"smoking","GW"
"2199","cg27182159",-0.0109,0.0019,6e-09,1.6e-06,"smoking","GW"
"2200","cg17485141",0.0038,6e-04,6e-09,1.6e-06,"smoking","GW"
"2201","cg00917251",-0.0064,0.0011,6e-09,1.6e-06,"smoking","GW"
"2202","cg25684105",-0.0067,0.0012,6.1e-09,1.7e-06,"smoking","GW"
"2203","cg07250758",0.0107,0.0018,6.1e-09,1.7e-06,"smoking","GW"
"2204","cg06296597",0.0073,0.0013,6.1e-09,1.7e-06,"smoking","GW"
"2205","cg10025514",-0.003,5e-04,6.1e-09,1.7e-06,"smoking","GW"
"2206","cg15677293",-0.0088,0.0015,6.2e-09,1.7e-06,"smoking","GW"
"2207","cg01005506",-0.0149,0.0026,6.2e-09,1.7e-06,"smoking","GW"
"2208","cg12275060",-0.014,0.0024,6.3e-09,1.7e-06,"smoking","GW"
"2209","cg03519879",-0.012,0.0021,6.3e-09,1.7e-06,"smoking","GW"
"2210","cg05542681",0.0132,0.0023,6.3e-09,1.7e-06,"smoking","GW"
"2211","cg19137417",-0.0123,0.0021,6.4e-09,1.7e-06,"smoking","GW"
"2212","cg02149899",-0.0073,0.0013,6.4e-09,1.7e-06,"smoking","GW"
"2213","cg13745346",-0.0064,0.0011,6.4e-09,1.7e-06,"smoking","GW"
"2214","cg03774988",0.0043,7e-04,6.4e-09,1.8e-06,"smoking","GW"
"2215","cg15736127",0.0059,0.001,6.5e-09,1.8e-06,"smoking","GW"
"2216","cg04716530",-0.0103,0.0018,6.5e-09,1.8e-06,"smoking","GW"
"2217","cg09837977",-0.0142,0.0025,6.8e-09,1.8e-06,"smoking","GW"
"2218","cg00711496",-0.0216,0.0037,6.8e-09,1.8e-06,"smoking","GW"
"2219","cg15951188",-0.0094,0.0016,6.9e-09,1.9e-06,"smoking","GW"
"2220","cg05194346",0.023,0.004,7e-09,1.9e-06,"smoking","GW"
"2221","cg20873136",0.0054,9e-04,7e-09,1.9e-06,"smoking","GW"
"2222","cg10428536",0.0072,0.0012,7e-09,1.9e-06,"smoking","GW"
"2223","cg17518710",0.0101,0.0017,7e-09,1.9e-06,"smoking","GW"
"2224","cg02224369",0.0051,9e-04,7e-09,1.9e-06,"smoking","GW"
"2225","cg26716839",0.003,5e-04,7e-09,1.9e-06,"smoking","GW"
"2226","cg07312601",-0.0072,0.0012,7.1e-09,1.9e-06,"smoking","GW"
"2227","cg10399789",-0.0193,0.0033,7.1e-09,1.9e-06,"smoking","GW"
"2228","cg09676669",0.0047,8e-04,7.2e-09,1.9e-06,"smoking","GW"
"2229","cg24842354",-0.0052,9e-04,7.2e-09,1.9e-06,"smoking","GW"
"2230","cg04881228",-0.0082,0.0014,7.3e-09,2e-06,"smoking","GW"
"2231","cg04011474",-0.0108,0.0019,7.3e-09,2e-06,"smoking","GW"
"2232","cg16589830",0.0095,0.0016,7.4e-09,2e-06,"smoking","GW"
"2233","cg22417398",-0.0041,7e-04,7.4e-09,2e-06,"smoking","GW"
"2234","cg15533023",0.0034,6e-04,7.4e-09,2e-06,"smoking","GW"
"2235","cg10428938",0.0141,0.0024,7.4e-09,2e-06,"smoking","GW"
"2236","cg15270892",0.0057,0.001,7.5e-09,2e-06,"smoking","GW"
"2237","cg05830220",0.0094,0.0016,7.6e-09,2e-06,"smoking","GW"
"2238","cg00806481",-0.0116,0.002,7.6e-09,2e-06,"smoking","GW"
"2239","cg19859698",0.0076,0.0013,7.6e-09,2e-06,"smoking","GW"
"2240","cg20322193",-0.0184,0.0032,7.7e-09,2e-06,"smoking","GW"
"2241","cg13409704",-0.0061,0.0011,7.7e-09,2e-06,"smoking","GW"
"2242","cg06866616",-0.0066,0.0011,7.7e-09,2e-06,"smoking","GW"
"2243","cg11453837",-0.0055,0.001,7.7e-09,2e-06,"smoking","GW"
"2244","cg18708252",-0.0137,0.0024,7.7e-09,2e-06,"smoking","GW"
"2245","cg26102435",0.0059,0.001,7.7e-09,2e-06,"smoking","GW"
"2246","cg04144533",-0.0067,0.0012,7.8e-09,2.1e-06,"smoking","GW"
"2247","cg20707126",-0.0064,0.0011,7.8e-09,2.1e-06,"smoking","GW"
"2248","cg20695936",-0.0038,7e-04,8e-09,2.1e-06,"smoking","GW"
"2249","cg14391586",-0.0076,0.0013,8e-09,2.1e-06,"smoking","GW"
"2250","cg10361922",-0.0079,0.0014,8.1e-09,2.1e-06,"smoking","GW"
"2251","cg24082871",0.0036,6e-04,8.1e-09,2.1e-06,"smoking","GW"
"2252","cg20408175",-0.0047,8e-04,8.1e-09,2.1e-06,"smoking","GW"
"2253","cg06861736",-0.0097,0.0017,8.1e-09,2.1e-06,"smoking","GW"
"2254","cg08866634",-0.0095,0.0017,8.1e-09,2.1e-06,"smoking","GW"
"2255","cg13905757",0.0056,0.001,8.2e-09,2.1e-06,"smoking","GW"
"2256","cg13782866",0.0067,0.0012,8.3e-09,2.2e-06,"smoking","GW"
"2257","cg07932199",0.0048,8e-04,8.3e-09,2.2e-06,"smoking","GW"
"2258","cg06260709",-0.0137,0.0024,8.3e-09,2.2e-06,"smoking","GW"
"2259","cg17852032",0.0068,0.0012,8.3e-09,2.2e-06,"smoking","GW"
"2260","cg01471372",-0.0123,0.0021,8.3e-09,2.2e-06,"smoking","GW"
"2261","cg18801806",-0.0059,0.001,8.4e-09,2.2e-06,"smoking","GW"
"2262","cg08458637",0.0095,0.0017,8.4e-09,2.2e-06,"smoking","GW"
"2263","cg21337881",0.0054,9e-04,8.4e-09,2.2e-06,"smoking","GW"
"2264","cg05302701",-0.0042,7e-04,8.5e-09,2.2e-06,"smoking","GW"
"2265","cg16556677",-0.0157,0.0027,8.5e-09,2.2e-06,"smoking","GW"
"2266","cg26756208",0.0026,5e-04,8.6e-09,2.2e-06,"smoking","GW"
"2267","cg05299836",-0.0049,8e-04,8.7e-09,2.3e-06,"smoking","GW"
"2268","cg19016062",-0.004,7e-04,8.7e-09,2.3e-06,"smoking","GW"
"2269","cg24576425",0.0068,0.0012,8.7e-09,2.3e-06,"smoking","GW"
"2270","cg00550955",-0.0052,9e-04,8.7e-09,2.3e-06,"smoking","GW"
"2271","cg10881616",-0.0045,8e-04,8.8e-09,2.3e-06,"smoking","GW"
"2272","cg16545743",0.0075,0.0013,8.8e-09,2.3e-06,"smoking","GW"
"2273","cg00411595",0.004,7e-04,8.8e-09,2.3e-06,"smoking","GW"
"2274","cg05570258",0.0098,0.0017,8.9e-09,2.3e-06,"smoking","GW"
"2275","cg16734795",0.0105,0.0018,8.9e-09,2.3e-06,"smoking","GW"
"2276","cg18785742",0.0041,7e-04,8.9e-09,2.3e-06,"smoking","GW"
"2277","cg01062937",0.0085,0.0015,8.9e-09,2.3e-06,"smoking","GW"
"2278","cg07770777",0.0079,0.0014,9e-09,2.3e-06,"smoking","GW"
"2279","cg02838589",-0.0033,6e-04,9e-09,2.3e-06,"smoking","GW"
"2280","cg14975410",-0.018,0.0031,9.1e-09,2.4e-06,"smoking","GW"
"2281","cg06177555",0.0113,0.002,9.2e-09,2.4e-06,"smoking","GW"
"2282","cg07969918",-0.0061,0.0011,9.2e-09,2.4e-06,"smoking","GW"
"2283","cg24608218",-0.0033,6e-04,9.3e-09,2.4e-06,"smoking","GW"
"2284","cg00960906",0.0082,0.0014,9.3e-09,2.4e-06,"smoking","GW"
"2285","cg11019430",0.003,5e-04,9.3e-09,2.4e-06,"smoking","GW"
"2286","cg13717434",0.008,0.0014,9.4e-09,2.4e-06,"smoking","GW"
"2287","cg02423064",0.0041,7e-04,9.4e-09,2.4e-06,"smoking","GW"
"2288","cg11984971",0.0058,0.001,9.6e-09,2.5e-06,"smoking","GW"
"2289","cg18585107",-0.0064,0.0011,9.6e-09,2.5e-06,"smoking","GW"
"2290","cg14242895",0.0064,0.0011,9.6e-09,2.5e-06,"smoking","GW"
"2291","cg18432895",-0.0104,0.0018,9.7e-09,2.5e-06,"smoking","GW"
"2292","cg20072118",0.0057,0.001,9.7e-09,2.5e-06,"smoking","GW"
"2293","cg06934523",-0.0097,0.0017,9.7e-09,2.5e-06,"smoking","GW"
"2294","cg26895569",0.0052,9e-04,9.8e-09,2.5e-06,"smoking","GW"
"2295","cg03929796",-0.0124,0.0022,9.9e-09,2.5e-06,"smoking","GW"
"2296","cg12406027",-0.0096,0.0017,9.9e-09,2.5e-06,"smoking","GW"
"2297","cg01289343",0.0083,0.0015,1e-08,2.6e-06,"smoking","GW"
"2298","cg09557991",-0.0068,0.0012,1e-08,2.6e-06,"smoking","GW"
"2299","cg03147185",-0.0114,0.002,1e-08,2.6e-06,"smoking","GW"
"2300","cg16151538",0.0071,0.0012,1e-08,2.6e-06,"smoking","GW"
"2301","cg00689225",-0.0108,0.0019,1e-08,2.6e-06,"smoking","GW"
"2302","cg01897323",0.0023,4e-04,1e-08,2.6e-06,"smoking","GW"
"2303","cg16071219",-0.0195,0.0034,1e-08,2.6e-06,"smoking","GW"
"2304","cg01479232",-0.0137,0.0024,1e-08,2.6e-06,"smoking","GW"
"2305","cg18252924",-0.0052,9e-04,1e-08,2.6e-06,"smoking","GW"
"2306","cg22805381",-0.0172,0.003,1e-08,2.6e-06,"smoking","GW"
"2307","cg22327175",-0.0085,0.0015,1e-08,2.6e-06,"smoking","GW"
"2308","cg05208178",-0.0054,9e-04,1e-08,2.6e-06,"smoking","GW"
"2309","cg09243021",0.0054,9e-04,1e-08,2.7e-06,"smoking","GW"
"2310","cg17421890",-0.0088,0.0015,1e-08,2.7e-06,"smoking","GW"
"2311","cg25062539",0.0039,7e-04,1e-08,2.7e-06,"smoking","GW"
"2312","cg25008614",-0.0057,0.001,1.1e-08,2.7e-06,"smoking","GW"
"2313","cg05429117",0.0076,0.0013,1.1e-08,2.7e-06,"smoking","GW"
"2314","cg17471939",-0.0166,0.0029,1.1e-08,2.7e-06,"smoking","GW"
"2315","cg09938479",-0.0134,0.0023,1.1e-08,2.7e-06,"smoking","GW"
"2316","cg08534147",0.0048,8e-04,1.1e-08,2.7e-06,"smoking","GW"
"2317","cg01062834",0.0027,5e-04,1.1e-08,2.7e-06,"smoking","GW"
"2318","cg05578802",-0.0028,5e-04,1.1e-08,2.8e-06,"smoking","GW"
"2319","cg26146569",-0.0052,9e-04,1.1e-08,2.8e-06,"smoking","GW"
"2320","cg11133963",0.0091,0.0016,1.1e-08,2.9e-06,"smoking","GW"
"2321","cg09718582",-0.0106,0.0019,1.1e-08,2.9e-06,"smoking","GW"
"2322","cg21963854",0.0067,0.0012,1.2e-08,2.9e-06,"smoking","GW"
"2323","cg19563365",-0.0062,0.0011,1.2e-08,3e-06,"smoking","GW"
"2324","cg19235026",-0.0053,9e-04,1.2e-08,3e-06,"smoking","GW"
"2325","cg08160085",-0.0118,0.0021,1.2e-08,3e-06,"smoking","GW"
"2326","cg13131501",-0.0073,0.0013,1.2e-08,3e-06,"smoking","GW"
"2327","cg18325389",-0.0076,0.0013,1.2e-08,3e-06,"smoking","GW"
"2328","cg27457191",-0.0103,0.0018,1.2e-08,3e-06,"smoking","GW"
"2329","cg08038054",0.0165,0.0029,1.2e-08,3e-06,"smoking","GW"
"2330","cg26076054",0.0188,0.0033,1.2e-08,3e-06,"smoking","GW"
"2331","cg08666707",-0.0099,0.0017,1.2e-08,3.1e-06,"smoking","GW"
"2332","cg20379671",-0.0121,0.0021,1.2e-08,3.1e-06,"smoking","GW"
"2333","cg08681689",-0.0042,7e-04,1.2e-08,3.1e-06,"smoking","GW"
"2334","cg24863152",-0.0056,0.001,1.2e-08,3.1e-06,"smoking","GW"
"2335","cg12828729",0.0119,0.0021,1.2e-08,3.1e-06,"smoking","GW"
"2336","cg02793162",0.013,0.0023,1.2e-08,3.1e-06,"smoking","GW"
"2337","cg11835347",-0.0095,0.0017,1.2e-08,3.1e-06,"smoking","GW"
"2338","cg12101586",-0.0221,0.0039,1.3e-08,3.1e-06,"smoking","GW"
"2339","cg01681367",0.0061,0.0011,1.3e-08,3.1e-06,"smoking","GW"
"2340","cg14007706",-0.0063,0.0011,1.3e-08,3.1e-06,"smoking","GW"
"2341","cg02048412",0.0058,0.001,1.3e-08,3.1e-06,"smoking","GW"
"2342","cg18397998",-0.0031,5e-04,1.3e-08,3.1e-06,"smoking","GW"
"2343","cg21303039",0.0057,0.001,1.3e-08,3.1e-06,"smoking","GW"
"2344","cg06245229",-0.0041,7e-04,1.3e-08,3.2e-06,"smoking","GW"
"2345","cg27526649",0.0073,0.0013,1.3e-08,3.2e-06,"smoking","GW"
"2346","cg00000714",-0.0041,7e-04,1.3e-08,3.2e-06,"smoking","GW"
"2347","cg03715305",0.0075,0.0013,1.3e-08,3.2e-06,"smoking","GW"
"2348","cg04079139",0.0036,6e-04,1.3e-08,3.2e-06,"smoking","GW"
"2349","cg21845080",0.0052,9e-04,1.3e-08,3.2e-06,"smoking","GW"
"2350","cg08858540",-0.0075,0.0013,1.3e-08,3.3e-06,"smoking","GW"
"2351","cg01924561",-0.0102,0.0018,1.3e-08,3.3e-06,"smoking","GW"
"2352","cg11666770",-0.0247,0.0044,1.3e-08,3.3e-06,"smoking","GW"
"2353","cg01215339",-0.0054,0.001,1.4e-08,3.3e-06,"smoking","GW"
"2354","cg26236235",-0.0045,8e-04,1.4e-08,3.3e-06,"smoking","GW"
"2355","cg15693483",-0.0113,0.002,1.4e-08,3.4e-06,"smoking","GW"
"2356","cg13385220",-0.0162,0.0029,1.4e-08,3.4e-06,"smoking","GW"
"2357","cg27193080",-0.0064,0.0011,1.4e-08,3.4e-06,"smoking","GW"
"2358","cg22428027",-0.0069,0.0012,1.4e-08,3.4e-06,"smoking","GW"
"2359","cg21309147",0.0029,5e-04,1.4e-08,3.4e-06,"smoking","GW"
"2360","cg00995520",-0.0148,0.0026,1.4e-08,3.4e-06,"smoking","GW"
"2361","cg00146864",-0.0046,8e-04,1.4e-08,3.4e-06,"smoking","GW"
"2362","cg18915128",-0.0065,0.0011,1.4e-08,3.4e-06,"smoking","GW"
"2363","cg00196407",0.0058,0.001,1.4e-08,3.5e-06,"smoking","GW"
"2364","cg02991558",0.0078,0.0014,1.4e-08,3.5e-06,"smoking","GW"
"2365","cg01076459",-0.0066,0.0012,1.4e-08,3.5e-06,"smoking","GW"
"2366","cg14624381",-0.0028,5e-04,1.4e-08,3.5e-06,"smoking","GW"
"2367","cg21769619",0.0067,0.0012,1.4e-08,3.5e-06,"smoking","GW"
"2368","cg15614653",-0.0105,0.0019,1.5e-08,3.6e-06,"smoking","GW"
"2369","cg10381071",-0.0061,0.0011,1.5e-08,3.6e-06,"smoking","GW"
"2370","cg00315394",-0.0043,8e-04,1.5e-08,3.6e-06,"smoking","GW"
"2371","cg06096805",-0.0047,8e-04,1.5e-08,3.6e-06,"smoking","GW"
"2372","cg18582010",0.0119,0.0021,1.5e-08,3.7e-06,"smoking","GW"
"2373","cg02181920",-0.0076,0.0013,1.5e-08,3.7e-06,"smoking","GW"
"2374","cg04506190",-0.0135,0.0024,1.5e-08,3.7e-06,"smoking","GW"
"2375","cg16382047",-0.0181,0.0032,1.5e-08,3.7e-06,"smoking","GW"
"2376","cg14142171",-0.0049,9e-04,1.5e-08,3.7e-06,"smoking","GW"
"2377","cg07265588",-0.0083,0.0015,1.5e-08,3.7e-06,"smoking","GW"
"2378","cg25043050",-0.0079,0.0014,1.5e-08,3.7e-06,"smoking","GW"
"2379","cg09570958",-0.0114,0.002,1.5e-08,3.7e-06,"smoking","GW"
"2380","cg08548559",-0.016,0.0028,1.5e-08,3.7e-06,"smoking","GW"
"2381","cg00537820",0.0063,0.0011,1.5e-08,3.7e-06,"smoking","GW"
"2382","cg22650458",0.0074,0.0013,1.6e-08,3.8e-06,"smoking","GW"
"2383","cg24439334",-0.0076,0.0013,1.6e-08,3.8e-06,"smoking","GW"
"2384","cg04937184",-0.0093,0.0016,1.6e-08,3.8e-06,"smoking","GW"
"2385","cg06457408",-0.0086,0.0015,1.6e-08,3.8e-06,"smoking","GW"
"2386","cg22904711",-0.0169,0.003,1.6e-08,3.8e-06,"smoking","GW"
"2387","cg11451477",-0.0029,5e-04,1.6e-08,3.8e-06,"smoking","GW"
"2388","cg20458044",-0.0078,0.0014,1.6e-08,3.9e-06,"smoking","GW"
"2389","cg19325791",0.0129,0.0023,1.6e-08,3.9e-06,"smoking","GW"
"2390","cg25004427",0.0103,0.0018,1.6e-08,3.9e-06,"smoking","GW"
"2391","cg11787160",0.0087,0.0015,1.6e-08,3.9e-06,"smoking","GW"
"2392","cg15817482",-0.0076,0.0013,1.6e-08,3.9e-06,"smoking","GW"
"2393","cg08101174",-0.0123,0.0022,1.6e-08,3.9e-06,"smoking","GW"
"2394","cg11746684",-0.0148,0.0026,1.6e-08,3.9e-06,"smoking","GW"
"2395","cg10590964",-0.0096,0.0017,1.6e-08,3.9e-06,"smoking","GW"
"2396","cg09447622",0.0057,0.001,1.7e-08,4e-06,"smoking","GW"
"2397","cg01389506",0.0034,6e-04,1.7e-08,4e-06,"smoking","GW"
"2398","cg19586143",0.0071,0.0013,1.7e-08,4e-06,"smoking","GW"
"2399","cg02010738",-0.0132,0.0023,1.7e-08,4.1e-06,"smoking","GW"
"2400","cg01142302",-0.0084,0.0015,1.7e-08,4.1e-06,"smoking","GW"
"2401","cg17009069",-0.0054,0.001,1.7e-08,4.1e-06,"smoking","GW"
"2402","cg09701700",-0.0142,0.0025,1.7e-08,4.1e-06,"smoking","GW"
"2403","cg24139443",-0.0164,0.0029,1.7e-08,4.2e-06,"smoking","GW"
"2404","cg06459104",-0.0307,0.0054,1.7e-08,4.2e-06,"smoking","GW"
"2405","cg02644867",-0.0045,8e-04,1.8e-08,4.2e-06,"smoking","GW"
"2406","cg01951879",0.0099,0.0018,1.8e-08,4.2e-06,"smoking","GW"
"2407","cg11461808",-0.005,9e-04,1.8e-08,4.2e-06,"smoking","GW"
"2408","cg18181703",-0.0153,0.0027,1.8e-08,4.2e-06,"smoking","GW"
"2409","cg14576319",-0.0051,9e-04,1.8e-08,4.2e-06,"smoking","GW"
"2410","cg06551997",0.0042,8e-04,1.8e-08,4.2e-06,"smoking","GW"
"2411","cg27588321",-0.0085,0.0015,1.8e-08,4.3e-06,"smoking","GW"
"2412","cg24327132",-0.0096,0.0017,1.8e-08,4.3e-06,"smoking","GW"
"2413","cg03937290",-0.0034,6e-04,1.8e-08,4.3e-06,"smoking","GW"
"2414","cg22962923",-0.0051,9e-04,1.8e-08,4.3e-06,"smoking","GW"
"2415","cg18992688",-0.0073,0.0013,1.8e-08,4.3e-06,"smoking","GW"
"2416","cg05656900",-0.0081,0.0014,1.8e-08,4.3e-06,"smoking","GW"
"2417","cg25773386",0.0064,0.0011,1.8e-08,4.3e-06,"smoking","GW"
"2418","cg21505886",-0.0078,0.0014,1.8e-08,4.3e-06,"smoking","GW"
"2419","cg04583842",0.0151,0.0027,1.8e-08,4.4e-06,"smoking","GW"
"2420","cg08857201",-0.0039,7e-04,1.9e-08,4.4e-06,"smoking","GW"
"2421","cg22820188",-0.0058,0.001,1.9e-08,4.4e-06,"smoking","GW"
"2422","cg08173263",0.0164,0.0029,1.9e-08,4.4e-06,"smoking","GW"
"2423","cg13928733",-0.005,9e-04,1.9e-08,4.4e-06,"smoking","GW"
"2424","cg24206827",-0.0056,0.001,1.9e-08,4.5e-06,"smoking","GW"
"2425","cg07381806",-0.0293,0.0052,1.9e-08,4.5e-06,"smoking","GW"
"2426","cg17580614",-0.0164,0.0029,1.9e-08,4.5e-06,"smoking","GW"
"2427","cg14294321",-0.0047,8e-04,1.9e-08,4.5e-06,"smoking","GW"
"2428","cg00647165",-0.0051,9e-04,1.9e-08,4.5e-06,"smoking","GW"
"2429","cg18533225",-0.012,0.0021,2e-08,4.7e-06,"smoking","GW"
"2430","cg06935361",0.0143,0.0025,2e-08,4.7e-06,"smoking","GW"
"2431","cg02364408",0.004,7e-04,2e-08,4.7e-06,"smoking","GW"
"2432","cg26253500",0.0112,0.002,2e-08,4.7e-06,"smoking","GW"
"2433","cg08540958",0.0049,9e-04,2e-08,4.7e-06,"smoking","GW"
"2434","cg02544257",-0.0062,0.0011,2.1e-08,4.8e-06,"smoking","GW"
"2435","cg07715777",-0.0071,0.0013,2.1e-08,4.9e-06,"smoking","GW"
"2436","cg18747408",0.0056,0.001,2.1e-08,4.9e-06,"smoking","GW"
"2437","cg01552919",0.0083,0.0015,2.1e-08,4.9e-06,"smoking","GW"
"2438","cg01988129",0.0052,9e-04,2.1e-08,4.9e-06,"smoking","GW"
"2439","cg06664254",0.0079,0.0014,2.1e-08,4.9e-06,"smoking","GW"
"2440","cg05433557",0.0109,0.0019,2.1e-08,4.9e-06,"smoking","GW"
"2441","cg13446906",-0.0083,0.0015,2.1e-08,4.9e-06,"smoking","GW"
"2442","cg11835355",-0.0076,0.0014,2.1e-08,5e-06,"smoking","GW"
"2443","cg04044720",0.0074,0.0013,2.1e-08,5e-06,"smoking","GW"
"2444","cg23374700",0.0032,6e-04,2.1e-08,5e-06,"smoking","GW"
"2445","cg02560388",-0.007,0.0012,2.1e-08,5e-06,"smoking","GW"
"2446","cg15806304",0.0087,0.0016,2.2e-08,5e-06,"smoking","GW"
"2447","cg23098529",-0.0065,0.0012,2.2e-08,5e-06,"smoking","GW"
"2448","cg03696346",0.0036,7e-04,2.2e-08,5.1e-06,"smoking","GW"
"2449","cg08806699",0.0046,8e-04,2.2e-08,5.1e-06,"smoking","GW"
"2450","cg07622766",0.005,9e-04,2.2e-08,5.1e-06,"smoking","GW"
"2451","cg01362115",-0.0028,5e-04,2.2e-08,5.1e-06,"smoking","GW"
"2452","cg00041989",0.0068,0.0012,2.2e-08,5.1e-06,"smoking","GW"
"2453","cg22952787",-0.0089,0.0016,2.2e-08,5.1e-06,"smoking","GW"
"2454","cg20249566",-0.0175,0.0031,2.2e-08,5.1e-06,"smoking","GW"
"2455","cg10855746",-0.0055,0.001,2.2e-08,5.1e-06,"smoking","GW"
"2456","cg01177100",0.0073,0.0013,2.2e-08,5.2e-06,"smoking","GW"
"2457","cg01972009",-0.0091,0.0016,2.3e-08,5.2e-06,"smoking","GW"
"2458","cg18946533",0.0097,0.0017,2.3e-08,5.2e-06,"smoking","GW"
"2459","cg03471436",-0.0041,7e-04,2.3e-08,5.2e-06,"smoking","GW"
"2460","cg11597157",-0.0031,5e-04,2.3e-08,5.3e-06,"smoking","GW"
"2461","cg08732950",0.0088,0.0016,2.3e-08,5.3e-06,"smoking","GW"
"2462","cg06930757",0.0109,0.002,2.3e-08,5.3e-06,"smoking","GW"
"2463","cg01328473",-0.0082,0.0015,2.3e-08,5.3e-06,"smoking","GW"
"2464","cg03379100",-0.0051,9e-04,2.3e-08,5.3e-06,"smoking","GW"
"2465","cg16694480",0.0096,0.0017,2.3e-08,5.4e-06,"smoking","GW"
"2466","cg15251319",0.0063,0.0011,2.3e-08,5.4e-06,"smoking","GW"
"2467","cg01962471",0.0053,9e-04,2.4e-08,5.4e-06,"smoking","GW"
"2468","cg24981097",-0.0056,0.001,2.4e-08,5.4e-06,"smoking","GW"
"2469","cg00028013",-0.0089,0.0016,2.4e-08,5.4e-06,"smoking","GW"
"2470","cg00066351",0.0106,0.0019,2.4e-08,5.4e-06,"smoking","GW"
"2471","cg13445251",-0.0028,5e-04,2.4e-08,5.4e-06,"smoking","GW"
"2472","cg26964651",-0.0118,0.0021,2.4e-08,5.4e-06,"smoking","GW"
"2473","cg17586094",-0.0099,0.0018,2.4e-08,5.5e-06,"smoking","GW"
"2474","cg17576979",0.0055,0.001,2.4e-08,5.5e-06,"smoking","GW"
"2475","cg11146034",-0.0108,0.0019,2.4e-08,5.5e-06,"smoking","GW"
"2476","cg09453076",-0.0098,0.0018,2.4e-08,5.5e-06,"smoking","GW"
"2477","cg04469167",0.0028,5e-04,2.4e-08,5.5e-06,"smoking","GW"
"2478","cg00395063",0.0055,0.001,2.4e-08,5.5e-06,"smoking","GW"
"2479","cg08587504",0.0079,0.0014,2.5e-08,5.6e-06,"smoking","GW"
"2480","cg21063758",0.004,7e-04,2.5e-08,5.6e-06,"smoking","GW"
"2481","cg18663307",0.0072,0.0013,2.5e-08,5.6e-06,"smoking","GW"
"2482","cg14264316",-0.0116,0.0021,2.5e-08,5.6e-06,"smoking","GW"
"2483","cg25745937",0.0033,6e-04,2.5e-08,5.6e-06,"smoking","GW"
"2484","cg00566158",0.0059,0.0011,2.5e-08,5.7e-06,"smoking","GW"
"2485","cg09639152",-0.0165,0.003,2.5e-08,5.7e-06,"smoking","GW"
"2486","cg24924577",0.0154,0.0028,2.5e-08,5.7e-06,"smoking","GW"
"2487","cg14292572",-0.0082,0.0015,2.5e-08,5.7e-06,"smoking","GW"
"2488","cg13917614",0.0129,0.0023,2.5e-08,5.7e-06,"smoking","GW"
"2489","cg24848615",-0.0129,0.0023,2.5e-08,5.7e-06,"smoking","GW"
"2490","cg17490844",-0.0054,0.001,2.5e-08,5.7e-06,"smoking","GW"
"2491","cg08525314",-0.007,0.0013,2.5e-08,5.7e-06,"smoking","GW"
"2492","cg15971656",0.0081,0.0015,2.6e-08,5.8e-06,"smoking","GW"
"2493","cg19825856",0.0034,6e-04,2.6e-08,5.8e-06,"smoking","GW"
"2494","cg14602222",0.0129,0.0023,2.6e-08,5.8e-06,"smoking","GW"
"2495","cg05214460",-0.0056,0.001,2.6e-08,5.8e-06,"smoking","GW"
"2496","cg00481629",0.0034,6e-04,2.6e-08,5.8e-06,"smoking","GW"
"2497","cg23261640",-0.0079,0.0014,2.6e-08,5.8e-06,"smoking","GW"
"2498","cg06521359",0.0028,5e-04,2.6e-08,5.8e-06,"smoking","GW"
"2499","cg09479241",-0.0169,0.003,2.6e-08,5.9e-06,"smoking","GW"
"2500","cg16342298",0.0082,0.0015,2.6e-08,5.9e-06,"smoking","GW"
"2501","cg22042546",0.0076,0.0014,2.6e-08,6e-06,"smoking","GW"
"2502","cg17617843",0.0078,0.0014,2.7e-08,6e-06,"smoking","GW"
"2503","cg18669588",-0.0063,0.0011,2.7e-08,6e-06,"smoking","GW"
"2504","cg20268522",0.0022,4e-04,2.7e-08,6e-06,"smoking","GW"
"2505","cg06435765",0.0064,0.0012,2.7e-08,6e-06,"smoking","GW"
"2506","cg25466245",-0.0069,0.0012,2.7e-08,6e-06,"smoking","GW"
"2507","cg05677062",-0.0176,0.0032,2.7e-08,6.1e-06,"smoking","GW"
"2508","cg20611882",0.0042,8e-04,2.7e-08,6.1e-06,"smoking","GW"
"2509","cg23221603",0.0028,5e-04,2.7e-08,6.1e-06,"smoking","GW"
"2510","cg06968912",0.0047,8e-04,2.8e-08,6.2e-06,"smoking","GW"
"2511","cg00835193",-0.016,0.0029,2.8e-08,6.2e-06,"smoking","GW"
"2512","cg02064724",-0.0028,5e-04,2.8e-08,6.2e-06,"smoking","GW"
"2513","cg01360605",0.0074,0.0013,2.8e-08,6.2e-06,"smoking","GW"
"2514","cg23395310",-0.0069,0.0012,2.8e-08,6.3e-06,"smoking","GW"
"2515","cg03641640",-0.0086,0.0016,2.8e-08,6.3e-06,"smoking","GW"
"2516","cg10001715",0.0066,0.0012,2.8e-08,6.3e-06,"smoking","GW"
"2517","cg05953373",0.0092,0.0017,2.8e-08,6.3e-06,"smoking","GW"
"2518","cg02543363",-0.0054,0.001,2.8e-08,6.3e-06,"smoking","GW"
"2519","cg21949830",-0.0067,0.0012,2.9e-08,6.3e-06,"smoking","GW"
"2520","cg00498211",-0.0179,0.0032,2.9e-08,6.4e-06,"smoking","GW"
"2521","cg05661533",-0.0073,0.0013,2.9e-08,6.4e-06,"smoking","GW"
"2522","cg12864721",-0.0149,0.0027,2.9e-08,6.4e-06,"smoking","GW"
"2523","cg11095099",-0.0039,7e-04,2.9e-08,6.4e-06,"smoking","GW"
"2524","cg01748082",0.0051,9e-04,2.9e-08,6.4e-06,"smoking","GW"
"2525","cg02462353",-0.0116,0.0021,2.9e-08,6.4e-06,"smoking","GW"
"2526","cg22006825",-0.0071,0.0013,2.9e-08,6.4e-06,"smoking","GW"
"2527","cg17127702",-0.0034,6e-04,2.9e-08,6.4e-06,"smoking","GW"
"2528","cg00853733",-0.0098,0.0018,2.9e-08,6.5e-06,"smoking","GW"
"2529","cg22586569",-0.0121,0.0022,3e-08,6.6e-06,"smoking","GW"
"2530","cg14291900",0.0032,6e-04,3e-08,6.6e-06,"smoking","GW"
"2531","cg25996077",-0.0065,0.0012,3e-08,6.6e-06,"smoking","GW"
"2532","cg03785076",-0.0084,0.0015,3e-08,6.7e-06,"smoking","GW"
"2533","cg05256179",-0.0038,7e-04,3e-08,6.7e-06,"smoking","GW"
"2534","cg22313519",-0.0108,0.002,3e-08,6.7e-06,"smoking","GW"
"2535","cg24683623",-0.0067,0.0012,3e-08,6.7e-06,"smoking","GW"
"2536","cg07967717",0.0116,0.0021,3e-08,6.7e-06,"smoking","GW"
"2537","cg13328614",-0.0091,0.0016,3e-08,6.7e-06,"smoking","GW"
"2538","cg21201401",0.012,0.0022,3e-08,6.7e-06,"smoking","GW"
"2539","cg13300480",0.0047,8e-04,3.1e-08,6.7e-06,"smoking","GW"
"2540","cg22437987",0.0037,7e-04,3.1e-08,6.7e-06,"smoking","GW"
"2541","cg22876908",-0.0073,0.0013,3.1e-08,6.8e-06,"smoking","GW"
"2542","cg13127741",-0.0161,0.0029,3.1e-08,6.8e-06,"smoking","GW"
"2543","cg26351966",0.0047,9e-04,3.1e-08,6.8e-06,"smoking","GW"
"2544","cg23329061",0.0025,5e-04,3.1e-08,6.8e-06,"smoking","GW"
"2545","cg26021810",0.0045,8e-04,3.1e-08,6.9e-06,"smoking","GW"
"2546","cg19213703",-0.006,0.0011,3.1e-08,6.9e-06,"smoking","GW"
"2547","cg01858866",-0.0095,0.0017,3.1e-08,6.9e-06,"smoking","GW"
"2548","cg20533952",0.009,0.0016,3.1e-08,6.9e-06,"smoking","GW"
"2549","cg14222656",-0.0029,5e-04,3.2e-08,6.9e-06,"smoking","GW"
"2550","cg26189283",-0.0133,0.0024,3.2e-08,6.9e-06,"smoking","GW"
"2551","cg04420138",0.0038,7e-04,3.2e-08,6.9e-06,"smoking","GW"
"2552","cg10334928",0.0032,6e-04,3.2e-08,6.9e-06,"smoking","GW"
"2553","cg01787285",-0.0065,0.0012,3.2e-08,6.9e-06,"smoking","GW"
"2554","cg27449150",-0.0109,0.002,3.2e-08,6.9e-06,"smoking","GW"
"2555","cg17403397",0.0059,0.0011,3.2e-08,7e-06,"smoking","GW"
"2556","cg11415739",0.0052,9e-04,3.2e-08,7e-06,"smoking","GW"
"2557","cg26751513",-0.0075,0.0014,3.2e-08,7e-06,"smoking","GW"
"2558","cg02270010",-0.0067,0.0012,3.2e-08,7.1e-06,"smoking","GW"
"2559","cg15726557",-0.0047,8e-04,3.2e-08,7.1e-06,"smoking","GW"
"2560","cg26539631",-0.0049,9e-04,3.3e-08,7.1e-06,"smoking","GW"
"2561","cg10549018",0.0123,0.0022,3.3e-08,7.1e-06,"smoking","GW"
"2562","cg15871086",-0.0082,0.0015,3.3e-08,7.1e-06,"smoking","GW"
"2563","cg17931529",-0.0054,0.001,3.3e-08,7.2e-06,"smoking","GW"
"2564","cg00281776",0.0054,0.001,3.3e-08,7.3e-06,"smoking","GW"
"2565","cg07506795",0.0063,0.0011,3.3e-08,7.3e-06,"smoking","GW"
"2566","cg05318210",0.006,0.0011,3.4e-08,7.3e-06,"smoking","GW"
"2567","cg26219092",0.0041,7e-04,3.4e-08,7.4e-06,"smoking","GW"
"2568","cg10700718",0.0071,0.0013,3.4e-08,7.4e-06,"smoking","GW"
"2569","cg00022866",-0.0101,0.0018,3.4e-08,7.4e-06,"smoking","GW"
"2570","cg03384915",-0.0107,0.0019,3.4e-08,7.4e-06,"smoking","GW"
"2571","cg01750611",-0.0037,7e-04,3.4e-08,7.4e-06,"smoking","GW"
"2572","cg14016875",-0.0164,0.003,3.4e-08,7.4e-06,"smoking","GW"
"2573","cg02935272",0.0061,0.0011,3.4e-08,7.4e-06,"smoking","GW"
"2574","cg09307264",-0.0067,0.0012,3.5e-08,7.5e-06,"smoking","GW"
"2575","cg18033416",-0.013,0.0024,3.5e-08,7.5e-06,"smoking","GW"
"2576","cg14765414",0.0051,9e-04,3.5e-08,7.6e-06,"smoking","GW"
"2577","cg27528222",-0.0042,8e-04,3.5e-08,7.6e-06,"smoking","GW"
"2578","cg07167594",0.0066,0.0012,3.6e-08,7.7e-06,"smoking","GW"
"2579","cg25323554",-0.0164,0.003,3.6e-08,7.7e-06,"smoking","GW"
"2580","cg03131366",0.0099,0.0018,3.6e-08,7.7e-06,"smoking","GW"
"2581","cg19757176",-0.0144,0.0026,3.6e-08,7.7e-06,"smoking","GW"
"2582","cg03611151",0.0065,0.0012,3.6e-08,7.7e-06,"smoking","GW"
"2583","cg02959759",0.012,0.0022,3.6e-08,7.7e-06,"smoking","GW"
"2584","cg03509898",0.0069,0.0013,3.6e-08,7.7e-06,"smoking","GW"
"2585","cg07430820",-0.0072,0.0013,3.6e-08,7.7e-06,"smoking","GW"
"2586","cg13916835",-0.0212,0.0039,3.7e-08,7.8e-06,"smoking","GW"
"2587","cg05316864",0.0073,0.0013,3.7e-08,7.8e-06,"smoking","GW"
"2588","cg11944324",0.0036,6e-04,3.7e-08,7.9e-06,"smoking","GW"
"2589","cg03665259",0.0021,4e-04,3.7e-08,8e-06,"smoking","GW"
"2590","cg26405020",0.0052,9e-04,3.7e-08,8e-06,"smoking","GW"
"2591","cg01940297",-0.007,0.0013,3.7e-08,8e-06,"smoking","GW"
"2592","cg24287110",-0.018,0.0033,3.7e-08,8e-06,"smoking","GW"
"2593","cg26161820",-0.0057,0.001,3.8e-08,8e-06,"smoking","GW"
"2594","cg26942124",-0.0056,0.001,3.8e-08,8e-06,"smoking","GW"
"2595","cg15302379",-0.009,0.0016,3.8e-08,8.1e-06,"smoking","GW"
"2596","cg26542660",-0.0062,0.0011,3.8e-08,8.1e-06,"smoking","GW"
"2597","cg26801037",-0.0059,0.0011,3.8e-08,8.1e-06,"smoking","GW"
"2598","cg26132737",-0.0149,0.0027,3.8e-08,8.1e-06,"smoking","GW"
"2599","cg13641317",0.015,0.0027,3.9e-08,8.2e-06,"smoking","GW"
"2600","cg23966547",-0.0084,0.0015,3.9e-08,8.2e-06,"smoking","GW"
"2601","cg05318142",-0.0061,0.0011,3.9e-08,8.3e-06,"smoking","GW"
"2602","cg25313468",-0.0108,0.002,3.9e-08,8.4e-06,"smoking","GW"
"2603","cg02503850",0.0052,0.001,3.9e-08,8.4e-06,"smoking","GW"
"2604","cg15182635",-0.0168,0.0031,4e-08,8.4e-06,"smoking","GW"
"2605","cg04986931",-0.0062,0.0011,4e-08,8.4e-06,"smoking","GW"
"2606","cg09107344",-0.0083,0.0015,4e-08,8.4e-06,"smoking","GW"
"2607","cg10828401",-0.0075,0.0014,4e-08,8.5e-06,"smoking","GW"
"2608","cg20375836",-0.0031,6e-04,4.1e-08,8.6e-06,"smoking","GW"
"2609","cg16554099",-0.012,0.0022,4.1e-08,8.7e-06,"smoking","GW"
"2610","cg01035068",-0.0012,2e-04,4.2e-08,8.8e-06,"smoking","GW"
"2611","cg08260891",0.0047,9e-04,4.2e-08,8.8e-06,"smoking","GW"
"2612","cg11339839",-0.0087,0.0016,4.2e-08,8.9e-06,"smoking","GW"
"2613","cg05439368",-0.0122,0.0022,4.2e-08,8.9e-06,"smoking","GW"
"2614","cg17478749",-0.0108,0.002,4.2e-08,8.9e-06,"smoking","GW"
"2615","cg25124943",-0.0064,0.0012,4.3e-08,8.9e-06,"smoking","GW"
"2616","cg05059607",0.0154,0.0028,4.3e-08,9e-06,"smoking","GW"
"2617","cg03144619",-0.0175,0.0032,4.3e-08,9e-06,"smoking","GW"
"2618","cg11178863",0.0044,8e-04,4.3e-08,9e-06,"smoking","GW"
"2619","cg01834979",-0.008,0.0015,4.3e-08,9e-06,"smoking","GW"
"2620","cg16209444",-0.0062,0.0011,4.3e-08,9e-06,"smoking","GW"
"2621","cg24582007",0.0063,0.0012,4.3e-08,9.1e-06,"smoking","GW"
"2622","cg19452802",0.0059,0.0011,4.4e-08,9.1e-06,"smoking","GW"
"2623","cg07383757",0.0029,5e-04,4.4e-08,9.1e-06,"smoking","GW"
"2624","cg04019636",-0.0052,9e-04,4.4e-08,9.2e-06,"smoking","GW"
"2625","cg01331992",-0.0192,0.0035,4.4e-08,9.2e-06,"smoking","GW"
"2626","cg11435441",-0.0076,0.0014,4.5e-08,9.3e-06,"smoking","GW"
"2627","cg22341848",-0.0042,8e-04,4.5e-08,9.3e-06,"smoking","GW"
"2628","cg03242028",-0.006,0.0011,4.5e-08,9.3e-06,"smoking","GW"
"2629","cg04666465",-0.0077,0.0014,4.5e-08,9.4e-06,"smoking","GW"
"2630","cg27409015",0.0059,0.0011,4.5e-08,9.4e-06,"smoking","GW"
"2631","cg12621745",-0.0068,0.0013,4.6e-08,9.5e-06,"smoking","GW"
"2632","cg22510139",-0.0144,0.0026,4.6e-08,9.5e-06,"smoking","GW"
"2633","cg03539717",-0.0073,0.0013,4.6e-08,9.5e-06,"smoking","GW"
"2634","cg22400959",0.0087,0.0016,4.6e-08,9.6e-06,"smoking","GW"
"2635","cg03986322",-0.0059,0.0011,4.6e-08,9.6e-06,"smoking","GW"
"2636","cg00640314",-0.0083,0.0015,4.6e-08,9.6e-06,"smoking","GW"
"2637","cg10420527",-0.0111,0.002,4.6e-08,9.6e-06,"smoking","GW"
"2638","cg01439670",-0.0087,0.0016,4.6e-08,9.6e-06,"smoking","GW"
"2639","cg11868595",-0.0073,0.0013,4.7e-08,9.7e-06,"smoking","GW"
"2640","cg00385142",-0.0053,0.001,4.7e-08,9.7e-06,"smoking","GW"
"2641","cg00910882",0.0036,7e-04,4.7e-08,9.7e-06,"smoking","GW"
"2642","cg23689227",-0.0126,0.0023,4.7e-08,9.8e-06,"smoking","GW"
"2643","cg10843343",-0.013,0.0024,4.8e-08,9.8e-06,"smoking","GW"
"2644","cg02610360",0.019,0.0035,4.8e-08,9.8e-06,"smoking","GW"
"2645","cg15578140",0.0104,0.0019,4.8e-08,9.8e-06,"smoking","GW"
"2646","cg07602659",0.0047,9e-04,4.8e-08,9.9e-06,"smoking","GW"
"2647","cg13014333",-0.0055,0.001,4.8e-08,9.9e-06,"smoking","GW"
"2648","cg16455376",-0.0036,7e-04,4.8e-08,1e-05,"smoking","GW"
"2649","cg11816838",-0.0067,0.0012,4.9e-08,1e-05,"smoking","GW"
"2650","cg21721681",-0.0087,0.0016,4.9e-08,1e-05,"smoking","GW"
"2651","cg07683388",-0.0109,0.002,4.9e-08,1e-05,"smoking","GW"
"2652","cg02621988",-0.0056,0.001,4.9e-08,1e-05,"smoking","GW"
"2653","cg20823695",-0.008,0.0015,4.9e-08,1e-05,"smoking","GW"
"2654","cg17904575",-0.0097,0.0018,5e-08,1e-05,"smoking","GW"
"2655","cg04017131",-0.0257,0.0047,5e-08,1e-05,"smoking","GW"
"2656","cg04757411",-0.0043,8e-04,5e-08,1e-05,"smoking","GW"
"2657","cg26403843",-0.0167,0.0031,5e-08,1e-05,"smoking","GW"
"2658","cg05616472",-0.0061,0.0011,5e-08,1e-05,"smoking","GW"
"2659","cg27025995",-0.0059,0.0011,5e-08,1e-05,"smoking","GW"
"2660","cg01451604",0.0024,4e-04,5e-08,1e-05,"smoking","GW"
"2661","cg03183618",-0.004,7e-04,5e-08,1e-05,"smoking","GW"
"2662","cg07485754",0.0047,9e-04,5.1e-08,1e-05,"smoking","GW"
"2663","cg16969872",-0.017,0.0031,5.2e-08,1.1e-05,"smoking","GW"
"2664","cg22786472",-0.0054,0.001,5.2e-08,1.1e-05,"smoking","GW"
"2665","cg02998240",-0.0254,0.0047,5.2e-08,1.1e-05,"smoking","GW"
"2666","cg15601164",0.0074,0.0014,5.2e-08,1.1e-05,"smoking","GW"
"2667","cg10211873",0.0039,7e-04,5.3e-08,1.1e-05,"smoking","GW"
"2668","cg12157646",-0.0049,9e-04,5.3e-08,1.1e-05,"smoking","GW"
"2669","cg15963463",-0.0087,0.0016,5.3e-08,1.1e-05,"smoking","GW"
"2670","cg04030401",0.0042,8e-04,5.3e-08,1.1e-05,"smoking","GW"
"2671","cg27289478",-0.0032,6e-04,5.4e-08,1.1e-05,"smoking","GW"
"2672","cg06197751",0.0082,0.0015,5.4e-08,1.1e-05,"smoking","GW"
"2673","cg13500388",-0.0157,0.0029,5.4e-08,1.1e-05,"smoking","GW"
"2674","cg00508334",-0.0015,3e-04,5.4e-08,1.1e-05,"smoking","GW"
"2675","cg10345404",0.0047,9e-04,5.4e-08,1.1e-05,"smoking","GW"
"2676","cg13423770",0.0046,8e-04,5.5e-08,1.1e-05,"smoking","GW"
"2677","cg00652657",0.0021,4e-04,5.5e-08,1.1e-05,"smoking","GW"
"2678","cg07380959",-0.0029,5e-04,5.5e-08,1.1e-05,"smoking","GW"
"2679","cg18866792",-0.0031,6e-04,5.5e-08,1.1e-05,"smoking","GW"
"2680","cg16119613",-0.014,0.0026,5.5e-08,1.1e-05,"smoking","GW"
"2681","cg23884241",0.0092,0.0017,5.5e-08,1.1e-05,"smoking","GW"
"2682","cg22740603",-0.009,0.0017,5.6e-08,1.1e-05,"smoking","GW"
"2683","cg00534318",0.004,7e-04,5.6e-08,1.1e-05,"smoking","GW"
"2684","cg12474798",-0.0251,0.0046,5.6e-08,1.1e-05,"smoking","GW"
"2685","cg07207043",-0.0131,0.0024,5.6e-08,1.1e-05,"smoking","GW"
"2686","cg10493186",0.0085,0.0016,5.6e-08,1.1e-05,"smoking","GW"
"2687","cg19784816",0.0079,0.0015,5.6e-08,1.1e-05,"smoking","GW"
"2688","cg09489567",0.0047,9e-04,5.6e-08,1.1e-05,"smoking","GW"
"2689","cg03683250",-0.0048,9e-04,5.6e-08,1.1e-05,"smoking","GW"
"2690","cg00205605",-0.0075,0.0014,5.6e-08,1.1e-05,"smoking","GW"
"2691","cg01643605",-0.0062,0.0011,5.6e-08,1.1e-05,"smoking","GW"
"2692","cg10835286",-0.0181,0.0033,5.7e-08,1.1e-05,"smoking","GW"
"2693","cg26724967",-0.0073,0.0013,5.7e-08,1.1e-05,"smoking","GW"
"2694","cg20435267",0.003,6e-04,5.7e-08,1.1e-05,"smoking","GW"
"2695","cg20591407",0.01,0.0018,5.7e-08,1.1e-05,"smoking","GW"
"2696","cg24807547",0.0072,0.0013,5.7e-08,1.2e-05,"smoking","GW"
"2697","cg11277230",0.0032,6e-04,5.7e-08,1.2e-05,"smoking","GW"
"2698","cg03126058",-0.0085,0.0016,5.7e-08,1.2e-05,"smoking","GW"
"2699","cg25727671",-0.0108,0.002,5.7e-08,1.2e-05,"smoking","GW"
"2700","cg07987890",0.0048,9e-04,5.7e-08,1.2e-05,"smoking","GW"
"2701","cg13644239",-0.0058,0.0011,5.8e-08,1.2e-05,"smoking","GW"
"2702","cg10520740",-0.0096,0.0018,5.9e-08,1.2e-05,"smoking","GW"
"2703","cg25839482",-0.0062,0.0011,5.9e-08,1.2e-05,"smoking","GW"
"2704","cg01324550",-0.0164,0.003,5.9e-08,1.2e-05,"smoking","GW"
"2705","cg21615831",-0.0034,6e-04,6e-08,1.2e-05,"smoking","GW"
"2706","cg06522681",-0.006,0.0011,6e-08,1.2e-05,"smoking","GW"
"2707","cg08754067",-0.0075,0.0014,6e-08,1.2e-05,"smoking","GW"
"2708","cg01935722",-0.0076,0.0014,6e-08,1.2e-05,"smoking","GW"
"2709","cg08472795",-0.0116,0.0021,6e-08,1.2e-05,"smoking","GW"
"2710","cg10012512",-0.0034,6e-04,6e-08,1.2e-05,"smoking","GW"
"2711","cg04811945",0.0123,0.0023,6.1e-08,1.2e-05,"smoking","GW"
"2712","cg16822035",0.0044,8e-04,6.1e-08,1.2e-05,"smoking","GW"
"2713","cg08772028",-0.0139,0.0026,6.2e-08,1.2e-05,"smoking","GW"
"2714","cg17082634",0.0036,7e-04,6.2e-08,1.2e-05,"smoking","GW"
"2715","cg05512483",-0.0077,0.0014,6.2e-08,1.2e-05,"smoking","GW"
"2716","cg02244695",0.0034,6e-04,6.2e-08,1.2e-05,"smoking","GW"
"2717","cg07827420",-0.0066,0.0012,6.2e-08,1.2e-05,"smoking","GW"
"2718","cg21227253",-0.0084,0.0015,6.2e-08,1.2e-05,"smoking","GW"
"2719","cg24759108",0.006,0.0011,6.3e-08,1.2e-05,"smoking","GW"
"2720","cg20813374",-0.0089,0.0016,6.3e-08,1.2e-05,"smoking","GW"
"2721","cg27635485",0.0053,0.001,6.3e-08,1.3e-05,"smoking","GW"
"2722","cg24647428",0.0098,0.0018,6.3e-08,1.3e-05,"smoking","GW"
"2723","cg18555411",0.0037,7e-04,6.4e-08,1.3e-05,"smoking","GW"
"2724","cg26103512",-0.005,9e-04,6.5e-08,1.3e-05,"smoking","GW"
"2725","cg09848445",-0.0036,7e-04,6.5e-08,1.3e-05,"smoking","GW"
"2726","cg23291039",0.0048,9e-04,6.5e-08,1.3e-05,"smoking","GW"
"2727","cg09861057",-0.0046,9e-04,6.6e-08,1.3e-05,"smoking","GW"
"2728","cg07671752",-0.0049,9e-04,6.6e-08,1.3e-05,"smoking","GW"
"2729","cg09872491",0.0034,6e-04,6.6e-08,1.3e-05,"smoking","GW"
"2730","cg24504361",-0.0137,0.0025,6.7e-08,1.3e-05,"smoking","GW"
"2731","cg23309670",0.0066,0.0012,6.7e-08,1.3e-05,"smoking","GW"
"2732","cg07842521",-0.0048,9e-04,6.7e-08,1.3e-05,"smoking","GW"
"2733","cg23766254",-0.0197,0.0036,6.7e-08,1.3e-05,"smoking","GW"
"2734","cg25879836",-0.0066,0.0012,6.7e-08,1.3e-05,"smoking","GW"
"2735","cg16288101",-0.0178,0.0033,6.7e-08,1.3e-05,"smoking","GW"
"2736","cg25227803",0.0092,0.0017,6.7e-08,1.3e-05,"smoking","GW"
"2737","cg20580833",0.0055,0.001,6.7e-08,1.3e-05,"smoking","GW"
"2738","cg12583553",-0.0087,0.0016,6.8e-08,1.3e-05,"smoking","GW"
"2739","cg24249791",0.0148,0.0027,6.8e-08,1.3e-05,"smoking","GW"
"2740","cg16336872",0.0036,7e-04,6.8e-08,1.3e-05,"smoking","GW"
"2741","cg15544235",-0.0066,0.0012,6.8e-08,1.3e-05,"smoking","GW"
"2742","cg23781467",0.009,0.0017,6.8e-08,1.3e-05,"smoking","GW"
"2743","cg15295469",0.0073,0.0013,6.8e-08,1.3e-05,"smoking","GW"
"2744","cg19136371",0.0066,0.0012,6.8e-08,1.3e-05,"smoking","GW"
"2745","cg05029558",0.0058,0.0011,6.8e-08,1.3e-05,"smoking","GW"
"2746","cg06226150",-0.007,0.0013,6.8e-08,1.3e-05,"smoking","GW"
"2747","cg07104557",-0.0153,0.0028,6.9e-08,1.3e-05,"smoking","GW"
"2748","cg26985798",0.0075,0.0014,6.9e-08,1.3e-05,"smoking","GW"
"2749","cg05156137",0.0152,0.0028,6.9e-08,1.3e-05,"smoking","GW"
"2750","cg14488957",-0.0028,5e-04,6.9e-08,1.3e-05,"smoking","GW"
"2751","cg10666909",-0.0056,0.001,6.9e-08,1.4e-05,"smoking","GW"
"2752","cg01568319",0.0039,7e-04,6.9e-08,1.4e-05,"smoking","GW"
"2753","cg14174221",-0.0118,0.0022,7e-08,1.4e-05,"smoking","GW"
"2754","cg16936953",-0.0118,0.0022,7e-08,1.4e-05,"smoking","GW"
"2755","cg04261607",-0.0089,0.0016,7.1e-08,1.4e-05,"smoking","GW"
"2756","cg09160123",-0.0048,9e-04,7.1e-08,1.4e-05,"smoking","GW"
"2757","cg02005758",0.005,9e-04,7.1e-08,1.4e-05,"smoking","GW"
"2758","cg06580770",-0.0051,0.001,7.1e-08,1.4e-05,"smoking","GW"
"2759","cg11530213",-0.0112,0.0021,7.2e-08,1.4e-05,"smoking","GW"
"2760","cg00563348",0.0054,0.001,7.2e-08,1.4e-05,"smoking","GW"
"2761","cg01909364",-0.0064,0.0012,7.2e-08,1.4e-05,"smoking","GW"
"2762","cg05508862",0.0074,0.0014,7.2e-08,1.4e-05,"smoking","GW"
"2763","cg27560292",-0.0067,0.0012,7.2e-08,1.4e-05,"smoking","GW"
"2764","cg24019564",-0.0056,0.001,7.3e-08,1.4e-05,"smoking","GW"
"2765","cg05673756",0.004,7e-04,7.3e-08,1.4e-05,"smoking","GW"
"2766","cg04027548",0.0083,0.0015,7.3e-08,1.4e-05,"smoking","GW"
"2767","cg23940612",-0.0074,0.0014,7.4e-08,1.4e-05,"smoking","GW"
"2768","cg02578070",0.0072,0.0013,7.4e-08,1.4e-05,"smoking","GW"
"2769","cg00888605",0.0057,0.0011,7.4e-08,1.4e-05,"smoking","GW"
"2770","cg00124004",-0.0063,0.0012,7.4e-08,1.4e-05,"smoking","GW"
"2771","cg00609473",0.0073,0.0014,7.5e-08,1.4e-05,"smoking","GW"
"2772","cg05513069",0.007,0.0013,7.5e-08,1.4e-05,"smoking","GW"
"2773","cg14075203",0.0063,0.0012,7.5e-08,1.4e-05,"smoking","GW"
"2774","cg24039042",0.01,0.0019,7.5e-08,1.5e-05,"smoking","GW"
"2775","cg03604424",-0.0096,0.0018,7.5e-08,1.5e-05,"smoking","GW"
"2776","cg25607920",0.0368,0.0068,7.5e-08,1.5e-05,"smoking","GW"
"2777","cg17742416",0.0047,9e-04,7.6e-08,1.5e-05,"smoking","GW"
"2778","cg08881175",0.0081,0.0015,7.6e-08,1.5e-05,"smoking","GW"
"2779","cg10827488",0.0081,0.0015,7.7e-08,1.5e-05,"smoking","GW"
"2780","cg07219844",0.0039,7e-04,7.7e-08,1.5e-05,"smoking","GW"
"2781","cg04304450",0.0058,0.0011,7.8e-08,1.5e-05,"smoking","GW"
"2782","cg22635096",0.0128,0.0024,7.8e-08,1.5e-05,"smoking","GW"
"2783","cg15570293",-0.014,0.0026,7.9e-08,1.5e-05,"smoking","GW"
"2784","cg18584067",-0.0068,0.0013,7.9e-08,1.5e-05,"smoking","GW"
"2785","cg14428590",-0.0103,0.0019,7.9e-08,1.5e-05,"smoking","GW"
"2786","cg04011829",-0.0066,0.0012,8e-08,1.5e-05,"smoking","GW"
"2787","cg21572722",0.0052,0.001,8e-08,1.5e-05,"smoking","GW"
"2788","cg25658983",0.0107,0.002,8e-08,1.5e-05,"smoking","GW"
"2789","cg23367478",0.0021,4e-04,8e-08,1.5e-05,"smoking","GW"
"2790","cg16398761",-0.0061,0.0011,8.1e-08,1.5e-05,"smoking","GW"
"2791","cg26681628",0.0105,0.0019,8.1e-08,1.5e-05,"smoking","GW"
"2792","cg19637387",0.004,7e-04,8.1e-08,1.6e-05,"smoking","GW"
"2793","cg26099045",0.0127,0.0024,8.1e-08,1.6e-05,"smoking","GW"
"2794","cg14252502",0.0045,8e-04,8.2e-08,1.6e-05,"smoking","GW"
"2795","cg14523574",0.0058,0.0011,8.2e-08,1.6e-05,"smoking","GW"
"2796","cg25587091",0.0029,5e-04,8.2e-08,1.6e-05,"smoking","GW"
"2797","cg06397161",-0.007,0.0013,8.3e-08,1.6e-05,"smoking","GW"
"2798","cg16565913",0.0083,0.0015,8.3e-08,1.6e-05,"smoking","GW"
"2799","cg00026474",-0.0048,9e-04,8.4e-08,1.6e-05,"smoking","GW"
"2800","cg21279603",-0.0076,0.0014,8.4e-08,1.6e-05,"smoking","GW"
"2801","cg00574379",0.0083,0.0016,8.4e-08,1.6e-05,"smoking","GW"
"2802","cg22041417",-0.0072,0.0013,8.4e-08,1.6e-05,"smoking","GW"
"2803","cg00928816",-0.0076,0.0014,8.5e-08,1.6e-05,"smoking","GW"
"2804","cg12360736",-0.0078,0.0015,8.5e-08,1.6e-05,"smoking","GW"
"2805","cg11012543",-0.0104,0.002,8.5e-08,1.6e-05,"smoking","GW"
"2806","cg21791252",0.0067,0.0012,8.5e-08,1.6e-05,"smoking","GW"
"2807","cg18882687",-0.011,0.0021,8.6e-08,1.6e-05,"smoking","GW"
"2808","cg07945582",-0.0126,0.0024,8.6e-08,1.6e-05,"smoking","GW"
"2809","cg14362925",-0.0065,0.0012,8.7e-08,1.6e-05,"smoking","GW"
"2810","cg26214074",0.0053,0.001,8.7e-08,1.6e-05,"smoking","GW"
"2811","cg27274382",0.0034,6e-04,8.8e-08,1.7e-05,"smoking","GW"
"2812","cg00580497",-0.0106,0.002,8.8e-08,1.7e-05,"smoking","GW"
"2813","cg25664715",-0.0043,8e-04,8.8e-08,1.7e-05,"smoking","GW"
"2814","cg17850498",0.003,6e-04,8.9e-08,1.7e-05,"smoking","GW"
"2815","cg08787968",0.0092,0.0017,9e-08,1.7e-05,"smoking","GW"
"2816","cg22579075",-0.0146,0.0027,9e-08,1.7e-05,"smoking","GW"
"2817","cg01566584",-0.0041,8e-04,9e-08,1.7e-05,"smoking","GW"
"2818","cg03609435",0.0066,0.0012,9e-08,1.7e-05,"smoking","GW"
"2819","cg00099441",-0.0057,0.0011,9e-08,1.7e-05,"smoking","GW"
"2820","cg26988253",-0.0066,0.0012,9.1e-08,1.7e-05,"smoking","GW"
"2821","cg14357089",-0.0156,0.0029,9.1e-08,1.7e-05,"smoking","GW"
"2822","cg06085743",-0.0087,0.0016,9.1e-08,1.7e-05,"smoking","GW"
"2823","cg02538248",-0.0101,0.0019,9.2e-08,1.7e-05,"smoking","GW"
"2824","cg08310363",-0.0102,0.0019,9.3e-08,1.8e-05,"smoking","GW"
"2825","cg00045114",0.0158,0.003,9.3e-08,1.8e-05,"smoking","GW"
"2826","cg13054640",-0.0099,0.0019,9.3e-08,1.8e-05,"smoking","GW"
"2827","cg08722675",0.0072,0.0014,9.4e-08,1.8e-05,"smoking","GW"
"2828","cg21717508",0.0056,0.001,9.4e-08,1.8e-05,"smoking","GW"
"2829","cg16896326",-0.0028,5e-04,9.4e-08,1.8e-05,"smoking","GW"
"2830","cg10585661",-0.0124,0.0023,9.4e-08,1.8e-05,"smoking","GW"
"2831","cg01693305",-0.0053,0.001,9.5e-08,1.8e-05,"smoking","GW"
"2832","cg26589669",-0.0088,0.0016,9.5e-08,1.8e-05,"smoking","GW"
"2833","cg15950273",0.0118,0.0022,9.5e-08,1.8e-05,"smoking","GW"
"2834","cg10611580",0.003,6e-04,9.6e-08,1.8e-05,"smoking","GW"
"2835","cg00499700",0.0043,8e-04,9.6e-08,1.8e-05,"smoking","GW"
"2836","cg21392700",-0.0046,9e-04,9.6e-08,1.8e-05,"smoking","GW"
"2837","cg17915189",0.0041,8e-04,9.6e-08,1.8e-05,"smoking","GW"
"2838","cg16555466",-0.0077,0.0014,9.6e-08,1.8e-05,"smoking","GW"
"2839","cg08120831",0.0047,9e-04,9.6e-08,1.8e-05,"smoking","GW"
"2840","cg15651928",0.0051,0.001,9.6e-08,1.8e-05,"smoking","GW"
"2841","cg24324354",0.0065,0.0012,9.7e-08,1.8e-05,"smoking","GW"
"2842","cg24698211",-0.012,0.0023,9.8e-08,1.8e-05,"smoking","GW"
"2843","cg15518113",0.0077,0.0014,9.8e-08,1.8e-05,"smoking","GW"
"2844","cg14459011",-0.0073,0.0014,9.9e-08,1.8e-05,"smoking","GW"
"2845","cg24503796",0.0047,9e-04,9.9e-08,1.8e-05,"smoking","GW"
"2846","cg22057874",0.0078,0.0015,9.9e-08,1.8e-05,"smoking","GW"
"2847","cg07757252",-0.0066,0.0012,9.9e-08,1.8e-05,"smoking","GW"
"2848","cg17877600",-0.0107,0.002,9.9e-08,1.8e-05,"smoking","GW"
"2849","cg15233611",-0.0121,0.0023,9.9e-08,1.8e-05,"smoking","GW"
"2850","cg17192599",0.0062,0.0012,9.9e-08,1.8e-05,"smoking","GW"
"2851","cg18254819",0.0048,9e-04,9.9e-08,1.8e-05,"smoking","GW"
"2852","cg23928726",-0.0098,0.0018,1e-07,1.8e-05,"smoking","GW"
"2853","cg12798040",0.007,0.0013,1e-07,1.9e-05,"smoking","GW"
"2854","cg05076755",-0.0052,0.001,1e-07,1.9e-05,"smoking","GW"
"2855","cg21935536",-0.005,9e-04,1e-07,1.9e-05,"smoking","GW"
"2856","cg22103736",-0.0045,8e-04,1e-07,1.9e-05,"smoking","GW"
"2857","cg14667273",0.0034,6e-04,1e-07,1.9e-05,"smoking","GW"
"2858","cg18247172",0.0095,0.0018,1e-07,1.9e-05,"smoking","GW"
"2859","cg01728554",0.0029,5e-04,1e-07,1.9e-05,"smoking","GW"
"2860","cg03164561",0.01,0.0019,1e-07,1.9e-05,"smoking","GW"
"2861","cg01713950",-0.0116,0.0022,1e-07,1.9e-05,"smoking","GW"
"2862","cg11529819",0.0055,0.001,1e-07,1.9e-05,"smoking","GW"
"2863","cg25919221",-0.0077,0.0014,1e-07,1.9e-05,"smoking","GW"
"2864","cg14178364",-0.0064,0.0012,1e-07,1.9e-05,"smoking","GW"
"2865","cg25722983",-0.0115,0.0022,1e-07,1.9e-05,"smoking","GW"
"2866","cg24310500",0.0047,9e-04,1.1e-07,1.9e-05,"smoking","GW"
"2867","cg01930719",0.0076,0.0014,1.1e-07,1.9e-05,"smoking","GW"
"2868","cg12413156",0.005,9e-04,1.1e-07,2e-05,"smoking","GW"
"2869","cg03957124",-0.0088,0.0017,1.1e-07,2e-05,"smoking","GW"
"2870","cg01989521",-0.0026,5e-04,1.1e-07,2e-05,"smoking","GW"
"2871","cg11924019",-0.0096,0.0018,1.1e-07,2e-05,"smoking","GW"
"2872","cg15531512",0.0082,0.0015,1.1e-07,2e-05,"smoking","GW"
"2873","cg13106389",-0.0058,0.0011,1.1e-07,2e-05,"smoking","GW"
"2874","cg20640281",-0.0063,0.0012,1.1e-07,2e-05,"smoking","GW"
"2875","cg19731612",-0.0197,0.0037,1.1e-07,2e-05,"smoking","GW"
"2876","cg24408769",0.0114,0.0022,1.1e-07,2e-05,"smoking","GW"
"2877","cg14235811",-0.0079,0.0015,1.1e-07,2e-05,"smoking","GW"
"2878","cg15815084",-0.0241,0.0045,1.1e-07,2e-05,"smoking","GW"
"2879","cg06154570",0.0035,6e-04,1.1e-07,2e-05,"smoking","GW"
"2880","cg09507934",0.0083,0.0016,1.1e-07,2e-05,"smoking","GW"
"2881","cg06803853",-0.0025,5e-04,1.1e-07,2e-05,"smoking","GW"
"2882","cg03814093",-0.0126,0.0024,1.1e-07,2e-05,"smoking","GW"
"2883","cg01098955",-0.0107,0.002,1.1e-07,2e-05,"smoking","GW"
"2884","cg00232092",-0.0107,0.002,1.1e-07,2e-05,"smoking","GW"
"2885","cg14531564",-0.0065,0.0012,1.1e-07,2e-05,"smoking","GW"
"2886","cg05726935",-0.0087,0.0016,1.1e-07,2.1e-05,"smoking","GW"
"2887","cg15432711",-0.0053,0.001,1.1e-07,2.1e-05,"smoking","GW"
"2888","cg07808761",-0.0134,0.0025,1.1e-07,2.1e-05,"smoking","GW"
"2889","cg06855485",-0.0054,0.001,1.1e-07,2.1e-05,"smoking","GW"
"2890","cg05575921",-17.443,NA,2e-16,NA,"smoking_sm13","GW"
"2891","cg13039251",9.241,NA,2e-16,NA,"smoking_sm13","GW"
"2892","cg03636183",-13.909,NA,2e-16,NA,"smoking_sm13","GW"
"2893","cg12803068",6.479,NA,2e-16,NA,"smoking_sm13","GW"
"2894","cg22132788",9.8,NA,2e-16,NA,"smoking_sm13","GW"
"2895","cg06126421",-9.415,NA,2e-16,NA,"smoking_sm13","GW"
"2896","cg21566642",-20.218,NA,2e-16,NA,"smoking_sm13","GW"
"2897","cg15693572",4.189,NA,2e-16,NA,"smoking_sm13","GW"
"2898","cg05951221",-13.816,NA,2e-16,NA,"smoking_sm13","GW"
"2899","cg12876356",-4.741,NA,2e-16,NA,"smoking_sm13","GW"
"2900","cg09935388",-7.205,NA,2e-16,NA,"smoking_sm13","GW"
"2901","cg04908668",-0.012,0.002,7.9e-09,NA,"NO2","GW"
"2902","cg14938677",0.023,0.004,1e-08,NA,"NO2","GW"
"2903","cg00344801",-0.028,0.0051,2.4e-08,NA,"NO2","GW"
"2904","cg18379295",0.02,0.0037,3.5e-08,NA,"NO2","GW"
"2905","cg25769469",0.035,0.0063,3.7e-08,NA,"NO2","GW"
"2906","cg08500171",0.024,0.0044,9.8e-08,NA,"NO2","GW"
"2907","cg08039576",-0.00033,5.3e-05,4.7e-10,NA,"NO2","GW"
"2908","cg15481791",-0.00028,4.6e-05,4.7e-10,NA,"NO2","GW"
"2909","cg16877087",-0.00058,9.4e-05,4.7e-10,NA,"NO2","GW"
"2910","cg12852210",-0.00036,5.8e-05,4.7e-10,NA,"NO2","GW"
"2911","cg13778848",-0.00031,5e-05,4.7e-10,NA,"NO2","GW"
"2912","cg09746086",-0.00035,5.6e-05,4.8e-10,NA,"NO2","GW"
"2913","cg10024073",-0.00044,7e-05,4.8e-10,NA,"NO2","GW"
"2914","cg18172833",-0.00035,5.6e-05,4.8e-10,NA,"NO2","GW"
"2915","cg14469749",-0.00036,5.8e-05,4.8e-10,NA,"NO2","GW"
"2916","cg22224462",-0.00041,6.5e-05,4.8e-10,NA,"NO2","GW"
"2917","cg05842620",-3e-04,4.9e-05,4.8e-10,NA,"NO2","GW"
"2918","cg09197432",-0.00044,7e-05,4.8e-10,NA,"NO2","GW"
"2919","cg13889508",-0.00051,8.1e-05,4.8e-10,NA,"NO2","GW"
"2920","cg02854928",-0.00048,7.7e-05,4.8e-10,NA,"NO2","GW"
"2921","cg10668198",-0.00026,4.2e-05,4.8e-10,NA,"NO2","GW"
"2922","cg25249293",-0.00039,6.3e-05,4.8e-10,NA,"NO2","GW"
"2923","cg03522035",-0.00035,5.7e-05,4.9e-10,NA,"NO2","GW"
"2924","cg27404351",-0.00044,7.1e-05,4.9e-10,NA,"NO2","GW"
"2925","cg02423618",-0.00048,7.7e-05,4.9e-10,NA,"NO2","GW"
"2926","cg09416903",-0.00028,4.5e-05,4.9e-10,NA,"NO2","GW"
"2927","cg05881436",-0.00036,5.8e-05,4.9e-10,NA,"NO2","GW"
"2928","cg03451204",-0.00035,5.6e-05,5e-10,NA,"NO2","GW"
"2929","cg07363131",-0.00083,0.00013,5e-10,NA,"NO2","GW"
"2930","cg23272544",-0.00034,5.5e-05,5e-10,NA,"NO2","GW"
"2931","cg07394898",-0.00039,6.3e-05,5e-10,NA,"NO2","GW"
"2932","cg10305797",-0.00045,7.2e-05,5e-10,NA,"NO2","GW"
"2933","cg08591998",-0.00035,5.6e-05,5e-10,NA,"NO2","GW"
"2934","cg10668189",-0.00026,4.2e-05,5e-10,NA,"NO2","GW"
"2935","cg15748555",-0.00037,6e-05,5e-10,NA,"NO2","GW"
"2936","cg05490132",-0.00027,4.4e-05,5e-10,NA,"NO2","GW"
"2937","cg00610692",-0.00049,7.8e-05,5.1e-10,NA,"NO2","GW"
"2938","cg04321224",0.00071,0.00011,5.1e-10,NA,"NO2","GW"
"2939","cg25635805",-0.00024,3.9e-05,5.1e-10,NA,"NO2","GW"
"2940","cg00998782",-0.00041,6.6e-05,5.1e-10,NA,"NO2","GW"
"2941","cg20834365",-0.00029,4.7e-05,5.1e-10,NA,"NO2","GW"
"2942","cg10590964",-0.00048,7.7e-05,5.2e-10,NA,"NO2","GW"
"2943","cg25135457",0.00021,3.4e-05,5.2e-10,NA,"NO2","GW"
"2944","cg16332493",-0.00049,7.9e-05,5.2e-10,NA,"NO2","GW"
"2945","cg18938696",-0.00036,5.9e-05,5.2e-10,NA,"NO2","GW"
"2946","cg03108827",-0.00037,5.9e-05,5.2e-10,NA,"NO2","GW"
"2947","cg18716679",-0.00053,8.5e-05,5.2e-10,NA,"NO2","GW"
"2948","cg24692310",-5e-04,8e-05,5.2e-10,NA,"NO2","GW"
"2949","cg16595750",-4e-04,6.4e-05,5.3e-10,NA,"NO2","GW"
"2950","cg13287523",-0.00046,7.4e-05,5.3e-10,NA,"NO2","GW"
"2951","cg10479452",-0.00039,6.2e-05,5.3e-10,NA,"NO2","GW"
"2952","cg17644645",-0.00039,6.3e-05,5.3e-10,NA,"NO2","GW"
"2953","cg21321359",-0.00026,4.2e-05,5.3e-10,NA,"NO2","GW"
"2954","cg27058882",-0.00056,9e-05,5.3e-10,NA,"NO2","GW"
"2955","cg10988513",-0.00046,7.4e-05,5.3e-10,NA,"NO2","GW"
"2956","cg27366280",-0.00043,6.9e-05,5.4e-10,NA,"NO2","GW"
"2957","cg02415020",-4e-04,6.4e-05,5.4e-10,NA,"NO2","GW"
"2958","cg13398346",-0.00037,5.9e-05,5.4e-10,NA,"NO2","GW"
"2959","cg18912906",-0.00024,3.9e-05,5.4e-10,NA,"NO2","GW"
"2960","cg22261226",-0.00039,6.3e-05,5.4e-10,NA,"NO2","GW"
"2961","cg01847596",-0.00034,5.5e-05,5.4e-10,NA,"NO2","GW"
"2962","cg03842617",-0.00034,5.4e-05,5.4e-10,NA,"NO2","GW"
"2963","cg11629408",-0.00034,5.5e-05,5.4e-10,NA,"NO2","GW"
"2964","cg23585168",-0.00046,7.4e-05,5.4e-10,NA,"NO2","GW"
"2965","cg12497142",-0.00042,6.8e-05,5.4e-10,NA,"NO2","GW"
"2966","cg10761372",-2e-04,3.3e-05,5.5e-10,NA,"NO2","GW"
"2967","cg13329789",-0.00061,9.9e-05,5.5e-10,NA,"NO2","GW"
"2968","cg13858407",-0.00048,7.7e-05,5.5e-10,NA,"NO2","GW"
"2969","cg00725472",-0.00027,4.3e-05,5.5e-10,NA,"NO2","GW"
"2970","cg20467114",-0.00032,5.1e-05,5.5e-10,NA,"NO2","GW"
"2971","cg17829533",-0.00026,4.1e-05,5.5e-10,NA,"NO2","GW"
"2972","cg05287437",-0.00048,7.7e-05,5.5e-10,NA,"NO2","GW"
"2973","cg02481228",-0.00034,5.5e-05,5.5e-10,NA,"NO2","GW"
"2974","cg09898217",-3e-04,4.8e-05,5.5e-10,NA,"NO2","GW"
"2975","cg13289755",-0.00035,5.6e-05,5.5e-10,NA,"NO2","GW"
"2976","cg23349242",-0.00061,9.8e-05,5.6e-10,NA,"NO2","GW"
"2977","cg04905644",-0.00031,5e-05,5.6e-10,NA,"NO2","GW"
"2978","cg14223856",-0.00035,5.6e-05,5.6e-10,NA,"NO2","GW"
"2979","cg15808924",-0.00063,1e-04,5.6e-10,NA,"NO2","GW"
"2980","cg01351327",-0.00026,4.2e-05,5.6e-10,NA,"NO2","GW"
"2981","cg12485219",-0.00026,4.3e-05,5.6e-10,NA,"NO2","GW"
"2982","cg00253346",-3e-04,4.8e-05,5.6e-10,NA,"NO2","GW"
"2983","cg07011235",-0.00028,4.5e-05,5.7e-10,NA,"NO2","GW"
"2984","cg05600126",-0.00038,6.1e-05,5.7e-10,NA,"NO2","GW"
"2985","cg02602264",-0.00081,0.00013,5.7e-10,NA,"NO2","GW"
"2986","cg04456861",-0.00039,6.2e-05,5.7e-10,NA,"NO2","GW"
"2987","cg02029665",-0.00035,5.6e-05,5.7e-10,NA,"NO2","GW"
"2988","cg09857617",-0.00036,5.8e-05,5.7e-10,NA,"NO2","GW"
"2989","cg20449726",-4e-04,6.5e-05,5.7e-10,NA,"NO2","GW"
"2990","cg26472684",-3e-04,4.8e-05,5.7e-10,NA,"NO2","GW"
"2991","cg11222503",-0.00029,4.8e-05,5.7e-10,NA,"NO2","GW"
"2992","cg25582401",-0.00032,5.2e-05,5.7e-10,NA,"NO2","GW"
"2993","cg00495909",-0.00027,4.4e-05,5.8e-10,NA,"NO2","GW"
"2994","cg07735427",-0.00017,2.8e-05,5.8e-10,NA,"NO2","GW"
"2995","cg27168114",-0.00043,6.9e-05,5.8e-10,NA,"NO2","GW"
"2996","cg19302979",-0.00044,7.1e-05,5.8e-10,NA,"NO2","GW"
"2997","cg26185079",-0.00036,5.7e-05,5.8e-10,NA,"NO2","GW"
"2998","cg19502936",-0.00046,7.5e-05,5.8e-10,NA,"NO2","GW"
"2999","cg27143326",-0.00027,4.3e-05,5.8e-10,NA,"NO2","GW"
"3000","cg13072098",-0.00032,5.1e-05,5.9e-10,NA,"NO2","GW"
"3001","cg15341601",-0.00047,7.6e-05,5.9e-10,NA,"NO2","GW"
"3002","cg08741842",-0.00039,6.3e-05,5.9e-10,NA,"NO2","GW"
"3003","cg15913725",-0.00028,4.5e-05,5.9e-10,NA,"NO2","GW"
"3004","cg14494365",-0.00042,6.8e-05,5.9e-10,NA,"NO2","GW"
"3005","cg01594685",-0.00039,6.3e-05,6e-10,NA,"NO2","GW"
"3006","cg03564620",-0.00047,7.5e-05,6e-10,NA,"NO2","GW"
"3007","cg25145023",-0.00036,5.8e-05,6e-10,NA,"NO2","GW"
"3008","cg24105269",-0.00027,4.4e-05,6e-10,NA,"NO2","GW"
"3009","cg00643814",-0.00028,4.5e-05,6e-10,NA,"NO2","GW"
"3010","cg10089552",-0.00041,6.6e-05,6e-10,NA,"NO2","GW"
"3011","cg12807179",-0.00043,6.9e-05,6e-10,NA,"NO2","GW"
"3012","cg16198450",-0.00042,6.8e-05,6e-10,NA,"NO2","GW"
"3013","cg05407489",-0.00041,6.6e-05,6e-10,NA,"NO2","GW"
"3014","cg01256365",-0.00025,4e-05,6e-10,NA,"NO2","GW"
"3015","cg12065406",-0.00026,4.3e-05,6e-10,NA,"NO2","GW"
"3016","cg20697424",-0.00033,5.3e-05,6e-10,NA,"NO2","GW"
"3017","cg02959277",-0.00026,4.3e-05,6e-10,NA,"NO2","GW"
"3018","cg13565300",-0.00036,5.9e-05,6e-10,NA,"NO2","GW"
"3019","cg23188950",-0.00052,8.5e-05,6e-10,NA,"NO2","GW"
"3020","cg19626761",-0.00035,5.7e-05,6.1e-10,NA,"NO2","GW"
"3021","cg20459543",-0.00027,4.4e-05,6.1e-10,NA,"NO2","GW"
"3022","cg17545805",-0.00021,3.4e-05,6.1e-10,NA,"NO2","GW"
"3023","cg00806481",-0.00081,0.00013,6.1e-10,NA,"NO2","GW"
"3024","cg13929658",-4e-04,6.5e-05,6.1e-10,NA,"NO2","GW"
"3025","cg23664361",-0.00038,6.2e-05,6.2e-10,NA,"NO2","GW"
"3026","cg11350728",-0.00038,6.1e-05,6.2e-10,NA,"NO2","GW"
"3027","cg16747928",-0.00047,7.6e-05,6.2e-10,NA,"NO2","GW"
"3028","cg22450733",-0.00027,4.4e-05,6.2e-10,NA,"NO2","GW"
"3029","cg07330438",-0.00035,5.7e-05,6.2e-10,NA,"NO2","GW"
"3030","cg15545739",-0.00026,4.2e-05,6.2e-10,NA,"NO2","GW"
"3031","cg12562828",-0.00047,7.6e-05,6.2e-10,NA,"NO2","GW"
"3032","cg24035043",-0.00038,6.1e-05,6.2e-10,NA,"NO2","GW"
"3033","cg02080197",-0.00034,5.6e-05,6.3e-10,NA,"NO2","GW"
"3034","cg01059047",-0.00048,7.8e-05,6.3e-10,NA,"NO2","GW"
"3035","cg00557236",-0.00028,4.6e-05,6.3e-10,NA,"NO2","GW"
"3036","cg10589353",-4e-04,6.5e-05,6.3e-10,NA,"NO2","GW"
"3037","cg05797770",-0.00073,0.00012,6.4e-10,NA,"NO2","GW"
"3038","cg12194939",-0.00034,5.5e-05,6.4e-10,NA,"NO2","GW"
"3039","cg10332864",-0.00033,5.4e-05,6.4e-10,NA,"NO2","GW"
"3040","cg06325565",-0.00042,6.7e-05,6.4e-10,NA,"NO2","GW"
"3041","cg27493117",-0.00026,4.2e-05,6.4e-10,NA,"NO2","GW"
"3042","cg11911653",-0.00038,6.2e-05,6.4e-10,NA,"NO2","GW"
"3043","cg04797496",-0.00043,7e-05,6.5e-10,NA,"NO2","GW"
"3044","cg17102199",-0.00031,5e-05,6.5e-10,NA,"NO2","GW"
"3045","cg12710538",-0.00044,7.1e-05,6.5e-10,NA,"NO2","GW"
"3046","cg23225221",-0.00044,7.1e-05,6.5e-10,NA,"NO2","GW"
"3047","cg25988603",-0.00031,5e-05,6.5e-10,NA,"NO2","GW"
"3048","cg20954180",-0.00046,7.4e-05,6.5e-10,NA,"NO2","GW"
"3049","cg12683880",-0.00021,3.4e-05,6.5e-10,NA,"NO2","GW"
"3050","cg00668685",-0.00042,6.8e-05,6.6e-10,NA,"NO2","GW"
"3051","cg07808874",-0.00036,5.8e-05,6.6e-10,NA,"NO2","GW"
"3052","cg10364905",-5e-04,8e-05,6.6e-10,NA,"NO2","GW"
"3053","cg12882693",-0.00022,3.6e-05,6.6e-10,NA,"NO2","GW"
"3054","cg26946836",-0.00025,4e-05,6.6e-10,NA,"NO2","GW"
"3055","cg23606507",-0.00036,5.9e-05,6.6e-10,NA,"NO2","GW"
"3056","cg25699727",-0.00042,6.9e-05,6.6e-10,NA,"NO2","GW"
"3057","cg00898920",-0.00056,9e-05,6.6e-10,NA,"NO2","GW"
"3058","cg07999201",-0.00023,3.7e-05,6.6e-10,NA,"NO2","GW"
"3059","cg06976759",-0.00027,4.4e-05,6.6e-10,NA,"NO2","GW"
"3060","cg10291119",-0.00017,2.7e-05,6.6e-10,NA,"NO2","GW"
"3061","cg21137244",-0.00025,4e-05,6.6e-10,NA,"NO2","GW"
"3062","cg27420946",-0.00022,3.6e-05,6.6e-10,NA,"NO2","GW"
"3063","cg14398963",-0.00021,3.4e-05,6.7e-10,NA,"NO2","GW"
"3064","cg03486847",-0.00052,8.3e-05,6.7e-10,NA,"NO2","GW"
"3065","cg26756862",-0.00033,5.4e-05,6.7e-10,NA,"NO2","GW"
"3066","cg10569414",-0.00037,6.1e-05,6.8e-10,NA,"NO2","GW"
"3067","cg26749976",-6e-04,9.7e-05,6.8e-10,NA,"NO2","GW"
"3068","cg24314877",-0.00048,7.7e-05,6.8e-10,NA,"NO2","GW"
"3069","cg16194544",-0.00034,5.5e-05,6.8e-10,NA,"NO2","GW"
"3070","cg01437135",-4e-04,6.5e-05,6.8e-10,NA,"NO2","GW"
"3071","cg05593715",-0.00039,6.3e-05,6.8e-10,NA,"NO2","GW"
"3072","cg27179810",-0.00053,8.6e-05,6.8e-10,NA,"NO2","GW"
"3073","cg26194092",-0.00032,5.3e-05,6.8e-10,NA,"NO2","GW"
"3074","cg16339797",-0.00021,3.4e-05,6.9e-10,NA,"NO2","GW"
"3075","cg24085713",-0.00034,5.5e-05,6.9e-10,NA,"NO2","GW"
"3076","cg11270895",-0.00033,5.3e-05,6.9e-10,NA,"NO2","GW"
"3077","cg00895231",-0.00026,4.2e-05,6.9e-10,NA,"NO2","GW"
"3078","cg16096766",-0.00037,6e-05,6.9e-10,NA,"NO2","GW"
"3079","cg16947025",-0.00045,7.3e-05,6.9e-10,NA,"NO2","GW"
"3080","cg18411660",-4e-04,6.4e-05,6.9e-10,NA,"NO2","GW"
"3081","cg20685981",-3e-04,4.9e-05,7e-10,NA,"NO2","GW"
"3082","cg10859789",-0.00038,6.2e-05,7e-10,NA,"NO2","GW"
"3083","cg14759277",-0.00059,9.6e-05,7e-10,NA,"NO2","GW"
"3084","cg23213217",0.00081,0.00013,7e-10,NA,"NO2","GW"
"3085","cg14617020",-0.00026,4.2e-05,7e-10,NA,"NO2","GW"
"3086","cg17179571",-0.00033,5.3e-05,7e-10,NA,"NO2","GW"
"3087","cg00941824",-0.00029,4.6e-05,7e-10,NA,"NO2","GW"
"3088","cg24671666",-0.00041,6.7e-05,7e-10,NA,"NO2","GW"
"3089","cg13168411",-0.00034,5.5e-05,7.1e-10,NA,"NO2","GW"
"3090","cg09155001",-0.00038,6.2e-05,7.1e-10,NA,"NO2","GW"
"3091","cg08248577",-4e-04,6.5e-05,7.1e-10,NA,"NO2","GW"
"3092","cg16151261",-0.00031,5e-05,7.1e-10,NA,"NO2","GW"
"3093","cg03296801",-0.00037,6e-05,7.1e-10,NA,"NO2","GW"
"3094","cg19164997",-0.00032,5.2e-05,7.1e-10,NA,"NO2","GW"
"3095","cg02095596",-0.00027,4.3e-05,7.1e-10,NA,"NO2","GW"
"3096","cg26050159",-4e-04,6.6e-05,7.2e-10,NA,"NO2","GW"
"3097","cg17783815",-0.00024,3.9e-05,7.2e-10,NA,"NO2","GW"
"3098","cg03990905",-0.00041,6.6e-05,7.2e-10,NA,"NO2","GW"
"3099","cg11128476",-0.00037,6e-05,7.2e-10,NA,"NO2","GW"
"3100","cg22835724",-0.00031,5e-05,7.2e-10,NA,"NO2","GW"
"3101","cg02414981",-0.00029,4.8e-05,7.2e-10,NA,"NO2","GW"
"3102","cg05156120",-5e-04,8.1e-05,7.2e-10,NA,"NO2","GW"
"3103","cg19456997",-0.00057,9.3e-05,7.2e-10,NA,"NO2","GW"
"3104","cg13800240",-4e-04,6.4e-05,7.3e-10,NA,"NO2","GW"
"3105","cg19631651",-0.00052,8.5e-05,7.3e-10,NA,"NO2","GW"
"3106","cg07230786",-0.00037,6e-05,7.3e-10,NA,"NO2","GW"
"3107","cg18396675",-0.00061,9.9e-05,7.3e-10,NA,"NO2","GW"
"3108","cg25744476",-0.00034,5.6e-05,7.3e-10,NA,"NO2","GW"
"3109","cg16528305",-0.00027,4.4e-05,7.4e-10,NA,"NO2","GW"
"3110","cg27384476",-0.00035,5.7e-05,7.4e-10,NA,"NO2","GW"
"3111","cg17781958",0.00067,0.00011,7.4e-10,NA,"NO2","GW"
"3112","cg00379559",-0.00062,1e-04,7.5e-10,NA,"NO2","GW"
"3113","cg06584433",-0.00036,5.9e-05,7.5e-10,NA,"NO2","GW"
"3114","cg05603610",-0.00041,6.7e-05,7.5e-10,NA,"NO2","GW"
"3115","cg12495975",-0.00027,4.4e-05,7.5e-10,NA,"NO2","GW"
"3116","cg11386011",-0.00083,0.00014,7.5e-10,NA,"NO2","GW"
"3117","cg27042983",-0.00048,7.8e-05,7.5e-10,NA,"NO2","GW"
"3118","cg23334264",-4e-04,6.5e-05,7.6e-10,NA,"NO2","GW"
"3119","cg13344757",-0.00041,6.7e-05,7.6e-10,NA,"NO2","GW"
"3120","cg14220181",-0.00036,5.8e-05,7.6e-10,NA,"NO2","GW"
"3121","cg20553016",-0.00027,4.4e-05,7.6e-10,NA,"NO2","GW"
"3122","cg07579839",0.00029,4.8e-05,7.6e-10,NA,"NO2","GW"
"3123","cg26141385",-0.00041,6.6e-05,7.6e-10,NA,"NO2","GW"
"3124","cg01644385",-0.00046,7.5e-05,7.6e-10,NA,"NO2","GW"
"3125","cg03181966",-0.00041,6.7e-05,7.7e-10,NA,"NO2","GW"
"3126","cg14150115",0.00088,0.00014,7.7e-10,NA,"NO2","GW"
"3127","cg08839164",-2e-04,3.3e-05,7.7e-10,NA,"NO2","GW"
"3128","cg15367150",-0.00031,5.1e-05,7.7e-10,NA,"NO2","GW"
"3129","cg02023548",-0.00045,7.3e-05,7.7e-10,NA,"NO2","GW"
"3130","cg06038367",0.00069,0.00011,7.7e-10,NA,"NO2","GW"
"3131","cg23095451",-0.00041,6.7e-05,7.8e-10,NA,"NO2","GW"
"3132","cg16502826",-0.00051,8.2e-05,7.8e-10,NA,"NO2","GW"
"3133","cg25933104",-4e-04,6.5e-05,7.8e-10,NA,"NO2","GW"
"3134","cg26694724",-0.00029,4.7e-05,7.8e-10,NA,"NO2","GW"
"3135","cg27185298",-0.00042,6.8e-05,7.8e-10,NA,"NO2","GW"
"3136","cg00526069",-0.00027,4.3e-05,7.8e-10,NA,"NO2","GW"
"3137","cg25714306",-0.00058,9.4e-05,7.8e-10,NA,"NO2","GW"
"3138","cg09136129",-0.00042,6.9e-05,7.8e-10,NA,"NO2","GW"
"3139","cg11828251",-0.00034,5.6e-05,7.8e-10,NA,"NO2","GW"
"3140","cg06493781",-0.00046,7.4e-05,7.8e-10,NA,"NO2","GW"
"3141","cg26398024",-0.00019,3.1e-05,7.9e-10,NA,"NO2","GW"
"3142","cg20380468",0.0011,0.00018,7.9e-10,NA,"NO2","GW"
"3143","cg07145229",-0.00031,5e-05,7.9e-10,NA,"NO2","GW"
"3144","cg16727416",-0.00051,8.3e-05,7.9e-10,NA,"NO2","GW"
"3145","cg19305938",-0.00026,4.2e-05,7.9e-10,NA,"NO2","GW"
"3146","cg19839281",-0.00045,7.4e-05,7.9e-10,NA,"NO2","GW"
"3147","cg13186590",-0.00023,3.7e-05,8e-10,NA,"NO2","GW"
"3148","cg06946901",-0.00028,4.6e-05,8e-10,NA,"NO2","GW"
"3149","cg23275258",-0.00028,4.6e-05,8e-10,NA,"NO2","GW"
"3150","cg11378979",-0.00033,5.4e-05,8e-10,NA,"NO2","GW"
"3151","cg00820056",-0.00054,8.8e-05,8e-10,NA,"NO2","GW"
"3152","cg24493649",-0.00037,6.1e-05,8e-10,NA,"NO2","GW"
"3153","cg00207890",-0.00047,7.7e-05,8e-10,NA,"NO2","GW"
"3154","cg15527168",-0.00033,5.3e-05,8.1e-10,NA,"NO2","GW"
"3155","cg18505837",-0.00032,5.1e-05,8.1e-10,NA,"NO2","GW"
"3156","cg27286011",-0.00056,9.1e-05,8.1e-10,NA,"NO2","GW"
"3157","cg06087554",-4e-04,6.5e-05,8.1e-10,NA,"NO2","GW"
"3158","cg14565120",-0.00029,4.7e-05,8.1e-10,NA,"NO2","GW"
"3159","cg00886780",-0.00054,8.8e-05,8.2e-10,NA,"NO2","GW"
"3160","cg26147338",-0.00025,4.1e-05,8.2e-10,NA,"NO2","GW"
"3161","cg06138226",-0.00055,9e-05,8.2e-10,NA,"NO2","GW"
"3162","cg11658060",-0.00025,4.1e-05,8.2e-10,NA,"NO2","GW"
"3163","cg01863596",-5e-04,8.2e-05,8.2e-10,NA,"NO2","GW"
"3164","cg02298220",-0.00037,6e-05,8.2e-10,NA,"NO2","GW"
"3165","cg02937158",-0.00044,7.2e-05,8.2e-10,NA,"NO2","GW"
"3166","cg11365710",-0.00028,4.5e-05,8.2e-10,NA,"NO2","GW"
"3167","cg02283487",-0.00033,5.3e-05,8.2e-10,NA,"NO2","GW"
"3168","cg06110286",-0.00049,7.9e-05,8.3e-10,NA,"NO2","GW"
"3169","cg15565576",-0.00046,7.5e-05,8.3e-10,NA,"NO2","GW"
"3170","cg00706913",-0.00043,6.9e-05,8.3e-10,NA,"NO2","GW"
"3171","cg14089067",-0.00034,5.6e-05,8.3e-10,NA,"NO2","GW"
"3172","cg18149307",-0.00035,5.8e-05,8.3e-10,NA,"NO2","GW"
"3173","cg21487099",-0.00063,1e-04,8.3e-10,NA,"NO2","GW"
"3174","cg02708506",-0.00047,7.6e-05,8.3e-10,NA,"NO2","GW"
"3175","cg16013309",-0.00045,7.3e-05,8.3e-10,NA,"NO2","GW"
"3176","cg08207660",-0.00039,6.3e-05,8.3e-10,NA,"NO2","GW"
"3177","cg09674867",-0.00033,5.4e-05,8.3e-10,NA,"NO2","GW"
"3178","cg26426186",-0.00037,6e-05,8.3e-10,NA,"NO2","GW"
"3179","cg01940437",-0.00038,6.2e-05,8.4e-10,NA,"NO2","GW"
"3180","cg12515517",-0.00044,7.1e-05,8.4e-10,NA,"NO2","GW"
"3181","cg24457403",-0.00044,7.1e-05,8.4e-10,NA,"NO2","GW"
"3182","cg12877056",-0.00047,7.6e-05,8.5e-10,NA,"NO2","GW"
"3183","cg00398816",-4e-04,6.5e-05,8.5e-10,NA,"NO2","GW"
"3184","cg18175690",-0.00034,5.5e-05,8.5e-10,NA,"NO2","GW"
"3185","cg10529845",-0.00048,7.9e-05,8.5e-10,NA,"NO2","GW"
"3186","cg07017135",-0.00023,3.8e-05,8.5e-10,NA,"NO2","GW"
"3187","cg19639427",-0.00037,6e-05,8.5e-10,NA,"NO2","GW"
"3188","cg19910231",-0.00023,3.7e-05,8.6e-10,NA,"NO2","GW"
"3189","cg03143395",-0.00026,4.3e-05,8.6e-10,NA,"NO2","GW"
"3190","cg07782808",-0.00032,5.2e-05,8.6e-10,NA,"NO2","GW"
"3191","cg01160452",-5e-04,8.2e-05,8.6e-10,NA,"NO2","GW"
"3192","cg12918460",-5e-04,8.1e-05,8.6e-10,NA,"NO2","GW"
"3193","cg11475454",-0.00062,1e-04,8.7e-10,NA,"NO2","GW"
"3194","cg03557698",-0.00033,5.4e-05,8.7e-10,NA,"NO2","GW"
"3195","cg09081544",-0.00035,5.7e-05,8.8e-10,NA,"NO2","GW"
"3196","cg10658853",-0.00033,5.4e-05,8.8e-10,NA,"NO2","GW"
"3197","cg21407117",-0.00043,7e-05,8.9e-10,NA,"NO2","GW"
"3198","cg03700302",-0.00039,6.4e-05,8.9e-10,NA,"NO2","GW"
"3199","cg05392244",-0.00034,5.5e-05,8.9e-10,NA,"NO2","GW"
"3200","cg13159060",-0.00056,9.2e-05,8.9e-10,NA,"NO2","GW"
"3201","cg09042581",-0.00029,4.7e-05,8.9e-10,NA,"NO2","GW"
"3202","cg26794871",-0.00051,8.4e-05,8.9e-10,NA,"NO2","GW"
"3203","cg07468397",-0.00042,6.8e-05,8.9e-10,NA,"NO2","GW"
"3204","cg22011366",-0.00023,3.7e-05,8.9e-10,NA,"NO2","GW"
"3205","cg09416717",-0.00028,4.6e-05,9e-10,NA,"NO2","GW"
"3206","cg11202634",-0.00029,4.8e-05,9e-10,NA,"NO2","GW"
"3207","cg05890252",-0.00039,6.3e-05,9e-10,NA,"NO2","GW"
"3208","cg06740578",-0.00038,6.2e-05,9e-10,NA,"NO2","GW"
"3209","cg15435900",-0.00034,5.5e-05,9e-10,NA,"NO2","GW"
"3210","cg21552081",-0.00059,9.7e-05,9e-10,NA,"NO2","GW"
"3211","cg01448881",-0.00039,6.4e-05,9.1e-10,NA,"NO2","GW"
"3212","cg05831242",-0.00052,8.6e-05,9.1e-10,NA,"NO2","GW"
"3213","cg10260334",-0.00027,4.4e-05,9.1e-10,NA,"NO2","GW"
"3214","cg16407699",0.00061,9.9e-05,9.1e-10,NA,"NO2","GW"
"3215","cg16507827",-0.00029,4.7e-05,9.1e-10,NA,"NO2","GW"
"3216","cg00057900",-0.00036,5.9e-05,9.1e-10,NA,"NO2","GW"
"3217","cg09516448",-0.00042,6.8e-05,9.1e-10,NA,"NO2","GW"
"3218","cg11228785",-4e-04,6.6e-05,9.1e-10,NA,"NO2","GW"
"3219","cg03782727",-0.00033,5.4e-05,9.1e-10,NA,"NO2","GW"
"3220","cg04757093",-0.00046,7.5e-05,9.1e-10,NA,"NO2","GW"
"3221","cg02631189",-0.00047,7.7e-05,9.2e-10,NA,"NO2","GW"
"3222","cg12145564",-0.00033,5.5e-05,9.2e-10,NA,"NO2","GW"
"3223","cg19022978",-3e-04,4.9e-05,9.2e-10,NA,"NO2","GW"
"3224","cg13403462",-0.0014,0.00022,9.2e-10,NA,"NO2","GW"
"3225","cg15150064",-0.00047,7.7e-05,9.3e-10,NA,"NO2","GW"
"3226","cg25305993",-0.00042,6.9e-05,9.3e-10,NA,"NO2","GW"
"3227","cg20812722",-0.00053,8.6e-05,9.3e-10,NA,"NO2","GW"
"3228","cg00447582",-0.00043,7e-05,9.3e-10,NA,"NO2","GW"
"3229","cg17675301",-0.00039,6.3e-05,9.4e-10,NA,"NO2","GW"
"3230","cg04709321",-0.00037,6.1e-05,9.4e-10,NA,"NO2","GW"
"3231","cg19926902",-0.00038,6.2e-05,9.4e-10,NA,"NO2","GW"
"3232","cg08551333",-0.00055,9.1e-05,9.4e-10,NA,"NO2","GW"
"3233","cg04311961",-0.00031,5.1e-05,9.5e-10,NA,"NO2","GW"
"3234","cg23993235",-0.00046,7.6e-05,9.5e-10,NA,"NO2","GW"
"3235","cg08097157",-0.00033,5.4e-05,9.5e-10,NA,"NO2","GW"
"3236","cg09032499",-0.00041,6.6e-05,9.5e-10,NA,"NO2","GW"
"3237","cg11824179",-0.00035,5.8e-05,9.5e-10,NA,"NO2","GW"
"3238","cg18144373",-0.00044,7.1e-05,9.5e-10,NA,"NO2","GW"
"3239","cg15465990",-0.00033,5.4e-05,9.5e-10,NA,"NO2","GW"
"3240","cg26496779",-0.00034,5.6e-05,9.6e-10,NA,"NO2","GW"
"3241","cg02138218",-0.00032,5.2e-05,9.6e-10,NA,"NO2","GW"
"3242","cg23366752",-6e-04,9.8e-05,9.6e-10,NA,"NO2","GW"
"3243","cg04800816",-2e-04,3.3e-05,9.6e-10,NA,"NO2","GW"
"3244","cg09832102",-0.00031,5.1e-05,9.6e-10,NA,"NO2","GW"
"3245","cg24660199",-5e-04,8.2e-05,9.6e-10,NA,"NO2","GW"
"3246","cg03935731",-0.00035,5.7e-05,9.7e-10,NA,"NO2","GW"
"3247","cg14577707",-0.00046,7.5e-05,9.7e-10,NA,"NO2","GW"
"3248","cg07369399",-0.00044,7.2e-05,9.8e-10,NA,"NO2","GW"
"3249","cg12744858",-0.00039,6.4e-05,9.8e-10,NA,"NO2","GW"
"3250","cg03776870",-0.00024,3.9e-05,9.8e-10,NA,"NO2","GW"
"3251","cg09221478",-0.00057,9.3e-05,9.8e-10,NA,"NO2","GW"
"3252","cg21846888",-0.00028,4.6e-05,9.8e-10,NA,"NO2","GW"
"3253","cg10103635",-0.00024,4e-05,9.9e-10,NA,"NO2","GW"
"3254","cg18990667",-0.00028,4.5e-05,9.9e-10,NA,"NO2","GW"
"3255","cg27410186",-0.00023,3.7e-05,9.9e-10,NA,"NO2","GW"
"3256","cg21404700",-0.00041,6.7e-05,9.9e-10,NA,"NO2","GW"
"3257","cg10575089",-0.00049,8.1e-05,1e-09,NA,"NO2","GW"
"3258","cg22260478",-0.00049,8.1e-05,1e-09,NA,"NO2","GW"
"3259","cg05357717",-0.00039,6.4e-05,1e-09,NA,"NO2","GW"
"3260","cg00329272",-0.00038,6.3e-05,1e-09,NA,"NO2","GW"
"3261","cg01856509",-0.00044,7.1e-05,1e-09,NA,"NO2","GW"
"3262","cg04497752",-3e-04,4.9e-05,1e-09,NA,"NO2","GW"
"3263","cg07343607",-0.00034,5.5e-05,1e-09,NA,"NO2","GW"
"3264","cg07592358",-0.00023,3.7e-05,1e-09,NA,"NO2","GW"
"3265","cg08585489",-0.00046,7.5e-05,1e-09,NA,"NO2","GW"
"3266","cg14279151",-4e-04,6.5e-05,1e-09,NA,"NO2","GW"
"3267","cg17008160",-5e-04,8.2e-05,1e-09,NA,"NO2","GW"
"3268","cg20355694",-0.00039,6.4e-05,1e-09,NA,"NO2","GW"
"3269","cg09469111",-0.00038,6.2e-05,1e-09,NA,"NO2","GW"
"3270","cg11414505",-0.00036,5.8e-05,1e-09,NA,"NO2","GW"
"3271","cg12377111",-4e-04,6.6e-05,1e-09,NA,"NO2","GW"
"3272","cg19345219",-0.00044,7.2e-05,1e-09,NA,"NO2","GW"
"3273","cg27287167",-0.00058,9.5e-05,1e-09,NA,"NO2","GW"
"3274","cg00651005",-0.00035,5.8e-05,1e-09,NA,"NO2","GW"
"3275","cg03129103",-2e-04,3.3e-05,1e-09,NA,"NO2","GW"
"3276","cg03413355",0.0011,0.00017,1e-09,NA,"NO2","GW"
"3277","cg06084210",-0.00035,5.7e-05,1e-09,NA,"NO2","GW"
"3278","cg06630988",-0.00045,7.4e-05,1e-09,NA,"NO2","GW"
"3279","cg07407499",-0.00044,7.2e-05,1e-09,NA,"NO2","GW"
"3280","cg18017531",-0.00031,5.1e-05,1e-09,NA,"NO2","GW"
"3281","cg21423404",-0.00051,8.4e-05,1e-09,NA,"NO2","GW"
"3282","cg26636103",-0.00031,5.1e-05,1e-09,NA,"NO2","GW"
"3283","cg26790091",-0.00045,7.3e-05,1e-09,NA,"NO2","GW"
"3284","cg01142438",-0.00024,4e-05,1e-09,NA,"NO2","GW"
"3285","cg02468966",-0.00022,3.6e-05,1e-09,NA,"NO2","GW"
"3286","cg05592292",-0.00043,7.1e-05,1e-09,NA,"NO2","GW"
"3287","cg05865548",-0.00031,5.1e-05,1e-09,NA,"NO2","GW"
"3288","cg13801475",-0.00028,4.7e-05,1e-09,NA,"NO2","GW"
"3289","cg15319027",-0.00039,6.3e-05,1e-09,NA,"NO2","GW"
"3290","cg24397737",-0.00038,6.3e-05,1e-09,NA,"NO2","GW"
"3291","cg24639100",-0.00025,4.1e-05,1e-09,NA,"NO2","GW"
"3292","cg02684548",-0.00037,6.1e-05,1.1e-09,NA,"NO2","GW"
"3293","cg11122453",-0.00027,4.4e-05,1.1e-09,NA,"NO2","GW"
"3294","cg06061755",-3e-04,4.9e-05,1.1e-09,NA,"NO2","GW"
"3295","cg10803923",-0.00045,7.3e-05,1.1e-09,NA,"NO2","GW"
"3296","cg14323928",-0.00034,5.6e-05,1.1e-09,NA,"NO2","GW"
"3297","cg14416294",-0.00039,6.5e-05,1.1e-09,NA,"NO2","GW"
"3298","cg19297868",-0.00041,6.7e-05,1.1e-09,NA,"NO2","GW"
"3299","cg23530981",-0.00032,5.3e-05,1.1e-09,NA,"NO2","GW"
"3300","cg21715599",-0.00032,5.2e-05,1.1e-09,NA,"NO2","GW"
"3301","cg25779127",-0.00032,5.2e-05,1.1e-09,NA,"NO2","GW"
"3302","cg01729020",-0.00033,5.4e-05,1.1e-09,NA,"NO2","GW"
"3303","cg04270982",-0.00017,2.8e-05,1.1e-09,NA,"NO2","GW"
"3304","cg04839677",-0.00043,7.1e-05,1.1e-09,NA,"NO2","GW"
"3305","cg06178650",-0.00031,5.1e-05,1.1e-09,NA,"NO2","GW"
"3306","cg08211199",-0.00035,5.7e-05,1.1e-09,NA,"NO2","GW"
"3307","cg11856036",-0.00023,3.8e-05,1.1e-09,NA,"NO2","GW"
"3308","cg12261786",-0.00042,6.8e-05,1.1e-09,NA,"NO2","GW"
"3309","cg12882392",-0.00029,4.8e-05,1.1e-09,NA,"NO2","GW"
"3310","cg15895121",-0.00036,6e-05,1.1e-09,NA,"NO2","GW"
"3311","cg04253465",-0.00033,5.3e-05,1.1e-09,NA,"NO2","GW"
"3312","cg18210365",-0.00075,0.00012,1.1e-09,NA,"NO2","GW"
"3313","cg23110019",-0.00042,6.9e-05,1.1e-09,NA,"NO2","GW"
"3314","cg00692279",-0.00049,8e-05,1.1e-09,NA,"NO2","GW"
"3315","cg13292301",-0.00023,3.7e-05,1.1e-09,NA,"NO2","GW"
"3316","cg17045044",-0.00042,6.8e-05,1.1e-09,NA,"NO2","GW"
"3317","cg26647524",-0.00048,7.8e-05,1.1e-09,NA,"NO2","GW"
"3318","cg27463749",-0.00033,5.4e-05,1.1e-09,NA,"NO2","GW"
"3319","cg01398181",-0.00025,4.1e-05,1.1e-09,NA,"NO2","GW"
"3320","cg02329038",-0.00036,5.9e-05,1.1e-09,NA,"NO2","GW"
"3321","cg02751839",-0.00031,5.2e-05,1.1e-09,NA,"NO2","GW"
"3322","cg27405626",-0.00032,5.2e-05,1.1e-09,NA,"NO2","GW"
"3323","cg00891025",-0.00051,8.4e-05,1.1e-09,NA,"NO2","GW"
"3324","cg03669367",-0.00033,5.4e-05,1.1e-09,NA,"NO2","GW"
"3325","cg05754035",-0.00045,7.4e-05,1.1e-09,NA,"NO2","GW"
"3326","cg14046566",-0.00027,4.4e-05,1.1e-09,NA,"NO2","GW"
"3327","cg22364465",-4e-04,6.6e-05,1.1e-09,NA,"NO2","GW"
"3328","cg04479041",-0.00034,5.5e-05,1.1e-09,NA,"NO2","GW"
"3329","cg05858079",-0.00026,4.3e-05,1.1e-09,NA,"NO2","GW"
"3330","cg07157396",-0.00034,5.6e-05,1.1e-09,NA,"NO2","GW"
"3331","cg09292377",-0.00027,4.5e-05,1.1e-09,NA,"NO2","GW"
"3332","cg17822325",0.00075,0.00012,1.1e-09,NA,"NO2","GW"
"3333","cg19637560",-0.00059,9.7e-05,1.1e-09,NA,"NO2","GW"
"3334","cg23475755",-0.00025,4.1e-05,1.1e-09,NA,"NO2","GW"
"3335","cg24430703",-0.00031,5e-05,1.1e-09,NA,"NO2","GW"
"3336","cg25927375",-0.00054,8.9e-05,1.1e-09,NA,"NO2","GW"
"3337","cg00416945",-0.00039,6.4e-05,1.1e-09,NA,"NO2","GW"
"3338","cg06755263",-0.00035,5.7e-05,1.1e-09,NA,"NO2","GW"
"3339","cg12332316",-0.00021,3.5e-05,1.1e-09,NA,"NO2","GW"
"3340","cg21775463",-5e-04,8.2e-05,1.1e-09,NA,"NO2","GW"
"3341","cg10542975",0.00045,7.4e-05,1.1e-09,NA,"NO2","GW"
"3342","cg12042332",-0.00037,6.1e-05,1.1e-09,NA,"NO2","GW"
"3343","cg13465587",-0.00031,5.1e-05,1.1e-09,NA,"NO2","GW"
"3344","cg03943605",-0.00041,6.8e-05,1.2e-09,NA,"NO2","GW"
"3345","cg14609139",-0.00041,6.8e-05,1.2e-09,NA,"NO2","GW"
"3346","cg16559570",-0.00034,5.5e-05,1.2e-09,NA,"NO2","GW"
"3347","cg19861427",-0.00038,6.2e-05,1.2e-09,NA,"NO2","GW"
"3348","cg00974629",-0.00029,4.8e-05,1.2e-09,NA,"NO2","GW"
"3349","cg09731087",-0.00023,3.9e-05,1.2e-09,NA,"NO2","GW"
"3350","cg20094279",-4e-04,6.5e-05,1.2e-09,NA,"NO2","GW"
"3351","cg20510525",-0.00032,5.3e-05,1.2e-09,NA,"NO2","GW"
"3352","cg22365946",-0.00027,4.4e-05,1.2e-09,NA,"NO2","GW"
"3353","cg22872478",-0.00041,6.8e-05,1.2e-09,NA,"NO2","GW"
"3354","cg09437783",-0.00036,5.9e-05,1.2e-09,NA,"NO2","GW"
"3355","cg11657043",-3e-04,4.9e-05,1.2e-09,NA,"NO2","GW"
"3356","cg14293027",-0.00025,4.1e-05,1.2e-09,NA,"NO2","GW"
"3357","cg24876998",-0.00031,5.1e-05,1.2e-09,NA,"NO2","GW"
"3358","cg25605800",-0.00036,5.9e-05,1.2e-09,NA,"NO2","GW"
"3359","cg13125510",-0.00037,6.1e-05,1.2e-09,NA,"NO2","GW"
"3360","cg18121946",-0.00037,6e-05,1.2e-09,NA,"NO2","GW"
"3361","cg20134984",-3e-04,4.9e-05,1.2e-09,NA,"NO2","GW"
"3362","cg20544216",-0.00026,4.3e-05,1.2e-09,NA,"NO2","GW"
"3363","cg03597968",-0.00025,4.1e-05,1.2e-09,NA,"NO2","GW"
"3364","cg09425926",-0.00045,7.3e-05,1.2e-09,NA,"NO2","GW"
"3365","cg10210690",-0.00057,9.3e-05,1.2e-09,NA,"NO2","GW"
"3366","cg10941189",-0.00029,4.7e-05,1.2e-09,NA,"NO2","GW"
"3367","cg20491406",-0.00029,4.7e-05,1.2e-09,NA,"NO2","GW"
"3368","cg25013052",-0.00045,7.3e-05,1.2e-09,NA,"NO2","GW"
"3369","cg03353436",-2e-04,3.4e-05,1.2e-09,NA,"NO2","GW"
"3370","cg17129262",-0.00048,8e-05,1.2e-09,NA,"NO2","GW"
"3371","cg22616343",-0.00041,6.8e-05,1.2e-09,NA,"NO2","GW"
"3372","cg01825355",-0.00023,3.8e-05,1.2e-09,NA,"NO2","GW"
"3373","cg02271926",-0.00025,4.2e-05,1.2e-09,NA,"NO2","GW"
"3374","cg02990330",-0.00057,9.5e-05,1.2e-09,NA,"NO2","GW"
"3375","cg05030251",-0.00034,5.6e-05,1.2e-09,NA,"NO2","GW"
"3376","cg08182826",-0.00039,6.4e-05,1.2e-09,NA,"NO2","GW"
"3377","cg12682032",-0.00047,7.7e-05,1.2e-09,NA,"NO2","GW"
"3378","cg20902353",-0.00046,7.5e-05,1.2e-09,NA,"NO2","GW"
"3379","cg23625341",-0.00024,3.9e-05,1.2e-09,NA,"NO2","GW"
"3380","cg00029521",-0.00051,8.3e-05,1.2e-09,NA,"NO2","GW"
"3381","cg00577417",-0.00049,8e-05,1.2e-09,NA,"NO2","GW"
"3382","cg02715629",-0.00062,1e-04,1.2e-09,NA,"NO2","GW"
"3383","cg07917031",-0.00022,3.6e-05,1.2e-09,NA,"NO2","GW"
"3384","cg08842062",-0.00033,5.5e-05,1.2e-09,NA,"NO2","GW"
"3385","cg00320765",-0.00048,7.8e-05,1.3e-09,NA,"NO2","GW"
"3386","cg00508158",-0.00031,5.1e-05,1.3e-09,NA,"NO2","GW"
"3387","cg00707130",-0.00043,7.1e-05,1.3e-09,NA,"NO2","GW"
"3388","cg04509882",-0.00044,7.3e-05,1.3e-09,NA,"NO2","GW"
"3389","cg06354543",-4e-04,6.5e-05,1.3e-09,NA,"NO2","GW"
"3390","cg06798483",-0.00049,8.1e-05,1.3e-09,NA,"NO2","GW"
"3391","cg20083900",-0.00031,5.1e-05,1.3e-09,NA,"NO2","GW"
"3392","cg22533317",-0.00064,0.00011,1.3e-09,NA,"NO2","GW"
"3393","cg22966673",-0.00029,4.8e-05,1.3e-09,NA,"NO2","GW"
"3394","cg01750783",-0.00057,9.5e-05,1.3e-09,NA,"NO2","GW"
"3395","cg08268679",-0.00028,4.6e-05,1.3e-09,NA,"NO2","GW"
"3396","cg10624445",-0.00046,7.6e-05,1.3e-09,NA,"NO2","GW"
"3397","cg11398136",-0.00029,4.7e-05,1.3e-09,NA,"NO2","GW"
"3398","cg11659796",-0.00035,5.7e-05,1.3e-09,NA,"NO2","GW"
"3399","cg12144852",-0.00039,6.5e-05,1.3e-09,NA,"NO2","GW"
"3400","cg13513804",-0.00033,5.4e-05,1.3e-09,NA,"NO2","GW"
"3401","cg14041561",-0.00038,6.3e-05,1.3e-09,NA,"NO2","GW"
"3402","cg27119212",-2e-04,3.4e-05,1.3e-09,NA,"NO2","GW"
"3403","cg27421679",-3e-04,4.9e-05,1.3e-09,NA,"NO2","GW"
"3404","cg02184281",-0.00034,5.5e-05,1.3e-09,NA,"NO2","GW"
"3405","cg03572171",-0.00033,5.4e-05,1.3e-09,NA,"NO2","GW"
"3406","cg08321382",-0.00026,4.3e-05,1.3e-09,NA,"NO2","GW"
"3407","cg08932381",-0.00022,3.7e-05,1.3e-09,NA,"NO2","GW"
"3408","cg09353289",-0.00051,8.3e-05,1.3e-09,NA,"NO2","GW"
"3409","cg17222401",-0.00021,3.4e-05,1.3e-09,NA,"NO2","GW"
"3410","cg24039329",-0.00045,7.4e-05,1.3e-09,NA,"NO2","GW"
"3411","cg20011459",-0.00036,6e-05,1.3e-09,NA,"NO2","GW"
"3412","cg00579706",-4e-04,6.6e-05,1.3e-09,NA,"NO2","GW"
"3413","cg07969475",-0.00036,5.9e-05,1.3e-09,NA,"NO2","GW"
"3414","cg16751754",-0.00021,3.5e-05,1.3e-09,NA,"NO2","GW"
"3415","cg26540191",-0.00042,6.9e-05,1.3e-09,NA,"NO2","GW"
"3416","cg04173154",-0.00024,3.9e-05,1.3e-09,NA,"NO2","GW"
"3417","cg06165706",-0.00045,7.5e-05,1.3e-09,NA,"NO2","GW"
"3418","cg08197072",-0.00037,6.1e-05,1.3e-09,NA,"NO2","GW"
"3419","cg08616234",-0.00028,4.7e-05,1.3e-09,NA,"NO2","GW"
"3420","cg16669607",-0.00035,5.8e-05,1.3e-09,NA,"NO2","GW"
"3421","cg00350478",-0.00041,6.8e-05,1.3e-09,NA,"NO2","GW"
"3422","cg02236673",-0.00047,7.8e-05,1.3e-09,NA,"NO2","GW"
"3423","cg08808615",-0.00027,4.4e-05,1.3e-09,NA,"NO2","GW"
"3424","cg13373315",-3e-04,4.9e-05,1.3e-09,NA,"NO2","GW"
"3425","cg14087401",-4e-04,6.6e-05,1.3e-09,NA,"NO2","GW"
"3426","cg01814344",-0.00042,6.9e-05,1.3e-09,NA,"NO2","GW"
"3427","cg04132809",-0.00014,2.3e-05,1.3e-09,NA,"NO2","GW"
"3428","cg04972529",-0.00044,7.2e-05,1.3e-09,NA,"NO2","GW"
"3429","cg13774987",-0.00028,4.7e-05,1.3e-09,NA,"NO2","GW"
"3430","cg15678861",-0.00038,6.3e-05,1.3e-09,NA,"NO2","GW"
"3431","cg16989784",-5e-04,8.3e-05,1.3e-09,NA,"NO2","GW"
"3432","cg19251326",-0.00035,5.8e-05,1.3e-09,NA,"NO2","GW"
"3433","cg22046966",-4e-04,6.6e-05,1.3e-09,NA,"NO2","GW"
"3434","cg27176995",-0.00041,6.7e-05,1.3e-09,NA,"NO2","GW"
"3435","cg27312338",-0.00067,0.00011,1.3e-09,NA,"NO2","GW"
"3436","cg01304499",-0.00048,7.9e-05,1.3e-09,NA,"NO2","GW"
"3437","cg01357713",-0.00048,7.8e-05,1.3e-09,NA,"NO2","GW"
"3438","cg03722802",-0.00033,5.4e-05,1.3e-09,NA,"NO2","GW"
"3439","cg03830401",-0.00026,4.4e-05,1.3e-09,NA,"NO2","GW"
"3440","cg09635866",-3e-04,5e-05,1.3e-09,NA,"NO2","GW"
"3441","cg11253886",-0.00038,6.3e-05,1.3e-09,NA,"NO2","GW"
"3442","cg12582965",-0.00032,5.3e-05,1.3e-09,NA,"NO2","GW"
"3443","cg16410171",-0.00036,5.9e-05,1.3e-09,NA,"NO2","GW"
"3444","cg18782201",-0.00039,6.4e-05,1.3e-09,NA,"NO2","GW"
"3445","cg18854169",-0.00046,7.6e-05,1.3e-09,NA,"NO2","GW"
"3446","cg19815325",-0.00032,5.2e-05,1.3e-09,NA,"NO2","GW"
"3447","cg20450337",-0.00031,5.2e-05,1.3e-09,NA,"NO2","GW"
"3448","cg04887124",-0.00033,5.4e-05,1.3e-09,NA,"NO2","GW"
"3449","cg05465955",0.00043,7e-05,1.3e-09,NA,"NO2","GW"
"3450","cg04804772",-0.00048,7.9e-05,1.4e-09,NA,"NO2","GW"
"3451","cg09147400",-0.00021,3.5e-05,1.4e-09,NA,"NO2","GW"
"3452","cg08650639",-0.00036,6e-05,1.4e-09,NA,"NO2","GW"
"3453","cg13847853",-0.00029,4.7e-05,1.4e-09,NA,"NO2","GW"
"3454","cg15714776",-4e-04,6.6e-05,1.4e-09,NA,"NO2","GW"
"3455","cg23402986",-0.00024,3.9e-05,1.4e-09,NA,"NO2","GW"
"3456","cg24902038",-0.00048,7.9e-05,1.4e-09,NA,"NO2","GW"
"3457","cg26475742",-0.00039,6.4e-05,1.4e-09,NA,"NO2","GW"
"3458","cg03839288",-0.00054,8.9e-05,1.4e-09,NA,"NO2","GW"
"3459","cg06868569",-0.00021,3.4e-05,1.4e-09,NA,"NO2","GW"
"3460","cg12285326",-5e-04,8.3e-05,1.4e-09,NA,"NO2","GW"
"3461","cg23245711",-0.00035,5.8e-05,1.4e-09,NA,"NO2","GW"
"3462","cg03699074",-0.00044,7.3e-05,1.4e-09,NA,"NO2","GW"
"3463","cg03769734",-3e-04,5e-05,1.4e-09,NA,"NO2","GW"
"3464","cg17836247",-0.00039,6.4e-05,1.4e-09,NA,"NO2","GW"
"3465","cg00222684",-0.00024,4e-05,1.4e-09,NA,"NO2","GW"
"3466","cg00801134",-3e-04,4.9e-05,1.4e-09,NA,"NO2","GW"
"3467","cg07935357",-0.00033,5.4e-05,1.4e-09,NA,"NO2","GW"
"3468","cg07998325",-0.00028,4.7e-05,1.4e-09,NA,"NO2","GW"
"3469","cg08530041",-0.00026,4.3e-05,1.4e-09,NA,"NO2","GW"
"3470","cg25726847",-0.00043,7.2e-05,1.4e-09,NA,"NO2","GW"
"3471","cg26543164",-0.00027,4.5e-05,1.4e-09,NA,"NO2","GW"
"3472","cg00499237",-0.00028,4.6e-05,1.4e-09,NA,"NO2","GW"
"3473","cg01159793",-0.00038,6.3e-05,1.4e-09,NA,"NO2","GW"
"3474","cg04945434",-0.00024,3.9e-05,1.4e-09,NA,"NO2","GW"
"3475","cg09828346",-0.00036,6e-05,1.4e-09,NA,"NO2","GW"
"3476","cg15490785",-4e-04,6.7e-05,1.4e-09,NA,"NO2","GW"
"3477","cg15677294",-0.00041,6.8e-05,1.4e-09,NA,"NO2","GW"
"3478","cg25735572",-0.00045,7.4e-05,1.4e-09,NA,"NO2","GW"
"3479","cg25893679",-0.00028,4.6e-05,1.4e-09,NA,"NO2","GW"
"3480","cg13579932",-0.00027,4.5e-05,1.4e-09,NA,"NO2","GW"
"3481","cg16814143",-0.00029,4.8e-05,1.4e-09,NA,"NO2","GW"
"3482","cg23199788",-0.00045,7.4e-05,1.4e-09,NA,"NO2","GW"
"3483","cg10473907",-0.00031,5.1e-05,1.4e-09,NA,"NO2","GW"
"3484","cg25044765",-0.00036,5.9e-05,1.4e-09,NA,"NO2","GW"
"3485","cg04522949",-0.00041,6.8e-05,1.4e-09,NA,"NO2","GW"
"3486","cg06162324",-0.00041,6.7e-05,1.4e-09,NA,"NO2","GW"
"3487","cg11454547",-3e-04,5e-05,1.4e-09,NA,"NO2","GW"
"3488","cg12370326",-0.00035,5.8e-05,1.4e-09,NA,"NO2","GW"
"3489","cg16534427",-0.00025,4.2e-05,1.4e-09,NA,"NO2","GW"
"3490","cg03480346",-0.00086,0.00014,1.4e-09,NA,"NO2","GW"
"3491","cg09183671",-0.00063,1e-04,1.4e-09,NA,"NO2","GW"
"3492","cg15128778",-0.00035,5.8e-05,1.4e-09,NA,"NO2","GW"
"3493","cg02855363",-0.00042,7e-05,1.4e-09,NA,"NO2","GW"
"3494","cg04691180",-0.00044,7.3e-05,1.4e-09,NA,"NO2","GW"
"3495","cg13689118",-0.00025,4.2e-05,1.4e-09,NA,"NO2","GW"
"3496","cg16114706",-0.00037,6.2e-05,1.4e-09,NA,"NO2","GW"
"3497","cg17772649",-0.00076,0.00013,1.4e-09,NA,"NO2","GW"
"3498","cg04607671",-0.00039,6.4e-05,1.5e-09,NA,"NO2","GW"
"3499","cg04841371",-0.00041,6.7e-05,1.5e-09,NA,"NO2","GW"
"3500","cg11987068",-0.00027,4.5e-05,1.5e-09,NA,"NO2","GW"
"3501","cg19372178",-4e-04,6.6e-05,1.5e-09,NA,"NO2","GW"
"3502","cg21748136",-0.00031,5.1e-05,1.5e-09,NA,"NO2","GW"
"3503","cg00006397",-0.00029,4.8e-05,1.5e-09,NA,"NO2","GW"
"3504","cg16569813",-0.00022,3.6e-05,1.5e-09,NA,"NO2","GW"
"3505","cg00983608",-0.00044,7.3e-05,1.5e-09,NA,"NO2","GW"
"3506","cg02659581",-4e-04,6.6e-05,1.5e-09,NA,"NO2","GW"
"3507","cg04955051",-0.00041,6.8e-05,1.5e-09,NA,"NO2","GW"
"3508","cg19879483",-3e-04,5e-05,1.5e-09,NA,"NO2","GW"
"3509","cg23918388",-0.00035,5.9e-05,1.5e-09,NA,"NO2","GW"
"3510","cg09127909",-0.00021,3.5e-05,1.5e-09,NA,"NO2","GW"
"3511","cg20033070",-0.00034,5.6e-05,1.5e-09,NA,"NO2","GW"
"3512","cg24306397",-0.00043,7.2e-05,1.5e-09,NA,"NO2","GW"
"3513","cg02375065",-0.00043,7.1e-05,1.5e-09,NA,"NO2","GW"
"3514","cg06638913",-0.00035,5.7e-05,1.5e-09,NA,"NO2","GW"
"3515","cg18858144",-0.00035,5.8e-05,1.5e-09,NA,"NO2","GW"
"3516","cg02499967",-0.00038,6.3e-05,1.5e-09,NA,"NO2","GW"
"3517","cg03602777",-0.00029,4.9e-05,1.5e-09,NA,"NO2","GW"
"3518","cg05177519",-0.00024,3.9e-05,1.5e-09,NA,"NO2","GW"
"3519","cg06815826",-0.00043,7.2e-05,1.5e-09,NA,"NO2","GW"
"3520","cg08693997",-0.00029,4.8e-05,1.5e-09,NA,"NO2","GW"
"3521","cg02169981",-0.00035,5.8e-05,1.5e-09,NA,"NO2","GW"
"3522","cg02653521",-3e-04,4.9e-05,1.5e-09,NA,"NO2","GW"
"3523","cg06483559",-0.00043,7.1e-05,1.5e-09,NA,"NO2","GW"
"3524","cg15643000",-0.00036,6e-05,1.5e-09,NA,"NO2","GW"
"3525","cg26628100",-0.00032,5.3e-05,1.5e-09,NA,"NO2","GW"
"3526","cg02363202",-0.00049,8.1e-05,1.5e-09,NA,"NO2","GW"
"3527","cg09967479",-0.00062,1e-04,1.5e-09,NA,"NO2","GW"
"3528","cg23914149",-0.00047,7.7e-05,1.5e-09,NA,"NO2","GW"
"3529","cg03861143",-0.00036,6e-05,1.5e-09,NA,"NO2","GW"
"3530","cg10017653",-0.00034,5.7e-05,1.5e-09,NA,"NO2","GW"
"3531","cg18857314",-0.00039,6.4e-05,1.5e-09,NA,"NO2","GW"
"3532","cg23717187",-0.00044,7.3e-05,1.5e-09,NA,"NO2","GW"
"3533","cg04309194",-0.00076,0.00013,1.6e-09,NA,"NO2","GW"
"3534","cg06088102",-0.00032,5.3e-05,1.6e-09,NA,"NO2","GW"
"3535","cg11521325",-5e-04,8.3e-05,1.6e-09,NA,"NO2","GW"
"3536","cg21117426",-0.00032,5.3e-05,1.6e-09,NA,"NO2","GW"
"3537","cg24859433",-0.00039,6.4e-05,1.6e-09,NA,"NO2","GW"
"3538","cg21211478",-0.00034,5.6e-05,1.6e-09,NA,"NO2","GW"
"3539","cg25456968",-0.00023,3.8e-05,1.6e-09,NA,"NO2","GW"
"3540","cg03743678",-0.00028,4.7e-05,1.6e-09,NA,"NO2","GW"
"3541","cg16957224",-0.00048,7.9e-05,1.6e-09,NA,"NO2","GW"
"3542","cg18727075",-0.00031,5.1e-05,1.6e-09,NA,"NO2","GW"
"3543","cg22175494",-0.00034,5.6e-05,1.6e-09,NA,"NO2","GW"
"3544","cg00369202",-0.00066,0.00011,1.6e-09,NA,"NO2","GW"
"3545","cg17993657",-0.00033,5.4e-05,1.6e-09,NA,"NO2","GW"
"3546","cg22657632",-0.00041,6.8e-05,1.6e-09,NA,"NO2","GW"
"3547","cg23955161",-0.00038,6.3e-05,1.6e-09,NA,"NO2","GW"
"3548","cg25744277",-0.00051,8.4e-05,1.6e-09,NA,"NO2","GW"
"3549","cg02215776",-0.00023,3.8e-05,1.6e-09,NA,"NO2","GW"
"3550","cg03005124",-0.00031,5.1e-05,1.6e-09,NA,"NO2","GW"
"3551","cg10355623",-0.00039,6.4e-05,1.6e-09,NA,"NO2","GW"
"3552","cg04113258",-0.00052,8.6e-05,1.6e-09,NA,"NO2","GW"
"3553","cg04881751",-0.00026,4.3e-05,1.6e-09,NA,"NO2","GW"
"3554","cg05536998",-0.00037,6.2e-05,1.6e-09,NA,"NO2","GW"
"3555","cg13349425",-0.00027,4.5e-05,1.6e-09,NA,"NO2","GW"
"3556","cg01483824",-0.00087,0.00014,1.6e-09,NA,"NO2","GW"
"3557","cg02315315",-4e-04,6.7e-05,1.6e-09,NA,"NO2","GW"
"3558","cg07660494",-0.00048,7.9e-05,1.6e-09,NA,"NO2","GW"
"3559","cg25929139",-0.00037,6.2e-05,1.6e-09,NA,"NO2","GW"
"3560","cg20068510",-0.00032,5.3e-05,1.6e-09,NA,"NO2","GW"
"3561","cg21613389",-0.00052,8.6e-05,1.6e-09,NA,"NO2","GW"
"3562","cg24995783",-0.00027,4.5e-05,1.6e-09,NA,"NO2","GW"
"3563","cg00881370",-0.00028,4.7e-05,1.6e-09,NA,"NO2","GW"
"3564","cg01981445",-0.00049,8.1e-05,1.6e-09,NA,"NO2","GW"
"3565","cg17657743",-3e-04,5e-05,1.6e-09,NA,"NO2","GW"
"3566","cg18878886",-0.00028,4.6e-05,1.6e-09,NA,"NO2","GW"
"3567","cg00753714",-0.00025,4.1e-05,1.7e-09,NA,"NO2","GW"
"3568","cg08238265",-0.00027,4.5e-05,1.7e-09,NA,"NO2","GW"
"3569","cg14403574",-0.00063,1e-04,1.7e-09,NA,"NO2","GW"
"3570","cg20980299",-0.00028,4.6e-05,1.7e-09,NA,"NO2","GW"
"3571","cg22147163",-0.00029,4.9e-05,1.7e-09,NA,"NO2","GW"
"3572","cg23878494",-0.00045,7.5e-05,1.7e-09,NA,"NO2","GW"
"3573","cg07382129",-0.00026,4.4e-05,1.7e-09,NA,"NO2","GW"
"3574","cg23093870",-0.00035,5.8e-05,1.7e-09,NA,"NO2","GW"
"3575","cg01708964",-0.00032,5.4e-05,1.7e-09,NA,"NO2","GW"
"3576","cg10068572",-0.00043,7.2e-05,1.7e-09,NA,"NO2","GW"
"3577","cg14012365",-0.00038,6.2e-05,1.7e-09,NA,"NO2","GW"
"3578","cg15341760",-0.00029,4.9e-05,1.7e-09,NA,"NO2","GW"
"3579","cg22129809",-0.00028,4.7e-05,1.7e-09,NA,"NO2","GW"
"3580","cg25243385",-0.00027,4.4e-05,1.7e-09,NA,"NO2","GW"
"3581","cg02344361",-0.00041,6.7e-05,1.7e-09,NA,"NO2","GW"
"3582","cg27340001",-0.00071,0.00012,1.7e-09,NA,"NO2","GW"
"3583","cg00706966",-0.00037,6.2e-05,1.7e-09,NA,"NO2","GW"
"3584","cg02711212",-0.00026,4.3e-05,1.7e-09,NA,"NO2","GW"
"3585","cg07533617",-0.00018,3e-05,1.7e-09,NA,"NO2","GW"
"3586","cg13422817",-5e-04,8.3e-05,1.7e-09,NA,"NO2","GW"
"3587","cg21582956",-0.00037,6.1e-05,1.7e-09,NA,"NO2","GW"
"3588","cg04152326",-0.00027,4.4e-05,1.7e-09,NA,"NO2","GW"
"3589","cg15163719",-0.00041,6.8e-05,1.7e-09,NA,"NO2","GW"
"3590","cg18683707",-0.00029,4.8e-05,1.7e-09,NA,"NO2","GW"
"3591","cg25798782",-0.00038,6.3e-05,1.7e-09,NA,"NO2","GW"
"3592","cg02773436",-0.00083,0.00014,1.7e-09,NA,"NO2","GW"
"3593","cg09340513",-0.00028,4.7e-05,1.7e-09,NA,"NO2","GW"
"3594","cg10218510",-3e-04,5e-05,1.7e-09,NA,"NO2","GW"
"3595","cg14792155",-0.00026,4.3e-05,1.7e-09,NA,"NO2","GW"
"3596","cg01412803",-0.00035,5.9e-05,1.7e-09,NA,"NO2","GW"
"3597","cg02100497",-3e-04,5e-05,1.7e-09,NA,"NO2","GW"
"3598","cg08424770",-0.00024,4.1e-05,1.7e-09,NA,"NO2","GW"
"3599","cg11137156",-5e-04,8.2e-05,1.7e-09,NA,"NO2","GW"
"3600","cg14111380",-0.00026,4.3e-05,1.7e-09,NA,"NO2","GW"
"3601","cg11801374",-0.00028,4.7e-05,1.7e-09,NA,"NO2","GW"
"3602","cg25298039",-0.00042,7e-05,1.7e-09,NA,"NO2","GW"
"3603","cg25592353",-0.00033,5.5e-05,1.7e-09,NA,"NO2","GW"
"3604","cg25748521",-0.00038,6.4e-05,1.7e-09,NA,"NO2","GW"
"3605","cg01026233",-0.00045,7.4e-05,1.7e-09,NA,"NO2","GW"
"3606","cg14528056",0.00069,0.00011,1.7e-09,NA,"NO2","GW"
"3607","cg17732038",-0.00052,8.7e-05,1.7e-09,NA,"NO2","GW"
"3608","cg27531553",-0.00032,5.4e-05,1.7e-09,NA,"NO2","GW"
"3609","cg01181499",-0.00029,4.9e-05,1.8e-09,NA,"NO2","GW"
"3610","cg03084824",-0.00032,5.2e-05,1.8e-09,NA,"NO2","GW"
"3611","cg06930162",-0.00048,8e-05,1.8e-09,NA,"NO2","GW"
"3612","cg10354880",-0.00026,4.3e-05,1.8e-09,NA,"NO2","GW"
"3613","cg10716862",-0.00035,5.8e-05,1.8e-09,NA,"NO2","GW"
"3614","cg16866136",-0.00043,7.2e-05,1.8e-09,NA,"NO2","GW"
"3615","cg01329153",-3e-04,4.9e-05,1.8e-09,NA,"NO2","GW"
"3616","cg12433423",-0.00033,5.5e-05,1.8e-09,NA,"NO2","GW"
"3617","cg13067816",-4e-04,6.7e-05,1.8e-09,NA,"NO2","GW"
"3618","cg17362661",-3e-04,4.9e-05,1.8e-09,NA,"NO2","GW"
"3619","cg22999343",-0.00042,6.9e-05,1.8e-09,NA,"NO2","GW"
"3620","cg24544298",-0.00036,6e-05,1.8e-09,NA,"NO2","GW"
"3621","cg01797043",-0.00044,7.3e-05,1.8e-09,NA,"NO2","GW"
"3622","cg03318904",0.00067,0.00011,1.8e-09,NA,"NO2","GW"
"3623","cg03872339",-0.00053,8.8e-05,1.8e-09,NA,"NO2","GW"
"3624","cg09301143",-0.00034,5.6e-05,1.8e-09,NA,"NO2","GW"
"3625","cg25611756",-0.00028,4.7e-05,1.8e-09,NA,"NO2","GW"
"3626","cg26159905",-0.00047,7.8e-05,1.8e-09,NA,"NO2","GW"
"3627","cg03240324",-0.00064,0.00011,1.8e-09,NA,"NO2","GW"
"3628","cg05841263",-3e-04,5e-05,1.8e-09,NA,"NO2","GW"
"3629","cg01883208",-0.00052,8.7e-05,1.8e-09,NA,"NO2","GW"
"3630","cg07124995",-0.00033,5.5e-05,1.8e-09,NA,"NO2","GW"
"3631","cg13126638",-0.00046,7.6e-05,1.8e-09,NA,"NO2","GW"
"3632","cg27371539",-4e-04,6.7e-05,1.8e-09,NA,"NO2","GW"
"3633","cg01083148",-0.00037,6.2e-05,1.8e-09,NA,"NO2","GW"
"3634","cg16596716",-0.00035,5.8e-05,1.8e-09,NA,"NO2","GW"
"3635","cg16659773",-0.00032,5.4e-05,1.8e-09,NA,"NO2","GW"
"3636","cg20849835",-0.00021,3.5e-05,1.8e-09,NA,"NO2","GW"
"3637","cg24833277",-0.00035,5.8e-05,1.8e-09,NA,"NO2","GW"
"3638","cg01701055",-0.00039,6.5e-05,1.8e-09,NA,"NO2","GW"
"3639","cg02097120",-5e-04,8.3e-05,1.8e-09,NA,"NO2","GW"
"3640","cg02781105",-0.00047,7.8e-05,1.8e-09,NA,"NO2","GW"
"3641","cg06345909",-0.00059,9.8e-05,1.8e-09,NA,"NO2","GW"
"3642","cg18730511",-0.00031,5.1e-05,1.8e-09,NA,"NO2","GW"
"3643","cg10020546",-4e-04,6.6e-05,1.8e-09,NA,"NO2","GW"
"3644","cg10244525",-5e-04,8.4e-05,1.9e-09,NA,"NO2","GW"
"3645","cg16171849",-0.00035,5.8e-05,1.9e-09,NA,"NO2","GW"
"3646","cg20519577",-0.00032,5.3e-05,1.9e-09,NA,"NO2","GW"
"3647","cg00915214",-0.00031,5.2e-05,1.9e-09,NA,"NO2","GW"
"3648","cg17159890",-2e-04,3.3e-05,1.9e-09,NA,"NO2","GW"
"3649","cg21943268",-0.00036,6e-05,1.9e-09,NA,"NO2","GW"
"3650","cg22064182",-0.00038,6.4e-05,1.9e-09,NA,"NO2","GW"
"3651","cg02834280",-0.00038,6.4e-05,1.9e-09,NA,"NO2","GW"
"3652","cg09337427",-0.00028,4.6e-05,1.9e-09,NA,"NO2","GW"
"3653","cg24809845",-0.00046,7.7e-05,1.9e-09,NA,"NO2","GW"
"3654","cg03285073",-0.00039,6.6e-05,1.9e-09,NA,"NO2","GW"
"3655","cg08172575",-0.00021,3.4e-05,1.9e-09,NA,"NO2","GW"
"3656","cg00174508",-0.00043,7.2e-05,1.9e-09,NA,"NO2","GW"
"3657","cg07824081",-0.00049,8.1e-05,1.9e-09,NA,"NO2","GW"
"3658","cg09693765",-0.00033,5.5e-05,1.9e-09,NA,"NO2","GW"
"3659","cg15633096",-0.00036,5.9e-05,1.9e-09,NA,"NO2","GW"
"3660","cg27343325",-0.00047,7.9e-05,1.9e-09,NA,"NO2","GW"
"3661","cg02496377",-3e-04,5e-05,1.9e-09,NA,"NO2","GW"
"3662","cg04562295",-0.00029,4.9e-05,1.9e-09,NA,"NO2","GW"
"3663","cg09801828",-0.00035,5.8e-05,1.9e-09,NA,"NO2","GW"
"3664","cg23603782",-0.00041,6.8e-05,1.9e-09,NA,"NO2","GW"
"3665","cg25281677",-0.00059,9.8e-05,1.9e-09,NA,"NO2","GW"
"3666","cg01013155",-0.00041,6.8e-05,1.9e-09,NA,"NO2","GW"
"3667","cg03997167",-0.00017,2.9e-05,1.9e-09,NA,"NO2","GW"
"3668","cg19919209",-0.00039,6.4e-05,1.9e-09,NA,"NO2","GW"
"3669","cg23592467",-3e-04,5e-05,1.9e-09,NA,"NO2","GW"
"3670","cg25765796",-0.00039,6.5e-05,1.9e-09,NA,"NO2","GW"
"3671","cg26977759",-0.00026,4.3e-05,1.9e-09,NA,"NO2","GW"
"3672","cg00727663",-0.00031,5.1e-05,1.9e-09,NA,"NO2","GW"
"3673","cg07750784",-0.00027,4.5e-05,1.9e-09,NA,"NO2","GW"
"3674","cg16339560",-4e-04,6.7e-05,1.9e-09,NA,"NO2","GW"
"3675","cg17599372",-0.00047,7.7e-05,1.9e-09,NA,"NO2","GW"
"3676","cg20228495",-0.00045,7.4e-05,1.9e-09,NA,"NO2","GW"
"3677","cg24938051",-0.00039,6.4e-05,1.9e-09,NA,"NO2","GW"
"3678","cg06521544",-4e-04,6.6e-05,1.9e-09,NA,"NO2","GW"
"3679","cg09083108",-0.00026,4.4e-05,1.9e-09,NA,"NO2","GW"
"3680","cg14003143",-0.00032,5.3e-05,1.9e-09,NA,"NO2","GW"
"3681","cg12640930",-0.00031,5.1e-05,2e-09,NA,"NO2","GW"
"3682","cg24787238",-0.00056,9.3e-05,2e-09,NA,"NO2","GW"
"3683","cg25203351",-0.00039,6.5e-05,2e-09,NA,"NO2","GW"
"3684","cg22739858",-0.00048,7.9e-05,2e-09,NA,"NO2","GW"
"3685","cg08204050",-0.00063,0.00011,2e-09,NA,"NO2","GW"
"3686","cg14739477",-0.00038,6.3e-05,2e-09,NA,"NO2","GW"
"3687","cg16803737",-0.00047,7.9e-05,2e-09,NA,"NO2","GW"
"3688","cg20913747",-0.00037,6.3e-05,2e-09,NA,"NO2","GW"
"3689","cg21415292",-0.00038,6.4e-05,2e-09,NA,"NO2","GW"
"3690","cg22830638",-0.00031,5.2e-05,2e-09,NA,"NO2","GW"
"3691","cg05787951",-3e-04,5e-05,2e-09,NA,"NO2","GW"
"3692","cg05869732",-0.00028,4.6e-05,2e-09,NA,"NO2","GW"
"3693","cg07861790",-8e-04,0.00013,2e-09,NA,"NO2","GW"
"3694","cg07972805",-0.00032,5.4e-05,2e-09,NA,"NO2","GW"
"3695","cg10158715",-0.00036,6e-05,2e-09,NA,"NO2","GW"
"3696","cg24411312",-0.00035,5.8e-05,2e-09,NA,"NO2","GW"
"3697","cg24938775",-0.00037,6.1e-05,2e-09,NA,"NO2","GW"
"3698","cg26248430",-0.00021,3.4e-05,2e-09,NA,"NO2","GW"
"3699","cg01079795",-0.00032,5.4e-05,2e-09,NA,"NO2","GW"
"3700","cg04126713",-0.00075,0.00013,2e-09,NA,"NO2","GW"
"3701","cg04405547",-4e-04,6.6e-05,2e-09,NA,"NO2","GW"
"3702","cg16988989",-0.00037,6.2e-05,2e-09,NA,"NO2","GW"
"3703","cg21373996",-0.00037,6.2e-05,2e-09,NA,"NO2","GW"
"3704","cg01676680",-0.00035,5.8e-05,2e-09,NA,"NO2","GW"
"3705","cg04770764",-0.00045,7.5e-05,2e-09,NA,"NO2","GW"
"3706","cg16148593",-0.00094,0.00016,2e-09,NA,"NO2","GW"
"3707","cg26876077",-0.00039,6.5e-05,2e-09,NA,"NO2","GW"
"3708","cg08483980",-0.00036,6.1e-05,2e-09,NA,"NO2","GW"
"3709","cg01218720",-0.00025,4.2e-05,2e-09,NA,"NO2","GW"
"3710","cg16233151",-3e-04,5e-05,2e-09,NA,"NO2","GW"
"3711","cg21224025",-0.00032,5.3e-05,2e-09,NA,"NO2","GW"
"3712","cg01966117",-0.00052,8.6e-05,2.1e-09,NA,"NO2","GW"
"3713","cg07762961",-0.00044,7.3e-05,2.1e-09,NA,"NO2","GW"
"3714","cg10330847",-0.00056,9.3e-05,2.1e-09,NA,"NO2","GW"
"3715","cg04802696",-0.00034,5.7e-05,2.1e-09,NA,"NO2","GW"
"3716","cg21759685",-0.00043,7.1e-05,2.1e-09,NA,"NO2","GW"
"3717","cg22881573",-0.00031,5.2e-05,2.1e-09,NA,"NO2","GW"
"3718","cg13494826",-0.00049,8.2e-05,2.1e-09,NA,"NO2","GW"
"3719","cg13884376",-0.00028,4.6e-05,2.1e-09,NA,"NO2","GW"
"3720","cg01752203",-0.00065,0.00011,2.1e-09,NA,"NO2","GW"
"3721","cg04976075",-0.00058,9.7e-05,2.1e-09,NA,"NO2","GW"
"3722","cg19824441",-0.00032,5.4e-05,2.1e-09,NA,"NO2","GW"
"3723","cg01517962",-3e-04,5e-05,2.1e-09,NA,"NO2","GW"
"3724","cg02002164",-3e-04,4.9e-05,2.1e-09,NA,"NO2","GW"
"3725","cg05327931",-0.00032,5.4e-05,2.1e-09,NA,"NO2","GW"
"3726","cg26269511",-0.00034,5.7e-05,2.1e-09,NA,"NO2","GW"
"3727","cg27485730",-0.00039,6.5e-05,2.1e-09,NA,"NO2","GW"
"3728","cg00650795",-0.00031,5.2e-05,2.1e-09,NA,"NO2","GW"
"3729","cg05401312",-0.00041,6.8e-05,2.1e-09,NA,"NO2","GW"
"3730","cg15391491",-0.00042,7e-05,2.1e-09,NA,"NO2","GW"
"3731","cg17669365",-0.00037,6.2e-05,2.1e-09,NA,"NO2","GW"
"3732","cg01953156",-0.00041,6.9e-05,2.1e-09,NA,"NO2","GW"
"3733","cg23196720",-0.00042,7e-05,2.1e-09,NA,"NO2","GW"
"3734","cg13336485",-0.00025,4.2e-05,2.1e-09,NA,"NO2","GW"
"3735","cg18144647",-0.00056,9.3e-05,2.1e-09,NA,"NO2","GW"
"3736","cg04294388",-0.00039,6.6e-05,2.1e-09,NA,"NO2","GW"
"3737","cg07835141",-0.00027,4.6e-05,2.1e-09,NA,"NO2","GW"
"3738","cg24645671",-0.00035,5.8e-05,2.1e-09,NA,"NO2","GW"
"3739","cg25920535",-0.00046,7.7e-05,2.1e-09,NA,"NO2","GW"
"3740","cg10328279",-0.00022,3.6e-05,2.2e-09,NA,"NO2","GW"
"3741","cg04351597",-0.00029,4.9e-05,2.2e-09,NA,"NO2","GW"
"3742","cg17217834",-0.00031,5.2e-05,2.2e-09,NA,"NO2","GW"
"3743","cg03259333",-0.00039,6.6e-05,2.2e-09,NA,"NO2","GW"
"3744","cg05637630",-0.00026,4.3e-05,2.2e-09,NA,"NO2","GW"
"3745","cg13882824",-3e-04,5e-05,2.2e-09,NA,"NO2","GW"
"3746","cg14240536",-0.00034,5.8e-05,2.2e-09,NA,"NO2","GW"
"3747","cg05168609",-0.00037,6.3e-05,2.2e-09,NA,"NO2","GW"
"3748","cg07826246",-0.00038,6.4e-05,2.2e-09,NA,"NO2","GW"
"3749","cg10894512",-0.00016,2.7e-05,2.2e-09,NA,"NO2","GW"
"3750","cg11664818",-0.00034,5.7e-05,2.2e-09,NA,"NO2","GW"
"3751","cg26784112",-0.00032,5.4e-05,2.2e-09,NA,"NO2","GW"
"3752","cg08830492",-0.00043,7.2e-05,2.2e-09,NA,"NO2","GW"
"3753","cg10663765",-0.001,0.00017,2.2e-09,NA,"NO2","GW"
"3754","cg13342717",-3e-04,5e-05,2.2e-09,NA,"NO2","GW"
"3755","cg24251850",-0.00028,4.7e-05,2.2e-09,NA,"NO2","GW"
"3756","cg04984556",-6e-04,1e-04,2.2e-09,NA,"NO2","GW"
"3757","cg08108051",-0.00033,5.5e-05,2.2e-09,NA,"NO2","GW"
"3758","cg14434213",-0.00085,0.00014,2.2e-09,NA,"NO2","GW"
"3759","cg27340269",-0.00039,6.6e-05,2.2e-09,NA,"NO2","GW"
"3760","cg03916382",-0.00047,7.8e-05,2.2e-09,NA,"NO2","GW"
"3761","cg15708776",-0.00049,8.1e-05,2.2e-09,NA,"NO2","GW"
"3762","cg19350970",-0.00043,7.3e-05,2.2e-09,NA,"NO2","GW"
"3763","cg03030665",-0.00036,6e-05,2.2e-09,NA,"NO2","GW"
"3764","cg25836545",-0.00032,5.4e-05,2.2e-09,NA,"NO2","GW"
"3765","cg00604142",-0.00049,8.2e-05,2.2e-09,NA,"NO2","GW"
"3766","cg03202832",-2e-04,3.4e-05,2.2e-09,NA,"NO2","GW"
"3767","cg04244849",-0.00028,4.7e-05,2.2e-09,NA,"NO2","GW"
"3768","cg15115984",-0.00067,0.00011,2.2e-09,NA,"NO2","GW"
"3769","cg17701035",-0.00041,6.8e-05,2.2e-09,NA,"NO2","GW"
"3770","cg19346193",-0.00032,5.3e-05,2.2e-09,NA,"NO2","GW"
"3771","cg08530859",-0.00022,3.6e-05,2.2e-09,NA,"NO2","GW"
"3772","cg01171670",-0.00044,7.4e-05,2.3e-09,NA,"NO2","GW"
"3773","cg06229455",-0.00044,7.3e-05,2.3e-09,NA,"NO2","GW"
"3774","cg11484721",-0.00026,4.3e-05,2.3e-09,NA,"NO2","GW"
"3775","cg13590277",-5e-04,8.4e-05,2.3e-09,NA,"NO2","GW"
"3776","cg01619509",-0.00056,9.3e-05,2.3e-09,NA,"NO2","GW"
"3777","cg08073934",-0.00023,3.8e-05,2.3e-09,NA,"NO2","GW"
"3778","cg16365690",-4e-04,6.7e-05,2.3e-09,NA,"NO2","GW"
"3779","cg00549018",-0.00031,5.3e-05,2.3e-09,NA,"NO2","GW"
"3780","cg00552704",-0.00041,6.8e-05,2.3e-09,NA,"NO2","GW"
"3781","cg03940074",-0.00031,5.2e-05,2.3e-09,NA,"NO2","GW"
"3782","cg07709903",-0.00031,5.2e-05,2.3e-09,NA,"NO2","GW"
"3783","cg09512004",-0.00034,5.7e-05,2.3e-09,NA,"NO2","GW"
"3784","cg12131862",-0.00025,4.1e-05,2.3e-09,NA,"NO2","GW"
"3785","cg12537728",-0.00042,7.1e-05,2.3e-09,NA,"NO2","GW"
"3786","cg17631357",-0.00029,4.9e-05,2.3e-09,NA,"NO2","GW"
"3787","cg20176220",-0.00026,4.3e-05,2.3e-09,NA,"NO2","GW"
"3788","cg22477971",-0.00036,6e-05,2.3e-09,NA,"NO2","GW"
"3789","cg25165501",-0.00038,6.3e-05,2.3e-09,NA,"NO2","GW"
"3790","cg27294164",-0.00029,4.8e-05,2.3e-09,NA,"NO2","GW"
"3791","cg09255061",-0.00029,4.8e-05,2.3e-09,NA,"NO2","GW"
"3792","cg09297456",-0.00039,6.5e-05,2.3e-09,NA,"NO2","GW"
"3793","cg23936294",-0.00023,3.8e-05,2.3e-09,NA,"NO2","GW"
"3794","cg11145412",-0.00035,5.8e-05,2.3e-09,NA,"NO2","GW"
"3795","cg12304930",-0.00047,7.9e-05,2.3e-09,NA,"NO2","GW"
"3796","cg15776647",-0.00047,7.8e-05,2.3e-09,NA,"NO2","GW"
"3797","cg25015465",-0.00032,5.3e-05,2.3e-09,NA,"NO2","GW"
"3798","cg09760889",-0.00039,6.5e-05,2.3e-09,NA,"NO2","GW"
"3799","cg10775230",-0.00043,7.2e-05,2.3e-09,NA,"NO2","GW"
"3800","cg22193702",-0.00024,4e-05,2.3e-09,NA,"NO2","GW"
"3801","cg22891278",-0.00037,6.3e-05,2.3e-09,NA,"NO2","GW"
"3802","cg24545728",-0.00029,4.9e-05,2.3e-09,NA,"NO2","GW"
"3803","cg14634687",-0.00058,9.7e-05,2.3e-09,NA,"NO2","GW"
"3804","cg16811621",-0.00023,3.8e-05,2.3e-09,NA,"NO2","GW"
"3805","cg03930369",-0.00025,4.2e-05,2.3e-09,NA,"NO2","GW"
"3806","cg10805970",-0.00036,6e-05,2.3e-09,NA,"NO2","GW"
"3807","cg18261944",-0.00034,5.6e-05,2.3e-09,NA,"NO2","GW"
"3808","cg25045013",-0.00025,4.2e-05,2.3e-09,NA,"NO2","GW"
"3809","cg26502105",-0.00045,7.5e-05,2.3e-09,NA,"NO2","GW"
"3810","cg01354426",-0.00033,5.5e-05,2.4e-09,NA,"NO2","GW"
"3811","cg05223158",-0.00033,5.5e-05,2.4e-09,NA,"NO2","GW"
"3812","cg20561300",-0.00035,5.8e-05,2.4e-09,NA,"NO2","GW"
"3813","cg25371564",-0.00032,5.4e-05,2.4e-09,NA,"NO2","GW"
"3814","cg00059854",-3e-04,5e-05,2.4e-09,NA,"NO2","GW"
"3815","cg07841848",-0.00049,8.2e-05,2.4e-09,NA,"NO2","GW"
"3816","cg14033193",-0.00033,5.5e-05,2.4e-09,NA,"NO2","GW"
"3817","cg14503168",-0.00044,7.4e-05,2.4e-09,NA,"NO2","GW"
"3818","cg22601300",-0.00027,4.5e-05,2.4e-09,NA,"NO2","GW"
"3819","cg25069354",-3e-04,5.1e-05,2.4e-09,NA,"NO2","GW"
"3820","cg01758942",-0.00033,5.5e-05,2.4e-09,NA,"NO2","GW"
"3821","cg04994217",-0.00045,7.5e-05,2.4e-09,NA,"NO2","GW"
"3822","cg15166492",-0.00028,4.6e-05,2.4e-09,NA,"NO2","GW"
"3823","cg24506394",-0.00023,3.9e-05,2.4e-09,NA,"NO2","GW"
"3824","cg26795012",-0.00037,6.1e-05,2.4e-09,NA,"NO2","GW"
"3825","cg09925057",-0.00029,4.8e-05,2.4e-09,NA,"NO2","GW"
"3826","cg19576847",-0.00037,6.2e-05,2.4e-09,NA,"NO2","GW"
"3827","cg00032879",-0.00034,5.6e-05,2.4e-09,NA,"NO2","GW"
"3828","cg03533561",-0.00034,5.7e-05,2.4e-09,NA,"NO2","GW"
"3829","cg25062951",-0.00028,4.7e-05,2.4e-09,NA,"NO2","GW"
"3830","cg06133876",-0.00049,8.2e-05,2.4e-09,NA,"NO2","GW"
"3831","cg08157446",-0.00026,4.3e-05,2.4e-09,NA,"NO2","GW"
"3832","cg10135474",-0.00031,5.3e-05,2.4e-09,NA,"NO2","GW"
"3833","cg11953668",-0.00022,3.7e-05,2.4e-09,NA,"NO2","GW"
"3834","cg24848870",-0.00035,5.9e-05,2.4e-09,NA,"NO2","GW"
"3835","cg08032665",-0.00047,7.8e-05,2.4e-09,NA,"NO2","GW"
"3836","cg10236962",-0.00032,5.4e-05,2.4e-09,NA,"NO2","GW"
"3837","cg05232708",-0.00037,6.2e-05,2.4e-09,NA,"NO2","GW"
"3838","cg13489914",-0.00024,4e-05,2.4e-09,NA,"NO2","GW"
"3839","cg15775218",-0.00022,3.6e-05,2.4e-09,NA,"NO2","GW"
"3840","cg23665568",-0.00051,8.5e-05,2.4e-09,NA,"NO2","GW"
"3841","cg03983498",-0.00026,4.4e-05,2.5e-09,NA,"NO2","GW"
"3842","cg12764611",-0.00022,3.8e-05,2.5e-09,NA,"NO2","GW"
"3843","cg14839809",-0.00018,2.9e-05,2.5e-09,NA,"NO2","GW"
"3844","cg17696434",-0.00026,4.3e-05,2.5e-09,NA,"NO2","GW"
"3845","cg02810149",-0.00044,7.4e-05,2.5e-09,NA,"NO2","GW"
"3846","cg03107436",-0.00033,5.6e-05,2.5e-09,NA,"NO2","GW"
"3847","cg06266100",-0.00035,5.8e-05,2.5e-09,NA,"NO2","GW"
"3848","cg06650664",-0.00032,5.3e-05,2.5e-09,NA,"NO2","GW"
"3849","cg07052004",-0.00043,7.1e-05,2.5e-09,NA,"NO2","GW"
"3850","cg07588489",-0.00024,4e-05,2.5e-09,NA,"NO2","GW"
"3851","cg02043769",-0.00042,7e-05,2.5e-09,NA,"NO2","GW"
"3852","cg04844534",-0.00045,7.6e-05,2.5e-09,NA,"NO2","GW"
"3853","cg18177875",-0.00044,7.4e-05,2.5e-09,NA,"NO2","GW"
"3854","cg21642632",-0.00025,4.2e-05,2.5e-09,NA,"NO2","GW"
"3855","cg23060513",0.00075,0.00013,2.5e-09,NA,"NO2","GW"
"3856","cg13295262",-0.00035,5.9e-05,2.5e-09,NA,"NO2","GW"
"3857","cg03950655",-0.00031,5.2e-05,2.5e-09,NA,"NO2","GW"
"3858","cg20036706",-0.00033,5.5e-05,2.5e-09,NA,"NO2","GW"
"3859","cg18305790",-0.00041,6.9e-05,2.5e-09,NA,"NO2","GW"
"3860","cg21688288",-0.00046,7.8e-05,2.5e-09,NA,"NO2","GW"
"3861","cg06618740",-8e-04,0.00013,2.5e-09,NA,"NO2","GW"
"3862","cg07910488",-0.00035,5.9e-05,2.5e-09,NA,"NO2","GW"
"3863","cg14461006",-3e-04,5.1e-05,2.5e-09,NA,"NO2","GW"
"3864","cg02784328",-0.00035,5.9e-05,2.5e-09,NA,"NO2","GW"
"3865","cg06197043",-0.00026,4.3e-05,2.5e-09,NA,"NO2","GW"
"3866","cg23939610",-3e-04,5.1e-05,2.5e-09,NA,"NO2","GW"
"3867","cg25626234",-0.00027,4.5e-05,2.5e-09,NA,"NO2","GW"
"3868","cg01548249",-0.00034,5.7e-05,2.5e-09,NA,"NO2","GW"
"3869","cg03437540",-0.00054,9.1e-05,2.5e-09,NA,"NO2","GW"
"3870","cg06639701",-0.00038,6.4e-05,2.5e-09,NA,"NO2","GW"
"3871","cg16182936",-0.00025,4.1e-05,2.5e-09,NA,"NO2","GW"
"3872","cg07671695",-3e-04,4.9e-05,2.6e-09,NA,"NO2","GW"
"3873","cg10564464",-0.00031,5.2e-05,2.6e-09,NA,"NO2","GW"
"3874","cg13885535",-0.00041,6.9e-05,2.6e-09,NA,"NO2","GW"
"3875","cg22746421",-0.00037,6.1e-05,2.6e-09,NA,"NO2","GW"
"3876","cg06003187",-0.00029,4.9e-05,2.6e-09,NA,"NO2","GW"
"3877","cg09868556",-0.00029,4.9e-05,2.6e-09,NA,"NO2","GW"
"3878","cg11534593",-0.00045,7.6e-05,2.6e-09,NA,"NO2","GW"
"3879","cg14429865",-0.00026,4.4e-05,2.6e-09,NA,"NO2","GW"
"3880","cg20385229",-0.00037,6.2e-05,2.6e-09,NA,"NO2","GW"
"3881","cg22311879",-0.00029,4.8e-05,2.6e-09,NA,"NO2","GW"
"3882","cg22389654",-0.00037,6.3e-05,2.6e-09,NA,"NO2","GW"
"3883","cg15169162",-0.00032,5.3e-05,2.6e-09,NA,"NO2","GW"
"3884","cg15189210",-0.00031,5.3e-05,2.6e-09,NA,"NO2","GW"
"3885","cg22451632",-2e-04,3.4e-05,2.6e-09,NA,"NO2","GW"
"3886","cg14830082",-0.00022,3.7e-05,2.6e-09,NA,"NO2","GW"
"3887","cg21561712",-0.00046,7.8e-05,2.6e-09,NA,"NO2","GW"
"3888","cg03550765",-0.00026,4.3e-05,2.6e-09,NA,"NO2","GW"
"3889","cg05032625",-0.00024,4.1e-05,2.6e-09,NA,"NO2","GW"
"3890","cg05362424",-0.00044,7.4e-05,2.6e-09,NA,"NO2","GW"
"3891","cg06872055",-0.00033,5.5e-05,2.6e-09,NA,"NO2","GW"
"3892","cg20751345",-0.00044,7.3e-05,2.6e-09,NA,"NO2","GW"
"3893","cg00039480",-0.00042,7e-05,2.6e-09,NA,"NO2","GW"
"3894","cg01101364",-0.00028,4.8e-05,2.6e-09,NA,"NO2","GW"
"3895","cg00384653",-3e-04,5.1e-05,2.6e-09,NA,"NO2","GW"
"3896","cg03785076",-5e-04,8.4e-05,2.6e-09,NA,"NO2","GW"
"3897","cg16668896",-0.00055,9.2e-05,2.6e-09,NA,"NO2","GW"
"3898","cg19760243",-0.00031,5.2e-05,2.6e-09,NA,"NO2","GW"
"3899","cg22030047",-5e-04,8.3e-05,2.6e-09,NA,"NO2","GW"
"3900","cg12050750",-0.00034,5.8e-05,2.6e-09,NA,"NO2","GW"
"3901","cg21127729",-0.00041,6.9e-05,2.6e-09,NA,"NO2","GW"
"3902","cg26078436",-0.00053,9e-05,2.6e-09,NA,"NO2","GW"
"3903","cg27248029",-0.00032,5.3e-05,2.6e-09,NA,"NO2","GW"
"3904","cg02424539",-3e-04,5.1e-05,2.6e-09,NA,"NO2","GW"
"3905","cg05985767",-0.00034,5.8e-05,2.6e-09,NA,"NO2","GW"
"3906","cg08216899",-0.00037,6.1e-05,2.6e-09,NA,"NO2","GW"
"3907","cg13244241",-0.00063,0.00011,2.6e-09,NA,"NO2","GW"
"3908","cg01104277",-0.00045,7.6e-05,2.7e-09,NA,"NO2","GW"
"3909","cg05661149",-3e-04,5.1e-05,2.7e-09,NA,"NO2","GW"
"3910","cg21312695",-0.00024,4e-05,2.7e-09,NA,"NO2","GW"
"3911","cg11665583",-0.00049,8.2e-05,2.7e-09,NA,"NO2","GW"
"3912","cg08515264",-0.00048,8e-05,2.7e-09,NA,"NO2","GW"
"3913","cg20146909",-0.00053,8.9e-05,2.7e-09,NA,"NO2","GW"
"3914","cg10600122",-0.00034,5.7e-05,2.7e-09,NA,"NO2","GW"
"3915","cg00273754",-0.00027,4.6e-05,2.7e-09,NA,"NO2","GW"
"3916","cg08679013",-0.00061,1e-04,2.7e-09,NA,"NO2","GW"
"3917","cg14772458",-0.00035,5.8e-05,2.7e-09,NA,"NO2","GW"
"3918","cg13142184",-0.00033,5.5e-05,2.7e-09,NA,"NO2","GW"
"3919","cg14917100",-0.00036,6e-05,2.7e-09,NA,"NO2","GW"
"3920","cg19989498",-0.00036,6.1e-05,2.7e-09,NA,"NO2","GW"
"3921","cg00507679",-0.00061,1e-04,2.7e-09,NA,"NO2","GW"
"3922","cg00705600",-5e-04,8.4e-05,2.7e-09,NA,"NO2","GW"
"3923","cg08134091",-0.00035,5.9e-05,2.7e-09,NA,"NO2","GW"
"3924","cg23104184",-3e-04,5.1e-05,2.7e-09,NA,"NO2","GW"
"3925","cg04243033",-0.00033,5.6e-05,2.7e-09,NA,"NO2","GW"
"3926","cg11332505",-0.00041,6.9e-05,2.7e-09,NA,"NO2","GW"
"3927","cg27648216",-0.00021,3.6e-05,2.7e-09,NA,"NO2","GW"
"3928","cg00264500",-0.00025,4.2e-05,2.8e-09,NA,"NO2","GW"
"3929","cg00535248",-4e-04,6.8e-05,2.8e-09,NA,"NO2","GW"
"3930","cg12008034",-0.00045,7.7e-05,2.8e-09,NA,"NO2","GW"
"3931","cg26158406",-0.00027,4.6e-05,2.8e-09,NA,"NO2","GW"
"3932","cg01641509",-0.00023,3.9e-05,2.8e-09,NA,"NO2","GW"
"3933","cg02629976",-0.00062,1e-04,2.8e-09,NA,"NO2","GW"
"3934","cg12762089",-0.00031,5.1e-05,2.8e-09,NA,"NO2","GW"
"3935","cg14606478",-0.00043,7.2e-05,2.8e-09,NA,"NO2","GW"
"3936","cg17412901",-0.00031,5.2e-05,2.8e-09,NA,"NO2","GW"
"3937","cg21755044",-0.00038,6.4e-05,2.8e-09,NA,"NO2","GW"
"3938","cg04078418",-4e-04,6.8e-05,2.8e-09,NA,"NO2","GW"
"3939","cg05118587",-0.00047,7.9e-05,2.8e-09,NA,"NO2","GW"
"3940","cg06961354",-3e-04,5e-05,2.8e-09,NA,"NO2","GW"
"3941","cg01727923",-0.00033,5.6e-05,2.8e-09,NA,"NO2","GW"
"3942","cg02693328",-0.00034,5.8e-05,2.8e-09,NA,"NO2","GW"
"3943","cg11142525",-2e-04,3.3e-05,2.8e-09,NA,"NO2","GW"
"3944","cg12243738",-0.00034,5.6e-05,2.8e-09,NA,"NO2","GW"
"3945","cg16271833",-0.00028,4.8e-05,2.8e-09,NA,"NO2","GW"
"3946","cg18065874",-0.00031,5.2e-05,2.8e-09,NA,"NO2","GW"
"3947","cg04463636",-0.00028,4.6e-05,2.8e-09,NA,"NO2","GW"
"3948","cg08645278",-0.00043,7.2e-05,2.8e-09,NA,"NO2","GW"
"3949","cg10290988",-0.00036,6e-05,2.8e-09,NA,"NO2","GW"
"3950","cg13844500",-0.00024,4e-05,2.8e-09,NA,"NO2","GW"
"3951","cg27110491",-0.00034,5.7e-05,2.8e-09,NA,"NO2","GW"
"3952","cg03296761",-0.00051,8.6e-05,2.8e-09,NA,"NO2","GW"
"3953","cg05195452",-0.00026,4.4e-05,2.8e-09,NA,"NO2","GW"
"3954","cg11902909",-0.00025,4.2e-05,2.8e-09,NA,"NO2","GW"
"3955","cg15852534",-0.00026,4.4e-05,2.8e-09,NA,"NO2","GW"
"3956","cg22226131",-0.00037,6.2e-05,2.8e-09,NA,"NO2","GW"
"3957","cg05408203",-0.00038,6.5e-05,2.8e-09,NA,"NO2","GW"
"3958","cg05837855",-0.00054,9e-05,2.8e-09,NA,"NO2","GW"
"3959","cg13552712",-0.00039,6.5e-05,2.8e-09,NA,"NO2","GW"
"3960","cg24971162",-0.00034,5.6e-05,2.8e-09,NA,"NO2","GW"
"3961","cg12350407",-0.00022,3.8e-05,2.8e-09,NA,"NO2","GW"
"3962","cg13925890",-6.5e-05,1.1e-05,2.8e-09,NA,"NO2","GW"
"3963","cg19317258",-0.00041,6.9e-05,2.8e-09,NA,"NO2","GW"
"3964","cg21881093",-0.00028,4.8e-05,2.8e-09,NA,"NO2","GW"
"3965","cg24819471",-0.00033,5.6e-05,2.8e-09,NA,"NO2","GW"
"3966","cg04094838",-0.00034,5.8e-05,2.8e-09,NA,"NO2","GW"
"3967","cg09197332",-0.00027,4.6e-05,2.8e-09,NA,"NO2","GW"
"3968","cg09229169",-0.00031,5.3e-05,2.8e-09,NA,"NO2","GW"
"3969","cg26837853",-0.00041,6.9e-05,2.8e-09,NA,"NO2","GW"
"3970","cg01906637",-0.00047,7.9e-05,2.8e-09,NA,"NO2","GW"
"3971","cg02957305",-0.00023,3.9e-05,2.8e-09,NA,"NO2","GW"
"3972","cg09161570",-0.00037,6.2e-05,2.8e-09,NA,"NO2","GW"
"3973","cg11649376",-0.00052,8.8e-05,2.8e-09,NA,"NO2","GW"
"3974","cg22896873",-0.00023,3.9e-05,2.8e-09,NA,"NO2","GW"
"3975","cg23784413",-0.00045,7.6e-05,2.8e-09,NA,"NO2","GW"
"3976","cg25150520",-0.00037,6.3e-05,2.8e-09,NA,"NO2","GW"
"3977","cg01937601",-0.00031,5.2e-05,2.9e-09,NA,"NO2","GW"
"3978","cg04987734",0.00069,0.00012,2.9e-09,NA,"NO2","GW"
"3979","cg07865418",-0.00045,7.6e-05,2.9e-09,NA,"NO2","GW"
"3980","cg08880524",-0.00022,3.7e-05,2.9e-09,NA,"NO2","GW"
"3981","cg16052999",-0.00018,3e-05,2.9e-09,NA,"NO2","GW"
"3982","cg27663200",-0.00042,7.1e-05,2.9e-09,NA,"NO2","GW"
"3983","cg15226808",-0.00041,6.9e-05,2.9e-09,NA,"NO2","GW"
"3984","cg11145826",-0.00049,8.2e-05,2.9e-09,NA,"NO2","GW"
"3985","cg16989867",-0.00046,7.7e-05,2.9e-09,NA,"NO2","GW"
"3986","cg22301080",-0.00044,7.3e-05,2.9e-09,NA,"NO2","GW"
"3987","cg02633363",-0.00039,6.6e-05,2.9e-09,NA,"NO2","GW"
"3988","cg12305870",-0.00028,4.8e-05,2.9e-09,NA,"NO2","GW"
"3989","cg14653593",-0.00029,4.9e-05,2.9e-09,NA,"NO2","GW"
"3990","cg22653915",-0.00034,5.8e-05,2.9e-09,NA,"NO2","GW"
"3991","cg18645150",-3e-04,5.1e-05,2.9e-09,NA,"NO2","GW"
"3992","cg19924989",-0.00028,4.8e-05,2.9e-09,NA,"NO2","GW"
"3993","cg20932822",-0.00085,0.00014,2.9e-09,NA,"NO2","GW"
"3994","cg24976131",-0.00033,5.5e-05,2.9e-09,NA,"NO2","GW"
"3995","cg08235413",-0.00045,7.6e-05,2.9e-09,NA,"NO2","GW"
"3996","cg11414345",-0.00028,4.8e-05,2.9e-09,NA,"NO2","GW"
"3997","cg14404318",-4e-04,6.8e-05,2.9e-09,NA,"NO2","GW"
"3998","cg20592390",-0.00034,5.7e-05,2.9e-09,NA,"NO2","GW"
"3999","cg02047221",-0.00038,6.4e-05,2.9e-09,NA,"NO2","GW"
"4000","cg26883171",-0.00041,7e-05,3e-09,NA,"NO2","GW"
"4001","cg11891843",-0.00026,4.4e-05,3e-09,NA,"NO2","GW"
"4002","cg13617301",-0.00038,6.4e-05,3e-09,NA,"NO2","GW"
"4003","cg13787610",-0.00022,3.7e-05,3e-09,NA,"NO2","GW"
"4004","cg15161171",-0.00035,5.8e-05,3e-09,NA,"NO2","GW"
"4005","cg19914620",-0.00034,5.7e-05,3e-09,NA,"NO2","GW"
"4006","cg17299921",-5e-04,8.5e-05,3e-09,NA,"NO2","GW"
"4007","cg18632220",-3e-04,5e-05,3e-09,NA,"NO2","GW"
"4008","cg03033182",-0.00044,7.3e-05,3e-09,NA,"NO2","GW"
"4009","cg00028844",-0.00047,7.9e-05,3e-09,NA,"NO2","GW"
"4010","cg05220083",-0.00028,4.8e-05,3e-09,NA,"NO2","GW"
"4011","cg12459502",0.00079,0.00013,3e-09,NA,"NO2","GW"
"4012","cg13577389",-4e-04,6.8e-05,3e-09,NA,"NO2","GW"
"4013","cg25889581",-0.00027,4.6e-05,3e-09,NA,"NO2","GW"
"4014","cg01007201",-0.00033,5.5e-05,3e-09,NA,"NO2","GW"
"4015","cg05876892",-0.00016,2.8e-05,3e-09,NA,"NO2","GW"
"4016","cg06121167",-0.00034,5.8e-05,3e-09,NA,"NO2","GW"
"4017","cg25936385",-0.00022,3.8e-05,3e-09,NA,"NO2","GW"
"4018","cg13311440",0.00037,6.2e-05,3e-09,NA,"NO2","GW"
"4019","cg14399475",-0.00025,4.2e-05,3e-09,NA,"NO2","GW"
"4020","cg19955173",-0.00068,0.00011,3e-09,NA,"NO2","GW"
"4021","cg25328413",-0.00027,4.6e-05,3e-09,NA,"NO2","GW"
"4022","cg01262036",-0.00033,5.5e-05,3e-09,NA,"NO2","GW"
"4023","cg20938778",-0.00029,4.9e-05,3e-09,NA,"NO2","GW"
"4024","cg27440150",-0.00052,8.7e-05,3e-09,NA,"NO2","GW"
"4025","cg02078292",-0.00028,4.6e-05,3.1e-09,NA,"NO2","GW"
"4026","cg04492847",-0.00023,3.9e-05,3.1e-09,NA,"NO2","GW"
"4027","cg07249939",0.00077,0.00013,3.1e-09,NA,"NO2","GW"
"4028","cg13562549",-0.00041,7e-05,3.1e-09,NA,"NO2","GW"
"4029","cg13937986",-0.00034,5.7e-05,3.1e-09,NA,"NO2","GW"
"4030","cg16975225",-0.00032,5.4e-05,3.1e-09,NA,"NO2","GW"
"4031","cg27589809",-0.00054,9.1e-05,3.1e-09,NA,"NO2","GW"
"4032","cg03742763",-0.00052,8.7e-05,3.1e-09,NA,"NO2","GW"
"4033","cg22320059",-0.00046,7.8e-05,3.1e-09,NA,"NO2","GW"
"4034","cg00790835",-0.00042,7e-05,3.1e-09,NA,"NO2","GW"
"4035","cg20991937",-0.00029,4.8e-05,3.1e-09,NA,"NO2","GW"
"4036","cg21494093",-0.00038,6.4e-05,3.1e-09,NA,"NO2","GW"
"4037","cg23098371",-3e-04,5.1e-05,3.1e-09,NA,"NO2","GW"
"4038","cg26266528",-0.00023,3.9e-05,3.1e-09,NA,"NO2","GW"
"4039","cg14747813",-0.00049,8.3e-05,3.1e-09,NA,"NO2","GW"
"4040","cg16663855",-0.00035,5.8e-05,3.1e-09,NA,"NO2","GW"
"4041","cg24837277",-0.00038,6.4e-05,3.1e-09,NA,"NO2","GW"
"4042","cg07557173",-0.00023,4e-05,3.1e-09,NA,"NO2","GW"
"4043","cg23024254",-0.00041,6.9e-05,3.1e-09,NA,"NO2","GW"
"4044","cg04627530",-0.00063,0.00011,3.1e-09,NA,"NO2","GW"
"4045","cg02490253",-0.00031,5.2e-05,3.1e-09,NA,"NO2","GW"
"4046","cg20242781",-0.00023,3.9e-05,3.1e-09,NA,"NO2","GW"
"4047","cg23574298",-0.00037,6.3e-05,3.1e-09,NA,"NO2","GW"
"4048","cg03385262",-4e-04,6.8e-05,3.1e-09,NA,"NO2","GW"
"4049","cg08729600",-0.00029,4.9e-05,3.1e-09,NA,"NO2","GW"
"4050","cg24387285",-0.00042,7.1e-05,3.1e-09,NA,"NO2","GW"
"4051","cg26392737",-0.00066,0.00011,3.1e-09,NA,"NO2","GW"
"4052","cg26744308",-0.00036,6e-05,3.1e-09,NA,"NO2","GW"
"4053","cg27531496",-0.00037,6.2e-05,3.1e-09,NA,"NO2","GW"
"4054","cg02681389",-0.00043,7.3e-05,3.2e-09,NA,"NO2","GW"
"4055","cg14578500",-0.00027,4.5e-05,3.2e-09,NA,"NO2","GW"
"4056","cg17022244",-3e-04,5e-05,3.2e-09,NA,"NO2","GW"
"4057","cg18256471",-0.00055,9.3e-05,3.2e-09,NA,"NO2","GW"
"4058","cg26287741",-0.00038,6.4e-05,3.2e-09,NA,"NO2","GW"
"4059","cg27263448",-0.00028,4.7e-05,3.2e-09,NA,"NO2","GW"
"4060","cg03058038",-0.00043,7.3e-05,3.2e-09,NA,"NO2","GW"
"4061","cg05934276",-0.00031,5.1e-05,3.2e-09,NA,"NO2","GW"
"4062","cg14138969",-0.00022,3.7e-05,3.2e-09,NA,"NO2","GW"
"4063","cg19074292",-0.00036,6e-05,3.2e-09,NA,"NO2","GW"
"4064","cg02339592",-0.00031,5.1e-05,3.2e-09,NA,"NO2","GW"
"4065","cg10510259",-0.00036,6e-05,3.2e-09,NA,"NO2","GW"
"4066","cg15009913",-0.00019,3.2e-05,3.2e-09,NA,"NO2","GW"
"4067","cg15971826",-0.00033,5.5e-05,3.2e-09,NA,"NO2","GW"
"4068","cg27161027",-0.00022,3.7e-05,3.2e-09,NA,"NO2","GW"
"4069","cg02390606",-0.00026,4.4e-05,3.2e-09,NA,"NO2","GW"
"4070","cg07856707",-0.00047,7.9e-05,3.2e-09,NA,"NO2","GW"
"4071","cg22266009",-0.00037,6.3e-05,3.2e-09,NA,"NO2","GW"
"4072","cg19997916",-0.00023,3.9e-05,3.2e-09,NA,"NO2","GW"
"4073","cg25123521",-0.00028,4.7e-05,3.2e-09,NA,"NO2","GW"
"4074","cg03740666",-4e-04,6.8e-05,3.2e-09,NA,"NO2","GW"
"4075","cg06384607",-0.00033,5.6e-05,3.2e-09,NA,"NO2","GW"
"4076","cg06832898",0.00096,0.00016,3.2e-09,NA,"NO2","GW"
"4077","cg14968375",-0.00031,5.2e-05,3.2e-09,NA,"NO2","GW"
"4078","cg01012134",-0.00026,4.3e-05,3.2e-09,NA,"NO2","GW"
"4079","cg08924321",-0.00049,8.2e-05,3.2e-09,NA,"NO2","GW"
"4080","cg12127159",-0.00042,7e-05,3.2e-09,NA,"NO2","GW"
"4081","cg14405197",-0.00042,7.1e-05,3.2e-09,NA,"NO2","GW"
"4082","cg15998505",-0.00032,5.4e-05,3.2e-09,NA,"NO2","GW"
"4083","cg13766589",-0.00031,5.2e-05,3.3e-09,NA,"NO2","GW"
"4084","cg18100153",-0.00033,5.6e-05,3.3e-09,NA,"NO2","GW"
"4085","cg24542230",-0.00029,4.8e-05,3.3e-09,NA,"NO2","GW"
"4086","cg25750004",-0.00043,7.3e-05,3.3e-09,NA,"NO2","GW"
"4087","cg15013830",-3e-04,5.1e-05,3.3e-09,NA,"NO2","GW"
"4088","cg19699893",-0.00019,3.3e-05,3.3e-09,NA,"NO2","GW"
"4089","cg25103103",-0.00038,6.5e-05,3.3e-09,NA,"NO2","GW"
"4090","cg26354908",-0.00039,6.6e-05,3.3e-09,NA,"NO2","GW"
"4091","cg05324894",-0.00024,4.1e-05,3.3e-09,NA,"NO2","GW"
"4092","cg19269104",-0.00044,7.4e-05,3.3e-09,NA,"NO2","GW"
"4093","cg00239071",-0.00026,4.3e-05,3.3e-09,NA,"NO2","GW"
"4094","cg09649586",-0.00032,5.4e-05,3.3e-09,NA,"NO2","GW"
"4095","cg10456121",-0.00041,6.9e-05,3.3e-09,NA,"NO2","GW"
"4096","cg12421602",-0.00034,5.7e-05,3.3e-09,NA,"NO2","GW"
"4097","cg14308648",-0.00023,3.9e-05,3.3e-09,NA,"NO2","GW"
"4098","cg15049778",-0.00039,6.6e-05,3.3e-09,NA,"NO2","GW"
"4099","cg16814978",-0.00041,6.9e-05,3.3e-09,NA,"NO2","GW"
"4100","cg07811074",-0.00024,4e-05,3.3e-09,NA,"NO2","GW"
"4101","cg25983594",-0.00034,5.7e-05,3.3e-09,NA,"NO2","GW"
"4102","cg00480077",-0.00019,3.3e-05,3.3e-09,NA,"NO2","GW"
"4103","cg02002258",-0.00037,6.3e-05,3.3e-09,NA,"NO2","GW"
"4104","cg09982314",-0.00027,4.5e-05,3.3e-09,NA,"NO2","GW"
"4105","cg20858304",-0.00045,7.7e-05,3.3e-09,NA,"NO2","GW"
"4106","cg00054890",-0.00024,4.1e-05,3.3e-09,NA,"NO2","GW"
"4107","cg01771885",-0.00043,7.3e-05,3.3e-09,NA,"NO2","GW"
"4108","cg06315347",-4e-04,6.7e-05,3.4e-09,NA,"NO2","GW"
"4109","cg21196265",-0.00053,8.9e-05,3.4e-09,NA,"NO2","GW"
"4110","cg12890671",-0.00016,2.8e-05,3.4e-09,NA,"NO2","GW"
"4111","cg08895981",-0.00024,4.1e-05,3.4e-09,NA,"NO2","GW"
"4112","cg13991698",-0.00029,4.9e-05,3.4e-09,NA,"NO2","GW"
"4113","cg19262476",-0.00033,5.6e-05,3.4e-09,NA,"NO2","GW"
"4114","cg22971594",-0.00031,5.3e-05,3.4e-09,NA,"NO2","GW"
"4115","cg23398720",-0.00043,7.2e-05,3.4e-09,NA,"NO2","GW"
"4116","cg00390259",-0.00023,3.9e-05,3.4e-09,NA,"NO2","GW"
"4117","cg06068039",-0.00032,5.5e-05,3.4e-09,NA,"NO2","GW"
"4118","cg14070204",-0.00024,4.1e-05,3.4e-09,NA,"NO2","GW"
"4119","cg09934219",-0.00022,3.7e-05,3.4e-09,NA,"NO2","GW"
"4120","cg09131151",-0.00043,7.3e-05,3.4e-09,NA,"NO2","GW"
"4121","cg22574202",-0.00042,7.1e-05,3.4e-09,NA,"NO2","GW"
"4122","cg23683497",-0.00052,8.8e-05,3.4e-09,NA,"NO2","GW"
"4123","cg05725666",-0.00029,4.9e-05,3.4e-09,NA,"NO2","GW"
"4124","cg19004594",-0.00038,6.4e-05,3.4e-09,NA,"NO2","GW"
"4125","cg26270879",-0.00032,5.4e-05,3.4e-09,NA,"NO2","GW"
"4126","cg02730887",-0.00026,4.4e-05,3.5e-09,NA,"NO2","GW"
"4127","cg05556202",-0.00031,5.2e-05,3.5e-09,NA,"NO2","GW"
"4128","cg06659980",-0.00035,6e-05,3.5e-09,NA,"NO2","GW"
"4129","cg12098949",-5e-04,8.4e-05,3.5e-09,NA,"NO2","GW"
"4130","cg03884543",-0.00029,4.9e-05,3.5e-09,NA,"NO2","GW"
"4131","cg05224498",-0.00039,6.6e-05,3.5e-09,NA,"NO2","GW"
"4132","cg17280514",-0.00045,7.6e-05,3.5e-09,NA,"NO2","GW"
"4133","cg26008877",-0.00013,2.3e-05,3.5e-09,NA,"NO2","GW"
"4134","cg03482600",-0.00029,5e-05,3.5e-09,NA,"NO2","GW"
"4135","cg04689178",-0.00022,3.7e-05,3.5e-09,NA,"NO2","GW"
"4136","cg05385282",-0.00039,6.5e-05,3.5e-09,NA,"NO2","GW"
"4137","cg10778636",-3e-04,5.1e-05,3.5e-09,NA,"NO2","GW"
"4138","cg16201146",-0.00038,6.4e-05,3.5e-09,NA,"NO2","GW"
"4139","cg18249908",-0.00029,4.9e-05,3.5e-09,NA,"NO2","GW"
"4140","cg21153358",-0.00023,4e-05,3.5e-09,NA,"NO2","GW"
"4141","cg05090966",-0.00037,6.3e-05,3.5e-09,NA,"NO2","GW"
"4142","cg11813441",-0.00057,9.7e-05,3.5e-09,NA,"NO2","GW"
"4143","cg04264002",-0.00043,7.3e-05,3.5e-09,NA,"NO2","GW"
"4144","cg14443472",-0.00033,5.6e-05,3.5e-09,NA,"NO2","GW"
"4145","cg02525597",-0.00032,5.5e-05,3.5e-09,NA,"NO2","GW"
"4146","cg02821150",-0.00031,5.2e-05,3.5e-09,NA,"NO2","GW"
"4147","cg09649486",-0.00028,4.8e-05,3.5e-09,NA,"NO2","GW"
"4148","cg06578111",-0.00037,6.2e-05,3.5e-09,NA,"NO2","GW"
"4149","cg12209937",-0.00042,7.1e-05,3.5e-09,NA,"NO2","GW"
"4150","cg17609330",-0.00028,4.8e-05,3.5e-09,NA,"NO2","GW"
"4151","cg11783815",-0.00032,5.4e-05,3.5e-09,NA,"NO2","GW"
"4152","cg14625040",-0.00059,1e-04,3.5e-09,NA,"NO2","GW"
"4153","cg16171858",-0.00036,6.1e-05,3.5e-09,NA,"NO2","GW"
"4154","cg26189021",-4e-04,6.8e-05,3.5e-09,NA,"NO2","GW"
"4155","cg20749932",-0.00039,6.7e-05,3.6e-09,NA,"NO2","GW"
"4156","cg21368479",-0.00026,4.4e-05,3.6e-09,NA,"NO2","GW"
"4157","cg15162660",-0.00026,4.5e-05,3.6e-09,NA,"NO2","GW"
"4158","cg02862121",-0.00043,7.3e-05,3.6e-09,NA,"NO2","GW"
"4159","cg05842548",-0.00038,6.4e-05,3.6e-09,NA,"NO2","GW"
"4160","cg14500776",-0.00046,7.8e-05,3.6e-09,NA,"NO2","GW"
"4161","cg20370281",-0.00031,5.3e-05,3.6e-09,NA,"NO2","GW"
"4162","cg23577865",-0.00028,4.7e-05,3.6e-09,NA,"NO2","GW"
"4163","cg04637007",-0.00027,4.6e-05,3.6e-09,NA,"NO2","GW"
"4164","cg06182261",-0.00035,6e-05,3.6e-09,NA,"NO2","GW"
"4165","cg19192065",-6e-04,1e-04,3.6e-09,NA,"NO2","GW"
"4166","cg24677220",-0.00027,4.6e-05,3.6e-09,NA,"NO2","GW"
"4167","cg15783800",-0.00031,5.2e-05,3.7e-09,NA,"NO2","GW"
"4168","cg23780488",-0.00034,5.8e-05,3.7e-09,NA,"NO2","GW"
"4169","cg27392551",-0.00055,9.4e-05,3.7e-09,NA,"NO2","GW"
"4170","cg00016892",-0.00034,5.8e-05,3.7e-09,NA,"NO2","GW"
"4171","cg05707236",-0.00043,7.3e-05,3.7e-09,NA,"NO2","GW"
"4172","cg06459378",-0.00024,4.1e-05,3.7e-09,NA,"NO2","GW"
"4173","cg16330786",-0.00044,7.5e-05,3.7e-09,NA,"NO2","GW"
"4174","cg18026359",-0.00035,5.9e-05,3.7e-09,NA,"NO2","GW"
"4175","cg23946364",-3e-04,5.1e-05,3.7e-09,NA,"NO2","GW"
"4176","cg04261277",-0.00022,3.8e-05,3.7e-09,NA,"NO2","GW"
"4177","cg08837355",-0.00046,7.8e-05,3.7e-09,NA,"NO2","GW"
"4178","cg16558925",-0.00037,6.3e-05,3.7e-09,NA,"NO2","GW"
"4179","cg07008478",-4e-04,6.7e-05,3.7e-09,NA,"NO2","GW"
"4180","cg03179496",-0.00042,7.1e-05,3.7e-09,NA,"NO2","GW"
"4181","cg26690138",-0.00033,5.6e-05,3.7e-09,NA,"NO2","GW"
"4182","cg13856126",-0.00045,7.7e-05,3.7e-09,NA,"NO2","GW"
"4183","cg23463335",-0.00031,5.2e-05,3.7e-09,NA,"NO2","GW"
"4184","cg03447366",-0.00032,5.5e-05,3.7e-09,NA,"NO2","GW"
"4185","cg08811259",-0.00024,4.1e-05,3.7e-09,NA,"NO2","GW"
"4186","cg09320703",-0.00026,4.4e-05,3.7e-09,NA,"NO2","GW"
"4187","cg15824741",-0.00031,5.2e-05,3.7e-09,NA,"NO2","GW"
"4188","cg23642929",-0.00036,6e-05,3.7e-09,NA,"NO2","GW"
"4189","cg27431587",-0.00029,5e-05,3.7e-09,NA,"NO2","GW"
"4190","cg12495731",-0.00033,5.6e-05,3.7e-09,NA,"NO2","GW"
"4191","cg20427378",-4e-04,6.8e-05,3.7e-09,NA,"NO2","GW"
"4192","cg01502743",-0.00041,7e-05,3.7e-09,NA,"NO2","GW"
"4193","cg06271561",-0.00045,7.7e-05,3.8e-09,NA,"NO2","GW"
"4194","cg15676544",-3e-04,5.2e-05,3.8e-09,NA,"NO2","GW"
"4195","cg00238662",-0.00037,6.2e-05,3.8e-09,NA,"NO2","GW"
"4196","cg14790876",-0.00044,7.5e-05,3.8e-09,NA,"NO2","GW"
"4197","cg05366475",-0.00025,4.2e-05,3.8e-09,NA,"NO2","GW"
"4198","cg14641596",-0.00024,4e-05,3.8e-09,NA,"NO2","GW"
"4199","cg21859455",-0.00039,6.7e-05,3.8e-09,NA,"NO2","GW"
"4200","cg08225137",-0.00033,5.7e-05,3.8e-09,NA,"NO2","GW"
"4201","cg08262002",-0.00036,6.1e-05,3.8e-09,NA,"NO2","GW"
"4202","cg17651760",-0.00027,4.6e-05,3.8e-09,NA,"NO2","GW"
"4203","cg00014667",-0.00041,6.9e-05,3.8e-09,NA,"NO2","GW"
"4204","cg12154110",-0.00059,1e-04,3.8e-09,NA,"NO2","GW"
"4205","cg17748092",-0.00039,6.6e-05,3.8e-09,NA,"NO2","GW"
"4206","cg22718169",-0.00022,3.7e-05,3.8e-09,NA,"NO2","GW"
"4207","cg02204441",-0.00041,7e-05,3.8e-09,NA,"NO2","GW"
"4208","cg14101500",-0.00044,7.4e-05,3.8e-09,NA,"NO2","GW"
"4209","cg23351327",-0.00062,0.00011,3.8e-09,NA,"NO2","GW"
"4210","cg00160262",-0.00024,4.1e-05,3.8e-09,NA,"NO2","GW"
"4211","cg03016867",-5e-04,8.6e-05,3.8e-09,NA,"NO2","GW"
"4212","cg05419854",-0.00032,5.4e-05,3.8e-09,NA,"NO2","GW"
"4213","cg15585478",-0.00019,3.2e-05,3.8e-09,NA,"NO2","GW"
"4214","cg19275133",-0.00032,5.4e-05,3.8e-09,NA,"NO2","GW"
"4215","cg19851009",-0.00028,4.7e-05,3.8e-09,NA,"NO2","GW"
"4216","cg23785114",-0.00026,4.5e-05,3.8e-09,NA,"NO2","GW"
"4217","cg04875821",-0.00022,3.7e-05,3.8e-09,NA,"NO2","GW"
"4218","cg16313944",-0.00039,6.7e-05,3.8e-09,NA,"NO2","GW"
"4219","cg17588713",-0.00033,5.7e-05,3.8e-09,NA,"NO2","GW"
"4220","cg24609402",-0.00026,4.4e-05,3.8e-09,NA,"NO2","GW"
"4221","cg04910662",-0.00032,5.5e-05,3.8e-09,NA,"NO2","GW"
"4222","cg13255629",-0.00029,4.9e-05,3.8e-09,NA,"NO2","GW"
"4223","cg01077795",-0.00023,4e-05,3.8e-09,NA,"NO2","GW"
"4224","cg15257489",-0.00035,5.9e-05,3.8e-09,NA,"NO2","GW"
"4225","cg19184449",-0.00021,3.5e-05,3.8e-09,NA,"NO2","GW"
"4226","cg00940007",-0.00032,5.4e-05,3.9e-09,NA,"NO2","GW"
"4227","cg22668249",-0.00038,6.4e-05,3.9e-09,NA,"NO2","GW"
"4228","cg26805224",-0.00021,3.6e-05,3.9e-09,NA,"NO2","GW"
"4229","cg03896940",-0.00036,6.2e-05,3.9e-09,NA,"NO2","GW"
"4230","cg23314514",-0.00038,6.5e-05,3.9e-09,NA,"NO2","GW"
"4231","cg00308618",-0.00026,4.4e-05,3.9e-09,NA,"NO2","GW"
"4232","cg08929103",-0.00041,7e-05,3.9e-09,NA,"NO2","GW"
"4233","cg05848785",-0.00035,5.9e-05,3.9e-09,NA,"NO2","GW"
"4234","cg05978707",-0.00032,5.4e-05,3.9e-09,NA,"NO2","GW"
"4235","cg08575860",-0.00037,6.4e-05,3.9e-09,NA,"NO2","GW"
"4236","cg06857900",-0.00027,4.6e-05,3.9e-09,NA,"NO2","GW"
"4237","cg06871798",-0.00021,3.6e-05,3.9e-09,NA,"NO2","GW"
"4238","cg19234894",-0.00043,7.3e-05,3.9e-09,NA,"NO2","GW"
"4239","cg19480937",-0.00029,4.9e-05,3.9e-09,NA,"NO2","GW"
"4240","cg04610985",-0.00022,3.7e-05,3.9e-09,NA,"NO2","GW"
"4241","cg21165051",-0.00034,5.7e-05,3.9e-09,NA,"NO2","GW"
"4242","cg04561503",-2e-04,3.4e-05,3.9e-09,NA,"NO2","GW"
"4243","cg06848073",-0.00035,6e-05,3.9e-09,NA,"NO2","GW"
"4244","cg12754722",-0.00037,6.3e-05,3.9e-09,NA,"NO2","GW"
"4245","cg03756522",-0.00025,4.2e-05,4e-09,NA,"NO2","GW"
"4246","cg08945850",-0.00057,9.6e-05,4e-09,NA,"NO2","GW"
"4247","cg13592247",-0.00033,5.6e-05,4e-09,NA,"NO2","GW"
"4248","cg03178404",-0.00025,4.3e-05,4e-09,NA,"NO2","GW"
"4249","cg09975367",-0.00031,5.3e-05,4e-09,NA,"NO2","GW"
"4250","cg13467292",-0.00026,4.5e-05,4e-09,NA,"NO2","GW"
"4251","cg01166219",-3e-04,5.2e-05,4e-09,NA,"NO2","GW"
"4252","cg08876508",-0.00056,9.5e-05,4e-09,NA,"NO2","GW"
"4253","cg17640485",-0.00027,4.6e-05,4e-09,NA,"NO2","GW"
"4254","cg26262033",-0.00032,5.4e-05,4e-09,NA,"NO2","GW"
"4255","cg00591471",-0.00036,6.2e-05,4e-09,NA,"NO2","GW"
"4256","cg06159384",-0.00032,5.5e-05,4e-09,NA,"NO2","GW"
"4257","cg13724550",-0.00038,6.4e-05,4e-09,NA,"NO2","GW"
"4258","cg02750850",-2e-04,3.4e-05,4e-09,NA,"NO2","GW"
"4259","cg01986263",-0.00046,7.8e-05,4e-09,NA,"NO2","GW"
"4260","cg00369372",-0.00036,6.1e-05,4e-09,NA,"NO2","GW"
"4261","cg07604043",-0.00027,4.5e-05,4e-09,NA,"NO2","GW"
"4262","cg11467440",-3e-04,5.1e-05,4e-09,NA,"NO2","GW"
"4263","cg11837749",-0.00049,8.3e-05,4e-09,NA,"NO2","GW"
"4264","cg21142904",-0.00038,6.4e-05,4e-09,NA,"NO2","GW"
"4265","cg26256104",-0.00032,5.4e-05,4e-09,NA,"NO2","GW"
"4266","cg10200001",-0.00018,3.1e-05,4e-09,NA,"NO2","GW"
"4267","cg15035956",-0.00037,6.2e-05,4e-09,NA,"NO2","GW"
"4268","cg26265820",-0.00045,7.6e-05,4e-09,NA,"NO2","GW"
"4269","cg06527050",-0.00033,5.5e-05,4e-09,NA,"NO2","GW"
"4270","cg13606255",-0.00042,7.1e-05,4e-09,NA,"NO2","GW"
"4271","cg17199481",-0.00034,5.7e-05,4.1e-09,NA,"NO2","GW"
"4272","cg25665697",-0.00032,5.5e-05,4.1e-09,NA,"NO2","GW"
"4273","cg03368787",-0.00029,5e-05,4.1e-09,NA,"NO2","GW"
"4274","cg09274864",-0.00033,5.6e-05,4.1e-09,NA,"NO2","GW"
"4275","cg03720195",-0.00028,4.7e-05,4.1e-09,NA,"NO2","GW"
"4276","cg19257514",-0.00021,3.6e-05,4.1e-09,NA,"NO2","GW"
"4277","cg00118229",-4e-04,6.8e-05,4.1e-09,NA,"NO2","GW"
"4278","cg03421358",-0.00024,4e-05,4.1e-09,NA,"NO2","GW"
"4279","cg04437845",-0.00028,4.7e-05,4.1e-09,NA,"NO2","GW"
"4280","cg01032220",-0.00027,4.6e-05,4.1e-09,NA,"NO2","GW"
"4281","cg06348826",-0.00041,7.1e-05,4.1e-09,NA,"NO2","GW"
"4282","cg03014634",-0.00053,9.1e-05,4.1e-09,NA,"NO2","GW"
"4283","cg05358404",-0.00067,0.00011,4.1e-09,NA,"NO2","GW"
"4284","cg25051233",-0.00023,3.9e-05,4.1e-09,NA,"NO2","GW"
"4285","cg27095388",-0.00034,5.7e-05,4.1e-09,NA,"NO2","GW"
"4286","cg00392677",-0.00033,5.6e-05,4.1e-09,NA,"NO2","GW"
"4287","cg26589069",-0.00042,7.1e-05,4.1e-09,NA,"NO2","GW"
"4288","cg07305000",-0.00026,4.3e-05,4.1e-09,NA,"NO2","GW"
"4289","cg23994025",-0.00038,6.5e-05,4.1e-09,NA,"NO2","GW"
"4290","cg26031742",-0.00024,4.1e-05,4.1e-09,NA,"NO2","GW"
"4291","cg27101899",-0.00029,4.9e-05,4.1e-09,NA,"NO2","GW"
"4292","cg08317891",-0.00031,5.3e-05,4.2e-09,NA,"NO2","GW"
"4293","cg12931620",-0.00044,7.6e-05,4.2e-09,NA,"NO2","GW"
"4294","cg15499560",-0.00031,5.2e-05,4.2e-09,NA,"NO2","GW"
"4295","cg08679403",-0.00032,5.5e-05,4.2e-09,NA,"NO2","GW"
"4296","cg19347288",-0.00041,6.9e-05,4.2e-09,NA,"NO2","GW"
"4297","cg19594745",-0.00033,5.6e-05,4.2e-09,NA,"NO2","GW"
"4298","cg07384974",-0.00033,5.7e-05,4.2e-09,NA,"NO2","GW"
"4299","cg08437403",-0.00037,6.2e-05,4.2e-09,NA,"NO2","GW"
"4300","cg22484084",-0.00049,8.3e-05,4.2e-09,NA,"NO2","GW"
"4301","cg13802490",-0.00033,5.6e-05,4.2e-09,NA,"NO2","GW"
"4302","cg21806832",-0.00035,5.9e-05,4.2e-09,NA,"NO2","GW"
"4303","cg00282426",-3e-04,5e-05,4.2e-09,NA,"NO2","GW"
"4304","cg07670676",-0.00019,3.2e-05,4.2e-09,NA,"NO2","GW"
"4305","cg13506559",-0.00041,7e-05,4.2e-09,NA,"NO2","GW"
"4306","cg24855818",-0.00036,6.1e-05,4.2e-09,NA,"NO2","GW"
"4307","cg27250283",-0.00054,9.1e-05,4.2e-09,NA,"NO2","GW"
"4308","cg02088166",-0.00028,4.8e-05,4.2e-09,NA,"NO2","GW"
"4309","cg16879608",-0.00043,7.3e-05,4.2e-09,NA,"NO2","GW"
"4310","cg23642446",-0.00041,6.9e-05,4.2e-09,NA,"NO2","GW"
"4311","cg00996588",-0.00036,6.1e-05,4.2e-09,NA,"NO2","GW"
"4312","cg09268963",-0.00038,6.4e-05,4.2e-09,NA,"NO2","GW"
"4313","cg10807894",-0.00053,9.1e-05,4.3e-09,NA,"NO2","GW"
"4314","cg11465372",-0.00032,5.4e-05,4.3e-09,NA,"NO2","GW"
"4315","cg21752601",-0.00059,1e-04,4.3e-09,NA,"NO2","GW"
"4316","cg12124767",-0.00042,7.2e-05,4.3e-09,NA,"NO2","GW"
"4317","cg13675278",-0.00026,4.4e-05,4.3e-09,NA,"NO2","GW"
"4318","cg26655542",-0.00062,0.00011,4.3e-09,NA,"NO2","GW"
"4319","cg08379158",-0.00024,4.1e-05,4.3e-09,NA,"NO2","GW"
"4320","cg16208258",-4e-04,6.9e-05,4.3e-09,NA,"NO2","GW"
"4321","cg25059541",-4e-04,6.9e-05,4.3e-09,NA,"NO2","GW"
"4322","cg02774705",-0.00026,4.4e-05,4.3e-09,NA,"NO2","GW"
"4323","cg13487156",-0.00036,6.1e-05,4.3e-09,NA,"NO2","GW"
"4324","cg13973942",-0.00029,5e-05,4.3e-09,NA,"NO2","GW"
"4325","cg20653717",-0.00016,2.8e-05,4.3e-09,NA,"NO2","GW"
"4326","cg10600536",-0.00033,5.6e-05,4.3e-09,NA,"NO2","GW"
"4327","cg04216235",-0.00031,5.3e-05,4.3e-09,NA,"NO2","GW"
"4328","cg13808223",-0.00036,6.1e-05,4.3e-09,NA,"NO2","GW"
"4329","cg04963575",-0.00027,4.6e-05,4.3e-09,NA,"NO2","GW"
"4330","cg24427302",-0.00048,8.2e-05,4.3e-09,NA,"NO2","GW"
"4331","cg07620968",-0.00033,5.6e-05,4.3e-09,NA,"NO2","GW"
"4332","cg03053980",-0.00037,6.3e-05,4.3e-09,NA,"NO2","GW"
"4333","cg00915858",-0.00033,5.6e-05,4.4e-09,NA,"NO2","GW"
"4334","cg01754790",-2e-04,3.3e-05,4.4e-09,NA,"NO2","GW"
"4335","cg04028450",-0.00033,5.6e-05,4.4e-09,NA,"NO2","GW"
"4336","cg12030788",-0.00033,5.7e-05,4.4e-09,NA,"NO2","GW"
"4337","cg13941292",-0.00039,6.6e-05,4.4e-09,NA,"NO2","GW"
"4338","cg09850418",-0.00025,4.3e-05,4.4e-09,NA,"NO2","GW"
"4339","cg26841309",-0.00026,4.4e-05,4.4e-09,NA,"NO2","GW"
"4340","cg00906060",-0.00028,4.7e-05,4.4e-09,NA,"NO2","GW"
"4341","cg05927274",-0.00053,9e-05,4.4e-09,NA,"NO2","GW"
"4342","cg17017272",-5e-04,8.5e-05,4.4e-09,NA,"NO2","GW"
"4343","cg18274320",-0.00034,5.8e-05,4.4e-09,NA,"NO2","GW"
"4344","cg06122825",-4e-04,6.9e-05,4.5e-09,NA,"NO2","GW"
"4345","cg02624984",-0.00026,4.5e-05,4.5e-09,NA,"NO2","GW"
"4346","cg05380808",-0.00017,2.9e-05,4.5e-09,NA,"NO2","GW"
"4347","cg23146632",-0.00031,5.3e-05,4.5e-09,NA,"NO2","GW"
"4348","cg23879400",-0.00031,5.3e-05,4.5e-09,NA,"NO2","GW"
"4349","cg00812831",-0.00036,6.2e-05,4.5e-09,NA,"NO2","GW"
"4350","cg06459293",-0.00023,3.9e-05,4.5e-09,NA,"NO2","GW"
"4351","cg18388084",-0.00039,6.7e-05,4.5e-09,NA,"NO2","GW"
"4352","cg11580525",-0.00046,7.8e-05,4.5e-09,NA,"NO2","GW"
"4353","cg15771200",-5e-04,8.6e-05,4.5e-09,NA,"NO2","GW"
"4354","cg21101386",-0.00028,4.9e-05,4.5e-09,NA,"NO2","GW"
"4355","cg03211828",-0.00034,5.8e-05,4.5e-09,NA,"NO2","GW"
"4356","cg02551234",-0.00035,6.1e-05,4.5e-09,NA,"NO2","GW"
"4357","cg16299159",-0.00029,5e-05,4.5e-09,NA,"NO2","GW"
"4358","cg19721802",-0.00022,3.8e-05,4.5e-09,NA,"NO2","GW"
"4359","cg07145783",-0.00073,0.00013,4.5e-09,NA,"NO2","GW"
"4360","cg17344420",-0.00025,4.3e-05,4.5e-09,NA,"NO2","GW"
"4361","cg07643942",-0.00029,4.9e-05,4.5e-09,NA,"NO2","GW"
"4362","cg13152651",-0.00023,3.9e-05,4.5e-09,NA,"NO2","GW"
"4363","cg22880933",-0.00032,5.5e-05,4.5e-09,NA,"NO2","GW"
"4364","cg03599257",-0.00045,7.7e-05,4.5e-09,NA,"NO2","GW"
"4365","cg15944856",-0.00037,6.3e-05,4.5e-09,NA,"NO2","GW"
"4366","cg01628467",-0.00048,8.2e-05,4.6e-09,NA,"NO2","GW"
"4367","cg05571645",-0.00034,5.9e-05,4.6e-09,NA,"NO2","GW"
"4368","cg10670376",-0.00024,4.1e-05,4.6e-09,NA,"NO2","GW"
"4369","cg18946533",-0.00052,8.9e-05,4.6e-09,NA,"NO2","GW"
"4370","cg22660196",-0.00025,4.3e-05,4.6e-09,NA,"NO2","GW"
"4371","cg02807786",-0.00026,4.5e-05,4.6e-09,NA,"NO2","GW"
"4372","cg12808596",0.00065,0.00011,4.6e-09,NA,"NO2","GW"
"4373","cg03549532",-0.00031,5.3e-05,4.6e-09,NA,"NO2","GW"
"4374","cg15155209",-0.00037,6.3e-05,4.6e-09,NA,"NO2","GW"
"4375","cg14466251",-0.00021,3.6e-05,4.6e-09,NA,"NO2","GW"
"4376","cg03879594",-0.00048,8.2e-05,4.6e-09,NA,"NO2","GW"
"4377","cg04785187",-0.00043,7.3e-05,4.6e-09,NA,"NO2","GW"
"4378","cg08516083",-0.00026,4.5e-05,4.6e-09,NA,"NO2","GW"
"4379","cg01388565",-0.00033,5.7e-05,4.7e-09,NA,"NO2","GW"
"4380","cg03118510",-0.00027,4.6e-05,4.7e-09,NA,"NO2","GW"
"4381","cg05207067",-0.00033,5.6e-05,4.7e-09,NA,"NO2","GW"
"4382","cg09346383",-0.00086,0.00015,4.7e-09,NA,"NO2","GW"
"4383","cg13996514",-0.00032,5.4e-05,4.7e-09,NA,"NO2","GW"
"4384","cg17935233",-0.00032,5.4e-05,4.7e-09,NA,"NO2","GW"
"4385","cg20480334",-0.00033,5.6e-05,4.7e-09,NA,"NO2","GW"
"4386","cg02024466",-0.00027,4.6e-05,4.7e-09,NA,"NO2","GW"
"4387","cg04056774",-0.00044,7.5e-05,4.7e-09,NA,"NO2","GW"
"4388","cg17430268",-0.00032,5.5e-05,4.7e-09,NA,"NO2","GW"
"4389","cg26574247",-0.00038,6.4e-05,4.7e-09,NA,"NO2","GW"
"4390","cg25706898",-0.00036,6.1e-05,4.7e-09,NA,"NO2","GW"
"4391","cg15240733",-0.00044,7.5e-05,4.7e-09,NA,"NO2","GW"
"4392","cg23232891",-0.00031,5.3e-05,4.7e-09,NA,"NO2","GW"
"4393","cg25896785",-0.00031,5.2e-05,4.7e-09,NA,"NO2","GW"
"4394","cg01824618",-4e-04,6.8e-05,4.7e-09,NA,"NO2","GW"
"4395","cg01951477",-0.00037,6.3e-05,4.7e-09,NA,"NO2","GW"
"4396","cg06176471",-0.00028,4.8e-05,4.7e-09,NA,"NO2","GW"
"4397","cg12597839",-0.00045,7.7e-05,4.7e-09,NA,"NO2","GW"
"4398","cg00445755",-0.00027,4.6e-05,4.7e-09,NA,"NO2","GW"
"4399","cg06314969",-0.00031,5.3e-05,4.7e-09,NA,"NO2","GW"
"4400","cg06740049",-0.00026,4.4e-05,4.7e-09,NA,"NO2","GW"
"4401","cg20897949",-0.00026,4.4e-05,4.7e-09,NA,"NO2","GW"
"4402","cg07047963",-0.00041,7e-05,4.7e-09,NA,"NO2","GW"
"4403","cg21450654",-0.00026,4.5e-05,4.7e-09,NA,"NO2","GW"
"4404","cg03130530",-0.00039,6.7e-05,4.8e-09,NA,"NO2","GW"
"4405","cg00661018",-0.00046,7.9e-05,4.8e-09,NA,"NO2","GW"
"4406","cg00983482",-0.00041,7e-05,4.8e-09,NA,"NO2","GW"
"4407","cg08126560",-0.00038,6.5e-05,4.8e-09,NA,"NO2","GW"
"4408","cg05223396",-0.00035,5.9e-05,4.8e-09,NA,"NO2","GW"
"4409","cg14870682",-0.00026,4.5e-05,4.8e-09,NA,"NO2","GW"
"4410","cg18222865",0.00064,0.00011,4.8e-09,NA,"NO2","GW"
"4411","cg05322019",-3e-04,5.1e-05,4.8e-09,NA,"NO2","GW"
"4412","cg18522415",-0.00023,3.9e-05,4.8e-09,NA,"NO2","GW"
"4413","cg24736764",-0.00039,6.7e-05,4.8e-09,NA,"NO2","GW"
"4414","cg05349159",-0.00025,4.4e-05,4.8e-09,NA,"NO2","GW"
"4415","cg10791278",-0.00035,6e-05,4.8e-09,NA,"NO2","GW"
"4416","cg11264098",-0.00043,7.3e-05,4.8e-09,NA,"NO2","GW"
"4417","cg21997465",-0.00033,5.6e-05,4.8e-09,NA,"NO2","GW"
"4418","cg06736444",-0.00062,0.00011,4.8e-09,NA,"NO2","GW"
"4419","cg17176676",-0.00025,4.3e-05,4.8e-09,NA,"NO2","GW"
"4420","cg19402314",-0.00039,6.6e-05,4.8e-09,NA,"NO2","GW"
"4421","cg20705236",-3e-04,5.2e-05,4.8e-09,NA,"NO2","GW"
"4422","cg26739233",-0.00023,4e-05,4.8e-09,NA,"NO2","GW"
"4423","cg00654657",-0.00041,6.9e-05,4.9e-09,NA,"NO2","GW"
"4424","cg01590787",-0.00043,7.3e-05,4.9e-09,NA,"NO2","GW"
"4425","cg01174786",-0.00036,6.1e-05,4.9e-09,NA,"NO2","GW"
"4426","cg09725286",-0.00034,5.9e-05,4.9e-09,NA,"NO2","GW"
"4427","cg09839177",-0.00043,7.4e-05,4.9e-09,NA,"NO2","GW"
"4428","cg14428733",-0.00042,7.1e-05,4.9e-09,NA,"NO2","GW"
"4429","cg03064642",-3e-04,5.2e-05,4.9e-09,NA,"NO2","GW"
"4430","cg22541400",-0.00033,5.6e-05,4.9e-09,NA,"NO2","GW"
"4431","cg13269555",-0.00056,9.6e-05,4.9e-09,NA,"NO2","GW"
"4432","cg15688070",-0.00033,5.6e-05,4.9e-09,NA,"NO2","GW"
"4433","cg01643624",-0.00029,5e-05,4.9e-09,NA,"NO2","GW"
"4434","cg00347746",-0.00041,7e-05,4.9e-09,NA,"NO2","GW"
"4435","cg11995137",-0.00038,6.5e-05,4.9e-09,NA,"NO2","GW"
"4436","cg17472786",-4e-04,6.9e-05,4.9e-09,NA,"NO2","GW"
"4437","cg01747591",-0.00027,4.6e-05,4.9e-09,NA,"NO2","GW"
"4438","cg05667097",-0.00052,9e-05,4.9e-09,NA,"NO2","GW"
"4439","cg00101940",-6e-04,1e-04,4.9e-09,NA,"NO2","GW"
"4440","cg09916030",-0.00029,5e-05,4.9e-09,NA,"NO2","GW"
"4441","cg14527645",-0.00041,6.9e-05,4.9e-09,NA,"NO2","GW"
"4442","cg04986236",-0.00027,4.6e-05,5e-09,NA,"NO2","GW"
"4443","cg03481488",-0.00032,5.5e-05,5e-09,NA,"NO2","GW"
"4444","cg19323901",-4e-04,6.9e-05,5e-09,NA,"NO2","GW"
"4445","cg27598340",-0.00031,5.3e-05,5e-09,NA,"NO2","GW"
"4446","cg00802510",-0.00036,6.2e-05,5e-09,NA,"NO2","GW"
"4447","cg13468149",-3e-04,5.2e-05,5e-09,NA,"NO2","GW"
"4448","cg21857843",-0.00018,3.1e-05,5e-09,NA,"NO2","GW"
"4449","cg26819783",-0.00029,5e-05,5e-09,NA,"NO2","GW"
"4450","cg10065210",-3e-04,5.1e-05,5e-09,NA,"NO2","GW"
"4451","cg11304682",-0.00047,8e-05,5e-09,NA,"NO2","GW"
"4452","cg23911970",-0.00044,7.4e-05,5e-09,NA,"NO2","GW"
"4453","cg03523685",-2e-04,3.5e-05,5e-09,NA,"NO2","GW"
"4454","cg07163719",-0.00027,4.7e-05,5e-09,NA,"NO2","GW"
"4455","cg19944367",-3e-04,5.1e-05,5e-09,NA,"NO2","GW"
"4456","cg24123824",-0.00024,4.1e-05,5e-09,NA,"NO2","GW"
"4457","cg21334510",-7e-04,0.00012,5e-09,NA,"NO2","GW"
"4458","cg23978062",-0.00028,4.8e-05,5e-09,NA,"NO2","GW"
"4459","cg21882808",-0.00041,7e-05,5.1e-09,NA,"NO2","GW"
"4460","cg23990303",-0.00034,5.8e-05,5.1e-09,NA,"NO2","GW"
"4461","cg07719617",-0.00026,4.5e-05,5.1e-09,NA,"NO2","GW"
"4462","cg09873584",-0.00035,5.9e-05,5.1e-09,NA,"NO2","GW"
"4463","cg18322822",-0.00026,4.5e-05,5.1e-09,NA,"NO2","GW"
"4464","cg23944572",-0.00051,8.6e-05,5.1e-09,NA,"NO2","GW"
"4465","cg05948962",-0.00023,3.9e-05,5.1e-09,NA,"NO2","GW"
"4466","cg07085287",-3e-04,5.2e-05,5.1e-09,NA,"NO2","GW"
"4467","cg10962490",-0.00029,5.1e-05,5.1e-09,NA,"NO2","GW"
"4468","cg19950097",-0.00024,4.2e-05,5.1e-09,NA,"NO2","GW"
"4469","cg09063765",-0.00028,4.9e-05,5.1e-09,NA,"NO2","GW"
"4470","cg14337785",-0.00031,5.2e-05,5.1e-09,NA,"NO2","GW"
"4471","cg09075610",-0.00052,8.9e-05,5.2e-09,NA,"NO2","GW"
"4472","cg13558462",-0.00028,4.8e-05,5.2e-09,NA,"NO2","GW"
"4473","cg08989558",-0.00022,3.8e-05,5.2e-09,NA,"NO2","GW"
"4474","cg16523158",-0.00035,6e-05,5.2e-09,NA,"NO2","GW"
"4475","cg01808968",-0.00036,6.2e-05,5.2e-09,NA,"NO2","GW"
"4476","cg07468655",-0.00032,5.6e-05,5.2e-09,NA,"NO2","GW"
"4477","cg22238104",-0.00025,4.3e-05,5.2e-09,NA,"NO2","GW"
"4478","cg26046072",-0.00042,7.2e-05,5.2e-09,NA,"NO2","GW"
"4479","cg08961187",-0.00038,6.4e-05,5.2e-09,NA,"NO2","GW"
"4480","cg00516678",-4e-04,6.9e-05,5.2e-09,NA,"NO2","GW"
"4481","cg08100284",-4e-04,6.8e-05,5.2e-09,NA,"NO2","GW"
"4482","cg16651286",-0.00026,4.4e-05,5.2e-09,NA,"NO2","GW"
"4483","cg03410790",-3e-04,5.1e-05,5.2e-09,NA,"NO2","GW"
"4484","cg11957248",-0.00038,6.5e-05,5.2e-09,NA,"NO2","GW"
"4485","cg15485378",-0.00035,6e-05,5.2e-09,NA,"NO2","GW"
"4486","cg06931253",-0.00035,6e-05,5.3e-09,NA,"NO2","GW"
"4487","cg07572773",-0.00036,6.2e-05,5.3e-09,NA,"NO2","GW"
"4488","cg22767461",-0.00021,3.6e-05,5.3e-09,NA,"NO2","GW"
"4489","cg09671119",-0.00033,5.6e-05,5.3e-09,NA,"NO2","GW"
"4490","cg19759804",0.00013,2.3e-05,5.3e-09,NA,"NO2","GW"
"4491","cg00527653",-3e-04,5.1e-05,5.3e-09,NA,"NO2","GW"
"4492","cg19234171",-0.00027,4.6e-05,5.3e-09,NA,"NO2","GW"
"4493","cg24000087",-3e-04,5.1e-05,5.3e-09,NA,"NO2","GW"
"4494","cg18369034",-0.00043,7.4e-05,5.3e-09,NA,"NO2","GW"
"4495","cg08751438",-0.00032,5.6e-05,5.3e-09,NA,"NO2","GW"
"4496","cg16177633",-3e-04,5.1e-05,5.3e-09,NA,"NO2","GW"
"4497","cg19981982",-0.00036,6.2e-05,5.3e-09,NA,"NO2","GW"
"4498","cg21771125",-0.00047,8.1e-05,5.3e-09,NA,"NO2","GW"
"4499","cg14919643",-0.00028,4.7e-05,5.4e-09,NA,"NO2","GW"
"4500","cg15446115",-4e-04,6.9e-05,5.4e-09,NA,"NO2","GW"
"4501","cg16527703",-0.00032,5.5e-05,5.4e-09,NA,"NO2","GW"
"4502","cg14866866",-0.00022,3.8e-05,5.4e-09,NA,"NO2","GW"
"4503","cg22585988",-0.00049,8.4e-05,5.4e-09,NA,"NO2","GW"
"4504","cg04570910",-2e-04,3.5e-05,5.4e-09,NA,"NO2","GW"
"4505","cg09795523",-3e-04,5.1e-05,5.4e-09,NA,"NO2","GW"
"4506","cg16829244",-3e-04,5.1e-05,5.4e-09,NA,"NO2","GW"
"4507","cg26284544",-0.00084,0.00014,5.4e-09,NA,"NO2","GW"
"4508","cg26924480",-0.00034,5.8e-05,5.4e-09,NA,"NO2","GW"
"4509","cg09996971",-0.00044,7.6e-05,5.4e-09,NA,"NO2","GW"
"4510","cg09274392",-0.00026,4.5e-05,5.4e-09,NA,"NO2","GW"
"4511","cg13123578",-0.00034,5.9e-05,5.4e-09,NA,"NO2","GW"
"4512","cg23546343",-0.00026,4.4e-05,5.4e-09,NA,"NO2","GW"
"4513","cg01059747",-0.00025,4.3e-05,5.4e-09,NA,"NO2","GW"
"4514","cg00036585",-0.00035,6e-05,5.4e-09,NA,"NO2","GW"
"4515","cg09616787",-0.00033,5.6e-05,5.4e-09,NA,"NO2","GW"
"4516","cg25930644",-0.00035,6.1e-05,5.4e-09,NA,"NO2","GW"
"4517","cg03719642",-0.00069,0.00012,5.5e-09,NA,"NO2","GW"
"4518","cg04491808",-0.00044,7.6e-05,5.5e-09,NA,"NO2","GW"
"4519","cg24639535",-0.00034,5.9e-05,5.5e-09,NA,"NO2","GW"
"4520","cg09972052",-0.00041,7.1e-05,5.5e-09,NA,"NO2","GW"
"4521","cg04674495",-0.00032,5.5e-05,5.5e-09,NA,"NO2","GW"
"4522","cg12305588",-5e-04,8.5e-05,5.5e-09,NA,"NO2","GW"
"4523","cg19510663",-0.00027,4.7e-05,5.5e-09,NA,"NO2","GW"
"4524","cg09447450",-0.00042,7.2e-05,5.5e-09,NA,"NO2","GW"
"4525","cg18325799",-0.00025,4.3e-05,5.5e-09,NA,"NO2","GW"
"4526","cg18699439",-0.00031,5.4e-05,5.5e-09,NA,"NO2","GW"
"4527","cg16515815",-0.00028,4.8e-05,5.5e-09,NA,"NO2","GW"
"4528","cg23919111",-0.00042,7.3e-05,5.5e-09,NA,"NO2","GW"
"4529","cg02181220",-3e-04,5.1e-05,5.5e-09,NA,"NO2","GW"
"4530","cg06706876",-0.00051,8.7e-05,5.5e-09,NA,"NO2","GW"
"4531","cg08870143",-0.00063,0.00011,5.5e-09,NA,"NO2","GW"
"4532","cg10907582",-0.00026,4.5e-05,5.5e-09,NA,"NO2","GW"
"4533","cg07821909",-0.00029,5e-05,5.6e-09,NA,"NO2","GW"
"4534","cg12364136",-0.00045,7.8e-05,5.6e-09,NA,"NO2","GW"
"4535","cg15352186",-0.00037,6.4e-05,5.6e-09,NA,"NO2","GW"
"4536","cg03850730",-0.00021,3.7e-05,5.6e-09,NA,"NO2","GW"
"4537","cg11986980",-0.00032,5.5e-05,5.6e-09,NA,"NO2","GW"
"4538","cg12976145",-0.00045,7.7e-05,5.6e-09,NA,"NO2","GW"
"4539","cg03599224",-0.00041,7.1e-05,5.6e-09,NA,"NO2","GW"
"4540","cg10986043",-0.00066,0.00011,5.6e-09,NA,"NO2","GW"
"4541","cg20414082",-0.00033,5.6e-05,5.6e-09,NA,"NO2","GW"
"4542","cg09120267",-0.00039,6.6e-05,5.6e-09,NA,"NO2","GW"
"4543","cg04630908",-0.00023,3.9e-05,5.6e-09,NA,"NO2","GW"
"4544","cg05991902",-0.00021,3.5e-05,5.6e-09,NA,"NO2","GW"
"4545","cg18283321",-0.00035,6e-05,5.6e-09,NA,"NO2","GW"
"4546","cg02338271",-0.00033,5.7e-05,5.6e-09,NA,"NO2","GW"
"4547","cg06550248",-0.00035,6e-05,5.6e-09,NA,"NO2","GW"
"4548","cg16892812",-0.00053,9.1e-05,5.6e-09,NA,"NO2","GW"
"4549","cg05096777",-0.00038,6.5e-05,5.6e-09,NA,"NO2","GW"
"4550","cg07024656",-0.00026,4.5e-05,5.6e-09,NA,"NO2","GW"
"4551","cg15602741",-3e-04,5.2e-05,5.6e-09,NA,"NO2","GW"
"4552","cg22266072",-0.00037,6.4e-05,5.6e-09,NA,"NO2","GW"
"4553","cg12324283",-0.00028,4.8e-05,5.7e-09,NA,"NO2","GW"
"4554","cg00921097",-0.00045,7.8e-05,5.7e-09,NA,"NO2","GW"
"4555","cg05256179",-0.00038,6.6e-05,5.7e-09,NA,"NO2","GW"
"4556","cg13784460",-0.00037,6.4e-05,5.7e-09,NA,"NO2","GW"
"4557","cg14286140",-4e-04,6.9e-05,5.7e-09,NA,"NO2","GW"
"4558","cg05062192",-0.00022,3.8e-05,5.7e-09,NA,"NO2","GW"
"4559","cg08678202",-0.00028,4.8e-05,5.7e-09,NA,"NO2","GW"
"4560","cg25435643",-0.00036,6.2e-05,5.7e-09,NA,"NO2","GW"
"4561","cg13277254",-0.00058,9.9e-05,5.7e-09,NA,"NO2","GW"
"4562","cg21971807",0.00045,7.7e-05,5.7e-09,NA,"NO2","GW"
"4563","cg05327967",-0.00028,4.7e-05,5.7e-09,NA,"NO2","GW"
"4564","cg08240592",-0.00036,6.1e-05,5.7e-09,NA,"NO2","GW"
"4565","cg15179499",-0.00025,4.3e-05,5.7e-09,NA,"NO2","GW"
"4566","cg04242898",-0.00053,9.1e-05,5.8e-09,NA,"NO2","GW"
"4567","cg07496078",-0.00026,4.4e-05,5.8e-09,NA,"NO2","GW"
"4568","cg11816081",-0.00039,6.7e-05,5.8e-09,NA,"NO2","GW"
"4569","cg06159980",-0.00038,6.5e-05,5.8e-09,NA,"NO2","GW"
"4570","cg21624165",-0.00053,9.2e-05,5.8e-09,NA,"NO2","GW"
"4571","cg06340836",-0.00039,6.8e-05,5.8e-09,NA,"NO2","GW"
"4572","cg20982052",-0.00026,4.4e-05,5.8e-09,NA,"NO2","GW"
"4573","cg13375457",-0.00018,3.2e-05,5.8e-09,NA,"NO2","GW"
"4574","cg24722886",-0.00033,5.7e-05,5.8e-09,NA,"NO2","GW"
"4575","cg01272202",-0.00035,5.9e-05,5.9e-09,NA,"NO2","GW"
"4576","cg10985970",-3e-04,5.2e-05,5.9e-09,NA,"NO2","GW"
"4577","cg11982577",-0.00036,6.2e-05,5.9e-09,NA,"NO2","GW"
"4578","cg26607673",-0.00025,4.2e-05,5.9e-09,NA,"NO2","GW"
"4579","cg09076077",0.00075,0.00013,5.9e-09,NA,"NO2","GW"
"4580","cg18450130",-0.00023,3.9e-05,5.9e-09,NA,"NO2","GW"
"4581","cg00994323",-0.00035,5.9e-05,5.9e-09,NA,"NO2","GW"
"4582","cg08655664",-0.00035,6e-05,5.9e-09,NA,"NO2","GW"
"4583","cg09617441",-0.00033,5.7e-05,5.9e-09,NA,"NO2","GW"
"4584","cg14941895",-0.00031,5.3e-05,5.9e-09,NA,"NO2","GW"
"4585","cg27313147",-0.00049,8.4e-05,5.9e-09,NA,"NO2","GW"
"4586","cg02590088",-0.00039,6.6e-05,5.9e-09,NA,"NO2","GW"
"4587","cg07967254",-3e-04,5.2e-05,5.9e-09,NA,"NO2","GW"
"4588","cg09810961",-0.00019,3.2e-05,5.9e-09,NA,"NO2","GW"
"4589","cg10796568",-0.00029,5.1e-05,5.9e-09,NA,"NO2","GW"
"4590","cg11202914",-0.00025,4.2e-05,5.9e-09,NA,"NO2","GW"
"4591","cg16662477",0.00079,0.00014,5.9e-09,NA,"NO2","GW"
"4592","cg05832070",-0.00036,6.2e-05,5.9e-09,NA,"NO2","GW"
"4593","cg09159290",-0.00026,4.4e-05,6e-09,NA,"NO2","GW"
"4594","cg11932891",-0.00037,6.4e-05,6e-09,NA,"NO2","GW"
"4595","cg12684175",-0.00036,6.2e-05,6e-09,NA,"NO2","GW"
"4596","cg05447343",-0.00045,7.7e-05,6e-09,NA,"NO2","GW"
"4597","cg18761252",-0.00028,4.7e-05,6e-09,NA,"NO2","GW"
"4598","cg06403921",-0.00028,4.7e-05,6e-09,NA,"NO2","GW"
"4599","cg09696120",-0.00034,5.9e-05,6e-09,NA,"NO2","GW"
"4600","cg15003194",-0.00037,6.4e-05,6e-09,NA,"NO2","GW"
"4601","cg04582295",-0.00037,6.3e-05,6e-09,NA,"NO2","GW"
"4602","cg27168737",-0.00032,5.4e-05,6e-09,NA,"NO2","GW"
"4603","cg04828792",-3e-04,5.1e-05,6e-09,NA,"NO2","GW"
"4604","cg13870426",-0.00038,6.6e-05,6e-09,NA,"NO2","GW"
"4605","cg07271253",-0.00032,5.5e-05,6e-09,NA,"NO2","GW"
"4606","cg13805730",-3e-04,5.1e-05,6e-09,NA,"NO2","GW"
"4607","cg08995595",-0.00027,4.7e-05,6e-09,NA,"NO2","GW"
"4608","cg25238382",-0.00031,5.3e-05,6e-09,NA,"NO2","GW"
"4609","cg25748868",-3e-04,5.2e-05,6e-09,NA,"NO2","GW"
"4610","cg00982400",-0.00028,4.9e-05,6.1e-09,NA,"NO2","GW"
"4611","cg14247635",-0.00039,6.8e-05,6.1e-09,NA,"NO2","GW"
"4612","cg21924070",-0.00024,4.1e-05,6.1e-09,NA,"NO2","GW"
"4613","cg26292895",-0.00032,5.5e-05,6.1e-09,NA,"NO2","GW"
"4614","cg10307904",-0.00038,6.6e-05,6.1e-09,NA,"NO2","GW"
"4615","cg12933431",-0.00037,6.4e-05,6.1e-09,NA,"NO2","GW"
"4616","cg19122460",-0.00028,4.9e-05,6.1e-09,NA,"NO2","GW"
"4617","cg19982893",-0.00062,0.00011,6.1e-09,NA,"NO2","GW"
"4618","cg24230355",-0.00029,4.9e-05,6.1e-09,NA,"NO2","GW"
"4619","cg27109056",-0.00037,6.3e-05,6.1e-09,NA,"NO2","GW"
"4620","cg18217706",-0.00026,4.5e-05,6.1e-09,NA,"NO2","GW"
"4621","cg07994487",-0.00023,3.9e-05,6.1e-09,NA,"NO2","GW"
"4622","cg08455916",-0.00032,5.4e-05,6.1e-09,NA,"NO2","GW"
"4623","cg23701012",-0.00037,6.4e-05,6.1e-09,NA,"NO2","GW"
"4624","cg01170591",-0.00018,3.1e-05,6.1e-09,NA,"NO2","GW"
"4625","cg02311794",-0.00053,9.2e-05,6.1e-09,NA,"NO2","GW"
"4626","cg16292586",-0.00033,5.7e-05,6.1e-09,NA,"NO2","GW"
"4627","cg16361915",-0.00027,4.7e-05,6.1e-09,NA,"NO2","GW"
"4628","cg08010546",-0.00043,7.3e-05,6.2e-09,NA,"NO2","GW"
"4629","cg11490276",-0.00027,4.7e-05,6.2e-09,NA,"NO2","GW"
"4630","cg00463239",-0.00028,4.7e-05,6.2e-09,NA,"NO2","GW"
"4631","cg04260891",-0.00025,4.3e-05,6.2e-09,NA,"NO2","GW"
"4632","cg07285248",-0.00034,5.9e-05,6.2e-09,NA,"NO2","GW"
"4633","cg07457213",-0.00031,5.3e-05,6.2e-09,NA,"NO2","GW"
"4634","cg18249027",-0.00039,6.6e-05,6.2e-09,NA,"NO2","GW"
"4635","cg00473916",-0.00042,7.2e-05,6.2e-09,NA,"NO2","GW"
"4636","cg14913688",-0.00025,4.3e-05,6.2e-09,NA,"NO2","GW"
"4637","cg06810461",-0.00029,5e-05,6.2e-09,NA,"NO2","GW"
"4638","cg06752633",-0.00031,5.3e-05,6.2e-09,NA,"NO2","GW"
"4639","cg06952577",-0.00036,6.3e-05,6.2e-09,NA,"NO2","GW"
"4640","cg24311933",-0.00019,3.3e-05,6.3e-09,NA,"NO2","GW"
"4641","cg10613706",-0.00037,6.4e-05,6.3e-09,NA,"NO2","GW"
"4642","cg00390253",-0.00044,7.6e-05,6.3e-09,NA,"NO2","GW"
"4643","cg03734104",-3e-04,5.2e-05,6.3e-09,NA,"NO2","GW"
"4644","cg13352518",-0.00048,8.3e-05,6.3e-09,NA,"NO2","GW"
"4645","cg04218209",-0.00027,4.6e-05,6.3e-09,NA,"NO2","GW"
"4646","cg13212362",-3e-04,5.1e-05,6.3e-09,NA,"NO2","GW"
"4647","cg16549809",-0.00051,8.7e-05,6.3e-09,NA,"NO2","GW"
"4648","cg00565263",-0.00032,5.5e-05,6.3e-09,NA,"NO2","GW"
"4649","cg16746362",-0.00026,4.5e-05,6.3e-09,NA,"NO2","GW"
"4650","cg26735071",-0.00049,8.5e-05,6.3e-09,NA,"NO2","GW"
"4651","cg14958018",-0.00039,6.7e-05,6.3e-09,NA,"NO2","GW"
"4652","cg01224451",-0.00029,5e-05,6.3e-09,NA,"NO2","GW"
"4653","cg07713135",-0.00034,5.8e-05,6.4e-09,NA,"NO2","GW"
"4654","cg14019464",-0.00028,4.9e-05,6.4e-09,NA,"NO2","GW"
"4655","cg26806603",-0.00034,5.9e-05,6.4e-09,NA,"NO2","GW"
"4656","cg06834035",-0.00024,4.2e-05,6.4e-09,NA,"NO2","GW"
"4657","cg11043251",-0.00047,8.1e-05,6.4e-09,NA,"NO2","GW"
"4658","cg14188840",-0.00041,7.1e-05,6.4e-09,NA,"NO2","GW"
"4659","cg17522369",-0.00039,6.7e-05,6.4e-09,NA,"NO2","GW"
"4660","cg05470166",-0.00041,7.1e-05,6.4e-09,NA,"NO2","GW"
"4661","cg12547943",-0.00024,4.2e-05,6.4e-09,NA,"NO2","GW"
"4662","cg23154272",-0.00052,8.9e-05,6.4e-09,NA,"NO2","GW"
"4663","cg10888031",-4e-04,6.9e-05,6.4e-09,NA,"NO2","GW"
"4664","cg00379377",-0.00025,4.3e-05,6.4e-09,NA,"NO2","GW"
"4665","cg18566313",-0.00043,7.3e-05,6.4e-09,NA,"NO2","GW"
"4666","cg03825810",-0.00036,6.2e-05,6.4e-09,NA,"NO2","GW"
"4667","cg04350066",-0.00018,3.1e-05,6.4e-09,NA,"NO2","GW"
"4668","cg09047390",-0.00051,8.8e-05,6.4e-09,NA,"NO2","GW"
"4669","cg11912202",-2e-04,3.5e-05,6.4e-09,NA,"NO2","GW"
"4670","cg02145220",-0.00033,5.6e-05,6.5e-09,NA,"NO2","GW"
"4671","cg06122697",-0.00035,6.1e-05,6.5e-09,NA,"NO2","GW"
"4672","cg03531543",-3e-04,5.1e-05,6.5e-09,NA,"NO2","GW"
"4673","cg19975645",-0.00026,4.6e-05,6.5e-09,NA,"NO2","GW"
"4674","cg12575674",-0.00034,5.8e-05,6.5e-09,NA,"NO2","GW"
"4675","cg17397548",-0.00044,7.6e-05,6.5e-09,NA,"NO2","GW"
"4676","cg22903848",-0.00034,5.9e-05,6.5e-09,NA,"NO2","GW"
"4677","cg04674421",-0.00031,5.4e-05,6.5e-09,NA,"NO2","GW"
"4678","cg19798170",-0.00028,4.8e-05,6.5e-09,NA,"NO2","GW"
"4679","cg21506565",-0.00059,1e-04,6.5e-09,NA,"NO2","GW"
"4680","cg02571198",-2e-04,3.4e-05,6.5e-09,NA,"NO2","GW"
"4681","cg08854008",0.00015,2.6e-05,6.5e-09,NA,"NO2","GW"
"4682","cg09389824",-0.00041,7e-05,6.5e-09,NA,"NO2","GW"
"4683","cg24793228",-0.00038,6.6e-05,6.5e-09,NA,"NO2","GW"
"4684","cg14356530",-0.00038,6.6e-05,6.5e-09,NA,"NO2","GW"
"4685","cg26101767",-0.00037,6.3e-05,6.5e-09,NA,"NO2","GW"
"4686","cg18143317",-0.00043,7.4e-05,6.5e-09,NA,"NO2","GW"
"4687","cg08029189",-0.00026,4.4e-05,6.5e-09,NA,"NO2","GW"
"4688","cg15877915",-5e-04,8.6e-05,6.5e-09,NA,"NO2","GW"
"4689","cg05446923",-0.00023,3.9e-05,6.6e-09,NA,"NO2","GW"
"4690","cg24687543",-0.00034,5.9e-05,6.6e-09,NA,"NO2","GW"
"4691","cg04586299",-4e-04,6.8e-05,6.6e-09,NA,"NO2","GW"
"4692","cg06417624",-0.00023,4e-05,6.6e-09,NA,"NO2","GW"
"4693","cg07562926",-0.00037,6.3e-05,6.6e-09,NA,"NO2","GW"
"4694","cg09204631",-3e-04,5.2e-05,6.6e-09,NA,"NO2","GW"
"4695","cg09380594",-0.00031,5.3e-05,6.6e-09,NA,"NO2","GW"
"4696","cg23230362",-2e-04,3.5e-05,6.6e-09,NA,"NO2","GW"
"4697","cg01255646",-0.00028,4.9e-05,6.6e-09,NA,"NO2","GW"
"4698","cg04500879",-0.00068,0.00012,6.6e-09,NA,"NO2","GW"
"4699","cg14422315",-0.00043,7.5e-05,6.6e-09,NA,"NO2","GW"
"4700","cg24502933",-0.00026,4.4e-05,6.6e-09,NA,"NO2","GW"
"4701","cg00873953",-0.00025,4.3e-05,6.6e-09,NA,"NO2","GW"
"4702","cg18380349",-0.00023,3.9e-05,6.6e-09,NA,"NO2","GW"
"4703","cg03521625",-0.00036,6.2e-05,6.6e-09,NA,"NO2","GW"
"4704","cg12050054",-0.00026,4.5e-05,6.7e-09,NA,"NO2","GW"
"4705","cg14669607",-0.00044,7.6e-05,6.7e-09,NA,"NO2","GW"
"4706","cg15524224",-0.00041,7.1e-05,6.7e-09,NA,"NO2","GW"
"4707","cg17072368",-0.00035,6.1e-05,6.7e-09,NA,"NO2","GW"
"4708","cg23247337",-0.00019,3.2e-05,6.7e-09,NA,"NO2","GW"
"4709","cg25976434",-4e-04,6.8e-05,6.7e-09,NA,"NO2","GW"
"4710","cg00611614",-0.00033,5.6e-05,6.7e-09,NA,"NO2","GW"
"4711","cg05839533",-0.00035,6.1e-05,6.7e-09,NA,"NO2","GW"
"4712","cg06547175",-0.00032,5.5e-05,6.7e-09,NA,"NO2","GW"
"4713","cg00303606",-0.00038,6.5e-05,6.7e-09,NA,"NO2","GW"
"4714","cg26544188",-0.00033,5.6e-05,6.7e-09,NA,"NO2","GW"
"4715","cg27596729",-0.00018,3.1e-05,6.7e-09,NA,"NO2","GW"
"4716","cg06643951",-0.00037,6.4e-05,6.7e-09,NA,"NO2","GW"
"4717","cg07341224",-2e-04,3.4e-05,6.7e-09,NA,"NO2","GW"
"4718","cg12989498",-0.00035,6.1e-05,6.7e-09,NA,"NO2","GW"
"4719","cg01942654",-4e-04,6.8e-05,6.7e-09,NA,"NO2","GW"
"4720","cg04186249",-0.00035,6.1e-05,6.7e-09,NA,"NO2","GW"
"4721","cg06915270",-0.00017,2.9e-05,6.7e-09,NA,"NO2","GW"
"4722","cg18875453",-0.00044,7.6e-05,6.7e-09,NA,"NO2","GW"
"4723","cg07014591",-0.00023,4e-05,6.8e-09,NA,"NO2","GW"
"4724","cg09195868",-0.00031,5.3e-05,6.8e-09,NA,"NO2","GW"
"4725","cg12500876",-0.00058,1e-04,6.8e-09,NA,"NO2","GW"
"4726","cg15137396",-2e-04,3.5e-05,6.8e-09,NA,"NO2","GW"
"4727","cg01669948",-0.00033,5.8e-05,6.8e-09,NA,"NO2","GW"
"4728","cg04747824",-0.00046,7.9e-05,6.8e-09,NA,"NO2","GW"
"4729","cg09938275",-0.00038,6.6e-05,6.8e-09,NA,"NO2","GW"
"4730","cg18129282",-0.00038,6.6e-05,6.8e-09,NA,"NO2","GW"
"4731","cg07441278",-0.00033,5.7e-05,6.8e-09,NA,"NO2","GW"
"4732","cg04776860",-0.00025,4.4e-05,6.9e-09,NA,"NO2","GW"
"4733","cg15392457",-0.00059,1e-04,6.9e-09,NA,"NO2","GW"
"4734","cg12626036",-0.00052,9.1e-05,6.9e-09,NA,"NO2","GW"
"4735","cg16201762",-0.00034,5.9e-05,6.9e-09,NA,"NO2","GW"
"4736","cg05596756",0.00044,7.7e-05,6.9e-09,NA,"NO2","GW"
"4737","cg07150719",-0.00021,3.6e-05,6.9e-09,NA,"NO2","GW"
"4738","cg07385388",-0.00052,9e-05,6.9e-09,NA,"NO2","GW"
"4739","cg21838329",-0.00028,4.9e-05,6.9e-09,NA,"NO2","GW"
"4740","cg11642324",0.00033,5.7e-05,7e-09,NA,"NO2","GW"
"4741","cg12855851",-0.00031,5.4e-05,7e-09,NA,"NO2","GW"
"4742","cg15854394",-0.00027,4.6e-05,7e-09,NA,"NO2","GW"
"4743","cg17650622",-3e-04,5.1e-05,7e-09,NA,"NO2","GW"
"4744","cg01999399",-4e-04,6.9e-05,7e-09,NA,"NO2","GW"
"4745","cg16419526",-0.00031,5.3e-05,7e-09,NA,"NO2","GW"
"4746","cg20567067",-3e-04,5.2e-05,7e-09,NA,"NO2","GW"
"4747","cg21584710",-0.00039,6.8e-05,7e-09,NA,"NO2","GW"
"4748","cg27657489",-0.00051,8.8e-05,7e-09,NA,"NO2","GW"
"4749","cg11003012",-0.00034,5.8e-05,7e-09,NA,"NO2","GW"
"4750","cg18555746",-0.00021,3.6e-05,7e-09,NA,"NO2","GW"
"4751","cg21595233",-3e-04,5.1e-05,7e-09,NA,"NO2","GW"
"4752","cg20481720",-0.00038,6.5e-05,7e-09,NA,"NO2","GW"
"4753","cg17137063",-0.00041,7e-05,7e-09,NA,"NO2","GW"
"4754","cg00306395",-2e-04,3.5e-05,7e-09,NA,"NO2","GW"
"4755","cg00538923",-0.00036,6.3e-05,7e-09,NA,"NO2","GW"
"4756","cg22883332",-0.00035,6.1e-05,7e-09,NA,"NO2","GW"
"4757","cg23013034",-0.00032,5.5e-05,7e-09,NA,"NO2","GW"
"4758","cg27175509",-0.00051,8.8e-05,7e-09,NA,"NO2","GW"
"4759","cg11050086",-0.00037,6.4e-05,7.1e-09,NA,"NO2","GW"
"4760","cg04146405",-0.00024,4.1e-05,7.1e-09,NA,"NO2","GW"
"4761","cg24989193",-0.00036,6.2e-05,7.1e-09,NA,"NO2","GW"
"4762","cg04857172",-0.00038,6.5e-05,7.1e-09,NA,"NO2","GW"
"4763","cg07020453",-0.00028,4.9e-05,7.1e-09,NA,"NO2","GW"
"4764","cg26656452",-0.00023,3.9e-05,7.1e-09,NA,"NO2","GW"
"4765","cg27623948",-4e-04,7e-05,7.1e-09,NA,"NO2","GW"
"4766","cg14789214",-0.00047,8.1e-05,7.1e-09,NA,"NO2","GW"
"4767","cg25027584",-0.00029,4.9e-05,7.1e-09,NA,"NO2","GW"
"4768","cg00654296",-0.00038,6.5e-05,7.1e-09,NA,"NO2","GW"
"4769","cg17622131",-0.00042,7.3e-05,7.1e-09,NA,"NO2","GW"
"4770","cg09088437",-0.00029,5.1e-05,7.1e-09,NA,"NO2","GW"
"4771","cg06154903",0.00031,5.4e-05,7.1e-09,NA,"NO2","GW"
"4772","cg10585962",-0.00058,9.9e-05,7.2e-09,NA,"NO2","GW"
"4773","cg24935031",-0.00032,5.6e-05,7.2e-09,NA,"NO2","GW"
"4774","cg13429145",-0.00036,6.2e-05,7.2e-09,NA,"NO2","GW"
"4775","cg02268584",-0.00024,4.1e-05,7.2e-09,NA,"NO2","GW"
"4776","cg12427039",-0.00029,5e-05,7.2e-09,NA,"NO2","GW"
"4777","cg27055365",-0.00037,6.4e-05,7.2e-09,NA,"NO2","GW"
"4778","cg13771227",-0.00037,6.4e-05,7.2e-09,NA,"NO2","GW"
"4779","cg03022541",-4e-04,7e-05,7.2e-09,NA,"NO2","GW"
"4780","cg25015043",-4e-04,7e-05,7.2e-09,NA,"NO2","GW"
"4781","cg15138109",-0.00048,8.4e-05,7.2e-09,NA,"NO2","GW"
"4782","cg24453664",-0.00072,0.00013,7.2e-09,NA,"NO2","GW"
"4783","cg21543067",-0.00024,4.2e-05,7.2e-09,NA,"NO2","GW"
"4784","cg26913669",-0.00038,6.5e-05,7.3e-09,NA,"NO2","GW"
"4785","cg02516419",-0.00029,5.1e-05,7.3e-09,NA,"NO2","GW"
"4786","cg18129961",-0.00034,5.9e-05,7.3e-09,NA,"NO2","GW"
"4787","cg23668445",-3e-04,5.2e-05,7.3e-09,NA,"NO2","GW"
"4788","cg00400126",-0.00031,5.4e-05,7.3e-09,NA,"NO2","GW"
"4789","cg06527919",-0.00041,7.1e-05,7.3e-09,NA,"NO2","GW"
"4790","cg20548182",-0.00039,6.8e-05,7.3e-09,NA,"NO2","GW"
"4791","cg24947456",0.00051,8.8e-05,7.3e-09,NA,"NO2","GW"
"4792","cg13881452",-0.00028,4.8e-05,7.3e-09,NA,"NO2","GW"
"4793","cg20336460",-0.00028,4.8e-05,7.3e-09,NA,"NO2","GW"
"4794","cg19092322",-0.00031,5.4e-05,7.3e-09,NA,"NO2","GW"
"4795","cg02973354",-0.00053,9.2e-05,7.4e-09,NA,"NO2","GW"
"4796","cg25331309",-3e-04,5.2e-05,7.4e-09,NA,"NO2","GW"
"4797","cg16349160",-0.00025,4.3e-05,7.4e-09,NA,"NO2","GW"
"4798","cg00216804",-0.00029,5e-05,7.4e-09,NA,"NO2","GW"
"4799","cg05036103",-3e-04,5.2e-05,7.4e-09,NA,"NO2","GW"
"4800","cg16209873",-0.00035,6e-05,7.4e-09,NA,"NO2","GW"
"4801","cg19420604",-0.00027,4.7e-05,7.4e-09,NA,"NO2","GW"
"4802","cg12634957",-0.00027,4.6e-05,7.4e-09,NA,"NO2","GW"
"4803","cg22116457",-0.00028,4.9e-05,7.4e-09,NA,"NO2","GW"
"4804","cg25990848",-0.00027,4.7e-05,7.4e-09,NA,"NO2","GW"
"4805","cg26292028",-0.00027,4.6e-05,7.4e-09,NA,"NO2","GW"
"4806","cg06720713",-0.00028,4.8e-05,7.4e-09,NA,"NO2","GW"
"4807","cg26246840",-0.00041,7e-05,7.4e-09,NA,"NO2","GW"
"4808","cg07552374",-0.00024,4.1e-05,7.5e-09,NA,"NO2","GW"
"4809","cg23167594",-0.00045,7.8e-05,7.5e-09,NA,"NO2","GW"
"4810","cg21460729",-0.00036,6.2e-05,7.5e-09,NA,"NO2","GW"
"4811","cg00634573",-0.00027,4.7e-05,7.5e-09,NA,"NO2","GW"
"4812","cg06368978",-0.00022,3.7e-05,7.5e-09,NA,"NO2","GW"
"4813","cg21182715",-0.00044,7.6e-05,7.5e-09,NA,"NO2","GW"
"4814","cg08703151",-0.00032,5.6e-05,7.5e-09,NA,"NO2","GW"
"4815","cg05667838",-0.00046,8e-05,7.5e-09,NA,"NO2","GW"
"4816","cg00583291",-0.00039,6.7e-05,7.5e-09,NA,"NO2","GW"
"4817","cg05991539",-0.00024,4.2e-05,7.5e-09,NA,"NO2","GW"
"4818","cg00790255",-0.00031,5.5e-05,7.6e-09,NA,"NO2","GW"
"4819","cg05368724",-0.00066,0.00011,7.6e-09,NA,"NO2","GW"
"4820","cg24126880",-0.00034,5.9e-05,7.6e-09,NA,"NO2","GW"
"4821","cg02807882",-0.00032,5.6e-05,7.6e-09,NA,"NO2","GW"
"4822","cg08065063",-0.00032,5.6e-05,7.6e-09,NA,"NO2","GW"
"4823","cg05976166",-0.00056,9.6e-05,7.6e-09,NA,"NO2","GW"
"4824","cg08273672",-0.00037,6.3e-05,7.6e-09,NA,"NO2","GW"
"4825","cg13001012",-0.00036,6.2e-05,7.6e-09,NA,"NO2","GW"
"4826","cg27557790",-0.00027,4.6e-05,7.6e-09,NA,"NO2","GW"
"4827","cg26038697",-0.00032,5.6e-05,7.6e-09,NA,"NO2","GW"
"4828","cg00001269",-0.00032,5.5e-05,7.6e-09,NA,"NO2","GW"
"4829","cg11191955",-0.00036,6.2e-05,7.6e-09,NA,"NO2","GW"
"4830","cg15265853",-0.00026,4.4e-05,7.6e-09,NA,"NO2","GW"
"4831","cg23384027",-0.00061,0.00011,7.6e-09,NA,"NO2","GW"
"4832","cg01321034",-0.00035,6.1e-05,7.6e-09,NA,"NO2","GW"
"4833","cg26517140",-0.00022,3.8e-05,7.6e-09,NA,"NO2","GW"
"4834","cg11876177",-0.00021,3.6e-05,7.7e-09,NA,"NO2","GW"
"4835","cg08404427",-0.00035,6e-05,7.7e-09,NA,"NO2","GW"
"4836","cg11019835",-3e-04,5.1e-05,7.7e-09,NA,"NO2","GW"
"4837","cg14978637",-0.00029,5e-05,7.7e-09,NA,"NO2","GW"
"4838","cg17749374",-0.00039,6.8e-05,7.7e-09,NA,"NO2","GW"
"4839","cg03632278",-0.00034,5.9e-05,7.7e-09,NA,"NO2","GW"
"4840","cg11086410",-0.00023,4e-05,7.7e-09,NA,"NO2","GW"
"4841","cg24760165",-0.00032,5.6e-05,7.7e-09,NA,"NO2","GW"
"4842","cg08652808",-0.00027,4.7e-05,7.7e-09,NA,"NO2","GW"
"4843","cg18546384",-0.00046,8e-05,7.7e-09,NA,"NO2","GW"
"4844","cg21810733",-0.00042,7.3e-05,7.7e-09,NA,"NO2","GW"
"4845","cg05389731",-0.00027,4.8e-05,7.7e-09,NA,"NO2","GW"
"4846","cg06866140",-0.00035,6.1e-05,7.7e-09,NA,"NO2","GW"
"4847","cg07911084",-0.00025,4.3e-05,7.7e-09,NA,"NO2","GW"
"4848","cg26575173",-0.00032,5.5e-05,7.7e-09,NA,"NO2","GW"
"4849","cg02451443",-0.00023,4e-05,7.7e-09,NA,"NO2","GW"
"4850","cg15641565",-0.00034,5.9e-05,7.7e-09,NA,"NO2","GW"
"4851","cg23250795",-0.00034,5.8e-05,7.7e-09,NA,"NO2","GW"
"4852","cg05766107",-4e-04,6.9e-05,7.8e-09,NA,"NO2","GW"
"4853","cg25058957",-0.00029,5.1e-05,7.8e-09,NA,"NO2","GW"
"4854","cg02539274",-0.00028,4.9e-05,7.8e-09,NA,"NO2","GW"
"4855","cg02907524",-0.00048,8.3e-05,7.8e-09,NA,"NO2","GW"
"4856","cg06394082",-0.00038,6.6e-05,7.8e-09,NA,"NO2","GW"
"4857","cg19034890",-0.00017,2.9e-05,7.8e-09,NA,"NO2","GW"
"4858","cg23375781",-0.00033,5.7e-05,7.8e-09,NA,"NO2","GW"
"4859","cg09260048",-0.00017,2.9e-05,7.8e-09,NA,"NO2","GW"
"4860","cg09558463",-0.00033,5.7e-05,7.8e-09,NA,"NO2","GW"
"4861","cg12674975",-0.00026,4.4e-05,7.8e-09,NA,"NO2","GW"
"4862","cg19971025",-0.00036,6.3e-05,7.9e-09,NA,"NO2","GW"
"4863","cg02814858",-0.00042,7.3e-05,7.9e-09,NA,"NO2","GW"
"4864","cg20482274",-0.00029,5e-05,7.9e-09,NA,"NO2","GW"
"4865","cg21295678",-3e-04,5.2e-05,7.9e-09,NA,"NO2","GW"
"4866","cg24476722",-0.00021,3.7e-05,7.9e-09,NA,"NO2","GW"
"4867","cg14712657",-0.00031,5.4e-05,7.9e-09,NA,"NO2","GW"
"4868","cg00862408",0.00023,3.9e-05,7.9e-09,NA,"NO2","GW"
"4869","cg14093792",-0.00048,8.3e-05,7.9e-09,NA,"NO2","GW"
"4870","cg08861449",-0.00035,6e-05,7.9e-09,NA,"NO2","GW"
"4871","cg11188666",-0.00024,4.1e-05,7.9e-09,NA,"NO2","GW"
"4872","cg12196406",-0.00035,6.1e-05,7.9e-09,NA,"NO2","GW"
"4873","cg09321019",-4e-04,6.9e-05,7.9e-09,NA,"NO2","GW"
"4874","cg16443009",-0.00039,6.7e-05,7.9e-09,NA,"NO2","GW"
"4875","cg09406989",-0.00057,9.8e-05,7.9e-09,NA,"NO2","GW"
"4876","cg10673192",-0.00022,3.7e-05,8e-09,NA,"NO2","GW"
"4877","cg27624229",-0.00035,6e-05,8e-09,NA,"NO2","GW"
"4878","cg00236249",-0.00023,4e-05,8e-09,NA,"NO2","GW"
"4879","cg15331633",-0.00032,5.5e-05,8e-09,NA,"NO2","GW"
"4880","cg04304054",-0.00029,5e-05,8e-09,NA,"NO2","GW"
"4881","cg11300208",-0.00045,7.9e-05,8e-09,NA,"NO2","GW"
"4882","cg10007222",-0.00027,4.6e-05,8e-09,NA,"NO2","GW"
"4883","cg15131848",-0.00025,4.3e-05,8e-09,NA,"NO2","GW"
"4884","cg25844612",-0.00027,4.6e-05,8e-09,NA,"NO2","GW"
"4885","cg11443170",-0.00048,8.3e-05,8e-09,NA,"NO2","GW"
"4886","cg23594208",-0.00025,4.3e-05,8e-09,NA,"NO2","GW"
"4887","cg16146076",-0.00027,4.7e-05,8e-09,NA,"NO2","GW"
"4888","cg26813796",-0.00025,4.3e-05,8e-09,NA,"NO2","GW"
"4889","cg14228460",-0.00032,5.5e-05,8e-09,NA,"NO2","GW"
"4890","cg08033551",-0.00029,5.1e-05,8e-09,NA,"NO2","GW"
"4891","cg04547393",-0.00022,3.9e-05,8.1e-09,NA,"NO2","GW"
"4892","cg01533082",-3e-04,5.2e-05,8.1e-09,NA,"NO2","GW"
"4893","cg08029969",-0.00038,6.6e-05,8.1e-09,NA,"NO2","GW"
"4894","cg09898793",-0.00037,6.4e-05,8.1e-09,NA,"NO2","GW"
"4895","cg11200568",-0.00029,5e-05,8.1e-09,NA,"NO2","GW"
"4896","cg12827283",-0.00058,1e-04,8.1e-09,NA,"NO2","GW"
"4897","cg14988790",-0.00028,4.9e-05,8.1e-09,NA,"NO2","GW"
"4898","cg01411912",-0.00044,7.6e-05,8.1e-09,NA,"NO2","GW"
"4899","cg20671150",-0.00024,4.2e-05,8.1e-09,NA,"NO2","GW"
"4900","cg16001202",-0.00038,6.7e-05,8.2e-09,NA,"NO2","GW"
"4901","cg12738718",-3e-04,5.1e-05,8.2e-09,NA,"NO2","GW"
"4902","cg21057494",-3e-04,5.2e-05,8.2e-09,NA,"NO2","GW"
"4903","cg26822572",-0.00041,7.1e-05,8.2e-09,NA,"NO2","GW"
"4904","cg07144318",-0.00033,5.8e-05,8.2e-09,NA,"NO2","GW"
"4905","cg11369862",-0.00034,6e-05,8.2e-09,NA,"NO2","GW"
"4906","cg19817882",-3e-04,5.1e-05,8.2e-09,NA,"NO2","GW"
"4907","cg26607867",-0.00022,3.8e-05,8.2e-09,NA,"NO2","GW"
"4908","cg23943684",-0.00034,5.8e-05,8.2e-09,NA,"NO2","GW"
"4909","cg22129111",-0.00035,6e-05,8.2e-09,NA,"NO2","GW"
"4910","cg26013235",-0.00022,3.9e-05,8.2e-09,NA,"NO2","GW"
"4911","cg04471192",-0.00018,3.1e-05,8.2e-09,NA,"NO2","GW"
"4912","cg01718646",-0.00027,4.8e-05,8.2e-09,NA,"NO2","GW"
"4913","cg08321867",-0.00038,6.7e-05,8.2e-09,NA,"NO2","GW"
"4914","cg06471073",-0.00038,6.7e-05,8.2e-09,NA,"NO2","GW"
"4915","cg17867889",-0.00026,4.6e-05,8.2e-09,NA,"NO2","GW"
"4916","cg07712478",-0.00032,5.5e-05,8.3e-09,NA,"NO2","GW"
"4917","cg07599366",0.00057,9.9e-05,8.3e-09,NA,"NO2","GW"
"4918","cg24645896",-0.00032,5.5e-05,8.3e-09,NA,"NO2","GW"
"4919","cg17317266",-0.00042,7.4e-05,8.3e-09,NA,"NO2","GW"
"4920","cg13236257",-0.00044,7.6e-05,8.3e-09,NA,"NO2","GW"
"4921","cg03694598",-0.00011,1.8e-05,8.3e-09,NA,"NO2","GW"
"4922","cg15302379",-0.00055,9.5e-05,8.3e-09,NA,"NO2","GW"
"4923","cg07122553",-0.00042,7.3e-05,8.3e-09,NA,"NO2","GW"
"4924","cg21885638",-0.00042,7.3e-05,8.3e-09,NA,"NO2","GW"
"4925","cg23733568",-4e-04,7e-05,8.3e-09,NA,"NO2","GW"
"4926","cg07671622",-0.00052,9.1e-05,8.3e-09,NA,"NO2","GW"
"4927","cg10695180",-0.00031,5.4e-05,8.3e-09,NA,"NO2","GW"
"4928","cg16309224",-0.00037,6.4e-05,8.3e-09,NA,"NO2","GW"
"4929","cg18526332",-0.00032,5.5e-05,8.3e-09,NA,"NO2","GW"
"4930","cg04146962",-0.00026,4.4e-05,8.4e-09,NA,"NO2","GW"
"4931","cg03897125",-3e-04,5.3e-05,8.4e-09,NA,"NO2","GW"
"4932","cg05908960",-0.00055,9.5e-05,8.4e-09,NA,"NO2","GW"
"4933","cg08536911",-0.00044,7.7e-05,8.4e-09,NA,"NO2","GW"
"4934","cg08156927",-0.00023,3.9e-05,8.4e-09,NA,"NO2","GW"
"4935","cg05014721",-0.00091,0.00016,8.4e-09,NA,"NO2","GW"
"4936","cg06619077",-0.00067,0.00012,8.4e-09,NA,"NO2","GW"
"4937","cg06986657",-3e-04,5.3e-05,8.4e-09,NA,"NO2","GW"
"4938","cg23580945",-0.00036,6.3e-05,8.4e-09,NA,"NO2","GW"
"4939","cg14969332",-0.00037,6.4e-05,8.4e-09,NA,"NO2","GW"
"4940","cg01629722",-0.00036,6.3e-05,8.5e-09,NA,"NO2","GW"
"4941","cg06981073",-5e-04,8.7e-05,8.5e-09,NA,"NO2","GW"
"4942","cg20865151",0.00014,2.5e-05,8.5e-09,NA,"NO2","GW"
"4943","cg02500042",-0.00047,8.1e-05,8.5e-09,NA,"NO2","GW"
"4944","cg14792548",-0.00017,2.9e-05,8.5e-09,NA,"NO2","GW"
"4945","cg01152130",-0.00028,4.9e-05,8.5e-09,NA,"NO2","GW"
"4946","cg08783499",-0.00043,7.4e-05,8.5e-09,NA,"NO2","GW"
"4947","cg10013998",-0.00046,7.9e-05,8.5e-09,NA,"NO2","GW"
"4948","cg10310700",-0.00065,0.00011,8.5e-09,NA,"NO2","GW"
"4949","cg00267296",-0.00028,4.9e-05,8.5e-09,NA,"NO2","GW"
"4950","cg00860372",-0.00046,7.9e-05,8.5e-09,NA,"NO2","GW"
"4951","cg04262505",-0.00033,5.6e-05,8.5e-09,NA,"NO2","GW"
"4952","cg14244251",-0.00032,5.5e-05,8.5e-09,NA,"NO2","GW"
"4953","cg24362824",-0.00031,5.4e-05,8.5e-09,NA,"NO2","GW"
"4954","cg11721366",-0.00027,4.6e-05,8.5e-09,NA,"NO2","GW"
"4955","cg04343361",-0.00025,4.4e-05,8.6e-09,NA,"NO2","GW"
"4956","cg01178703",-0.00016,2.8e-05,8.6e-09,NA,"NO2","GW"
"4957","cg12252328",-4e-04,6.9e-05,8.6e-09,NA,"NO2","GW"
"4958","cg22374146",-0.00027,4.7e-05,8.6e-09,NA,"NO2","GW"
"4959","cg23895220",-0.00041,7.1e-05,8.6e-09,NA,"NO2","GW"
"4960","cg16792706",-0.00031,5.4e-05,8.6e-09,NA,"NO2","GW"
"4961","cg07307789",-0.00032,5.5e-05,8.6e-09,NA,"NO2","GW"
"4962","cg10963664",-0.00041,7.1e-05,8.6e-09,NA,"NO2","GW"
"4963","cg16290720",-0.00035,6.1e-05,8.6e-09,NA,"NO2","GW"
"4964","cg19712813",-0.00016,2.8e-05,8.6e-09,NA,"NO2","GW"
"4965","cg14674802",-0.00041,7.1e-05,8.7e-09,NA,"NO2","GW"
"4966","cg23282441",0.00064,0.00011,8.7e-09,NA,"NO2","GW"
"4967","cg19513004",-0.00024,4.1e-05,8.7e-09,NA,"NO2","GW"
"4968","cg18842310",-0.00029,5e-05,8.7e-09,NA,"NO2","GW"
"4969","cg23885965",-0.00034,5.8e-05,8.7e-09,NA,"NO2","GW"
"4970","cg21998869",-0.00023,4e-05,8.7e-09,NA,"NO2","GW"
"4971","cg16397028",-0.00026,4.6e-05,8.7e-09,NA,"NO2","GW"
"4972","cg06070229",-0.00032,5.6e-05,8.7e-09,NA,"NO2","GW"
"4973","cg09869595",-0.00029,5.1e-05,8.7e-09,NA,"NO2","GW"
"4974","cg11791452",-0.00033,5.7e-05,8.7e-09,NA,"NO2","GW"
"4975","cg13587449",-0.00024,4.3e-05,8.7e-09,NA,"NO2","GW"
"4976","cg00289362",-0.00026,4.6e-05,8.8e-09,NA,"NO2","GW"
"4977","cg09035127",-5e-04,8.7e-05,8.8e-09,NA,"NO2","GW"
"4978","cg06371014",-0.00026,4.6e-05,8.8e-09,NA,"NO2","GW"
"4979","cg10130497",-0.00038,6.6e-05,8.8e-09,NA,"NO2","GW"
"4980","cg19946641",-3e-04,5.1e-05,8.8e-09,NA,"NO2","GW"
"4981","cg26304119",-2e-04,3.6e-05,8.8e-09,NA,"NO2","GW"
"4982","cg01458088",-0.00041,7.1e-05,8.8e-09,NA,"NO2","GW"
"4983","cg08083700",-0.00026,4.5e-05,8.8e-09,NA,"NO2","GW"
"4984","cg09327855",-0.00047,8.1e-05,8.8e-09,NA,"NO2","GW"
"4985","cg13451416",-0.00031,5.4e-05,8.8e-09,NA,"NO2","GW"
"4986","cg25992016",-3e-04,5.3e-05,8.8e-09,NA,"NO2","GW"
"4987","cg10318670",-0.00027,4.7e-05,8.8e-09,NA,"NO2","GW"
"4988","cg23228450",-0.00045,7.9e-05,8.8e-09,NA,"NO2","GW"
"4989","cg19088634",-0.00036,6.3e-05,8.8e-09,NA,"NO2","GW"
"4990","cg01120776",-0.00036,6.3e-05,8.8e-09,NA,"NO2","GW"
"4991","cg26968767",-0.00023,3.9e-05,8.8e-09,NA,"NO2","GW"
"4992","cg07164722",-0.00019,3.4e-05,8.9e-09,NA,"NO2","GW"
"4993","cg19895185",-0.00028,4.8e-05,8.9e-09,NA,"NO2","GW"
"4994","cg23598424",-3e-04,5.2e-05,8.9e-09,NA,"NO2","GW"
"4995","cg01994994",-0.00028,4.9e-05,8.9e-09,NA,"NO2","GW"
"4996","cg27607126",-0.00032,5.6e-05,8.9e-09,NA,"NO2","GW"
"4997","cg04712892",-0.00022,3.9e-05,8.9e-09,NA,"NO2","GW"
"4998","cg09409484",-0.00039,6.8e-05,8.9e-09,NA,"NO2","GW"
"4999","cg16423337",-0.00026,4.6e-05,8.9e-09,NA,"NO2","GW"
"5000","cg18306516",-0.00062,0.00011,8.9e-09,NA,"NO2","GW"
"5001","cg25625514",-0.00057,9.8e-05,8.9e-09,NA,"NO2","GW"
"5002","cg04021672",-0.00046,8e-05,9e-09,NA,"NO2","GW"
"5003","cg16002887",-0.00023,4e-05,9e-09,NA,"NO2","GW"
"5004","cg16691158",-0.00054,9.5e-05,9e-09,NA,"NO2","GW"
"5005","cg25140133",-0.00035,6.1e-05,9e-09,NA,"NO2","GW"
"5006","cg00781388",-3e-04,5.3e-05,9e-09,NA,"NO2","GW"
"5007","cg02912371",-0.00042,7.4e-05,9e-09,NA,"NO2","GW"
"5008","cg09612463",-0.00034,5.9e-05,9e-09,NA,"NO2","GW"
"5009","cg04273148",-0.00029,5.1e-05,9e-09,NA,"NO2","GW"
"5010","cg06986158",-0.00029,5e-05,9e-09,NA,"NO2","GW"
"5011","cg23378722",-0.00026,4.5e-05,9e-09,NA,"NO2","GW"
"5012","cg00433050",-0.00026,4.4e-05,9e-09,NA,"NO2","GW"
"5013","cg06643056",-0.00046,8e-05,9e-09,NA,"NO2","GW"
"5014","cg23427406",-0.00034,5.9e-05,9e-09,NA,"NO2","GW"
"5015","cg26838900",-0.00045,7.8e-05,9e-09,NA,"NO2","GW"
"5016","cg01184194",-0.00029,5e-05,9e-09,NA,"NO2","GW"
"5017","cg21922523",-0.00026,4.5e-05,9e-09,NA,"NO2","GW"
"5018","cg22542177",-3e-04,5.3e-05,9e-09,NA,"NO2","GW"
"5019","cg05884572",-0.00036,6.3e-05,9e-09,NA,"NO2","GW"
"5020","cg10612282",-0.00039,6.7e-05,9e-09,NA,"NO2","GW"
"5021","cg12508258",-0.00034,5.9e-05,9e-09,NA,"NO2","GW"
"5022","cg24759237",-0.00024,4.2e-05,9e-09,NA,"NO2","GW"
"5023","cg08326674",-0.00038,6.7e-05,9.1e-09,NA,"NO2","GW"
"5024","cg01122167",-2e-04,3.5e-05,9.1e-09,NA,"NO2","GW"
"5025","cg07008784",-0.00077,0.00013,9.1e-09,NA,"NO2","GW"
"5026","cg13995621",-0.00032,5.6e-05,9.1e-09,NA,"NO2","GW"
"5027","cg21394778",-4e-04,7e-05,9.1e-09,NA,"NO2","GW"
"5028","cg05235344",-0.00051,8.8e-05,9.1e-09,NA,"NO2","GW"
"5029","cg21935742",-0.00036,6.3e-05,9.1e-09,NA,"NO2","GW"
"5030","cg16579908",-0.00038,6.7e-05,9.1e-09,NA,"NO2","GW"
"5031","cg20441046",-0.00019,3.4e-05,9.1e-09,NA,"NO2","GW"
"5032","cg26217572",-0.00023,4e-05,9.1e-09,NA,"NO2","GW"
"5033","cg26325174",-0.00043,7.4e-05,9.1e-09,NA,"NO2","GW"
"5034","cg04817908",-0.00022,3.7e-05,9.1e-09,NA,"NO2","GW"
"5035","cg18469917",-0.00028,4.8e-05,9.1e-09,NA,"NO2","GW"
"5036","cg02672332",-0.00033,5.8e-05,9.1e-09,NA,"NO2","GW"
"5037","cg19318098",-0.00052,9e-05,9.1e-09,NA,"NO2","GW"
"5038","cg03185622",-0.00032,5.6e-05,9.1e-09,NA,"NO2","GW"
"5039","cg01477546",-0.00023,4e-05,9.1e-09,NA,"NO2","GW"
"5040","cg04842790",-0.00037,6.4e-05,9.1e-09,NA,"NO2","GW"
"5041","cg27360992",-0.00018,3.1e-05,9.2e-09,NA,"NO2","GW"
"5042","cg12134291",-0.00023,4.1e-05,9.2e-09,NA,"NO2","GW"
"5043","cg02525719",-3e-04,5.2e-05,9.2e-09,NA,"NO2","GW"
"5044","cg01400685",-0.00056,9.7e-05,9.2e-09,NA,"NO2","GW"
"5045","cg07685977",-0.00035,6.2e-05,9.2e-09,NA,"NO2","GW"
"5046","cg17355719",-0.00044,7.6e-05,9.2e-09,NA,"NO2","GW"
"5047","cg24160312",-0.00024,4.2e-05,9.2e-09,NA,"NO2","GW"
"5048","cg27625732",-0.00058,1e-04,9.2e-09,NA,"NO2","GW"
"5049","cg00390143",-0.00034,5.8e-05,9.2e-09,NA,"NO2","GW"
"5050","cg07740071",-0.00035,6.2e-05,9.2e-09,NA,"NO2","GW"
"5051","cg11486359",-0.00028,4.8e-05,9.3e-09,NA,"NO2","GW"
"5052","cg20198684",-0.00048,8.3e-05,9.3e-09,NA,"NO2","GW"
"5053","cg01044179",-0.00036,6.3e-05,9.3e-09,NA,"NO2","GW"
"5054","cg20801711",-0.00045,7.9e-05,9.3e-09,NA,"NO2","GW"
"5055","cg16051656",-3e-04,5.1e-05,9.3e-09,NA,"NO2","GW"
"5056","cg19400601",-0.00031,5.4e-05,9.3e-09,NA,"NO2","GW"
"5057","cg15017226",-0.00024,4.2e-05,9.3e-09,NA,"NO2","GW"
"5058","cg07618409",-0.00032,5.5e-05,9.4e-09,NA,"NO2","GW"
"5059","cg24067046",-0.00036,6.2e-05,9.4e-09,NA,"NO2","GW"
"5060","cg07518851",-0.00045,7.9e-05,9.4e-09,NA,"NO2","GW"
"5061","cg09996597",-0.00023,4e-05,9.4e-09,NA,"NO2","GW"
"5062","cg10575369",-3e-04,5.2e-05,9.4e-09,NA,"NO2","GW"
"5063","cg14391896",-0.00031,5.4e-05,9.4e-09,NA,"NO2","GW"
"5064","cg26539631",-0.00043,7.5e-05,9.4e-09,NA,"NO2","GW"
"5065","cg19791143",-0.00023,4.1e-05,9.4e-09,NA,"NO2","GW"
"5066","cg26604359",-0.00039,6.7e-05,9.4e-09,NA,"NO2","GW"
"5067","cg06490951",-0.00031,5.5e-05,9.4e-09,NA,"NO2","GW"
"5068","cg23209302",-0.00029,5e-05,9.5e-09,NA,"NO2","GW"
"5069","cg04171665",-0.00026,4.5e-05,9.5e-09,NA,"NO2","GW"
"5070","cg25806591",-0.00043,7.6e-05,9.5e-09,NA,"NO2","GW"
"5071","cg18967021",-0.00041,7.1e-05,9.5e-09,NA,"NO2","GW"
"5072","cg26142972",-0.00038,6.6e-05,9.5e-09,NA,"NO2","GW"
"5073","cg02634222",-0.00034,5.9e-05,9.5e-09,NA,"NO2","GW"
"5074","cg14080298",-0.00029,5.1e-05,9.5e-09,NA,"NO2","GW"
"5075","cg17028831",-0.00043,7.5e-05,9.5e-09,NA,"NO2","GW"
"5076","cg26253577",-0.00033,5.8e-05,9.5e-09,NA,"NO2","GW"
"5077","cg26978611",-0.00017,3e-05,9.5e-09,NA,"NO2","GW"
"5078","cg00004562",-0.00035,6e-05,9.5e-09,NA,"NO2","GW"
"5079","cg09344740",-0.00037,6.4e-05,9.5e-09,NA,"NO2","GW"
"5080","cg11226100",-0.00027,4.8e-05,9.5e-09,NA,"NO2","GW"
"5081","cg00912772",-0.00035,6.2e-05,9.6e-09,NA,"NO2","GW"
"5082","cg11531997",-0.00026,4.6e-05,9.6e-09,NA,"NO2","GW"
"5083","cg13911690",-0.00036,6.3e-05,9.6e-09,NA,"NO2","GW"
"5084","cg15614653",-0.00035,6.2e-05,9.6e-09,NA,"NO2","GW"
"5085","cg03370261",-4e-04,7e-05,9.6e-09,NA,"NO2","GW"
"5086","cg12498094",-0.00035,6.2e-05,9.6e-09,NA,"NO2","GW"
"5087","cg24613957",-3e-04,5.2e-05,9.6e-09,NA,"NO2","GW"
"5088","cg24830730",-0.001,0.00018,9.6e-09,NA,"NO2","GW"
"5089","cg13187188",-0.00037,6.4e-05,9.6e-09,NA,"NO2","GW"
"5090","cg14926715",-0.00035,6.1e-05,9.6e-09,NA,"NO2","GW"
"5091","cg05900538",-0.00028,4.8e-05,9.6e-09,NA,"NO2","GW"
"5092","cg12942878",-0.00041,7.2e-05,9.6e-09,NA,"NO2","GW"
"5093","cg03748476",-0.00047,8.3e-05,9.7e-09,NA,"NO2","GW"
"5094","cg11205173",-0.00051,8.9e-05,9.7e-09,NA,"NO2","GW"
"5095","cg24987622",-0.00048,8.3e-05,9.7e-09,NA,"NO2","GW"
"5096","cg06902929",-0.00039,6.8e-05,9.7e-09,NA,"NO2","GW"
"5097","cg03915682",-0.00041,7.1e-05,9.7e-09,NA,"NO2","GW"
"5098","cg00474500",-0.00058,1e-04,9.7e-09,NA,"NO2","GW"
"5099","cg11799480",-0.00037,6.4e-05,9.7e-09,NA,"NO2","GW"
"5100","cg18936283",-0.00031,5.3e-05,9.7e-09,NA,"NO2","GW"
"5101","cg12730562",-0.00041,7.2e-05,9.7e-09,NA,"NO2","GW"
"5102","cg20487548",-0.00029,5.1e-05,9.7e-09,NA,"NO2","GW"
"5103","cg13209113",-0.00034,6e-05,9.7e-09,NA,"NO2","GW"
"5104","cg20676572",-0.00027,4.7e-05,9.7e-09,NA,"NO2","GW"
"5105","cg14522150",-0.00024,4.1e-05,9.8e-09,NA,"NO2","GW"
"5106","cg15036894",-0.00036,6.3e-05,9.8e-09,NA,"NO2","GW"
"5107","cg10416668",-0.00026,4.5e-05,9.8e-09,NA,"NO2","GW"
"5108","cg19061112",-0.00031,5.3e-05,9.8e-09,NA,"NO2","GW"
"5109","cg10321263",-0.00019,3.4e-05,9.8e-09,NA,"NO2","GW"
"5110","cg26520739",-0.00022,3.8e-05,9.8e-09,NA,"NO2","GW"
"5111","cg08371706",-0.00019,3.4e-05,9.8e-09,NA,"NO2","GW"
"5112","cg06204101",-0.00046,8e-05,9.8e-09,NA,"NO2","GW"
"5113","cg10964472",-0.00022,3.8e-05,9.8e-09,NA,"NO2","GW"
"5114","cg12845021",-0.00038,6.6e-05,9.8e-09,NA,"NO2","GW"
"5115","cg13557773",-0.001,0.00017,9.8e-09,NA,"NO2","GW"
"5116","cg25189873",-0.00041,7.1e-05,9.8e-09,NA,"NO2","GW"
"5117","cg08533364",-0.00037,6.5e-05,9.8e-09,NA,"NO2","GW"
"5118","cg26661640",-0.00041,7.2e-05,9.9e-09,NA,"NO2","GW"
"5119","cg10257673",-0.00042,7.3e-05,9.9e-09,NA,"NO2","GW"
"5120","cg16333374",-0.00024,4.2e-05,9.9e-09,NA,"NO2","GW"
"5121","cg24741066",-0.00031,5.4e-05,9.9e-09,NA,"NO2","GW"
"5122","cg17142039",-0.00031,5.3e-05,9.9e-09,NA,"NO2","GW"
"5123","cg23243857",-0.00034,5.9e-05,9.9e-09,NA,"NO2","GW"
"5124","cg02077766",-0.00032,5.6e-05,9.9e-09,NA,"NO2","GW"
"5125","cg04100395",-0.00028,4.9e-05,9.9e-09,NA,"NO2","GW"
"5126","cg02534072",-0.00037,6.4e-05,9.9e-09,NA,"NO2","GW"
"5127","cg03671266",-0.00029,5e-05,9.9e-09,NA,"NO2","GW"
"5128","cg07319613",-0.00033,5.8e-05,9.9e-09,NA,"NO2","GW"
"5129","cg11612905",0.00069,0.00012,1e-08,NA,"NO2","GW"
"5130","cg16431978",-0.00035,6.1e-05,1e-08,NA,"NO2","GW"
"5131","cg01198887",-0.00038,6.6e-05,1e-08,NA,"NO2","GW"
"5132","cg02757179",-0.00049,8.6e-05,1e-08,NA,"NO2","GW"
"5133","cg04157272",-0.00031,5.4e-05,1e-08,NA,"NO2","GW"
"5134","cg05850404",-0.00033,5.7e-05,1e-08,NA,"NO2","GW"
"5135","cg11219883",-0.00033,5.7e-05,1e-08,NA,"NO2","GW"
"5136","cg22996783",-0.00056,9.7e-05,1e-08,NA,"NO2","GW"
"5137","cg00370022",-0.00043,7.6e-05,1e-08,NA,"NO2","GW"
"5138","cg02396253",-0.00027,4.7e-05,1e-08,NA,"NO2","GW"
"5139","cg06042608",-0.00038,6.7e-05,1e-08,NA,"NO2","GW"
"5140","cg14037246",-0.00023,3.9e-05,1e-08,NA,"NO2","GW"
"5141","cg14475913",-0.00036,6.3e-05,1e-08,NA,"NO2","GW"
"5142","cg16420308",-0.00023,3.9e-05,1e-08,NA,"NO2","GW"
"5143","cg18283926",-2e-04,3.5e-05,1e-08,NA,"NO2","GW"
"5144","cg19242568",-0.00041,7.2e-05,1e-08,NA,"NO2","GW"
"5145","cg20136460",-0.00037,6.5e-05,1e-08,NA,"NO2","GW"
"5146","cg22025454",-0.00031,5.4e-05,1e-08,NA,"NO2","GW"
"5147","cg23049823",-0.00038,6.6e-05,1e-08,NA,"NO2","GW"
"5148","cg25117091",-0.00045,7.8e-05,1e-08,NA,"NO2","GW"
"5149","cg25613478",-0.00065,0.00011,1e-08,NA,"NO2","GW"
"5150","cg26073060",-0.00028,4.9e-05,1e-08,NA,"NO2","GW"
"5151","cg00578354",-0.00028,5e-05,1e-08,NA,"NO2","GW"
"5152","cg02389091",-0.00032,5.5e-05,1e-08,NA,"NO2","GW"
"5153","cg06203307",-0.00027,4.6e-05,1e-08,NA,"NO2","GW"
"5154","cg13675280",-0.00048,8.3e-05,1e-08,NA,"NO2","GW"
"5155","cg14947846",-4e-04,7.1e-05,1e-08,NA,"NO2","GW"
"5156","cg16774160",-0.00043,7.4e-05,1e-08,NA,"NO2","GW"
"5157","cg20437660",-3e-04,5.2e-05,1e-08,NA,"NO2","GW"
"5158","cg23691771",-0.00021,3.7e-05,1e-08,NA,"NO2","GW"
"5159","cg26876101",-0.00064,0.00011,1e-08,NA,"NO2","GW"
"5160","cg26938014",-0.00033,5.8e-05,1e-08,NA,"NO2","GW"
"5161","cg00514186",-3e-04,5.3e-05,1e-08,NA,"NO2","GW"
"5162","cg02456804",-3e-04,5.3e-05,1e-08,NA,"NO2","GW"
"5163","cg03406011",-4e-04,7e-05,1e-08,NA,"NO2","GW"
"5164","cg03519967",-0.00051,8.9e-05,1e-08,NA,"NO2","GW"
"5165","cg03883640",-0.00033,5.8e-05,1e-08,NA,"NO2","GW"
"5166","cg05140593",-0.00031,5.4e-05,1e-08,NA,"NO2","GW"
"5167","cg07317449",-0.00035,6e-05,1e-08,NA,"NO2","GW"
"5168","cg10574843",-4e-04,7e-05,1e-08,NA,"NO2","GW"
"5169","cg11851411",-2e-04,3.5e-05,1e-08,NA,"NO2","GW"
"5170","cg12335056",-0.00026,4.6e-05,1e-08,NA,"NO2","GW"
"5171","cg12563184",-2e-04,3.4e-05,1e-08,NA,"NO2","GW"
"5172","cg15908324",-0.00039,6.9e-05,1e-08,NA,"NO2","GW"
"5173","cg22911462",-0.00046,8e-05,1e-08,NA,"NO2","GW"
"5174","cg25832084",-0.00041,7.2e-05,1e-08,NA,"NO2","GW"
"5175","cg00946316",-2e-04,3.5e-05,1e-08,NA,"NO2","GW"
"5176","cg03686402",-0.00062,0.00011,1e-08,NA,"NO2","GW"
"5177","cg06466796",-0.00041,7.1e-05,1e-08,NA,"NO2","GW"
"5178","cg06772753",-0.00021,3.7e-05,1e-08,NA,"NO2","GW"
"5179","cg07146073",-0.00046,8.1e-05,1e-08,NA,"NO2","GW"
"5180","cg07688836",-0.00019,3.4e-05,1e-08,NA,"NO2","GW"
"5181","cg11736544",-0.00036,6.3e-05,1e-08,NA,"NO2","GW"
"5182","cg13923669",-0.00067,0.00012,1e-08,NA,"NO2","GW"
"5183","cg17325866",-0.00027,4.7e-05,1e-08,NA,"NO2","GW"
"5184","cg19509663",-0.00026,4.5e-05,1e-08,NA,"NO2","GW"
"5185","cg21591452",-0.00028,4.9e-05,1e-08,NA,"NO2","GW"
"5186","cg02100848",-0.00034,6e-05,1e-08,NA,"NO2","GW"
"5187","cg02933228",-0.00044,7.7e-05,1e-08,NA,"NO2","GW"
"5188","cg03937361",-0.00042,7.3e-05,1e-08,NA,"NO2","GW"
"5189","cg04934867",-0.00025,4.4e-05,1e-08,NA,"NO2","GW"
"5190","cg05999628",-0.00032,5.6e-05,1e-08,NA,"NO2","GW"
"5191","cg12843033",-0.00052,9.1e-05,1e-08,NA,"NO2","GW"
"5192","cg13723731",-0.00045,7.8e-05,1e-08,NA,"NO2","GW"
"5193","cg14071307",-0.00036,6.3e-05,1e-08,NA,"NO2","GW"
"5194","cg19949550",-0.00036,6.3e-05,1e-08,NA,"NO2","GW"
"5195","cg02573551",-3e-04,5.3e-05,1.1e-08,NA,"NO2","GW"
"5196","cg03806261",-0.00036,6.2e-05,1.1e-08,NA,"NO2","GW"
"5197","cg10246871",-0.00036,6.4e-05,1.1e-08,NA,"NO2","GW"
"5198","cg13946806",-0.00034,6e-05,1.1e-08,NA,"NO2","GW"
"5199","cg14041921",-0.00029,5.1e-05,1.1e-08,NA,"NO2","GW"
"5200","cg14095744",-0.00024,4.2e-05,1.1e-08,NA,"NO2","GW"
"5201","cg14511417",-0.00029,5.1e-05,1.1e-08,NA,"NO2","GW"
"5202","cg16947791",-0.00024,4.3e-05,1.1e-08,NA,"NO2","GW"
"5203","cg16973715",-0.00044,7.6e-05,1.1e-08,NA,"NO2","GW"
"5204","cg19511386",-0.00041,7.2e-05,1.1e-08,NA,"NO2","GW"
"5205","cg19902591",-0.00022,3.9e-05,1.1e-08,NA,"NO2","GW"
"5206","cg20689362",-3e-04,5.2e-05,1.1e-08,NA,"NO2","GW"
"5207","cg21407055",-0.00024,4.2e-05,1.1e-08,NA,"NO2","GW"
"5208","cg01178601",-0.00025,4.3e-05,1.1e-08,NA,"NO2","GW"
"5209","cg01437998",-2e-04,3.5e-05,1.1e-08,NA,"NO2","GW"
"5210","cg02105247",-0.00015,2.7e-05,1.1e-08,NA,"NO2","GW"
"5211","cg10588503",-0.00032,5.5e-05,1.1e-08,NA,"NO2","GW"
"5212","cg11505533",-0.00028,5e-05,1.1e-08,NA,"NO2","GW"
"5213","cg11800802",-0.00044,7.7e-05,1.1e-08,NA,"NO2","GW"
"5214","cg13061469",-0.00033,5.8e-05,1.1e-08,NA,"NO2","GW"
"5215","cg14537179",-0.00022,3.9e-05,1.1e-08,NA,"NO2","GW"
"5216","cg20000107",-0.00024,4.1e-05,1.1e-08,NA,"NO2","GW"
"5217","cg24057701",-0.00035,6e-05,1.1e-08,NA,"NO2","GW"
"5218","cg25145360",-0.00049,8.6e-05,1.1e-08,NA,"NO2","GW"
"5219","cg01753241",-0.00026,4.6e-05,1.1e-08,NA,"NO2","GW"
"5220","cg02616368",-0.00037,6.4e-05,1.1e-08,NA,"NO2","GW"
"5221","cg03978192",-0.00032,5.6e-05,1.1e-08,NA,"NO2","GW"
"5222","cg10968815",-0.00026,4.5e-05,1.1e-08,NA,"NO2","GW"
"5223","cg13126790",-0.00048,8.3e-05,1.1e-08,NA,"NO2","GW"
"5224","cg13482375",-0.00024,4.2e-05,1.1e-08,NA,"NO2","GW"
"5225","cg21243717",-0.00041,7.1e-05,1.1e-08,NA,"NO2","GW"
"5226","cg22846876",-0.00033,5.7e-05,1.1e-08,NA,"NO2","GW"
"5227","cg26897909",-0.00028,4.9e-05,1.1e-08,NA,"NO2","GW"
"5228","cg00344445",-0.0011,0.00019,1.1e-08,NA,"NO2","GW"
"5229","cg01965950",-0.00027,4.7e-05,1.1e-08,NA,"NO2","GW"
"5230","cg03719978",-3e-04,5.3e-05,1.1e-08,NA,"NO2","GW"
"5231","cg04027612",-0.00035,6.1e-05,1.1e-08,NA,"NO2","GW"
"5232","cg05672569",-0.00017,3e-05,1.1e-08,NA,"NO2","GW"
"5233","cg06371291",-0.00039,6.8e-05,1.1e-08,NA,"NO2","GW"
"5234","cg10030504",-0.00049,8.6e-05,1.1e-08,NA,"NO2","GW"
"5235","cg15073708",-0.00046,8e-05,1.1e-08,NA,"NO2","GW"
"5236","cg15740385",-0.00026,4.6e-05,1.1e-08,NA,"NO2","GW"
"5237","cg19820287",-0.00036,6.4e-05,1.1e-08,NA,"NO2","GW"
"5238","cg26638341",-0.00029,5.1e-05,1.1e-08,NA,"NO2","GW"
"5239","cg01282725",-0.00041,7.2e-05,1.1e-08,NA,"NO2","GW"
"5240","cg01771201",-0.00028,4.8e-05,1.1e-08,NA,"NO2","GW"
"5241","cg01793368",-0.00027,4.7e-05,1.1e-08,NA,"NO2","GW"
"5242","cg01816186",-0.00036,6.3e-05,1.1e-08,NA,"NO2","GW"
"5243","cg04909432",-0.00036,6.3e-05,1.1e-08,NA,"NO2","GW"
"5244","cg08301307",-0.00028,4.9e-05,1.1e-08,NA,"NO2","GW"
"5245","cg09033227",-0.00027,4.6e-05,1.1e-08,NA,"NO2","GW"
"5246","cg11164441",-0.00039,6.8e-05,1.1e-08,NA,"NO2","GW"
"5247","cg11784742",-0.00016,2.9e-05,1.1e-08,NA,"NO2","GW"
"5248","cg14059959",-0.00036,6.3e-05,1.1e-08,NA,"NO2","GW"
"5249","cg14977608",-0.00071,0.00012,1.1e-08,NA,"NO2","GW"
"5250","cg18760496",-0.00043,7.6e-05,1.1e-08,NA,"NO2","GW"
"5251","cg20900829",-0.00027,4.8e-05,1.1e-08,NA,"NO2","GW"
"5252","cg23448390",-0.00037,6.5e-05,1.1e-08,NA,"NO2","GW"
"5253","cg23507131",-0.00058,1e-04,1.1e-08,NA,"NO2","GW"
"5254","cg24186459",-0.00025,4.4e-05,1.1e-08,NA,"NO2","GW"
"5255","cg26963641",-0.00022,3.9e-05,1.1e-08,NA,"NO2","GW"
"5256","cg27391399",-3e-04,5.3e-05,1.1e-08,NA,"NO2","GW"
"5257","cg00981060",-0.00038,6.7e-05,1.1e-08,NA,"NO2","GW"
"5258","cg03972838",-5e-04,8.8e-05,1.1e-08,NA,"NO2","GW"
"5259","cg05111155",-0.00036,6.2e-05,1.1e-08,NA,"NO2","GW"
"5260","cg07872947",-0.00024,4.3e-05,1.1e-08,NA,"NO2","GW"
"5261","cg14495443",-0.00037,6.5e-05,1.1e-08,NA,"NO2","GW"
"5262","cg18414033",-0.00043,7.5e-05,1.1e-08,NA,"NO2","GW"
"5263","cg19035181",-0.00027,4.7e-05,1.1e-08,NA,"NO2","GW"
"5264","cg20047076",-0.00024,4.2e-05,1.1e-08,NA,"NO2","GW"
"5265","cg25907686",-0.00027,4.8e-05,1.1e-08,NA,"NO2","GW"
"5266","cg26918723",-0.00027,4.8e-05,1.1e-08,NA,"NO2","GW"
"5267","cg01259329",-0.00021,3.6e-05,1.1e-08,NA,"NO2","GW"
"5268","cg03170343",-0.00033,5.7e-05,1.1e-08,NA,"NO2","GW"
"5269","cg04241844",-0.00029,5.2e-05,1.1e-08,NA,"NO2","GW"
"5270","cg08089567",-0.00088,0.00015,1.1e-08,NA,"NO2","GW"
"5271","cg12405684",-0.00027,4.8e-05,1.1e-08,NA,"NO2","GW"
"5272","cg16420340",-0.00036,6.4e-05,1.1e-08,NA,"NO2","GW"
"5273","cg17073859",-0.00038,6.7e-05,1.1e-08,NA,"NO2","GW"
"5274","cg00625443",-0.00023,4e-05,1.1e-08,NA,"NO2","GW"
"5275","cg05562203",-0.00031,5.5e-05,1.1e-08,NA,"NO2","GW"
"5276","cg05798501",-0.00014,2.4e-05,1.1e-08,NA,"NO2","GW"
"5277","cg18181787",-0.00026,4.5e-05,1.1e-08,NA,"NO2","GW"
"5278","cg18893528",-0.00031,5.4e-05,1.1e-08,NA,"NO2","GW"
"5279","cg19222784",-0.00051,8.9e-05,1.1e-08,NA,"NO2","GW"
"5280","cg19946742",-0.00037,6.4e-05,1.1e-08,NA,"NO2","GW"
"5281","cg23719877",-0.00042,7.3e-05,1.1e-08,NA,"NO2","GW"
"5282","cg00267839",-0.00051,8.9e-05,1.1e-08,NA,"NO2","GW"
"5283","cg03308038",-0.00034,6e-05,1.1e-08,NA,"NO2","GW"
"5284","cg04990850",-0.00039,6.9e-05,1.1e-08,NA,"NO2","GW"
"5285","cg06324507",-0.00037,6.5e-05,1.1e-08,NA,"NO2","GW"
"5286","cg07234388",-0.00041,7.2e-05,1.1e-08,NA,"NO2","GW"
"5287","cg08788438",-0.00024,4.1e-05,1.1e-08,NA,"NO2","GW"
"5288","cg09397087",-6e-04,0.00011,1.1e-08,NA,"NO2","GW"
"5289","cg11120194",-0.00032,5.5e-05,1.1e-08,NA,"NO2","GW"
"5290","cg16579351",-0.00027,4.6e-05,1.1e-08,NA,"NO2","GW"
"5291","cg22533099",-0.00027,4.8e-05,1.1e-08,NA,"NO2","GW"
"5292","cg26561362",-0.00037,6.5e-05,1.1e-08,NA,"NO2","GW"
"5293","cg00290218",-0.00032,5.6e-05,1.2e-08,NA,"NO2","GW"
"5294","cg00394581",-0.00038,6.7e-05,1.2e-08,NA,"NO2","GW"
"5295","cg00670060",-0.00022,3.9e-05,1.2e-08,NA,"NO2","GW"
"5296","cg03271173",-0.00027,4.7e-05,1.2e-08,NA,"NO2","GW"
"5297","cg04400653",-4e-04,7e-05,1.2e-08,NA,"NO2","GW"
"5298","cg05311611",-0.00037,6.5e-05,1.2e-08,NA,"NO2","GW"
"5299","cg14443301",-0.00052,9.1e-05,1.2e-08,NA,"NO2","GW"
"5300","cg20141398",-0.00023,4e-05,1.2e-08,NA,"NO2","GW"
"5301","cg24356530",-0.00028,4.9e-05,1.2e-08,NA,"NO2","GW"
"5302","cg25148572",-4e-04,7.1e-05,1.2e-08,NA,"NO2","GW"
"5303","cg00491523",-0.00044,7.7e-05,1.2e-08,NA,"NO2","GW"
"5304","cg07047815",-5e-04,8.8e-05,1.2e-08,NA,"NO2","GW"
"5305","cg11869499",0.00077,0.00014,1.2e-08,NA,"NO2","GW"
"5306","cg16690753",-0.00048,8.4e-05,1.2e-08,NA,"NO2","GW"
"5307","cg18805469",-0.00029,5.1e-05,1.2e-08,NA,"NO2","GW"
"5308","cg23385575",-0.00037,6.4e-05,1.2e-08,NA,"NO2","GW"
"5309","cg25120513",-5e-04,8.8e-05,1.2e-08,NA,"NO2","GW"
"5310","cg00648184",-2e-04,3.6e-05,1.2e-08,NA,"NO2","GW"
"5311","cg00677334",-0.00059,1e-04,1.2e-08,NA,"NO2","GW"
"5312","cg03046424",-0.00042,7.4e-05,1.2e-08,NA,"NO2","GW"
"5313","cg04811540",-0.00037,6.4e-05,1.2e-08,NA,"NO2","GW"
"5314","cg05370555",-0.00037,6.5e-05,1.2e-08,NA,"NO2","GW"
"5315","cg11319403",-0.00035,6.1e-05,1.2e-08,NA,"NO2","GW"
"5316","cg18917486",-0.00032,5.6e-05,1.2e-08,NA,"NO2","GW"
"5317","cg21407451",-0.00026,4.5e-05,1.2e-08,NA,"NO2","GW"
"5318","cg22932677",-0.00082,0.00014,1.2e-08,NA,"NO2","GW"
"5319","cg23058719",-0.00049,8.5e-05,1.2e-08,NA,"NO2","GW"
"5320","cg23229110",-0.00023,4e-05,1.2e-08,NA,"NO2","GW"
"5321","cg23283187",-0.00043,7.6e-05,1.2e-08,NA,"NO2","GW"
"5322","cg23631930",-0.00034,6e-05,1.2e-08,NA,"NO2","GW"
"5323","cg26387848",-0.00025,4.3e-05,1.2e-08,NA,"NO2","GW"
"5324","cg00332882",-0.00021,3.7e-05,1.2e-08,NA,"NO2","GW"
"5325","cg11673964",-0.00037,6.6e-05,1.2e-08,NA,"NO2","GW"
"5326","cg17848546",-0.00042,7.4e-05,1.2e-08,NA,"NO2","GW"
"5327","cg18878351",-0.00041,7.3e-05,1.2e-08,NA,"NO2","GW"
"5328","cg20227471",-0.00032,5.6e-05,1.2e-08,NA,"NO2","GW"
"5329","cg21030300",-3e-04,5.3e-05,1.2e-08,NA,"NO2","GW"
"5330","cg22218806",-0.00031,5.5e-05,1.2e-08,NA,"NO2","GW"
"5331","cg22400703",-0.00096,0.00017,1.2e-08,NA,"NO2","GW"
"5332","cg27651070",-0.00031,5.5e-05,1.2e-08,NA,"NO2","GW"
"5333","cg05300156",-0.00023,4.1e-05,1.2e-08,NA,"NO2","GW"
"5334","cg05785988",-0.00039,6.8e-05,1.2e-08,NA,"NO2","GW"
"5335","cg10169364",-0.00036,6.3e-05,1.2e-08,NA,"NO2","GW"
"5336","cg10988075",-0.00025,4.4e-05,1.2e-08,NA,"NO2","GW"
"5337","cg12178431",-0.00028,5e-05,1.2e-08,NA,"NO2","GW"
"5338","cg13119928",-0.00031,5.5e-05,1.2e-08,NA,"NO2","GW"
"5339","cg24813857",-4e-04,6.9e-05,1.2e-08,NA,"NO2","GW"
"5340","cg26055840",-0.00031,5.5e-05,1.2e-08,NA,"NO2","GW"
"5341","cg04642669",0.00039,6.9e-05,1.2e-08,NA,"NO2","GW"
"5342","cg04902929",-0.00052,9.1e-05,1.2e-08,NA,"NO2","GW"
"5343","cg10230900",-0.00032,5.7e-05,1.2e-08,NA,"NO2","GW"
"5344","cg13184077",-0.00031,5.5e-05,1.2e-08,NA,"NO2","GW"
"5345","cg13491317",-0.00037,6.5e-05,1.2e-08,NA,"NO2","GW"
"5346","cg16209303",-0.00021,3.7e-05,1.2e-08,NA,"NO2","GW"
"5347","cg16637813",-0.00045,7.9e-05,1.2e-08,NA,"NO2","GW"
"5348","cg17837076",-0.00041,7.2e-05,1.2e-08,NA,"NO2","GW"
"5349","cg21044104",-0.00032,5.6e-05,1.2e-08,NA,"NO2","GW"
"5350","cg25891069",-0.00035,6.1e-05,1.2e-08,NA,"NO2","GW"
"5351","cg01252398",-0.00022,3.8e-05,1.2e-08,NA,"NO2","GW"
"5352","cg06700234",-0.00038,6.7e-05,1.2e-08,NA,"NO2","GW"
"5353","cg07501955",-0.00035,6.1e-05,1.2e-08,NA,"NO2","GW"
"5354","cg09330834",-0.00036,6.3e-05,1.2e-08,NA,"NO2","GW"
"5355","cg10151196",-0.00037,6.6e-05,1.2e-08,NA,"NO2","GW"
"5356","cg12958891",-0.00044,7.7e-05,1.2e-08,NA,"NO2","GW"
"5357","cg20774676",-0.00036,6.4e-05,1.2e-08,NA,"NO2","GW"
"5358","cg23596244",-0.00041,7.3e-05,1.2e-08,NA,"NO2","GW"
"5359","cg23944102",-0.00037,6.5e-05,1.2e-08,NA,"NO2","GW"
"5360","cg25417936",-0.00044,7.7e-05,1.2e-08,NA,"NO2","GW"
"5361","cg26648725",-0.00025,4.4e-05,1.2e-08,NA,"NO2","GW"
"5362","cg26886268",-4e-04,7.1e-05,1.2e-08,NA,"NO2","GW"
"5363","cg00691598",-0.00041,7.3e-05,1.2e-08,NA,"NO2","GW"
"5364","cg01220822",-3e-04,5.2e-05,1.2e-08,NA,"NO2","GW"
"5365","cg02581587",-0.00041,7.1e-05,1.2e-08,NA,"NO2","GW"
"5366","cg03376481",-2e-04,3.5e-05,1.2e-08,NA,"NO2","GW"
"5367","cg03603018",-0.00024,4.1e-05,1.2e-08,NA,"NO2","GW"
"5368","cg03848074",-0.00033,5.8e-05,1.2e-08,NA,"NO2","GW"
"5369","cg04999329",-0.00026,4.6e-05,1.2e-08,NA,"NO2","GW"
"5370","cg05496229",-0.00054,9.5e-05,1.2e-08,NA,"NO2","GW"
"5371","cg07439704",-0.00039,6.9e-05,1.2e-08,NA,"NO2","GW"
"5372","cg08331163",-0.00039,6.9e-05,1.2e-08,NA,"NO2","GW"
"5373","cg09603409",-0.00033,5.8e-05,1.2e-08,NA,"NO2","GW"
"5374","cg11820913",-0.00037,6.5e-05,1.2e-08,NA,"NO2","GW"
"5375","cg13416598",-0.00024,4.3e-05,1.2e-08,NA,"NO2","GW"
"5376","cg13714791",-0.00026,4.5e-05,1.2e-08,NA,"NO2","GW"
"5377","cg19798224",-0.00035,6.1e-05,1.2e-08,NA,"NO2","GW"
"5378","cg23892390",-0.00033,5.7e-05,1.2e-08,NA,"NO2","GW"
"5379","cg25624690",-0.00029,5.1e-05,1.2e-08,NA,"NO2","GW"
"5380","cg27380813",-0.00057,1e-04,1.2e-08,NA,"NO2","GW"
"5381","cg03350493",-0.00037,6.4e-05,1.2e-08,NA,"NO2","GW"
"5382","cg03589259",-0.00035,6.1e-05,1.2e-08,NA,"NO2","GW"
"5383","cg09235185",-0.00027,4.8e-05,1.2e-08,NA,"NO2","GW"
"5384","cg09265762",-0.00035,6.2e-05,1.2e-08,NA,"NO2","GW"
"5385","cg14188401",-0.00038,6.7e-05,1.2e-08,NA,"NO2","GW"
"5386","cg19356624",-0.00043,7.5e-05,1.2e-08,NA,"NO2","GW"
"5387","cg27635271",-0.00034,6.1e-05,1.2e-08,NA,"NO2","GW"
"5388","cg00251678",-0.00042,7.4e-05,1.2e-08,NA,"NO2","GW"
"5389","cg00664093",-4e-04,7e-05,1.2e-08,NA,"NO2","GW"
"5390","cg06166427",-0.00031,5.5e-05,1.2e-08,NA,"NO2","GW"
"5391","cg08079166",-0.00024,4.3e-05,1.2e-08,NA,"NO2","GW"
"5392","cg15677883",-0.00022,3.9e-05,1.2e-08,NA,"NO2","GW"
"5393","cg17470231",-0.00031,5.4e-05,1.2e-08,NA,"NO2","GW"
"5394","cg19596509",-2e-04,3.6e-05,1.2e-08,NA,"NO2","GW"
"5395","cg20535254",-0.00026,4.6e-05,1.2e-08,NA,"NO2","GW"
"5396","cg22737154",-3e-04,5.3e-05,1.2e-08,NA,"NO2","GW"
"5397","cg03613178",-0.00052,9.1e-05,1.2e-08,NA,"NO2","GW"
"5398","cg05257772",-0.00024,4.2e-05,1.2e-08,NA,"NO2","GW"
"5399","cg12684999",-0.00035,6.2e-05,1.2e-08,NA,"NO2","GW"
"5400","cg26109423",-0.00024,4.2e-05,1.2e-08,NA,"NO2","GW"
"5401","cg26129353",-0.00066,0.00012,1.2e-08,NA,"NO2","GW"
"5402","cg02658528",-0.00033,5.8e-05,1.3e-08,NA,"NO2","GW"
"5403","cg03044344",-0.00042,7.4e-05,1.3e-08,NA,"NO2","GW"
"5404","cg05712125",-0.00027,4.8e-05,1.3e-08,NA,"NO2","GW"
"5405","cg09858951",-0.00041,7.2e-05,1.3e-08,NA,"NO2","GW"
"5406","cg10055431",-0.00027,4.7e-05,1.3e-08,NA,"NO2","GW"
"5407","cg20676317",-0.00031,5.5e-05,1.3e-08,NA,"NO2","GW"
"5408","cg23475135",-0.00034,6e-05,1.3e-08,NA,"NO2","GW"
"5409","cg08369943",-0.00041,7.2e-05,1.3e-08,NA,"NO2","GW"
"5410","cg10087771",-0.00032,5.7e-05,1.3e-08,NA,"NO2","GW"
"5411","cg11761176",-0.00026,4.6e-05,1.3e-08,NA,"NO2","GW"
"5412","cg14114282",-0.00028,4.9e-05,1.3e-08,NA,"NO2","GW"
"5413","cg22471112",-0.00076,0.00013,1.3e-08,NA,"NO2","GW"
"5414","cg22874188",-0.00023,4e-05,1.3e-08,NA,"NO2","GW"
"5415","cg23931734",-0.00039,6.9e-05,1.3e-08,NA,"NO2","GW"
"5416","cg03242028",-0.00032,5.6e-05,1.3e-08,NA,"NO2","GW"
"5417","cg03276484",-0.00035,6.2e-05,1.3e-08,NA,"NO2","GW"
"5418","cg06103412",-0.00032,5.5e-05,1.3e-08,NA,"NO2","GW"
"5419","cg13884995",-0.00041,7.2e-05,1.3e-08,NA,"NO2","GW"
"5420","cg16588297",-0.00032,5.6e-05,1.3e-08,NA,"NO2","GW"
"5421","cg19838107",-0.00024,4.1e-05,1.3e-08,NA,"NO2","GW"
"5422","cg20152413",-0.00042,7.3e-05,1.3e-08,NA,"NO2","GW"
"5423","cg02319094",-0.00039,6.9e-05,1.3e-08,NA,"NO2","GW"
"5424","cg02757488",-0.00065,0.00011,1.3e-08,NA,"NO2","GW"
"5425","cg07429629",-0.00021,3.6e-05,1.3e-08,NA,"NO2","GW"
"5426","cg16296797",-0.00035,6.1e-05,1.3e-08,NA,"NO2","GW"
"5427","cg18036998",-0.00033,5.8e-05,1.3e-08,NA,"NO2","GW"
"5428","cg26405913",-0.00041,7.3e-05,1.3e-08,NA,"NO2","GW"
"5429","cg01090565",-0.00045,7.8e-05,1.3e-08,NA,"NO2","GW"
"5430","cg02806802",-0.00048,8.5e-05,1.3e-08,NA,"NO2","GW"
"5431","cg02868521",-0.00034,5.9e-05,1.3e-08,NA,"NO2","GW"
"5432","cg08868213",-0.00034,5.9e-05,1.3e-08,NA,"NO2","GW"
"5433","cg09516958",-0.00036,6.3e-05,1.3e-08,NA,"NO2","GW"
"5434","cg11348653",-0.00047,8.2e-05,1.3e-08,NA,"NO2","GW"
"5435","cg14803762",-0.00043,7.6e-05,1.3e-08,NA,"NO2","GW"
"5436","cg15816119",-0.00042,7.4e-05,1.3e-08,NA,"NO2","GW"
"5437","cg22357679",-0.00043,7.5e-05,1.3e-08,NA,"NO2","GW"
"5438","cg23687971",-0.00059,1e-04,1.3e-08,NA,"NO2","GW"
"5439","cg06328100",-0.00032,5.6e-05,1.3e-08,NA,"NO2","GW"
"5440","cg15977904",-0.00037,6.4e-05,1.3e-08,NA,"NO2","GW"
"5441","cg17018349",-3e-04,5.3e-05,1.3e-08,NA,"NO2","GW"
"5442","cg23251122",-0.00029,5.1e-05,1.3e-08,NA,"NO2","GW"
"5443","cg23632109",-0.00033,5.8e-05,1.3e-08,NA,"NO2","GW"
"5444","cg25730237",-0.00041,7.2e-05,1.3e-08,NA,"NO2","GW"
"5445","cg27576971",-0.00022,3.8e-05,1.3e-08,NA,"NO2","GW"
"5446","cg03110787",-0.00028,4.9e-05,1.3e-08,NA,"NO2","GW"
"5447","cg03258475",-0.00049,8.6e-05,1.3e-08,NA,"NO2","GW"
"5448","cg07985864",-0.00021,3.7e-05,1.3e-08,NA,"NO2","GW"
"5449","cg09484214",-0.00033,5.8e-05,1.3e-08,NA,"NO2","GW"
"5450","cg12031375",-0.00027,4.8e-05,1.3e-08,NA,"NO2","GW"
"5451","cg13408046",-3e-04,5.3e-05,1.3e-08,NA,"NO2","GW"
"5452","cg14178428",-0.00033,5.8e-05,1.3e-08,NA,"NO2","GW"
"5453","cg18161711",-0.00025,4.4e-05,1.3e-08,NA,"NO2","GW"
"5454","cg21230565",-3e-04,5.2e-05,1.3e-08,NA,"NO2","GW"
"5455","cg22764851",-0.00022,3.9e-05,1.3e-08,NA,"NO2","GW"
"5456","cg01473038",-4e-04,7.1e-05,1.3e-08,NA,"NO2","GW"
"5457","cg02485642",-0.00019,3.3e-05,1.3e-08,NA,"NO2","GW"
"5458","cg03018001",-0.00033,5.8e-05,1.3e-08,NA,"NO2","GW"
"5459","cg03729204",-0.00043,7.6e-05,1.3e-08,NA,"NO2","GW"
"5460","cg06948937",-0.00031,5.5e-05,1.3e-08,NA,"NO2","GW"
"5461","cg07762347",-3e-04,5.2e-05,1.3e-08,NA,"NO2","GW"
"5462","cg08279035",-0.00025,4.3e-05,1.3e-08,NA,"NO2","GW"
"5463","cg16916688",-0.00044,7.7e-05,1.3e-08,NA,"NO2","GW"
"5464","cg17463655",-3e-04,5.3e-05,1.3e-08,NA,"NO2","GW"
"5465","cg20198183",-0.00029,5.2e-05,1.3e-08,NA,"NO2","GW"
"5466","cg23975425",-0.00018,3.1e-05,1.3e-08,NA,"NO2","GW"
"5467","cg24773770",-0.00029,5.1e-05,1.3e-08,NA,"NO2","GW"
"5468","cg27558876",-0.00032,5.6e-05,1.3e-08,NA,"NO2","GW"
"5469","cg00149734",-0.00021,3.7e-05,1.3e-08,NA,"NO2","GW"
"5470","cg04299028",-0.00044,7.7e-05,1.3e-08,NA,"NO2","GW"
"5471","cg08044634",-0.00024,4.2e-05,1.3e-08,NA,"NO2","GW"
"5472","cg13267140",-0.00021,3.8e-05,1.3e-08,NA,"NO2","GW"
"5473","cg13938187",-0.00031,5.5e-05,1.3e-08,NA,"NO2","GW"
"5474","cg17192315",-0.00027,4.8e-05,1.3e-08,NA,"NO2","GW"
"5475","cg25080973",-0.00042,7.5e-05,1.3e-08,NA,"NO2","GW"
"5476","cg27040709",-0.00048,8.4e-05,1.3e-08,NA,"NO2","GW"
"5477","cg00599402",-0.00031,5.4e-05,1.4e-08,NA,"NO2","GW"
"5478","cg06347582",-0.00031,5.4e-05,1.4e-08,NA,"NO2","GW"
"5479","cg06966083",-0.00035,6.2e-05,1.4e-08,NA,"NO2","GW"
"5480","cg08097359",0.00037,6.4e-05,1.4e-08,NA,"NO2","GW"
"5481","cg15674514",-0.00045,8e-05,1.4e-08,NA,"NO2","GW"
"5482","cg16948465",-3e-04,5.3e-05,1.4e-08,NA,"NO2","GW"
"5483","cg20695760",-0.00033,5.8e-05,1.4e-08,NA,"NO2","GW"
"5484","cg02389195",-0.00034,6.1e-05,1.4e-08,NA,"NO2","GW"
"5485","cg04487600",-0.00033,5.9e-05,1.4e-08,NA,"NO2","GW"
"5486","cg05989672",-0.00026,4.6e-05,1.4e-08,NA,"NO2","GW"
"5487","cg15793417",-0.00022,3.9e-05,1.4e-08,NA,"NO2","GW"
"5488","cg18869244",-0.00025,4.4e-05,1.4e-08,NA,"NO2","GW"
"5489","cg24864639",-0.00026,4.6e-05,1.4e-08,NA,"NO2","GW"
"5490","cg25943661",-0.00023,4.1e-05,1.4e-08,NA,"NO2","GW"
"5491","cg00085061",-4e-04,7e-05,1.4e-08,NA,"NO2","GW"
"5492","cg00684075",-0.00056,1e-04,1.4e-08,NA,"NO2","GW"
"5493","cg05630208",-0.00028,4.9e-05,1.4e-08,NA,"NO2","GW"
"5494","cg12797879",-0.00033,5.7e-05,1.4e-08,NA,"NO2","GW"
"5495","cg14206626",-0.00015,2.7e-05,1.4e-08,NA,"NO2","GW"
"5496","cg15460584",-0.00048,8.4e-05,1.4e-08,NA,"NO2","GW"
"5497","cg19599066",-0.00027,4.7e-05,1.4e-08,NA,"NO2","GW"
"5498","cg20050237",-0.00027,4.8e-05,1.4e-08,NA,"NO2","GW"
"5499","cg20543183",-0.00044,7.8e-05,1.4e-08,NA,"NO2","GW"
"5500","cg23612492",-0.00042,7.5e-05,1.4e-08,NA,"NO2","GW"
"5501","cg24780966",-0.00017,3.1e-05,1.4e-08,NA,"NO2","GW"
"5502","cg04913118",-0.00028,5e-05,1.4e-08,NA,"NO2","GW"
"5503","cg05603908",-5e-04,8.7e-05,1.4e-08,NA,"NO2","GW"
"5504","cg08951891",-0.00033,5.8e-05,1.4e-08,NA,"NO2","GW"
"5505","cg10210076",-0.00032,5.6e-05,1.4e-08,NA,"NO2","GW"
"5506","cg11336987",-3e-04,5.4e-05,1.4e-08,NA,"NO2","GW"
"5507","cg11520866",-0.00021,3.6e-05,1.4e-08,NA,"NO2","GW"
"5508","cg15419183",-0.00026,4.6e-05,1.4e-08,NA,"NO2","GW"
"5509","cg20402658",-0.00037,6.5e-05,1.4e-08,NA,"NO2","GW"
"5510","cg21439129",-0.00027,4.8e-05,1.4e-08,NA,"NO2","GW"
"5511","cg22495921",-0.00029,5.1e-05,1.4e-08,NA,"NO2","GW"
"5512","cg23273758",-3e-04,5.3e-05,1.4e-08,NA,"NO2","GW"
"5513","cg23971806",-0.00026,4.6e-05,1.4e-08,NA,"NO2","GW"
"5514","cg00519829",-0.00041,7.2e-05,1.4e-08,NA,"NO2","GW"
"5515","cg01498700",-0.00032,5.7e-05,1.4e-08,NA,"NO2","GW"
"5516","cg02036494",-0.00036,6.4e-05,1.4e-08,NA,"NO2","GW"
"5517","cg03945663",-0.00034,5.9e-05,1.4e-08,NA,"NO2","GW"
"5518","cg05119686",-0.00032,5.7e-05,1.4e-08,NA,"NO2","GW"
"5519","cg07800959",-0.00023,4.1e-05,1.4e-08,NA,"NO2","GW"
"5520","cg11749059",-0.00026,4.6e-05,1.4e-08,NA,"NO2","GW"
"5521","cg12386698",-0.00022,3.9e-05,1.4e-08,NA,"NO2","GW"
"5522","cg14955531",-0.00026,4.6e-05,1.4e-08,NA,"NO2","GW"
"5523","cg15165927",-0.00019,3.4e-05,1.4e-08,NA,"NO2","GW"
"5524","cg18366882",-0.00026,4.5e-05,1.4e-08,NA,"NO2","GW"
"5525","cg00909242",-0.00021,3.6e-05,1.4e-08,NA,"NO2","GW"
"5526","cg03791150",-0.00038,6.7e-05,1.4e-08,NA,"NO2","GW"
"5527","cg04511411",-0.00033,5.8e-05,1.4e-08,NA,"NO2","GW"
"5528","cg04942107",-0.00033,5.7e-05,1.4e-08,NA,"NO2","GW"
"5529","cg07915635",-4e-04,7e-05,1.4e-08,NA,"NO2","GW"
"5530","cg13895322",-0.00038,6.8e-05,1.4e-08,NA,"NO2","GW"
"5531","cg14443637",-4e-04,7.1e-05,1.4e-08,NA,"NO2","GW"
"5532","cg26049379",-3e-04,5.4e-05,1.4e-08,NA,"NO2","GW"
"5533","cg26706317",-0.00032,5.6e-05,1.4e-08,NA,"NO2","GW"
"5534","cg27133959",-0.00033,5.8e-05,1.4e-08,NA,"NO2","GW"
"5535","cg27655168",-0.00022,3.9e-05,1.4e-08,NA,"NO2","GW"
"5536","cg02413874",0.00027,4.8e-05,1.4e-08,NA,"NO2","GW"
"5537","cg05573829",-0.00024,4.2e-05,1.4e-08,NA,"NO2","GW"
"5538","cg11015353",-0.00015,2.6e-05,1.4e-08,NA,"NO2","GW"
"5539","cg11079426",-0.00023,4.1e-05,1.4e-08,NA,"NO2","GW"
"5540","cg11250170",-3e-04,5.4e-05,1.4e-08,NA,"NO2","GW"
"5541","cg22992966",-0.00048,8.4e-05,1.4e-08,NA,"NO2","GW"
"5542","cg26343761",-0.00029,5.1e-05,1.4e-08,NA,"NO2","GW"
"5543","cg26371310",-0.00039,6.9e-05,1.4e-08,NA,"NO2","GW"
"5544","cg00402222",-0.00032,5.6e-05,1.4e-08,NA,"NO2","GW"
"5545","cg02650779",-4e-04,7.1e-05,1.4e-08,NA,"NO2","GW"
"5546","cg03169242",-0.00038,6.7e-05,1.4e-08,NA,"NO2","GW"
"5547","cg04161137",-0.00024,4.3e-05,1.4e-08,NA,"NO2","GW"
"5548","cg08692478",-0.00029,5.1e-05,1.4e-08,NA,"NO2","GW"
"5549","cg13551706",-0.00026,4.5e-05,1.4e-08,NA,"NO2","GW"
"5550","cg13912753",-0.00026,4.5e-05,1.4e-08,NA,"NO2","GW"
"5551","cg18248273",-4e-04,7.1e-05,1.4e-08,NA,"NO2","GW"
"5552","cg21004358",-0.00095,0.00017,1.4e-08,NA,"NO2","GW"
"5553","cg26645237",-0.00042,7.3e-05,1.4e-08,NA,"NO2","GW"
"5554","cg05944661",-0.00047,8.3e-05,1.4e-08,NA,"NO2","GW"
"5555","cg07956012",-0.00034,6.1e-05,1.4e-08,NA,"NO2","GW"
"5556","cg08804207",-0.00042,7.3e-05,1.4e-08,NA,"NO2","GW"
"5557","cg09926046",-0.00031,5.6e-05,1.4e-08,NA,"NO2","GW"
"5558","cg16176095",-0.00026,4.6e-05,1.4e-08,NA,"NO2","GW"
"5559","cg16717267",-0.00029,5.1e-05,1.4e-08,NA,"NO2","GW"
"5560","cg18355311",-0.00025,4.4e-05,1.4e-08,NA,"NO2","GW"
"5561","cg18465834",-0.00044,7.7e-05,1.4e-08,NA,"NO2","GW"
"5562","cg21614107",-0.00047,8.3e-05,1.4e-08,NA,"NO2","GW"
"5563","cg23098051",-0.00058,1e-04,1.4e-08,NA,"NO2","GW"
"5564","cg24346204",-0.00046,8.1e-05,1.4e-08,NA,"NO2","GW"
"5565","cg02011124",-0.00039,6.8e-05,1.4e-08,NA,"NO2","GW"
"5566","cg04006984",-0.00032,5.7e-05,1.4e-08,NA,"NO2","GW"
"5567","cg04237618",-0.00033,5.8e-05,1.4e-08,NA,"NO2","GW"
"5568","cg05501419",-0.00045,8e-05,1.4e-08,NA,"NO2","GW"
"5569","cg07614448",-0.00048,8.5e-05,1.4e-08,NA,"NO2","GW"
"5570","cg07795325",-0.00053,9.3e-05,1.4e-08,NA,"NO2","GW"
"5571","cg13106156",-0.00032,5.7e-05,1.4e-08,NA,"NO2","GW"
"5572","cg13655385",-0.00033,5.8e-05,1.4e-08,NA,"NO2","GW"
"5573","cg22378583",-0.00023,4e-05,1.4e-08,NA,"NO2","GW"
"5574","cg24330746",-0.00011,1.9e-05,1.4e-08,NA,"NO2","GW"
"5575","cg25932761",-0.00034,6e-05,1.4e-08,NA,"NO2","GW"
"5576","cg26354398",-0.00027,4.7e-05,1.4e-08,NA,"NO2","GW"
"5577","cg27590742",-3e-04,5.3e-05,1.4e-08,NA,"NO2","GW"
"5578","cg00611192",-5e-04,8.9e-05,1.5e-08,NA,"NO2","GW"
"5579","cg03690080",-0.00025,4.4e-05,1.5e-08,NA,"NO2","GW"
"5580","cg11099899",-0.00032,5.7e-05,1.5e-08,NA,"NO2","GW"
"5581","cg12521267",-0.00033,5.8e-05,1.5e-08,NA,"NO2","GW"
"5582","cg20213479",-0.00026,4.6e-05,1.5e-08,NA,"NO2","GW"
"5583","cg23162647",-0.00031,5.5e-05,1.5e-08,NA,"NO2","GW"
"5584","cg25152404",-0.00057,1e-04,1.5e-08,NA,"NO2","GW"
"5585","cg26575622",-0.00022,3.8e-05,1.5e-08,NA,"NO2","GW"
"5586","cg01380747",-0.00034,5.9e-05,1.5e-08,NA,"NO2","GW"
"5587","cg06082596",-0.00032,5.6e-05,1.5e-08,NA,"NO2","GW"
"5588","cg06991148",-4e-04,7.1e-05,1.5e-08,NA,"NO2","GW"
"5589","cg08942929",-0.00027,4.8e-05,1.5e-08,NA,"NO2","GW"
"5590","cg12663490",-3e-04,5.3e-05,1.5e-08,NA,"NO2","GW"
"5591","cg18879198",-0.00037,6.6e-05,1.5e-08,NA,"NO2","GW"
"5592","cg00540363",-0.00023,4e-05,1.5e-08,NA,"NO2","GW"
"5593","cg10508138",-0.00031,5.6e-05,1.5e-08,NA,"NO2","GW"
"5594","cg12127149",0.00074,0.00013,1.5e-08,NA,"NO2","GW"
"5595","cg17142931",-0.00039,6.9e-05,1.5e-08,NA,"NO2","GW"
"5596","cg18281418",-3e-04,5.2e-05,1.5e-08,NA,"NO2","GW"
"5597","cg20961940",-0.00032,5.7e-05,1.5e-08,NA,"NO2","GW"
"5598","cg25526759",-2e-04,3.5e-05,1.5e-08,NA,"NO2","GW"
"5599","cg27534833",-0.00038,6.7e-05,1.5e-08,NA,"NO2","GW"
"5600","cg00135371",-0.00035,6.2e-05,1.5e-08,NA,"NO2","GW"
"5601","cg00829600",-0.00036,6.4e-05,1.5e-08,NA,"NO2","GW"
"5602","cg04742587",-0.00023,4.1e-05,1.5e-08,NA,"NO2","GW"
"5603","cg09138028",-0.00028,4.9e-05,1.5e-08,NA,"NO2","GW"
"5604","cg20411547",-2e-04,3.5e-05,1.5e-08,NA,"NO2","GW"
"5605","cg22988566",-4e-04,7.1e-05,1.5e-08,NA,"NO2","GW"
"5606","cg23521507",-0.00028,4.9e-05,1.5e-08,NA,"NO2","GW"
"5607","cg24806326",-0.00031,5.5e-05,1.5e-08,NA,"NO2","GW"
"5608","cg00777375",-0.00023,4.1e-05,1.5e-08,NA,"NO2","GW"
"5609","cg00872676",-0.00024,4.3e-05,1.5e-08,NA,"NO2","GW"
"5610","cg06549863",-0.00029,5.2e-05,1.5e-08,NA,"NO2","GW"
"5611","cg08424966",-0.00036,6.4e-05,1.5e-08,NA,"NO2","GW"
"5612","cg15889548",-0.00039,6.9e-05,1.5e-08,NA,"NO2","GW"
"5613","cg16171392",-0.00035,6.2e-05,1.5e-08,NA,"NO2","GW"
"5614","cg22563376",-0.00026,4.6e-05,1.5e-08,NA,"NO2","GW"
"5615","cg23096144",-0.00052,9.3e-05,1.5e-08,NA,"NO2","GW"
"5616","cg23549693",-0.00023,4.1e-05,1.5e-08,NA,"NO2","GW"
"5617","cg24191176",-0.00035,6.3e-05,1.5e-08,NA,"NO2","GW"
"5618","cg04037044",-3e-04,5.3e-05,1.5e-08,NA,"NO2","GW"
"5619","cg10618882",-0.00031,5.5e-05,1.5e-08,NA,"NO2","GW"
"5620","cg12126344",-0.00039,6.9e-05,1.5e-08,NA,"NO2","GW"
"5621","cg17861161",-0.00042,7.4e-05,1.5e-08,NA,"NO2","GW"
"5622","cg17962547",-0.00032,5.6e-05,1.5e-08,NA,"NO2","GW"
"5623","cg02233459",-0.00038,6.7e-05,1.5e-08,NA,"NO2","GW"
"5624","cg02373627",-0.00024,4.3e-05,1.5e-08,NA,"NO2","GW"
"5625","cg05380127",-0.00046,8.1e-05,1.5e-08,NA,"NO2","GW"
"5626","cg06681532",-0.00026,4.6e-05,1.5e-08,NA,"NO2","GW"
"5627","cg08568550",-0.00058,1e-04,1.5e-08,NA,"NO2","GW"
"5628","cg09895514",-0.00037,6.5e-05,1.5e-08,NA,"NO2","GW"
"5629","cg10097045",-0.00032,5.6e-05,1.5e-08,NA,"NO2","GW"
"5630","cg16290522",-0.00034,6e-05,1.5e-08,NA,"NO2","GW"
"5631","cg17341170",-3e-04,5.3e-05,1.5e-08,NA,"NO2","GW"
"5632","cg17840469",-0.00025,4.4e-05,1.5e-08,NA,"NO2","GW"
"5633","cg18598117",-0.00093,0.00016,1.5e-08,NA,"NO2","GW"
"5634","cg19820705",-0.00059,0.00011,1.5e-08,NA,"NO2","GW"
"5635","cg21871080",-0.00017,3e-05,1.5e-08,NA,"NO2","GW"
"5636","cg22430565",-0.00035,6.2e-05,1.5e-08,NA,"NO2","GW"
"5637","cg24875250",-0.00023,4.1e-05,1.5e-08,NA,"NO2","GW"
"5638","cg06119296",-0.00038,6.8e-05,1.5e-08,NA,"NO2","GW"
"5639","cg16028012",-0.00027,4.8e-05,1.5e-08,NA,"NO2","GW"
"5640","cg16679378",-0.00029,5.1e-05,1.5e-08,NA,"NO2","GW"
"5641","cg20144359",-0.00034,6e-05,1.5e-08,NA,"NO2","GW"
"5642","cg20494635",-0.00054,9.6e-05,1.5e-08,NA,"NO2","GW"
"5643","cg06422261",-0.00032,5.7e-05,1.5e-08,NA,"NO2","GW"
"5644","cg26230601",-0.00033,5.8e-05,1.5e-08,NA,"NO2","GW"
"5645","cg08330217",-4e-04,7e-05,1.5e-08,NA,"NO2","GW"
"5646","cg12442871",-0.00025,4.3e-05,1.5e-08,NA,"NO2","GW"
"5647","cg14252164",-0.00028,4.9e-05,1.5e-08,NA,"NO2","GW"
"5648","cg19043798",-0.00068,0.00012,1.5e-08,NA,"NO2","GW"
"5649","cg22238882",-0.00029,5.1e-05,1.5e-08,NA,"NO2","GW"
"5650","cg24784036",-0.00033,5.8e-05,1.5e-08,NA,"NO2","GW"
"5651","cg00306578",-0.00036,6.4e-05,1.5e-08,NA,"NO2","GW"
"5652","cg12902436",-0.00021,3.7e-05,1.5e-08,NA,"NO2","GW"
"5653","cg17051042",-0.00018,3.2e-05,1.5e-08,NA,"NO2","GW"
"5654","cg01397968",-0.00031,5.5e-05,1.6e-08,NA,"NO2","GW"
"5655","cg20817257",-0.00032,5.6e-05,1.6e-08,NA,"NO2","GW"
"5656","cg21704502",-0.00046,8.2e-05,1.6e-08,NA,"NO2","GW"
"5657","cg23417677",-0.00011,2e-05,1.6e-08,NA,"NO2","GW"
"5658","cg01420931",-0.00029,5.1e-05,1.6e-08,NA,"NO2","GW"
"5659","cg03214325",-4e-04,7.1e-05,1.6e-08,NA,"NO2","GW"
"5660","cg03487430",-0.00044,7.8e-05,1.6e-08,NA,"NO2","GW"
"5661","cg03778108",-0.00036,6.3e-05,1.6e-08,NA,"NO2","GW"
"5662","cg09469812",-0.00044,7.8e-05,1.6e-08,NA,"NO2","GW"
"5663","cg12426313",-0.00035,6.2e-05,1.6e-08,NA,"NO2","GW"
"5664","cg12658400",-0.00027,4.8e-05,1.6e-08,NA,"NO2","GW"
"5665","cg20110504",-0.00025,4.5e-05,1.6e-08,NA,"NO2","GW"
"5666","cg00043949",-0.00021,3.7e-05,1.6e-08,NA,"NO2","GW"
"5667","cg00987743",-0.00033,5.8e-05,1.6e-08,NA,"NO2","GW"
"5668","cg08453008",-0.00025,4.3e-05,1.6e-08,NA,"NO2","GW"
"5669","cg13476072",-0.00058,1e-04,1.6e-08,NA,"NO2","GW"
"5670","cg16323231",-0.00032,5.6e-05,1.6e-08,NA,"NO2","GW"
"5671","cg17497536",-0.00042,7.4e-05,1.6e-08,NA,"NO2","GW"
"5672","cg23155089",-4e-04,7.2e-05,1.6e-08,NA,"NO2","GW"
"5673","cg03240663",-0.00038,6.8e-05,1.6e-08,NA,"NO2","GW"
"5674","cg11237215",-2e-04,3.6e-05,1.6e-08,NA,"NO2","GW"
"5675","cg16912319",-0.00031,5.5e-05,1.6e-08,NA,"NO2","GW"
"5676","cg19407889",-0.00023,4e-05,1.6e-08,NA,"NO2","GW"
"5677","cg22693055",-0.00041,7.2e-05,1.6e-08,NA,"NO2","GW"
"5678","cg25386579",-0.00046,8.1e-05,1.6e-08,NA,"NO2","GW"
"5679","cg26464186",-0.00026,4.6e-05,1.6e-08,NA,"NO2","GW"
"5680","cg26638069",-0.00031,5.4e-05,1.6e-08,NA,"NO2","GW"
"5681","cg01434679",-3e-04,5.3e-05,1.6e-08,NA,"NO2","GW"
"5682","cg01534887",-0.00034,5.9e-05,1.6e-08,NA,"NO2","GW"
"5683","cg02695062",-0.00046,8.2e-05,1.6e-08,NA,"NO2","GW"
"5684","cg06292198",-0.00055,9.7e-05,1.6e-08,NA,"NO2","GW"
"5685","cg07145531",-2e-04,3.6e-05,1.6e-08,NA,"NO2","GW"
"5686","cg11960229",-0.00028,5e-05,1.6e-08,NA,"NO2","GW"
"5687","cg19211186",-3e-04,5.3e-05,1.6e-08,NA,"NO2","GW"
"5688","cg25800926",-0.00028,4.9e-05,1.6e-08,NA,"NO2","GW"
"5689","cg27185976",-0.00023,4.1e-05,1.6e-08,NA,"NO2","GW"
"5690","cg03084214",-0.00038,6.8e-05,1.6e-08,NA,"NO2","GW"
"5691","cg04963153",-0.00047,8.4e-05,1.6e-08,NA,"NO2","GW"
"5692","cg06954759",-0.00025,4.4e-05,1.6e-08,NA,"NO2","GW"
"5693","cg07041720",-0.00038,6.7e-05,1.6e-08,NA,"NO2","GW"
"5694","cg08792542",-0.00024,4.3e-05,1.6e-08,NA,"NO2","GW"
"5695","cg18004235",-0.00023,4.1e-05,1.6e-08,NA,"NO2","GW"
"5696","cg01131388",-0.00021,3.6e-05,1.6e-08,NA,"NO2","GW"
"5697","cg01882113",-0.00045,8e-05,1.6e-08,NA,"NO2","GW"
"5698","cg02748293",-0.00025,4.4e-05,1.6e-08,NA,"NO2","GW"
"5699","cg11770664",-0.00041,7.2e-05,1.6e-08,NA,"NO2","GW"
"5700","cg14130039",-0.00049,8.6e-05,1.6e-08,NA,"NO2","GW"
"5701","cg17172569",-0.00041,7.2e-05,1.6e-08,NA,"NO2","GW"
"5702","cg20436086",-0.00029,5.1e-05,1.6e-08,NA,"NO2","GW"
"5703","cg27063969",-0.00028,4.9e-05,1.6e-08,NA,"NO2","GW"
"5704","cg00643651",-0.00045,8e-05,1.6e-08,NA,"NO2","GW"
"5705","cg01658047",-0.00028,5e-05,1.6e-08,NA,"NO2","GW"
"5706","cg03309350",-0.00039,6.9e-05,1.6e-08,NA,"NO2","GW"
"5707","cg27552711",-0.00042,7.5e-05,1.6e-08,NA,"NO2","GW"
"5708","cg27658026",-0.00044,7.8e-05,1.6e-08,NA,"NO2","GW"
"5709","cg09374673",-0.00032,5.7e-05,1.6e-08,NA,"NO2","GW"
"5710","cg19977363",-0.00022,3.9e-05,1.6e-08,NA,"NO2","GW"
"5711","cg20451455",-0.00031,5.5e-05,1.6e-08,NA,"NO2","GW"
"5712","cg00660096",-0.00032,5.7e-05,1.6e-08,NA,"NO2","GW"
"5713","cg01434025",-0.00038,6.8e-05,1.6e-08,NA,"NO2","GW"
"5714","cg03789498",-0.00026,4.6e-05,1.6e-08,NA,"NO2","GW"
"5715","cg04948060",-0.00025,4.5e-05,1.6e-08,NA,"NO2","GW"
"5716","cg05645398",-0.00035,6.2e-05,1.6e-08,NA,"NO2","GW"
"5717","cg09850012",-0.00043,7.6e-05,1.6e-08,NA,"NO2","GW"
"5718","cg14379108",-0.00031,5.5e-05,1.6e-08,NA,"NO2","GW"
"5719","cg16210461",-0.00027,4.8e-05,1.6e-08,NA,"NO2","GW"
"5720","cg20178075",-0.00036,6.3e-05,1.6e-08,NA,"NO2","GW"
"5721","cg21139368",-0.00026,4.5e-05,1.6e-08,NA,"NO2","GW"
"5722","cg21463518",-0.00031,5.5e-05,1.6e-08,NA,"NO2","GW"
"5723","cg24278841",-0.00048,8.4e-05,1.6e-08,NA,"NO2","GW"
"5724","cg25471740",-0.00019,3.4e-05,1.6e-08,NA,"NO2","GW"
"5725","cg00060649",-0.00029,5.2e-05,1.7e-08,NA,"NO2","GW"
"5726","cg00910844",-0.00027,4.8e-05,1.7e-08,NA,"NO2","GW"
"5727","cg03177392",-0.00029,5.2e-05,1.7e-08,NA,"NO2","GW"
"5728","cg03265991",-3e-04,5.4e-05,1.7e-08,NA,"NO2","GW"
"5729","cg03405473",-0.00037,6.6e-05,1.7e-08,NA,"NO2","GW"
"5730","cg07867012",-0.00024,4.3e-05,1.7e-08,NA,"NO2","GW"
"5731","cg12085226",-0.00024,4.2e-05,1.7e-08,NA,"NO2","GW"
"5732","cg12761626",-0.00025,4.4e-05,1.7e-08,NA,"NO2","GW"
"5733","cg14349201",-0.00018,3.2e-05,1.7e-08,NA,"NO2","GW"
"5734","cg14390252",-0.00033,5.8e-05,1.7e-08,NA,"NO2","GW"
"5735","cg21227274",-0.00024,4.3e-05,1.7e-08,NA,"NO2","GW"
"5736","cg22400068",-0.00025,4.4e-05,1.7e-08,NA,"NO2","GW"
"5737","cg27636612",-0.00032,5.8e-05,1.7e-08,NA,"NO2","GW"
"5738","cg00166915",-0.00027,4.7e-05,1.7e-08,NA,"NO2","GW"
"5739","cg02529500",-0.00032,5.7e-05,1.7e-08,NA,"NO2","GW"
"5740","cg07297777",-0.00039,6.9e-05,1.7e-08,NA,"NO2","GW"
"5741","cg11666770",-0.00064,0.00011,1.7e-08,NA,"NO2","GW"
"5742","cg12797044",-4e-04,7.1e-05,1.7e-08,NA,"NO2","GW"
"5743","cg17022577",-0.00031,5.5e-05,1.7e-08,NA,"NO2","GW"
"5744","cg17775016",-0.00031,5.4e-05,1.7e-08,NA,"NO2","GW"
"5745","cg18399427",-0.00041,7.3e-05,1.7e-08,NA,"NO2","GW"
"5746","cg20706597",-0.00021,3.8e-05,1.7e-08,NA,"NO2","GW"
"5747","cg23016726",-0.00041,7.3e-05,1.7e-08,NA,"NO2","GW"
"5748","cg24695849",-0.00038,6.8e-05,1.7e-08,NA,"NO2","GW"
"5749","cg03234813",-0.00081,0.00014,1.7e-08,NA,"NO2","GW"
"5750","cg10758369",-0.00032,5.7e-05,1.7e-08,NA,"NO2","GW"
"5751","cg14213101",-0.00015,2.7e-05,1.7e-08,NA,"NO2","GW"
"5752","cg15913671",-0.00038,6.7e-05,1.7e-08,NA,"NO2","GW"
"5753","cg16107528",-0.00078,0.00014,1.7e-08,NA,"NO2","GW"
"5754","cg22137471",-0.00023,4e-05,1.7e-08,NA,"NO2","GW"
"5755","cg22664425",-0.00052,9.2e-05,1.7e-08,NA,"NO2","GW"
"5756","cg00259019",-0.00019,3.4e-05,1.7e-08,NA,"NO2","GW"
"5757","cg01303141",-0.00037,6.7e-05,1.7e-08,NA,"NO2","GW"
"5758","cg05596552",-0.00037,6.6e-05,1.7e-08,NA,"NO2","GW"
"5759","cg07377936",-0.00035,6.2e-05,1.7e-08,NA,"NO2","GW"
"5760","cg13978156",-0.00034,6.1e-05,1.7e-08,NA,"NO2","GW"
"5761","cg17514558",-0.00061,0.00011,1.7e-08,NA,"NO2","GW"
"5762","cg20688791",-0.00034,6e-05,1.7e-08,NA,"NO2","GW"
"5763","cg23513211",-0.00028,4.9e-05,1.7e-08,NA,"NO2","GW"
"5764","cg27383865",-0.00032,5.8e-05,1.7e-08,NA,"NO2","GW"
"5765","cg18190832",-0.00022,3.9e-05,1.7e-08,NA,"NO2","GW"
"5766","cg24307601",-0.00032,5.7e-05,1.7e-08,NA,"NO2","GW"
"5767","cg01295539",-0.00031,5.6e-05,1.7e-08,NA,"NO2","GW"
"5768","cg06835509",-0.00035,6.2e-05,1.7e-08,NA,"NO2","GW"
"5769","cg10717869",-0.00069,0.00012,1.7e-08,NA,"NO2","GW"
"5770","cg10813720",-0.00026,4.5e-05,1.7e-08,NA,"NO2","GW"
"5771","cg14579118",-0.00045,7.9e-05,1.7e-08,NA,"NO2","GW"
"5772","cg17260180",-0.00037,6.6e-05,1.7e-08,NA,"NO2","GW"
"5773","cg25418210",-0.00026,4.6e-05,1.7e-08,NA,"NO2","GW"
"5774","cg00514486",-0.00053,9.3e-05,1.7e-08,NA,"NO2","GW"
"5775","cg03896542",-0.00033,5.8e-05,1.7e-08,NA,"NO2","GW"
"5776","cg04409509",-0.00033,5.8e-05,1.7e-08,NA,"NO2","GW"
"5777","cg06949778",-0.00032,5.8e-05,1.7e-08,NA,"NO2","GW"
"5778","cg11937797",-0.00037,6.6e-05,1.7e-08,NA,"NO2","GW"
"5779","cg12973315",-0.00033,5.8e-05,1.7e-08,NA,"NO2","GW"
"5780","cg17273588",-0.00053,9.4e-05,1.7e-08,NA,"NO2","GW"
"5781","cg17787502",-0.00026,4.6e-05,1.7e-08,NA,"NO2","GW"
"5782","cg21083928",-0.00033,5.8e-05,1.7e-08,NA,"NO2","GW"
"5783","cg21201357",-0.00024,4.3e-05,1.7e-08,NA,"NO2","GW"
"5784","cg26202964",-0.00028,5e-05,1.7e-08,NA,"NO2","GW"
"5785","cg04609090",-0.00019,3.4e-05,1.7e-08,NA,"NO2","GW"
"5786","cg04790154",-0.00044,7.8e-05,1.7e-08,NA,"NO2","GW"
"5787","cg12065442",-0.00033,5.9e-05,1.7e-08,NA,"NO2","GW"
"5788","cg16206931",-0.00014,2.4e-05,1.7e-08,NA,"NO2","GW"
"5789","cg19731612",-6e-04,0.00011,1.7e-08,NA,"NO2","GW"
"5790","cg01788029",-0.00019,3.4e-05,1.7e-08,NA,"NO2","GW"
"5791","cg01934674",-0.00033,5.9e-05,1.7e-08,NA,"NO2","GW"
"5792","cg05768747",-0.00023,4.1e-05,1.7e-08,NA,"NO2","GW"
"5793","cg08728118",-0.00016,2.8e-05,1.7e-08,NA,"NO2","GW"
"5794","cg16702725",-0.00028,5e-05,1.7e-08,NA,"NO2","GW"
"5795","cg00168240",-0.00031,5.4e-05,1.8e-08,NA,"NO2","GW"
"5796","cg06956052",-0.00047,8.2e-05,1.8e-08,NA,"NO2","GW"
"5797","cg09011574",-0.00048,8.5e-05,1.8e-08,NA,"NO2","GW"
"5798","cg09411597",0.00056,1e-04,1.8e-08,NA,"NO2","GW"
"5799","cg09671481",-0.00026,4.6e-05,1.8e-08,NA,"NO2","GW"
"5800","cg14546062",-0.00028,5e-05,1.8e-08,NA,"NO2","GW"
"5801","cg15938989",-0.00032,5.6e-05,1.8e-08,NA,"NO2","GW"
"5802","cg17886303",-0.00035,6.1e-05,1.8e-08,NA,"NO2","GW"
"5803","cg25343280",-0.00058,1e-04,1.8e-08,NA,"NO2","GW"
"5804","cg26159090",-0.00029,5.1e-05,1.8e-08,NA,"NO2","GW"
"5805","cg26906251",-0.00026,4.6e-05,1.8e-08,NA,"NO2","GW"
"5806","cg27118986",-0.00029,5.1e-05,1.8e-08,NA,"NO2","GW"
"5807","cg27170002",-0.00025,4.5e-05,1.8e-08,NA,"NO2","GW"
"5808","cg00811377",-0.00035,6.3e-05,1.8e-08,NA,"NO2","GW"
"5809","cg00933538",-0.00036,6.4e-05,1.8e-08,NA,"NO2","GW"
"5810","cg01311802",-0.00024,4.3e-05,1.8e-08,NA,"NO2","GW"
"5811","cg01960096",-0.00029,5.2e-05,1.8e-08,NA,"NO2","GW"
"5812","cg08038291",-0.00046,8.1e-05,1.8e-08,NA,"NO2","GW"
"5813","cg08108679",-0.00033,5.8e-05,1.8e-08,NA,"NO2","GW"
"5814","cg10635895",-0.00099,0.00017,1.8e-08,NA,"NO2","GW"
"5815","cg19356179",-0.00022,3.8e-05,1.8e-08,NA,"NO2","GW"
"5816","cg26255996",-0.00027,4.8e-05,1.8e-08,NA,"NO2","GW"
"5817","cg26794883",-0.00029,5.2e-05,1.8e-08,NA,"NO2","GW"
"5818","cg00077904",-0.00037,6.6e-05,1.8e-08,NA,"NO2","GW"
"5819","cg00713435",-0.00031,5.5e-05,1.8e-08,NA,"NO2","GW"
"5820","cg07695566",-0.00054,9.6e-05,1.8e-08,NA,"NO2","GW"
"5821","cg08268274",-0.00026,4.7e-05,1.8e-08,NA,"NO2","GW"
"5822","cg12009697",-0.00031,5.5e-05,1.8e-08,NA,"NO2","GW"
"5823","cg14206962",-0.00032,5.7e-05,1.8e-08,NA,"NO2","GW"
"5824","cg18568570",-0.00044,7.7e-05,1.8e-08,NA,"NO2","GW"
"5825","cg21617859",-0.00041,7.4e-05,1.8e-08,NA,"NO2","GW"
"5826","cg23588029",-0.00033,5.9e-05,1.8e-08,NA,"NO2","GW"
"5827","cg26468693",-0.00038,6.7e-05,1.8e-08,NA,"NO2","GW"
"5828","cg04836214",-0.00044,7.9e-05,1.8e-08,NA,"NO2","GW"
"5829","cg06827779",-0.00027,4.8e-05,1.8e-08,NA,"NO2","GW"
"5830","cg07175554",-3e-04,5.4e-05,1.8e-08,NA,"NO2","GW"
"5831","cg11724085",-0.00026,4.6e-05,1.8e-08,NA,"NO2","GW"
"5832","cg13189434",-0.00034,6.1e-05,1.8e-08,NA,"NO2","GW"
"5833","cg15228983",-0.00033,5.8e-05,1.8e-08,NA,"NO2","GW"
"5834","cg26689077",0.00052,9.3e-05,1.8e-08,NA,"NO2","GW"
"5835","cg04958654",-0.00029,5.2e-05,1.8e-08,NA,"NO2","GW"
"5836","cg05372828",-3e-04,5.3e-05,1.8e-08,NA,"NO2","GW"
"5837","cg10590220",-0.00024,4.3e-05,1.8e-08,NA,"NO2","GW"
"5838","cg15606914",-4e-04,7.1e-05,1.8e-08,NA,"NO2","GW"
"5839","cg22169680",-0.00038,6.7e-05,1.8e-08,NA,"NO2","GW"
"5840","cg22882093",-0.00031,5.4e-05,1.8e-08,NA,"NO2","GW"
"5841","cg27506442",0.00058,1e-04,1.8e-08,NA,"NO2","GW"
"5842","cg00909706",-0.00031,5.5e-05,1.8e-08,NA,"NO2","GW"
"5843","cg02637031",-0.00061,0.00011,1.8e-08,NA,"NO2","GW"
"5844","cg03628800",-4e-04,7.1e-05,1.8e-08,NA,"NO2","GW"
"5845","cg06969777",-3e-04,5.4e-05,1.8e-08,NA,"NO2","GW"
"5846","cg09538633",-0.00037,6.5e-05,1.8e-08,NA,"NO2","GW"
"5847","cg10691109",-0.00038,6.7e-05,1.8e-08,NA,"NO2","GW"
"5848","cg17969662",-0.00038,6.7e-05,1.8e-08,NA,"NO2","GW"
"5849","cg26348847",-0.00028,5.1e-05,1.8e-08,NA,"NO2","GW"
"5850","cg01052428",-4e-04,7.1e-05,1.8e-08,NA,"NO2","GW"
"5851","cg01085830",-0.00025,4.4e-05,1.8e-08,NA,"NO2","GW"
"5852","cg04517343",-0.00025,4.5e-05,1.8e-08,NA,"NO2","GW"
"5853","cg06325088",-0.00027,4.8e-05,1.8e-08,NA,"NO2","GW"
"5854","cg08872064",-0.00039,6.9e-05,1.8e-08,NA,"NO2","GW"
"5855","cg12470092",-0.00049,8.7e-05,1.8e-08,NA,"NO2","GW"
"5856","cg18371750",-0.00021,3.8e-05,1.8e-08,NA,"NO2","GW"
"5857","cg20140201",-0.00035,6.2e-05,1.8e-08,NA,"NO2","GW"
"5858","cg20351495",-0.00048,8.6e-05,1.8e-08,NA,"NO2","GW"
"5859","cg20471562",-0.00026,4.6e-05,1.8e-08,NA,"NO2","GW"
"5860","cg23068989",-0.00026,4.6e-05,1.8e-08,NA,"NO2","GW"
"5861","cg23569968",-0.00038,6.7e-05,1.8e-08,NA,"NO2","GW"
"5862","cg01792616",-0.00029,5.2e-05,1.8e-08,NA,"NO2","GW"
"5863","cg03139388",-3e-04,5.4e-05,1.8e-08,NA,"NO2","GW"
"5864","cg03346706",-0.00027,4.9e-05,1.8e-08,NA,"NO2","GW"
"5865","cg08770647",-0.00035,6.3e-05,1.8e-08,NA,"NO2","GW"
"5866","cg13128117",-0.00039,7e-05,1.8e-08,NA,"NO2","GW"
"5867","cg13641993",-0.00031,5.4e-05,1.8e-08,NA,"NO2","GW"
"5868","cg16347629",-0.00033,5.9e-05,1.8e-08,NA,"NO2","GW"
"5869","cg18497925",-4e-04,7.1e-05,1.8e-08,NA,"NO2","GW"
"5870","cg21386766",-0.00024,4.3e-05,1.8e-08,NA,"NO2","GW"
"5871","cg25583367",-2e-04,3.5e-05,1.8e-08,NA,"NO2","GW"
"5872","cg05113927",-0.00062,0.00011,1.8e-08,NA,"NO2","GW"
"5873","cg06815308",-0.00027,4.8e-05,1.8e-08,NA,"NO2","GW"
"5874","cg08197956",-0.00037,6.5e-05,1.8e-08,NA,"NO2","GW"
"5875","cg10238445",-0.00035,6.1e-05,1.8e-08,NA,"NO2","GW"
"5876","cg13420089",-0.00045,8e-05,1.8e-08,NA,"NO2","GW"
"5877","cg18014842",-0.00038,6.7e-05,1.8e-08,NA,"NO2","GW"
"5878","cg23916504",-0.00028,4.9e-05,1.8e-08,NA,"NO2","GW"
"5879","cg24811472",-0.00022,3.9e-05,1.8e-08,NA,"NO2","GW"
"5880","cg24842753",-0.00032,5.6e-05,1.8e-08,NA,"NO2","GW"
"5881","cg00771346",-0.00025,4.4e-05,1.9e-08,NA,"NO2","GW"
"5882","cg01278564",-0.00043,7.7e-05,1.9e-08,NA,"NO2","GW"
"5883","cg05023168",-0.00019,3.4e-05,1.9e-08,NA,"NO2","GW"
"5884","cg10589330",-0.00026,4.6e-05,1.9e-08,NA,"NO2","GW"
"5885","cg14334794",-0.00036,6.5e-05,1.9e-08,NA,"NO2","GW"
"5886","cg15554401",-0.00035,6.2e-05,1.9e-08,NA,"NO2","GW"
"5887","cg16927606",0.00015,2.6e-05,1.9e-08,NA,"NO2","GW"
"5888","cg21221873",-0.00023,4.1e-05,1.9e-08,NA,"NO2","GW"
"5889","cg21879716",-0.00025,4.5e-05,1.9e-08,NA,"NO2","GW"
"5890","cg07539108",-0.00024,4.3e-05,1.9e-08,NA,"NO2","GW"
"5891","cg09399878",-0.00038,6.8e-05,1.9e-08,NA,"NO2","GW"
"5892","cg09686390",-0.00027,4.9e-05,1.9e-08,NA,"NO2","GW"
"5893","cg14556868",-0.00033,5.8e-05,1.9e-08,NA,"NO2","GW"
"5894","cg16386719",-0.00035,6.2e-05,1.9e-08,NA,"NO2","GW"
"5895","cg17861206",-0.00049,8.6e-05,1.9e-08,NA,"NO2","GW"
"5896","cg26987613",-0.00052,9.3e-05,1.9e-08,NA,"NO2","GW"
"5897","cg00365670",-2e-04,3.5e-05,1.9e-08,NA,"NO2","GW"
"5898","cg08123903",-0.00021,3.7e-05,1.9e-08,NA,"NO2","GW"
"5899","cg14555045",-0.00021,3.7e-05,1.9e-08,NA,"NO2","GW"
"5900","cg15489799",-0.00053,9.4e-05,1.9e-08,NA,"NO2","GW"
"5901","cg17473656",-0.00034,6e-05,1.9e-08,NA,"NO2","GW"
"5902","cg17915125",-0.00025,4.4e-05,1.9e-08,NA,"NO2","GW"
"5903","cg20943095",-2e-04,3.6e-05,1.9e-08,NA,"NO2","GW"
"5904","cg26504906",-0.00045,8.1e-05,1.9e-08,NA,"NO2","GW"
"5905","cg04307853",-0.00033,6e-05,1.9e-08,NA,"NO2","GW"
"5906","cg04803856",-0.00025,4.5e-05,1.9e-08,NA,"NO2","GW"
"5907","cg06233930",-0.00031,5.6e-05,1.9e-08,NA,"NO2","GW"
"5908","cg07217030",-0.00065,0.00011,1.9e-08,NA,"NO2","GW"
"5909","cg08063452",-0.00039,6.9e-05,1.9e-08,NA,"NO2","GW"
"5910","cg15100501",-0.00018,3.1e-05,1.9e-08,NA,"NO2","GW"
"5911","cg19855215",-0.00028,5e-05,1.9e-08,NA,"NO2","GW"
"5912","cg21580016",-0.00044,7.8e-05,1.9e-08,NA,"NO2","GW"
"5913","cg23998391",-0.00038,6.7e-05,1.9e-08,NA,"NO2","GW"
"5914","cg06607679",-0.00045,8.1e-05,1.9e-08,NA,"NO2","GW"
"5915","cg08832782",-0.00025,4.5e-05,1.9e-08,NA,"NO2","GW"
"5916","cg13464995",-0.00033,5.8e-05,1.9e-08,NA,"NO2","GW"
"5917","cg13593758",-0.00026,4.6e-05,1.9e-08,NA,"NO2","GW"
"5918","cg17728125",-0.00046,8.2e-05,1.9e-08,NA,"NO2","GW"
"5919","cg17918280",-3e-04,5.3e-05,1.9e-08,NA,"NO2","GW"
"5920","cg18403569",-0.00015,2.7e-05,1.9e-08,NA,"NO2","GW"
"5921","cg20186588",-3e-04,5.3e-05,1.9e-08,NA,"NO2","GW"
"5922","cg01436315",-0.00034,6.1e-05,1.9e-08,NA,"NO2","GW"
"5923","cg02618049",-0.00027,4.9e-05,1.9e-08,NA,"NO2","GW"
"5924","cg11792186",-0.00025,4.4e-05,1.9e-08,NA,"NO2","GW"
"5925","cg12022630",-0.00032,5.7e-05,1.9e-08,NA,"NO2","GW"
"5926","cg17527435",-0.00029,5.2e-05,1.9e-08,NA,"NO2","GW"
"5927","cg06993255",-0.00033,5.9e-05,1.9e-08,NA,"NO2","GW"
"5928","cg14737287",-0.00034,6e-05,1.9e-08,NA,"NO2","GW"
"5929","cg17825400",0.00055,9.8e-05,1.9e-08,NA,"NO2","GW"
"5930","cg27614215",-0.00034,6.1e-05,1.9e-08,NA,"NO2","GW"
"5931","cg04836987",-0.00026,4.6e-05,1.9e-08,NA,"NO2","GW"
"5932","cg05074732",-0.00026,4.7e-05,1.9e-08,NA,"NO2","GW"
"5933","cg12435792",-0.00031,5.4e-05,1.9e-08,NA,"NO2","GW"
"5934","cg15391389",-0.00014,2.5e-05,1.9e-08,NA,"NO2","GW"
"5935","cg26998842",-0.00024,4.3e-05,1.9e-08,NA,"NO2","GW"
"5936","cg02509000",-0.00032,5.6e-05,1.9e-08,NA,"NO2","GW"
"5937","cg07287508",-0.00051,9e-05,1.9e-08,NA,"NO2","GW"
"5938","cg19586709",-0.00035,6.2e-05,1.9e-08,NA,"NO2","GW"
"5939","cg26954729",-0.00021,3.7e-05,1.9e-08,NA,"NO2","GW"
"5940","cg00387200",-0.00042,7.6e-05,1.9e-08,NA,"NO2","GW"
"5941","cg00682158",-0.00029,5.2e-05,1.9e-08,NA,"NO2","GW"
"5942","cg16391608",-4e-04,7.1e-05,1.9e-08,NA,"NO2","GW"
"5943","cg24503449",-0.00031,5.6e-05,1.9e-08,NA,"NO2","GW"
"5944","cg26956007",-0.00027,4.8e-05,1.9e-08,NA,"NO2","GW"
"5945","cg07680649",-0.00028,5e-05,1.9e-08,NA,"NO2","GW"
"5946","cg13570904",-0.00024,4.4e-05,1.9e-08,NA,"NO2","GW"
"5947","cg19846168",-0.00023,4.1e-05,1.9e-08,NA,"NO2","GW"
"5948","cg21052677",-0.00038,6.8e-05,1.9e-08,NA,"NO2","GW"
"5949","cg26447747",-0.00038,6.7e-05,1.9e-08,NA,"NO2","GW"
"5950","cg03922479",-0.00048,8.6e-05,2e-08,NA,"NO2","GW"
"5951","cg09521809",-0.00022,4e-05,2e-08,NA,"NO2","GW"
"5952","cg14121301",-0.00031,5.6e-05,2e-08,NA,"NO2","GW"
"5953","cg14256699",-0.00025,4.5e-05,2e-08,NA,"NO2","GW"
"5954","cg15121959",-0.00017,3e-05,2e-08,NA,"NO2","GW"
"5955","cg22971720",-0.00023,4.1e-05,2e-08,NA,"NO2","GW"
"5956","cg00398500",-5e-04,8.9e-05,2e-08,NA,"NO2","GW"
"5957","cg05461420",-2e-04,3.5e-05,2e-08,NA,"NO2","GW"
"5958","cg09109133",-0.00024,4.2e-05,2e-08,NA,"NO2","GW"
"5959","cg10087374",-0.00028,5e-05,2e-08,NA,"NO2","GW"
"5960","cg10727935",-0.00025,4.5e-05,2e-08,NA,"NO2","GW"
"5961","cg14818960",-0.00036,6.4e-05,2e-08,NA,"NO2","GW"
"5962","cg20275928",-0.00082,0.00015,2e-08,NA,"NO2","GW"
"5963","cg20488341",-3e-04,5.3e-05,2e-08,NA,"NO2","GW"
"5964","cg22709966",-3e-04,5.3e-05,2e-08,NA,"NO2","GW"
"5965","cg01560185",-0.00025,4.4e-05,2e-08,NA,"NO2","GW"
"5966","cg02658319",-0.00028,5e-05,2e-08,NA,"NO2","GW"
"5967","cg04891924",-3e-04,5.4e-05,2e-08,NA,"NO2","GW"
"5968","cg12426612",-4e-04,7.1e-05,2e-08,NA,"NO2","GW"
"5969","cg23011324",-0.00015,2.7e-05,2e-08,NA,"NO2","GW"
"5970","cg01566831",-0.00023,4e-05,2e-08,NA,"NO2","GW"
"5971","cg13474719",-0.00028,4.9e-05,2e-08,NA,"NO2","GW"
"5972","cg17426905",-0.00023,4e-05,2e-08,NA,"NO2","GW"
"5973","cg01890075",-0.00034,6e-05,2e-08,NA,"NO2","GW"
"5974","cg03923850",-0.00027,4.8e-05,2e-08,NA,"NO2","GW"
"5975","cg04112417",-0.00038,6.8e-05,2e-08,NA,"NO2","GW"
"5976","cg04526858",-0.00057,1e-04,2e-08,NA,"NO2","GW"
"5977","cg04815959",-0.00042,7.5e-05,2e-08,NA,"NO2","GW"
"5978","cg05152713",-0.00034,6.1e-05,2e-08,NA,"NO2","GW"
"5979","cg08753469",-0.00023,4.1e-05,2e-08,NA,"NO2","GW"
"5980","cg14125542",-0.00021,3.7e-05,2e-08,NA,"NO2","GW"
"5981","cg20707195",-0.00049,8.7e-05,2e-08,NA,"NO2","GW"
"5982","cg07264818",-0.00027,4.9e-05,2e-08,NA,"NO2","GW"
"5983","cg09316544",-0.00037,6.6e-05,2e-08,NA,"NO2","GW"
"5984","cg20537760",-0.00028,5e-05,2e-08,NA,"NO2","GW"
"5985","cg02488870",-0.00025,4.4e-05,2e-08,NA,"NO2","GW"
"5986","cg06359302",-0.00038,6.7e-05,2e-08,NA,"NO2","GW"
"5987","cg06787622",-0.00035,6.3e-05,2e-08,NA,"NO2","GW"
"5988","cg08345701",-0.00028,4.9e-05,2e-08,NA,"NO2","GW"
"5989","cg13074908",-0.00021,3.7e-05,2e-08,NA,"NO2","GW"
"5990","cg13561792",-0.00022,4e-05,2e-08,NA,"NO2","GW"
"5991","cg15470344",-0.00021,3.7e-05,2e-08,NA,"NO2","GW"
"5992","cg22147917",-0.00032,5.8e-05,2e-08,NA,"NO2","GW"
"5993","cg23110353",-0.00023,4.1e-05,2e-08,NA,"NO2","GW"
"5994","cg15761414",-0.00037,6.7e-05,2e-08,NA,"NO2","GW"
"5995","cg23268290",-0.00036,6.4e-05,2e-08,NA,"NO2","GW"
"5996","cg01714756",-0.00035,6.3e-05,2e-08,NA,"NO2","GW"
"5997","cg03147598",-0.00034,6e-05,2e-08,NA,"NO2","GW"
"5998","cg04488487",-0.00037,6.6e-05,2e-08,NA,"NO2","GW"
"5999","cg05376017",-0.00029,5.2e-05,2e-08,NA,"NO2","GW"
"6000","cg14642222",-0.00025,4.4e-05,2e-08,NA,"NO2","GW"
"6001","cg16124934",-0.00046,8.2e-05,2e-08,NA,"NO2","GW"
"6002","cg19513232",-0.00041,7.2e-05,2e-08,NA,"NO2","GW"
"6003","cg19864002",-2e-04,3.6e-05,2e-08,NA,"NO2","GW"
"6004","cg24664929",-0.00037,6.6e-05,2e-08,NA,"NO2","GW"
"6005","cg25569300",-0.00027,4.8e-05,2e-08,NA,"NO2","GW"
"6006","cg05514136",-0.00028,4.9e-05,2.1e-08,NA,"NO2","GW"
"6007","cg05645422",-3e-04,5.4e-05,2.1e-08,NA,"NO2","GW"
"6008","cg12155036",-0.00068,0.00012,2.1e-08,NA,"NO2","GW"
"6009","cg15207091",-0.00033,5.9e-05,2.1e-08,NA,"NO2","GW"
"6010","cg15423315",-0.00039,6.9e-05,2.1e-08,NA,"NO2","GW"
"6011","cg20200742",-3e-04,5.4e-05,2.1e-08,NA,"NO2","GW"
"6012","cg25583264",-0.00034,6.1e-05,2.1e-08,NA,"NO2","GW"
"6013","cg01459389",-0.00023,4.1e-05,2.1e-08,NA,"NO2","GW"
"6014","cg05260714",-0.00028,4.9e-05,2.1e-08,NA,"NO2","GW"
"6015","cg07617120",-0.00028,4.9e-05,2.1e-08,NA,"NO2","GW"
"6016","cg10122252",-0.00032,5.8e-05,2.1e-08,NA,"NO2","GW"
"6017","cg11195689",-0.00024,4.3e-05,2.1e-08,NA,"NO2","GW"
"6018","cg12565057",0.00034,6.1e-05,2.1e-08,NA,"NO2","GW"
"6019","cg15805567",-0.00034,6.1e-05,2.1e-08,NA,"NO2","GW"
"6020","cg20903926",-0.00043,7.6e-05,2.1e-08,NA,"NO2","GW"
"6021","cg02082083",-0.00038,6.8e-05,2.1e-08,NA,"NO2","GW"
"6022","cg02704949",-0.00041,7.3e-05,2.1e-08,NA,"NO2","GW"
"6023","cg09807856",-0.00026,4.6e-05,2.1e-08,NA,"NO2","GW"
"6024","cg20872981",-0.00036,6.5e-05,2.1e-08,NA,"NO2","GW"
"6025","cg23440520",-3e-04,5.4e-05,2.1e-08,NA,"NO2","GW"
"6026","cg24878594",-0.00037,6.7e-05,2.1e-08,NA,"NO2","GW"
"6027","cg00093695",-0.00027,4.9e-05,2.1e-08,NA,"NO2","GW"
"6028","cg01822600",-0.00025,4.5e-05,2.1e-08,NA,"NO2","GW"
"6029","cg03128860",-0.00035,6.3e-05,2.1e-08,NA,"NO2","GW"
"6030","cg04556646",-0.00038,6.8e-05,2.1e-08,NA,"NO2","GW"
"6031","cg07285148",-0.00018,3.2e-05,2.1e-08,NA,"NO2","GW"
"6032","cg15906692",0.00019,3.4e-05,2.1e-08,NA,"NO2","GW"
"6033","cg25876319",-0.00027,4.9e-05,2.1e-08,NA,"NO2","GW"
"6034","cg08460875",-6e-04,0.00011,2.1e-08,NA,"NO2","GW"
"6035","cg20784098",-0.00036,6.4e-05,2.1e-08,NA,"NO2","GW"
"6036","cg04590303",-0.00023,4.2e-05,2.1e-08,NA,"NO2","GW"
"6037","cg10143883",-0.00029,5.3e-05,2.1e-08,NA,"NO2","GW"
"6038","cg11773537",-0.00022,3.9e-05,2.1e-08,NA,"NO2","GW"
"6039","cg13153540",-3e-04,5.3e-05,2.1e-08,NA,"NO2","GW"
"6040","cg13991631",-0.00035,6.3e-05,2.1e-08,NA,"NO2","GW"
"6041","cg15871157",-0.00023,4.1e-05,2.1e-08,NA,"NO2","GW"
"6042","cg16559302",-0.00029,5.1e-05,2.1e-08,NA,"NO2","GW"
"6043","cg17518776",-0.00035,6.3e-05,2.1e-08,NA,"NO2","GW"
"6044","cg19641315",-0.00034,6.1e-05,2.1e-08,NA,"NO2","GW"
"6045","cg20759600",-0.00024,4.3e-05,2.1e-08,NA,"NO2","GW"
"6046","cg01732465",-0.00032,5.6e-05,2.1e-08,NA,"NO2","GW"
"6047","cg02696830",-3e-04,5.4e-05,2.1e-08,NA,"NO2","GW"
"6048","cg15505276",-0.00046,8.2e-05,2.1e-08,NA,"NO2","GW"
"6049","cg23998083",-0.00035,6.2e-05,2.1e-08,NA,"NO2","GW"
"6050","cg24719241",-0.00019,3.4e-05,2.1e-08,NA,"NO2","GW"
"6051","cg25804447",-0.00032,5.7e-05,2.1e-08,NA,"NO2","GW"
"6052","cg00154557",-0.00026,4.7e-05,2.1e-08,NA,"NO2","GW"
"6053","cg01004363",-0.00041,7.3e-05,2.1e-08,NA,"NO2","GW"
"6054","cg03302801",-0.00024,4.2e-05,2.1e-08,NA,"NO2","GW"
"6055","cg04369651",-0.00035,6.2e-05,2.1e-08,NA,"NO2","GW"
"6056","cg05971321",-0.00015,2.6e-05,2.1e-08,NA,"NO2","GW"
"6057","cg06634179",-0.00024,4.2e-05,2.1e-08,NA,"NO2","GW"
"6058","cg11639612",-0.00031,5.6e-05,2.1e-08,NA,"NO2","GW"
"6059","cg15421520",-4e-04,7.2e-05,2.1e-08,NA,"NO2","GW"
"6060","cg20627652",-0.00043,7.7e-05,2.1e-08,NA,"NO2","GW"
"6061","cg26253070",-0.00025,4.5e-05,2.1e-08,NA,"NO2","GW"
"6062","cg15430169",-0.00019,3.3e-05,2.1e-08,NA,"NO2","GW"
"6063","cg19241690",-0.00037,6.5e-05,2.1e-08,NA,"NO2","GW"
"6064","cg22735302",-0.00036,6.5e-05,2.1e-08,NA,"NO2","GW"
"6065","cg24058446",-0.00028,4.9e-05,2.1e-08,NA,"NO2","GW"
"6066","cg01703971",-0.00029,5.1e-05,2.1e-08,NA,"NO2","GW"
"6067","cg03008241",-0.00033,5.9e-05,2.1e-08,NA,"NO2","GW"
"6068","cg04618277",-0.00027,4.9e-05,2.1e-08,NA,"NO2","GW"
"6069","cg06276653",-2e-04,3.6e-05,2.1e-08,NA,"NO2","GW"
"6070","cg06521653",-0.00065,0.00012,2.1e-08,NA,"NO2","GW"
"6071","cg14531310",-0.00024,4.3e-05,2.1e-08,NA,"NO2","GW"
"6072","cg16208395",-0.00024,4.4e-05,2.1e-08,NA,"NO2","GW"
"6073","cg16875500",-4e-04,7.2e-05,2.1e-08,NA,"NO2","GW"
"6074","cg17489871",-0.00028,5e-05,2.1e-08,NA,"NO2","GW"
"6075","cg26702670",-0.00023,4e-05,2.1e-08,NA,"NO2","GW"
"6076","cg00515756",-0.00031,5.5e-05,2.2e-08,NA,"NO2","GW"
"6077","cg06542140",-0.00026,4.6e-05,2.2e-08,NA,"NO2","GW"
"6078","cg08118599",-0.00027,4.8e-05,2.2e-08,NA,"NO2","GW"
"6079","cg09064095",-0.00031,5.6e-05,2.2e-08,NA,"NO2","GW"
"6080","cg11765913",-0.00041,7.3e-05,2.2e-08,NA,"NO2","GW"
"6081","cg14446494",-0.00035,6.3e-05,2.2e-08,NA,"NO2","GW"
"6082","cg19720753",-0.00038,6.7e-05,2.2e-08,NA,"NO2","GW"
"6083","cg01108710",-3e-04,5.4e-05,2.2e-08,NA,"NO2","GW"
"6084","cg10985158",-0.00033,5.8e-05,2.2e-08,NA,"NO2","GW"
"6085","cg00888336",-0.00025,4.4e-05,2.2e-08,NA,"NO2","GW"
"6086","cg02508743",0.00073,0.00013,2.2e-08,NA,"NO2","GW"
"6087","cg09837648",-3e-04,5.3e-05,2.2e-08,NA,"NO2","GW"
"6088","cg09890989",-0.00038,6.9e-05,2.2e-08,NA,"NO2","GW"
"6089","cg14353506",-0.00034,6.1e-05,2.2e-08,NA,"NO2","GW"
"6090","cg19249107",-0.00035,6.3e-05,2.2e-08,NA,"NO2","GW"
"6091","cg20100668",-0.00018,3.2e-05,2.2e-08,NA,"NO2","GW"
"6092","cg20957755",-0.00019,3.4e-05,2.2e-08,NA,"NO2","GW"
"6093","cg22296593",-0.00027,4.8e-05,2.2e-08,NA,"NO2","GW"
"6094","cg22484397",-3e-04,5.3e-05,2.2e-08,NA,"NO2","GW"
"6095","cg23181035",-0.00032,5.8e-05,2.2e-08,NA,"NO2","GW"
"6096","cg03352346",-0.00035,6.2e-05,2.2e-08,NA,"NO2","GW"
"6097","cg04813711",-0.00022,3.9e-05,2.2e-08,NA,"NO2","GW"
"6098","cg05982504",-0.00044,7.8e-05,2.2e-08,NA,"NO2","GW"
"6099","cg11852843",-3e-04,5.4e-05,2.2e-08,NA,"NO2","GW"
"6100","cg16527339",-2e-04,3.5e-05,2.2e-08,NA,"NO2","GW"
"6101","cg21752637",-0.00022,3.9e-05,2.2e-08,NA,"NO2","GW"
"6102","cg01259126",-4e-04,7.2e-05,2.2e-08,NA,"NO2","GW"
"6103","cg01428678",-0.00019,3.4e-05,2.2e-08,NA,"NO2","GW"
"6104","cg02341670",-0.00025,4.4e-05,2.2e-08,NA,"NO2","GW"
"6105","cg06742778",-0.00036,6.4e-05,2.2e-08,NA,"NO2","GW"
"6106","cg08482926",-0.00036,6.5e-05,2.2e-08,NA,"NO2","GW"
"6107","cg08710564",-0.00024,4.2e-05,2.2e-08,NA,"NO2","GW"
"6108","cg14661969",-0.00024,4.3e-05,2.2e-08,NA,"NO2","GW"
"6109","cg21214566",-0.00043,7.7e-05,2.2e-08,NA,"NO2","GW"
"6110","cg04234540",-0.00022,3.9e-05,2.2e-08,NA,"NO2","GW"
"6111","cg05589691",-0.00031,5.5e-05,2.2e-08,NA,"NO2","GW"
"6112","cg13497268",-0.00032,5.6e-05,2.2e-08,NA,"NO2","GW"
"6113","cg15207999",-0.00028,5e-05,2.2e-08,NA,"NO2","GW"
"6114","cg18330370",-0.00034,6.1e-05,2.2e-08,NA,"NO2","GW"
"6115","cg27616543",-0.00031,5.5e-05,2.2e-08,NA,"NO2","GW"
"6116","cg13956167",-0.00027,4.9e-05,2.2e-08,NA,"NO2","GW"
"6117","cg15006681",-0.00077,0.00014,2.2e-08,NA,"NO2","GW"
"6118","cg18353741",-0.00033,5.8e-05,2.2e-08,NA,"NO2","GW"
"6119","cg19602370",-0.00027,4.8e-05,2.2e-08,NA,"NO2","GW"
"6120","cg27215916",-0.00034,6.1e-05,2.2e-08,NA,"NO2","GW"
"6121","cg00322201",-0.00036,6.3e-05,2.2e-08,NA,"NO2","GW"
"6122","cg00757420",-3e-04,5.3e-05,2.2e-08,NA,"NO2","GW"
"6123","cg04903829",-0.00031,5.5e-05,2.2e-08,NA,"NO2","GW"
"6124","cg07841831",-0.00034,6.2e-05,2.2e-08,NA,"NO2","GW"
"6125","cg10192145",-2e-04,3.6e-05,2.2e-08,NA,"NO2","GW"
"6126","cg10628785",-0.00035,6.3e-05,2.2e-08,NA,"NO2","GW"
"6127","cg12417807",-0.00024,4.3e-05,2.2e-08,NA,"NO2","GW"
"6128","cg16126291",-0.00025,4.5e-05,2.2e-08,NA,"NO2","GW"
"6129","cg23048698",-0.00022,3.9e-05,2.2e-08,NA,"NO2","GW"
"6130","cg25518571",-0.00015,2.8e-05,2.2e-08,NA,"NO2","GW"
"6131","cg00349948",-0.00029,5.2e-05,2.2e-08,NA,"NO2","GW"
"6132","cg12800200",-0.00029,5.1e-05,2.2e-08,NA,"NO2","GW"
"6133","cg16360432",-0.00038,6.8e-05,2.2e-08,NA,"NO2","GW"
"6134","cg18346576",-6e-04,0.00011,2.2e-08,NA,"NO2","GW"
"6135","cg22434835",-0.00013,2.4e-05,2.2e-08,NA,"NO2","GW"
"6136","cg24698488",-0.00018,3.2e-05,2.2e-08,NA,"NO2","GW"
"6137","cg01162915",-0.00041,7.4e-05,2.2e-08,NA,"NO2","GW"
"6138","cg07185165",-0.00038,6.9e-05,2.2e-08,NA,"NO2","GW"
"6139","cg15474711",-0.00039,6.9e-05,2.2e-08,NA,"NO2","GW"
"6140","cg25357706",-4e-04,7.2e-05,2.2e-08,NA,"NO2","GW"
"6141","cg03072195",-3e-04,5.3e-05,2.2e-08,NA,"NO2","GW"
"6142","cg17401106",-0.00044,7.9e-05,2.2e-08,NA,"NO2","GW"
"6143","cg22717825",-0.00032,5.8e-05,2.2e-08,NA,"NO2","GW"
"6144","cg24950402",-0.00026,4.7e-05,2.2e-08,NA,"NO2","GW"
"6145","cg25315503",-0.00037,6.6e-05,2.2e-08,NA,"NO2","GW"
"6146","cg02180737",-0.00026,4.7e-05,2.3e-08,NA,"NO2","GW"
"6147","cg03432085",-0.00026,4.6e-05,2.3e-08,NA,"NO2","GW"
"6148","cg05492113",-3e-04,5.4e-05,2.3e-08,NA,"NO2","GW"
"6149","cg09322655",-0.00037,6.6e-05,2.3e-08,NA,"NO2","GW"
"6150","cg16960396",-0.00029,5.2e-05,2.3e-08,NA,"NO2","GW"
"6151","cg24571899",-0.00031,5.5e-05,2.3e-08,NA,"NO2","GW"
"6152","cg00988175",-0.00025,4.5e-05,2.3e-08,NA,"NO2","GW"
"6153","cg12608881",-3e-04,5.4e-05,2.3e-08,NA,"NO2","GW"
"6154","cg13130338",-0.00038,6.8e-05,2.3e-08,NA,"NO2","GW"
"6155","cg06407390",-0.00033,5.8e-05,2.3e-08,NA,"NO2","GW"
"6156","cg09023584",-0.00027,4.9e-05,2.3e-08,NA,"NO2","GW"
"6157","cg09754110",-0.00015,2.8e-05,2.3e-08,NA,"NO2","GW"
"6158","cg15907480",-0.00051,9.2e-05,2.3e-08,NA,"NO2","GW"
"6159","cg21561124",-0.00029,5.2e-05,2.3e-08,NA,"NO2","GW"
"6160","cg22450045",-0.00024,4.3e-05,2.3e-08,NA,"NO2","GW"
"6161","cg05667101",-0.00021,3.7e-05,2.3e-08,NA,"NO2","GW"
"6162","cg06646112",-0.00034,6.2e-05,2.3e-08,NA,"NO2","GW"
"6163","cg09380688",-0.00026,4.6e-05,2.3e-08,NA,"NO2","GW"
"6164","cg16010467",-3e-04,5.4e-05,2.3e-08,NA,"NO2","GW"
"6165","cg02055351",-0.00029,5.3e-05,2.3e-08,NA,"NO2","GW"
"6166","cg08301965",-0.00024,4.4e-05,2.3e-08,NA,"NO2","GW"
"6167","cg15450098",-0.00021,3.8e-05,2.3e-08,NA,"NO2","GW"
"6168","cg17499324",-0.00038,6.7e-05,2.3e-08,NA,"NO2","GW"
"6169","cg20677982",-2e-04,3.6e-05,2.3e-08,NA,"NO2","GW"
"6170","cg09420510",-0.00023,4.1e-05,2.3e-08,NA,"NO2","GW"
"6171","cg25273707",-0.00058,1e-04,2.3e-08,NA,"NO2","GW"
"6172","cg01244775",-0.00039,7e-05,2.3e-08,NA,"NO2","GW"
"6173","cg03678566",-0.00046,8.2e-05,2.3e-08,NA,"NO2","GW"
"6174","cg07705739",-0.00037,6.6e-05,2.3e-08,NA,"NO2","GW"
"6175","cg09508556",-3e-04,5.4e-05,2.3e-08,NA,"NO2","GW"
"6176","cg18786891",-0.00026,4.7e-05,2.3e-08,NA,"NO2","GW"
"6177","cg18823272",-0.00028,5.1e-05,2.3e-08,NA,"NO2","GW"
"6178","cg01732875",-0.00025,4.4e-05,2.3e-08,NA,"NO2","GW"
"6179","cg08822118",-0.00043,7.7e-05,2.3e-08,NA,"NO2","GW"
"6180","cg11597185",-0.00022,3.9e-05,2.3e-08,NA,"NO2","GW"
"6181","cg17917750",-0.00024,4.3e-05,2.3e-08,NA,"NO2","GW"
"6182","cg19305718",-0.00026,4.7e-05,2.3e-08,NA,"NO2","GW"
"6183","cg00674681",-3e-04,5.4e-05,2.3e-08,NA,"NO2","GW"
"6184","cg02253586",-0.00034,6.1e-05,2.3e-08,NA,"NO2","GW"
"6185","cg07087779",-0.00035,6.3e-05,2.3e-08,NA,"NO2","GW"
"6186","cg13985639",-0.00036,6.5e-05,2.3e-08,NA,"NO2","GW"
"6187","cg21071138",-0.00029,5.1e-05,2.3e-08,NA,"NO2","GW"
"6188","cg00512454",-0.00034,6.1e-05,2.4e-08,NA,"NO2","GW"
"6189","cg03917100",-0.00035,6.2e-05,2.4e-08,NA,"NO2","GW"
"6190","cg20069972",-2e-04,3.7e-05,2.4e-08,NA,"NO2","GW"
"6191","cg22847608",-0.00035,6.3e-05,2.4e-08,NA,"NO2","GW"
"6192","cg26114457",-0.00028,5e-05,2.4e-08,NA,"NO2","GW"
"6193","cg02350785",-0.00026,4.6e-05,2.4e-08,NA,"NO2","GW"
"6194","cg03291548",-0.00054,9.7e-05,2.4e-08,NA,"NO2","GW"
"6195","cg03674552",-3e-04,5.5e-05,2.4e-08,NA,"NO2","GW"
"6196","cg05225089",-0.00027,4.8e-05,2.4e-08,NA,"NO2","GW"
"6197","cg05624623",-4e-04,7.1e-05,2.4e-08,NA,"NO2","GW"
"6198","cg12434085",-4e-04,7.2e-05,2.4e-08,NA,"NO2","GW"
"6199","cg13676763",-0.00062,0.00011,2.4e-08,NA,"NO2","GW"
"6200","cg04207306",-0.00044,7.9e-05,2.4e-08,NA,"NO2","GW"
"6201","cg05886689",-0.00046,8.2e-05,2.4e-08,NA,"NO2","GW"
"6202","cg09245192",-0.00031,5.5e-05,2.4e-08,NA,"NO2","GW"
"6203","cg09745791",-0.00048,8.6e-05,2.4e-08,NA,"NO2","GW"
"6204","cg09827071",-0.00057,1e-04,2.4e-08,NA,"NO2","GW"
"6205","cg16089796",-0.00027,4.8e-05,2.4e-08,NA,"NO2","GW"
"6206","cg17007693",-0.00028,5.1e-05,2.4e-08,NA,"NO2","GW"
"6207","cg18684755",-0.00032,5.7e-05,2.4e-08,NA,"NO2","GW"
"6208","cg10525372",-2e-04,3.6e-05,2.4e-08,NA,"NO2","GW"
"6209","cg13750214",-0.00027,4.8e-05,2.4e-08,NA,"NO2","GW"
"6210","cg15157974",-0.00026,4.7e-05,2.4e-08,NA,"NO2","GW"
"6211","cg16586594",-7e-04,0.00013,2.4e-08,NA,"NO2","GW"
"6212","cg20686001",-0.00036,6.4e-05,2.4e-08,NA,"NO2","GW"
"6213","cg03748310",-0.00016,2.8e-05,2.4e-08,NA,"NO2","GW"
"6214","cg04627093",-0.00028,5.1e-05,2.4e-08,NA,"NO2","GW"
"6215","cg15196820",-0.00042,7.6e-05,2.4e-08,NA,"NO2","GW"
"6216","cg18057618",0.00046,8.3e-05,2.4e-08,NA,"NO2","GW"
"6217","cg26574904",-0.00036,6.4e-05,2.4e-08,NA,"NO2","GW"
"6218","cg00275126",-3e-04,5.5e-05,2.4e-08,NA,"NO2","GW"
"6219","cg00357494",-0.00031,5.5e-05,2.4e-08,NA,"NO2","GW"
"6220","cg01072658",-0.00037,6.7e-05,2.4e-08,NA,"NO2","GW"
"6221","cg04173397",-0.00054,9.7e-05,2.4e-08,NA,"NO2","GW"
"6222","cg14601053",-4e-04,7.2e-05,2.4e-08,NA,"NO2","GW"
"6223","cg19130630",-0.00026,4.6e-05,2.4e-08,NA,"NO2","GW"
"6224","cg22820426",-0.00024,4.2e-05,2.4e-08,NA,"NO2","GW"
"6225","cg10601821",-0.00037,6.7e-05,2.4e-08,NA,"NO2","GW"
"6226","cg13607179",-0.00038,6.8e-05,2.4e-08,NA,"NO2","GW"
"6227","cg16805557",-0.00028,4.9e-05,2.4e-08,NA,"NO2","GW"
"6228","cg21616626",-0.00035,6.2e-05,2.4e-08,NA,"NO2","GW"
"6229","cg03695433",-3e-04,5.3e-05,2.4e-08,NA,"NO2","GW"
"6230","cg04048249",-0.00034,6.1e-05,2.4e-08,NA,"NO2","GW"
"6231","cg19927661",-0.00025,4.4e-05,2.4e-08,NA,"NO2","GW"
"6232","cg04444942",-0.00028,5.1e-05,2.4e-08,NA,"NO2","GW"
"6233","cg11105029",-0.00034,6.1e-05,2.4e-08,NA,"NO2","GW"
"6234","cg21304454",-0.00027,4.8e-05,2.4e-08,NA,"NO2","GW"
"6235","cg25206280",-3e-04,5.3e-05,2.4e-08,NA,"NO2","GW"
"6236","cg02819808",-0.00021,3.8e-05,2.5e-08,NA,"NO2","GW"
"6237","cg03728674",-0.00042,7.5e-05,2.5e-08,NA,"NO2","GW"
"6238","cg10888244",-0.00055,9.9e-05,2.5e-08,NA,"NO2","GW"
"6239","cg19375336",-0.00021,3.8e-05,2.5e-08,NA,"NO2","GW"
"6240","cg23345697",-0.00052,9.3e-05,2.5e-08,NA,"NO2","GW"
"6241","cg25747670",-0.00038,6.8e-05,2.5e-08,NA,"NO2","GW"
"6242","cg03623111",-0.00039,7e-05,2.5e-08,NA,"NO2","GW"
"6243","cg03742132",-0.00021,3.7e-05,2.5e-08,NA,"NO2","GW"
"6244","cg10211744",-0.00044,7.8e-05,2.5e-08,NA,"NO2","GW"
"6245","cg14826211",-0.00031,5.5e-05,2.5e-08,NA,"NO2","GW"
"6246","cg16399624",-0.00041,7.4e-05,2.5e-08,NA,"NO2","GW"
"6247","cg18695221",-0.00018,3.2e-05,2.5e-08,NA,"NO2","GW"
"6248","cg21587375",-0.00041,7.3e-05,2.5e-08,NA,"NO2","GW"
"6249","cg26535547",-0.00029,5.2e-05,2.5e-08,NA,"NO2","GW"
"6250","cg00986350",-0.00061,0.00011,2.5e-08,NA,"NO2","GW"
"6251","cg08940490",-0.00036,6.4e-05,2.5e-08,NA,"NO2","GW"
"6252","cg10097464",-0.00051,9.2e-05,2.5e-08,NA,"NO2","GW"
"6253","cg17126250",-0.00035,6.2e-05,2.5e-08,NA,"NO2","GW"
"6254","cg27303933",-0.00033,6e-05,2.5e-08,NA,"NO2","GW"
"6255","cg05162358",-0.00032,5.8e-05,2.5e-08,NA,"NO2","GW"
"6256","cg08553452",-0.00029,5.2e-05,2.5e-08,NA,"NO2","GW"
"6257","cg12069042",-0.00026,4.6e-05,2.5e-08,NA,"NO2","GW"
"6258","cg15439078",-0.00036,6.4e-05,2.5e-08,NA,"NO2","GW"
"6259","cg08835403",-0.00039,7e-05,2.5e-08,NA,"NO2","GW"
"6260","cg09085201",-4e-04,7.2e-05,2.5e-08,NA,"NO2","GW"
"6261","cg09694272",-0.00022,4e-05,2.5e-08,NA,"NO2","GW"
"6262","cg09990539",-0.00024,4.4e-05,2.5e-08,NA,"NO2","GW"
"6263","cg15955655",-0.00032,5.8e-05,2.5e-08,NA,"NO2","GW"
"6264","cg17445625",-0.00033,5.9e-05,2.5e-08,NA,"NO2","GW"
"6265","cg25754852",-0.00022,3.9e-05,2.5e-08,NA,"NO2","GW"
"6266","cg25882240",-0.00032,5.8e-05,2.5e-08,NA,"NO2","GW"
"6267","cg26766694",-0.00047,8.4e-05,2.5e-08,NA,"NO2","GW"
"6268","cg00819141",-0.00035,6.3e-05,2.5e-08,NA,"NO2","GW"
"6269","cg04578149",-0.00034,6.1e-05,2.5e-08,NA,"NO2","GW"
"6270","cg04743510",-0.00042,7.5e-05,2.5e-08,NA,"NO2","GW"
"6271","cg10006979",-0.00025,4.5e-05,2.5e-08,NA,"NO2","GW"
"6272","cg22226680",-0.00026,4.6e-05,2.5e-08,NA,"NO2","GW"
"6273","cg12342003",-0.00038,6.9e-05,2.5e-08,NA,"NO2","GW"
"6274","cg13510520",-0.00017,3e-05,2.5e-08,NA,"NO2","GW"
"6275","cg16257559",-0.00032,5.7e-05,2.5e-08,NA,"NO2","GW"
"6276","cg16630369",-0.00034,6e-05,2.5e-08,NA,"NO2","GW"
"6277","cg23688350",-5e-04,9e-05,2.5e-08,NA,"NO2","GW"
"6278","cg25320169",-0.00052,9.3e-05,2.5e-08,NA,"NO2","GW"
"6279","cg03103944",-0.00027,4.8e-05,2.5e-08,NA,"NO2","GW"
"6280","cg17024482",-3e-04,5.3e-05,2.5e-08,NA,"NO2","GW"
"6281","cg26758340",-0.00032,5.7e-05,2.5e-08,NA,"NO2","GW"
"6282","cg00165360",-0.00029,5.2e-05,2.5e-08,NA,"NO2","GW"
"6283","cg07925311",-0.00032,5.7e-05,2.5e-08,NA,"NO2","GW"
"6284","cg13792913",-0.00046,8.2e-05,2.5e-08,NA,"NO2","GW"
"6285","cg16123211",-0.00038,6.8e-05,2.5e-08,NA,"NO2","GW"
"6286","cg26172342",-0.00059,0.00011,2.5e-08,NA,"NO2","GW"
"6287","cg27652869",-0.00043,7.7e-05,2.5e-08,NA,"NO2","GW"
"6288","cg13718686",-0.00037,6.6e-05,2.6e-08,NA,"NO2","GW"
"6289","cg13726563",-0.00035,6.2e-05,2.6e-08,NA,"NO2","GW"
"6290","cg15148394",-4e-04,7.1e-05,2.6e-08,NA,"NO2","GW"
"6291","cg18593210",-0.00035,6.2e-05,2.6e-08,NA,"NO2","GW"
"6292","cg05718035",-0.00033,5.9e-05,2.6e-08,NA,"NO2","GW"
"6293","cg20716202",-0.00025,4.6e-05,2.6e-08,NA,"NO2","GW"
"6294","cg21151017",-2e-04,3.7e-05,2.6e-08,NA,"NO2","GW"
"6295","cg00339331",-0.00035,6.3e-05,2.6e-08,NA,"NO2","GW"
"6296","cg04116432",-0.00048,8.6e-05,2.6e-08,NA,"NO2","GW"
"6297","cg16203491",-0.00041,7.3e-05,2.6e-08,NA,"NO2","GW"
"6298","cg08149865",-0.00052,9.3e-05,2.6e-08,NA,"NO2","GW"
"6299","cg08599085",-0.00029,5.1e-05,2.6e-08,NA,"NO2","GW"
"6300","cg12235260",-0.00024,4.2e-05,2.6e-08,NA,"NO2","GW"
"6301","cg21096141",-2e-04,3.6e-05,2.6e-08,NA,"NO2","GW"
"6302","cg23398109",-0.00021,3.7e-05,2.6e-08,NA,"NO2","GW"
"6303","cg01748414",-0.00022,3.9e-05,2.6e-08,NA,"NO2","GW"
"6304","cg04003772",-0.00031,5.5e-05,2.6e-08,NA,"NO2","GW"
"6305","cg07160540",-0.00031,5.6e-05,2.6e-08,NA,"NO2","GW"
"6306","cg13530039",-0.00042,7.6e-05,2.6e-08,NA,"NO2","GW"
"6307","cg22733580",-0.00036,6.4e-05,2.6e-08,NA,"NO2","GW"
"6308","cg23228279",-0.00031,5.5e-05,2.6e-08,NA,"NO2","GW"
"6309","cg02599626",-0.00025,4.5e-05,2.6e-08,NA,"NO2","GW"
"6310","cg04617428",-5e-04,9e-05,2.6e-08,NA,"NO2","GW"
"6311","cg06689049",-0.00041,7.4e-05,2.6e-08,NA,"NO2","GW"
"6312","cg10583392",-0.00031,5.6e-05,2.6e-08,NA,"NO2","GW"
"6313","cg19781696",-0.00024,4.2e-05,2.6e-08,NA,"NO2","GW"
"6314","cg00978848",-0.00041,7.3e-05,2.6e-08,NA,"NO2","GW"
"6315","cg02284278",-3e-04,5.3e-05,2.6e-08,NA,"NO2","GW"
"6316","cg14590637",-0.00032,5.7e-05,2.6e-08,NA,"NO2","GW"
"6317","cg14630099",-0.00029,5.2e-05,2.6e-08,NA,"NO2","GW"
"6318","cg15347348",-0.00044,7.8e-05,2.6e-08,NA,"NO2","GW"
"6319","cg17001194",-0.00039,7.1e-05,2.6e-08,NA,"NO2","GW"
"6320","cg22542859",-0.00024,4.3e-05,2.6e-08,NA,"NO2","GW"
"6321","cg25229467",-0.00032,5.8e-05,2.6e-08,NA,"NO2","GW"
"6322","cg00872683",-0.00028,5e-05,2.6e-08,NA,"NO2","GW"
"6323","cg11945096",-0.00024,4.3e-05,2.6e-08,NA,"NO2","GW"
"6324","cg22972318",-0.00032,5.8e-05,2.6e-08,NA,"NO2","GW"
"6325","cg03458229",-0.00028,5.1e-05,2.6e-08,NA,"NO2","GW"
"6326","cg05309280",-0.00056,1e-04,2.6e-08,NA,"NO2","GW"
"6327","cg08117126",-0.00029,5.2e-05,2.6e-08,NA,"NO2","GW"
"6328","cg10021786",-0.00023,4.2e-05,2.6e-08,NA,"NO2","GW"
"6329","cg10143416",-0.00025,4.6e-05,2.6e-08,NA,"NO2","GW"
"6330","cg13975404",-2e-04,3.6e-05,2.6e-08,NA,"NO2","GW"
"6331","cg21384691",-0.00032,5.7e-05,2.6e-08,NA,"NO2","GW"
"6332","cg26060665",-0.00022,3.9e-05,2.6e-08,NA,"NO2","GW"
"6333","cg27512316",-0.00041,7.3e-05,2.6e-08,NA,"NO2","GW"
"6334","cg02648589",0.00097,0.00018,2.6e-08,NA,"NO2","GW"
"6335","cg10045909",0.00054,9.7e-05,2.6e-08,NA,"NO2","GW"
"6336","cg13051970",-0.00044,7.9e-05,2.6e-08,NA,"NO2","GW"
"6337","cg14572705",-0.00019,3.4e-05,2.6e-08,NA,"NO2","GW"
"6338","cg26371327",-0.00082,0.00015,2.6e-08,NA,"NO2","GW"
"6339","cg08603768",-0.00029,5.3e-05,2.7e-08,NA,"NO2","GW"
"6340","cg13649658",-0.00027,4.8e-05,2.7e-08,NA,"NO2","GW"
"6341","cg16360861",-0.00023,4.2e-05,2.7e-08,NA,"NO2","GW"
"6342","cg18438187",-0.00036,6.5e-05,2.7e-08,NA,"NO2","GW"
"6343","cg21464975",-0.00022,3.9e-05,2.7e-08,NA,"NO2","GW"
"6344","cg23388392",-0.00034,6.2e-05,2.7e-08,NA,"NO2","GW"
"6345","cg27263063",-2e-04,3.6e-05,2.7e-08,NA,"NO2","GW"
"6346","cg06302818",-0.00027,4.9e-05,2.7e-08,NA,"NO2","GW"
"6347","cg15320272",-0.00022,3.9e-05,2.7e-08,NA,"NO2","GW"
"6348","cg17165475",-0.00033,5.9e-05,2.7e-08,NA,"NO2","GW"
"6349","cg18120259",-0.00067,0.00012,2.7e-08,NA,"NO2","GW"
"6350","cg04326348",-4e-04,7.2e-05,2.7e-08,NA,"NO2","GW"
"6351","cg09491068",-0.00031,5.6e-05,2.7e-08,NA,"NO2","GW"
"6352","cg09730689",-3e-04,5.4e-05,2.7e-08,NA,"NO2","GW"
"6353","cg11516031",-0.00048,8.6e-05,2.7e-08,NA,"NO2","GW"
"6354","cg11766283",-0.00036,6.4e-05,2.7e-08,NA,"NO2","GW"
"6355","cg13031367",-2e-04,3.7e-05,2.7e-08,NA,"NO2","GW"
"6356","cg21049809",-0.00039,7.1e-05,2.7e-08,NA,"NO2","GW"
"6357","cg23239344",-0.00026,4.6e-05,2.7e-08,NA,"NO2","GW"
"6358","cg23619217",-0.00037,6.7e-05,2.7e-08,NA,"NO2","GW"
"6359","cg08755622",-0.00026,4.7e-05,2.7e-08,NA,"NO2","GW"
"6360","cg14372635",-0.00027,4.9e-05,2.7e-08,NA,"NO2","GW"
"6361","cg20438324",-0.00024,4.4e-05,2.7e-08,NA,"NO2","GW"
"6362","cg01181932",-0.00021,3.8e-05,2.7e-08,NA,"NO2","GW"
"6363","cg11065467",-0.00036,6.4e-05,2.7e-08,NA,"NO2","GW"
"6364","cg20329486",-0.00029,5.3e-05,2.7e-08,NA,"NO2","GW"
"6365","cg24676755",-0.00022,4e-05,2.7e-08,NA,"NO2","GW"
"6366","cg26286082",-0.00038,6.8e-05,2.7e-08,NA,"NO2","GW"
"6367","cg08096381",-0.00066,0.00012,2.7e-08,NA,"NO2","GW"
"6368","cg17945140",-2e-04,3.6e-05,2.7e-08,NA,"NO2","GW"
"6369","cg22020813",-0.00031,5.6e-05,2.7e-08,NA,"NO2","GW"
"6370","cg00134415",-0.00038,6.8e-05,2.7e-08,NA,"NO2","GW"
"6371","cg00425827",-0.00045,8.1e-05,2.7e-08,NA,"NO2","GW"
"6372","cg07442487",-0.00021,3.9e-05,2.7e-08,NA,"NO2","GW"
"6373","cg09228949",-3e-04,5.4e-05,2.7e-08,NA,"NO2","GW"
"6374","cg15833565",-0.00028,5.1e-05,2.7e-08,NA,"NO2","GW"
"6375","cg20076442",-0.00093,0.00017,2.7e-08,NA,"NO2","GW"
"6376","cg21622536",-0.00044,7.9e-05,2.7e-08,NA,"NO2","GW"
"6377","cg00643123",-0.00042,7.5e-05,2.7e-08,NA,"NO2","GW"
"6378","cg07106615",-0.00022,4.1e-05,2.7e-08,NA,"NO2","GW"
"6379","cg09535963",-0.00034,6.1e-05,2.7e-08,NA,"NO2","GW"
"6380","cg22410826",-0.00026,4.6e-05,2.7e-08,NA,"NO2","GW"
"6381","cg22870280",-3e-04,5.5e-05,2.7e-08,NA,"NO2","GW"
"6382","cg25718132",-0.00037,6.7e-05,2.7e-08,NA,"NO2","GW"
"6383","cg00145911",-0.00027,4.9e-05,2.7e-08,NA,"NO2","GW"
"6384","cg01633093",-0.00025,4.4e-05,2.7e-08,NA,"NO2","GW"
"6385","cg02993944",-0.00016,2.9e-05,2.7e-08,NA,"NO2","GW"
"6386","cg11941929",-0.00034,6.1e-05,2.7e-08,NA,"NO2","GW"
"6387","cg12800915",-0.00038,6.8e-05,2.7e-08,NA,"NO2","GW"
"6388","cg13234732",-0.00022,3.9e-05,2.7e-08,NA,"NO2","GW"
"6389","cg16313758",-0.00038,6.8e-05,2.7e-08,NA,"NO2","GW"
"6390","cg21149811",-0.00034,6.1e-05,2.7e-08,NA,"NO2","GW"
"6391","cg27454789",-0.00019,3.4e-05,2.7e-08,NA,"NO2","GW"
"6392","cg16061228",-0.00028,5.1e-05,2.8e-08,NA,"NO2","GW"
"6393","cg17939432",-0.00027,4.8e-05,2.8e-08,NA,"NO2","GW"
"6394","cg18589504",-0.00022,4e-05,2.8e-08,NA,"NO2","GW"
"6395","cg22794775",-0.00019,3.4e-05,2.8e-08,NA,"NO2","GW"
"6396","cg24082440",-0.00034,6.1e-05,2.8e-08,NA,"NO2","GW"
"6397","cg25921357",-0.00076,0.00014,2.8e-08,NA,"NO2","GW"
"6398","cg26876703",-0.00027,4.9e-05,2.8e-08,NA,"NO2","GW"
"6399","cg26878999",-3e-04,5.5e-05,2.8e-08,NA,"NO2","GW"
"6400","cg26902130",-0.00024,4.3e-05,2.8e-08,NA,"NO2","GW"
"6401","cg04125710",-0.00031,5.6e-05,2.8e-08,NA,"NO2","GW"
"6402","cg15232214",-0.00015,2.6e-05,2.8e-08,NA,"NO2","GW"
"6403","cg02221115",-0.00025,4.6e-05,2.8e-08,NA,"NO2","GW"
"6404","cg08608126",0.00047,8.5e-05,2.8e-08,NA,"NO2","GW"
"6405","cg22166739",0.00038,6.8e-05,2.8e-08,NA,"NO2","GW"
"6406","cg24216555",-0.00031,5.6e-05,2.8e-08,NA,"NO2","GW"
"6407","cg00689772",-0.00027,4.9e-05,2.8e-08,NA,"NO2","GW"
"6408","cg11724942",-0.00032,5.8e-05,2.8e-08,NA,"NO2","GW"
"6409","cg20023356",-0.00023,4.1e-05,2.8e-08,NA,"NO2","GW"
"6410","cg23330668",-0.00024,4.3e-05,2.8e-08,NA,"NO2","GW"
"6411","cg02045981",-0.00034,6e-05,2.8e-08,NA,"NO2","GW"
"6412","cg15010616",-0.00035,6.3e-05,2.8e-08,NA,"NO2","GW"
"6413","cg00453808",-0.00036,6.5e-05,2.8e-08,NA,"NO2","GW"
"6414","cg01733928",-0.00035,6.3e-05,2.8e-08,NA,"NO2","GW"
"6415","cg03156651",-3e-04,5.3e-05,2.8e-08,NA,"NO2","GW"
"6416","cg06911110",-0.00031,5.6e-05,2.8e-08,NA,"NO2","GW"
"6417","cg13698865",-0.00025,4.5e-05,2.8e-08,NA,"NO2","GW"
"6418","cg20061971",-0.00041,7.4e-05,2.8e-08,NA,"NO2","GW"
"6419","cg21764043",-0.00032,5.7e-05,2.8e-08,NA,"NO2","GW"
"6420","cg18226169",-0.00059,0.00011,2.8e-08,NA,"NO2","GW"
"6421","cg20752695",-0.00039,7e-05,2.8e-08,NA,"NO2","GW"
"6422","cg06363034",-0.00025,4.5e-05,2.8e-08,NA,"NO2","GW"
"6423","cg06617528",-0.00019,3.4e-05,2.8e-08,NA,"NO2","GW"
"6424","cg04843690",-0.00028,5e-05,2.8e-08,NA,"NO2","GW"
"6425","cg23214395",-0.00029,5.3e-05,2.8e-08,NA,"NO2","GW"
"6426","cg23629393",-0.00037,6.6e-05,2.8e-08,NA,"NO2","GW"
"6427","cg25033144",-0.00022,4e-05,2.8e-08,NA,"NO2","GW"
"6428","cg02361013",-0.00029,5.2e-05,2.8e-08,NA,"NO2","GW"
"6429","cg07177789",-0.00048,8.6e-05,2.8e-08,NA,"NO2","GW"
"6430","cg11335179",-0.00024,4.3e-05,2.8e-08,NA,"NO2","GW"
"6431","cg15442746",-2e-04,3.7e-05,2.8e-08,NA,"NO2","GW"
"6432","cg04926767",-0.00039,7e-05,2.9e-08,NA,"NO2","GW"
"6433","cg08154887",-0.00025,4.4e-05,2.9e-08,NA,"NO2","GW"
"6434","cg13617561",-0.00045,8e-05,2.9e-08,NA,"NO2","GW"
"6435","cg14289738",-0.00026,4.8e-05,2.9e-08,NA,"NO2","GW"
"6436","cg06979680",-0.00022,3.9e-05,2.9e-08,NA,"NO2","GW"
"6437","cg10570544",-0.00018,3.2e-05,2.9e-08,NA,"NO2","GW"
"6438","cg14328683",-0.00027,4.9e-05,2.9e-08,NA,"NO2","GW"
"6439","cg17052783",-3e-04,5.3e-05,2.9e-08,NA,"NO2","GW"
"6440","cg18739166",-0.00025,4.6e-05,2.9e-08,NA,"NO2","GW"
"6441","cg19974131",-4e-04,7.2e-05,2.9e-08,NA,"NO2","GW"
"6442","cg25738070",-0.00025,4.5e-05,2.9e-08,NA,"NO2","GW"
"6443","cg25754143",-4e-04,7.2e-05,2.9e-08,NA,"NO2","GW"
"6444","cg26798688",-0.00018,3.3e-05,2.9e-08,NA,"NO2","GW"
"6445","cg03825175",-0.00037,6.7e-05,2.9e-08,NA,"NO2","GW"
"6446","cg13430552",-0.00063,0.00011,2.9e-08,NA,"NO2","GW"
"6447","cg26924127",-0.00033,5.9e-05,2.9e-08,NA,"NO2","GW"
"6448","cg27390201",-0.00027,4.8e-05,2.9e-08,NA,"NO2","GW"
"6449","cg00192275",-0.00019,3.5e-05,2.9e-08,NA,"NO2","GW"
"6450","cg00828836",-0.00031,5.5e-05,2.9e-08,NA,"NO2","GW"
"6451","cg03420389",-0.00036,6.5e-05,2.9e-08,NA,"NO2","GW"
"6452","cg07226802",-0.00033,5.9e-05,2.9e-08,NA,"NO2","GW"
"6453","cg00745693",-3e-04,5.4e-05,2.9e-08,NA,"NO2","GW"
"6454","cg15495417",-0.00024,4.4e-05,2.9e-08,NA,"NO2","GW"
"6455","cg21021469",-0.00032,5.8e-05,2.9e-08,NA,"NO2","GW"
"6456","cg21810793",-0.00024,4.3e-05,2.9e-08,NA,"NO2","GW"
"6457","cg24016995",-0.00028,5.1e-05,2.9e-08,NA,"NO2","GW"
"6458","cg24358771",-0.00033,5.9e-05,2.9e-08,NA,"NO2","GW"
"6459","cg24591279",-0.00025,4.6e-05,2.9e-08,NA,"NO2","GW"
"6460","cg26038547",-0.00028,5.1e-05,2.9e-08,NA,"NO2","GW"
"6461","cg00008819",-0.00025,4.6e-05,2.9e-08,NA,"NO2","GW"
"6462","cg01721544",-0.00032,5.8e-05,2.9e-08,NA,"NO2","GW"
"6463","cg03442254",-3e-04,5.4e-05,2.9e-08,NA,"NO2","GW"
"6464","cg24658737",-3e-04,5.4e-05,2.9e-08,NA,"NO2","GW"
"6465","cg00625425",-0.00038,6.8e-05,2.9e-08,NA,"NO2","GW"
"6466","cg03549503",-0.00024,4.4e-05,2.9e-08,NA,"NO2","GW"
"6467","cg07276118",-0.00042,7.6e-05,2.9e-08,NA,"NO2","GW"
"6468","cg25672027",-0.00027,4.9e-05,2.9e-08,NA,"NO2","GW"
"6469","cg01826025",-0.00031,5.6e-05,2.9e-08,NA,"NO2","GW"
"6470","cg04099767",-0.00041,7.3e-05,2.9e-08,NA,"NO2","GW"
"6471","cg07392358",-0.00032,5.8e-05,2.9e-08,NA,"NO2","GW"
"6472","cg08858220",-0.00046,8.3e-05,2.9e-08,NA,"NO2","GW"
"6473","cg10210094",-0.00027,4.8e-05,2.9e-08,NA,"NO2","GW"
"6474","cg14507845",-0.00046,8.3e-05,2.9e-08,NA,"NO2","GW"
"6475","cg23594135",-0.00027,4.9e-05,2.9e-08,NA,"NO2","GW"
"6476","cg00437166",-0.00025,4.4e-05,2.9e-08,NA,"NO2","GW"
"6477","cg04564515",-0.00031,5.6e-05,2.9e-08,NA,"NO2","GW"
"6478","cg06521145",-0.00055,9.8e-05,2.9e-08,NA,"NO2","GW"
"6479","cg15467085",-0.00022,3.9e-05,2.9e-08,NA,"NO2","GW"
"6480","cg26103526",-0.00018,3.3e-05,2.9e-08,NA,"NO2","GW"
"6481","cg00617691",-0.00031,5.6e-05,2.9e-08,NA,"NO2","GW"
"6482","cg10080966",-0.00028,5e-05,2.9e-08,NA,"NO2","GW"
"6483","cg20634074",-0.00023,4.2e-05,2.9e-08,NA,"NO2","GW"
"6484","cg27450010",-4e-04,7.2e-05,2.9e-08,NA,"NO2","GW"
"6485","cg20241270",-0.00027,4.9e-05,2.9e-08,NA,"NO2","GW"
"6486","cg21325475",-0.00035,6.4e-05,2.9e-08,NA,"NO2","GW"
"6487","cg26981781",-3e-04,5.4e-05,2.9e-08,NA,"NO2","GW"
"6488","cg27624334",-0.00045,8.2e-05,2.9e-08,NA,"NO2","GW"
"6489","cg08888487",-2e-04,3.6e-05,3e-08,NA,"NO2","GW"
"6490","cg18777448",-0.00017,3.1e-05,3e-08,NA,"NO2","GW"
"6491","cg03892714",-0.00024,4.4e-05,3e-08,NA,"NO2","GW"
"6492","cg04436690",-0.00023,4.2e-05,3e-08,NA,"NO2","GW"
"6493","cg06543055",-0.00017,3.1e-05,3e-08,NA,"NO2","GW"
"6494","cg26176348",-0.00032,5.8e-05,3e-08,NA,"NO2","GW"
"6495","cg02352370",-5e-04,9e-05,3e-08,NA,"NO2","GW"
"6496","cg16686174",-0.00033,6e-05,3e-08,NA,"NO2","GW"
"6497","cg18183701",-0.00031,5.5e-05,3e-08,NA,"NO2","GW"
"6498","cg18703066",-2e-04,3.7e-05,3e-08,NA,"NO2","GW"
"6499","cg20931951",-0.00021,3.8e-05,3e-08,NA,"NO2","GW"
"6500","cg02743136",-0.00028,5e-05,3e-08,NA,"NO2","GW"
"6501","cg04958227",-2e-04,3.5e-05,3e-08,NA,"NO2","GW"
"6502","cg11074315",-0.00025,4.5e-05,3e-08,NA,"NO2","GW"
"6503","cg11940804",-0.00029,5.2e-05,3e-08,NA,"NO2","GW"
"6504","cg12242474",-3e-04,5.4e-05,3e-08,NA,"NO2","GW"
"6505","cg15579376",-2e-04,3.7e-05,3e-08,NA,"NO2","GW"
"6506","cg17980610",-0.00029,5.3e-05,3e-08,NA,"NO2","GW"
"6507","cg21825443",-0.00029,5.2e-05,3e-08,NA,"NO2","GW"
"6508","cg00647246",-0.00027,4.9e-05,3e-08,NA,"NO2","GW"
"6509","cg02643834",-0.00028,5.1e-05,3e-08,NA,"NO2","GW"
"6510","cg07642499",-0.00039,7e-05,3e-08,NA,"NO2","GW"
"6511","cg09618974",-0.00031,5.5e-05,3e-08,NA,"NO2","GW"
"6512","cg15861156",-0.00039,7.1e-05,3e-08,NA,"NO2","GW"
"6513","cg01509809",-0.00022,4.1e-05,3e-08,NA,"NO2","GW"
"6514","cg15259031",-0.00028,5.1e-05,3e-08,NA,"NO2","GW"
"6515","cg27217474",-0.00069,0.00012,3e-08,NA,"NO2","GW"
"6516","cg04017310",-0.00032,5.8e-05,3e-08,NA,"NO2","GW"
"6517","cg04772948",-0.00038,6.9e-05,3e-08,NA,"NO2","GW"
"6518","cg06457577",-0.00027,4.9e-05,3e-08,NA,"NO2","GW"
"6519","cg08074477",-0.00048,8.6e-05,3e-08,NA,"NO2","GW"
"6520","cg12806121",-0.00035,6.2e-05,3e-08,NA,"NO2","GW"
"6521","cg24502766",-0.00031,5.6e-05,3e-08,NA,"NO2","GW"
"6522","cg06194960",-0.00049,8.8e-05,3e-08,NA,"NO2","GW"
"6523","cg08624445",-0.00038,6.8e-05,3e-08,NA,"NO2","GW"
"6524","cg18017383",-0.00042,7.6e-05,3e-08,NA,"NO2","GW"
"6525","cg18981979",-0.00032,5.8e-05,3e-08,NA,"NO2","GW"
"6526","cg27027655",-0.00023,4.2e-05,3e-08,NA,"NO2","GW"
"6527","cg03940776",-0.00065,0.00012,3e-08,NA,"NO2","GW"
"6528","cg15934368",-0.00026,4.7e-05,3e-08,NA,"NO2","GW"
"6529","cg19066682",-0.00035,6.4e-05,3e-08,NA,"NO2","GW"
"6530","cg00405043",-0.00024,4.3e-05,3.1e-08,NA,"NO2","GW"
"6531","cg00988396",-0.00023,4.1e-05,3.1e-08,NA,"NO2","GW"
"6532","cg01518113",-0.00034,6.1e-05,3.1e-08,NA,"NO2","GW"
"6533","cg02339465",-0.00019,3.4e-05,3.1e-08,NA,"NO2","GW"
"6534","cg08270613",-0.00033,6e-05,3.1e-08,NA,"NO2","GW"
"6535","cg10187674",-3e-04,5.4e-05,3.1e-08,NA,"NO2","GW"
"6536","cg23999080",-0.00042,7.5e-05,3.1e-08,NA,"NO2","GW"
"6537","cg08450080",-0.00025,4.5e-05,3.1e-08,NA,"NO2","GW"
"6538","cg08884928",-0.00026,4.8e-05,3.1e-08,NA,"NO2","GW"
"6539","cg18331022",-0.00022,4e-05,3.1e-08,NA,"NO2","GW"
"6540","cg21210529",-0.00033,5.9e-05,3.1e-08,NA,"NO2","GW"
"6541","cg25183263",-0.00037,6.7e-05,3.1e-08,NA,"NO2","GW"
"6542","cg00289558",-0.00029,5.2e-05,3.1e-08,NA,"NO2","GW"
"6543","cg01105938",-0.00029,5.2e-05,3.1e-08,NA,"NO2","GW"
"6544","cg06485139",-0.00033,5.9e-05,3.1e-08,NA,"NO2","GW"
"6545","cg09824558",-0.00027,4.8e-05,3.1e-08,NA,"NO2","GW"
"6546","cg22339313",-0.00023,4.1e-05,3.1e-08,NA,"NO2","GW"
"6547","cg25585279",-0.00071,0.00013,3.1e-08,NA,"NO2","GW"
"6548","cg01519195",-0.00032,5.7e-05,3.1e-08,NA,"NO2","GW"
"6549","cg03391436",-3e-04,5.4e-05,3.1e-08,NA,"NO2","GW"
"6550","cg06768019",-0.00014,2.6e-05,3.1e-08,NA,"NO2","GW"
"6551","cg15414773",-0.00062,0.00011,3.1e-08,NA,"NO2","GW"
"6552","cg23674788",-0.00031,5.7e-05,3.1e-08,NA,"NO2","GW"
"6553","cg24699021",-0.00021,3.9e-05,3.1e-08,NA,"NO2","GW"
"6554","cg00913879",-0.00024,4.3e-05,3.1e-08,NA,"NO2","GW"
"6555","cg06029792",-0.00057,1e-04,3.1e-08,NA,"NO2","GW"
"6556","cg04952072",-0.00034,6.1e-05,3.1e-08,NA,"NO2","GW"
"6557","cg06762395",-0.00036,6.4e-05,3.1e-08,NA,"NO2","GW"
"6558","cg12562418",-0.00017,3e-05,3.1e-08,NA,"NO2","GW"
"6559","cg24159636",-0.00029,5.3e-05,3.1e-08,NA,"NO2","GW"
"6560","cg01229506",-0.00026,4.8e-05,3.1e-08,NA,"NO2","GW"
"6561","cg05616355",-0.00034,6.1e-05,3.1e-08,NA,"NO2","GW"
"6562","cg11090529",-0.00031,5.6e-05,3.1e-08,NA,"NO2","GW"
"6563","cg16061528",-0.00031,5.6e-05,3.1e-08,NA,"NO2","GW"
"6564","cg06830148",-0.00045,8.2e-05,3.1e-08,NA,"NO2","GW"
"6565","cg07955887",-0.00025,4.6e-05,3.1e-08,NA,"NO2","GW"
"6566","cg24707311",-0.00024,4.4e-05,3.1e-08,NA,"NO2","GW"
"6567","cg04146982",-0.00034,6.2e-05,3.1e-08,NA,"NO2","GW"
"6568","cg05181989",-0.00017,3e-05,3.1e-08,NA,"NO2","GW"
"6569","cg06145862",-0.00026,4.6e-05,3.1e-08,NA,"NO2","GW"
"6570","cg13426775",-0.00021,3.8e-05,3.1e-08,NA,"NO2","GW"
"6571","cg25376310",-0.00053,9.6e-05,3.1e-08,NA,"NO2","GW"
"6572","cg00619188",-0.00037,6.8e-05,3.1e-08,NA,"NO2","GW"
"6573","cg01898433",-0.00036,6.5e-05,3.1e-08,NA,"NO2","GW"
"6574","cg23489023",-0.00028,5.1e-05,3.1e-08,NA,"NO2","GW"
"6575","cg24122364",-0.00026,4.7e-05,3.1e-08,NA,"NO2","GW"
"6576","cg04455265",-0.00022,4e-05,3.2e-08,NA,"NO2","GW"
"6577","cg04500312",-0.00012,2.1e-05,3.2e-08,NA,"NO2","GW"
"6578","cg03874471",-0.00023,4.3e-05,3.2e-08,NA,"NO2","GW"
"6579","cg08166214",-0.00037,6.6e-05,3.2e-08,NA,"NO2","GW"
"6580","cg04003690",-0.00025,4.5e-05,3.2e-08,NA,"NO2","GW"
"6581","cg06165761",-0.00023,4.1e-05,3.2e-08,NA,"NO2","GW"
"6582","cg06378617",-0.00029,5.3e-05,3.2e-08,NA,"NO2","GW"
"6583","cg12612445",-0.00041,7.5e-05,3.2e-08,NA,"NO2","GW"
"6584","cg25285236",-0.00024,4.4e-05,3.2e-08,NA,"NO2","GW"
"6585","cg26317834",-0.00045,8.1e-05,3.2e-08,NA,"NO2","GW"
"6586","cg00316921",-0.00043,7.7e-05,3.2e-08,NA,"NO2","GW"
"6587","cg15198344",-0.00043,7.8e-05,3.2e-08,NA,"NO2","GW"
"6588","cg17477818",-0.00044,8e-05,3.2e-08,NA,"NO2","GW"
"6589","cg03077953",-0.00023,4.1e-05,3.2e-08,NA,"NO2","GW"
"6590","cg06398643",-0.00024,4.4e-05,3.2e-08,NA,"NO2","GW"
"6591","cg07719142",-0.00025,4.6e-05,3.2e-08,NA,"NO2","GW"
"6592","cg08516217",-0.00031,5.5e-05,3.2e-08,NA,"NO2","GW"
"6593","cg11067964",-0.00037,6.7e-05,3.2e-08,NA,"NO2","GW"
"6594","cg01875018",-0.00019,3.4e-05,3.2e-08,NA,"NO2","GW"
"6595","cg19600023",-3e-04,5.4e-05,3.2e-08,NA,"NO2","GW"
"6596","cg21126020",-5e-04,9e-05,3.2e-08,NA,"NO2","GW"
"6597","cg25358903",-0.00024,4.4e-05,3.2e-08,NA,"NO2","GW"
"6598","cg02720566",0.00038,6.8e-05,3.2e-08,NA,"NO2","GW"
"6599","cg09969989",-0.00032,5.8e-05,3.2e-08,NA,"NO2","GW"
"6600","cg14075881",-0.00033,5.9e-05,3.2e-08,NA,"NO2","GW"
"6601","cg15109172",-0.00029,5.3e-05,3.2e-08,NA,"NO2","GW"
"6602","cg18965684",-0.00022,4e-05,3.2e-08,NA,"NO2","GW"
"6603","cg21874829",-0.00011,2e-05,3.2e-08,NA,"NO2","GW"
"6604","cg26962533",-0.00019,3.5e-05,3.2e-08,NA,"NO2","GW"
"6605","cg01827999",-0.00036,6.5e-05,3.2e-08,NA,"NO2","GW"
"6606","cg14037553",-0.00028,5.1e-05,3.2e-08,NA,"NO2","GW"
"6607","cg16829674",-0.00025,4.6e-05,3.2e-08,NA,"NO2","GW"
"6608","cg19257102",-0.00036,6.5e-05,3.2e-08,NA,"NO2","GW"
"6609","cg22308970",-0.00022,4e-05,3.2e-08,NA,"NO2","GW"
"6610","cg25663892",-0.00048,8.6e-05,3.2e-08,NA,"NO2","GW"
"6611","cg05296180",-0.00027,4.9e-05,3.2e-08,NA,"NO2","GW"
"6612","cg11852149",-0.00024,4.3e-05,3.2e-08,NA,"NO2","GW"
"6613","cg13575205",-0.00025,4.5e-05,3.2e-08,NA,"NO2","GW"
"6614","cg26943731",-0.00056,1e-04,3.2e-08,NA,"NO2","GW"
"6615","cg08139512",-0.00042,7.6e-05,3.2e-08,NA,"NO2","GW"
"6616","cg17924366",-0.00033,6e-05,3.2e-08,NA,"NO2","GW"
"6617","cg21934273",-0.00042,7.7e-05,3.2e-08,NA,"NO2","GW"
"6618","cg00804934",-0.00041,7.4e-05,3.3e-08,NA,"NO2","GW"
"6619","cg02730990",-0.00036,6.5e-05,3.3e-08,NA,"NO2","GW"
"6620","cg12101615",-3e-04,5.4e-05,3.3e-08,NA,"NO2","GW"
"6621","cg13754355",-0.00026,4.7e-05,3.3e-08,NA,"NO2","GW"
"6622","cg23878205",-2e-04,3.7e-05,3.3e-08,NA,"NO2","GW"
"6623","cg27189723",-0.00031,5.6e-05,3.3e-08,NA,"NO2","GW"
"6624","cg08679011",-0.00031,5.6e-05,3.3e-08,NA,"NO2","GW"
"6625","cg14560240",-0.00017,3.1e-05,3.3e-08,NA,"NO2","GW"
"6626","cg19566879",-0.00026,4.6e-05,3.3e-08,NA,"NO2","GW"
"6627","cg20513725",-0.00025,4.6e-05,3.3e-08,NA,"NO2","GW"
"6628","cg23913876",-0.00039,7e-05,3.3e-08,NA,"NO2","GW"
"6629","cg01124530",-0.00034,6.2e-05,3.3e-08,NA,"NO2","GW"
"6630","cg12594635",-0.00042,7.6e-05,3.3e-08,NA,"NO2","GW"
"6631","cg19234736",-0.00039,7.1e-05,3.3e-08,NA,"NO2","GW"
"6632","cg24930218",-0.00028,5.1e-05,3.3e-08,NA,"NO2","GW"
"6633","cg02846316",-0.00045,8.1e-05,3.3e-08,NA,"NO2","GW"
"6634","cg03184368",-0.00035,6.4e-05,3.3e-08,NA,"NO2","GW"
"6635","cg07316313",-0.00039,7.1e-05,3.3e-08,NA,"NO2","GW"
"6636","cg08533934",-0.00027,4.9e-05,3.3e-08,NA,"NO2","GW"
"6637","cg13453139",-0.00024,4.4e-05,3.3e-08,NA,"NO2","GW"
"6638","cg15034413",-0.00021,3.9e-05,3.3e-08,NA,"NO2","GW"
"6639","cg05917165",-0.00026,4.8e-05,3.3e-08,NA,"NO2","GW"
"6640","cg09999977",-4e-04,7.3e-05,3.3e-08,NA,"NO2","GW"
"6641","cg12233100",-3e-04,5.4e-05,3.3e-08,NA,"NO2","GW"
"6642","cg24074448",-0.00057,1e-04,3.3e-08,NA,"NO2","GW"
"6643","cg02110411",-0.00036,6.5e-05,3.3e-08,NA,"NO2","GW"
"6644","cg09101258",-0.00027,4.8e-05,3.3e-08,NA,"NO2","GW"
"6645","cg15920335",-4e-04,7.3e-05,3.3e-08,NA,"NO2","GW"
"6646","cg20977769",-0.00029,5.3e-05,3.3e-08,NA,"NO2","GW"
"6647","cg21230284",-0.00025,4.6e-05,3.3e-08,NA,"NO2","GW"
"6648","cg00059662",-0.00025,4.6e-05,3.3e-08,NA,"NO2","GW"
"6649","cg02868123",-0.00041,7.5e-05,3.3e-08,NA,"NO2","GW"
"6650","cg06924081",-0.00029,5.3e-05,3.3e-08,NA,"NO2","GW"
"6651","cg19191600",-0.00023,4.2e-05,3.3e-08,NA,"NO2","GW"
"6652","cg22950982",-0.00034,6.2e-05,3.3e-08,NA,"NO2","GW"
"6653","cg00410650",-0.00031,5.5e-05,3.3e-08,NA,"NO2","GW"
"6654","cg00608779",-0.00034,6.1e-05,3.3e-08,NA,"NO2","GW"
"6655","cg26880216",-0.00034,6.2e-05,3.3e-08,NA,"NO2","GW"
"6656","cg00834858",-0.00024,4.4e-05,3.4e-08,NA,"NO2","GW"
"6657","cg07116337",-0.00024,4.3e-05,3.4e-08,NA,"NO2","GW"
"6658","cg26370016",-2e-04,3.6e-05,3.4e-08,NA,"NO2","GW"
"6659","cg03616130",-0.00044,8e-05,3.4e-08,NA,"NO2","GW"
"6660","cg06159548",-0.00039,7.1e-05,3.4e-08,NA,"NO2","GW"
"6661","cg06540198",-0.00027,4.9e-05,3.4e-08,NA,"NO2","GW"
"6662","cg22501449",-0.00022,4e-05,3.4e-08,NA,"NO2","GW"
"6663","cg22845855",-0.00022,4e-05,3.4e-08,NA,"NO2","GW"
"6664","cg27449973",-0.00026,4.7e-05,3.4e-08,NA,"NO2","GW"
"6665","cg02035348",-0.00026,4.7e-05,3.4e-08,NA,"NO2","GW"
"6666","cg04975227",-0.00023,4.1e-05,3.4e-08,NA,"NO2","GW"
"6667","cg06800301",-0.00028,5e-05,3.4e-08,NA,"NO2","GW"
"6668","cg10769767",-6e-04,0.00011,3.4e-08,NA,"NO2","GW"
"6669","cg12183741",-0.00031,5.6e-05,3.4e-08,NA,"NO2","GW"
"6670","cg16109680",-0.00048,8.7e-05,3.4e-08,NA,"NO2","GW"
"6671","cg20165520",-0.00026,4.7e-05,3.4e-08,NA,"NO2","GW"
"6672","cg11690983",-0.00045,8.1e-05,3.4e-08,NA,"NO2","GW"
"6673","cg22294181",-0.00044,7.9e-05,3.4e-08,NA,"NO2","GW"
"6674","cg02393907",-0.00038,6.8e-05,3.4e-08,NA,"NO2","GW"
"6675","cg17142066",-0.00022,4e-05,3.4e-08,NA,"NO2","GW"
"6676","cg25112002",-0.00029,5.2e-05,3.4e-08,NA,"NO2","GW"
"6677","cg08867399",-0.00075,0.00014,3.4e-08,NA,"NO2","GW"
"6678","cg16736989",-0.00024,4.3e-05,3.4e-08,NA,"NO2","GW"
"6679","cg02167399",-0.00038,6.9e-05,3.4e-08,NA,"NO2","GW"
"6680","cg10825530",0.00091,0.00017,3.4e-08,NA,"NO2","GW"
"6681","cg18045155",-0.00045,8.2e-05,3.4e-08,NA,"NO2","GW"
"6682","cg21052104",-4e-04,7.3e-05,3.4e-08,NA,"NO2","GW"
"6683","cg01373505",-0.00031,5.6e-05,3.4e-08,NA,"NO2","GW"
"6684","cg05089527",-0.00032,5.8e-05,3.4e-08,NA,"NO2","GW"
"6685","cg07224114",-0.00036,6.6e-05,3.4e-08,NA,"NO2","GW"
"6686","cg24843511",-0.00033,6e-05,3.4e-08,NA,"NO2","GW"
"6687","cg10823804",-0.00013,2.4e-05,3.4e-08,NA,"NO2","GW"
"6688","cg13300744",-0.00036,6.5e-05,3.4e-08,NA,"NO2","GW"
"6689","cg14314369",-0.00031,5.6e-05,3.4e-08,NA,"NO2","GW"
"6690","cg16236228",-0.00021,3.8e-05,3.4e-08,NA,"NO2","GW"
"6691","cg18498684",-0.00016,2.9e-05,3.4e-08,NA,"NO2","GW"
"6692","cg19700035",-3e-04,5.5e-05,3.4e-08,NA,"NO2","GW"
"6693","cg20961637",-0.00027,5e-05,3.4e-08,NA,"NO2","GW"
"6694","cg03464896",-3e-04,5.4e-05,3.4e-08,NA,"NO2","GW"
"6695","cg04219552",-0.00044,7.9e-05,3.4e-08,NA,"NO2","GW"
"6696","cg04800788",-0.00028,5e-05,3.4e-08,NA,"NO2","GW"
"6697","cg05590982",-0.00026,4.7e-05,3.4e-08,NA,"NO2","GW"
"6698","cg08709672",-0.00039,7.1e-05,3.4e-08,NA,"NO2","GW"
"6699","cg01026196",-0.00038,7e-05,3.4e-08,NA,"NO2","GW"
"6700","cg02447239",-0.00039,7.1e-05,3.4e-08,NA,"NO2","GW"
"6701","cg06377222",-0.00031,5.7e-05,3.4e-08,NA,"NO2","GW"
"6702","cg10320856",-0.00041,7.4e-05,3.4e-08,NA,"NO2","GW"
"6703","cg12598025",-0.00032,5.7e-05,3.4e-08,NA,"NO2","GW"
"6704","cg16707262",-0.00026,4.6e-05,3.4e-08,NA,"NO2","GW"
"6705","cg20791593",-0.00026,4.8e-05,3.4e-08,NA,"NO2","GW"
"6706","cg27484582",-0.00027,5e-05,3.4e-08,NA,"NO2","GW"
"6707","cg18755595",-3e-04,5.5e-05,3.5e-08,NA,"NO2","GW"
"6708","cg05122910",-2e-04,3.6e-05,3.5e-08,NA,"NO2","GW"
"6709","cg05228361",-0.00036,6.5e-05,3.5e-08,NA,"NO2","GW"
"6710","cg26873392",-0.00025,4.5e-05,3.5e-08,NA,"NO2","GW"
"6711","cg10508185",-0.00024,4.4e-05,3.5e-08,NA,"NO2","GW"
"6712","cg15994182",-0.00032,5.9e-05,3.5e-08,NA,"NO2","GW"
"6713","cg16826504",-0.00019,3.5e-05,3.5e-08,NA,"NO2","GW"
"6714","cg26725397",-0.00027,4.8e-05,3.5e-08,NA,"NO2","GW"
"6715","cg27585557",-0.00026,4.6e-05,3.5e-08,NA,"NO2","GW"
"6716","cg01671881",-0.00037,6.7e-05,3.5e-08,NA,"NO2","GW"
"6717","cg07450633",-0.00057,1e-04,3.5e-08,NA,"NO2","GW"
"6718","cg13079837",-0.00027,4.9e-05,3.5e-08,NA,"NO2","GW"
"6719","cg17475085",-2e-04,3.6e-05,3.5e-08,NA,"NO2","GW"
"6720","cg21302594",-0.00017,3.1e-05,3.5e-08,NA,"NO2","GW"
"6721","cg05486650",-0.00024,4.4e-05,3.5e-08,NA,"NO2","GW"
"6722","cg06277472",-0.00038,6.9e-05,3.5e-08,NA,"NO2","GW"
"6723","cg11407328",-0.00019,3.4e-05,3.5e-08,NA,"NO2","GW"
"6724","cg01003390",-0.00038,6.9e-05,3.5e-08,NA,"NO2","GW"
"6725","cg08260025",-0.00026,4.8e-05,3.5e-08,NA,"NO2","GW"
"6726","cg12236702",-0.00037,6.7e-05,3.5e-08,NA,"NO2","GW"
"6727","cg14627091",-0.00021,3.8e-05,3.5e-08,NA,"NO2","GW"
"6728","cg19133973",-0.00028,5e-05,3.5e-08,NA,"NO2","GW"
"6729","cg25626992",-0.00024,4.4e-05,3.5e-08,NA,"NO2","GW"
"6730","cg07589381",-0.00059,0.00011,3.5e-08,NA,"NO2","GW"
"6731","cg11624328",-4e-04,7.2e-05,3.5e-08,NA,"NO2","GW"
"6732","cg16427743",-0.00025,4.6e-05,3.5e-08,NA,"NO2","GW"
"6733","cg16461102",-0.00026,4.7e-05,3.5e-08,NA,"NO2","GW"
"6734","cg23385208",-0.00025,4.5e-05,3.5e-08,NA,"NO2","GW"
"6735","cg12031740",-0.00024,4.3e-05,3.5e-08,NA,"NO2","GW"
"6736","cg27082474",-0.00023,4.1e-05,3.5e-08,NA,"NO2","GW"
"6737","cg00978855",-0.00028,5e-05,3.6e-08,NA,"NO2","GW"
"6738","cg06718369",-0.00022,4e-05,3.6e-08,NA,"NO2","GW"
"6739","cg10718938",-0.00019,3.5e-05,3.6e-08,NA,"NO2","GW"
"6740","cg23639134",-0.00032,5.9e-05,3.6e-08,NA,"NO2","GW"
"6741","cg01190317",-0.00047,8.6e-05,3.6e-08,NA,"NO2","GW"
"6742","cg03770108",-0.00036,6.5e-05,3.6e-08,NA,"NO2","GW"
"6743","cg14336665",-0.00039,7e-05,3.6e-08,NA,"NO2","GW"
"6744","cg23317787",-4e-04,7.3e-05,3.6e-08,NA,"NO2","GW"
"6745","cg24662867",-4e-04,7.3e-05,3.6e-08,NA,"NO2","GW"
"6746","cg26757503",-0.00028,5e-05,3.6e-08,NA,"NO2","GW"
"6747","cg02305353",-0.00016,2.9e-05,3.6e-08,NA,"NO2","GW"
"6748","cg24337193",-0.00026,4.8e-05,3.6e-08,NA,"NO2","GW"
"6749","cg01790144",-0.00024,4.4e-05,3.6e-08,NA,"NO2","GW"
"6750","cg14024502",-0.00024,4.3e-05,3.6e-08,NA,"NO2","GW"
"6751","cg20498637",-0.00047,8.5e-05,3.6e-08,NA,"NO2","GW"
"6752","cg17406412",-0.00023,4.2e-05,3.6e-08,NA,"NO2","GW"
"6753","cg21360867",-0.00026,4.7e-05,3.6e-08,NA,"NO2","GW"
"6754","cg25778166",-0.00021,3.9e-05,3.6e-08,NA,"NO2","GW"
"6755","cg27347412",-0.00025,4.5e-05,3.6e-08,NA,"NO2","GW"
"6756","cg00968382",-0.00021,3.9e-05,3.6e-08,NA,"NO2","GW"
"6757","cg01449266",-4e-04,7.2e-05,3.6e-08,NA,"NO2","GW"
"6758","cg02150262",-0.00037,6.7e-05,3.6e-08,NA,"NO2","GW"
"6759","cg18440818",-0.00037,6.7e-05,3.6e-08,NA,"NO2","GW"
"6760","cg23331238",-0.00018,3.2e-05,3.6e-08,NA,"NO2","GW"
"6761","cg06028975",-0.00032,5.9e-05,3.6e-08,NA,"NO2","GW"
"6762","cg26146562",-0.00038,6.8e-05,3.6e-08,NA,"NO2","GW"
"6763","cg26322711",-0.00028,5.1e-05,3.6e-08,NA,"NO2","GW"
"6764","cg06836872",-0.00023,4.1e-05,3.6e-08,NA,"NO2","GW"
"6765","cg07089276",-0.00028,5e-05,3.6e-08,NA,"NO2","GW"
"6766","cg09290893",-0.00021,3.9e-05,3.6e-08,NA,"NO2","GW"
"6767","cg02189760",-0.00032,5.9e-05,3.6e-08,NA,"NO2","GW"
"6768","cg19089383",-0.00033,6.1e-05,3.6e-08,NA,"NO2","GW"
"6769","cg04293778",-0.00043,7.8e-05,3.6e-08,NA,"NO2","GW"
"6770","cg07811421",-0.00036,6.5e-05,3.6e-08,NA,"NO2","GW"
"6771","cg08836729",-0.00028,5.1e-05,3.6e-08,NA,"NO2","GW"
"6772","cg22505006",0.00065,0.00012,3.6e-08,NA,"NO2","GW"
"6773","cg00715811",-2e-04,3.6e-05,3.7e-08,NA,"NO2","GW"
"6774","cg03557770",-2e-04,3.6e-05,3.7e-08,NA,"NO2","GW"
"6775","cg14125530",-0.00029,5.2e-05,3.7e-08,NA,"NO2","GW"
"6776","cg16174225",-0.00027,4.9e-05,3.7e-08,NA,"NO2","GW"
"6777","cg24128806",-0.00042,7.6e-05,3.7e-08,NA,"NO2","GW"
"6778","cg05989861",-0.00025,4.5e-05,3.7e-08,NA,"NO2","GW"
"6779","cg09111484",-0.00031,5.7e-05,3.7e-08,NA,"NO2","GW"
"6780","cg17920197",-2e-04,3.7e-05,3.7e-08,NA,"NO2","GW"
"6781","cg02846715",-0.00019,3.4e-05,3.7e-08,NA,"NO2","GW"
"6782","cg02858159",-0.00032,5.8e-05,3.7e-08,NA,"NO2","GW"
"6783","cg04086239",-0.00034,6.3e-05,3.7e-08,NA,"NO2","GW"
"6784","cg05861291",-0.00043,7.7e-05,3.7e-08,NA,"NO2","GW"
"6785","cg26373051",-0.00035,6.4e-05,3.7e-08,NA,"NO2","GW"
"6786","cg03649356",-0.00032,5.8e-05,3.7e-08,NA,"NO2","GW"
"6787","cg11086773",-0.00039,7.1e-05,3.7e-08,NA,"NO2","GW"
"6788","cg20204921",-0.00038,6.9e-05,3.7e-08,NA,"NO2","GW"
"6789","cg26735478",-0.00028,5.1e-05,3.7e-08,NA,"NO2","GW"
"6790","cg06556929",-4e-04,7.3e-05,3.7e-08,NA,"NO2","GW"
"6791","cg12042590",-0.00022,4.1e-05,3.7e-08,NA,"NO2","GW"
"6792","cg19726343",-3e-04,5.4e-05,3.7e-08,NA,"NO2","GW"
"6793","cg21615663",-0.00017,3.1e-05,3.7e-08,NA,"NO2","GW"
"6794","cg22862961",-0.00031,5.6e-05,3.7e-08,NA,"NO2","GW"
"6795","cg00449767",-0.00071,0.00013,3.7e-08,NA,"NO2","GW"
"6796","cg01444643",-0.00041,7.4e-05,3.7e-08,NA,"NO2","GW"
"6797","cg03450096",-4e-04,7.2e-05,3.7e-08,NA,"NO2","GW"
"6798","cg13997765",-0.00028,5.1e-05,3.7e-08,NA,"NO2","GW"
"6799","cg15125012",-0.00023,4.1e-05,3.7e-08,NA,"NO2","GW"
"6800","cg21929875",-0.00043,7.7e-05,3.7e-08,NA,"NO2","GW"
"6801","cg13850695",-0.00026,4.8e-05,3.7e-08,NA,"NO2","GW"
"6802","cg17866692",-0.00045,8.2e-05,3.7e-08,NA,"NO2","GW"
"6803","cg21126844",-3e-04,5.4e-05,3.7e-08,NA,"NO2","GW"
"6804","cg22414499",-0.00022,4.1e-05,3.7e-08,NA,"NO2","GW"
"6805","cg25865368",-0.00047,8.6e-05,3.7e-08,NA,"NO2","GW"
"6806","cg04350571",-0.00026,4.7e-05,3.7e-08,NA,"NO2","GW"
"6807","cg13298379",-0.00032,5.8e-05,3.7e-08,NA,"NO2","GW"
"6808","cg22667358",-0.00028,5.2e-05,3.7e-08,NA,"NO2","GW"
"6809","cg24461814",-0.00027,4.8e-05,3.7e-08,NA,"NO2","GW"
"6810","cg07224067",-0.00034,6.2e-05,3.7e-08,NA,"NO2","GW"
"6811","cg07979348",-3e-04,5.5e-05,3.7e-08,NA,"NO2","GW"
"6812","cg08816988",-0.00043,7.9e-05,3.7e-08,NA,"NO2","GW"
"6813","cg21814290",-0.00034,6.1e-05,3.7e-08,NA,"NO2","GW"
"6814","cg22331165",-0.00019,3.5e-05,3.7e-08,NA,"NO2","GW"
"6815","cg12058501",-0.00039,7.1e-05,3.7e-08,NA,"NO2","GW"
"6816","cg13473117",-0.00031,5.6e-05,3.7e-08,NA,"NO2","GW"
"6817","cg14209949",-0.00037,6.7e-05,3.7e-08,NA,"NO2","GW"
"6818","cg17353895",-0.00022,4.1e-05,3.7e-08,NA,"NO2","GW"
"6819","cg19243252",-0.00022,4e-05,3.7e-08,NA,"NO2","GW"
"6820","cg02045294",-0.00056,1e-04,3.7e-08,NA,"NO2","GW"
"6821","cg03677924",-0.00048,8.7e-05,3.7e-08,NA,"NO2","GW"
"6822","cg05392530",-0.00021,3.8e-05,3.7e-08,NA,"NO2","GW"
"6823","cg22877639",-0.00027,4.9e-05,3.7e-08,NA,"NO2","GW"
"6824","cg03994891",-0.00035,6.3e-05,3.8e-08,NA,"NO2","GW"
"6825","cg05260236",-0.00034,6.2e-05,3.8e-08,NA,"NO2","GW"
"6826","cg12632315",-0.00027,4.8e-05,3.8e-08,NA,"NO2","GW"
"6827","cg12633911",-3e-04,5.5e-05,3.8e-08,NA,"NO2","GW"
"6828","cg20348298",-0.00014,2.5e-05,3.8e-08,NA,"NO2","GW"
"6829","cg24884217",-0.00029,5.3e-05,3.8e-08,NA,"NO2","GW"
"6830","cg26137267",-0.00034,6.2e-05,3.8e-08,NA,"NO2","GW"
"6831","cg02193425",-0.00021,3.9e-05,3.8e-08,NA,"NO2","GW"
"6832","cg04006520",-0.00042,7.7e-05,3.8e-08,NA,"NO2","GW"
"6833","cg08033838",-0.00026,4.7e-05,3.8e-08,NA,"NO2","GW"
"6834","cg25721806",-2e-04,3.7e-05,3.8e-08,NA,"NO2","GW"
"6835","cg01313176",-0.00032,5.8e-05,3.8e-08,NA,"NO2","GW"
"6836","cg03098981",-0.00021,3.8e-05,3.8e-08,NA,"NO2","GW"
"6837","cg03960589",-0.00029,5.2e-05,3.8e-08,NA,"NO2","GW"
"6838","cg09746044",-0.00035,6.3e-05,3.8e-08,NA,"NO2","GW"
"6839","cg01689354",-0.00027,5e-05,3.8e-08,NA,"NO2","GW"
"6840","cg01889899",-0.00028,5.1e-05,3.8e-08,NA,"NO2","GW"
"6841","cg11740398",-0.00021,3.7e-05,3.8e-08,NA,"NO2","GW"
"6842","cg15016481",-0.00023,4.2e-05,3.8e-08,NA,"NO2","GW"
"6843","cg27643890",-0.00041,7.5e-05,3.8e-08,NA,"NO2","GW"
"6844","cg01062113",-0.00014,2.6e-05,3.8e-08,NA,"NO2","GW"
"6845","cg05547500",-0.00045,8.2e-05,3.8e-08,NA,"NO2","GW"
"6846","cg07814318",0.00057,1e-04,3.8e-08,NA,"NO2","GW"
"6847","cg09501963",-3e-04,5.4e-05,3.8e-08,NA,"NO2","GW"
"6848","cg09575756",-0.00026,4.7e-05,3.8e-08,NA,"NO2","GW"
"6849","cg22244286",-0.00031,5.6e-05,3.8e-08,NA,"NO2","GW"
"6850","cg02842377",-0.00025,4.5e-05,3.8e-08,NA,"NO2","GW"
"6851","cg11788598",-0.00041,7.5e-05,3.8e-08,NA,"NO2","GW"
"6852","cg26056527",-0.00034,6.1e-05,3.8e-08,NA,"NO2","GW"
"6853","cg00904122",-0.00029,5.2e-05,3.8e-08,NA,"NO2","GW"
"6854","cg03033111",-0.00023,4.3e-05,3.8e-08,NA,"NO2","GW"
"6855","cg04223832",-3e-04,5.5e-05,3.8e-08,NA,"NO2","GW"
"6856","cg09761550",-0.00027,5e-05,3.8e-08,NA,"NO2","GW"
"6857","cg22195512",-0.00031,5.7e-05,3.8e-08,NA,"NO2","GW"
"6858","cg22979433",-0.00022,4e-05,3.8e-08,NA,"NO2","GW"
"6859","cg07531398",-0.00022,3.9e-05,3.8e-08,NA,"NO2","GW"
"6860","cg16577823",-0.00036,6.5e-05,3.8e-08,NA,"NO2","GW"
"6861","cg00085430",-0.00038,6.9e-05,3.9e-08,NA,"NO2","GW"
"6862","cg10261641",-0.00021,3.8e-05,3.9e-08,NA,"NO2","GW"
"6863","cg22659922",-0.00027,4.9e-05,3.9e-08,NA,"NO2","GW"
"6864","cg00326642",-0.00024,4.4e-05,3.9e-08,NA,"NO2","GW"
"6865","cg00973876",-6e-04,0.00011,3.9e-08,NA,"NO2","GW"
"6866","cg03020485",-0.00033,6.1e-05,3.9e-08,NA,"NO2","GW"
"6867","cg03353445",-0.00044,8e-05,3.9e-08,NA,"NO2","GW"
"6868","cg08416638",-0.00018,3.2e-05,3.9e-08,NA,"NO2","GW"
"6869","cg12733154",-0.00036,6.5e-05,3.9e-08,NA,"NO2","GW"
"6870","cg24181510",-0.00026,4.8e-05,3.9e-08,NA,"NO2","GW"
"6871","cg07824497",-0.00026,4.7e-05,3.9e-08,NA,"NO2","GW"
"6872","cg08851782",-3e-04,5.6e-05,3.9e-08,NA,"NO2","GW"
"6873","cg09152259",-0.00063,0.00011,3.9e-08,NA,"NO2","GW"
"6874","cg17035132",-0.00027,4.8e-05,3.9e-08,NA,"NO2","GW"
"6875","cg23924326",-0.00021,3.8e-05,3.9e-08,NA,"NO2","GW"
"6876","cg24968931",-0.00034,6.1e-05,3.9e-08,NA,"NO2","GW"
"6877","cg27587307",-0.00035,6.4e-05,3.9e-08,NA,"NO2","GW"
"6878","cg03363342",-0.00024,4.3e-05,3.9e-08,NA,"NO2","GW"
"6879","cg13182816",-0.00027,5e-05,3.9e-08,NA,"NO2","GW"
"6880","cg15010109",-0.00018,3.3e-05,3.9e-08,NA,"NO2","GW"
"6881","cg23658684",-0.00032,5.9e-05,3.9e-08,NA,"NO2","GW"
"6882","cg02446487",-0.00045,8.2e-05,3.9e-08,NA,"NO2","GW"
"6883","cg08587321",-0.00035,6.3e-05,3.9e-08,NA,"NO2","GW"
"6884","cg12466599",-0.00033,6e-05,3.9e-08,NA,"NO2","GW"
"6885","cg17556389",-0.00038,6.9e-05,3.9e-08,NA,"NO2","GW"
"6886","cg19543317",-0.00039,7.1e-05,3.9e-08,NA,"NO2","GW"
"6887","cg23211468",-0.00031,5.6e-05,3.9e-08,NA,"NO2","GW"
"6888","cg06854842",-0.00042,7.7e-05,3.9e-08,NA,"NO2","GW"
"6889","cg09553232",-0.00029,5.2e-05,3.9e-08,NA,"NO2","GW"
"6890","cg18132964",-0.00025,4.6e-05,3.9e-08,NA,"NO2","GW"
"6891","cg22492271",-0.00022,3.9e-05,3.9e-08,NA,"NO2","GW"
"6892","cg25682009",-2e-04,3.6e-05,3.9e-08,NA,"NO2","GW"
"6893","cg00744739",-0.00044,8e-05,4e-08,NA,"NO2","GW"
"6894","cg02497046",-0.00025,4.6e-05,4e-08,NA,"NO2","GW"
"6895","cg12932306",-0.00038,6.8e-05,4e-08,NA,"NO2","GW"
"6896","cg13426637",-0.00027,4.9e-05,4e-08,NA,"NO2","GW"
"6897","cg20277781",-0.00022,3.9e-05,4e-08,NA,"NO2","GW"
"6898","cg02280644",-0.00034,6.1e-05,4e-08,NA,"NO2","GW"
"6899","cg02637469",-0.00043,7.9e-05,4e-08,NA,"NO2","GW"
"6900","cg00140112",-0.00039,7.1e-05,4e-08,NA,"NO2","GW"
"6901","cg00894252",-0.00041,7.4e-05,4e-08,NA,"NO2","GW"
"6902","cg03453549",-0.00031,5.7e-05,4e-08,NA,"NO2","GW"
"6903","cg06885583",-0.00019,3.5e-05,4e-08,NA,"NO2","GW"
"6904","cg09054960",-0.00033,6.1e-05,4e-08,NA,"NO2","GW"
"6905","cg24744014",-0.00042,7.7e-05,4e-08,NA,"NO2","GW"
"6906","cg03741155",-0.00026,4.8e-05,4e-08,NA,"NO2","GW"
"6907","cg12389772",-0.00037,6.8e-05,4e-08,NA,"NO2","GW"
"6908","cg18538812",-0.00041,7.4e-05,4e-08,NA,"NO2","GW"
"6909","cg13852775",-0.00018,3.3e-05,4e-08,NA,"NO2","GW"
"6910","cg17946316",-0.00025,4.6e-05,4e-08,NA,"NO2","GW"
"6911","cg20355606",-0.00025,4.6e-05,4e-08,NA,"NO2","GW"
"6912","cg21809160",-0.00023,4.1e-05,4e-08,NA,"NO2","GW"
"6913","cg03925642",-0.00049,8.9e-05,4e-08,NA,"NO2","GW"
"6914","cg14204559",-0.00027,5e-05,4e-08,NA,"NO2","GW"
"6915","cg11106331",-0.00026,4.8e-05,4e-08,NA,"NO2","GW"
"6916","cg06372539",-0.00031,5.7e-05,4e-08,NA,"NO2","GW"
"6917","cg08430972",-0.00026,4.7e-05,4e-08,NA,"NO2","GW"
"6918","cg21653641",-0.00044,8e-05,4e-08,NA,"NO2","GW"
"6919","cg14333565",-0.00027,4.9e-05,4e-08,NA,"NO2","GW"
"6920","cg25062251",-4e-04,7.3e-05,4e-08,NA,"NO2","GW"
"6921","cg04439600",-0.00034,6.1e-05,4e-08,NA,"NO2","GW"
"6922","cg08079266",-2e-04,3.7e-05,4e-08,NA,"NO2","GW"
"6923","cg03700253",-0.00025,4.5e-05,4e-08,NA,"NO2","GW"
"6924","cg03898832",-0.00029,5.2e-05,4e-08,NA,"NO2","GW"
"6925","cg12159215",-0.00031,5.6e-05,4e-08,NA,"NO2","GW"
"6926","cg20237264",-0.00031,5.7e-05,4e-08,NA,"NO2","GW"
"6927","cg23715045",-0.00049,9e-05,4e-08,NA,"NO2","GW"
"6928","cg25355291",-0.00036,6.5e-05,4e-08,NA,"NO2","GW"
"6929","cg06779421",-0.00029,5.3e-05,4.1e-08,NA,"NO2","GW"
"6930","cg07157951",-0.00037,6.7e-05,4.1e-08,NA,"NO2","GW"
"6931","cg07188665",-0.00041,7.4e-05,4.1e-08,NA,"NO2","GW"
"6932","cg10885139",-0.00019,3.5e-05,4.1e-08,NA,"NO2","GW"
"6933","cg14726117",-0.00033,6e-05,4.1e-08,NA,"NO2","GW"
"6934","cg03834023",-0.00027,5e-05,4.1e-08,NA,"NO2","GW"
"6935","cg07647677",-0.00031,5.6e-05,4.1e-08,NA,"NO2","GW"
"6936","cg13008935",-0.00026,4.7e-05,4.1e-08,NA,"NO2","GW"
"6937","cg14359934",-0.00025,4.6e-05,4.1e-08,NA,"NO2","GW"
"6938","cg19610519",-0.00021,3.8e-05,4.1e-08,NA,"NO2","GW"
"6939","cg21879791",-0.00042,7.7e-05,4.1e-08,NA,"NO2","GW"
"6940","cg27511413",-0.00039,7e-05,4.1e-08,NA,"NO2","GW"
"6941","cg06832359",-0.00033,5.9e-05,4.1e-08,NA,"NO2","GW"
"6942","cg27159096",-0.00034,6.1e-05,4.1e-08,NA,"NO2","GW"
"6943","cg06785060",-0.00037,6.7e-05,4.1e-08,NA,"NO2","GW"
"6944","cg14413700",-0.00038,7e-05,4.1e-08,NA,"NO2","GW"
"6945","cg19516374",-0.00026,4.7e-05,4.1e-08,NA,"NO2","GW"
"6946","cg10604258",-0.00012,2.2e-05,4.1e-08,NA,"NO2","GW"
"6947","cg15551881",0.00085,0.00015,4.1e-08,NA,"NO2","GW"
"6948","cg14302973",-0.00016,2.9e-05,4.1e-08,NA,"NO2","GW"
"6949","cg18786718",-0.00033,6.1e-05,4.1e-08,NA,"NO2","GW"
"6950","cg19912337",-0.00036,6.6e-05,4.1e-08,NA,"NO2","GW"
"6951","cg21697667",-0.00041,7.5e-05,4.1e-08,NA,"NO2","GW"
"6952","cg27385959",-0.00039,7.1e-05,4.1e-08,NA,"NO2","GW"
"6953","cg14349956",-0.00021,3.9e-05,4.1e-08,NA,"NO2","GW"
"6954","cg23624016",-0.00021,3.8e-05,4.1e-08,NA,"NO2","GW"
"6955","cg12179641",-0.00038,7e-05,4.1e-08,NA,"NO2","GW"
"6956","cg24067788",-0.00019,3.4e-05,4.1e-08,NA,"NO2","GW"
"6957","cg01699293",-0.00021,3.8e-05,4.1e-08,NA,"NO2","GW"
"6958","cg08108315",-0.00031,5.6e-05,4.1e-08,NA,"NO2","GW"
"6959","cg14281144",-0.00026,4.7e-05,4.1e-08,NA,"NO2","GW"
"6960","cg16767590",-0.00012,2.2e-05,4.1e-08,NA,"NO2","GW"
"6961","cg19370346",-0.00025,4.5e-05,4.1e-08,NA,"NO2","GW"
"6962","cg06419732",-8e-04,0.00015,4.2e-08,NA,"NO2","GW"
"6963","cg25950036",-0.00022,4.1e-05,4.2e-08,NA,"NO2","GW"
"6964","cg00689534",-0.00024,4.4e-05,4.2e-08,NA,"NO2","GW"
"6965","cg01613048",-0.00037,6.8e-05,4.2e-08,NA,"NO2","GW"
"6966","cg04539240",-0.00042,7.7e-05,4.2e-08,NA,"NO2","GW"
"6967","cg15988261",-0.00029,5.3e-05,4.2e-08,NA,"NO2","GW"
"6968","cg23209878",-0.00029,5.3e-05,4.2e-08,NA,"NO2","GW"
"6969","cg23457518",-0.00019,3.6e-05,4.2e-08,NA,"NO2","GW"
"6970","cg27548429",-0.00026,4.7e-05,4.2e-08,NA,"NO2","GW"
"6971","cg02134022",-0.00027,5e-05,4.2e-08,NA,"NO2","GW"
"6972","cg15186584",-0.00022,4.1e-05,4.2e-08,NA,"NO2","GW"
"6973","cg18970338",-0.00029,5.3e-05,4.2e-08,NA,"NO2","GW"
"6974","cg23679992",-0.00036,6.6e-05,4.2e-08,NA,"NO2","GW"
"6975","cg23762657",-0.00032,5.8e-05,4.2e-08,NA,"NO2","GW"
"6976","cg24795867",-3e-04,5.4e-05,4.2e-08,NA,"NO2","GW"
"6977","cg02205073",-0.00028,5.1e-05,4.2e-08,NA,"NO2","GW"
"6978","cg11485655",-0.00034,6.2e-05,4.2e-08,NA,"NO2","GW"
"6979","cg17104700",-0.00041,7.5e-05,4.2e-08,NA,"NO2","GW"
"6980","cg17386181",-0.00037,6.8e-05,4.2e-08,NA,"NO2","GW"
"6981","cg26835506",-0.00034,6.2e-05,4.2e-08,NA,"NO2","GW"
"6982","cg09283120",-2e-04,3.7e-05,4.2e-08,NA,"NO2","GW"
"6983","cg13777668",-0.00028,5.1e-05,4.2e-08,NA,"NO2","GW"
"6984","cg18957070",-0.00028,5e-05,4.2e-08,NA,"NO2","GW"
"6985","cg05122957",-0.00028,5.2e-05,4.2e-08,NA,"NO2","GW"
"6986","cg07168274",-0.00029,5.3e-05,4.2e-08,NA,"NO2","GW"
"6987","cg13188382",-4e-04,7.3e-05,4.2e-08,NA,"NO2","GW"
"6988","cg17093466",-0.00057,1e-04,4.2e-08,NA,"NO2","GW"
"6989","cg20306694",0.00071,0.00013,4.2e-08,NA,"NO2","GW"
"6990","cg03710353",-0.00027,5e-05,4.2e-08,NA,"NO2","GW"
"6991","cg03758732",-0.00025,4.6e-05,4.2e-08,NA,"NO2","GW"
"6992","cg11462459",-0.00022,4e-05,4.2e-08,NA,"NO2","GW"
"6993","cg13594863",-0.00028,5.2e-05,4.2e-08,NA,"NO2","GW"
"6994","cg14074944",-0.00026,4.8e-05,4.2e-08,NA,"NO2","GW"
"6995","cg19542131",-0.00027,5e-05,4.2e-08,NA,"NO2","GW"
"6996","cg20992180",-0.00036,6.7e-05,4.2e-08,NA,"NO2","GW"
"6997","cg23703089",-0.00049,8.9e-05,4.2e-08,NA,"NO2","GW"
"6998","cg26983744",-0.00027,4.9e-05,4.2e-08,NA,"NO2","GW"
"6999","cg02726957",-0.00023,4.2e-05,4.2e-08,NA,"NO2","GW"
"7000","cg13677859",-0.00035,6.4e-05,4.2e-08,NA,"NO2","GW"
"7001","cg07311363",-0.00021,3.9e-05,4.2e-08,NA,"NO2","GW"
"7002","cg15651204",-0.00016,3e-05,4.2e-08,NA,"NO2","GW"
"7003","cg08890627",-0.00045,8.3e-05,4.2e-08,NA,"NO2","GW"
"7004","cg15318176",-0.00037,6.7e-05,4.3e-08,NA,"NO2","GW"
"7005","cg08451325",-0.00033,6.1e-05,4.3e-08,NA,"NO2","GW"
"7006","cg09862303",-0.00027,5e-05,4.3e-08,NA,"NO2","GW"
"7007","cg11994229",-0.00028,5.2e-05,4.3e-08,NA,"NO2","GW"
"7008","cg12536809",-0.00029,5.4e-05,4.3e-08,NA,"NO2","GW"
"7009","cg19547929",-0.00035,6.4e-05,4.3e-08,NA,"NO2","GW"
"7010","cg05995361",-0.00035,6.4e-05,4.3e-08,NA,"NO2","GW"
"7011","cg14729456",-3e-04,5.5e-05,4.3e-08,NA,"NO2","GW"
"7012","cg10890346",-0.00039,7.2e-05,4.3e-08,NA,"NO2","GW"
"7013","cg20748397",-0.00037,6.8e-05,4.3e-08,NA,"NO2","GW"
"7014","cg24233679",-4e-04,7.4e-05,4.3e-08,NA,"NO2","GW"
"7015","cg03874201",-0.00029,5.2e-05,4.3e-08,NA,"NO2","GW"
"7016","cg14515614",-0.00024,4.4e-05,4.3e-08,NA,"NO2","GW"
"7017","cg14850730",-0.00024,4.3e-05,4.3e-08,NA,"NO2","GW"
"7018","cg19583934",-3e-04,5.5e-05,4.3e-08,NA,"NO2","GW"
"7019","cg03901281",-4e-04,7.3e-05,4.3e-08,NA,"NO2","GW"
"7020","cg05207068",-0.00031,5.6e-05,4.3e-08,NA,"NO2","GW"
"7021","cg17855390",-3e-04,5.4e-05,4.3e-08,NA,"NO2","GW"
"7022","cg17975177",-0.00018,3.3e-05,4.3e-08,NA,"NO2","GW"
"7023","cg22304705",-0.00021,3.9e-05,4.3e-08,NA,"NO2","GW"
"7024","cg25375569",-0.00034,6.3e-05,4.3e-08,NA,"NO2","GW"
"7025","cg02355339",-0.00038,6.9e-05,4.3e-08,NA,"NO2","GW"
"7026","cg04346637",-0.00029,5.3e-05,4.3e-08,NA,"NO2","GW"
"7027","cg13910174",-0.00027,4.9e-05,4.3e-08,NA,"NO2","GW"
"7028","cg08255017",-0.00036,6.6e-05,4.3e-08,NA,"NO2","GW"
"7029","cg15677985",-3e-04,5.5e-05,4.3e-08,NA,"NO2","GW"
"7030","cg20154816",-0.00026,4.8e-05,4.3e-08,NA,"NO2","GW"
"7031","cg21862529",-0.00039,7.1e-05,4.3e-08,NA,"NO2","GW"
"7032","cg00791548",-0.00027,4.9e-05,4.3e-08,NA,"NO2","GW"
"7033","cg04105876",-0.00022,4.1e-05,4.3e-08,NA,"NO2","GW"
"7034","cg09407712",-0.00016,3e-05,4.3e-08,NA,"NO2","GW"
"7035","cg13454199",-4e-04,7.3e-05,4.3e-08,NA,"NO2","GW"
"7036","cg03852045",-0.00014,2.5e-05,4.4e-08,NA,"NO2","GW"
"7037","cg06043617",-0.00027,4.9e-05,4.4e-08,NA,"NO2","GW"
"7038","cg10338848",-0.00025,4.6e-05,4.4e-08,NA,"NO2","GW"
"7039","cg11250194",-0.00065,0.00012,4.4e-08,NA,"NO2","GW"
"7040","cg13180252",-3e-04,5.4e-05,4.4e-08,NA,"NO2","GW"
"7041","cg16004056",-0.00022,4.1e-05,4.4e-08,NA,"NO2","GW"
"7042","cg17434901",-0.00036,6.6e-05,4.4e-08,NA,"NO2","GW"
"7043","cg23879743",-0.00026,4.8e-05,4.4e-08,NA,"NO2","GW"
"7044","cg15965094",-0.00019,3.4e-05,4.4e-08,NA,"NO2","GW"
"7045","cg27303272",-0.00028,5.1e-05,4.4e-08,NA,"NO2","GW"
"7046","cg18741166",-0.00032,5.8e-05,4.4e-08,NA,"NO2","GW"
"7047","cg21125112",-0.00043,7.9e-05,4.4e-08,NA,"NO2","GW"
"7048","cg26615188",-0.00027,5e-05,4.4e-08,NA,"NO2","GW"
"7049","cg00389446",-0.00025,4.5e-05,4.4e-08,NA,"NO2","GW"
"7050","cg01523600",-0.00039,7e-05,4.4e-08,NA,"NO2","GW"
"7051","cg22059438",-0.00053,9.7e-05,4.4e-08,NA,"NO2","GW"
"7052","cg04204669",-4e-04,7.4e-05,4.4e-08,NA,"NO2","GW"
"7053","cg17071731",-0.00047,8.6e-05,4.4e-08,NA,"NO2","GW"
"7054","cg02102456",-0.00044,8.1e-05,4.4e-08,NA,"NO2","GW"
"7055","cg10380643",-0.00046,8.3e-05,4.4e-08,NA,"NO2","GW"
"7056","cg21711008",-0.00024,4.4e-05,4.4e-08,NA,"NO2","GW"
"7057","cg22939113",-0.00034,6.2e-05,4.4e-08,NA,"NO2","GW"
"7058","cg23627828",-0.00039,7.1e-05,4.4e-08,NA,"NO2","GW"
"7059","cg19564264",-0.00021,3.7e-05,4.4e-08,NA,"NO2","GW"
"7060","cg04875020",-0.00042,7.7e-05,4.4e-08,NA,"NO2","GW"
"7061","cg14361586",-0.00027,4.9e-05,4.4e-08,NA,"NO2","GW"
"7062","cg17332369",-2e-04,3.7e-05,4.4e-08,NA,"NO2","GW"
"7063","cg15919689",-0.00029,5.3e-05,4.5e-08,NA,"NO2","GW"
"7064","cg01606878",-0.00026,4.7e-05,4.5e-08,NA,"NO2","GW"
"7065","cg06622994",-0.00045,8.3e-05,4.5e-08,NA,"NO2","GW"
"7066","cg07317843",-0.00033,6e-05,4.5e-08,NA,"NO2","GW"
"7067","cg20505457",-0.00036,6.6e-05,4.5e-08,NA,"NO2","GW"
"7068","cg03411082",3e-04,5.5e-05,4.5e-08,NA,"NO2","GW"
"7069","cg09167414",-4e-04,7.2e-05,4.5e-08,NA,"NO2","GW"
"7070","cg16764362",-0.00045,8.2e-05,4.5e-08,NA,"NO2","GW"
"7071","cg25032968",-0.00017,3e-05,4.5e-08,NA,"NO2","GW"
"7072","cg25114611",-0.00044,8e-05,4.5e-08,NA,"NO2","GW"
"7073","cg04912984",-0.00032,5.9e-05,4.5e-08,NA,"NO2","GW"
"7074","cg06524162",-0.00028,5.1e-05,4.5e-08,NA,"NO2","GW"
"7075","cg19401519",-0.00038,6.9e-05,4.5e-08,NA,"NO2","GW"
"7076","cg24855780",-0.00034,6.2e-05,4.5e-08,NA,"NO2","GW"
"7077","cg05298088",-0.00063,0.00012,4.5e-08,NA,"NO2","GW"
"7078","cg14591419",-0.00024,4.3e-05,4.5e-08,NA,"NO2","GW"
"7079","cg26569800",-0.00032,5.8e-05,4.5e-08,NA,"NO2","GW"
"7080","cg15908877",-0.00026,4.8e-05,4.5e-08,NA,"NO2","GW"
"7081","cg01536956",-0.00065,0.00012,4.5e-08,NA,"NO2","GW"
"7082","cg15113803",-0.00031,5.7e-05,4.5e-08,NA,"NO2","GW"
"7083","cg26365147",-0.00035,6.3e-05,4.5e-08,NA,"NO2","GW"
"7084","cg06582512",-0.00027,4.9e-05,4.5e-08,NA,"NO2","GW"
"7085","cg08934660",-0.00032,5.8e-05,4.5e-08,NA,"NO2","GW"
"7086","cg11846580",-6e-04,0.00011,4.5e-08,NA,"NO2","GW"
"7087","cg02708003",-0.00032,5.9e-05,4.5e-08,NA,"NO2","GW"
"7088","cg11253913",-4e-04,7.2e-05,4.5e-08,NA,"NO2","GW"
"7089","cg25664813",-0.00033,6e-05,4.5e-08,NA,"NO2","GW"
"7090","cg01756647",-0.00031,5.7e-05,4.6e-08,NA,"NO2","GW"
"7091","cg04573564",-3e-04,5.5e-05,4.6e-08,NA,"NO2","GW"
"7092","cg21275801",-0.00041,7.4e-05,4.6e-08,NA,"NO2","GW"
"7093","cg01459162",-0.00033,6e-05,4.6e-08,NA,"NO2","GW"
"7094","cg02146026",-0.00039,7.2e-05,4.6e-08,NA,"NO2","GW"
"7095","cg05656812",-3e-04,5.5e-05,4.6e-08,NA,"NO2","GW"
"7096","cg09291217",-0.00025,4.5e-05,4.6e-08,NA,"NO2","GW"
"7097","cg14299743",-0.00025,4.5e-05,4.6e-08,NA,"NO2","GW"
"7098","cg20615910",-0.00026,4.7e-05,4.6e-08,NA,"NO2","GW"
"7099","cg00976340",-0.00035,6.3e-05,4.6e-08,NA,"NO2","GW"
"7100","cg17009679",-0.00032,5.9e-05,4.6e-08,NA,"NO2","GW"
"7101","cg09895354",-0.00035,6.3e-05,4.6e-08,NA,"NO2","GW"
"7102","cg09913882",-0.00033,6e-05,4.6e-08,NA,"NO2","GW"
"7103","cg11014380",-5e-04,9.2e-05,4.6e-08,NA,"NO2","GW"
"7104","cg11183227",0.00032,5.8e-05,4.6e-08,NA,"NO2","GW"
"7105","cg16529323",-0.00063,0.00011,4.6e-08,NA,"NO2","GW"
"7106","cg16645907",-0.00024,4.5e-05,4.6e-08,NA,"NO2","GW"
"7107","cg19932080",-0.00026,4.8e-05,4.6e-08,NA,"NO2","GW"
"7108","cg04697953",-3e-04,5.5e-05,4.6e-08,NA,"NO2","GW"
"7109","cg08797704",-0.00036,6.6e-05,4.6e-08,NA,"NO2","GW"
"7110","cg00090737",-0.00042,7.7e-05,4.6e-08,NA,"NO2","GW"
"7111","cg06069030",-0.00033,6.1e-05,4.6e-08,NA,"NO2","GW"
"7112","cg12617473",-0.00022,4.1e-05,4.6e-08,NA,"NO2","GW"
"7113","cg05041511",-0.00033,6.1e-05,4.6e-08,NA,"NO2","GW"
"7114","cg17260660",-0.00042,7.8e-05,4.6e-08,NA,"NO2","GW"
"7115","cg26952188",-3e-04,5.4e-05,4.6e-08,NA,"NO2","GW"
"7116","cg00903452",-0.00036,6.7e-05,4.6e-08,NA,"NO2","GW"
"7117","cg02254605",-0.00035,6.5e-05,4.6e-08,NA,"NO2","GW"
"7118","cg03183618",-0.00024,4.4e-05,4.6e-08,NA,"NO2","GW"
"7119","cg03958863",-0.00031,5.6e-05,4.6e-08,NA,"NO2","GW"
"7120","cg04400620",-0.00029,5.3e-05,4.6e-08,NA,"NO2","GW"
"7121","cg11494699",-3e-04,5.5e-05,4.6e-08,NA,"NO2","GW"
"7122","cg06063714",-0.00052,9.5e-05,4.6e-08,NA,"NO2","GW"
"7123","cg06489289",-0.00032,5.9e-05,4.6e-08,NA,"NO2","GW"
"7124","cg07116947",-0.00051,9.4e-05,4.6e-08,NA,"NO2","GW"
"7125","cg16239218",-0.00026,4.8e-05,4.6e-08,NA,"NO2","GW"
"7126","cg00578039",-0.00052,9.5e-05,4.6e-08,NA,"NO2","GW"
"7127","cg15458801",-0.00021,3.9e-05,4.6e-08,NA,"NO2","GW"
"7128","cg18523666",-0.00026,4.7e-05,4.6e-08,NA,"NO2","GW"
"7129","cg06643284",-0.00031,5.7e-05,4.7e-08,NA,"NO2","GW"
"7130","cg20212823",-4e-04,7.4e-05,4.7e-08,NA,"NO2","GW"
"7131","cg22075924",-0.00031,5.6e-05,4.7e-08,NA,"NO2","GW"
"7132","cg22714033",-3e-04,5.5e-05,4.7e-08,NA,"NO2","GW"
"7133","cg27418204",-0.00023,4.2e-05,4.7e-08,NA,"NO2","GW"
"7134","cg05359207",3e-04,5.5e-05,4.7e-08,NA,"NO2","GW"
"7135","cg07071839",-0.00027,5e-05,4.7e-08,NA,"NO2","GW"
"7136","cg24039102",-0.00042,7.6e-05,4.7e-08,NA,"NO2","GW"
"7137","cg00667048",-0.00037,6.8e-05,4.7e-08,NA,"NO2","GW"
"7138","cg03991411",-0.00026,4.7e-05,4.7e-08,NA,"NO2","GW"
"7139","cg04142661",-0.00036,6.6e-05,4.7e-08,NA,"NO2","GW"
"7140","cg05853782",-0.00025,4.6e-05,4.7e-08,NA,"NO2","GW"
"7141","cg15871086",-0.00047,8.6e-05,4.7e-08,NA,"NO2","GW"
"7142","cg12699728",-0.00053,9.7e-05,4.7e-08,NA,"NO2","GW"
"7143","cg14304496",-0.00027,5e-05,4.7e-08,NA,"NO2","GW"
"7144","cg03341233",-0.00033,6e-05,4.7e-08,NA,"NO2","GW"
"7145","cg03441713",-0.00039,7.1e-05,4.7e-08,NA,"NO2","GW"
"7146","cg08720250",-0.00038,7e-05,4.7e-08,NA,"NO2","GW"
"7147","cg22347686",-0.00068,0.00012,4.7e-08,NA,"NO2","GW"
"7148","cg23343309",-0.00039,7.1e-05,4.7e-08,NA,"NO2","GW"
"7149","cg01432753",-0.00036,6.5e-05,4.7e-08,NA,"NO2","GW"
"7150","cg03860250",-0.00025,4.6e-05,4.7e-08,NA,"NO2","GW"
"7151","cg12804104",-0.00023,4.3e-05,4.7e-08,NA,"NO2","GW"
"7152","cg24697648",-4e-04,7.3e-05,4.7e-08,NA,"NO2","GW"
"7153","cg24747537",-0.00037,6.7e-05,4.7e-08,NA,"NO2","GW"
"7154","cg00199065",-0.00021,3.9e-05,4.7e-08,NA,"NO2","GW"
"7155","cg00532502",-0.00033,6.1e-05,4.7e-08,NA,"NO2","GW"
"7156","cg04274990",-0.00033,6e-05,4.7e-08,NA,"NO2","GW"
"7157","cg13614229",-0.00024,4.4e-05,4.7e-08,NA,"NO2","GW"
"7158","cg19023592",-0.00032,5.8e-05,4.7e-08,NA,"NO2","GW"
"7159","cg11391828",-0.00027,4.9e-05,4.7e-08,NA,"NO2","GW"
"7160","cg27189465",0.00043,7.8e-05,4.7e-08,NA,"NO2","GW"
"7161","cg07296387",-8e-04,0.00015,4.7e-08,NA,"NO2","GW"
"7162","cg01559597",-0.00033,6e-05,4.8e-08,NA,"NO2","GW"
"7163","cg05026785",-0.00026,4.8e-05,4.8e-08,NA,"NO2","GW"
"7164","cg09203802",-0.00028,5.1e-05,4.8e-08,NA,"NO2","GW"
"7165","cg12051613",-0.00023,4.2e-05,4.8e-08,NA,"NO2","GW"
"7166","cg24741888",-0.00024,4.4e-05,4.8e-08,NA,"NO2","GW"
"7167","cg25557306",-0.00024,4.4e-05,4.8e-08,NA,"NO2","GW"
"7168","cg25576227",-0.00034,6.3e-05,4.8e-08,NA,"NO2","GW"
"7169","cg12178900",-0.00036,6.6e-05,4.8e-08,NA,"NO2","GW"
"7170","cg12191232",-0.00043,7.9e-05,4.8e-08,NA,"NO2","GW"
"7171","cg01960128",-0.00031,5.7e-05,4.8e-08,NA,"NO2","GW"
"7172","cg04497390",-0.00022,4.1e-05,4.8e-08,NA,"NO2","GW"
"7173","cg19600528",-0.00024,4.5e-05,4.8e-08,NA,"NO2","GW"
"7174","cg20066792",0.00081,0.00015,4.8e-08,NA,"NO2","GW"
"7175","cg09891807",-0.00027,5e-05,4.8e-08,NA,"NO2","GW"
"7176","cg10311602",-0.00025,4.5e-05,4.8e-08,NA,"NO2","GW"
"7177","cg11583041",-0.00027,5e-05,4.8e-08,NA,"NO2","GW"
"7178","cg14051336",-0.00029,5.3e-05,4.8e-08,NA,"NO2","GW"
"7179","cg25820084",-0.00028,5e-05,4.8e-08,NA,"NO2","GW"
"7180","cg01558777",-0.00029,5.3e-05,4.8e-08,NA,"NO2","GW"
"7181","cg22563697",-0.00029,5.4e-05,4.8e-08,NA,"NO2","GW"
"7182","cg14053575",-0.00031,5.6e-05,4.8e-08,NA,"NO2","GW"
"7183","cg18427856",3e-04,5.6e-05,4.8e-08,NA,"NO2","GW"
"7184","cg01038738",-0.00029,5.3e-05,4.8e-08,NA,"NO2","GW"
"7185","cg13095091",-0.00042,7.7e-05,4.8e-08,NA,"NO2","GW"
"7186","cg21218820",-0.00037,6.7e-05,4.8e-08,NA,"NO2","GW"
"7187","cg04872399",-0.00045,8.3e-05,4.8e-08,NA,"NO2","GW"
"7188","cg06093920",-0.00017,3.2e-05,4.8e-08,NA,"NO2","GW"
"7189","cg09712902",-0.00035,6.3e-05,4.8e-08,NA,"NO2","GW"
"7190","cg14961117",-0.00031,5.7e-05,4.8e-08,NA,"NO2","GW"
"7191","cg26540630",-0.00034,6.2e-05,4.8e-08,NA,"NO2","GW"
"7192","cg05318361",-5e-04,9.1e-05,4.8e-08,NA,"NO2","GW"
"7193","cg13954213",-0.00048,8.7e-05,4.8e-08,NA,"NO2","GW"
"7194","cg20944701",-0.00037,6.7e-05,4.8e-08,NA,"NO2","GW"
"7195","cg01531915",-0.00025,4.6e-05,4.8e-08,NA,"NO2","GW"
"7196","cg05767015",-0.00024,4.5e-05,4.8e-08,NA,"NO2","GW"
"7197","cg08227353",-5e-04,9.2e-05,4.8e-08,NA,"NO2","GW"
"7198","cg00252733",-0.00038,6.9e-05,4.9e-08,NA,"NO2","GW"
"7199","cg00900242",-0.00039,7.2e-05,4.9e-08,NA,"NO2","GW"
"7200","cg02992617",-3e-04,5.5e-05,4.9e-08,NA,"NO2","GW"
"7201","cg01209987",-0.00039,7.1e-05,4.9e-08,NA,"NO2","GW"
"7202","cg08991210",-0.00048,8.7e-05,4.9e-08,NA,"NO2","GW"
"7203","cg10187703",-0.00022,4.1e-05,4.9e-08,NA,"NO2","GW"
"7204","cg23166970",-0.00013,2.4e-05,4.9e-08,NA,"NO2","GW"
"7205","cg14549849",-0.00018,3.3e-05,4.9e-08,NA,"NO2","GW"
"7206","cg23274689",-0.00029,5.3e-05,4.9e-08,NA,"NO2","GW"
"7207","cg03054541",-0.00023,4.3e-05,4.9e-08,NA,"NO2","GW"
"7208","cg07470341",-0.00031,5.7e-05,4.9e-08,NA,"NO2","GW"
"7209","cg10479063",-0.00023,4.3e-05,4.9e-08,NA,"NO2","GW"
"7210","cg11856932",-0.00027,4.9e-05,4.9e-08,NA,"NO2","GW"
"7211","cg01639256",-0.00022,4.1e-05,4.9e-08,NA,"NO2","GW"
"7212","cg27278470",-0.00037,6.8e-05,4.9e-08,NA,"NO2","GW"
"7213","cg08828723",-0.00052,9.5e-05,4.9e-08,NA,"NO2","GW"
"7214","cg15630743",-0.00032,5.9e-05,4.9e-08,NA,"NO2","GW"
"7215","cg24447890",-3e-04,5.6e-05,4.9e-08,NA,"NO2","GW"
"7216","cg26478079",-0.00033,6.1e-05,4.9e-08,NA,"NO2","GW"
"7217","cg05131034",-0.00036,6.5e-05,4.9e-08,NA,"NO2","GW"
"7218","cg01085328",-0.00036,6.7e-05,4.9e-08,NA,"NO2","GW"
"7219","cg03284640",-0.00025,4.6e-05,4.9e-08,NA,"NO2","GW"
"7220","cg11724750",-0.00012,2.3e-05,4.9e-08,NA,"NO2","GW"
"7221","cg18778347",-0.00026,4.7e-05,4.9e-08,NA,"NO2","GW"
"7222","cg26345218",-0.00024,4.4e-05,4.9e-08,NA,"NO2","GW"
"7223","cg27172557",-0.00023,4.3e-05,4.9e-08,NA,"NO2","GW"
"7224","cg03295107",-4e-04,7.3e-05,4.9e-08,NA,"NO2","GW"
"7225","cg03313659",-0.00025,4.5e-05,4.9e-08,NA,"NO2","GW"
"7226","cg19906973",-0.00014,2.6e-05,4.9e-08,NA,"NO2","GW"
"7227","cg07985164",-0.00026,4.7e-05,4.9e-08,NA,"NO2","GW"
"7228","cg08719081",-0.00019,3.5e-05,4.9e-08,NA,"NO2","GW"
"7229","cg09018558",-0.00029,5.3e-05,4.9e-08,NA,"NO2","GW"
"7230","cg09108073",-0.00034,6.2e-05,4.9e-08,NA,"NO2","GW"
"7231","cg15232654",-0.00026,4.8e-05,5e-08,NA,"NO2","GW"
"7232","cg00954391",-0.00034,6.2e-05,5e-08,NA,"NO2","GW"
"7233","cg03078141",-2e-04,3.7e-05,5e-08,NA,"NO2","GW"
"7234","cg06139166",-0.00014,2.6e-05,5e-08,NA,"NO2","GW"
"7235","cg14211837",-0.00029,5.3e-05,5e-08,NA,"NO2","GW"
"7236","cg07300559",-0.00035,6.4e-05,5e-08,NA,"NO2","GW"
"7237","cg01359015",-0.00027,5e-05,5e-08,NA,"NO2","GW"
"7238","cg10288525",-0.00031,5.8e-05,5e-08,NA,"NO2","GW"
"7239","cg18499001",-2e-04,3.7e-05,5e-08,NA,"NO2","GW"
"7240","cg00383020",-0.00027,5e-05,5e-08,NA,"NO2","GW"
"7241","cg19734830",-0.00029,5.3e-05,5e-08,NA,"NO2","GW"
"7242","cg20297979",-0.00013,2.3e-05,5e-08,NA,"NO2","GW"
"7243","cg05065078",-0.00025,4.6e-05,5e-08,NA,"NO2","GW"
"7244","cg05395852",-0.00035,6.4e-05,5e-08,NA,"NO2","GW"
"7245","cg09077319",-0.00064,0.00012,5e-08,NA,"NO2","GW"
"7246","cg13186599",-0.00028,5.1e-05,5e-08,NA,"NO2","GW"
"7247","cg19269520",-0.00026,4.8e-05,5e-08,NA,"NO2","GW"
"7248","cg01227558",-4e-04,7.3e-05,5e-08,NA,"NO2","GW"
"7249","cg09098720",-0.00053,9.6e-05,5e-08,NA,"NO2","GW"
"7250","cg19052164",-0.00041,7.5e-05,5e-08,NA,"NO2","GW"
"7251","cg10090386",-0.00028,5.2e-05,5e-08,NA,"NO2","GW"
"7252","cg20033619",-0.00028,5.2e-05,5e-08,NA,"NO2","GW"
"7253","cg21887373",-0.00045,8.3e-05,5e-08,NA,"NO2","GW"
"7254","cg01428928",-0.00028,5.1e-05,5e-08,NA,"NO2","GW"
"7255","cg22894276",-0.00035,6.4e-05,5e-08,NA,"NO2","GW"
"7256","cg22909759",-3e-04,5.5e-05,5e-08,NA,"NO2","GW"
"7257","cg03493668",-0.00033,6e-05,5.1e-08,NA,"NO2","GW"
"7258","cg23248729",-2e-04,3.6e-05,5.1e-08,NA,"NO2","GW"
"7259","cg23696712",-0.00043,7.9e-05,5.1e-08,NA,"NO2","GW"
"7260","cg23716692",-0.00018,3.3e-05,5.1e-08,NA,"NO2","GW"
"7261","cg25373430",-0.00026,4.8e-05,5.1e-08,NA,"NO2","GW"
"7262","cg05860566",-0.00037,6.9e-05,5.1e-08,NA,"NO2","GW"
"7263","cg07819010",-0.00051,9.4e-05,5.1e-08,NA,"NO2","GW"
"7264","cg16328896",-0.00022,4.1e-05,5.1e-08,NA,"NO2","GW"
"7265","cg18884942",-3e-04,5.5e-05,5.1e-08,NA,"NO2","GW"
"7266","cg21474257",-0.00043,7.8e-05,5.1e-08,NA,"NO2","GW"
"7267","cg01072609",-0.00028,5.2e-05,5.1e-08,NA,"NO2","GW"
"7268","cg05187797",-0.00023,4.3e-05,5.1e-08,NA,"NO2","GW"
"7269","cg08845329",-0.00011,1.9e-05,5.1e-08,NA,"NO2","GW"
"7270","cg21857200",-0.00021,3.8e-05,5.1e-08,NA,"NO2","GW"
"7271","cg24219128",-0.00026,4.7e-05,5.1e-08,NA,"NO2","GW"
"7272","cg13683667",-4e-04,7.3e-05,5.1e-08,NA,"NO2","GW"
"7273","cg26619894",-0.00026,4.8e-05,5.1e-08,NA,"NO2","GW"
"7274","cg00449384",-0.00031,5.6e-05,5.1e-08,NA,"NO2","GW"
"7275","cg03393607",-0.00022,4e-05,5.1e-08,NA,"NO2","GW"
"7276","cg09155025",-0.00042,7.7e-05,5.1e-08,NA,"NO2","GW"
"7277","cg18635207",-0.00014,2.6e-05,5.1e-08,NA,"NO2","GW"
"7278","cg20874044",-0.00041,7.5e-05,5.1e-08,NA,"NO2","GW"
"7279","cg20998481",-0.00026,4.8e-05,5.1e-08,NA,"NO2","GW"
"7280","cg07673376",-0.00024,4.4e-05,5.1e-08,NA,"NO2","GW"
"7281","cg27558312",-0.00027,4.9e-05,5.1e-08,NA,"NO2","GW"
"7282","cg04455639",-0.00029,5.3e-05,5.1e-08,NA,"NO2","GW"
"7283","cg08263398",-3e-04,5.5e-05,5.1e-08,NA,"NO2","GW"
"7284","cg08496162",-0.00024,4.4e-05,5.1e-08,NA,"NO2","GW"
"7285","cg15329642",-0.00048,8.8e-05,5.1e-08,NA,"NO2","GW"
"7286","cg21211730",-0.00029,5.3e-05,5.1e-08,NA,"NO2","GW"
"7287","cg22079271",-0.00025,4.6e-05,5.1e-08,NA,"NO2","GW"
"7288","cg06255609",-0.00033,6.1e-05,5.1e-08,NA,"NO2","GW"
"7289","cg18331412",-0.00071,0.00013,5.1e-08,NA,"NO2","GW"
"7290","cg18999360",-2e-04,3.6e-05,5.1e-08,NA,"NO2","GW"
"7291","cg00781749",-0.00035,6.5e-05,5.1e-08,NA,"NO2","GW"
"7292","cg09675824",-3e-04,5.5e-05,5.1e-08,NA,"NO2","GW"
"7293","cg11551577",-0.00023,4.3e-05,5.1e-08,NA,"NO2","GW"
"7294","cg14893935",-0.00027,5e-05,5.1e-08,NA,"NO2","GW"
"7295","cg23652123",-0.00028,5.2e-05,5.1e-08,NA,"NO2","GW"
"7296","cg00233779",-0.00037,6.8e-05,5.2e-08,NA,"NO2","GW"
"7297","cg05314799",-0.00034,6.2e-05,5.2e-08,NA,"NO2","GW"
"7298","cg09968361",-3e-04,5.6e-05,5.2e-08,NA,"NO2","GW"
"7299","cg19805160",-5e-04,9.1e-05,5.2e-08,NA,"NO2","GW"
"7300","cg23321524",-0.00039,7.2e-05,5.2e-08,NA,"NO2","GW"
"7301","cg06181064",-0.00037,6.8e-05,5.2e-08,NA,"NO2","GW"
"7302","cg11113753",-0.00031,5.7e-05,5.2e-08,NA,"NO2","GW"
"7303","cg15771416",-0.00029,5.3e-05,5.2e-08,NA,"NO2","GW"
"7304","cg00643876",-0.00028,5.1e-05,5.2e-08,NA,"NO2","GW"
"7305","cg03336706",-0.00039,7.2e-05,5.2e-08,NA,"NO2","GW"
"7306","cg11034122",-0.00035,6.3e-05,5.2e-08,NA,"NO2","GW"
"7307","cg00621197",-0.00027,5e-05,5.2e-08,NA,"NO2","GW"
"7308","cg13324701",-0.00035,6.4e-05,5.2e-08,NA,"NO2","GW"
"7309","cg17642774",-3e-04,5.5e-05,5.2e-08,NA,"NO2","GW"
"7310","cg01800884",-0.00037,6.7e-05,5.2e-08,NA,"NO2","GW"
"7311","cg03935060",-0.00047,8.7e-05,5.2e-08,NA,"NO2","GW"
"7312","cg05011238",-0.00027,4.9e-05,5.2e-08,NA,"NO2","GW"
"7313","cg11158374",-0.00024,4.3e-05,5.2e-08,NA,"NO2","GW"
"7314","cg19504184",-0.00059,0.00011,5.2e-08,NA,"NO2","GW"
"7315","cg19554281",-0.00028,5.2e-05,5.2e-08,NA,"NO2","GW"
"7316","cg23469878",-0.00039,7.2e-05,5.2e-08,NA,"NO2","GW"
"7317","cg04665565",-0.00019,3.5e-05,5.2e-08,NA,"NO2","GW"
"7318","cg01164686",-0.00031,5.7e-05,5.2e-08,NA,"NO2","GW"
"7319","cg12046837",-0.00045,8.3e-05,5.2e-08,NA,"NO2","GW"
"7320","cg03607648",-0.00027,4.9e-05,5.2e-08,NA,"NO2","GW"
"7321","cg08973950",-0.00085,0.00016,5.2e-08,NA,"NO2","GW"
"7322","cg14451882",-0.00037,6.8e-05,5.2e-08,NA,"NO2","GW"
"7323","cg17616453",-0.00025,4.5e-05,5.2e-08,NA,"NO2","GW"
"7324","cg06397345",-0.00034,6.2e-05,5.2e-08,NA,"NO2","GW"
"7325","cg10819050",-4e-04,7.4e-05,5.2e-08,NA,"NO2","GW"
"7326","cg13677577",-0.00019,3.4e-05,5.2e-08,NA,"NO2","GW"
"7327","cg15280185",-0.00047,8.7e-05,5.2e-08,NA,"NO2","GW"
"7328","cg17151560",-0.00035,6.4e-05,5.2e-08,NA,"NO2","GW"
"7329","cg05740775",-0.00031,5.7e-05,5.3e-08,NA,"NO2","GW"
"7330","cg12073440",-3e-04,5.5e-05,5.3e-08,NA,"NO2","GW"
"7331","cg25194470",-0.00045,8.2e-05,5.3e-08,NA,"NO2","GW"
"7332","cg23053537",-0.00024,4.4e-05,5.3e-08,NA,"NO2","GW"
"7333","cg03206569",-0.00035,6.4e-05,5.3e-08,NA,"NO2","GW"
"7334","cg06953703",-0.00037,6.9e-05,5.3e-08,NA,"NO2","GW"
"7335","cg16404903",-0.00037,6.9e-05,5.3e-08,NA,"NO2","GW"
"7336","cg19547124",-0.00029,5.3e-05,5.3e-08,NA,"NO2","GW"
"7337","cg06033949",-0.00054,9.9e-05,5.3e-08,NA,"NO2","GW"
"7338","cg10207656",-0.00027,4.9e-05,5.3e-08,NA,"NO2","GW"
"7339","cg21923317",-0.00036,6.6e-05,5.3e-08,NA,"NO2","GW"
"7340","cg24778004",-3e-04,5.5e-05,5.3e-08,NA,"NO2","GW"
"7341","cg02128417",-0.00019,3.6e-05,5.3e-08,NA,"NO2","GW"
"7342","cg14545570",-0.00034,6.3e-05,5.3e-08,NA,"NO2","GW"
"7343","cg18148375",-0.00034,6.3e-05,5.3e-08,NA,"NO2","GW"
"7344","cg20768506",-0.00036,6.6e-05,5.3e-08,NA,"NO2","GW"
"7345","cg24001728",-0.00045,8.2e-05,5.3e-08,NA,"NO2","GW"
"7346","cg01295785",-0.00022,4.1e-05,5.3e-08,NA,"NO2","GW"
"7347","cg05708167",-0.00024,4.5e-05,5.3e-08,NA,"NO2","GW"
"7348","cg26365013",-0.00027,5e-05,5.3e-08,NA,"NO2","GW"
"7349","cg06347338",-0.00017,3.1e-05,5.3e-08,NA,"NO2","GW"
"7350","cg26017484",-3e-04,5.6e-05,5.3e-08,NA,"NO2","GW"
"7351","cg01002891",-0.00019,3.5e-05,5.3e-08,NA,"NO2","GW"
"7352","cg09940677",0.00046,8.5e-05,5.3e-08,NA,"NO2","GW"
"7353","cg22125754",-0.00028,5.1e-05,5.3e-08,NA,"NO2","GW"
"7354","cg03076130",-0.00041,7.6e-05,5.3e-08,NA,"NO2","GW"
"7355","cg09676390",-0.00083,0.00015,5.3e-08,NA,"NO2","GW"
"7356","cg00654637",-0.00039,7.2e-05,5.4e-08,NA,"NO2","GW"
"7357","cg08454125",-0.00049,9e-05,5.4e-08,NA,"NO2","GW"
"7358","cg21529778",-0.00015,2.7e-05,5.4e-08,NA,"NO2","GW"
"7359","cg15343797",-0.00027,5e-05,5.4e-08,NA,"NO2","GW"
"7360","cg19467203",-0.00026,4.8e-05,5.4e-08,NA,"NO2","GW"
"7361","cg08722996",-0.00042,7.7e-05,5.4e-08,NA,"NO2","GW"
"7362","cg00832644",-0.00025,4.6e-05,5.4e-08,NA,"NO2","GW"
"7363","cg07721042",-0.00032,5.8e-05,5.4e-08,NA,"NO2","GW"
"7364","cg21042179",-0.00028,5.2e-05,5.4e-08,NA,"NO2","GW"
"7365","cg00005083",-0.00031,5.7e-05,5.4e-08,NA,"NO2","GW"
"7366","cg01575601",-0.00032,5.9e-05,5.4e-08,NA,"NO2","GW"
"7367","cg08279879",-0.00033,6.1e-05,5.4e-08,NA,"NO2","GW"
"7368","cg14356362",-0.00037,6.8e-05,5.4e-08,NA,"NO2","GW"
"7369","cg27292667",-0.00032,5.8e-05,5.4e-08,NA,"NO2","GW"
"7370","cg02742969",-0.00048,8.7e-05,5.4e-08,NA,"NO2","GW"
"7371","cg06953865",-0.00085,0.00016,5.4e-08,NA,"NO2","GW"
"7372","cg12421966",-0.00041,7.6e-05,5.4e-08,NA,"NO2","GW"
"7373","cg12739914",-0.00032,5.9e-05,5.4e-08,NA,"NO2","GW"
"7374","cg13420004",-0.00027,5e-05,5.4e-08,NA,"NO2","GW"
"7375","cg16598680",-0.00035,6.4e-05,5.4e-08,NA,"NO2","GW"
"7376","cg23496571",-0.00037,6.9e-05,5.4e-08,NA,"NO2","GW"
"7377","cg04210392",-2e-04,3.6e-05,5.4e-08,NA,"NO2","GW"
"7378","cg08372713",-0.00021,3.8e-05,5.4e-08,NA,"NO2","GW"
"7379","cg13436417",-0.00027,5e-05,5.4e-08,NA,"NO2","GW"
"7380","cg03179542",-0.00059,0.00011,5.4e-08,NA,"NO2","GW"
"7381","cg04177635",-0.00018,3.3e-05,5.4e-08,NA,"NO2","GW"
"7382","cg06554935",-0.00025,4.6e-05,5.4e-08,NA,"NO2","GW"
"7383","cg03773731",-0.00029,5.4e-05,5.4e-08,NA,"NO2","GW"
"7384","cg15228639",-0.00037,6.8e-05,5.4e-08,NA,"NO2","GW"
"7385","cg18081104",-0.00037,6.8e-05,5.4e-08,NA,"NO2","GW"
"7386","cg24290948",-0.00042,7.7e-05,5.4e-08,NA,"NO2","GW"
"7387","cg16986661",-0.00021,3.8e-05,5.5e-08,NA,"NO2","GW"
"7388","cg21490635",-4e-04,7.3e-05,5.5e-08,NA,"NO2","GW"
"7389","cg10608858",-0.00018,3.3e-05,5.5e-08,NA,"NO2","GW"
"7390","cg17174893",-4e-04,7.3e-05,5.5e-08,NA,"NO2","GW"
"7391","cg01035771",-0.00038,7e-05,5.5e-08,NA,"NO2","GW"
"7392","cg03339560",-0.00038,7e-05,5.5e-08,NA,"NO2","GW"
"7393","cg05381795",-0.00047,8.6e-05,5.5e-08,NA,"NO2","GW"
"7394","cg07036035",-0.00042,7.8e-05,5.5e-08,NA,"NO2","GW"
"7395","cg10091487",-0.00022,4e-05,5.5e-08,NA,"NO2","GW"
"7396","cg17896897",-0.00026,4.8e-05,5.5e-08,NA,"NO2","GW"
"7397","cg23390871",-4e-04,7.3e-05,5.5e-08,NA,"NO2","GW"
"7398","cg14069306",-0.00035,6.4e-05,5.5e-08,NA,"NO2","GW"
"7399","cg01799507",-0.00022,4e-05,5.5e-08,NA,"NO2","GW"
"7400","cg09140593",-0.00025,4.6e-05,5.5e-08,NA,"NO2","GW"
"7401","cg13656408",-4e-04,7.4e-05,5.5e-08,NA,"NO2","GW"
"7402","cg21067775",-0.00059,0.00011,5.5e-08,NA,"NO2","GW"
"7403","cg27629317",-0.00024,4.5e-05,5.5e-08,NA,"NO2","GW"
"7404","cg04172049",-0.00051,9.4e-05,5.5e-08,NA,"NO2","GW"
"7405","cg07971745",-0.00031,5.7e-05,5.5e-08,NA,"NO2","GW"
"7406","cg13654103",-0.00022,4e-05,5.5e-08,NA,"NO2","GW"
"7407","cg18894781",-0.00025,4.7e-05,5.5e-08,NA,"NO2","GW"
"7408","cg00703120",-3e-04,5.6e-05,5.5e-08,NA,"NO2","GW"
"7409","cg16895493",-0.00021,3.8e-05,5.5e-08,NA,"NO2","GW"
"7410","cg18663307",0.00075,0.00014,5.5e-08,NA,"NO2","GW"
"7411","cg27562840",-0.00027,5e-05,5.5e-08,NA,"NO2","GW"
"7412","cg11035304",-0.00029,5.3e-05,5.5e-08,NA,"NO2","GW"
"7413","cg20265953",-0.00032,6e-05,5.6e-08,NA,"NO2","GW"
"7414","cg23921031",-0.00024,4.5e-05,5.6e-08,NA,"NO2","GW"
"7415","cg27292099",-0.00025,4.6e-05,5.6e-08,NA,"NO2","GW"
"7416","cg03628871",-7.3e-05,1.3e-05,5.6e-08,NA,"NO2","GW"
"7417","cg06700060",-0.00029,5.4e-05,5.6e-08,NA,"NO2","GW"
"7418","cg08550260",-0.00023,4.3e-05,5.6e-08,NA,"NO2","GW"
"7419","cg25890679",-0.00022,4e-05,5.6e-08,NA,"NO2","GW"
"7420","cg08515989",-0.00067,0.00012,5.6e-08,NA,"NO2","GW"
"7421","cg13905252",-0.00035,6.5e-05,5.6e-08,NA,"NO2","GW"
"7422","cg15434292",-0.00035,6.4e-05,5.6e-08,NA,"NO2","GW"
"7423","cg11153057",-0.00032,5.9e-05,5.6e-08,NA,"NO2","GW"
"7424","cg16698623",-0.00045,8.2e-05,5.6e-08,NA,"NO2","GW"
"7425","cg17277248",-0.00024,4.5e-05,5.6e-08,NA,"NO2","GW"
"7426","cg18281102",-0.00025,4.6e-05,5.6e-08,NA,"NO2","GW"
"7427","cg23893346",-0.00036,6.6e-05,5.6e-08,NA,"NO2","GW"
"7428","cg00004089",-0.00035,6.5e-05,5.6e-08,NA,"NO2","GW"
"7429","cg02874145",-0.00029,5.3e-05,5.6e-08,NA,"NO2","GW"
"7430","cg13694876",-0.00031,5.7e-05,5.6e-08,NA,"NO2","GW"
"7431","cg23740940",-0.00088,0.00016,5.6e-08,NA,"NO2","GW"
"7432","cg01040890",-0.00043,7.8e-05,5.6e-08,NA,"NO2","GW"
"7433","cg03102386",-0.00019,3.6e-05,5.6e-08,NA,"NO2","GW"
"7434","cg26074326",-0.00032,5.9e-05,5.6e-08,NA,"NO2","GW"
"7435","cg03160788",-0.00032,6e-05,5.6e-08,NA,"NO2","GW"
"7436","cg09249980",-0.00042,7.7e-05,5.6e-08,NA,"NO2","GW"
"7437","cg09843829",-0.00022,4e-05,5.6e-08,NA,"NO2","GW"
"7438","cg26581982",-0.00033,6e-05,5.6e-08,NA,"NO2","GW"
"7439","cg01189604",-0.00027,4.9e-05,5.6e-08,NA,"NO2","GW"
"7440","cg03860650",-0.00022,4.1e-05,5.6e-08,NA,"NO2","GW"
"7441","cg07890238",-2e-04,3.8e-05,5.6e-08,NA,"NO2","GW"
"7442","cg08352148",-0.00039,7.3e-05,5.6e-08,NA,"NO2","GW"
"7443","cg21587211",-2e-04,3.7e-05,5.6e-08,NA,"NO2","GW"
"7444","cg09301462",-0.00027,5e-05,5.7e-08,NA,"NO2","GW"
"7445","cg18154417",-0.00032,5.8e-05,5.7e-08,NA,"NO2","GW"
"7446","cg07323399",-0.00041,7.6e-05,5.7e-08,NA,"NO2","GW"
"7447","cg18360111",-0.00022,4e-05,5.7e-08,NA,"NO2","GW"
"7448","cg15620250",-0.00025,4.6e-05,5.7e-08,NA,"NO2","GW"
"7449","cg23390118",-0.00061,0.00011,5.7e-08,NA,"NO2","GW"
"7450","cg25755740",-0.00023,4.2e-05,5.7e-08,NA,"NO2","GW"
"7451","cg01477908",-0.00031,5.8e-05,5.7e-08,NA,"NO2","GW"
"7452","cg04153489",-0.00052,9.7e-05,5.7e-08,NA,"NO2","GW"
"7453","cg11096675",-2e-04,3.7e-05,5.7e-08,NA,"NO2","GW"
"7454","cg17561452",-0.00039,7.2e-05,5.7e-08,NA,"NO2","GW"
"7455","cg23548374",-0.00031,5.7e-05,5.7e-08,NA,"NO2","GW"
"7456","cg04401067",-0.00026,4.8e-05,5.7e-08,NA,"NO2","GW"
"7457","cg01044025",0.00068,0.00013,5.7e-08,NA,"NO2","GW"
"7458","cg02272429",-0.00038,7e-05,5.7e-08,NA,"NO2","GW"
"7459","cg26090072",-0.00052,9.6e-05,5.7e-08,NA,"NO2","GW"
"7460","cg01590699",-0.00034,6.2e-05,5.7e-08,NA,"NO2","GW"
"7461","cg02046017",-0.00028,5.2e-05,5.7e-08,NA,"NO2","GW"
"7462","cg09953710",-0.00025,4.6e-05,5.7e-08,NA,"NO2","GW"
"7463","cg11611932",-0.00031,5.8e-05,5.7e-08,NA,"NO2","GW"
"7464","cg16476048",-0.00042,7.7e-05,5.7e-08,NA,"NO2","GW"
"7465","cg23752152",-0.00024,4.4e-05,5.7e-08,NA,"NO2","GW"
"7466","cg15679098",-0.00025,4.5e-05,5.7e-08,NA,"NO2","GW"
"7467","cg24694329",-0.00034,6.2e-05,5.7e-08,NA,"NO2","GW"
"7468","cg00966522",-0.00043,7.9e-05,5.7e-08,NA,"NO2","GW"
"7469","cg01822289",-0.00024,4.4e-05,5.7e-08,NA,"NO2","GW"
"7470","cg03164969",-0.00044,8.1e-05,5.7e-08,NA,"NO2","GW"
"7471","cg23737263",-0.00039,7.3e-05,5.7e-08,NA,"NO2","GW"
"7472","cg16204289",-0.00024,4.4e-05,5.7e-08,NA,"NO2","GW"
"7473","cg21637843",-0.00042,7.7e-05,5.7e-08,NA,"NO2","GW"
"7474","cg06002638",-0.00043,7.9e-05,5.8e-08,NA,"NO2","GW"
"7475","cg10520740",-0.00041,7.6e-05,5.8e-08,NA,"NO2","GW"
"7476","cg12751948",-0.00041,7.6e-05,5.8e-08,NA,"NO2","GW"
"7477","cg24874277",-2e-04,3.7e-05,5.8e-08,NA,"NO2","GW"
"7478","cg26510500",-2e-04,3.8e-05,5.8e-08,NA,"NO2","GW"
"7479","cg03755825",-0.00025,4.7e-05,5.8e-08,NA,"NO2","GW"
"7480","cg24337225",-0.00025,4.6e-05,5.8e-08,NA,"NO2","GW"
"7481","cg24486540",-0.00043,7.9e-05,5.8e-08,NA,"NO2","GW"
"7482","cg10773249",-0.00033,6e-05,5.8e-08,NA,"NO2","GW"
"7483","cg12920963",-0.00029,5.4e-05,5.8e-08,NA,"NO2","GW"
"7484","cg16069359",-0.00025,4.5e-05,5.8e-08,NA,"NO2","GW"
"7485","cg02904800",-0.00019,3.5e-05,5.8e-08,NA,"NO2","GW"
"7486","cg14093720",-0.00028,5.3e-05,5.8e-08,NA,"NO2","GW"
"7487","cg23894563",-0.00018,3.3e-05,5.8e-08,NA,"NO2","GW"
"7488","cg26754664",-0.00039,7.2e-05,5.8e-08,NA,"NO2","GW"
"7489","cg00115549",-0.00017,3.2e-05,5.8e-08,NA,"NO2","GW"
"7490","cg16437547",-4e-04,7.4e-05,5.8e-08,NA,"NO2","GW"
"7491","cg23587288",-0.00023,4.2e-05,5.8e-08,NA,"NO2","GW"
"7492","cg24331162",-0.00029,5.3e-05,5.8e-08,NA,"NO2","GW"
"7493","cg24977541",-0.00029,5.3e-05,5.8e-08,NA,"NO2","GW"
"7494","cg25344194",-0.00047,8.7e-05,5.8e-08,NA,"NO2","GW"
"7495","cg01550397",-0.00037,6.9e-05,5.8e-08,NA,"NO2","GW"
"7496","cg05988291",-0.00021,3.9e-05,5.8e-08,NA,"NO2","GW"
"7497","cg06770683",-0.00039,7.1e-05,5.8e-08,NA,"NO2","GW"
"7498","cg14825743",-0.00021,3.8e-05,5.8e-08,NA,"NO2","GW"
"7499","cg10894991",-0.00039,7.2e-05,5.8e-08,NA,"NO2","GW"
"7500","cg00476872",-0.00017,3.1e-05,5.9e-08,NA,"NO2","GW"
"7501","cg00955413",-0.00026,4.7e-05,5.9e-08,NA,"NO2","GW"
"7502","cg07551200",-3e-04,5.5e-05,5.9e-08,NA,"NO2","GW"
"7503","cg09543635",-0.00021,3.9e-05,5.9e-08,NA,"NO2","GW"
"7504","cg15976883",-0.00042,7.8e-05,5.9e-08,NA,"NO2","GW"
"7505","cg01965425",-0.00018,3.4e-05,5.9e-08,NA,"NO2","GW"
"7506","cg04167867",-0.00021,3.8e-05,5.9e-08,NA,"NO2","GW"
"7507","cg07025432",-0.00029,5.4e-05,5.9e-08,NA,"NO2","GW"
"7508","cg07839536",-0.00026,4.8e-05,5.9e-08,NA,"NO2","GW"
"7509","cg11999331",-0.00015,2.7e-05,5.9e-08,NA,"NO2","GW"
"7510","cg23690808",-0.00038,7.1e-05,5.9e-08,NA,"NO2","GW"
"7511","cg27123166",-0.00026,4.8e-05,5.9e-08,NA,"NO2","GW"
"7512","cg03984866",-0.00036,6.7e-05,5.9e-08,NA,"NO2","GW"
"7513","cg21478437",-0.00034,6.3e-05,5.9e-08,NA,"NO2","GW"
"7514","cg00553107",-0.00026,4.9e-05,5.9e-08,NA,"NO2","GW"
"7515","cg26544499",-0.00029,5.3e-05,5.9e-08,NA,"NO2","GW"
"7516","cg04132651",-0.00022,4e-05,5.9e-08,NA,"NO2","GW"
"7517","cg18817158",-0.00022,4.1e-05,5.9e-08,NA,"NO2","GW"
"7518","cg23114262",-0.00013,2.4e-05,5.9e-08,NA,"NO2","GW"
"7519","cg26073865",-0.00029,5.3e-05,5.9e-08,NA,"NO2","GW"
"7520","cg19366986",-3e-04,5.5e-05,5.9e-08,NA,"NO2","GW"
"7521","cg27573593",-0.00013,2.4e-05,5.9e-08,NA,"NO2","GW"
"7522","cg00864770",-0.00033,6.1e-05,5.9e-08,NA,"NO2","GW"
"7523","cg01703993",-0.00018,3.4e-05,5.9e-08,NA,"NO2","GW"
"7524","cg05777594",-0.00024,4.5e-05,5.9e-08,NA,"NO2","GW"
"7525","cg19344881",-0.00021,3.9e-05,5.9e-08,NA,"NO2","GW"
"7526","cg02182592",-0.00046,8.5e-05,5.9e-08,NA,"NO2","GW"
"7527","cg06541938",-0.00033,6.2e-05,5.9e-08,NA,"NO2","GW"
"7528","cg13540805",-0.00028,5.2e-05,5.9e-08,NA,"NO2","GW"
"7529","cg27531490",-0.00061,0.00011,5.9e-08,NA,"NO2","GW"
"7530","cg02306229",-0.00038,7e-05,5.9e-08,NA,"NO2","GW"
"7531","cg07433154",-0.00034,6.3e-05,5.9e-08,NA,"NO2","GW"
"7532","cg24802745",-0.00031,5.8e-05,5.9e-08,NA,"NO2","GW"
"7533","cg25285646",-0.00037,6.8e-05,5.9e-08,NA,"NO2","GW"
"7534","cg26923045",-0.00017,3.2e-05,5.9e-08,NA,"NO2","GW"
"7535","cg14038731",-0.00035,6.5e-05,6e-08,NA,"NO2","GW"
"7536","cg06830319",-0.00033,6e-05,6e-08,NA,"NO2","GW"
"7537","cg19015961",-0.00028,5.3e-05,6e-08,NA,"NO2","GW"
"7538","cg01210622",-0.00019,3.4e-05,6e-08,NA,"NO2","GW"
"7539","cg03395993",-0.00027,5e-05,6e-08,NA,"NO2","GW"
"7540","cg11205312",-5e-04,9.2e-05,6e-08,NA,"NO2","GW"
"7541","cg13200739",-0.00017,3.1e-05,6e-08,NA,"NO2","GW"
"7542","cg14762454",-0.00024,4.5e-05,6e-08,NA,"NO2","GW"
"7543","cg03145815",-3e-04,5.5e-05,6e-08,NA,"NO2","GW"
"7544","cg06960700",-0.00026,4.8e-05,6e-08,NA,"NO2","GW"
"7545","cg24164786",-0.00024,4.4e-05,6e-08,NA,"NO2","GW"
"7546","cg07019099",-0.00027,4.9e-05,6e-08,NA,"NO2","GW"
"7547","cg20277740",-0.00028,5.1e-05,6e-08,NA,"NO2","GW"
"7548","cg22318991",-0.00024,4.5e-05,6e-08,NA,"NO2","GW"
"7549","cg25368116",-0.00027,4.9e-05,6e-08,NA,"NO2","GW"
"7550","cg14741236",-0.00035,6.5e-05,6e-08,NA,"NO2","GW"
"7551","cg14744022",-0.00028,5.1e-05,6e-08,NA,"NO2","GW"
"7552","cg04577162",0.00074,0.00014,6e-08,NA,"NO2","GW"
"7553","cg21302133",-0.00033,6e-05,6e-08,NA,"NO2","GW"
"7554","cg16794961",-0.00031,5.8e-05,6e-08,NA,"NO2","GW"
"7555","cg03734302",-0.00031,5.8e-05,6.1e-08,NA,"NO2","GW"
"7556","cg21433085",-0.00023,4.3e-05,6.1e-08,NA,"NO2","GW"
"7557","cg24213433",-0.00024,4.5e-05,6.1e-08,NA,"NO2","GW"
"7558","cg01265637",-2e-04,3.7e-05,6.1e-08,NA,"NO2","GW"
"7559","cg01864825",-0.00031,5.8e-05,6.1e-08,NA,"NO2","GW"
"7560","cg19707326",-0.00033,6.1e-05,6.1e-08,NA,"NO2","GW"
"7561","cg08228995",-0.00029,5.4e-05,6.1e-08,NA,"NO2","GW"
"7562","cg17793608",-0.00024,4.5e-05,6.1e-08,NA,"NO2","GW"
"7563","cg00012529",-0.00019,3.4e-05,6.1e-08,NA,"NO2","GW"
"7564","cg08678851",-0.00025,4.5e-05,6.1e-08,NA,"NO2","GW"
"7565","cg08878802",-0.00029,5.3e-05,6.1e-08,NA,"NO2","GW"
"7566","cg24871165",-7e-04,0.00013,6.1e-08,NA,"NO2","GW"
"7567","cg00605763",-0.00033,6.1e-05,6.1e-08,NA,"NO2","GW"
"7568","cg08447934",-0.00057,1e-04,6.1e-08,NA,"NO2","GW"
"7569","cg16465129",-0.00017,3.2e-05,6.1e-08,NA,"NO2","GW"
"7570","cg02147980",-0.00032,5.8e-05,6.1e-08,NA,"NO2","GW"
"7571","cg01660001",-0.00021,3.8e-05,6.1e-08,NA,"NO2","GW"
"7572","cg09781936",-0.00032,5.9e-05,6.1e-08,NA,"NO2","GW"
"7573","cg15841728",-0.00022,4.1e-05,6.1e-08,NA,"NO2","GW"
"7574","cg01577760",-0.00053,9.8e-05,6.1e-08,NA,"NO2","GW"
"7575","cg03700669",-0.00036,6.6e-05,6.1e-08,NA,"NO2","GW"
"7576","cg14468741",-0.00035,6.5e-05,6.1e-08,NA,"NO2","GW"
"7577","cg16749930",0.00019,3.4e-05,6.2e-08,NA,"NO2","GW"
"7578","cg02717470",-0.00028,5.2e-05,6.2e-08,NA,"NO2","GW"
"7579","cg06437052",-0.00034,6.2e-05,6.2e-08,NA,"NO2","GW"
"7580","cg00015639",-0.00025,4.6e-05,6.2e-08,NA,"NO2","GW"
"7581","cg12715395",-0.00022,4.1e-05,6.2e-08,NA,"NO2","GW"
"7582","cg27232482",-0.00054,1e-04,6.2e-08,NA,"NO2","GW"
"7583","cg14198873",-0.00033,6.2e-05,6.2e-08,NA,"NO2","GW"
"7584","cg22872064",-0.00026,4.8e-05,6.2e-08,NA,"NO2","GW"
"7585","cg10626107",-0.00031,5.7e-05,6.2e-08,NA,"NO2","GW"
"7586","cg11147442",-0.00041,7.6e-05,6.2e-08,NA,"NO2","GW"
"7587","cg13730600",-0.00039,7.2e-05,6.2e-08,NA,"NO2","GW"
"7588","cg22588850",-0.00031,5.7e-05,6.2e-08,NA,"NO2","GW"
"7589","cg23640664",-0.00029,5.4e-05,6.2e-08,NA,"NO2","GW"
"7590","cg26787381",-0.00087,0.00016,6.2e-08,NA,"NO2","GW"
"7591","cg27629782",-0.00031,5.6e-05,6.2e-08,NA,"NO2","GW"
"7592","cg10469906",-0.00018,3.4e-05,6.2e-08,NA,"NO2","GW"
"7593","cg22012476",-0.00046,8.6e-05,6.2e-08,NA,"NO2","GW"
"7594","cg10821320",-0.00026,4.7e-05,6.2e-08,NA,"NO2","GW"
"7595","cg03748042",-0.00031,5.8e-05,6.2e-08,NA,"NO2","GW"
"7596","cg05548478",-0.00039,7.2e-05,6.2e-08,NA,"NO2","GW"
"7597","cg24011307",-0.00023,4.2e-05,6.2e-08,NA,"NO2","GW"
"7598","cg05623781",-0.00022,4.1e-05,6.2e-08,NA,"NO2","GW"
"7599","cg06797734",-0.00037,6.9e-05,6.2e-08,NA,"NO2","GW"
"7600","cg16681310",-0.00028,5.1e-05,6.2e-08,NA,"NO2","GW"
"7601","cg18411941",-0.00021,3.9e-05,6.2e-08,NA,"NO2","GW"
"7602","cg09026038",-0.00024,4.4e-05,6.3e-08,NA,"NO2","GW"
"7603","cg11675225",-0.00041,7.7e-05,6.3e-08,NA,"NO2","GW"
"7604","cg17068417",-0.00022,4.1e-05,6.3e-08,NA,"NO2","GW"
"7605","cg20605103",-0.00016,2.9e-05,6.3e-08,NA,"NO2","GW"
"7606","cg21845794",-0.00031,5.7e-05,6.3e-08,NA,"NO2","GW"
"7607","cg02959551",-0.00034,6.3e-05,6.3e-08,NA,"NO2","GW"
"7608","cg06406536",-0.00032,5.8e-05,6.3e-08,NA,"NO2","GW"
"7609","cg09403494",-0.00021,3.9e-05,6.3e-08,NA,"NO2","GW"
"7610","cg11080456",-0.00037,6.8e-05,6.3e-08,NA,"NO2","GW"
"7611","cg13916469",-0.00032,5.9e-05,6.3e-08,NA,"NO2","GW"
"7612","cg16421653",-3e-04,5.5e-05,6.3e-08,NA,"NO2","GW"
"7613","cg17388678",-0.00028,5.1e-05,6.3e-08,NA,"NO2","GW"
"7614","cg03950121",-0.00036,6.7e-05,6.3e-08,NA,"NO2","GW"
"7615","cg25692002",-0.00019,3.4e-05,6.3e-08,NA,"NO2","GW"
"7616","cg00465277",-0.00039,7.3e-05,6.3e-08,NA,"NO2","GW"
"7617","cg06346929",-0.00024,4.4e-05,6.3e-08,NA,"NO2","GW"
"7618","cg02608656",-0.00021,3.8e-05,6.3e-08,NA,"NO2","GW"
"7619","cg05928537",0.00035,6.5e-05,6.3e-08,NA,"NO2","GW"
"7620","cg22981153",-0.00028,5.1e-05,6.3e-08,NA,"NO2","GW"
"7621","cg10147096",-0.00022,4.1e-05,6.3e-08,NA,"NO2","GW"
"7622","cg16637224",-0.00045,8.4e-05,6.3e-08,NA,"NO2","GW"
"7623","cg20847090",-0.00038,7.1e-05,6.3e-08,NA,"NO2","GW"
"7624","cg04033857",-0.00036,6.6e-05,6.3e-08,NA,"NO2","GW"
"7625","cg06241689",-0.00043,8e-05,6.3e-08,NA,"NO2","GW"
"7626","cg17627328",-0.00027,4.9e-05,6.3e-08,NA,"NO2","GW"
"7627","cg07660378",-0.00037,6.8e-05,6.3e-08,NA,"NO2","GW"
"7628","cg07972459",-0.00032,5.9e-05,6.3e-08,NA,"NO2","GW"
"7629","cg08065983",-0.00019,3.6e-05,6.3e-08,NA,"NO2","GW"
"7630","cg12973548",-0.00017,3.2e-05,6.3e-08,NA,"NO2","GW"
"7631","cg01344914",-0.00031,5.7e-05,6.3e-08,NA,"NO2","GW"
"7632","cg08284993",6e-04,0.00011,6.3e-08,NA,"NO2","GW"
"7633","cg24903589",-0.00043,7.9e-05,6.3e-08,NA,"NO2","GW"
"7634","cg01036735",-0.00023,4.3e-05,6.4e-08,NA,"NO2","GW"
"7635","cg11988128",-1e-04,1.9e-05,6.4e-08,NA,"NO2","GW"
"7636","cg23392804",-0.00021,3.9e-05,6.4e-08,NA,"NO2","GW"
"7637","cg17772789",-0.00031,5.7e-05,6.4e-08,NA,"NO2","GW"
"7638","cg02796478",-0.00026,4.8e-05,6.4e-08,NA,"NO2","GW"
"7639","cg17400559",-3e-04,5.5e-05,6.4e-08,NA,"NO2","GW"
"7640","cg00119053",-0.00022,4.1e-05,6.4e-08,NA,"NO2","GW"
"7641","cg24982697",-0.00034,6.3e-05,6.4e-08,NA,"NO2","GW"
"7642","cg04761177",-0.00025,4.7e-05,6.4e-08,NA,"NO2","GW"
"7643","cg10762038",-3e-04,5.5e-05,6.4e-08,NA,"NO2","GW"
"7644","cg15809352",-2e-04,3.7e-05,6.4e-08,NA,"NO2","GW"
"7645","cg18412889",-0.00047,8.8e-05,6.4e-08,NA,"NO2","GW"
"7646","cg21670983",-0.00039,7.3e-05,6.4e-08,NA,"NO2","GW"
"7647","cg09221269",-0.00016,3e-05,6.4e-08,NA,"NO2","GW"
"7648","cg18153437",-0.00039,7.3e-05,6.4e-08,NA,"NO2","GW"
"7649","cg21828173",-0.00025,4.6e-05,6.4e-08,NA,"NO2","GW"
"7650","cg13816466",-0.00042,7.7e-05,6.4e-08,NA,"NO2","GW"
"7651","cg26341453",-0.00035,6.4e-05,6.4e-08,NA,"NO2","GW"
"7652","cg00540850",-0.00027,5e-05,6.4e-08,NA,"NO2","GW"
"7653","cg08495088",-0.00032,5.9e-05,6.4e-08,NA,"NO2","GW"
"7654","cg17400113",-0.00069,0.00013,6.4e-08,NA,"NO2","GW"
"7655","cg26017679",-0.00018,3.3e-05,6.5e-08,NA,"NO2","GW"
"7656","cg10630051",-0.00028,5.2e-05,6.5e-08,NA,"NO2","GW"
"7657","cg12256803",-0.00034,6.3e-05,6.5e-08,NA,"NO2","GW"
"7658","cg21546300",-0.00034,6.3e-05,6.5e-08,NA,"NO2","GW"
"7659","cg26957150",-0.00049,9.1e-05,6.5e-08,NA,"NO2","GW"
"7660","cg04815242",-0.00021,3.9e-05,6.5e-08,NA,"NO2","GW"
"7661","cg08109646",-0.00032,5.9e-05,6.5e-08,NA,"NO2","GW"
"7662","cg13614477",-0.00037,6.8e-05,6.5e-08,NA,"NO2","GW"
"7663","cg19316647",-0.00031,5.7e-05,6.5e-08,NA,"NO2","GW"
"7664","cg20103311",-0.00039,7.1e-05,6.5e-08,NA,"NO2","GW"
"7665","cg22004422",-0.00036,6.6e-05,6.5e-08,NA,"NO2","GW"
"7666","cg10209670",-0.00032,6e-05,6.5e-08,NA,"NO2","GW"
"7667","cg23184690",-0.00038,7.1e-05,6.5e-08,NA,"NO2","GW"
"7668","cg02504690",-0.00029,5.3e-05,6.5e-08,NA,"NO2","GW"
"7669","cg05209330",-0.00036,6.7e-05,6.5e-08,NA,"NO2","GW"
"7670","cg05785102",-0.00038,7e-05,6.5e-08,NA,"NO2","GW"
"7671","cg17633463",-0.00025,4.6e-05,6.5e-08,NA,"NO2","GW"
"7672","cg12340519",-0.00028,5.1e-05,6.5e-08,NA,"NO2","GW"
"7673","cg14418609",-0.00022,4.1e-05,6.5e-08,NA,"NO2","GW"
"7674","cg24990400",-0.00031,5.8e-05,6.5e-08,NA,"NO2","GW"
"7675","cg00245746",-0.00027,5.1e-05,6.5e-08,NA,"NO2","GW"
"7676","cg08932665",-0.00018,3.2e-05,6.5e-08,NA,"NO2","GW"
"7677","cg16650212",-2e-04,3.8e-05,6.5e-08,NA,"NO2","GW"
"7678","cg05395156",-0.00027,4.9e-05,6.5e-08,NA,"NO2","GW"
"7679","cg15921228",-0.00031,5.8e-05,6.5e-08,NA,"NO2","GW"
"7680","cg19814100",-0.00026,4.9e-05,6.5e-08,NA,"NO2","GW"
"7681","cg21505231",-0.00035,6.5e-05,6.5e-08,NA,"NO2","GW"
"7682","cg23852994",-0.00023,4.2e-05,6.5e-08,NA,"NO2","GW"
"7683","cg27364242",-4e-04,7.4e-05,6.5e-08,NA,"NO2","GW"
"7684","cg05286196",-0.00037,6.9e-05,6.5e-08,NA,"NO2","GW"
"7685","cg05652547",-0.00028,5.2e-05,6.5e-08,NA,"NO2","GW"
"7686","cg18154954",-0.00063,0.00012,6.5e-08,NA,"NO2","GW"
"7687","cg23843022",-0.00033,6.2e-05,6.5e-08,NA,"NO2","GW"
"7688","cg09969797",-0.00027,5.1e-05,6.5e-08,NA,"NO2","GW"
"7689","cg21995931",-2e-04,3.7e-05,6.5e-08,NA,"NO2","GW"
"7690","cg05032934",-0.00057,1e-04,6.6e-08,NA,"NO2","GW"
"7691","cg15795544",-0.00033,6.1e-05,6.6e-08,NA,"NO2","GW"
"7692","cg20818265",-0.00034,6.3e-05,6.6e-08,NA,"NO2","GW"
"7693","cg11539664",-0.00025,4.7e-05,6.6e-08,NA,"NO2","GW"
"7694","cg26528298",-0.00025,4.6e-05,6.6e-08,NA,"NO2","GW"
"7695","cg26207837",-0.00034,6.2e-05,6.6e-08,NA,"NO2","GW"
"7696","cg26474043",-0.00049,9.2e-05,6.6e-08,NA,"NO2","GW"
"7697","cg27076536",-0.00048,8.8e-05,6.6e-08,NA,"NO2","GW"
"7698","cg22864689",-0.00026,4.9e-05,6.6e-08,NA,"NO2","GW"
"7699","cg10209089",-3e-04,5.5e-05,6.6e-08,NA,"NO2","GW"
"7700","cg22749051",-0.00023,4.3e-05,6.6e-08,NA,"NO2","GW"
"7701","cg27485075",-0.00044,8.1e-05,6.6e-08,NA,"NO2","GW"
"7702","cg14104626",-0.00024,4.5e-05,6.6e-08,NA,"NO2","GW"
"7703","cg26273539",-2e-04,3.6e-05,6.6e-08,NA,"NO2","GW"
"7704","cg15849445",-0.00032,5.8e-05,6.6e-08,NA,"NO2","GW"
"7705","cg16746355",-0.00038,7.1e-05,6.6e-08,NA,"NO2","GW"
"7706","cg20901684",-0.00025,4.6e-05,6.6e-08,NA,"NO2","GW"
"7707","cg27009501",-4e-04,7.4e-05,6.6e-08,NA,"NO2","GW"
"7708","cg03879823",-0.00029,5.3e-05,6.6e-08,NA,"NO2","GW"
"7709","cg06454982",-0.00033,6.1e-05,6.6e-08,NA,"NO2","GW"
"7710","cg15868425",-0.00032,6e-05,6.6e-08,NA,"NO2","GW"
"7711","cg13688770",-0.00075,0.00014,6.7e-08,NA,"NO2","GW"
"7712","cg21474062",-0.00073,0.00013,6.7e-08,NA,"NO2","GW"
"7713","cg02585563",-0.00034,6.4e-05,6.7e-08,NA,"NO2","GW"
"7714","cg14368247",-0.00036,6.7e-05,6.7e-08,NA,"NO2","GW"
"7715","cg16434156",-1e-04,1.9e-05,6.7e-08,NA,"NO2","GW"
"7716","cg21358444",-0.00028,5.2e-05,6.7e-08,NA,"NO2","GW"
"7717","cg09589308",-0.00041,7.6e-05,6.7e-08,NA,"NO2","GW"
"7718","cg03635225",-0.00028,5.1e-05,6.7e-08,NA,"NO2","GW"
"7719","cg05603944",-0.00023,4.2e-05,6.7e-08,NA,"NO2","GW"
"7720","cg06627009",-0.00023,4.2e-05,6.7e-08,NA,"NO2","GW"
"7721","cg16201780",-0.00026,4.9e-05,6.7e-08,NA,"NO2","GW"
"7722","cg18912120",-0.00031,5.7e-05,6.7e-08,NA,"NO2","GW"
"7723","cg25196088",-0.00032,5.8e-05,6.7e-08,NA,"NO2","GW"
"7724","cg01232511",-0.0011,2e-04,6.7e-08,NA,"NO2","GW"
"7725","cg06504162",-0.00023,4.3e-05,6.7e-08,NA,"NO2","GW"
"7726","cg20746101",-0.00032,6e-05,6.7e-08,NA,"NO2","GW"
"7727","cg03197835",-0.00029,5.4e-05,6.7e-08,NA,"NO2","GW"
"7728","cg20246820",-0.00022,4.1e-05,6.7e-08,NA,"NO2","GW"
"7729","cg21532103",-0.00035,6.5e-05,6.7e-08,NA,"NO2","GW"
"7730","cg02343182",-0.00032,5.9e-05,6.7e-08,NA,"NO2","GW"
"7731","cg16453224",-0.00024,4.4e-05,6.7e-08,NA,"NO2","GW"
"7732","cg23756265",-3e-04,5.5e-05,6.7e-08,NA,"NO2","GW"
"7733","cg03402630",-0.00036,6.7e-05,6.8e-08,NA,"NO2","GW"
"7734","cg05157541",-0.00027,5e-05,6.8e-08,NA,"NO2","GW"
"7735","cg13490729",-0.00024,4.4e-05,6.8e-08,NA,"NO2","GW"
"7736","cg21874005",-0.00024,4.4e-05,6.8e-08,NA,"NO2","GW"
"7737","cg23670188",-0.00035,6.5e-05,6.8e-08,NA,"NO2","GW"
"7738","cg24206872",-0.00019,3.5e-05,6.8e-08,NA,"NO2","GW"
"7739","cg26424967",-0.00026,4.9e-05,6.8e-08,NA,"NO2","GW"
"7740","cg05122213",-0.00044,8.1e-05,6.8e-08,NA,"NO2","GW"
"7741","cg23627248",-0.00023,4.2e-05,6.8e-08,NA,"NO2","GW"
"7742","cg24643187",-0.00023,4.2e-05,6.8e-08,NA,"NO2","GW"
"7743","cg02391615",-0.00047,8.8e-05,6.8e-08,NA,"NO2","GW"
"7744","cg17869161",-0.00042,7.8e-05,6.8e-08,NA,"NO2","GW"
"7745","cg04038150",-0.00021,3.9e-05,6.8e-08,NA,"NO2","GW"
"7746","cg07037223",-0.00032,5.9e-05,6.8e-08,NA,"NO2","GW"
"7747","cg13194638",-2e-04,3.8e-05,6.8e-08,NA,"NO2","GW"
"7748","cg13454226",0.00034,6.3e-05,6.8e-08,NA,"NO2","GW"
"7749","cg13605327",-4e-04,7.4e-05,6.8e-08,NA,"NO2","GW"
"7750","cg19724910",-0.00017,3.1e-05,6.8e-08,NA,"NO2","GW"
"7751","cg05137103",-0.00032,5.9e-05,6.8e-08,NA,"NO2","GW"
"7752","cg06503824",-0.00022,4.2e-05,6.8e-08,NA,"NO2","GW"
"7753","cg12624747",-0.00041,7.6e-05,6.8e-08,NA,"NO2","GW"
"7754","cg14560093",-0.00037,6.9e-05,6.8e-08,NA,"NO2","GW"
"7755","cg24746444",-0.00036,6.8e-05,6.8e-08,NA,"NO2","GW"
"7756","cg06277697",-0.00034,6.2e-05,6.8e-08,NA,"NO2","GW"
"7757","cg08801446",-0.00024,4.4e-05,6.8e-08,NA,"NO2","GW"
"7758","cg09368704",-0.00023,4.3e-05,6.8e-08,NA,"NO2","GW"
"7759","cg13833437",-0.00056,1e-04,6.8e-08,NA,"NO2","GW"
"7760","cg15094353",-0.00036,6.7e-05,6.8e-08,NA,"NO2","GW"
"7761","cg21084702",-0.00051,9.5e-05,6.8e-08,NA,"NO2","GW"
"7762","cg24096415",-0.00047,8.8e-05,6.8e-08,NA,"NO2","GW"
"7763","cg04008557",-0.00032,5.8e-05,6.9e-08,NA,"NO2","GW"
"7764","cg12350474",-5e-04,9.2e-05,6.9e-08,NA,"NO2","GW"
"7765","cg21238743",-0.00025,4.6e-05,6.9e-08,NA,"NO2","GW"
"7766","cg23129463",-0.00034,6.3e-05,6.9e-08,NA,"NO2","GW"
"7767","cg25380151",-0.00023,4.2e-05,6.9e-08,NA,"NO2","GW"
"7768","cg21703255",-0.00027,5.1e-05,6.9e-08,NA,"NO2","GW"
"7769","cg01275566",-2e-04,3.7e-05,6.9e-08,NA,"NO2","GW"
"7770","cg03650550",-0.00036,6.8e-05,6.9e-08,NA,"NO2","GW"
"7771","cg14962616",-0.00023,4.3e-05,6.9e-08,NA,"NO2","GW"
"7772","cg15954235",-5e-04,9.3e-05,6.9e-08,NA,"NO2","GW"
"7773","cg01197864",-2e-04,3.8e-05,6.9e-08,NA,"NO2","GW"
"7774","cg09142858",-0.00029,5.3e-05,6.9e-08,NA,"NO2","GW"
"7775","cg03019844",-0.00037,6.9e-05,6.9e-08,NA,"NO2","GW"
"7776","cg04222307",-0.00027,5e-05,6.9e-08,NA,"NO2","GW"
"7777","cg09049451",-0.00021,3.9e-05,6.9e-08,NA,"NO2","GW"
"7778","cg23886141",-3e-04,5.6e-05,6.9e-08,NA,"NO2","GW"
"7779","cg01903654",-0.00044,8.1e-05,6.9e-08,NA,"NO2","GW"
"7780","cg27354094",-0.00033,6.2e-05,6.9e-08,NA,"NO2","GW"
"7781","cg00748226",-0.00033,6.2e-05,6.9e-08,NA,"NO2","GW"
"7782","cg02630819",-0.00023,4.2e-05,6.9e-08,NA,"NO2","GW"
"7783","cg06708198",-0.00022,4.1e-05,6.9e-08,NA,"NO2","GW"
"7784","cg07612991",-0.00031,5.8e-05,6.9e-08,NA,"NO2","GW"
"7785","cg10802414",-0.00036,6.7e-05,6.9e-08,NA,"NO2","GW"
"7786","cg17229371",-0.00041,7.7e-05,6.9e-08,NA,"NO2","GW"
"7787","cg08479294",-0.00047,8.6e-05,6.9e-08,NA,"NO2","GW"
"7788","cg12915834",-3e-04,5.6e-05,6.9e-08,NA,"NO2","GW"
"7789","cg16167013",-2e-04,3.8e-05,6.9e-08,NA,"NO2","GW"
"7790","cg06823681",-0.00038,7e-05,6.9e-08,NA,"NO2","GW"
"7791","cg25149125",-0.00029,5.4e-05,6.9e-08,NA,"NO2","GW"
"7792","cg11216832",-0.00032,5.9e-05,7e-08,NA,"NO2","GW"
"7793","cg06878311",-0.00044,8.1e-05,7e-08,NA,"NO2","GW"
"7794","cg07857267",-0.00023,4.3e-05,7e-08,NA,"NO2","GW"
"7795","cg08362283",-0.00045,8.3e-05,7e-08,NA,"NO2","GW"
"7796","cg11435943",-0.00031,5.8e-05,7e-08,NA,"NO2","GW"
"7797","cg14326644",-0.00036,6.6e-05,7e-08,NA,"NO2","GW"
"7798","cg16218715",-0.00038,7e-05,7e-08,NA,"NO2","GW"
"7799","cg19471040",-0.00042,7.7e-05,7e-08,NA,"NO2","GW"
"7800","cg27119815",-0.00031,5.7e-05,7e-08,NA,"NO2","GW"
"7801","cg19033906",-0.00045,8.3e-05,7e-08,NA,"NO2","GW"
"7802","cg16145799",-0.00017,3.2e-05,7e-08,NA,"NO2","GW"
"7803","cg20269729",-0.00019,3.6e-05,7e-08,NA,"NO2","GW"
"7804","cg00563932",-0.00047,8.7e-05,7e-08,NA,"NO2","GW"
"7805","cg01314439",-0.00027,5e-05,7e-08,NA,"NO2","GW"
"7806","cg13291611",-0.00029,5.4e-05,7e-08,NA,"NO2","GW"
"7807","cg25706810",-2e-04,3.6e-05,7e-08,NA,"NO2","GW"
"7808","cg22211008",-0.00038,7.1e-05,7e-08,NA,"NO2","GW"
"7809","cg01614915",-0.00028,5.1e-05,7e-08,NA,"NO2","GW"
"7810","cg05048685",-3e-04,5.5e-05,7e-08,NA,"NO2","GW"
"7811","cg14794480",-0.00024,4.4e-05,7e-08,NA,"NO2","GW"
"7812","cg08091771",-4e-04,7.4e-05,7.1e-08,NA,"NO2","GW"
"7813","cg18036535",-0.00025,4.6e-05,7.1e-08,NA,"NO2","GW"
"7814","cg25832303",-0.00026,4.9e-05,7.1e-08,NA,"NO2","GW"
"7815","cg27493772",-3e-04,5.6e-05,7.1e-08,NA,"NO2","GW"
"7816","cg02108198",-0.00022,4e-05,7.1e-08,NA,"NO2","GW"
"7817","cg24119225",-0.00066,0.00012,7.1e-08,NA,"NO2","GW"
"7818","cg03166324",-0.00033,6.1e-05,7.1e-08,NA,"NO2","GW"
"7819","cg04496108",-0.00024,4.5e-05,7.1e-08,NA,"NO2","GW"
"7820","cg06055229",-0.00019,3.6e-05,7.1e-08,NA,"NO2","GW"
"7821","cg10199121",-3e-04,5.6e-05,7.1e-08,NA,"NO2","GW"
"7822","cg12078033",-0.00036,6.8e-05,7.1e-08,NA,"NO2","GW"
"7823","cg24395386",-2e-04,3.7e-05,7.1e-08,NA,"NO2","GW"
"7824","cg03552025",-0.00038,7e-05,7.1e-08,NA,"NO2","GW"
"7825","cg16051582",-0.00018,3.3e-05,7.1e-08,NA,"NO2","GW"
"7826","cg05350607",-0.00047,8.6e-05,7.1e-08,NA,"NO2","GW"
"7827","cg08292058",-0.00018,3.4e-05,7.1e-08,NA,"NO2","GW"
"7828","cg20017877",-0.00026,4.8e-05,7.1e-08,NA,"NO2","GW"
"7829","cg11075234",-0.00025,4.6e-05,7.1e-08,NA,"NO2","GW"
"7830","cg13236649",-0.00047,8.8e-05,7.1e-08,NA,"NO2","GW"
"7831","cg22036605",-0.00035,6.6e-05,7.1e-08,NA,"NO2","GW"
"7832","cg25625127",-0.00036,6.7e-05,7.1e-08,NA,"NO2","GW"
"7833","cg01458336",-0.00034,6.3e-05,7.1e-08,NA,"NO2","GW"
"7834","cg06094607",-0.00046,8.5e-05,7.1e-08,NA,"NO2","GW"
"7835","cg15153118",-0.00028,5.2e-05,7.1e-08,NA,"NO2","GW"
"7836","cg23794848",-0.00023,4.3e-05,7.1e-08,NA,"NO2","GW"
"7837","cg24448870",-0.00035,6.5e-05,7.1e-08,NA,"NO2","GW"
"7838","cg24917641",-0.00031,5.7e-05,7.1e-08,NA,"NO2","GW"
"7839","cg19909679",-3e-04,5.6e-05,7.1e-08,NA,"NO2","GW"
"7840","cg05851887",-0.00041,7.6e-05,7.1e-08,NA,"NO2","GW"
"7841","cg18720533",-0.00031,5.7e-05,7.1e-08,NA,"NO2","GW"
"7842","cg23892856",-0.00019,3.4e-05,7.1e-08,NA,"NO2","GW"
"7843","cg26857192",-0.00033,6.2e-05,7.1e-08,NA,"NO2","GW"
"7844","cg27511824",-4e-04,7.4e-05,7.1e-08,NA,"NO2","GW"
"7845","cg09467487",-0.00034,6.3e-05,7.1e-08,NA,"NO2","GW"
"7846","cg18185980",-0.00024,4.4e-05,7.1e-08,NA,"NO2","GW"
"7847","cg22696984",-0.00022,4e-05,7.1e-08,NA,"NO2","GW"
"7848","cg06330735",-0.00025,4.6e-05,7.2e-08,NA,"NO2","GW"
"7849","cg24075760",-0.00037,6.9e-05,7.2e-08,NA,"NO2","GW"
"7850","cg26748477",-0.00046,8.6e-05,7.2e-08,NA,"NO2","GW"
"7851","cg08221669",-0.00026,4.9e-05,7.2e-08,NA,"NO2","GW"
"7852","cg10977643",-3e-04,5.6e-05,7.2e-08,NA,"NO2","GW"
"7853","cg15102224",-0.00024,4.4e-05,7.2e-08,NA,"NO2","GW"
"7854","cg21653489",-0.00019,3.5e-05,7.2e-08,NA,"NO2","GW"
"7855","cg26156085",-0.00026,4.8e-05,7.2e-08,NA,"NO2","GW"
"7856","cg27376872",-0.00035,6.6e-05,7.2e-08,NA,"NO2","GW"
"7857","cg01331461",-0.00051,9.5e-05,7.2e-08,NA,"NO2","GW"
"7858","cg09121378",-0.00032,6e-05,7.2e-08,NA,"NO2","GW"
"7859","cg09457121",-0.00027,4.9e-05,7.2e-08,NA,"NO2","GW"
"7860","cg22118017",-0.00036,6.6e-05,7.2e-08,NA,"NO2","GW"
"7861","cg22790835",-0.00038,7.1e-05,7.2e-08,NA,"NO2","GW"
"7862","cg26974444",-3e-04,5.7e-05,7.2e-08,NA,"NO2","GW"
"7863","cg00321007",-0.00031,5.7e-05,7.2e-08,NA,"NO2","GW"
"7864","cg10943179",-0.00017,3.1e-05,7.2e-08,NA,"NO2","GW"
"7865","cg08826080",-0.00024,4.5e-05,7.2e-08,NA,"NO2","GW"
"7866","cg01441865",-0.00046,8.5e-05,7.2e-08,NA,"NO2","GW"
"7867","cg15968932",-0.00034,6.3e-05,7.2e-08,NA,"NO2","GW"
"7868","cg20942219",-0.00023,4.3e-05,7.3e-08,NA,"NO2","GW"
"7869","cg18244362",-0.00043,8e-05,7.3e-08,NA,"NO2","GW"
"7870","cg18753619",-0.00036,6.7e-05,7.3e-08,NA,"NO2","GW"
"7871","cg27183386",-2e-04,3.8e-05,7.3e-08,NA,"NO2","GW"
"7872","cg02129382",-4e-04,7.4e-05,7.3e-08,NA,"NO2","GW"
"7873","cg06566239",-0.00035,6.6e-05,7.3e-08,NA,"NO2","GW"
"7874","cg22170621",-2e-04,3.7e-05,7.3e-08,NA,"NO2","GW"
"7875","cg23382741",-0.00017,3.2e-05,7.3e-08,NA,"NO2","GW"
"7876","cg20164016",-0.00085,0.00016,7.3e-08,NA,"NO2","GW"
"7877","cg27297318",-0.00027,5e-05,7.3e-08,NA,"NO2","GW"
"7878","cg01359236",-0.00039,7.3e-05,7.3e-08,NA,"NO2","GW"
"7879","cg02871021",-0.00031,5.8e-05,7.3e-08,NA,"NO2","GW"
"7880","cg03666028",-0.00028,5.2e-05,7.3e-08,NA,"NO2","GW"
"7881","cg14218275",-0.00027,5.1e-05,7.3e-08,NA,"NO2","GW"
"7882","cg14789963",-0.00038,7.1e-05,7.3e-08,NA,"NO2","GW"
"7883","cg18635791",-0.00024,4.5e-05,7.3e-08,NA,"NO2","GW"
"7884","cg08314660",-0.00032,6e-05,7.3e-08,NA,"NO2","GW"
"7885","cg18082979",-0.00046,8.6e-05,7.3e-08,NA,"NO2","GW"
"7886","cg26901096",-0.00024,4.5e-05,7.3e-08,NA,"NO2","GW"
"7887","cg07156115",-2e-04,3.8e-05,7.3e-08,NA,"NO2","GW"
"7888","cg22670329",-0.00043,8e-05,7.3e-08,NA,"NO2","GW"
"7889","cg07226964",-2e-04,3.7e-05,7.3e-08,NA,"NO2","GW"
"7890","cg09018824",-0.00033,6.1e-05,7.3e-08,NA,"NO2","GW"
"7891","cg09798033",-2e-04,3.7e-05,7.3e-08,NA,"NO2","GW"
"7892","cg02917601",-0.00025,4.7e-05,7.3e-08,NA,"NO2","GW"
"7893","cg09180512",-0.00015,2.8e-05,7.3e-08,NA,"NO2","GW"
"7894","cg09939344",-0.00016,2.9e-05,7.3e-08,NA,"NO2","GW"
"7895","cg19267213",-0.00029,5.3e-05,7.3e-08,NA,"NO2","GW"
"7896","cg00235336",-0.00026,4.8e-05,7.4e-08,NA,"NO2","GW"
"7897","cg02736560",-0.00032,6e-05,7.4e-08,NA,"NO2","GW"
"7898","cg03230858",-0.00045,8.3e-05,7.4e-08,NA,"NO2","GW"
"7899","cg07903001",-0.00028,5.1e-05,7.4e-08,NA,"NO2","GW"
"7900","cg11670969",-0.00024,4.5e-05,7.4e-08,NA,"NO2","GW"
"7901","cg12835599",-0.00024,4.5e-05,7.4e-08,NA,"NO2","GW"
"7902","cg14282850",-0.00053,9.9e-05,7.4e-08,NA,"NO2","GW"
"7903","cg08954352",-0.00021,3.8e-05,7.4e-08,NA,"NO2","GW"
"7904","cg21337120",-0.00038,7.1e-05,7.4e-08,NA,"NO2","GW"
"7905","cg19321695",-0.00043,7.9e-05,7.4e-08,NA,"NO2","GW"
"7906","cg24084782",-0.00048,8.9e-05,7.4e-08,NA,"NO2","GW"
"7907","cg04896620",-0.00037,6.9e-05,7.4e-08,NA,"NO2","GW"
"7908","cg10271186",-0.00017,3.2e-05,7.4e-08,NA,"NO2","GW"
"7909","cg24530271",-0.00032,5.9e-05,7.4e-08,NA,"NO2","GW"
"7910","cg10627429",-0.00018,3.4e-05,7.4e-08,NA,"NO2","GW"
"7911","cg11425977",-2e-04,3.8e-05,7.4e-08,NA,"NO2","GW"
"7912","cg03700135",-0.00046,8.5e-05,7.4e-08,NA,"NO2","GW"
"7913","cg21188731",-0.00036,6.6e-05,7.4e-08,NA,"NO2","GW"
"7914","cg04723239",-0.00024,4.5e-05,7.4e-08,NA,"NO2","GW"
"7915","cg13842262",-0.00025,4.7e-05,7.4e-08,NA,"NO2","GW"
"7916","cg14466923",-0.00033,6.1e-05,7.4e-08,NA,"NO2","GW"
"7917","cg15618525",-0.00023,4.3e-05,7.4e-08,NA,"NO2","GW"
"7918","cg16031528",-0.00024,4.4e-05,7.4e-08,NA,"NO2","GW"
"7919","cg04729655",-0.00038,7.1e-05,7.4e-08,NA,"NO2","GW"
"7920","cg12114584",-0.00041,7.6e-05,7.5e-08,NA,"NO2","GW"
"7921","cg14391016",-0.00025,4.7e-05,7.5e-08,NA,"NO2","GW"
"7922","cg00031063",-0.00021,3.9e-05,7.5e-08,NA,"NO2","GW"
"7923","cg01130991",0.00072,0.00013,7.5e-08,NA,"NO2","GW"
"7924","cg12002119",-0.00028,5.3e-05,7.5e-08,NA,"NO2","GW"
"7925","cg18057306",-0.00035,6.5e-05,7.5e-08,NA,"NO2","GW"
"7926","cg19499581",-0.00041,7.6e-05,7.5e-08,NA,"NO2","GW"
"7927","cg00232831",-0.00023,4.2e-05,7.5e-08,NA,"NO2","GW"
"7928","cg18940439",-0.00027,5.1e-05,7.5e-08,NA,"NO2","GW"
"7929","cg08153408",-0.00023,4.2e-05,7.5e-08,NA,"NO2","GW"
"7930","cg25420839",-0.00061,0.00011,7.5e-08,NA,"NO2","GW"
"7931","cg15104031",-0.00031,5.8e-05,7.5e-08,NA,"NO2","GW"
"7932","cg01571491",-0.00021,3.9e-05,7.5e-08,NA,"NO2","GW"
"7933","cg16287734",-0.00039,7.2e-05,7.5e-08,NA,"NO2","GW"
"7934","cg03196669",-0.00027,5.1e-05,7.5e-08,NA,"NO2","GW"
"7935","cg16780771",-0.00031,5.7e-05,7.5e-08,NA,"NO2","GW"
"7936","cg25225756",-3e-04,5.5e-05,7.5e-08,NA,"NO2","GW"
"7937","cg04784898",-0.00032,6e-05,7.5e-08,NA,"NO2","GW"
"7938","cg24844785",-0.00026,4.8e-05,7.5e-08,NA,"NO2","GW"
"7939","cg03506316",-0.00041,7.6e-05,7.5e-08,NA,"NO2","GW"
"7940","cg06539116",-0.00046,8.5e-05,7.5e-08,NA,"NO2","GW"
"7941","cg12118708",-0.00024,4.5e-05,7.5e-08,NA,"NO2","GW"
"7942","cg23508184",-0.00036,6.7e-05,7.5e-08,NA,"NO2","GW"
"7943","cg04472685",-0.00033,6.1e-05,7.5e-08,NA,"NO2","GW"
"7944","cg08936897",-0.00018,3.3e-05,7.5e-08,NA,"NO2","GW"
"7945","cg05509696",-0.00039,7.3e-05,7.6e-08,NA,"NO2","GW"
"7946","cg09357795",-0.00023,4.3e-05,7.6e-08,NA,"NO2","GW"
"7947","cg11825436",-0.00028,5.2e-05,7.6e-08,NA,"NO2","GW"
"7948","cg25140751",-0.00038,7.1e-05,7.6e-08,NA,"NO2","GW"
"7949","cg26225406",-0.00035,6.5e-05,7.6e-08,NA,"NO2","GW"
"7950","cg06155697",-0.00027,5e-05,7.6e-08,NA,"NO2","GW"
"7951","cg02168186",-0.00026,4.8e-05,7.6e-08,NA,"NO2","GW"
"7952","cg06869212",-0.00027,4.9e-05,7.6e-08,NA,"NO2","GW"
"7953","cg12100956",-0.00019,3.6e-05,7.6e-08,NA,"NO2","GW"
"7954","cg03572680",-0.00027,5.1e-05,7.6e-08,NA,"NO2","GW"
"7955","cg05755441",-0.00023,4.3e-05,7.6e-08,NA,"NO2","GW"
"7956","cg21618455",-0.00027,5e-05,7.6e-08,NA,"NO2","GW"
"7957","cg13446070",-0.00031,5.8e-05,7.6e-08,NA,"NO2","GW"
"7958","cg18098187",-0.00026,4.8e-05,7.6e-08,NA,"NO2","GW"
"7959","cg00271204",-0.00032,5.9e-05,7.6e-08,NA,"NO2","GW"
"7960","cg10350251",-0.00018,3.3e-05,7.6e-08,NA,"NO2","GW"
"7961","cg10599507",-0.00024,4.5e-05,7.6e-08,NA,"NO2","GW"
"7962","cg19847945",-0.00034,6.2e-05,7.6e-08,NA,"NO2","GW"
"7963","cg05970021",-0.00046,8.5e-05,7.6e-08,NA,"NO2","GW"
"7964","cg19190016",-0.00033,6.2e-05,7.6e-08,NA,"NO2","GW"
"7965","cg13209298",-0.00026,4.8e-05,7.7e-08,NA,"NO2","GW"
"7966","cg15839752",-0.00031,5.8e-05,7.7e-08,NA,"NO2","GW"
"7967","cg09690597",-2e-04,3.7e-05,7.7e-08,NA,"NO2","GW"
"7968","cg13934301",-0.00028,5.2e-05,7.7e-08,NA,"NO2","GW"
"7969","cg22229828",-3e-04,5.5e-05,7.7e-08,NA,"NO2","GW"
"7970","cg08121164",-0.00031,5.8e-05,7.7e-08,NA,"NO2","GW"
"7971","cg13594957",-0.00036,6.6e-05,7.7e-08,NA,"NO2","GW"
"7972","cg03496533",-4e-04,7.4e-05,7.7e-08,NA,"NO2","GW"
"7973","cg06165655",-3e-04,5.6e-05,7.7e-08,NA,"NO2","GW"
"7974","cg00238593",-0.00019,3.5e-05,7.7e-08,NA,"NO2","GW"
"7975","cg04988487",-0.00033,6.1e-05,7.7e-08,NA,"NO2","GW"
"7976","cg18558108",-2e-04,3.7e-05,7.7e-08,NA,"NO2","GW"
"7977","cg21195277",-0.00048,9e-05,7.7e-08,NA,"NO2","GW"
"7978","cg12248358",-0.00026,4.8e-05,7.7e-08,NA,"NO2","GW"
"7979","cg02672321",-0.00018,3.3e-05,7.7e-08,NA,"NO2","GW"
"7980","cg18855732",-0.00025,4.7e-05,7.7e-08,NA,"NO2","GW"
"7981","cg24832498",-0.00037,6.9e-05,7.7e-08,NA,"NO2","GW"
"7982","cg01323263",-0.00022,4.2e-05,7.7e-08,NA,"NO2","GW"
"7983","cg10793234",-0.00029,5.4e-05,7.7e-08,NA,"NO2","GW"
"7984","cg00460793",-0.00017,3.2e-05,7.7e-08,NA,"NO2","GW"
"7985","cg18087256",-0.00022,4.2e-05,7.7e-08,NA,"NO2","GW"
"7986","cg10384570",-4e-04,7.5e-05,7.7e-08,NA,"NO2","GW"
"7987","cg18543142",-0.00036,6.8e-05,7.7e-08,NA,"NO2","GW"
"7988","cg27447495",-0.00031,5.8e-05,7.7e-08,NA,"NO2","GW"
"7989","cg00466425",-0.00043,8e-05,7.8e-08,NA,"NO2","GW"
"7990","cg06620972",-0.00023,4.3e-05,7.8e-08,NA,"NO2","GW"
"7991","cg18009710",-0.00028,5.2e-05,7.8e-08,NA,"NO2","GW"
"7992","cg17497824",-0.00034,6.4e-05,7.8e-08,NA,"NO2","GW"
"7993","cg01998763",-0.00035,6.5e-05,7.8e-08,NA,"NO2","GW"
"7994","cg01302240",-0.00033,6.1e-05,7.8e-08,NA,"NO2","GW"
"7995","cg02047286",-0.00032,6e-05,7.8e-08,NA,"NO2","GW"
"7996","cg00505762",-0.00024,4.4e-05,7.8e-08,NA,"NO2","GW"
"7997","cg14632899",-0.00031,5.8e-05,7.8e-08,NA,"NO2","GW"
"7998","cg17509956",-4e-04,7.4e-05,7.8e-08,NA,"NO2","GW"
"7999","cg19618438",-0.00029,5.5e-05,7.8e-08,NA,"NO2","GW"
"8000","cg04773926",-0.00028,5.3e-05,7.8e-08,NA,"NO2","GW"
"8001","cg04903691",-0.00034,6.3e-05,7.8e-08,NA,"NO2","GW"
"8002","cg25793597",-0.00023,4.3e-05,7.8e-08,NA,"NO2","GW"
"8003","cg08821738",-0.00025,4.7e-05,7.8e-08,NA,"NO2","GW"
"8004","cg22220722",-0.00045,8.5e-05,7.8e-08,NA,"NO2","GW"
"8005","cg04471890",-0.00026,4.8e-05,7.9e-08,NA,"NO2","GW"
"8006","cg26881591",-0.00025,4.6e-05,7.9e-08,NA,"NO2","GW"
"8007","cg11617818",-3e-04,5.6e-05,7.9e-08,NA,"NO2","GW"
"8008","cg16492417",-0.00024,4.4e-05,7.9e-08,NA,"NO2","GW"
"8009","cg23289456",-0.00045,8.3e-05,7.9e-08,NA,"NO2","GW"
"8010","cg25344265",-0.00037,6.8e-05,7.9e-08,NA,"NO2","GW"
"8011","cg02433979",-0.00023,4.4e-05,7.9e-08,NA,"NO2","GW"
"8012","cg08827110",-0.00034,6.3e-05,7.9e-08,NA,"NO2","GW"
"8013","cg00647810",-0.00028,5.3e-05,7.9e-08,NA,"NO2","GW"
"8014","cg06590074",-5e-04,9.4e-05,7.9e-08,NA,"NO2","GW"
"8015","cg04636920",-0.00022,4.1e-05,7.9e-08,NA,"NO2","GW"
"8016","cg14263575",-0.00028,5.2e-05,7.9e-08,NA,"NO2","GW"
"8017","cg23518532",-0.00034,6.3e-05,7.9e-08,NA,"NO2","GW"
"8018","cg06003429",-0.00025,4.8e-05,7.9e-08,NA,"NO2","GW"
"8019","cg02960016",-0.00026,4.8e-05,7.9e-08,NA,"NO2","GW"
"8020","cg24114545",-0.00026,4.8e-05,7.9e-08,NA,"NO2","GW"
"8021","cg27387993",-0.00033,6.2e-05,7.9e-08,NA,"NO2","GW"
"8022","cg01066157",-0.00045,8.4e-05,7.9e-08,NA,"NO2","GW"
"8023","cg08326468",-0.00027,5e-05,7.9e-08,NA,"NO2","GW"
"8024","cg24400630",-0.00024,4.4e-05,7.9e-08,NA,"NO2","GW"
"8025","cg10610181",-0.00038,7.1e-05,8e-08,NA,"NO2","GW"
"8026","cg21636577",-0.00031,5.7e-05,8e-08,NA,"NO2","GW"
"8027","cg11513002",-0.00024,4.6e-05,8e-08,NA,"NO2","GW"
"8028","cg15914239",-0.00024,4.5e-05,8e-08,NA,"NO2","GW"
"8029","cg25532751",-0.00018,3.3e-05,8e-08,NA,"NO2","GW"
"8030","cg00746844",-0.00033,6.2e-05,8e-08,NA,"NO2","GW"
"8031","cg21075900",-0.00034,6.3e-05,8e-08,NA,"NO2","GW"
"8032","cg14541462",-0.00024,4.5e-05,8e-08,NA,"NO2","GW"
"8033","cg17080740",-0.00029,5.4e-05,8e-08,NA,"NO2","GW"
"8034","cg06619706",-0.00031,5.7e-05,8e-08,NA,"NO2","GW"
"8035","cg07390459",-0.00032,6e-05,8e-08,NA,"NO2","GW"
"8036","cg14329889",-0.00026,4.9e-05,8e-08,NA,"NO2","GW"
"8037","cg19954537",0.00019,3.5e-05,8e-08,NA,"NO2","GW"
"8038","cg17478203",-0.00044,8.1e-05,8e-08,NA,"NO2","GW"
"8039","cg03459202",-0.00022,4e-05,8e-08,NA,"NO2","GW"
"8040","cg18338460",-0.00025,4.6e-05,8e-08,NA,"NO2","GW"
"8041","cg23449659",-0.00034,6.3e-05,8e-08,NA,"NO2","GW"
"8042","cg02149658",-0.00028,5.2e-05,8e-08,NA,"NO2","GW"
"8043","cg08756008",-0.00038,7.1e-05,8e-08,NA,"NO2","GW"
"8044","cg09247779",-0.00029,5.4e-05,8e-08,NA,"NO2","GW"
"8045","cg14285881",-0.00028,5.3e-05,8e-08,NA,"NO2","GW"
"8046","cg07809909",-0.00034,6.3e-05,8e-08,NA,"NO2","GW"
"8047","cg20426881",-0.00022,4.1e-05,8e-08,NA,"NO2","GW"
"8048","cg23015468",-0.00046,8.5e-05,8e-08,NA,"NO2","GW"
"8049","cg02262037",-0.00027,5e-05,8e-08,NA,"NO2","GW"
"8050","cg10146186",-0.00033,6.1e-05,8e-08,NA,"NO2","GW"
"8051","cg18099749",-0.00021,4e-05,8e-08,NA,"NO2","GW"
"8052","cg20167471",-0.00027,5e-05,8e-08,NA,"NO2","GW"
"8053","cg01984798",-0.00034,6.3e-05,8.1e-08,NA,"NO2","GW"
"8054","cg05721839",-0.00023,4.3e-05,8.1e-08,NA,"NO2","GW"
"8055","cg14330585",-0.00063,0.00012,8.1e-08,NA,"NO2","GW"
"8056","cg02059512",-0.00041,7.6e-05,8.1e-08,NA,"NO2","GW"
"8057","cg11294364",-0.00019,3.5e-05,8.1e-08,NA,"NO2","GW"
"8058","cg23030903",-0.00037,6.8e-05,8.1e-08,NA,"NO2","GW"
"8059","cg04691576",-0.00023,4.3e-05,8.1e-08,NA,"NO2","GW"
"8060","cg27182923",-0.00039,7.2e-05,8.1e-08,NA,"NO2","GW"
"8061","cg03334077",-0.00025,4.7e-05,8.1e-08,NA,"NO2","GW"
"8062","cg09754932",-4e-04,7.4e-05,8.1e-08,NA,"NO2","GW"
"8063","cg11391428",-0.00025,4.7e-05,8.1e-08,NA,"NO2","GW"
"8064","cg16957940",-3e-04,5.6e-05,8.1e-08,NA,"NO2","GW"
"8065","cg22763136",-0.00023,4.2e-05,8.1e-08,NA,"NO2","GW"
"8066","cg08143192",-0.00016,3e-05,8.1e-08,NA,"NO2","GW"
"8067","cg11114141",-0.00034,6.4e-05,8.1e-08,NA,"NO2","GW"
"8068","cg19440115",-0.00025,4.7e-05,8.1e-08,NA,"NO2","GW"
"8069","cg00966557",-0.00028,5.2e-05,8.1e-08,NA,"NO2","GW"
"8070","cg03953069",-0.00034,6.3e-05,8.1e-08,NA,"NO2","GW"
"8071","cg19069039",-0.00031,5.8e-05,8.1e-08,NA,"NO2","GW"
"8072","cg24385652",-0.00039,7.2e-05,8.1e-08,NA,"NO2","GW"
"8073","cg07142285",-6e-04,0.00011,8.1e-08,NA,"NO2","GW"
"8074","cg06344571",-0.00031,5.8e-05,8.2e-08,NA,"NO2","GW"
"8075","cg11723280",-0.00047,8.7e-05,8.2e-08,NA,"NO2","GW"
"8076","cg17463527",-3e-04,5.6e-05,8.2e-08,NA,"NO2","GW"
"8077","cg26312353",-0.00024,4.5e-05,8.2e-08,NA,"NO2","GW"
"8078","cg17881910",-0.00014,2.5e-05,8.2e-08,NA,"NO2","GW"
"8079","cg25472539",-0.00024,4.4e-05,8.2e-08,NA,"NO2","GW"
"8080","cg27267617",-0.00037,6.8e-05,8.2e-08,NA,"NO2","GW"
"8081","cg04938107",-0.00018,3.4e-05,8.2e-08,NA,"NO2","GW"
"8082","cg06817736",-2e-04,3.7e-05,8.2e-08,NA,"NO2","GW"
"8083","cg13683194",-0.00031,5.7e-05,8.2e-08,NA,"NO2","GW"
"8084","cg22699052",-3e-04,5.5e-05,8.2e-08,NA,"NO2","GW"
"8085","cg00064080",-0.00023,4.3e-05,8.2e-08,NA,"NO2","GW"
"8086","cg05077865",-0.00017,3.1e-05,8.2e-08,NA,"NO2","GW"
"8087","cg12472022",-3e-04,5.5e-05,8.2e-08,NA,"NO2","GW"
"8088","cg14960373",-0.00033,6.2e-05,8.2e-08,NA,"NO2","GW"
"8089","cg23416002",-0.00033,6.2e-05,8.2e-08,NA,"NO2","GW"
"8090","cg20156353",-0.00029,5.3e-05,8.3e-08,NA,"NO2","GW"
"8091","cg26318206",-2e-04,3.7e-05,8.3e-08,NA,"NO2","GW"
"8092","cg22805308",-0.00033,6.2e-05,8.3e-08,NA,"NO2","GW"
"8093","cg07570181",-0.00023,4.4e-05,8.3e-08,NA,"NO2","GW"
"8094","cg12821636",-0.00026,4.9e-05,8.3e-08,NA,"NO2","GW"
"8095","cg27642928",-0.00028,5.3e-05,8.3e-08,NA,"NO2","GW"
"8096","cg01359469",-0.00027,4.9e-05,8.3e-08,NA,"NO2","GW"
"8097","cg03095103",-0.00032,6e-05,8.3e-08,NA,"NO2","GW"
"8098","cg04392284",-3e-04,5.7e-05,8.3e-08,NA,"NO2","GW"
"8099","cg23404435",-4e-04,7.5e-05,8.3e-08,NA,"NO2","GW"
"8100","cg19694770",-0.00025,4.8e-05,8.3e-08,NA,"NO2","GW"
"8101","cg11461236",-0.00029,5.3e-05,8.3e-08,NA,"NO2","GW"
"8102","cg14421582",-0.00047,8.7e-05,8.3e-08,NA,"NO2","GW"
"8103","cg18115248",-0.00027,5e-05,8.3e-08,NA,"NO2","GW"
"8104","cg26024530",-0.00021,3.9e-05,8.3e-08,NA,"NO2","GW"
"8105","cg01780984",-0.00033,6.1e-05,8.3e-08,NA,"NO2","GW"
"8106","cg12400790",-0.00038,7.1e-05,8.3e-08,NA,"NO2","GW"
"8107","cg01765641",0.00042,7.7e-05,8.3e-08,NA,"NO2","GW"
"8108","cg27045264",-0.00043,7.9e-05,8.3e-08,NA,"NO2","GW"
"8109","cg09695592",-0.00027,5.1e-05,8.4e-08,NA,"NO2","GW"
"8110","cg13671374",-3e-04,5.5e-05,8.4e-08,NA,"NO2","GW"
"8111","cg14615807",-0.00035,6.5e-05,8.4e-08,NA,"NO2","GW"
"8112","cg01399319",-0.00024,4.5e-05,8.4e-08,NA,"NO2","GW"
"8113","cg13590843",-0.00023,4.3e-05,8.4e-08,NA,"NO2","GW"
"8114","cg08048720",-4e-04,7.5e-05,8.4e-08,NA,"NO2","GW"
"8115","cg17311022",-0.00022,4.1e-05,8.4e-08,NA,"NO2","GW"
"8116","cg20406747",-0.00022,4.1e-05,8.4e-08,NA,"NO2","GW"
"8117","cg20490088",-0.00032,6e-05,8.4e-08,NA,"NO2","GW"
"8118","cg14774180",-0.00026,4.9e-05,8.4e-08,NA,"NO2","GW"
"8119","cg11886002",-0.00047,8.8e-05,8.4e-08,NA,"NO2","GW"
"8120","cg00348900",-0.00099,0.00018,8.4e-08,NA,"NO2","GW"
"8121","cg10016872",-0.00026,4.9e-05,8.4e-08,NA,"NO2","GW"
"8122","cg02411582",-0.00031,5.8e-05,8.4e-08,NA,"NO2","GW"
"8123","cg14550153",-0.00033,6.2e-05,8.4e-08,NA,"NO2","GW"
"8124","cg14973055",-0.00041,7.7e-05,8.4e-08,NA,"NO2","GW"
"8125","cg06967436",-0.00017,3.2e-05,8.4e-08,NA,"NO2","GW"
"8126","cg12577411",-0.00048,9e-05,8.4e-08,NA,"NO2","GW"
"8127","cg02623028",-0.00063,0.00012,8.4e-08,NA,"NO2","GW"
"8128","cg11716578",-0.00035,6.5e-05,8.4e-08,NA,"NO2","GW"
"8129","cg12467435",-0.00031,5.8e-05,8.4e-08,NA,"NO2","GW"
"8130","cg23185774",-0.00038,7.2e-05,8.4e-08,NA,"NO2","GW"
"8131","cg09338302",-0.00024,4.5e-05,8.5e-08,NA,"NO2","GW"
"8132","cg16051352",-0.00025,4.7e-05,8.5e-08,NA,"NO2","GW"
"8133","cg06825166",-4e-04,7.5e-05,8.5e-08,NA,"NO2","GW"
"8134","cg11868595",-0.00033,6.2e-05,8.5e-08,NA,"NO2","GW"
"8135","cg26788812",-0.00032,6e-05,8.5e-08,NA,"NO2","GW"
"8136","cg07483413",-0.00016,3e-05,8.5e-08,NA,"NO2","GW"
"8137","cg24131452",-0.00019,3.5e-05,8.5e-08,NA,"NO2","GW"
"8138","cg26498574",-0.00052,9.7e-05,8.5e-08,NA,"NO2","GW"
"8139","cg01025690",-3e-04,5.6e-05,8.5e-08,NA,"NO2","GW"
"8140","cg03490766",-0.00028,5.2e-05,8.5e-08,NA,"NO2","GW"
"8141","cg07852840",-0.00036,6.6e-05,8.5e-08,NA,"NO2","GW"
"8142","cg04885574",-0.00042,7.8e-05,8.5e-08,NA,"NO2","GW"
"8143","cg13830329",-0.00032,6e-05,8.5e-08,NA,"NO2","GW"
"8144","cg18605349",-0.00025,4.7e-05,8.5e-08,NA,"NO2","GW"
"8145","cg24715680",-0.00097,0.00018,8.5e-08,NA,"NO2","GW"
"8146","cg03758021",-0.00037,6.9e-05,8.6e-08,NA,"NO2","GW"
"8147","cg07463519",-0.00033,6.2e-05,8.6e-08,NA,"NO2","GW"
"8148","cg08760753",-0.00022,4.1e-05,8.6e-08,NA,"NO2","GW"
"8149","cg17659382",-0.00026,4.8e-05,8.6e-08,NA,"NO2","GW"
"8150","cg25044306",-0.00025,4.6e-05,8.6e-08,NA,"NO2","GW"
"8151","cg08737189",-0.00023,4.3e-05,8.6e-08,NA,"NO2","GW"
"8152","cg17013303",-0.00036,6.8e-05,8.6e-08,NA,"NO2","GW"
"8153","cg27648556",-0.00024,4.5e-05,8.6e-08,NA,"NO2","GW"
"8154","cg02574484",-0.00021,3.9e-05,8.6e-08,NA,"NO2","GW"
"8155","cg05714396",-0.00027,5e-05,8.6e-08,NA,"NO2","GW"
"8156","cg12578250",-0.00029,5.4e-05,8.6e-08,NA,"NO2","GW"
"8157","cg12858416",-0.00023,4.3e-05,8.6e-08,NA,"NO2","GW"
"8158","cg16146060",-0.00035,6.6e-05,8.6e-08,NA,"NO2","GW"
"8159","cg24463476",-0.00034,6.4e-05,8.6e-08,NA,"NO2","GW"
"8160","cg22693435",-0.00024,4.6e-05,8.6e-08,NA,"NO2","GW"
"8161","cg03723270",-0.00029,5.4e-05,8.6e-08,NA,"NO2","GW"
"8162","cg16171105",-0.00037,6.8e-05,8.6e-08,NA,"NO2","GW"
"8163","cg25706861",-0.00026,4.8e-05,8.6e-08,NA,"NO2","GW"
"8164","cg08354053",-0.00035,6.5e-05,8.6e-08,NA,"NO2","GW"
"8165","cg13412615",-0.00033,6.2e-05,8.6e-08,NA,"NO2","GW"
"8166","cg00002449",-0.00026,4.9e-05,8.6e-08,NA,"NO2","GW"
"8167","cg09140851",-0.00035,6.5e-05,8.6e-08,NA,"NO2","GW"
"8168","cg05674602",-0.00068,0.00013,8.7e-08,NA,"NO2","GW"
"8169","cg07069844",0.00035,6.5e-05,8.7e-08,NA,"NO2","GW"
"8170","cg07665466",-0.00029,5.4e-05,8.7e-08,NA,"NO2","GW"
"8171","cg12404313",-0.00034,6.4e-05,8.7e-08,NA,"NO2","GW"
"8172","cg15320349",-0.00027,4.9e-05,8.7e-08,NA,"NO2","GW"
"8173","cg20478261",-0.00023,4.2e-05,8.7e-08,NA,"NO2","GW"
"8174","cg24230696",-0.00021,3.9e-05,8.7e-08,NA,"NO2","GW"
"8175","cg23262973",-0.00031,5.8e-05,8.7e-08,NA,"NO2","GW"
"8176","cg20054385",-0.00032,6e-05,8.7e-08,NA,"NO2","GW"
"8177","cg07344172",-0.00023,4.3e-05,8.7e-08,NA,"NO2","GW"
"8178","cg05075579",-0.00042,7.9e-05,8.7e-08,NA,"NO2","GW"
"8179","cg06894011",-0.00025,4.7e-05,8.7e-08,NA,"NO2","GW"
"8180","cg17212502",-0.00031,5.9e-05,8.7e-08,NA,"NO2","GW"
"8181","cg00602245",-0.00024,4.4e-05,8.7e-08,NA,"NO2","GW"
"8182","cg01178538",-0.00032,5.9e-05,8.7e-08,NA,"NO2","GW"
"8183","cg00393340",-2e-04,3.7e-05,8.7e-08,NA,"NO2","GW"
"8184","cg05034471",-0.00038,7.1e-05,8.7e-08,NA,"NO2","GW"
"8185","cg10057218",-2e-04,3.8e-05,8.7e-08,NA,"NO2","GW"
"8186","cg25522046",-0.00039,7.3e-05,8.7e-08,NA,"NO2","GW"
"8187","cg25590444",-0.00027,5.1e-05,8.7e-08,NA,"NO2","GW"
"8188","cg00668592",-0.00013,2.5e-05,8.7e-08,NA,"NO2","GW"
"8189","cg12502079",-0.00034,6.4e-05,8.7e-08,NA,"NO2","GW"
"8190","cg04970014",-0.00033,6.3e-05,8.8e-08,NA,"NO2","GW"
"8191","cg06389950",-0.00036,6.7e-05,8.8e-08,NA,"NO2","GW"
"8192","cg08801479",-0.00073,0.00014,8.8e-08,NA,"NO2","GW"
"8193","cg12203525",-0.00024,4.6e-05,8.8e-08,NA,"NO2","GW"
"8194","cg13580827",-0.00036,6.8e-05,8.8e-08,NA,"NO2","GW"
"8195","cg25205121",-0.00041,7.6e-05,8.8e-08,NA,"NO2","GW"
"8196","cg02943595",-0.00039,7.2e-05,8.8e-08,NA,"NO2","GW"
"8197","cg11175032",-0.00026,4.8e-05,8.8e-08,NA,"NO2","GW"
"8198","cg13192714",-0.00041,7.6e-05,8.8e-08,NA,"NO2","GW"
"8199","cg13820205",-0.00037,6.9e-05,8.8e-08,NA,"NO2","GW"
"8200","cg09801548",-0.00027,5.1e-05,8.8e-08,NA,"NO2","GW"
"8201","cg17590486",-3e-04,5.6e-05,8.8e-08,NA,"NO2","GW"
"8202","cg09906233",-0.00065,0.00012,8.8e-08,NA,"NO2","GW"
"8203","cg10431652",-0.00023,4.4e-05,8.8e-08,NA,"NO2","GW"
"8204","cg12502929",-0.00028,5.3e-05,8.8e-08,NA,"NO2","GW"
"8205","cg08859635",-1e-04,1.9e-05,8.8e-08,NA,"NO2","GW"
"8206","cg16076486",-0.00029,5.3e-05,8.8e-08,NA,"NO2","GW"
"8207","cg27447219",-2e-04,3.8e-05,8.8e-08,NA,"NO2","GW"
"8208","cg00095629",-0.00039,7.3e-05,8.8e-08,NA,"NO2","GW"
"8209","cg03245159",-0.00017,3.3e-05,8.8e-08,NA,"NO2","GW"
"8210","cg11469769",-0.00037,6.9e-05,8.8e-08,NA,"NO2","GW"
"8211","cg18287310",-0.00038,7e-05,8.8e-08,NA,"NO2","GW"
"8212","cg06943197",-0.00028,5.1e-05,8.8e-08,NA,"NO2","GW"
"8213","cg10377690",-0.00031,5.9e-05,8.8e-08,NA,"NO2","GW"
"8214","cg14086826",-0.00022,4.1e-05,8.8e-08,NA,"NO2","GW"
"8215","cg15885274",-0.00055,1e-04,8.8e-08,NA,"NO2","GW"
"8216","cg24198996",-0.00028,5.3e-05,8.8e-08,NA,"NO2","GW"
"8217","cg01196336",-0.00027,5e-05,8.9e-08,NA,"NO2","GW"
"8218","cg18085435",-0.00029,5.5e-05,8.9e-08,NA,"NO2","GW"
"8219","cg04973839",-0.00022,4.1e-05,8.9e-08,NA,"NO2","GW"
"8220","cg17387670",-0.00034,6.3e-05,8.9e-08,NA,"NO2","GW"
"8221","cg09430445",-0.00053,1e-04,8.9e-08,NA,"NO2","GW"
"8222","cg11571790",-0.00033,6.2e-05,8.9e-08,NA,"NO2","GW"
"8223","cg15750705",-0.00017,3.1e-05,8.9e-08,NA,"NO2","GW"
"8224","cg11500790",-0.00028,5.2e-05,8.9e-08,NA,"NO2","GW"
"8225","cg23367089",-0.00023,4.3e-05,8.9e-08,NA,"NO2","GW"
"8226","cg18258397",-0.00025,4.7e-05,8.9e-08,NA,"NO2","GW"
"8227","cg12655251",-3e-04,5.6e-05,8.9e-08,NA,"NO2","GW"
"8228","cg18930444",-0.00025,4.7e-05,8.9e-08,NA,"NO2","GW"
"8229","cg05600609",-0.00034,6.3e-05,8.9e-08,NA,"NO2","GW"
"8230","cg07073662",-0.00025,4.6e-05,8.9e-08,NA,"NO2","GW"
"8231","cg23017574",-0.00023,4.3e-05,8.9e-08,NA,"NO2","GW"
"8232","cg11598561",-0.00031,5.8e-05,8.9e-08,NA,"NO2","GW"
"8233","cg14030836",-0.00038,7e-05,8.9e-08,NA,"NO2","GW"
"8234","cg15039853",-0.00043,8e-05,8.9e-08,NA,"NO2","GW"
"8235","cg23021059",-2e-04,3.8e-05,8.9e-08,NA,"NO2","GW"
"8236","cg04969203",-0.00018,3.3e-05,8.9e-08,NA,"NO2","GW"
"8237","cg09259581",-0.00021,3.9e-05,8.9e-08,NA,"NO2","GW"
"8238","cg01293740",-0.00047,8.9e-05,9e-08,NA,"NO2","GW"
"8239","cg05184607",-5e-04,9.4e-05,9e-08,NA,"NO2","GW"
"8240","cg14992273",-0.00029,5.5e-05,9e-08,NA,"NO2","GW"
"8241","cg09353345",-0.00024,4.6e-05,9e-08,NA,"NO2","GW"
"8242","cg18285492",-3e-04,5.6e-05,9e-08,NA,"NO2","GW"
"8243","cg01727764",-0.00037,6.9e-05,9e-08,NA,"NO2","GW"
"8244","cg04422019",-0.00027,5e-05,9e-08,NA,"NO2","GW"
"8245","cg07597386",-0.00021,3.9e-05,9e-08,NA,"NO2","GW"
"8246","cg23235067",-0.00023,4.3e-05,9e-08,NA,"NO2","GW"
"8247","cg24857040",-0.00033,6.1e-05,9e-08,NA,"NO2","GW"
"8248","cg16992627",-0.00025,4.6e-05,9e-08,NA,"NO2","GW"
"8249","cg17499251",-0.00038,7.2e-05,9e-08,NA,"NO2","GW"
"8250","cg01723252",-0.00031,5.9e-05,9e-08,NA,"NO2","GW"
"8251","cg07268726",-0.00029,5.4e-05,9e-08,NA,"NO2","GW"
"8252","cg12220703",-0.00026,4.9e-05,9e-08,NA,"NO2","GW"
"8253","cg14302904",-0.00021,3.9e-05,9e-08,NA,"NO2","GW"
"8254","cg18633340",-0.00039,7.4e-05,9e-08,NA,"NO2","GW"
"8255","cg04591709",-0.00045,8.4e-05,9e-08,NA,"NO2","GW"
"8256","cg10497023",-0.00025,4.6e-05,9e-08,NA,"NO2","GW"
"8257","cg01464484",-0.00046,8.7e-05,9.1e-08,NA,"NO2","GW"
"8258","cg01500115",-0.00023,4.3e-05,9.1e-08,NA,"NO2","GW"
"8259","cg12510221",-0.00036,6.8e-05,9.1e-08,NA,"NO2","GW"
"8260","cg20856893",-0.00037,7e-05,9.1e-08,NA,"NO2","GW"
"8261","cg02299909",-0.00029,5.5e-05,9.1e-08,NA,"NO2","GW"
"8262","cg06768670",-4e-04,7.6e-05,9.1e-08,NA,"NO2","GW"
"8263","cg09906857",-0.00037,7e-05,9.1e-08,NA,"NO2","GW"
"8264","cg16480662",-0.00025,4.7e-05,9.1e-08,NA,"NO2","GW"
"8265","cg21932513",0.00038,7.1e-05,9.1e-08,NA,"NO2","GW"
"8266","cg13134802",-0.00033,6.3e-05,9.1e-08,NA,"NO2","GW"
"8267","cg14477514",-0.00038,7e-05,9.1e-08,NA,"NO2","GW"
"8268","cg19539182",-0.00028,5.3e-05,9.1e-08,NA,"NO2","GW"
"8269","cg24592782",-0.00019,3.6e-05,9.1e-08,NA,"NO2","GW"
"8270","cg24960118",-0.00019,3.5e-05,9.1e-08,NA,"NO2","GW"
"8271","cg20767910",-0.00027,5.1e-05,9.1e-08,NA,"NO2","GW"
"8272","cg26393791",-0.00017,3.2e-05,9.1e-08,NA,"NO2","GW"
"8273","cg26421308",-0.00018,3.3e-05,9.1e-08,NA,"NO2","GW"
"8274","cg04019076",-0.00022,4.2e-05,9.1e-08,NA,"NO2","GW"
"8275","cg06849167",-0.00022,4.2e-05,9.1e-08,NA,"NO2","GW"
"8276","cg06821010",-0.00025,4.7e-05,9.2e-08,NA,"NO2","GW"
"8277","cg09831614",-0.00033,6.2e-05,9.2e-08,NA,"NO2","GW"
"8278","cg13080606",-0.00032,5.9e-05,9.2e-08,NA,"NO2","GW"
"8279","cg15673069",-0.00041,7.7e-05,9.2e-08,NA,"NO2","GW"
"8280","cg17304168",-0.00018,3.4e-05,9.2e-08,NA,"NO2","GW"
"8281","cg27261412",-0.00025,4.7e-05,9.2e-08,NA,"NO2","GW"
"8282","cg17751366",-0.00035,6.5e-05,9.2e-08,NA,"NO2","GW"
"8283","cg05526698",-0.00023,4.3e-05,9.2e-08,NA,"NO2","GW"
"8284","cg07314983",-0.00025,4.6e-05,9.2e-08,NA,"NO2","GW"
"8285","cg22525701",-0.00045,8.5e-05,9.2e-08,NA,"NO2","GW"
"8286","cg03111715",-0.00035,6.6e-05,9.2e-08,NA,"NO2","GW"
"8287","cg14037937",-0.00029,5.5e-05,9.2e-08,NA,"NO2","GW"
"8288","cg10511357",-0.00035,6.5e-05,9.2e-08,NA,"NO2","GW"
"8289","cg15417654",-0.00044,8.2e-05,9.2e-08,NA,"NO2","GW"
"8290","cg04398861",-0.00036,6.8e-05,9.2e-08,NA,"NO2","GW"
"8291","cg16093065",0.00082,0.00015,9.2e-08,NA,"NO2","GW"
"8292","cg07405771",-0.00031,5.7e-05,9.2e-08,NA,"NO2","GW"
"8293","cg19678774",-0.00027,5.1e-05,9.2e-08,NA,"NO2","GW"
"8294","cg23508701",-0.00026,4.9e-05,9.2e-08,NA,"NO2","GW"
"8295","cg02788264",-0.00029,5.4e-05,9.3e-08,NA,"NO2","GW"
"8296","cg03739877",-0.00039,7.4e-05,9.3e-08,NA,"NO2","GW"
"8297","cg08473660",-0.00035,6.6e-05,9.3e-08,NA,"NO2","GW"
"8298","cg20610605",-0.00022,4.1e-05,9.3e-08,NA,"NO2","GW"
"8299","cg24533864",-0.00022,4.2e-05,9.3e-08,NA,"NO2","GW"
"8300","cg14058736",-0.00036,6.7e-05,9.3e-08,NA,"NO2","GW"
"8301","cg07601645",-0.00043,8e-05,9.3e-08,NA,"NO2","GW"
"8302","cg24926042",-0.00037,6.9e-05,9.3e-08,NA,"NO2","GW"
"8303","cg27134827",-0.00028,5.2e-05,9.3e-08,NA,"NO2","GW"
"8304","cg03267139",-0.00034,6.4e-05,9.3e-08,NA,"NO2","GW"
"8305","cg04648451",-0.00016,2.9e-05,9.3e-08,NA,"NO2","GW"
"8306","cg24935810",-0.00035,6.6e-05,9.3e-08,NA,"NO2","GW"
"8307","cg07420416",-0.00035,6.6e-05,9.3e-08,NA,"NO2","GW"
"8308","cg09899041",-0.00026,4.8e-05,9.3e-08,NA,"NO2","GW"
"8309","cg21776524",-0.00022,4.1e-05,9.3e-08,NA,"NO2","GW"
"8310","cg19126426",-0.00026,4.9e-05,9.3e-08,NA,"NO2","GW"
"8311","cg08904151",-0.00027,5e-05,9.3e-08,NA,"NO2","GW"
"8312","cg00920337",-0.00026,4.8e-05,9.3e-08,NA,"NO2","GW"
"8313","cg25087341",-0.00035,6.6e-05,9.4e-08,NA,"NO2","GW"
"8314","cg11300838",-0.00029,5.4e-05,9.4e-08,NA,"NO2","GW"
"8315","cg11526943",-0.00027,5e-05,9.4e-08,NA,"NO2","GW"
"8316","cg11646505",-0.00029,5.4e-05,9.4e-08,NA,"NO2","GW"
"8317","cg15711521",-0.00032,6e-05,9.4e-08,NA,"NO2","GW"
"8318","cg17891906",-0.00037,6.9e-05,9.4e-08,NA,"NO2","GW"
"8319","cg20010341",-0.00024,4.5e-05,9.4e-08,NA,"NO2","GW"
"8320","cg00742963",-0.00027,5e-05,9.4e-08,NA,"NO2","GW"
"8321","cg01274812",-0.00028,5.2e-05,9.4e-08,NA,"NO2","GW"
"8322","cg05856677",-0.00033,6.1e-05,9.4e-08,NA,"NO2","GW"
"8323","cg02171804",-0.00029,5.3e-05,9.4e-08,NA,"NO2","GW"
"8324","cg12157619",-0.00026,4.9e-05,9.4e-08,NA,"NO2","GW"
"8325","cg14036856",-0.00053,9.9e-05,9.4e-08,NA,"NO2","GW"
"8326","cg17842189",-0.00028,5.2e-05,9.4e-08,NA,"NO2","GW"
"8327","cg21407818",-0.00031,5.8e-05,9.4e-08,NA,"NO2","GW"
"8328","cg08432971",-0.00046,8.6e-05,9.4e-08,NA,"NO2","GW"
"8329","cg10549986",0.00076,0.00014,9.4e-08,NA,"NO2","GW"
"8330","cg20025824",-0.00031,5.8e-05,9.4e-08,NA,"NO2","GW"
"8331","cg23602832",-3e-04,5.6e-05,9.4e-08,NA,"NO2","GW"
"8332","cg04745771",-0.00045,8.4e-05,9.4e-08,NA,"NO2","GW"
"8333","cg08104733",-0.00031,5.8e-05,9.4e-08,NA,"NO2","GW"
"8334","cg18990899",-3e-04,5.6e-05,9.4e-08,NA,"NO2","GW"
"8335","cg00126946",-0.00026,4.8e-05,9.5e-08,NA,"NO2","GW"
"8336","cg25619461",-0.00023,4.4e-05,9.5e-08,NA,"NO2","GW"
"8337","cg07252200",-0.0015,0.00028,9.5e-08,NA,"NO2","GW"
"8338","cg27282206",-0.00026,4.9e-05,9.5e-08,NA,"NO2","GW"
"8339","cg27356162",-0.00021,3.9e-05,9.5e-08,NA,"NO2","GW"
"8340","cg04096305",-3e-04,5.7e-05,9.5e-08,NA,"NO2","GW"
"8341","cg19712123",-0.00032,5.9e-05,9.5e-08,NA,"NO2","GW"
"8342","cg20850800",-0.00034,6.4e-05,9.5e-08,NA,"NO2","GW"
"8343","cg04742334",-0.00032,5.9e-05,9.5e-08,NA,"NO2","GW"
"8344","cg08490624",-0.00034,6.3e-05,9.5e-08,NA,"NO2","GW"
"8345","cg17873048",-3e-04,5.7e-05,9.5e-08,NA,"NO2","GW"
"8346","cg00242098",-0.00038,7e-05,9.5e-08,NA,"NO2","GW"
"8347","cg02748582",-0.00021,4e-05,9.5e-08,NA,"NO2","GW"
"8348","cg09529783",-0.00028,5.2e-05,9.5e-08,NA,"NO2","GW"
"8349","cg16021847",-0.00036,6.7e-05,9.5e-08,NA,"NO2","GW"
"8350","cg18912172",-3e-04,5.7e-05,9.5e-08,NA,"NO2","GW"
"8351","cg26831409",0.00024,4.4e-05,9.5e-08,NA,"NO2","GW"
"8352","cg01713348",-0.00055,1e-04,9.5e-08,NA,"NO2","GW"
"8353","cg05083067",-0.00032,6.1e-05,9.5e-08,NA,"NO2","GW"
"8354","cg05358397",-0.00018,3.3e-05,9.5e-08,NA,"NO2","GW"
"8355","cg07090539",-0.00044,8.3e-05,9.5e-08,NA,"NO2","GW"
"8356","cg24755931",-0.00033,6.2e-05,9.5e-08,NA,"NO2","GW"
"8357","cg25705266",-0.00025,4.8e-05,9.5e-08,NA,"NO2","GW"
"8358","cg04865220",-0.00024,4.4e-05,9.5e-08,NA,"NO2","GW"
"8359","cg09732498",-0.00046,8.6e-05,9.5e-08,NA,"NO2","GW"
"8360","cg11324650",-0.00086,0.00016,9.5e-08,NA,"NO2","GW"
"8361","cg07327435",-0.00024,4.5e-05,9.6e-08,NA,"NO2","GW"
"8362","cg00271177",-0.00024,4.5e-05,9.6e-08,NA,"NO2","GW"
"8363","cg04173919",-0.00038,7.1e-05,9.6e-08,NA,"NO2","GW"
"8364","cg27326224",-0.00024,4.5e-05,9.6e-08,NA,"NO2","GW"
"8365","cg07005905",-0.00032,6e-05,9.6e-08,NA,"NO2","GW"
"8366","cg17458604",-0.00026,4.9e-05,9.6e-08,NA,"NO2","GW"
"8367","cg01196079",-0.00037,6.9e-05,9.6e-08,NA,"NO2","GW"
"8368","cg05389266",-0.00038,7.1e-05,9.6e-08,NA,"NO2","GW"
"8369","cg08676510",-0.00039,7.4e-05,9.6e-08,NA,"NO2","GW"
"8370","cg26283480",-0.00022,4.1e-05,9.6e-08,NA,"NO2","GW"
"8371","cg04394390",-5e-04,9.4e-05,9.6e-08,NA,"NO2","GW"
"8372","cg07289618",-0.00043,8.1e-05,9.6e-08,NA,"NO2","GW"
"8373","cg14678744",-0.00029,5.5e-05,9.6e-08,NA,"NO2","GW"
"8374","cg21337881",0.00064,0.00012,9.6e-08,NA,"NO2","GW"
"8375","cg15649702",-0.00033,6.2e-05,9.6e-08,NA,"NO2","GW"
"8376","cg03827772",-0.00025,4.6e-05,9.6e-08,NA,"NO2","GW"
"8377","cg17678038",-0.00041,7.7e-05,9.6e-08,NA,"NO2","GW"
"8378","cg25485805",-0.00036,6.7e-05,9.6e-08,NA,"NO2","GW"
"8379","cg17883035",-0.00025,4.7e-05,9.7e-08,NA,"NO2","GW"
"8380","cg19855618",-0.00024,4.6e-05,9.7e-08,NA,"NO2","GW"
"8381","cg01695620",-0.00028,5.3e-05,9.7e-08,NA,"NO2","GW"
"8382","cg07051221",-0.00038,7.2e-05,9.7e-08,NA,"NO2","GW"
"8383","cg09738881",-0.00026,4.9e-05,9.7e-08,NA,"NO2","GW"
"8384","cg10210371",-0.00034,6.3e-05,9.7e-08,NA,"NO2","GW"
"8385","cg11650925",-0.00043,8.1e-05,9.7e-08,NA,"NO2","GW"
"8386","cg04825588",-0.00029,5.4e-05,9.7e-08,NA,"NO2","GW"
"8387","cg08968830",-0.00031,5.8e-05,9.7e-08,NA,"NO2","GW"
"8388","cg08931849",-0.00029,5.5e-05,9.7e-08,NA,"NO2","GW"
"8389","cg09558281",-0.00047,8.7e-05,9.7e-08,NA,"NO2","GW"
"8390","cg01198364",-0.00033,6.2e-05,9.7e-08,NA,"NO2","GW"
"8391","cg06648812",-0.00025,4.8e-05,9.7e-08,NA,"NO2","GW"
"8392","cg16262392",-0.00029,5.3e-05,9.7e-08,NA,"NO2","GW"
"8393","cg03222374",-0.00041,7.6e-05,9.7e-08,NA,"NO2","GW"
"8394","cg17938220",-0.00038,7.1e-05,9.7e-08,NA,"NO2","GW"
"8395","cg20278503",-0.00022,4.2e-05,9.7e-08,NA,"NO2","GW"
"8396","cg04982488",-0.00028,5.3e-05,9.8e-08,NA,"NO2","GW"
"8397","cg08116113",-0.00036,6.7e-05,9.8e-08,NA,"NO2","GW"
"8398","cg13748570",-0.00029,5.5e-05,9.8e-08,NA,"NO2","GW"
"8399","cg05197164",-0.00023,4.2e-05,9.8e-08,NA,"NO2","GW"
"8400","cg07584558",0.00022,4.1e-05,9.8e-08,NA,"NO2","GW"
"8401","cg08087668",-0.00037,6.9e-05,9.8e-08,NA,"NO2","GW"
"8402","cg10802927",-0.00026,4.8e-05,9.8e-08,NA,"NO2","GW"
"8403","cg23121728",-0.00026,5e-05,9.8e-08,NA,"NO2","GW"
"8404","cg11890622",-0.00034,6.3e-05,9.8e-08,NA,"NO2","GW"
"8405","cg19765175",-0.00034,6.4e-05,9.8e-08,NA,"NO2","GW"
"8406","cg04360233",-0.00034,6.3e-05,9.8e-08,NA,"NO2","GW"
"8407","cg11985116",-0.00024,4.6e-05,9.8e-08,NA,"NO2","GW"
"8408","cg22843146",-0.00037,7e-05,9.8e-08,NA,"NO2","GW"
"8409","cg27005935",-0.00052,9.7e-05,9.8e-08,NA,"NO2","GW"
"8410","cg03316934",-0.00021,4e-05,9.8e-08,NA,"NO2","GW"
"8411","cg06009497",-0.00042,8e-05,9.8e-08,NA,"NO2","GW"
"8412","cg22584718",-0.00028,5.3e-05,9.8e-08,NA,"NO2","GW"
"8413","cg27645228",-0.00021,4e-05,9.8e-08,NA,"NO2","GW"
"8414","cg01182683",-0.00025,4.7e-05,9.8e-08,NA,"NO2","GW"
"8415","cg02674639",-0.00043,8e-05,9.8e-08,NA,"NO2","GW"
"8416","cg15097634",-0.00034,6.3e-05,9.8e-08,NA,"NO2","GW"
"8417","cg22576236",-0.00051,9.5e-05,9.8e-08,NA,"NO2","GW"
"8418","cg24158157",-0.00038,7.2e-05,9.8e-08,NA,"NO2","GW"
"8419","cg26869617",-0.00025,4.8e-05,9.8e-08,NA,"NO2","GW"
"8420","cg11632685",-0.00065,0.00012,9.8e-08,NA,"NO2","GW"
"8421","cg16288354",-3e-04,5.6e-05,9.8e-08,NA,"NO2","GW"
"8422","cg06931267",-0.00021,4e-05,9.8e-08,NA,"NO2","GW"
"8423","cg21607236",-0.00031,5.8e-05,9.8e-08,NA,"NO2","GW"
"8424","cg07720646",-0.00023,4.4e-05,9.8e-08,NA,"NO2","GW"
"8425","cg19935909",-3e-04,5.7e-05,9.9e-08,NA,"NO2","GW"
"8426","cg04188937",-0.00049,9.2e-05,9.9e-08,NA,"NO2","GW"
"8427","cg10469980",-4e-04,7.4e-05,9.9e-08,NA,"NO2","GW"
"8428","cg00381442",-0.00032,6.1e-05,9.9e-08,NA,"NO2","GW"
"8429","cg10626728",-0.00026,4.8e-05,9.9e-08,NA,"NO2","GW"
"8430","cg17891928",-0.00035,6.6e-05,9.9e-08,NA,"NO2","GW"
"8431","cg24148663",-0.00019,3.5e-05,9.9e-08,NA,"NO2","GW"
"8432","cg01586952",-0.00035,6.6e-05,9.9e-08,NA,"NO2","GW"
"8433","cg26189283",-0.00072,0.00013,9.9e-08,NA,"NO2","GW"
"8434","cg26663590",0.00077,0.00014,9.9e-08,NA,"NO2","GW"
"8435","cg02183001",-0.00031,5.9e-05,9.9e-08,NA,"NO2","GW"
"8436","cg10419556",-0.00032,5.9e-05,9.9e-08,NA,"NO2","GW"
"8437","cg13431028",-0.00021,4e-05,9.9e-08,NA,"NO2","GW"
"8438","cg13732093",-0.00023,4.3e-05,9.9e-08,NA,"NO2","GW"
"8439","cg13736279",-0.00041,7.8e-05,9.9e-08,NA,"NO2","GW"
"8440","cg05654361",-3e-04,5.6e-05,9.9e-08,NA,"NO2","GW"
"8441","cg09789650",-0.00043,8.1e-05,9.9e-08,NA,"NO2","GW"
"8442","cg23143104",-0.00039,7.3e-05,9.9e-08,NA,"NO2","GW"
"8443","cg23980760",-0.00028,5.2e-05,9.9e-08,NA,"NO2","GW"
"8444","cg05735432",-0.00037,7e-05,9.9e-08,NA,"NO2","GW"
"8445","cg20407868",-0.00021,3.9e-05,9.9e-08,NA,"NO2","GW"
"8446","cg21767036",-0.00022,4.1e-05,9.9e-08,NA,"NO2","GW"
"8447","cg04011474",-0.00033,6.1e-05,1e-07,NA,"NO2","GW"
"8448","cg08683791",-0.00021,3.9e-05,1e-07,NA,"NO2","GW"
"8449","cg10177827",-3e-04,5.6e-05,1e-07,NA,"NO2","GW"
"8450","cg20911165",-0.00026,4.9e-05,1e-07,NA,"NO2","GW"
"8451","cg11750034",-0.00029,5.5e-05,1e-07,NA,"NO2","GW"
"8452","cg00116658",-0.00035,6.6e-05,1e-07,NA,"NO2","GW"
"8453","cg06960881",-0.00023,4.2e-05,1e-07,NA,"NO2","GW"
"8454","cg04307702",-0.00028,5.2e-05,1e-07,NA,"NO2","GW"
"8455","cg15800776",-0.00026,4.9e-05,1e-07,NA,"NO2","GW"
"8456","cg18483902",-0.00029,5.5e-05,1e-07,NA,"NO2","GW"
"8457","cg26875665",-0.00046,8.6e-05,1e-07,NA,"NO2","GW"
"8458","cg02399008",-3e-04,5.7e-05,1e-07,NA,"NO2","GW"
"8459","cg03803102",-0.00024,4.6e-05,1e-07,NA,"NO2","GW"
"8460","cg09280095",-0.00032,6.1e-05,1e-07,NA,"NO2","GW"
"8461","cg10526223",-0.00032,5.9e-05,1e-07,NA,"NO2","GW"
"8462","cg10985430",-0.00025,4.7e-05,1e-07,NA,"NO2","GW"
"8463","cg11410920",0.00077,0.00014,1e-07,NA,"NO2","GW"
"8464","cg13482073",-0.00032,5.9e-05,1e-07,NA,"NO2","GW"
"8465","cg02261408",-0.00024,4.4e-05,1e-07,NA,"NO2","GW"
"8466","cg03732506",-0.00034,6.4e-05,1e-07,NA,"NO2","GW"
"8467","cg05879419",-0.00036,6.7e-05,1e-07,NA,"NO2","GW"
"8468","cg06213360",-0.00028,5.3e-05,1e-07,NA,"NO2","GW"
"8469","cg08083757",-0.00016,3e-05,1e-07,NA,"NO2","GW"
"8470","cg08695452",-0.00026,4.9e-05,1e-07,NA,"NO2","GW"
"8471","cg08732466",-0.00032,6e-05,1e-07,NA,"NO2","GW"
"8472","cg09926488",-0.00033,6.2e-05,1e-07,NA,"NO2","GW"
"8473","cg10147982",-0.00018,3.4e-05,1e-07,NA,"NO2","GW"
"8474","cg10928426",-0.00036,6.8e-05,1e-07,NA,"NO2","GW"
"8475","cg12190521",-4e-04,7.4e-05,1e-07,NA,"NO2","GW"
"8476","cg14407962",-0.00026,4.9e-05,1e-07,NA,"NO2","GW"
"8477","cg14990643",-0.00045,8.5e-05,1e-07,NA,"NO2","GW"
"8478","cg15102387",-3e-04,5.7e-05,1e-07,NA,"NO2","GW"
"8479","cg15395560",-0.00036,6.8e-05,1e-07,NA,"NO2","GW"
"8480","cg16420089",-0.00017,3.3e-05,1e-07,NA,"NO2","GW"
"8481","cg16468280",-0.00026,4.9e-05,1e-07,NA,"NO2","GW"
"8482","cg20744654",-0.00025,4.6e-05,1e-07,NA,"NO2","GW"
"8483","cg22366001",-0.00028,5.3e-05,1e-07,NA,"NO2","GW"
"8484","cg26366616",-0.00032,6.1e-05,1e-07,NA,"NO2","GW"
"8485","cg00540819",-1e-04,1.9e-05,1e-07,NA,"NO2","GW"
"8486","cg00900226",-0.00022,4.2e-05,1e-07,NA,"NO2","GW"
"8487","cg05605603",-3e-04,5.6e-05,1e-07,NA,"NO2","GW"
"8488","cg08156844",-0.00037,6.9e-05,1e-07,NA,"NO2","GW"
"8489","cg08463231",-0.00037,7e-05,1e-07,NA,"NO2","GW"
"8490","cg09180566",-0.00047,8.8e-05,1e-07,NA,"NO2","GW"
"8491","cg09449905",-0.00048,9e-05,1e-07,NA,"NO2","GW"
"8492","cg10838469",-0.00028,5.2e-05,1e-07,NA,"NO2","GW"
"8493","cg11684541",-0.00036,6.7e-05,1e-07,NA,"NO2","GW"
"8494","cg16570917",-0.00025,4.6e-05,1e-07,NA,"NO2","GW"
"8495","cg16764147",-0.00034,6.4e-05,1e-07,NA,"NO2","GW"
"8496","cg19196414",-0.00037,7e-05,1e-07,NA,"NO2","GW"
"8497","cg19515081",0.00037,6.9e-05,1e-07,NA,"NO2","GW"
"8498","cg24069188",-0.00031,5.8e-05,1e-07,NA,"NO2","GW"
"8499","cg24283270",-0.00019,3.6e-05,1e-07,NA,"NO2","GW"
"8500","cg26982892",-0.00025,4.7e-05,1e-07,NA,"NO2","GW"
"8501","cg00808175",-0.00034,6.3e-05,1e-07,NA,"NO2","GW"
"8502","cg01649266",-0.00024,4.6e-05,1e-07,NA,"NO2","GW"
"8503","cg03147861",-0.00022,4.2e-05,1e-07,NA,"NO2","GW"
"8504","cg06401614",-0.00044,8.2e-05,1e-07,NA,"NO2","GW"
"8505","cg06891815",-0.00068,0.00013,1e-07,NA,"NO2","GW"
"8506","cg07886398",-0.00021,3.9e-05,1e-07,NA,"NO2","GW"
"8507","cg09431318",-0.00044,8.2e-05,1e-07,NA,"NO2","GW"
"8508","cg10464076",-0.00035,6.6e-05,1e-07,NA,"NO2","GW"
"8509","cg11180638",-0.00026,4.8e-05,1e-07,NA,"NO2","GW"
"8510","cg14466863",-0.00035,6.6e-05,1e-07,NA,"NO2","GW"
"8511","cg15371881",-0.00028,5.2e-05,1e-07,NA,"NO2","GW"
"8512","cg16814719",-0.00023,4.2e-05,1e-07,NA,"NO2","GW"
"8513","cg17201947",-0.00049,9.2e-05,1e-07,NA,"NO2","GW"
"8514","cg19689211",-0.00026,4.9e-05,1e-07,NA,"NO2","GW"
"8515","cg22590032",0.00032,6.1e-05,1e-07,NA,"NO2","GW"
"8516","cg22765612",-0.00026,4.9e-05,1e-07,NA,"NO2","GW"
"8517","cg24040989",-0.00021,4e-05,1e-07,NA,"NO2","GW"
"8518","cg24624520",-0.00021,4e-05,1e-07,NA,"NO2","GW"
"8519","cg24894531",-0.00017,3.3e-05,1e-07,NA,"NO2","GW"
"8520","cg26413192",-0.00027,5e-05,1e-07,NA,"NO2","GW"
"8521","cg26680428",-0.00031,5.8e-05,1e-07,NA,"NO2","GW"
"8522","cg05133814",-3e-04,5.7e-05,1e-07,NA,"NO2","GW"
"8523","cg05941292",-0.00022,4.1e-05,1e-07,NA,"NO2","GW"
"8524","cg05976481",0.00073,0.00014,1e-07,NA,"NO2","GW"
"8525","cg06180729",-2e-04,3.7e-05,1e-07,NA,"NO2","GW"
"8526","cg08201421",-0.00033,6.2e-05,1e-07,NA,"NO2","GW"
"8527","cg10868873",-0.00034,6.5e-05,1e-07,NA,"NO2","GW"
"8528","cg11146023",-0.00025,4.8e-05,1e-07,NA,"NO2","GW"
"8529","cg13379822",-0.00023,4.3e-05,1e-07,NA,"NO2","GW"
"8530","cg13420364",-0.00039,7.4e-05,1e-07,NA,"NO2","GW"
"8531","cg13811168",-0.00038,7.2e-05,1e-07,NA,"NO2","GW"
"8532","cg14934821",-0.00027,5.1e-05,1e-07,NA,"NO2","GW"
"8533","cg16760172",-0.00023,4.3e-05,1e-07,NA,"NO2","GW"
"8534","cg17290213",-0.00041,7.7e-05,1e-07,NA,"NO2","GW"
"8535","cg18252855",-0.00022,4.2e-05,1e-07,NA,"NO2","GW"
"8536","cg21424090",-0.00038,7.2e-05,1e-07,NA,"NO2","GW"
"8537","cg21467850",-0.00055,1e-04,1e-07,NA,"NO2","GW"
"8538","cg24605046",0.00044,8.3e-05,1e-07,NA,"NO2","GW"
"8539","cg01876619",-0.00027,5.1e-05,1.1e-07,NA,"NO2","GW"
"8540","cg02566359",-0.00032,6.1e-05,1.1e-07,NA,"NO2","GW"
"8541","cg02587120",-0.00025,4.8e-05,1.1e-07,NA,"NO2","GW"
"8542","cg04563718",-0.00041,7.6e-05,1.1e-07,NA,"NO2","GW"
"8543","cg05146658",-0.00039,7.4e-05,1.1e-07,NA,"NO2","GW"
"8544","cg05407714",-0.00037,7e-05,1.1e-07,NA,"NO2","GW"
"8545","cg06265809",-0.00034,6.3e-05,1.1e-07,NA,"NO2","GW"
"8546","cg06471656",-0.00025,4.7e-05,1.1e-07,NA,"NO2","GW"
"8547","cg09093858",-0.00034,6.4e-05,1.1e-07,NA,"NO2","GW"
"8548","cg09458931",-0.00027,5.1e-05,1.1e-07,NA,"NO2","GW"
"8549","cg14321522",-0.00018,3.3e-05,1.1e-07,NA,"NO2","GW"
"8550","cg15578332",-4e-04,7.5e-05,1.1e-07,NA,"NO2","GW"
"8551","cg16272420",-0.00028,5.3e-05,1.1e-07,NA,"NO2","GW"
"8552","cg17227621",-0.00021,3.9e-05,1.1e-07,NA,"NO2","GW"
"8553","cg17291858",-0.00028,5.3e-05,1.1e-07,NA,"NO2","GW"
"8554","cg18606843",-0.00054,1e-04,1.1e-07,NA,"NO2","GW"
"8555","cg18618815",-0.00053,9.9e-05,1.1e-07,NA,"NO2","GW"
"8556","cg19805748",-4e-04,7.5e-05,1.1e-07,NA,"NO2","GW"
"8557","cg00741656",-0.00021,4e-05,1.1e-07,NA,"NO2","GW"
"8558","cg06970772",-0.00029,5.5e-05,1.1e-07,NA,"NO2","GW"
"8559","cg17130481",-0.00038,7.1e-05,1.1e-07,NA,"NO2","GW"
