"","CpG","Beta","SE","P","FDR","Trait","threshold"
"1","cg00882322",0.002061733,0.00044514,3.63e-06,0.074072802,"ACETOCHLOR","P1E5"
"2","cg00919585",-0.002025675,0.000377268,7.9e-08,0.009951597,"ACETOCHLOR","P1E5"
"3","cg01020413",-0.008168715,0.001844003,9.43e-06,0.118718539,"ACETOCHLOR","P1E5"
"4","cg01035015",-0.00397945,0.000844293,2.44e-06,0.057891222,"ACETOCHLOR","P1E5"
"5","cg02098075",0.059928587,0.013428969,8.1e-06,0.11326452,"ACETOCHLOR","P1E5"
"6","cg03688995",0.008011917,0.001699111,2.41e-06,0.057891222,"ACETOCHLOR","P1E5"
"7","cg04108706",0.017024387,0.003093236,3.72e-08,0.00702234,"ACETOCHLOR","P1E5"
"8","cg04155280",0.004720954,0.001004921,2.63e-06,0.058423896,"ACETOCHLOR","P1E5"
"9","cg04158862",0.00481288,0.001089196,9.93e-06,0.119284104,"ACETOCHLOR","P1E5"
"10","cg07155014",0.006206107,0.001302701,1.9e-06,0.057891222,"ACETOCHLOR","P1E5"
"11","cg07489121",0.026616826,0.005458261,1.08e-06,0.046176936,"ACETOCHLOR","P1E5"
"12","cg08165462",0.012694364,0.002240665,1.47e-08,0.004452228,"ACETOCHLOR","P1E5"
"13","cg10252897",0.008450344,0.001555526,5.56e-08,0.008398068,"ACETOCHLOR","P1E5"
"14","cg10280383",0.001699028,0.000334909,3.91e-07,0.021119454,"ACETOCHLOR","P1E5"
"15","cg11306441",-0.001728807,0.000371138,3.19e-06,0.068879924,"ACETOCHLOR","P1E5"
"16","cg11887721",-0.002545616,0.000563795,6.33e-06,0.097557115,"ACETOCHLOR","P1E5"
"17","cg11907448",0.003730027,0.000786083,2.08e-06,0.057891222,"ACETOCHLOR","P1E5"
"18","cg12971338",-0.002963758,0.00065114,5.32e-06,0.088566672,"ACETOCHLOR","P1E5"
"19","cg17840355",0.005039178,0.000984668,3.09e-07,0.017979218,"ACETOCHLOR","P1E5"
"20","cg18147865",0.000825026,0.000184278,7.57e-06,0.107867149,"ACETOCHLOR","P1E5"
"21","cg18677834",0.018418246,0.003536174,1.9e-07,0.014380706,"ACETOCHLOR","P1E5"
"22","cg18935832",0.007319879,0.001496687,1e-06,0.046176936,"ACETOCHLOR","P1E5"
"23","cg19166347",-0.001717802,0.000364462,2.44e-06,0.057891222,"ACETOCHLOR","P1E5"
"24","cg20241658",-0.002122407,0.000441991,1.57e-06,0.053965215,"ACETOCHLOR","P1E5"
"25","cg22049753",0.006084721,0.001366021,8.42e-06,0.113528953,"ACETOCHLOR","P1E5"
"26","cg22060621",0.00562165,0.001260982,8.27e-06,0.113528953,"ACETOCHLOR","P1E5"
"27","cg23196630",0.007516324,0.001640623,4.62e-06,0.083087503,"ACETOCHLOR","P1E5"
"28","cg24410391",0.003064518,0.000688779,8.62e-06,0.114236813,"ACETOCHLOR","P1E5"
"29","cg25093409",0.002314177,0.000513234,6.51e-06,0.098411139,"ACETOCHLOR","P1E5"
"30","cg27417294",-0.003606245,0.000789735,4.96e-06,0.087176238,"ACETOCHLOR","P1E5"
"31","cg18181703",0.0038,5e-04,2e-12,NA,"AHEI","P1E5"
"32","cg16969872",0.0032,5e-04,3e-09,NA,"AHEI","P1E5"
"33","cg27118035",-0.0028,5e-04,4.9e-09,NA,"AHEI","P1E5"
"34","cg25953130",0.0044,8e-04,1.2e-08,NA,"AHEI","P1E5"
"35","cg16936953",0.0042,7e-04,1.5e-08,NA,"AHEI","P1E5"
"36","cg03190891",-0.0025,5e-04,9e-08,NA,"AHEI","P1E5"
"37","cg08884571",-0.0042,8e-04,4.6e-07,NA,"AHEI","P1E5"
"38","cg25909064",0.0018,4e-04,8e-07,NA,"AHEI","P1E5"
"39","cg19202384",0.0019,4e-04,9.9e-07,NA,"AHEI","P1E5"
"40","cg01294327",0.0049,0.001,1.4e-06,NA,"AHEI","P1E5"
"41","cg11468085",-0.0022,5e-04,1.4e-06,NA,"AHEI","P1E5"
"42","cg11250194",0.0025,5e-04,1.5e-06,NA,"AHEI","P1E5"
"43","cg03646329",0.0034,7e-04,1.5e-06,NA,"AHEI","P1E5"
"44","cg24735226",-0.0037,8e-04,1.6e-06,NA,"AHEI","P1E5"
"45","cg02959282",0.0024,5e-04,1.8e-06,NA,"AHEI","P1E5"
"46","cg19157853",-0.0016,3e-04,2.3e-06,NA,"AHEI","P1E5"
"47","cg26470501",0.0019,4e-04,2.4e-06,NA,"AHEI","P1E5"
"48","cg02508743",-0.0024,5e-04,2.5e-06,NA,"AHEI","P1E5"
"49","cg09940677",-0.0014,3e-04,2.9e-06,NA,"AHEI","P1E5"
"50","cg07805029",0.0027,6e-04,3.1e-06,NA,"AHEI","P1E5"
"51","cg02583484",-0.000394498,4.36e-05,1.5e-19,NA,"Alcohol","P1E5"
"52","cg13729116",-0.000178244,2.07e-05,6.52e-18,NA,"Alcohol","P1E5"
"53","cg05593667",-0.000252447,3.09e-05,4.44e-16,NA,"Alcohol","P1E5"
"54","cg15253293",-0.000140199,1.75e-05,1.11e-15,NA,"Alcohol","P1E5"
"55","cg21626848",-0.000226796,2.87e-05,3.11e-15,NA,"Alcohol","P1E5"
"56","cg03523740",-0.000216633,2.76e-05,4.44e-15,NA,"Alcohol","P1E5"
"57","cg11194994",-0.000171208,2.2e-05,7.33e-15,NA,"Alcohol","P1E5"
"58","cg06603309",0.000166897,2.19e-05,2.71e-14,NA,"Alcohol","P1E5"
"59","cg06469895",-0.000204884,2.77e-05,1.52e-13,NA,"Alcohol","P1E5"
"60","cg19266329",-0.000278274,3.77e-05,1.65e-13,NA,"Alcohol","P1E5"
"61","cg23654112",-0.000137164,1.88e-05,3e-13,NA,"Alcohol","P1E5"
"62","cg08916477",-0.000162837,2.24e-05,4.02e-13,NA,"Alcohol","P1E5"
"63","cg03599037",-0.000136129,1.88e-05,4.51e-13,NA,"Alcohol","P1E5"
"64","cg06189038",-0.000160345,2.22e-05,4.57e-13,NA,"Alcohol","P1E5"
"65","cg09737197",-0.00016211,2.24e-05,5.03e-13,NA,"Alcohol","P1E5"
"66","cg16705273",-0.000250798,3.47e-05,5.28e-13,NA,"Alcohol","P1E5"
"67","cg05413305",-0.000256816,3.56e-05,5.35e-13,NA,"Alcohol","P1E5"
"68","cg17058475",-0.000161893,2.26e-05,8.5e-13,NA,"Alcohol","P1E5"
"69","cg11376147",-0.00025796,3.62e-05,9.8e-13,NA,"Alcohol","P1E5"
"70","cg00574412",-0.000166419,2.34e-05,1.13e-12,NA,"Alcohol","P1E5"
"71","cg09448652",-0.000257449,3.63e-05,1.27e-12,NA,"Alcohol","P1E5"
"72","cg20732076",-0.000146791,2.07e-05,1.46e-12,NA,"Alcohol","P1E5"
"73","cg16246545",-0.000605981,8.57e-05,1.54e-12,NA,"Alcohol","P1E5"
"74","cg24217948",-0.000276498,3.94e-05,2.14e-12,NA,"Alcohol","P1E5"
"75","cg19238380",-0.000294514,4.2e-05,2.24e-12,NA,"Alcohol","P1E5"
"76","cg25518868",-0.000123052,1.75e-05,2.28e-12,NA,"Alcohol","P1E5"
"77","cg07502661",-0.000187111,2.67e-05,2.6e-12,NA,"Alcohol","P1E5"
"78","cg27514333",-0.000156941,2.25e-05,2.77e-12,NA,"Alcohol","P1E5"
"79","cg13127741",-0.000229919,3.3e-05,3.1e-12,NA,"Alcohol","P1E5"
"80","cg20970369",-0.000227381,3.26e-05,3.23e-12,NA,"Alcohol","P1E5"
"81","cg00883689",-0.000284744,4.09e-05,3.23e-12,NA,"Alcohol","P1E5"
"82","cg08677210",-0.000134156,1.93e-05,3.32e-12,NA,"Alcohol","P1E5"
"83","cg21439672",-0.000297026,4.27e-05,3.7e-12,NA,"Alcohol","P1E5"
"84","cg02104962",-0.000228001,3.3e-05,4.97e-12,NA,"Alcohol","P1E5"
"85","cg01979157",-0.000156298,2.27e-05,5.94e-12,NA,"Alcohol","P1E5"
"86","cg07251887",-0.000282616,4.13e-05,7.56e-12,NA,"Alcohol","P1E5"
"87","cg05649922",-0.000210145,3.07e-05,7.67e-12,NA,"Alcohol","P1E5"
"88","cg14482712",-0.000178625,2.61e-05,7.71e-12,NA,"Alcohol","P1E5"
"89","cg17185710",-0.000212375,3.11e-05,8.1e-12,NA,"Alcohol","P1E5"
"90","cg05512483",-0.000345024,5.07e-05,9.89e-12,NA,"Alcohol","P1E5"
"91","cg19693031",-0.000439381,6.46e-05,1.02e-11,NA,"Alcohol","P1E5"
"92","cg16702313",-0.000158351,2.33e-05,1.04e-11,NA,"Alcohol","P1E5"
"93","cg20948740",-0.000285328,4.22e-05,1.34e-11,NA,"Alcohol","P1E5"
"94","cg21429551",-0.000845343,0.000125151,1.43e-11,NA,"Alcohol","P1E5"
"95","cg03997643",-0.000214019,3.17e-05,1.44e-11,NA,"Alcohol","P1E5"
"96","cg01234517",-9.27e-05,1.38e-05,1.85e-11,NA,"Alcohol","P1E5"
"97","cg27464065",-0.000290383,4.33e-05,1.95e-11,NA,"Alcohol","P1E5"
"98","cg00574958",-0.000101269,1.51e-05,2.09e-11,NA,"Alcohol","P1E5"
"99","cg12616487",-0.000167865,2.51e-05,2.1e-11,NA,"Alcohol","P1E5"
"100","cg19939077",-0.000226411,3.38e-05,2.24e-11,NA,"Alcohol","P1E5"
"101","cg22797644",-0.000223141,3.35e-05,2.57e-11,NA,"Alcohol","P1E5"
"102","cg20374917",-0.000162622,2.45e-05,3.2e-11,NA,"Alcohol","P1E5"
"103","cg05683445",-0.000169456,2.57e-05,3.95e-11,NA,"Alcohol","P1E5"
"104","cg22631938",-0.000232342,3.52e-05,3.99e-11,NA,"Alcohol","P1E5"
"105","cg07797660",-0.000232051,3.53e-05,4.75e-11,NA,"Alcohol","P1E5"
"106","cg14034325",-0.000235275,3.58e-05,5.18e-11,NA,"Alcohol","P1E5"
"107","cg08597832",-0.00016218,2.48e-05,6.12e-11,NA,"Alcohol","P1E5"
"108","cg00827581",0.00013067,2e-05,6.59e-11,NA,"Alcohol","P1E5"
"109","cg03260624",-0.000242304,3.74e-05,8.77e-11,NA,"Alcohol","P1E5"
"110","cg02256576",-0.00031293,4.84e-05,1e-10,NA,"Alcohol","P1E5"
"111","cg10750182",-0.000133251,2.06e-05,1.04e-10,NA,"Alcohol","P1E5"
"112","cg06096336",-0.000266204,4.14e-05,1.24e-10,NA,"Alcohol","P1E5"
"113","cg03497652",0.000222415,3.46e-05,1.27e-10,NA,"Alcohol","P1E5"
"114","cg12662084",-0.000348783,5.44e-05,1.4e-10,NA,"Alcohol","P1E5"
"115","cg26829071",0.000227163,3.55e-05,1.62e-10,NA,"Alcohol","P1E5"
"116","cg26430287",-0.000247362,3.87e-05,1.71e-10,NA,"Alcohol","P1E5"
"117","cg03359362",-6.21e-05,9.75e-06,1.87e-10,NA,"Alcohol","P1E5"
"118","cg23975840",0.000267792,4.21e-05,2e-10,NA,"Alcohol","P1E5"
"119","cg22876908",-0.000152717,2.4e-05,2.15e-10,NA,"Alcohol","P1E5"
"120","cg01538969",0.000209017,3.29e-05,2.24e-10,NA,"Alcohol","P1E5"
"121","cg06983052",-0.000311866,4.92e-05,2.39e-10,NA,"Alcohol","P1E5"
"122","cg03068497",-0.000768697,0.000121588,2.58e-10,NA,"Alcohol","P1E5"
"123","cg09326440",-7.55e-05,1.2e-05,2.71e-10,NA,"Alcohol","P1E5"
"124","cg18590502",-0.000329032,5.22e-05,2.83e-10,NA,"Alcohol","P1E5"
"125","cg12825509",-0.000524478,8.32e-05,2.96e-10,NA,"Alcohol","P1E5"
"126","cg01236573",-0.000200112,3.18e-05,3.05e-10,NA,"Alcohol","P1E5"
"127","cg14476101",-0.000940588,0.000150098,3.69e-10,NA,"Alcohol","P1E5"
"128","cg26569315",-6.46e-05,1.03e-05,4.05e-10,NA,"Alcohol","P1E5"
"129","cg11484872",-0.000238677,3.84e-05,4.91e-10,NA,"Alcohol","P1E5"
"130","cg03954858",0.000145633,2.35e-05,5.34e-10,NA,"Alcohol","P1E5"
"131","cg03689048",-0.000111641,1.8e-05,5.36e-10,NA,"Alcohol","P1E5"
"132","cg03345232",-0.000209487,3.38e-05,5.76e-10,NA,"Alcohol","P1E5"
"133","cg18125510",-0.00034229,5.53e-05,6.17e-10,NA,"Alcohol","P1E5"
"134","cg01687189",-0.000253427,4.1e-05,6.39e-10,NA,"Alcohol","P1E5"
"135","cg18328933",-0.000120354,1.95e-05,6.55e-10,NA,"Alcohol","P1E5"
"136","cg17865955",-0.000210619,3.42e-05,7e-10,NA,"Alcohol","P1E5"
"137","cg10589813",-0.00043552,7.07e-05,7.18e-10,NA,"Alcohol","P1E5"
"138","cg23534245",-0.000186225,3.02e-05,7.31e-10,NA,"Alcohol","P1E5"
"139","cg10317175",-0.000179648,2.92e-05,7.53e-10,NA,"Alcohol","P1E5"
"140","cg07091481",-0.000193968,3.16e-05,8.22e-10,NA,"Alcohol","P1E5"
"141","cg13442969",-0.000362448,5.91e-05,8.68e-10,NA,"Alcohol","P1E5"
"142","cg07176692",-0.00031186,5.11e-05,1.01e-09,NA,"Alcohol","P1E5"
"143","cg10816169",-0.000272511,4.46e-05,1.02e-09,NA,"Alcohol","P1E5"
"144","cg09907628",-0.000134987,2.21e-05,1.03e-09,NA,"Alcohol","P1E5"
"145","cg15059065",-0.000242701,4e-05,1.24e-09,NA,"Alcohol","P1E5"
"146","cg22871253",-0.000188219,3.1e-05,1.27e-09,NA,"Alcohol","P1E5"
"147","cg00247963",-0.000155303,2.56e-05,1.3e-09,NA,"Alcohol","P1E5"
"148","cg12067421",-0.000147351,2.43e-05,1.34e-09,NA,"Alcohol","P1E5"
"149","cg15821562",-0.000246252,4.07e-05,1.42e-09,NA,"Alcohol","P1E5"
"150","cg08115371",-0.000394429,6.52e-05,1.44e-09,NA,"Alcohol","P1E5"
"151","cg18954900",-0.000233979,3.87e-05,1.44e-09,NA,"Alcohol","P1E5"
"152","cg02654940",-0.000214334,3.54e-05,1.45e-09,NA,"Alcohol","P1E5"
"153","cg18159646",-0.000256959,4.25e-05,1.45e-09,NA,"Alcohol","P1E5"
"154","cg14676592",-0.0001352,2.24e-05,1.48e-09,NA,"Alcohol","P1E5"
"155","cg03485667",-0.000200024,3.31e-05,1.51e-09,NA,"Alcohol","P1E5"
"156","cg17390562",-0.000140907,2.33e-05,1.59e-09,NA,"Alcohol","P1E5"
"157","cg09257526",-0.00012733,2.12e-05,1.8e-09,NA,"Alcohol","P1E5"
"158","cg00812770",0.000127112,2.11e-05,1.82e-09,NA,"Alcohol","P1E5"
"159","cg06846495",-0.000233729,3.89e-05,1.86e-09,NA,"Alcohol","P1E5"
"160","cg26103104",-0.000343059,5.71e-05,1.92e-09,NA,"Alcohol","P1E5"
"161","cg04781796",0.000201398,3.35e-05,1.93e-09,NA,"Alcohol","P1E5"
"162","cg02578470",-0.000237701,3.96e-05,2.03e-09,NA,"Alcohol","P1E5"
"163","cg02231404",-0.000312955,5.22e-05,2.03e-09,NA,"Alcohol","P1E5"
"164","cg00045114",0.000249484,4.16e-05,2.04e-09,NA,"Alcohol","P1E5"
"165","cg20945261",-0.000191839,3.2e-05,2.08e-09,NA,"Alcohol","P1E5"
"166","cg18282388",0.0002136,3.57e-05,2.14e-09,NA,"Alcohol","P1E5"
"167","cg05465916",-0.00019089,3.19e-05,2.17e-09,NA,"Alcohol","P1E5"
"168","cg23712594",-0.000196963,3.29e-05,2.18e-09,NA,"Alcohol","P1E5"
"169","cg18765542",-0.000142943,2.39e-05,2.28e-09,NA,"Alcohol","P1E5"
"170","cg06644515",-0.000365342,6.11e-05,2.3e-09,NA,"Alcohol","P1E5"
"171","cg06516865",-0.000151603,2.54e-05,2.34e-09,NA,"Alcohol","P1E5"
"172","cg21369801",0.000197715,3.32e-05,2.48e-09,NA,"Alcohol","P1E5"
"173","cg27386529",-0.000198814,3.34e-05,2.61e-09,NA,"Alcohol","P1E5"
"174","cg04487857",0.000109109,1.83e-05,2.65e-09,NA,"Alcohol","P1E5"
"175","cg05457221",-0.000131515,2.21e-05,2.69e-09,NA,"Alcohol","P1E5"
"176","cg17192599",0.000193391,3.25e-05,2.8e-09,NA,"Alcohol","P1E5"
"177","cg05903736",-0.000164016,2.76e-05,2.89e-09,NA,"Alcohol","P1E5"
"178","cg18394552",0.000367256,6.19e-05,3.03e-09,NA,"Alcohol","P1E5"
"179","cg18120259",-0.00052297,8.82e-05,3.04e-09,NA,"Alcohol","P1E5"
"180","cg09042952",-4.57e-05,7.71e-06,3.11e-09,NA,"Alcohol","P1E5"
"181","cg19240637",-0.000223937,3.78e-05,3.21e-09,NA,"Alcohol","P1E5"
"182","cg11682350",-5.63e-05,9.51e-06,3.23e-09,NA,"Alcohol","P1E5"
"183","cg00986580",-0.000245028,4.14e-05,3.3e-09,NA,"Alcohol","P1E5"
"184","cg19578183",-0.000248248,4.2e-05,3.33e-09,NA,"Alcohol","P1E5"
"185","cg14473743",-0.000260987,4.41e-05,3.38e-09,NA,"Alcohol","P1E5"
"186","cg25612391",-0.000257381,4.35e-05,3.39e-09,NA,"Alcohol","P1E5"
"187","cg27479634",-0.000216929,3.67e-05,3.45e-09,NA,"Alcohol","P1E5"
"188","cg04961225",0.00023287,3.94e-05,3.51e-09,NA,"Alcohol","P1E5"
"189","cg23913963",-0.000267259,4.53e-05,3.59e-09,NA,"Alcohol","P1E5"
"190","cg03329539",-0.000229792,3.89e-05,3.6e-09,NA,"Alcohol","P1E5"
"191","cg09182138",-0.000154312,2.61e-05,3.6e-09,NA,"Alcohol","P1E5"
"192","cg06690548",-0.00133477,0.00022661,3.86e-09,NA,"Alcohol","P1E5"
"193","cg08429256",-0.000155808,2.65e-05,4.03e-09,NA,"Alcohol","P1E5"
"194","cg07180646",-0.000229401,3.9e-05,4.13e-09,NA,"Alcohol","P1E5"
"195","cg15699524",-0.000153203,2.61e-05,4.13e-09,NA,"Alcohol","P1E5"
"196","cg11197916",-0.000159894,2.72e-05,4.14e-09,NA,"Alcohol","P1E5"
"197","cg18530324",-0.000173123,2.95e-05,4.34e-09,NA,"Alcohol","P1E5"
"198","cg05012902",-0.000165956,2.83e-05,4.41e-09,NA,"Alcohol","P1E5"
"199","cg04610235",-0.000131691,2.25e-05,4.58e-09,NA,"Alcohol","P1E5"
"200","cg00622166",-0.000265203,4.53e-05,4.61e-09,NA,"Alcohol","P1E5"
"201","cg15804598",-0.000228213,3.89e-05,4.65e-09,NA,"Alcohol","P1E5"
"202","cg08335767",-0.000189721,3.24e-05,4.75e-09,NA,"Alcohol","P1E5"
"203","cg12807764",-0.000256786,4.39e-05,5e-09,NA,"Alcohol","P1E5"
"204","cg16889557",-0.000190117,3.25e-05,5.07e-09,NA,"Alcohol","P1E5"
"205","cg05721773",-0.000175489,3e-05,5.08e-09,NA,"Alcohol","P1E5"
"206","cg07104958",-0.00026315,4.51e-05,5.27e-09,NA,"Alcohol","P1E5"
"207","cg24848615",-0.000183639,3.15e-05,5.77e-09,NA,"Alcohol","P1E5"
"208","cg00594278",-0.000188514,3.24e-05,5.78e-09,NA,"Alcohol","P1E5"
"209","cg17768768",0.000133472,2.29e-05,5.88e-09,NA,"Alcohol","P1E5"
"210","cg12188860",-0.000239327,4.12e-05,6.17e-09,NA,"Alcohol","P1E5"
"211","cg04916802",-0.000196928,3.39e-05,6.33e-09,NA,"Alcohol","P1E5"
"212","cg19803952",-0.000159896,2.76e-05,6.65e-09,NA,"Alcohol","P1E5"
"213","cg14274621",-0.000137268,2.37e-05,6.67e-09,NA,"Alcohol","P1E5"
"214","cg00291478",-0.000339377,5.85e-05,6.69e-09,NA,"Alcohol","P1E5"
"215","cg01201215",-0.000155998,2.69e-05,6.76e-09,NA,"Alcohol","P1E5"
"216","cg24750156",-0.00020192,3.5e-05,8.04e-09,NA,"Alcohol","P1E5"
"217","cg00510149",-0.000156796,2.72e-05,8.14e-09,NA,"Alcohol","P1E5"
"218","cg02341119",-0.000244633,4.24e-05,8.15e-09,NA,"Alcohol","P1E5"
"219","cg12866859",-0.000183138,3.18e-05,8.32e-09,NA,"Alcohol","P1E5"
"220","cg00817377",-0.000128232,2.23e-05,8.36e-09,NA,"Alcohol","P1E5"
"221","cg18101225",0.000102643,1.78e-05,8.45e-09,NA,"Alcohol","P1E5"
"222","cg10554624",-0.000214178,3.72e-05,8.62e-09,NA,"Alcohol","P1E5"
"223","cg25643223",-0.000190149,3.3e-05,8.64e-09,NA,"Alcohol","P1E5"
"224","cg24420742",-0.000197272,3.43e-05,8.68e-09,NA,"Alcohol","P1E5"
"225","cg21578195",-0.000118018,2.05e-05,8.69e-09,NA,"Alcohol","P1E5"
"226","cg00432454",-0.000117396,2.04e-05,9.35e-09,NA,"Alcohol","P1E5"
"227","cg24642820",-0.000302378,5.27e-05,9.53e-09,NA,"Alcohol","P1E5"
"228","cg23166988",-0.000276846,4.83e-05,9.73e-09,NA,"Alcohol","P1E5"
"229","cg15055101",-0.000162025,2.83e-05,1e-08,NA,"Alcohol","P1E5"
"230","cg14145074",-0.000142457,2.49e-05,1.02e-08,NA,"Alcohol","P1E5"
"231","cg14330293",0.000128562,2.25e-05,1.03e-08,NA,"Alcohol","P1E5"
"232","cg23444264",-0.000193418,3.38e-05,1.04e-08,NA,"Alcohol","P1E5"
"233","cg17757575",-0.000205722,3.6e-05,1.07e-08,NA,"Alcohol","P1E5"
"234","cg26312998",-0.000170625,2.99e-05,1.09e-08,NA,"Alcohol","P1E5"
"235","cg20674424",-0.000210537,3.68e-05,1.11e-08,NA,"Alcohol","P1E5"
"236","cg03627290",-0.000109782,1.92e-05,1.12e-08,NA,"Alcohol","P1E5"
"237","cg18482892",-0.000225543,3.95e-05,1.15e-08,NA,"Alcohol","P1E5"
"238","cg27492942",-0.000189492,3.32e-05,1.17e-08,NA,"Alcohol","P1E5"
"239","cg06533408",-0.000170064,2.98e-05,1.17e-08,NA,"Alcohol","P1E5"
"240","cg17164905",-0.00013746,2.41e-05,1.17e-08,NA,"Alcohol","P1E5"
"241","cg04460609",-0.000371151,6.52e-05,1.23e-08,NA,"Alcohol","P1E5"
"242","cg00464927",0.000122261,2.15e-05,1.24e-08,NA,"Alcohol","P1E5"
"243","cg13879047",-0.000111936,1.97e-05,1.26e-08,NA,"Alcohol","P1E5"
"244","cg27486585",-0.000183923,3.23e-05,1.27e-08,NA,"Alcohol","P1E5"
"245","cg22505006",-0.000163279,2.87e-05,1.28e-08,NA,"Alcohol","P1E5"
"246","cg19554457",-0.000234466,4.12e-05,1.28e-08,NA,"Alcohol","P1E5"
"247","cg00085438",-0.00021381,3.76e-05,1.28e-08,NA,"Alcohol","P1E5"
"248","cg22510139",-0.000239165,4.2e-05,1.29e-08,NA,"Alcohol","P1E5"
"249","cg07451297",-0.00015954,2.81e-05,1.33e-08,NA,"Alcohol","P1E5"
"250","cg07735969",-0.000109615,1.93e-05,1.36e-08,NA,"Alcohol","P1E5"
"251","cg26039141",-0.000127455,2.25e-05,1.38e-08,NA,"Alcohol","P1E5"
"252","cg21130958",-0.000182331,3.21e-05,1.38e-08,NA,"Alcohol","P1E5"
"253","cg07567724",-0.000346834,6.12e-05,1.43e-08,NA,"Alcohol","P1E5"
"254","cg17485681",-0.000230398,4.07e-05,1.51e-08,NA,"Alcohol","P1E5"
"255","cg20484086",-0.000260199,4.6e-05,1.52e-08,NA,"Alcohol","P1E5"
"256","cg11617964",-0.000305609,5.4e-05,1.54e-08,NA,"Alcohol","P1E5"
"257","cg04737759",0.000101883,1.8e-05,1.59e-08,NA,"Alcohol","P1E5"
"258","cg10089657",0.000122239,2.17e-05,1.66e-08,NA,"Alcohol","P1E5"
"259","cg23629150",-0.000240933,4.27e-05,1.67e-08,NA,"Alcohol","P1E5"
"260","cg03021802",-0.000183841,3.26e-05,1.7e-08,NA,"Alcohol","P1E5"
"261","cg24135793",-0.000293472,5.21e-05,1.74e-08,NA,"Alcohol","P1E5"
"262","cg00326958",-0.000185588,3.29e-05,1.76e-08,NA,"Alcohol","P1E5"
"263","cg06934523",-0.00020561,3.65e-05,1.76e-08,NA,"Alcohol","P1E5"
"264","cg12554573",-0.000141513,2.51e-05,1.79e-08,NA,"Alcohol","P1E5"
"265","cg06657944",-7.46e-05,1.33e-05,1.81e-08,NA,"Alcohol","P1E5"
"266","cg14035045",-0.000169382,3.01e-05,1.85e-08,NA,"Alcohol","P1E5"
"267","cg09613192",-0.000278778,4.96e-05,1.87e-08,NA,"Alcohol","P1E5"
"268","cg03603530",-0.000108706,1.93e-05,1.92e-08,NA,"Alcohol","P1E5"
"269","cg05603985",-0.000253797,4.52e-05,1.94e-08,NA,"Alcohol","P1E5"
"270","cg00549412",-0.000191036,3.4e-05,2e-08,NA,"Alcohol","P1E5"
"271","cg05915866",-0.000261383,4.66e-05,2e-08,NA,"Alcohol","P1E5"
"272","cg12752647",-0.000129638,2.31e-05,2.01e-08,NA,"Alcohol","P1E5"
"273","cg08766770",-0.000130424,2.32e-05,2.02e-08,NA,"Alcohol","P1E5"
"274","cg00657780",-0.000179482,3.2e-05,2.03e-08,NA,"Alcohol","P1E5"
"275","cg07556911",0.000123825,2.21e-05,2.1e-08,NA,"Alcohol","P1E5"
"276","cg27180443",-0.000226013,4.04e-05,2.2e-08,NA,"Alcohol","P1E5"
"277","cg04418434",-0.000133156,2.38e-05,2.25e-08,NA,"Alcohol","P1E5"
"278","cg23893460",0.000104928,1.88e-05,2.28e-08,NA,"Alcohol","P1E5"
"279","cg01850135",0.000191881,3.43e-05,2.31e-08,NA,"Alcohol","P1E5"
"280","cg22268510",-0.000285806,5.12e-05,2.34e-08,NA,"Alcohol","P1E5"
"281","cg05152300",-0.000135229,2.42e-05,2.34e-08,NA,"Alcohol","P1E5"
"282","cg07286682",0.000197101,3.53e-05,2.39e-08,NA,"Alcohol","P1E5"
"283","cg05262369",-0.000159431,2.86e-05,2.41e-08,NA,"Alcohol","P1E5"
"284","cg18483487",-0.00020568,3.69e-05,2.42e-08,NA,"Alcohol","P1E5"
"285","cg05527044",-0.000115123,2.07e-05,2.5e-08,NA,"Alcohol","P1E5"
"286","cg15117681",0.00013987,2.51e-05,2.59e-08,NA,"Alcohol","P1E5"
"287","cg16290996",-0.000319806,5.75e-05,2.61e-08,NA,"Alcohol","P1E5"
"288","cg03339609",-0.000301051,5.41e-05,2.66e-08,NA,"Alcohol","P1E5"
"289","cg03617456",-9.87e-05,1.77e-05,2.68e-08,NA,"Alcohol","P1E5"
"290","cg05668853",-0.000200714,3.61e-05,2.68e-08,NA,"Alcohol","P1E5"
"291","cg10456541",-0.000190486,3.43e-05,2.69e-08,NA,"Alcohol","P1E5"
"292","cg07805604",-0.000144105,2.59e-05,2.72e-08,NA,"Alcohol","P1E5"
"293","cg21846790",-0.00013504,2.43e-05,2.78e-08,NA,"Alcohol","P1E5"
"294","cg09906145",-9.78e-05,1.76e-05,2.81e-08,NA,"Alcohol","P1E5"
"295","cg09577455",-0.000155485,2.8e-05,2.97e-08,NA,"Alcohol","P1E5"
"296","cg17378803",-0.00024546,4.43e-05,2.98e-08,NA,"Alcohol","P1E5"
"297","cg02314339",-0.000254186,4.59e-05,3.06e-08,NA,"Alcohol","P1E5"
"298","cg02282631",-0.000324862,5.87e-05,3.07e-08,NA,"Alcohol","P1E5"
"299","cg01378158",-0.000167519,3.03e-05,3.11e-08,NA,"Alcohol","P1E5"
"300","cg22052056",-0.000179502,3.25e-05,3.37e-08,NA,"Alcohol","P1E5"
"301","cg25197194",0.000299216,5.42e-05,3.38e-08,NA,"Alcohol","P1E5"
"302","cg00026553",-0.000154797,2.81e-05,3.43e-08,NA,"Alcohol","P1E5"
"303","cg06226150",-0.000141288,2.57e-05,3.79e-08,NA,"Alcohol","P1E5"
"304","cg19731612",-0.00062134,0.000112976,3.8e-08,NA,"Alcohol","P1E5"
"305","cg13077865",0.000173048,3.15e-05,3.87e-08,NA,"Alcohol","P1E5"
"306","cg03959515",-0.000106696,1.94e-05,3.9e-08,NA,"Alcohol","P1E5"
"307","cg03382805",0.000120359,2.19e-05,3.93e-08,NA,"Alcohol","P1E5"
"308","cg05991220",0.000217716,3.96e-05,3.98e-08,NA,"Alcohol","P1E5"
"309","cg05756780",-0.00014366,2.62e-05,3.98e-08,NA,"Alcohol","P1E5"
"310","cg10045354",-0.000219318,4e-05,4.27e-08,NA,"Alcohol","P1E5"
"311","cg05951221",-0.000605113,0.000110538,4.39e-08,NA,"Alcohol","P1E5"
"312","cg27491190",-0.000231754,4.23e-05,4.4e-08,NA,"Alcohol","P1E5"
"313","cg19202384",-0.000261545,4.78e-05,4.55e-08,NA,"Alcohol","P1E5"
"314","cg20188739",-0.000212576,3.89e-05,4.66e-08,NA,"Alcohol","P1E5"
"315","cg11405200",-0.000161143,2.95e-05,4.66e-08,NA,"Alcohol","P1E5"
"316","cg08297686",-0.000334244,6.12e-05,4.68e-08,NA,"Alcohol","P1E5"
"317","cg09175009",-0.000197238,3.62e-05,4.87e-08,NA,"Alcohol","P1E5"
"318","cg12699156",-0.000135542,2.48e-05,4.88e-08,NA,"Alcohol","P1E5"
"319","cg13539253",-7.35e-05,1.35e-05,5.08e-08,NA,"Alcohol","P1E5"
"320","cg08293528",-0.000143323,2.63e-05,5.17e-08,NA,"Alcohol","P1E5"
"321","cg04605617",-0.000259599,4.77e-05,5.19e-08,NA,"Alcohol","P1E5"
"322","cg11700584",-0.000273901,5.03e-05,5.3e-08,NA,"Alcohol","P1E5"
"323","cg09029902",-9.48e-05,1.74e-05,5.31e-08,NA,"Alcohol","P1E5"
"324","cg04661001",-0.000298416,5.49e-05,5.36e-08,NA,"Alcohol","P1E5"
"325","cg24711224",-0.000164883,3.03e-05,5.44e-08,NA,"Alcohol","P1E5"
"326","cg05129477",-0.00023488,4.32e-05,5.6e-08,NA,"Alcohol","P1E5"
"327","cg01487468",-0.000145833,2.69e-05,5.69e-08,NA,"Alcohol","P1E5"
"328","cg05359207",-5.5e-05,1.01e-05,5.69e-08,NA,"Alcohol","P1E5"
"329","cg16505233",-9.5e-05,1.75e-05,5.69e-08,NA,"Alcohol","P1E5"
"330","cg02343604",-0.000152012,2.8e-05,5.75e-08,NA,"Alcohol","P1E5"
"331","cg26405097",-0.000156887,2.89e-05,5.94e-08,NA,"Alcohol","P1E5"
"332","cg24570624",-0.000178699,3.3e-05,5.97e-08,NA,"Alcohol","P1E5"
"333","cg09646173",-0.000287911,5.32e-05,6.18e-08,NA,"Alcohol","P1E5"
"334","cg27020362",0.000194607,3.6e-05,6.26e-08,NA,"Alcohol","P1E5"
"335","cg06474661",-0.000128622,2.38e-05,6.38e-08,NA,"Alcohol","P1E5"
"336","cg24141382",-0.000150319,2.78e-05,6.43e-08,NA,"Alcohol","P1E5"
"337","cg02499214",-6.44e-05,1.19e-05,6.49e-08,NA,"Alcohol","P1E5"
"338","cg05751148",0.000134007,2.48e-05,6.5e-08,NA,"Alcohol","P1E5"
"339","cg08276755",-0.000159783,2.96e-05,6.54e-08,NA,"Alcohol","P1E5"
"340","cg11704631",-0.000321075,5.95e-05,6.7e-08,NA,"Alcohol","P1E5"
"341","cg06126421",-0.000286062,5.31e-05,6.99e-08,NA,"Alcohol","P1E5"
"342","cg07507418",-0.000193753,3.6e-05,7.15e-08,NA,"Alcohol","P1E5"
"343","cg16492851",0.000120033,2.23e-05,7.16e-08,NA,"Alcohol","P1E5"
"344","cg21201109",-0.000163329,3.03e-05,7.18e-08,NA,"Alcohol","P1E5"
"345","cg03877174",0.000131267,2.44e-05,7.3e-08,NA,"Alcohol","P1E5"
"346","cg00546117",-0.000207682,3.86e-05,7.33e-08,NA,"Alcohol","P1E5"
"347","cg21226442",-0.00023626,4.39e-05,7.37e-08,NA,"Alcohol","P1E5"
"348","cg20204986",-0.000178141,3.31e-05,7.5e-08,NA,"Alcohol","P1E5"
"349","cg03575969",-0.00016961,3.16e-05,7.87e-08,NA,"Alcohol","P1E5"
"350","cg23579062",-0.000141735,2.64e-05,7.97e-08,NA,"Alcohol","P1E5"
"351","cg19730982",9.62e-05,1.79e-05,8e-08,NA,"Alcohol","P1E5"
"352","cg07447742",-0.000216734,4.04e-05,8.12e-08,NA,"Alcohol","P1E5"
"353","cg17962756",-0.000403039,7.51e-05,8.18e-08,NA,"Alcohol","P1E5"
"354","cg24146100",-0.000229638,4.28e-05,8.25e-08,NA,"Alcohol","P1E5"
"355","cg01735398",-0.000227915,4.25e-05,8.36e-08,NA,"Alcohol","P1E5"
"356","cg07626482",-0.000335371,6.26e-05,8.39e-08,NA,"Alcohol","P1E5"
"357","cg02431260",-0.000438112,8.18e-05,8.42e-08,NA,"Alcohol","P1E5"
"358","cg01972009",-0.000190542,3.56e-05,8.47e-08,NA,"Alcohol","P1E5"
"359","cg05130679",-0.000190281,3.55e-05,8.57e-08,NA,"Alcohol","P1E5"
"360","cg21791017",-0.000191272,3.57e-05,8.69e-08,NA,"Alcohol","P1E5"
"361","cg14391586",-0.000187694,3.51e-05,8.81e-08,NA,"Alcohol","P1E5"
"362","cg09535960",0.000171727,3.21e-05,8.85e-08,NA,"Alcohol","P1E5"
"363","cg14051147",-0.000129371,2.42e-05,8.95e-08,NA,"Alcohol","P1E5"
"364","cg06799321",-0.000220922,4.13e-05,9.02e-08,NA,"Alcohol","P1E5"
"365","cg05356319",-0.000359577,6.73e-05,9.08e-08,NA,"Alcohol","P1E5"
"366","cg19030682",0.000178458,3.34e-05,9.22e-08,NA,"Alcohol","P1E5"
"367","cg03450635",-0.000225637,4.23e-05,9.44e-08,NA,"Alcohol","P1E5"
"368","cg22451412",0.000110606,2.07e-05,9.73e-08,NA,"Alcohol","P1E5"
"369","cg00313914",-0.000446595,8.38e-05,9.89e-08,NA,"Alcohol","P1E5"
"370","cg18763536",-0.000262462,4.93e-05,9.94e-08,NA,"Alcohol","P1E5"
"371","cg20359445",-0.000114991,2.16e-05,1.01e-07,NA,"Alcohol","P1E5"
"372","cg17478203",-0.000225473,4.24e-05,1.03e-07,NA,"Alcohol","P1E5"
"373","cg03781224",0.000149904,2.82e-05,1.03e-07,NA,"Alcohol","P1E5"
"374","cg08706907",-0.00010797,2.03e-05,1.03e-07,NA,"Alcohol","P1E5"
"375","cg06414073",-0.000126968,2.39e-05,1.04e-07,NA,"Alcohol","P1E5"
"376","cg16723994",-0.000139695,2.63e-05,1.05e-07,NA,"Alcohol","P1E5"
"377","cg16585234",-0.000193188,3.63e-05,1.06e-07,NA,"Alcohol","P1E5"
"378","cg24936980",-0.000177972,3.35e-05,1.06e-07,NA,"Alcohol","P1E5"
"379","cg04745384",-0.000188027,3.54e-05,1.06e-07,NA,"Alcohol","P1E5"
"380","cg24166814",-0.000130323,2.45e-05,1.06e-07,NA,"Alcohol","P1E5"
"381","cg09817016",-0.00025396,4.78e-05,1.07e-07,NA,"Alcohol","P1E5"
"382","cg09983216",-0.00033466,6.3e-05,1.1e-07,NA,"Alcohol","P1E5"
"383","cg25109663",-0.000154004,2.9e-05,1.13e-07,NA,"Alcohol","P1E5"
"384","cg22143387",0.000129927,2.45e-05,1.15e-07,NA,"Alcohol","P1E5"
"385","cg00764612",-0.000146688,2.77e-05,1.2e-07,NA,"Alcohol","P1E5"
"386","cg21975834",-0.000209226,3.96e-05,1.24e-07,NA,"Alcohol","P1E5"
"387","cg11869049",-0.000187659,3.55e-05,1.24e-07,NA,"Alcohol","P1E5"
"388","cg20305005",0.000217652,4.12e-05,1.24e-07,NA,"Alcohol","P1E5"
"389","cg16179607",-0.000147274,2.79e-05,1.25e-07,NA,"Alcohol","P1E5"
"390","cg13816423",-0.000317232,6.01e-05,1.31e-07,NA,"Alcohol","P1E5"
"391","cg20025238",-0.000141605,2.68e-05,1.33e-07,NA,"Alcohol","P1E5"
"392","cg13910681",-0.000155856,2.96e-05,1.35e-07,NA,"Alcohol","P1E5"
"393","cg10010533",-0.00018114,3.44e-05,1.35e-07,NA,"Alcohol","P1E5"
"394","cg19459094",-0.000104291,1.98e-05,1.38e-07,NA,"Alcohol","P1E5"
"395","cg11740570",-0.000105515,2e-05,1.38e-07,NA,"Alcohol","P1E5"
"396","cg00944304",-0.000190646,3.62e-05,1.39e-07,NA,"Alcohol","P1E5"
"397","cg12600749",0.000262563,4.99e-05,1.39e-07,NA,"Alcohol","P1E5"
"398","cg21194066",-0.000119981,2.28e-05,1.41e-07,NA,"Alcohol","P1E5"
"399","cg26983304",0.000134403,2.56e-05,1.46e-07,NA,"Alcohol","P1E5"
"400","cg11594821",-0.000182322,3.47e-05,1.47e-07,NA,"Alcohol","P1E5"
"401","cg07621224",-0.000242777,4.62e-05,1.47e-07,NA,"Alcohol","P1E5"
"402","cg18216249",-0.00019599,3.73e-05,1.51e-07,NA,"Alcohol","P1E5"
"403","cg10143507",-0.000352764,6.72e-05,1.52e-07,NA,"Alcohol","P1E5"
"404","cg08463932",-0.000104224,1.99e-05,1.53e-07,NA,"Alcohol","P1E5"
"405","cg21733098",-0.000376779,7.18e-05,1.54e-07,NA,"Alcohol","P1E5"
"406","cg17953300",0.00011855,2.26e-05,1.56e-07,NA,"Alcohol","P1E5"
"407","cg24198941",-0.00015148,2.89e-05,1.57e-07,NA,"Alcohol","P1E5"
"408","cg16269733",-0.000231624,4.42e-05,1.62e-07,NA,"Alcohol","P1E5"
"409","cg01209023",-0.00016117,3.08e-05,1.62e-07,NA,"Alcohol","P1E5"
"410","cg19411699",-0.000118707,2.27e-05,1.71e-07,NA,"Alcohol","P1E5"
"411","cg05845765",0.000131923,2.52e-05,1.72e-07,NA,"Alcohol","P1E5"
"412","cg25065097",-0.00020239,3.87e-05,1.73e-07,NA,"Alcohol","P1E5"
"413","cg20493718",0.000164655,3.15e-05,1.73e-07,NA,"Alcohol","P1E5"
"414","cg11127915",-0.000490542,9.4e-05,1.78e-07,NA,"Alcohol","P1E5"
"415","cg04682977",0.00012726,2.44e-05,1.8e-07,NA,"Alcohol","P1E5"
"416","cg03614916",-0.000212288,4.07e-05,1.81e-07,NA,"Alcohol","P1E5"
"417","cg04367503",-0.000590205,0.000113116,1.81e-07,NA,"Alcohol","P1E5"
"418","cg27460040",-0.000215394,4.13e-05,1.81e-07,NA,"Alcohol","P1E5"
"419","cg19169154",-0.000108354,2.08e-05,1.84e-07,NA,"Alcohol","P1E5"
"420","cg05303280",-0.000232339,4.46e-05,1.86e-07,NA,"Alcohol","P1E5"
"421","cg14920846",-0.000375848,7.21e-05,1.87e-07,NA,"Alcohol","P1E5"
"422","cg08170227",-0.000265347,5.09e-05,1.88e-07,NA,"Alcohol","P1E5"
"423","cg03996539",-0.000150211,2.88e-05,1.9e-07,NA,"Alcohol","P1E5"
"424","cg26614073",-0.000179772,3.45e-05,1.91e-07,NA,"Alcohol","P1E5"
"425","cg04843111",-0.00014864,2.85e-05,1.91e-07,NA,"Alcohol","P1E5"
"426","cg10502957",-0.000127794,2.45e-05,1.92e-07,NA,"Alcohol","P1E5"
"427","cg23983208",-0.000163774,3.15e-05,1.92e-07,NA,"Alcohol","P1E5"
"428","cg19087971",-0.00019678,3.78e-05,1.93e-07,NA,"Alcohol","P1E5"
"429","cg05249479",-7.11e-05,1.37e-05,1.93e-07,NA,"Alcohol","P1E5"
"430","cg07763231",-0.000163523,3.14e-05,1.95e-07,NA,"Alcohol","P1E5"
"431","cg01882991",-0.000244862,4.71e-05,1.96e-07,NA,"Alcohol","P1E5"
"432","cg11701312",-0.000152018,2.92e-05,1.99e-07,NA,"Alcohol","P1E5"
"433","cg27305510",-0.000151269,2.91e-05,2.02e-07,NA,"Alcohol","P1E5"
"434","cg02968508",-0.000114003,2.19e-05,2.03e-07,NA,"Alcohol","P1E5"
"435","cg04220047",-0.000209039,4.02e-05,2.06e-07,NA,"Alcohol","P1E5"
"436","cg20759281",-0.000194097,3.74e-05,2.12e-07,NA,"Alcohol","P1E5"
"437","cg14826797",-0.000167272,3.23e-05,2.16e-07,NA,"Alcohol","P1E5"
"438","cg04993130",-0.000186834,3.6e-05,2.16e-07,NA,"Alcohol","P1E5"
"439","cg03928546",-0.000175559,3.39e-05,2.2e-07,NA,"Alcohol","P1E5"
"440","cg02225847",-0.000129516,2.5e-05,2.21e-07,NA,"Alcohol","P1E5"
"441","cg09981830",-0.000197694,3.82e-05,2.22e-07,NA,"Alcohol","P1E5"
"442","cg11613559",-0.000393292,7.6e-05,2.24e-07,NA,"Alcohol","P1E5"
"443","cg01328473",-0.000244866,4.73e-05,2.24e-07,NA,"Alcohol","P1E5"
"444","cg26167841",-0.000200823,3.88e-05,2.33e-07,NA,"Alcohol","P1E5"
"445","cg14741228",-0.000202208,3.91e-05,2.33e-07,NA,"Alcohol","P1E5"
"446","cg15863539",7.55e-05,1.46e-05,2.34e-07,NA,"Alcohol","P1E5"
"447","cg15802323",-0.000115433,2.23e-05,2.4e-07,NA,"Alcohol","P1E5"
"448","cg05205842",-0.000232209,4.5e-05,2.41e-07,NA,"Alcohol","P1E5"
"449","cg06874016",-0.000134207,2.6e-05,2.51e-07,NA,"Alcohol","P1E5"
"450","cg02212339",9.76e-05,1.89e-05,2.56e-07,NA,"Alcohol","P1E5"
"451","cg04994761",-0.000142989,2.77e-05,2.56e-07,NA,"Alcohol","P1E5"
"452","cg19370689",-0.000138852,2.7e-05,2.65e-07,NA,"Alcohol","P1E5"
"453","cg10850792",0.00012156,2.36e-05,2.67e-07,NA,"Alcohol","P1E5"
"454","cg05551003",-0.00015726,3.06e-05,2.75e-07,NA,"Alcohol","P1E5"
"455","cg13238479",-0.000242315,4.72e-05,2.79e-07,NA,"Alcohol","P1E5"
"456","cg07856667",-0.000265283,5.17e-05,2.84e-07,NA,"Alcohol","P1E5"
"457","cg09879794",-0.000180716,3.52e-05,2.88e-07,NA,"Alcohol","P1E5"
"458","cg03704673",-0.000364365,7.1e-05,2.89e-07,NA,"Alcohol","P1E5"
"459","cg16260349",-0.000284625,5.55e-05,2.95e-07,NA,"Alcohol","P1E5"
"460","cg06826457",-0.000273926,5.34e-05,2.96e-07,NA,"Alcohol","P1E5"
"461","cg03584056",-0.000109325,2.13e-05,2.98e-07,NA,"Alcohol","P1E5"
"462","cg27653384",0.000163466,3.19e-05,3e-07,NA,"Alcohol","P1E5"
"463","cg05143694",-0.000208319,4.07e-05,3.02e-07,NA,"Alcohol","P1E5"
"464","cg11152412",6.64e-05,1.3e-05,3.04e-07,NA,"Alcohol","P1E5"
"465","cg05417607",8.77e-05,1.71e-05,3.06e-07,NA,"Alcohol","P1E5"
"466","cg13981001",-0.000183565,3.59e-05,3.06e-07,NA,"Alcohol","P1E5"
"467","cg01941278",-0.000104375,2.04e-05,3.06e-07,NA,"Alcohol","P1E5"
"468","cg00944421",-0.000506032,9.89e-05,3.15e-07,NA,"Alcohol","P1E5"
"469","cg00422488",-0.000193042,3.78e-05,3.18e-07,NA,"Alcohol","P1E5"
"470","cg27241845",-0.000367193,7.19e-05,3.25e-07,NA,"Alcohol","P1E5"
"471","cg10189135",-0.0001211,2.37e-05,3.26e-07,NA,"Alcohol","P1E5"
"472","cg00504285",0.000118048,2.31e-05,3.31e-07,NA,"Alcohol","P1E5"
"473","cg13724812",-0.000334292,6.55e-05,3.31e-07,NA,"Alcohol","P1E5"
"474","cg23051123",-0.000114708,2.25e-05,3.32e-07,NA,"Alcohol","P1E5"
"475","cg15667493",-0.000141532,2.77e-05,3.35e-07,NA,"Alcohol","P1E5"
"476","cg00022101",-0.000132702,2.6e-05,3.36e-07,NA,"Alcohol","P1E5"
"477","cg12582959",-0.000162877,3.19e-05,3.42e-07,NA,"Alcohol","P1E5"
"478","cg20822990",-0.000182547,3.58e-05,3.44e-07,NA,"Alcohol","P1E5"
"479","cg20033981",-0.000228684,4.49e-05,3.45e-07,NA,"Alcohol","P1E5"
"480","cg00505001",-0.000149891,2.94e-05,3.49e-07,NA,"Alcohol","P1E5"
"481","cg20792833",0.00015098,2.96e-05,3.5e-07,NA,"Alcohol","P1E5"
"482","cg20666585",0.000100283,1.97e-05,3.58e-07,NA,"Alcohol","P1E5"
"483","cg09871637",-0.000174065,3.42e-05,3.58e-07,NA,"Alcohol","P1E5"
"484","cg04078118",-0.0001328,2.61e-05,3.6e-07,NA,"Alcohol","P1E5"
"485","cg17877600",-0.000149736,2.94e-05,3.61e-07,NA,"Alcohol","P1E5"
"486","cg27537628",-0.000139658,2.74e-05,3.62e-07,NA,"Alcohol","P1E5"
"487","cg18034719",9.32e-05,1.83e-05,3.71e-07,NA,"Alcohol","P1E5"
"488","cg24002003",0.000213066,4.2e-05,3.8e-07,NA,"Alcohol","P1E5"
"489","cg27590407",-0.000133134,2.62e-05,3.81e-07,NA,"Alcohol","P1E5"
"490","cg11136562",-0.000129915,2.56e-05,3.96e-07,NA,"Alcohol","P1E5"
"491","cg20802255",-7.96e-05,1.57e-05,4e-07,NA,"Alcohol","P1E5"
"492","cg05437692",-0.000159471,3.15e-05,4.04e-07,NA,"Alcohol","P1E5"
"493","cg27395200",-0.000217506,4.29e-05,4.05e-07,NA,"Alcohol","P1E5"
"494","cg11903133",-0.00012142,2.4e-05,4.1e-07,NA,"Alcohol","P1E5"
"495","cg26572811",-0.000201464,3.98e-05,4.11e-07,NA,"Alcohol","P1E5"
"496","cg14781394",-0.000224547,4.44e-05,4.13e-07,NA,"Alcohol","P1E5"
"497","cg04577162",-0.000192661,3.81e-05,4.15e-07,NA,"Alcohol","P1E5"
"498","cg16926809",-0.000169593,3.35e-05,4.18e-07,NA,"Alcohol","P1E5"
"499","cg23273809",-0.00012275,2.43e-05,4.38e-07,NA,"Alcohol","P1E5"
"500","cg18404652",-0.000136472,2.7e-05,4.49e-07,NA,"Alcohol","P1E5"
"501","cg14458815",-0.000131124,2.6e-05,4.51e-07,NA,"Alcohol","P1E5"
"502","cg23831876",-0.000189165,3.75e-05,4.68e-07,NA,"Alcohol","P1E5"
"503","cg03912703",-0.00020059,3.98e-05,4.68e-07,NA,"Alcohol","P1E5"
"504","cg12649208",9.42e-05,1.87e-05,4.68e-07,NA,"Alcohol","P1E5"
"505","cg19862899",-0.000168648,3.35e-05,4.69e-07,NA,"Alcohol","P1E5"
"506","cg03725309",-0.000234124,4.65e-05,4.7e-07,NA,"Alcohol","P1E5"
"507","cg05208396",-0.000115932,2.3e-05,4.75e-07,NA,"Alcohol","P1E5"
"508","cg20338754",-0.00020509,4.07e-05,4.76e-07,NA,"Alcohol","P1E5"
"509","cg11255208",-0.00012817,2.55e-05,4.92e-07,NA,"Alcohol","P1E5"
"510","cg20388732",-5.45e-05,1.08e-05,5.06e-07,NA,"Alcohol","P1E5"
"511","cg27140633",-0.000104188,2.07e-05,5.07e-07,NA,"Alcohol","P1E5"
"512","cg04850999",-0.000269722,5.37e-05,5.14e-07,NA,"Alcohol","P1E5"
"513","cg17493885",-0.000594531,0.000118551,5.3e-07,NA,"Alcohol","P1E5"
"514","cg07015886",-0.000148847,2.97e-05,5.36e-07,NA,"Alcohol","P1E5"
"515","cg19757176",-0.000233719,4.66e-05,5.42e-07,NA,"Alcohol","P1E5"
"516","cg19909036",-0.000208726,4.17e-05,5.46e-07,NA,"Alcohol","P1E5"
"517","cg00451635",-0.000129142,2.58e-05,5.46e-07,NA,"Alcohol","P1E5"
"518","cg17953385",-0.000112501,2.25e-05,5.49e-07,NA,"Alcohol","P1E5"
"519","cg27168573",-0.000145201,2.9e-05,5.6e-07,NA,"Alcohol","P1E5"
"520","cg14514120",-0.000121499,2.43e-05,5.65e-07,NA,"Alcohol","P1E5"
"521","cg09999582",-0.000121728,2.43e-05,5.74e-07,NA,"Alcohol","P1E5"
"522","cg11307565",-0.000103273,2.07e-05,5.75e-07,NA,"Alcohol","P1E5"
"523","cg22851200",-0.000215951,4.32e-05,5.84e-07,NA,"Alcohol","P1E5"
"524","cg10242763",-0.000117842,2.36e-05,5.86e-07,NA,"Alcohol","P1E5"
"525","cg07714319",-0.000306914,6.14e-05,5.86e-07,NA,"Alcohol","P1E5"
"526","cg03013276",-0.000196633,3.94e-05,5.86e-07,NA,"Alcohol","P1E5"
"527","cg05142617",-0.000130602,2.62e-05,5.93e-07,NA,"Alcohol","P1E5"
"528","cg00937359",-0.000139841,2.8e-05,5.95e-07,NA,"Alcohol","P1E5"
"529","cg14170999",-0.000368153,7.37e-05,5.96e-07,NA,"Alcohol","P1E5"
"530","cg10665891",0.000260037,5.21e-05,5.97e-07,NA,"Alcohol","P1E5"
"531","cg21566642",-0.000640828,0.000128433,6.05e-07,NA,"Alcohol","P1E5"
"532","cg14236443",-0.000136095,2.73e-05,6.1e-07,NA,"Alcohol","P1E5"
"533","cg00213142",0.000142184,2.85e-05,6.12e-07,NA,"Alcohol","P1E5"
"534","cg05575921",-0.0005272,0.000105721,6.14e-07,NA,"Alcohol","P1E5"
"535","cg19674091",-0.000228019,4.57e-05,6.17e-07,NA,"Alcohol","P1E5"
"536","cg18660898",-0.000139912,2.81e-05,6.24e-07,NA,"Alcohol","P1E5"
"537","cg19595760",-0.000137383,2.76e-05,6.45e-07,NA,"Alcohol","P1E5"
"538","cg02375166",-0.00024173,4.86e-05,6.5e-07,NA,"Alcohol","P1E5"
"539","cg04065086",-0.000213057,4.28e-05,6.6e-07,NA,"Alcohol","P1E5"
"540","cg25243766",-0.000163558,3.29e-05,6.64e-07,NA,"Alcohol","P1E5"
"541","cg09308580",-0.000174315,3.51e-05,6.66e-07,NA,"Alcohol","P1E5"
"542","cg20303561",-0.000201889,4.06e-05,6.67e-07,NA,"Alcohol","P1E5"
"543","cg14369329",-0.000156994,3.16e-05,6.72e-07,NA,"Alcohol","P1E5"
"544","cg05974580",-0.000167731,3.38e-05,6.77e-07,NA,"Alcohol","P1E5"
"545","cg17105139",-0.000274545,5.53e-05,6.79e-07,NA,"Alcohol","P1E5"
"546","cg25013303",-9.11e-05,1.84e-05,6.82e-07,NA,"Alcohol","P1E5"
"547","cg06010163",-0.000231072,4.65e-05,6.82e-07,NA,"Alcohol","P1E5"
"548","cg24603113",-0.000138495,2.79e-05,6.89e-07,NA,"Alcohol","P1E5"
"549","cg17425590",0.000143108,2.88e-05,6.9e-07,NA,"Alcohol","P1E5"
"550","cg12194745",-0.000160372,3.23e-05,6.91e-07,NA,"Alcohol","P1E5"
"551","cg26850469",-0.000144029,2.9e-05,6.97e-07,NA,"Alcohol","P1E5"
"552","cg07515565",-0.000197576,3.98e-05,7.08e-07,NA,"Alcohol","P1E5"
"553","cg16882373",-0.000167324,3.37e-05,7.08e-07,NA,"Alcohol","P1E5"
"554","cg17930194",-0.000379958,7.66e-05,7.09e-07,NA,"Alcohol","P1E5"
"555","cg19808047",0.000115867,2.34e-05,7.11e-07,NA,"Alcohol","P1E5"
"556","cg23233742",-0.000153533,3.1e-05,7.12e-07,NA,"Alcohol","P1E5"
"557","cg01614597",-3.91e-05,7.88e-06,7.15e-07,NA,"Alcohol","P1E5"
"558","cg05242244",-0.000190102,3.84e-05,7.17e-07,NA,"Alcohol","P1E5"
"559","cg14557185",-0.000305302,6.16e-05,7.33e-07,NA,"Alcohol","P1E5"
"560","cg00451105",-0.000157381,3.18e-05,7.39e-07,NA,"Alcohol","P1E5"
"561","cg22407942",-0.000273697,5.53e-05,7.42e-07,NA,"Alcohol","P1E5"
"562","cg26841068",-0.00029178,5.9e-05,7.45e-07,NA,"Alcohol","P1E5"
"563","cg20732160",-0.000200227,4.05e-05,7.48e-07,NA,"Alcohol","P1E5"
"564","cg18057618",-9.78e-05,1.98e-05,7.53e-07,NA,"Alcohol","P1E5"
"565","cg25112191",-0.000128349,2.59e-05,7.56e-07,NA,"Alcohol","P1E5"
"566","cg01084740",-0.000235477,4.76e-05,7.65e-07,NA,"Alcohol","P1E5"
"567","cg13985437",-0.000147614,2.99e-05,7.66e-07,NA,"Alcohol","P1E5"
"568","cg13522406",-0.00016957,3.43e-05,7.68e-07,NA,"Alcohol","P1E5"
"569","cg06346505",-0.000156832,3.17e-05,7.7e-07,NA,"Alcohol","P1E5"
"570","cg06808571",-0.000129377,2.62e-05,7.73e-07,NA,"Alcohol","P1E5"
"571","cg01076874",-0.00014012,2.84e-05,7.79e-07,NA,"Alcohol","P1E5"
"572","cg24332710",-0.000280198,5.68e-05,8.02e-07,NA,"Alcohol","P1E5"
"573","cg14438453",-0.00018658,3.78e-05,8.04e-07,NA,"Alcohol","P1E5"
"574","cg03014934",-0.000285352,5.79e-05,8.23e-07,NA,"Alcohol","P1E5"
"575","cg16141056",-0.000140352,2.85e-05,8.25e-07,NA,"Alcohol","P1E5"
"576","cg25537245",-6.81e-05,1.38e-05,8.28e-07,NA,"Alcohol","P1E5"
"577","cg18569661",-0.000120109,2.44e-05,8.31e-07,NA,"Alcohol","P1E5"
"578","cg20294304",-0.000284773,5.78e-05,8.35e-07,NA,"Alcohol","P1E5"
"579","cg15022400",-0.000161068,3.27e-05,8.39e-07,NA,"Alcohol","P1E5"
"580","cg14473904",-9.16e-05,1.86e-05,8.46e-07,NA,"Alcohol","P1E5"
"581","cg18241337",-0.000205464,4.17e-05,8.55e-07,NA,"Alcohol","P1E5"
"582","cg08956463",-0.000128831,2.62e-05,8.57e-07,NA,"Alcohol","P1E5"
"583","cg12072028",-0.000300476,6.11e-05,8.64e-07,NA,"Alcohol","P1E5"
"584","cg17501906",-0.000118849,2.42e-05,8.72e-07,NA,"Alcohol","P1E5"
"585","cg18933331",-0.000182348,3.71e-05,8.85e-07,NA,"Alcohol","P1E5"
"586","cg12499872",-0.000204056,4.15e-05,8.85e-07,NA,"Alcohol","P1E5"
"587","cg08301612",-0.000288083,5.86e-05,8.92e-07,NA,"Alcohol","P1E5"
"588","cg11351527",8.69e-05,1.77e-05,8.99e-07,NA,"Alcohol","P1E5"
"589","cg10148764",-0.00013748,2.8e-05,9.03e-07,NA,"Alcohol","P1E5"
"590","cg03668103",-0.000151629,3.09e-05,9.07e-07,NA,"Alcohol","P1E5"
"591","cg00303210",-0.000174138,3.55e-05,9.09e-07,NA,"Alcohol","P1E5"
"592","cg05997793",-0.000149703,3.05e-05,9.22e-07,NA,"Alcohol","P1E5"
"593","cg10416593",-0.000270416,5.51e-05,9.3e-07,NA,"Alcohol","P1E5"
"594","cg22512830",-0.000163687,3.34e-05,9.31e-07,NA,"Alcohol","P1E5"
"595","cg05110943",-0.000215854,4.4e-05,9.35e-07,NA,"Alcohol","P1E5"
"596","cg01381586",-0.000128778,2.63e-05,9.46e-07,NA,"Alcohol","P1E5"
"597","cg17598574",-0.000143228,2.92e-05,9.49e-07,NA,"Alcohol","P1E5"
"598","cg12105190",-0.000165051,3.37e-05,9.63e-07,NA,"Alcohol","P1E5"
"599","cg17055207",7.14e-05,1.46e-05,9.64e-07,NA,"Alcohol","P1E5"
"600","cg08498833",-0.000110654,2.26e-05,9.75e-07,NA,"Alcohol","P1E5"
"601","cg00252472",-0.000406093,8.29e-05,9.8e-07,NA,"Alcohol","P1E5"
"602","cg02744588",-0.000163493,3.34e-05,9.81e-07,NA,"Alcohol","P1E5"
"603","cg07529392",-0.000296151,6.05e-05,9.84e-07,NA,"Alcohol","P1E5"
"604","cg10784813",-0.00020208,4.13e-05,1.01e-06,NA,"Alcohol","P1E5"
"605","cg14186846",-0.000181571,3.71e-05,1.02e-06,NA,"Alcohol","P1E5"
"606","cg16054275",-0.000149085,3.05e-05,1.03e-06,NA,"Alcohol","P1E5"
"607","cg08595501",-0.000189272,3.87e-05,1.03e-06,NA,"Alcohol","P1E5"
"608","cg06812840",-0.000117917,2.41e-05,1.03e-06,NA,"Alcohol","P1E5"
"609","cg13389508",-8.51e-05,1.74e-05,1.05e-06,NA,"Alcohol","P1E5"
"610","cg07313882",-0.000159385,3.27e-05,1.06e-06,NA,"Alcohol","P1E5"
"611","cg07750741",-0.000114528,2.35e-05,1.06e-06,NA,"Alcohol","P1E5"
"612","cg02722214",-0.000334003,6.85e-05,1.08e-06,NA,"Alcohol","P1E5"
"613","cg00486113",-0.00011475,2.35e-05,1.08e-06,NA,"Alcohol","P1E5"
"614","cg09358973",-0.000308207,6.32e-05,1.09e-06,NA,"Alcohol","P1E5"
"615","cg19041419",-0.000133469,2.74e-05,1.1e-06,NA,"Alcohol","P1E5"
"616","cg22012583",-0.000244604,5.02e-05,1.1e-06,NA,"Alcohol","P1E5"
"617","cg08314457",-0.000202735,4.16e-05,1.11e-06,NA,"Alcohol","P1E5"
"618","cg03356172",-0.000184825,3.79e-05,1.11e-06,NA,"Alcohol","P1E5"
"619","cg10673740",-0.000164031,3.37e-05,1.13e-06,NA,"Alcohol","P1E5"
"620","cg22040301",-0.000186559,3.83e-05,1.13e-06,NA,"Alcohol","P1E5"
"621","cg12846139",-0.00010177,2.09e-05,1.14e-06,NA,"Alcohol","P1E5"
"622","cg22127848",-0.000174115,3.58e-05,1.14e-06,NA,"Alcohol","P1E5"
"623","cg08042135",-0.000121622,2.5e-05,1.14e-06,NA,"Alcohol","P1E5"
"624","cg24280832",-0.000244958,5.04e-05,1.15e-06,NA,"Alcohol","P1E5"
"625","cg09837977",-0.000102579,2.11e-05,1.15e-06,NA,"Alcohol","P1E5"
"626","cg05085169",0.000246536,5.07e-05,1.15e-06,NA,"Alcohol","P1E5"
"627","cg12817436",-8.71e-05,1.79e-05,1.17e-06,NA,"Alcohol","P1E5"
"628","cg12303084",-0.000182268,3.75e-05,1.18e-06,NA,"Alcohol","P1E5"
"629","cg26910511",-0.000313961,6.46e-05,1.18e-06,NA,"Alcohol","P1E5"
"630","cg03760191",-0.000103439,2.13e-05,1.18e-06,NA,"Alcohol","P1E5"
"631","cg18222865",-0.000127285,2.62e-05,1.2e-06,NA,"Alcohol","P1E5"
"632","cg20051772",-0.000148392,3.06e-05,1.22e-06,NA,"Alcohol","P1E5"
"633","cg19704902",-0.000178627,3.68e-05,1.22e-06,NA,"Alcohol","P1E5"
"634","cg25719851",-0.000131652,2.71e-05,1.22e-06,NA,"Alcohol","P1E5"
"635","cg13976502",-0.000161944,3.34e-05,1.22e-06,NA,"Alcohol","P1E5"
"636","cg13791719",-0.000124451,2.57e-05,1.23e-06,NA,"Alcohol","P1E5"
"637","cg11927233",-0.000281792,5.81e-05,1.24e-06,NA,"Alcohol","P1E5"
"638","cg19416570",-0.000182635,3.77e-05,1.25e-06,NA,"Alcohol","P1E5"
"639","cg16057915",0.000147197,3.04e-05,1.28e-06,NA,"Alcohol","P1E5"
"640","cg22270027",-0.000216052,4.46e-05,1.28e-06,NA,"Alcohol","P1E5"
"641","cg14081226",-0.00016464,3.4e-05,1.29e-06,NA,"Alcohol","P1E5"
"642","cg05414903",0.000123536,2.55e-05,1.29e-06,NA,"Alcohol","P1E5"
"643","cg15765380",-0.000183214,3.78e-05,1.29e-06,NA,"Alcohol","P1E5"
"644","cg26477856",-0.000179492,3.71e-05,1.3e-06,NA,"Alcohol","P1E5"
"645","cg04635642",-0.000167304,3.46e-05,1.31e-06,NA,"Alcohol","P1E5"
"646","cg07044859",-0.000402973,8.33e-05,1.33e-06,NA,"Alcohol","P1E5"
"647","cg24851859",-0.000162974,3.37e-05,1.34e-06,NA,"Alcohol","P1E5"
"648","cg06846976",0.000115664,2.39e-05,1.35e-06,NA,"Alcohol","P1E5"
"649","cg03457142",-0.00028855,5.97e-05,1.35e-06,NA,"Alcohol","P1E5"
"650","cg00314029",-0.000132709,2.75e-05,1.36e-06,NA,"Alcohol","P1E5"
"651","cg16875104",-0.000432438,8.95e-05,1.36e-06,NA,"Alcohol","P1E5"
"652","cg09190408",-0.000137694,2.85e-05,1.36e-06,NA,"Alcohol","P1E5"
"653","cg04270401",-0.000302558,6.26e-05,1.37e-06,NA,"Alcohol","P1E5"
"654","cg26819718",-0.000247626,5.13e-05,1.37e-06,NA,"Alcohol","P1E5"
"655","cg18520125",-0.000204189,4.23e-05,1.38e-06,NA,"Alcohol","P1E5"
"656","cg09520857",-0.000188218,3.9e-05,1.39e-06,NA,"Alcohol","P1E5"
"657","cg01130010",0.000174847,3.62e-05,1.4e-06,NA,"Alcohol","P1E5"
"658","cg15379400",-0.00013188,2.73e-05,1.4e-06,NA,"Alcohol","P1E5"
"659","cg06522681",-0.000144166,2.99e-05,1.41e-06,NA,"Alcohol","P1E5"
"660","cg09474017",-0.000192708,4e-05,1.42e-06,NA,"Alcohol","P1E5"
"661","cg16429505",-6.84e-05,1.42e-05,1.42e-06,NA,"Alcohol","P1E5"
"662","cg14794041",-0.000182051,3.78e-05,1.43e-06,NA,"Alcohol","P1E5"
"663","cg13895343",-0.000260157,5.4e-05,1.43e-06,NA,"Alcohol","P1E5"
"664","cg16158779",-0.000131442,2.73e-05,1.43e-06,NA,"Alcohol","P1E5"
"665","cg23202985",-9.65e-05,2e-05,1.45e-06,NA,"Alcohol","P1E5"
"666","cg24496614",-8.77e-05,1.82e-05,1.46e-06,NA,"Alcohol","P1E5"
"667","cg18208742",-8.34e-05,1.73e-05,1.47e-06,NA,"Alcohol","P1E5"
"668","cg14142087",0.000193523,4.02e-05,1.47e-06,NA,"Alcohol","P1E5"
"669","cg19497511",-0.000166939,3.47e-05,1.47e-06,NA,"Alcohol","P1E5"
"670","cg21387752",-0.000127869,2.66e-05,1.48e-06,NA,"Alcohol","P1E5"
"671","cg25899154",-0.000171526,3.56e-05,1.49e-06,NA,"Alcohol","P1E5"
"672","cg15629311",9.29e-05,1.93e-05,1.5e-06,NA,"Alcohol","P1E5"
"673","cg26480889",-0.000321838,6.69e-05,1.5e-06,NA,"Alcohol","P1E5"
"674","cg16776035",0.000156174,3.25e-05,1.5e-06,NA,"Alcohol","P1E5"
"675","cg15144888",-7.65e-05,1.59e-05,1.51e-06,NA,"Alcohol","P1E5"
"676","cg11237406",-0.000266211,5.54e-05,1.51e-06,NA,"Alcohol","P1E5"
"677","cg06940168",-0.00024637,5.12e-05,1.52e-06,NA,"Alcohol","P1E5"
"678","cg22806934",-0.000123881,2.58e-05,1.52e-06,NA,"Alcohol","P1E5"
"679","cg07795325",-0.000139825,2.91e-05,1.52e-06,NA,"Alcohol","P1E5"
"680","cg01432120",-0.000293087,6.1e-05,1.53e-06,NA,"Alcohol","P1E5"
"681","cg22894517",-0.000124629,2.59e-05,1.55e-06,NA,"Alcohol","P1E5"
"682","cg20065005",-0.000191506,3.99e-05,1.56e-06,NA,"Alcohol","P1E5"
"683","cg02525756",-0.000106508,2.22e-05,1.56e-06,NA,"Alcohol","P1E5"
"684","cg22417733",-0.00034819,7.25e-05,1.56e-06,NA,"Alcohol","P1E5"
"685","cg11147193",-0.000242125,5.04e-05,1.57e-06,NA,"Alcohol","P1E5"
"686","cg08979352",-0.000291393,6.07e-05,1.57e-06,NA,"Alcohol","P1E5"
"687","cg05792169",8.15e-05,1.7e-05,1.57e-06,NA,"Alcohol","P1E5"
"688","cg18551531",0.000100046,2.08e-05,1.58e-06,NA,"Alcohol","P1E5"
"689","cg05720226",-0.000155148,3.23e-05,1.58e-06,NA,"Alcohol","P1E5"
"690","cg27507372",-0.000133122,2.77e-05,1.59e-06,NA,"Alcohol","P1E5"
"691","cg23372723",-8.48e-05,1.77e-05,1.61e-06,NA,"Alcohol","P1E5"
"692","cg06398251",-0.000137747,2.87e-05,1.61e-06,NA,"Alcohol","P1E5"
"693","cg08106066",-0.000134201,2.8e-05,1.63e-06,NA,"Alcohol","P1E5"
"694","cg25961567",-0.000156168,3.26e-05,1.63e-06,NA,"Alcohol","P1E5"
"695","cg26531804",-0.000157695,3.29e-05,1.63e-06,NA,"Alcohol","P1E5"
"696","cg22334880",-6.8e-05,1.42e-05,1.64e-06,NA,"Alcohol","P1E5"
"697","cg03331229",-0.000228484,4.77e-05,1.64e-06,NA,"Alcohol","P1E5"
"698","cg05670953",-0.000126529,2.64e-05,1.66e-06,NA,"Alcohol","P1E5"
"699","cg07890553",-0.000264638,5.52e-05,1.66e-06,NA,"Alcohol","P1E5"
"700","cg21187770",-0.000272894,5.7e-05,1.67e-06,NA,"Alcohol","P1E5"
"701","cg03059247",-0.000130709,2.73e-05,1.67e-06,NA,"Alcohol","P1E5"
"702","cg20146909",-0.000261347,5.46e-05,1.71e-06,NA,"Alcohol","P1E5"
"703","cg14887142",-0.000227611,4.76e-05,1.72e-06,NA,"Alcohol","P1E5"
"704","cg16501235",-6.87e-05,1.44e-05,1.72e-06,NA,"Alcohol","P1E5"
"705","cg25741837",0.00017147,3.59e-05,1.75e-06,NA,"Alcohol","P1E5"
"706","cg07116631",-0.000207302,4.34e-05,1.75e-06,NA,"Alcohol","P1E5"
"707","cg14571669",-0.000140346,2.94e-05,1.75e-06,NA,"Alcohol","P1E5"
"708","cg01739167",9.8e-05,2.05e-05,1.78e-06,NA,"Alcohol","P1E5"
"709","cg11442326",0.000161838,3.39e-05,1.81e-06,NA,"Alcohol","P1E5"
"710","cg09019347",8.57e-05,1.8e-05,1.82e-06,NA,"Alcohol","P1E5"
"711","cg01816258",-0.000163979,3.44e-05,1.82e-06,NA,"Alcohol","P1E5"
"712","cg02173782",-0.000153145,3.21e-05,1.83e-06,NA,"Alcohol","P1E5"
"713","cg16407699",-0.0002567,5.38e-05,1.83e-06,NA,"Alcohol","P1E5"
"714","cg02352281",-0.000113129,2.37e-05,1.84e-06,NA,"Alcohol","P1E5"
"715","cg13490403",-0.000479802,0.000100593,1.84e-06,NA,"Alcohol","P1E5"
"716","cg09642020",-9.29e-05,1.95e-05,1.86e-06,NA,"Alcohol","P1E5"
"717","cg17237086",9.25e-05,1.94e-05,1.87e-06,NA,"Alcohol","P1E5"
"718","cg00328227",-0.000316954,6.65e-05,1.87e-06,NA,"Alcohol","P1E5"
"719","cg12655416",-0.000117941,2.47e-05,1.87e-06,NA,"Alcohol","P1E5"
"720","cg26115531",-0.000164621,3.45e-05,1.88e-06,NA,"Alcohol","P1E5"
"721","cg14397813",-0.00016934,3.56e-05,1.91e-06,NA,"Alcohol","P1E5"
"722","cg04506190",-0.000189059,3.97e-05,1.91e-06,NA,"Alcohol","P1E5"
"723","cg05205351",-0.000209736,4.4e-05,1.92e-06,NA,"Alcohol","P1E5"
"724","cg27618792",-0.000202931,4.26e-05,1.92e-06,NA,"Alcohol","P1E5"
"725","cg22843803",-0.000139661,2.93e-05,1.92e-06,NA,"Alcohol","P1E5"
"726","cg08123207",-0.00017087,3.59e-05,1.92e-06,NA,"Alcohol","P1E5"
"727","cg23923934",-0.000256114,5.38e-05,1.93e-06,NA,"Alcohol","P1E5"
"728","cg03217115",-0.000439222,9.23e-05,1.94e-06,NA,"Alcohol","P1E5"
"729","cg13740709",-0.000123935,2.61e-05,1.96e-06,NA,"Alcohol","P1E5"
"730","cg04370442",-0.000227617,4.78e-05,1.96e-06,NA,"Alcohol","P1E5"
"731","cg02623114",-8.42e-05,1.77e-05,1.96e-06,NA,"Alcohol","P1E5"
"732","cg00254681",-0.000300202,6.31e-05,1.97e-06,NA,"Alcohol","P1E5"
"733","cg15121304",9.21e-05,1.94e-05,1.99e-06,NA,"Alcohol","P1E5"
"734","cg10203483",-0.000183682,3.86e-05,2e-06,NA,"Alcohol","P1E5"
"735","cg24574963",-0.000276555,5.82e-05,2.01e-06,NA,"Alcohol","P1E5"
"736","cg20249277",-0.000111144,2.34e-05,2.01e-06,NA,"Alcohol","P1E5"
"737","cg26427498",-0.000162646,3.42e-05,2.02e-06,NA,"Alcohol","P1E5"
"738","cg05714552",-0.000133159,2.8e-05,2.04e-06,NA,"Alcohol","P1E5"
"739","cg15015996",8.97e-05,1.89e-05,2.06e-06,NA,"Alcohol","P1E5"
"740","cg17272843",-0.000121512,2.56e-05,2.09e-06,NA,"Alcohol","P1E5"
"741","cg20702913",-0.000214301,4.52e-05,2.12e-06,NA,"Alcohol","P1E5"
"742","cg06213468",-0.000114894,2.42e-05,2.14e-06,NA,"Alcohol","P1E5"
"743","cg21687563",-0.000123805,2.61e-05,2.14e-06,NA,"Alcohol","P1E5"
"744","cg23368715",-0.000141295,2.98e-05,2.15e-06,NA,"Alcohol","P1E5"
"745","cg13772414",-0.000161356,3.41e-05,2.17e-06,NA,"Alcohol","P1E5"
"746","cg18537454",-0.000307021,6.48e-05,2.18e-06,NA,"Alcohol","P1E5"
"747","cg09663193",-0.000136857,2.89e-05,2.18e-06,NA,"Alcohol","P1E5"
"748","cg20699548",-0.000234424,4.95e-05,2.18e-06,NA,"Alcohol","P1E5"
"749","cg08647039",-0.000313653,6.62e-05,2.18e-06,NA,"Alcohol","P1E5"
"750","cg17452301",-0.000130579,2.76e-05,2.2e-06,NA,"Alcohol","P1E5"
"751","cg03636183",-0.000198963,4.2e-05,2.2e-06,NA,"Alcohol","P1E5"
"752","cg19766441",-0.000113897,2.41e-05,2.21e-06,NA,"Alcohol","P1E5"
"753","cg01753375",-0.000111617,2.36e-05,2.22e-06,NA,"Alcohol","P1E5"
"754","cg27303735",-0.000166461,3.52e-05,2.22e-06,NA,"Alcohol","P1E5"
"755","cg17229371",9.52e-05,2.01e-05,2.22e-06,NA,"Alcohol","P1E5"
"756","cg19137417",-0.000163073,3.45e-05,2.22e-06,NA,"Alcohol","P1E5"
"757","cg15344192",-0.000175627,3.71e-05,2.23e-06,NA,"Alcohol","P1E5"
"758","cg01205935",-0.000257422,5.44e-05,2.24e-06,NA,"Alcohol","P1E5"
"759","cg12193731",-0.000126931,2.68e-05,2.24e-06,NA,"Alcohol","P1E5"
"760","cg00619207",-0.000155772,3.29e-05,2.25e-06,NA,"Alcohol","P1E5"
"761","cg03935116",-0.000168218,3.56e-05,2.25e-06,NA,"Alcohol","P1E5"
"762","cg09440270",-0.000138215,2.92e-05,2.25e-06,NA,"Alcohol","P1E5"
"763","cg02481307",-0.000136079,2.88e-05,2.25e-06,NA,"Alcohol","P1E5"
"764","cg19714347",-0.000257013,5.44e-05,2.26e-06,NA,"Alcohol","P1E5"
"765","cg03569876",-0.000143738,3.04e-05,2.32e-06,NA,"Alcohol","P1E5"
"766","cg20124610",-0.000133975,2.84e-05,2.33e-06,NA,"Alcohol","P1E5"
"767","cg17578539",-0.000141267,2.99e-05,2.33e-06,NA,"Alcohol","P1E5"
"768","cg15691862",-0.000162056,3.43e-05,2.33e-06,NA,"Alcohol","P1E5"
"769","cg09692695",-0.000176672,3.74e-05,2.34e-06,NA,"Alcohol","P1E5"
"770","cg22304262",-0.000515288,0.000109172,2.36e-06,NA,"Alcohol","P1E5"
"771","cg02557695",-0.000142681,3.02e-05,2.36e-06,NA,"Alcohol","P1E5"
"772","cg09055507",-0.000102741,2.18e-05,2.36e-06,NA,"Alcohol","P1E5"
"773","cg10861146",-0.00013986,2.96e-05,2.36e-06,NA,"Alcohol","P1E5"
"774","cg13163919",-0.000156584,3.32e-05,2.36e-06,NA,"Alcohol","P1E5"
"775","cg09527615",-0.000245271,5.2e-05,2.37e-06,NA,"Alcohol","P1E5"
"776","cg11440375",-0.00010917,2.31e-05,2.37e-06,NA,"Alcohol","P1E5"
"777","cg07618085",-0.000289489,6.14e-05,2.38e-06,NA,"Alcohol","P1E5"
"778","cg05239811",-0.000242595,5.14e-05,2.38e-06,NA,"Alcohol","P1E5"
"779","cg19825437",-0.000206526,4.38e-05,2.39e-06,NA,"Alcohol","P1E5"
"780","cg20103124",-4.07e-05,8.63e-06,2.42e-06,NA,"Alcohol","P1E5"
"781","cg25727093",-0.000118866,2.52e-05,2.42e-06,NA,"Alcohol","P1E5"
"782","cg05695937",-0.000247443,5.25e-05,2.43e-06,NA,"Alcohol","P1E5"
"783","cg00181849",7.17e-05,1.52e-05,2.43e-06,NA,"Alcohol","P1E5"
"784","cg26476173",-0.000143794,3.05e-05,2.45e-06,NA,"Alcohol","P1E5"
"785","cg22579224",-0.000139176,2.95e-05,2.47e-06,NA,"Alcohol","P1E5"
"786","cg25840926",-0.000295577,6.28e-05,2.48e-06,NA,"Alcohol","P1E5"
"787","cg08688548",-0.000122852,2.61e-05,2.48e-06,NA,"Alcohol","P1E5"
"788","cg02493604",-6.88e-05,1.46e-05,2.5e-06,NA,"Alcohol","P1E5"
"789","cg08196642",-8.78e-05,1.87e-05,2.51e-06,NA,"Alcohol","P1E5"
"790","cg05404236",-0.000340535,7.23e-05,2.51e-06,NA,"Alcohol","P1E5"
"791","cg13490971",-0.000161405,3.43e-05,2.52e-06,NA,"Alcohol","P1E5"
"792","cg08472449",-0.000231523,4.92e-05,2.58e-06,NA,"Alcohol","P1E5"
"793","cg22642495",-0.000162606,3.46e-05,2.64e-06,NA,"Alcohol","P1E5"
"794","cg06431527",-0.000122097,2.6e-05,2.64e-06,NA,"Alcohol","P1E5"
"795","cg26279261",-0.000166039,3.54e-05,2.64e-06,NA,"Alcohol","P1E5"
"796","cg02229135",-0.000144881,3.08e-05,2.64e-06,NA,"Alcohol","P1E5"
"797","cg23552977",-0.000168619,3.59e-05,2.65e-06,NA,"Alcohol","P1E5"
"798","cg15740759",-7.72e-05,1.64e-05,2.66e-06,NA,"Alcohol","P1E5"
"799","cg10370262",-0.000205983,4.39e-05,2.68e-06,NA,"Alcohol","P1E5"
"800","cg10755899",-0.000213882,4.56e-05,2.68e-06,NA,"Alcohol","P1E5"
"801","cg21960364",-0.000140987,3e-05,2.69e-06,NA,"Alcohol","P1E5"
"802","cg24683623",-0.000226347,4.82e-05,2.71e-06,NA,"Alcohol","P1E5"
"803","cg23684449",-0.000245602,5.24e-05,2.76e-06,NA,"Alcohol","P1E5"
"804","cg04885336",-0.000125563,2.68e-05,2.77e-06,NA,"Alcohol","P1E5"
"805","cg27190014",-0.000125526,2.68e-05,2.78e-06,NA,"Alcohol","P1E5"
"806","cg07133479",-0.000108962,2.33e-05,2.78e-06,NA,"Alcohol","P1E5"
"807","cg19913118",-0.000193558,4.13e-05,2.79e-06,NA,"Alcohol","P1E5"
"808","cg19798735",-0.000159646,3.41e-05,2.82e-06,NA,"Alcohol","P1E5"
"809","cg13501527",-0.000222257,4.75e-05,2.86e-06,NA,"Alcohol","P1E5"
"810","cg22619824",-0.000204347,4.37e-05,2.87e-06,NA,"Alcohol","P1E5"
"811","cg27054084",-0.000152849,3.27e-05,2.87e-06,NA,"Alcohol","P1E5"
"812","cg26802119",-0.000103842,2.22e-05,2.87e-06,NA,"Alcohol","P1E5"
"813","cg01176329",-0.000158576,3.39e-05,2.92e-06,NA,"Alcohol","P1E5"
"814","cg03404502",-0.000157492,3.37e-05,2.95e-06,NA,"Alcohol","P1E5"
"815","cg18672030",-0.000153777,3.29e-05,2.97e-06,NA,"Alcohol","P1E5"
"816","cg25845985",-0.000143835,3.08e-05,2.98e-06,NA,"Alcohol","P1E5"
"817","cg20396069",-8.89e-05,1.9e-05,3e-06,NA,"Alcohol","P1E5"
"818","cg03885431",-0.000106934,2.29e-05,3.03e-06,NA,"Alcohol","P1E5"
"819","cg20625334",-0.000272085,5.83e-05,3.04e-06,NA,"Alcohol","P1E5"
"820","cg05668703",-0.000274557,5.88e-05,3.05e-06,NA,"Alcohol","P1E5"
"821","cg10788371",-0.000237553,5.09e-05,3.07e-06,NA,"Alcohol","P1E5"
"822","cg21366673",-0.000150149,3.22e-05,3.07e-06,NA,"Alcohol","P1E5"
"823","cg15194163",-0.000108148,2.32e-05,3.09e-06,NA,"Alcohol","P1E5"
"824","cg20034202",-0.000167124,3.58e-05,3.11e-06,NA,"Alcohol","P1E5"
"825","cg24494617",-0.00017307,3.71e-05,3.11e-06,NA,"Alcohol","P1E5"
"826","cg04800503",0.000106864,2.29e-05,3.15e-06,NA,"Alcohol","P1E5"
"827","cg17101703",-0.00016125,3.46e-05,3.18e-06,NA,"Alcohol","P1E5"
"828","cg23766254",-0.000358028,7.68e-05,3.18e-06,NA,"Alcohol","P1E5"
"829","cg25746778",-0.000130465,2.8e-05,3.22e-06,NA,"Alcohol","P1E5"
"830","cg08818207",-0.000182193,3.91e-05,3.22e-06,NA,"Alcohol","P1E5"
"831","cg10488031",-0.000159696,3.43e-05,3.23e-06,NA,"Alcohol","P1E5"
"832","cg01882566",-0.000164741,3.54e-05,3.26e-06,NA,"Alcohol","P1E5"
"833","cg06644428",-0.000325153,6.99e-05,3.28e-06,NA,"Alcohol","P1E5"
"834","cg15653855",-0.000295221,6.35e-05,3.29e-06,NA,"Alcohol","P1E5"
"835","cg19713429",-0.00019723,4.24e-05,3.3e-06,NA,"Alcohol","P1E5"
"836","cg04249142",-0.000111568,2.4e-05,3.36e-06,NA,"Alcohol","P1E5"
"837","cg11370064",-0.000198494,4.27e-05,3.36e-06,NA,"Alcohol","P1E5"
"838","cg24129977",-0.00011253,2.42e-05,3.38e-06,NA,"Alcohol","P1E5"
"839","cg06996423",8.7e-05,1.87e-05,3.39e-06,NA,"Alcohol","P1E5"
"840","cg14836555",-0.000188369,4.06e-05,3.4e-06,NA,"Alcohol","P1E5"
"841","cg06614284",0.000133615,2.88e-05,3.4e-06,NA,"Alcohol","P1E5"
"842","cg14095101",-0.000148953,3.21e-05,3.41e-06,NA,"Alcohol","P1E5"
"843","cg03037620",-0.000211034,4.54e-05,3.41e-06,NA,"Alcohol","P1E5"
"844","cg13371740",-0.000118568,2.55e-05,3.42e-06,NA,"Alcohol","P1E5"
"845","cg03439703",-0.000104667,2.25e-05,3.42e-06,NA,"Alcohol","P1E5"
"846","cg23598480",-0.000185185,3.99e-05,3.43e-06,NA,"Alcohol","P1E5"
"847","cg25327343",-0.000153503,3.31e-05,3.43e-06,NA,"Alcohol","P1E5"
"848","cg17139085",-0.00034924,7.52e-05,3.44e-06,NA,"Alcohol","P1E5"
"849","cg00008671",-0.000216555,4.67e-05,3.45e-06,NA,"Alcohol","P1E5"
"850","cg16834011",-0.000327319,7.05e-05,3.46e-06,NA,"Alcohol","P1E5"
"851","cg10091996",-0.000230741,4.97e-05,3.47e-06,NA,"Alcohol","P1E5"
"852","cg15881486",-0.000194307,4.19e-05,3.47e-06,NA,"Alcohol","P1E5"
"853","cg01557798",-0.000275606,5.94e-05,3.49e-06,NA,"Alcohol","P1E5"
"854","cg02625725",-7.75e-05,1.67e-05,3.49e-06,NA,"Alcohol","P1E5"
"855","cg08255481",0.000119172,2.57e-05,3.5e-06,NA,"Alcohol","P1E5"
"856","cg11177833",-0.000276365,5.96e-05,3.53e-06,NA,"Alcohol","P1E5"
"857","cg23797615",9.71e-05,2.09e-05,3.55e-06,NA,"Alcohol","P1E5"
"858","cg13823257",7.16e-05,1.54e-05,3.56e-06,NA,"Alcohol","P1E5"
"859","cg18973101",-0.000212388,4.58e-05,3.58e-06,NA,"Alcohol","P1E5"
"860","cg11067714",-0.000212335,4.58e-05,3.6e-06,NA,"Alcohol","P1E5"
"861","cg27615366",-0.000161348,3.48e-05,3.61e-06,NA,"Alcohol","P1E5"
"862","cg05453333",-0.000132879,2.87e-05,3.66e-06,NA,"Alcohol","P1E5"
"863","cg01787285",-0.000209226,4.52e-05,3.66e-06,NA,"Alcohol","P1E5"
"864","cg09718037",0.000260278,5.62e-05,3.7e-06,NA,"Alcohol","P1E5"
"865","cg03431738",-0.000103089,2.23e-05,3.78e-06,NA,"Alcohol","P1E5"
"866","cg17518962",-8.21e-05,1.78e-05,3.79e-06,NA,"Alcohol","P1E5"
"867","cg11660018",-0.000295439,6.39e-05,3.8e-06,NA,"Alcohol","P1E5"
"868","cg15611912",-0.000301223,6.52e-05,3.81e-06,NA,"Alcohol","P1E5"
"869","cg00371134",-0.000124875,2.7e-05,3.82e-06,NA,"Alcohol","P1E5"
"870","cg26280911",6.26e-05,1.35e-05,3.85e-06,NA,"Alcohol","P1E5"
"871","cg19566658",-0.000230339,4.99e-05,3.85e-06,NA,"Alcohol","P1E5"
"872","cg02566861",-0.000364673,7.89e-05,3.85e-06,NA,"Alcohol","P1E5"
"873","cg02558362",-0.000186735,4.04e-05,3.86e-06,NA,"Alcohol","P1E5"
"874","cg05187549",8.51e-05,1.84e-05,3.86e-06,NA,"Alcohol","P1E5"
"875","cg21262032",-0.000175493,3.8e-05,3.86e-06,NA,"Alcohol","P1E5"
"876","cg10389454",-0.000266113,5.76e-05,3.87e-06,NA,"Alcohol","P1E5"
"877","cg06382664",-0.000210352,4.56e-05,3.88e-06,NA,"Alcohol","P1E5"
"878","cg20886049",-0.000137951,2.99e-05,3.88e-06,NA,"Alcohol","P1E5"
"879","cg17551891",-0.000181422,3.93e-05,3.93e-06,NA,"Alcohol","P1E5"
"880","cg20716653",-8.74e-05,1.89e-05,3.93e-06,NA,"Alcohol","P1E5"
"881","cg16071713",-0.000138711,3.01e-05,3.94e-06,NA,"Alcohol","P1E5"
"882","cg12652585",-0.000164051,3.56e-05,3.96e-06,NA,"Alcohol","P1E5"
"883","cg09372546",-8.28e-05,1.79e-05,3.99e-06,NA,"Alcohol","P1E5"
"884","cg18704527",0.000149617,3.25e-05,4.02e-06,NA,"Alcohol","P1E5"
"885","cg07275207",-7.7e-05,1.67e-05,4.04e-06,NA,"Alcohol","P1E5"
"886","cg09446583",-8.62e-05,1.87e-05,4.06e-06,NA,"Alcohol","P1E5"
"887","cg13010299",-0.000131544,2.85e-05,4.07e-06,NA,"Alcohol","P1E5"
"888","cg13184736",-0.000292149,6.34e-05,4.12e-06,NA,"Alcohol","P1E5"
"889","cg02717339",-0.000303167,6.58e-05,4.15e-06,NA,"Alcohol","P1E5"
"890","cg06942110",-0.000110818,2.41e-05,4.16e-06,NA,"Alcohol","P1E5"
"891","cg20156116",-0.000132194,2.87e-05,4.16e-06,NA,"Alcohol","P1E5"
"892","cg09381003",-0.000165147,3.59e-05,4.18e-06,NA,"Alcohol","P1E5"
"893","cg02920396",-0.000200527,4.36e-05,4.18e-06,NA,"Alcohol","P1E5"
"894","cg11075509",-8.17e-05,1.78e-05,4.2e-06,NA,"Alcohol","P1E5"
"895","cg01375248",-0.000121444,2.64e-05,4.21e-06,NA,"Alcohol","P1E5"
"896","cg27333706",-0.000144335,3.14e-05,4.22e-06,NA,"Alcohol","P1E5"
"897","cg05976481",-0.000136952,2.98e-05,4.25e-06,NA,"Alcohol","P1E5"
"898","cg09360974",-0.000122552,2.66e-05,4.25e-06,NA,"Alcohol","P1E5"
"899","cg10440877",-0.000211514,4.6e-05,4.25e-06,NA,"Alcohol","P1E5"
"900","cg19501902",-0.000226843,4.93e-05,4.26e-06,NA,"Alcohol","P1E5"
"901","cg00166216",-0.000320829,6.98e-05,4.26e-06,NA,"Alcohol","P1E5"
"902","cg27516100",0.000127982,2.78e-05,4.27e-06,NA,"Alcohol","P1E5"
"903","cg06638433",-0.000110598,2.41e-05,4.29e-06,NA,"Alcohol","P1E5"
"904","cg07375256",0.00017573,3.82e-05,4.32e-06,NA,"Alcohol","P1E5"
"905","cg27438128",-0.000173563,3.78e-05,4.33e-06,NA,"Alcohol","P1E5"
"906","cg26382173",-0.000206039,4.48e-05,4.34e-06,NA,"Alcohol","P1E5"
"907","cg19756790",-6.09e-05,1.33e-05,4.35e-06,NA,"Alcohol","P1E5"
"908","cg06902698",-0.000281728,6.13e-05,4.38e-06,NA,"Alcohol","P1E5"
"909","cg02118194",-0.000179186,3.9e-05,4.41e-06,NA,"Alcohol","P1E5"
"910","cg11014740",-0.000167344,3.64e-05,4.41e-06,NA,"Alcohol","P1E5"
"911","cg05194346",0.000357106,7.78e-05,4.44e-06,NA,"Alcohol","P1E5"
"912","cg07957491",-0.000156059,3.4e-05,4.46e-06,NA,"Alcohol","P1E5"
"913","cg00122854",-0.00019065,4.15e-05,4.46e-06,NA,"Alcohol","P1E5"
"914","cg08122652",-0.00012886,2.81e-05,4.48e-06,NA,"Alcohol","P1E5"
"915","cg06892049",-0.00013636,2.97e-05,4.56e-06,NA,"Alcohol","P1E5"
"916","cg22138735",-0.000354962,7.74e-05,4.57e-06,NA,"Alcohol","P1E5"
"917","cg00572560",-0.000191019,4.17e-05,4.6e-06,NA,"Alcohol","P1E5"
"918","cg26783727",-0.000155036,3.38e-05,4.63e-06,NA,"Alcohol","P1E5"
"919","cg07974833",-0.000175886,3.84e-05,4.64e-06,NA,"Alcohol","P1E5"
"920","cg20783697",-8.94e-05,1.95e-05,4.64e-06,NA,"Alcohol","P1E5"
"921","cg05162564",-0.000143913,3.14e-05,4.66e-06,NA,"Alcohol","P1E5"
"922","cg08471846",-0.000112392,2.45e-05,4.67e-06,NA,"Alcohol","P1E5"
"923","cg03036214",0.000232629,5.08e-05,4.68e-06,NA,"Alcohol","P1E5"
"924","cg26438284",8.48e-05,1.85e-05,4.68e-06,NA,"Alcohol","P1E5"
"925","cg20520115",-0.000186877,4.08e-05,4.69e-06,NA,"Alcohol","P1E5"
"926","cg00610692",-0.000129393,2.83e-05,4.69e-06,NA,"Alcohol","P1E5"
"927","cg08962271",-6.1e-05,1.33e-05,4.71e-06,NA,"Alcohol","P1E5"
"928","cg08916374",-0.000238898,5.22e-05,4.72e-06,NA,"Alcohol","P1E5"
"929","cg01944226",-9.65e-05,2.11e-05,4.73e-06,NA,"Alcohol","P1E5"
"930","cg00419702",-0.000237561,5.19e-05,4.74e-06,NA,"Alcohol","P1E5"
"931","cg12433395",-0.000141078,3.08e-05,4.78e-06,NA,"Alcohol","P1E5"
"932","cg24065451",-0.000195594,4.28e-05,4.8e-06,NA,"Alcohol","P1E5"
"933","cg08899105",-0.000155509,3.4e-05,4.81e-06,NA,"Alcohol","P1E5"
"934","cg06974930",-9.05e-05,1.98e-05,4.83e-06,NA,"Alcohol","P1E5"
"935","cg25221975",0.000214421,4.69e-05,4.9e-06,NA,"Alcohol","P1E5"
"936","cg00025211",-0.000135049,2.96e-05,4.95e-06,NA,"Alcohol","P1E5"
"937","cg24058132",-0.000231625,5.07e-05,4.98e-06,NA,"Alcohol","P1E5"
"938","cg09155905",-0.000125161,2.74e-05,4.99e-06,NA,"Alcohol","P1E5"
"939","cg22232207",-0.000127417,2.79e-05,5e-06,NA,"Alcohol","P1E5"
"940","cg04324758",-6.77e-05,1.48e-05,5.03e-06,NA,"Alcohol","P1E5"
"941","cg09325711",-0.000121635,2.67e-05,5.06e-06,NA,"Alcohol","P1E5"
"942","cg00700455",6.38e-05,1.4e-05,5.08e-06,NA,"Alcohol","P1E5"
"943","cg09644065",-0.000186714,4.09e-05,5.11e-06,NA,"Alcohol","P1E5"
"944","cg16359901",-7.74e-05,1.7e-05,5.12e-06,NA,"Alcohol","P1E5"
"945","cg21603679",-5.93e-05,1.3e-05,5.18e-06,NA,"Alcohol","P1E5"
"946","cg20951444",-0.000179876,3.95e-05,5.2e-06,NA,"Alcohol","P1E5"
"947","cg03054277",-0.000283841,6.23e-05,5.21e-06,NA,"Alcohol","P1E5"
"948","cg00956987",-0.000222674,4.89e-05,5.22e-06,NA,"Alcohol","P1E5"
"949","cg20607293",-0.000106788,2.34e-05,5.22e-06,NA,"Alcohol","P1E5"
"950","cg26062560",-0.000164734,3.62e-05,5.28e-06,NA,"Alcohol","P1E5"
"951","cg00851173",-9.77e-05,2.15e-05,5.31e-06,NA,"Alcohol","P1E5"
"952","cg06505619",-0.000226058,4.97e-05,5.33e-06,NA,"Alcohol","P1E5"
"953","cg12137220",0.000109285,2.4e-05,5.35e-06,NA,"Alcohol","P1E5"
"954","cg19426731",-0.000120673,2.65e-05,5.37e-06,NA,"Alcohol","P1E5"
"955","cg05820959",0.000217051,4.77e-05,5.41e-06,NA,"Alcohol","P1E5"
"956","cg22713900",-0.000230782,5.07e-05,5.42e-06,NA,"Alcohol","P1E5"
"957","cg09014329",-0.000368686,8.11e-05,5.44e-06,NA,"Alcohol","P1E5"
"958","cg00094412",-0.000139668,3.07e-05,5.47e-06,NA,"Alcohol","P1E5"
"959","cg04551776",-0.000125164,2.75e-05,5.5e-06,NA,"Alcohol","P1E5"
"960","cg07866212",8.07e-05,1.78e-05,5.55e-06,NA,"Alcohol","P1E5"
"961","cg24678869",-8.05e-05,1.77e-05,5.55e-06,NA,"Alcohol","P1E5"
"962","cg18394567",-0.000222489,4.9e-05,5.56e-06,NA,"Alcohol","P1E5"
"963","cg19247726",-0.000254147,5.6e-05,5.62e-06,NA,"Alcohol","P1E5"
"964","cg25025992",-0.000125549,2.77e-05,5.63e-06,NA,"Alcohol","P1E5"
"965","cg11597832",-7.59e-05,1.67e-05,5.65e-06,NA,"Alcohol","P1E5"
"966","cg09213929",-0.000163425,3.6e-05,5.68e-06,NA,"Alcohol","P1E5"
"967","cg03560586",-0.00012759,2.81e-05,5.71e-06,NA,"Alcohol","P1E5"
"968","cg04219417",-0.000131208,2.89e-05,5.77e-06,NA,"Alcohol","P1E5"
"969","cg00008629",-0.000288883,6.37e-05,5.79e-06,NA,"Alcohol","P1E5"
"970","cg12275060",-0.000240397,5.3e-05,5.83e-06,NA,"Alcohol","P1E5"
"971","cg26418770",-0.000151977,3.35e-05,5.84e-06,NA,"Alcohol","P1E5"
"972","cg24695071",0.000134444,2.97e-05,5.85e-06,NA,"Alcohol","P1E5"
"973","cg12109883",-0.00010208,2.25e-05,5.86e-06,NA,"Alcohol","P1E5"
"974","cg14527029",-0.000127524,2.82e-05,5.9e-06,NA,"Alcohol","P1E5"
"975","cg05284742",-0.000119036,2.63e-05,5.9e-06,NA,"Alcohol","P1E5"
"976","cg13036546",-0.000244449,5.4e-05,5.9e-06,NA,"Alcohol","P1E5"
"977","cg21686171",-0.000137204,3.03e-05,5.92e-06,NA,"Alcohol","P1E5"
"978","cg14756878",-0.000187329,4.14e-05,5.92e-06,NA,"Alcohol","P1E5"
"979","cg02513379",-0.000143855,3.18e-05,5.96e-06,NA,"Alcohol","P1E5"
"980","cg03603381",-0.000245273,5.42e-05,5.97e-06,NA,"Alcohol","P1E5"
"981","cg23279538",-8.87e-05,1.96e-05,6.03e-06,NA,"Alcohol","P1E5"
"982","cg19846667",-0.000193573,4.28e-05,6.07e-06,NA,"Alcohol","P1E5"
"983","cg20863339",-0.000153746,3.4e-05,6.07e-06,NA,"Alcohol","P1E5"
"984","cg14886850",-0.00012647,2.8e-05,6.13e-06,NA,"Alcohol","P1E5"
"985","cg22365240",-0.000195504,4.32e-05,6.13e-06,NA,"Alcohol","P1E5"
"986","cg16332577",-0.00016648,3.68e-05,6.13e-06,NA,"Alcohol","P1E5"
"987","cg01309328",-0.000182396,4.03e-05,6.14e-06,NA,"Alcohol","P1E5"
"988","cg04845649",-0.000113986,2.52e-05,6.18e-06,NA,"Alcohol","P1E5"
"989","cg18121224",-0.000478817,0.000105959,6.22e-06,NA,"Alcohol","P1E5"
"990","cg15128226",-0.00030182,6.68e-05,6.24e-06,NA,"Alcohol","P1E5"
"991","cg00292107",-0.000111525,2.47e-05,6.26e-06,NA,"Alcohol","P1E5"
"992","cg27427318",-0.000296372,6.56e-05,6.27e-06,NA,"Alcohol","P1E5"
"993","cg19852660",-0.00013822,3.06e-05,6.27e-06,NA,"Alcohol","P1E5"
"994","cg21199165",-0.000105038,2.33e-05,6.3e-06,NA,"Alcohol","P1E5"
"995","cg13980410",-0.00012576,2.79e-05,6.34e-06,NA,"Alcohol","P1E5"
"996","cg12968258",-8.42e-05,1.86e-05,6.37e-06,NA,"Alcohol","P1E5"
"997","cg14391148",-9.37e-05,2.08e-05,6.38e-06,NA,"Alcohol","P1E5"
"998","cg02691035",-0.000168919,3.74e-05,6.38e-06,NA,"Alcohol","P1E5"
"999","cg11068337",-0.000140425,3.11e-05,6.38e-06,NA,"Alcohol","P1E5"
"1000","cg05985317",-0.000183791,4.07e-05,6.38e-06,NA,"Alcohol","P1E5"
"1001","cg04852339",-0.00014079,3.12e-05,6.41e-06,NA,"Alcohol","P1E5"
"1002","cg01055562",-0.000294274,6.52e-05,6.45e-06,NA,"Alcohol","P1E5"
"1003","cg04546097",-8.71e-05,1.93e-05,6.45e-06,NA,"Alcohol","P1E5"
"1004","cg25138484",0.000111728,2.48e-05,6.47e-06,NA,"Alcohol","P1E5"
"1005","cg03958308",-0.000153464,3.4e-05,6.48e-06,NA,"Alcohol","P1E5"
"1006","cg22595230",-0.000245686,5.45e-05,6.56e-06,NA,"Alcohol","P1E5"
"1007","cg09027133",-0.00019447,4.31e-05,6.58e-06,NA,"Alcohol","P1E5"
"1008","cg18302606",-0.000227865,5.06e-05,6.59e-06,NA,"Alcohol","P1E5"
"1009","cg18676273",-0.000250058,5.55e-05,6.61e-06,NA,"Alcohol","P1E5"
"1010","cg22965943",-0.00018214,4.04e-05,6.62e-06,NA,"Alcohol","P1E5"
"1011","cg00116430",-0.000224525,4.98e-05,6.64e-06,NA,"Alcohol","P1E5"
"1012","cg00511027",7.48e-05,1.66e-05,6.65e-06,NA,"Alcohol","P1E5"
"1013","cg13072940",-0.000160528,3.56e-05,6.66e-06,NA,"Alcohol","P1E5"
"1014","cg16851425",-0.000140254,3.11e-05,6.67e-06,NA,"Alcohol","P1E5"
"1015","cg00312125",-0.00024428,5.42e-05,6.69e-06,NA,"Alcohol","P1E5"
"1016","cg05673214",-0.000157095,3.49e-05,6.69e-06,NA,"Alcohol","P1E5"
"1017","cg14748795",-0.000201364,4.47e-05,6.74e-06,NA,"Alcohol","P1E5"
"1018","cg07059784",-0.000197284,4.38e-05,6.76e-06,NA,"Alcohol","P1E5"
"1019","cg26024874",-0.000104055,2.31e-05,6.76e-06,NA,"Alcohol","P1E5"
"1020","cg10548805",8.14e-05,1.81e-05,6.77e-06,NA,"Alcohol","P1E5"
"1021","cg19233663",-0.000168008,3.74e-05,6.88e-06,NA,"Alcohol","P1E5"
"1022","cg18717423",-0.000164238,3.65e-05,6.89e-06,NA,"Alcohol","P1E5"
"1023","cg17454746",-0.00012113,2.69e-05,6.91e-06,NA,"Alcohol","P1E5"
"1024","cg11985480",-0.000313532,6.97e-05,6.91e-06,NA,"Alcohol","P1E5"
"1025","cg02224164",-0.000108235,2.41e-05,6.95e-06,NA,"Alcohol","P1E5"
"1026","cg14576319",-0.00010223,2.27e-05,7e-06,NA,"Alcohol","P1E5"
"1027","cg15114651",-0.000244077,5.43e-05,7.02e-06,NA,"Alcohol","P1E5"
"1028","cg03676485",-0.000175089,3.9e-05,7.02e-06,NA,"Alcohol","P1E5"
"1029","cg09635954",-0.000520421,0.000115834,7.03e-06,NA,"Alcohol","P1E5"
"1030","cg22987011",-0.000219774,4.89e-05,7.04e-06,NA,"Alcohol","P1E5"
"1031","cg24707219",-0.000204977,4.56e-05,7.06e-06,NA,"Alcohol","P1E5"
"1032","cg24902557",-0.00015037,3.35e-05,7.06e-06,NA,"Alcohol","P1E5"
"1033","cg04136484",-9.15e-05,2.04e-05,7.1e-06,NA,"Alcohol","P1E5"
"1034","cg19827650",-0.00019758,4.4e-05,7.1e-06,NA,"Alcohol","P1E5"
"1035","cg06407111",-0.000116752,2.6e-05,7.1e-06,NA,"Alcohol","P1E5"
"1036","cg19695041",-0.000160462,3.57e-05,7.16e-06,NA,"Alcohol","P1E5"
"1037","cg16671360",-8.51e-05,1.9e-05,7.17e-06,NA,"Alcohol","P1E5"
"1038","cg27315555",-6.86e-05,1.53e-05,7.17e-06,NA,"Alcohol","P1E5"
"1039","cg04425005",-0.000141648,3.16e-05,7.19e-06,NA,"Alcohol","P1E5"
"1040","cg19818308",-0.000257229,5.73e-05,7.2e-06,NA,"Alcohol","P1E5"
"1041","cg03140521",-0.000156367,3.48e-05,7.22e-06,NA,"Alcohol","P1E5"
"1042","cg06362313",-0.000105394,2.35e-05,7.23e-06,NA,"Alcohol","P1E5"
"1043","cg09134314",-8.21e-05,1.83e-05,7.34e-06,NA,"Alcohol","P1E5"
"1044","cg04992150",-0.000137626,3.07e-05,7.34e-06,NA,"Alcohol","P1E5"
"1045","cg01766943",-0.000145666,3.25e-05,7.35e-06,NA,"Alcohol","P1E5"
"1046","cg07903677",-0.000184849,4.12e-05,7.35e-06,NA,"Alcohol","P1E5"
"1047","cg22182666",-0.000101381,2.26e-05,7.35e-06,NA,"Alcohol","P1E5"
"1048","cg18739089",-0.000129809,2.9e-05,7.38e-06,NA,"Alcohol","P1E5"
"1049","cg04004558",-0.000190931,4.26e-05,7.41e-06,NA,"Alcohol","P1E5"
"1050","cg01750611",-6.77e-05,1.51e-05,7.42e-06,NA,"Alcohol","P1E5"
"1051","cg02749105",-0.000151218,3.37e-05,7.44e-06,NA,"Alcohol","P1E5"
"1052","cg00753885",-0.000103674,2.31e-05,7.48e-06,NA,"Alcohol","P1E5"
"1053","cg19530728",-0.000173119,3.86e-05,7.48e-06,NA,"Alcohol","P1E5"
"1054","cg14577707",0.000224616,5.02e-05,7.55e-06,NA,"Alcohol","P1E5"
"1055","cg01859616",-0.000165524,3.7e-05,7.58e-06,NA,"Alcohol","P1E5"
"1056","cg18451588",-0.00040892,9.13e-05,7.58e-06,NA,"Alcohol","P1E5"
"1057","cg16361705",-0.000186668,4.17e-05,7.59e-06,NA,"Alcohol","P1E5"
"1058","cg04907244",-0.000209324,4.68e-05,7.62e-06,NA,"Alcohol","P1E5"
"1059","cg17662369",-0.000208833,4.67e-05,7.68e-06,NA,"Alcohol","P1E5"
"1060","cg24344074",-0.000167158,3.74e-05,7.7e-06,NA,"Alcohol","P1E5"
"1061","cg09321029",-0.000100154,2.24e-05,7.78e-06,NA,"Alcohol","P1E5"
"1062","cg06181697",0.000266224,5.96e-05,7.82e-06,NA,"Alcohol","P1E5"
"1063","cg02376827",-0.000140238,3.14e-05,7.83e-06,NA,"Alcohol","P1E5"
"1064","cg06518831",-6.02e-05,1.35e-05,7.9e-06,NA,"Alcohol","P1E5"
"1065","cg00860712",-6.67e-05,1.49e-05,7.92e-06,NA,"Alcohol","P1E5"
"1066","cg27029518",-0.000118671,2.66e-05,7.92e-06,NA,"Alcohol","P1E5"
"1067","cg05237360",8.93e-05,2e-05,7.96e-06,NA,"Alcohol","P1E5"
"1068","cg06868100",-0.000594242,0.000133057,7.97e-06,NA,"Alcohol","P1E5"
"1069","cg22363327",-0.00010175,2.28e-05,8.01e-06,NA,"Alcohol","P1E5"
"1070","cg23232188",-0.000165444,3.71e-05,8.03e-06,NA,"Alcohol","P1E5"
"1071","cg20817150",-8.43e-05,1.89e-05,8.03e-06,NA,"Alcohol","P1E5"
"1072","cg01072942",-0.000131084,2.94e-05,8.04e-06,NA,"Alcohol","P1E5"
"1073","cg24497361",-0.000264457,5.92e-05,8.04e-06,NA,"Alcohol","P1E5"
"1074","cg05274242",-0.000130863,2.93e-05,8.07e-06,NA,"Alcohol","P1E5"
"1075","cg05935571",-8.25e-05,1.85e-05,8.12e-06,NA,"Alcohol","P1E5"
"1076","cg12393668",-0.000152401,3.42e-05,8.12e-06,NA,"Alcohol","P1E5"
"1077","cg20306694",-0.000208615,4.68e-05,8.2e-06,NA,"Alcohol","P1E5"
"1078","cg00087884",-8.81e-05,1.98e-05,8.33e-06,NA,"Alcohol","P1E5"
"1079","cg21870662",-9.45e-05,2.12e-05,8.37e-06,NA,"Alcohol","P1E5"
"1080","cg19497444",-0.000445709,0.00010006,8.41e-06,NA,"Alcohol","P1E5"
"1081","cg13592064",-0.000128587,2.89e-05,8.51e-06,NA,"Alcohol","P1E5"
"1082","cg02007567",-0.000244703,5.5e-05,8.53e-06,NA,"Alcohol","P1E5"
"1083","cg03387723",-0.000278223,6.25e-05,8.53e-06,NA,"Alcohol","P1E5"
"1084","cg13151425",-0.000138918,3.12e-05,8.58e-06,NA,"Alcohol","P1E5"
"1085","cg12340144",-0.000262133,5.89e-05,8.62e-06,NA,"Alcohol","P1E5"
"1086","cg15702949",-0.000197423,4.44e-05,8.62e-06,NA,"Alcohol","P1E5"
"1087","cg18655918",-0.00018424,4.14e-05,8.63e-06,NA,"Alcohol","P1E5"
"1088","cg01632597",-0.000119581,2.69e-05,8.67e-06,NA,"Alcohol","P1E5"
"1089","cg02023167",-0.000125142,2.81e-05,8.68e-06,NA,"Alcohol","P1E5"
"1090","cg07022048",-0.000107824,2.43e-05,8.85e-06,NA,"Alcohol","P1E5"
"1091","cg11844970",-9.88e-05,2.22e-05,8.87e-06,NA,"Alcohol","P1E5"
"1092","cg04261607",-0.000116198,2.62e-05,8.87e-06,NA,"Alcohol","P1E5"
"1093","cg00239563",-0.000128095,2.88e-05,8.88e-06,NA,"Alcohol","P1E5"
"1094","cg02555807",-0.000150881,3.4e-05,8.92e-06,NA,"Alcohol","P1E5"
"1095","cg07969646",-0.000113563,2.56e-05,8.93e-06,NA,"Alcohol","P1E5"
"1096","cg07757252",-8.45e-05,1.9e-05,8.96e-06,NA,"Alcohol","P1E5"
"1097","cg14170545",0.000141241,3.18e-05,8.97e-06,NA,"Alcohol","P1E5"
"1098","cg25773262",-0.000284335,6.4e-05,8.99e-06,NA,"Alcohol","P1E5"
"1099","cg04839991",-0.000152568,3.44e-05,9.04e-06,NA,"Alcohol","P1E5"
"1100","cg08893087",-0.000209571,4.72e-05,9.04e-06,NA,"Alcohol","P1E5"
"1101","cg18685455",-0.000213665,4.81e-05,9.05e-06,NA,"Alcohol","P1E5"
"1102","cg14297772",-0.000112684,2.54e-05,9.06e-06,NA,"Alcohol","P1E5"
"1103","cg00329447",-0.000134712,3.04e-05,9.08e-06,NA,"Alcohol","P1E5"
"1104","cg02059080",-0.000177374,4e-05,9.09e-06,NA,"Alcohol","P1E5"
"1105","cg25321549",-3.14e-05,7.08e-06,9.12e-06,NA,"Alcohol","P1E5"
"1106","cg23281123",0.00014306,3.23e-05,9.19e-06,NA,"Alcohol","P1E5"
"1107","cg03533472",-0.000375444,8.47e-05,9.2e-06,NA,"Alcohol","P1E5"
"1108","cg01832549",-0.000233054,5.25e-05,9.21e-06,NA,"Alcohol","P1E5"
"1109","cg19827511",-8.66e-05,1.95e-05,9.21e-06,NA,"Alcohol","P1E5"
"1110","cg04891961",-0.000342631,7.73e-05,9.22e-06,NA,"Alcohol","P1E5"
"1111","cg22994830",0.000259954,5.86e-05,9.26e-06,NA,"Alcohol","P1E5"
"1112","cg07213487",-7.98e-05,1.8e-05,9.27e-06,NA,"Alcohol","P1E5"
"1113","cg14199723",-0.000124079,2.8e-05,9.28e-06,NA,"Alcohol","P1E5"
"1114","cg22488891",-0.000106895,2.41e-05,9.29e-06,NA,"Alcohol","P1E5"
"1115","cg08175536",0.0001103,2.49e-05,9.3e-06,NA,"Alcohol","P1E5"
"1116","cg16969872",-0.000260285,5.87e-05,9.33e-06,NA,"Alcohol","P1E5"
"1117","cg23059461",9.82e-05,2.22e-05,9.39e-06,NA,"Alcohol","P1E5"
"1118","cg07524679",-9.12e-05,2.06e-05,9.4e-06,NA,"Alcohol","P1E5"
"1119","cg20768743",-0.000141025,3.18e-05,9.42e-06,NA,"Alcohol","P1E5"
"1120","cg25485392",-0.000140764,3.18e-05,9.43e-06,NA,"Alcohol","P1E5"
"1121","cg20329210",-0.000362623,8.19e-05,9.46e-06,NA,"Alcohol","P1E5"
"1122","cg25284397",-0.000194452,4.39e-05,9.5e-06,NA,"Alcohol","P1E5"
"1123","cg05077231",-0.000229306,5.18e-05,9.57e-06,NA,"Alcohol","P1E5"
"1124","cg25460807",-0.000323274,7.3e-05,9.59e-06,NA,"Alcohol","P1E5"
"1125","cg19142553",-0.000245241,5.54e-05,9.62e-06,NA,"Alcohol","P1E5"
"1126","cg02054431",-0.000268608,6.07e-05,9.63e-06,NA,"Alcohol","P1E5"
"1127","cg10549986",-0.000128626,2.91e-05,9.68e-06,NA,"Alcohol","P1E5"
"1128","cg04939026",-0.000161722,3.66e-05,9.69e-06,NA,"Alcohol","P1E5"
"1129","cg10366053",-0.000119925,2.71e-05,9.77e-06,NA,"Alcohol","P1E5"
"1130","cg03000848",0.000152512,3.45e-05,9.77e-06,NA,"Alcohol","P1E5"
"1131","cg08787251",-0.00015549,3.52e-05,9.82e-06,NA,"Alcohol","P1E5"
"1132","cg10861731",-0.000306946,6.94e-05,9.82e-06,NA,"Alcohol","P1E5"
"1133","cg13021857",-0.000215564,4.88e-05,9.88e-06,NA,"Alcohol","P1E5"
"1134","cg20438687",-0.000138284,3.13e-05,9.92e-06,NA,"Alcohol","P1E5"
"1135","cg03933572",-9.9e-05,2.24e-05,9.94e-06,NA,"Alcohol","P1E5"
"1136","cg03312572",-0.009131046,0.00181325,4.76e-07,0.101068876,"A_2_4_D","P1E5"
"1137","cg25437674",-0.017729355,0.00361905,9.64e-07,0.101068876,"A_2_4_D","P1E5"
"1138","cg00533215",-0.003178225,0.000650524,1.03e-06,0.101068876,"A_2_4_D","P1E5"
"1139","cg27514874",-0.005327388,0.001092834,1.09e-06,0.101068876,"A_2_4_D","P1E5"
"1140","cg19976011",0.000518335,0.000106764,1.2e-06,0.101068876,"A_2_4_D","P1E5"
"1141","cg01105356",0.001357965,0.000287187,2.26e-06,0.127822649,"A_2_4_D","P1E5"
"1142","cg17366332",-0.001502393,0.000321163,2.9e-06,0.127822649,"A_2_4_D","P1E5"
"1143","cg23475278",-0.000949613,0.000203879,3.2e-06,0.127822649,"A_2_4_D","P1E5"
"1144","cg02825985",-0.031392907,0.006940621,6.09e-06,0.160358102,"A_2_4_D","P1E5"
"1145","cg02169203",-0.000507568,0.000112277,6.16e-06,0.160358102,"A_2_4_D","P1E5"
"1146","cg05930496",0.002664709,0.000595646,7.69e-06,0.160358102,"A_2_4_D","P1E5"
"1147","cg19770116",-0.002994758,0.000670546,7.96e-06,0.160358102,"A_2_4_D","P1E5"
"1148","cg23517954",-0.010687835,0.002394817,8.09e-06,0.160358102,"A_2_4_D","P1E5"
"1149","cg09404733",-0.002333595,0.000523681,8.35e-06,0.160358102,"A_2_4_D","P1E5"
"1150","cg15575834",0.001677322,0.000376815,8.53e-06,0.160358102,"A_2_4_D","P1E5"
"1151","cg11198968",-0.003885088,0.000876348,9.28e-06,0.160358102,"A_2_4_D","P1E5"
"1152","cg12074084",-0.00458424,0.001037254,9.89e-06,0.160358102,"A_2_4_D","P1E5"
"1153","cg01867395",0.033321844,0.00593671,1.99e-08,0.015036102,"ATRAZINE","P1E5"
"1154","cg06116095",0.000425293,8.33e-05,3.29e-07,0.124267994,"ATRAZINE","P1E5"
"1155","cg10737883",-0.001732272,0.000384718,6.71e-06,0.724132522,"ATRAZINE","P1E5"
"1156","cg16995299",0.012715298,0.002737339,3.4e-06,0.42793586,"ATRAZINE","P1E5"
"1157","cg25107608",-0.001248631,0.000264578,2.37e-06,0.357532926,"ATRAZINE","P1E5"
"1158","cg26816312",-0.002697229,0.000569463,2.18e-06,0.357532926,"ATRAZINE","P1E5"
"1159","cg00966482",0.021,0.004,5.97e-09,NA,"birthweight","P1E5"
"1160","cg00590817",0.028,0.005,2.84e-07,NA,"birthweight","P1E5"
"1161","cg16365064",0.021,0.004,3.24e-07,NA,"birthweight","P1E5"
"1162","cg00826892",0.031,0.007,1.34e-06,NA,"birthweight","P1E5"
"1163","cg19370715",0.026,0.005,1.78e-06,NA,"birthweight","P1E5"
"1164","cg08698721",-0.015,0.003,2.24e-06,NA,"birthweight","P1E5"
"1165","cg16300531",0.04,0.009,3.02e-06,NA,"birthweight","P1E5"
"1166","cg17293641",0.02,0.004,3.41e-06,NA,"birthweight","P1E5"
"1167","cg22572362",0.026,0.006,3.84e-06,NA,"birthweight","P1E5"
"1168","cg01824138",0.032,0.007,4.65e-06,NA,"birthweight","P1E5"
"1169","cg14534277",-0.022,0.005,5.04e-06,NA,"birthweight","P1E5"
"1170","cg19706390",0.036,0.008,5.47e-06,NA,"birthweight","P1E5"
"1171","cg01152056",0.038,0.009,7.54e-06,NA,"birthweight","P1E5"
"1172","cg07593264",-0.016,0.004,7.6e-06,NA,"birthweight","P1E5"
"1173","cg03721657",0.016,0.004,8.65e-06,NA,"birthweight","P1E5"
"1174","cg20014974",0.014,0.003,8.75e-06,NA,"birthweight","P1E5"
"1175","cg26086468",-0.014,0.003,9.9e-06,NA,"birthweight","P1E5"
"1176","cg19863411",0.022,0.005,9.98e-06,NA,"birthweight","P1E5"
"1177","cg00004089",-0.000354171,5.09e-05,3.36e-12,3.6e-11,"BMI","P1E5"
"1178","cg00046744",0.000384981,8.63e-05,8.16e-06,1.36e-05,"BMI","P1E5"
"1179","cg00050692",-0.000382079,8.41e-05,5.57e-06,9.59e-06,"BMI","P1E5"
"1180","cg00094412",-0.00046845,9.41e-05,6.5e-07,1.38e-06,"BMI","P1E5"
"1181","cg00108715",0.000406132,8.26e-05,8.76e-07,1.82e-06,"BMI","P1E5"
"1182","cg00134210",-0.00022376,4.17e-05,8.33e-08,2.32e-07,"BMI","P1E5"
"1183","cg00138407",0.000461384,9.19e-05,5.14e-07,1.14e-06,"BMI","P1E5"
"1184","cg00144180",0.000513485,8.93e-05,8.83e-09,3.1e-08,"BMI","P1E5"
"1185","cg00238353",0.000684068,0.000113806,1.85e-09,8.12e-09,"BMI","P1E5"
"1186","cg00244001",-0.00029201,6e-05,1.13e-06,2.31e-06,"BMI","P1E5"
"1187","cg00259097",0.000341019,6.6e-05,2.38e-07,5.8e-07,"BMI","P1E5"
"1188","cg00277397",-0.00051134,0.000102202,5.64e-07,1.23e-06,"BMI","P1E5"
"1189","cg00295485",0.00068452,0.000127853,8.61e-08,2.38e-07,"BMI","P1E5"
"1190","cg00376553",0.000582108,0.000107856,6.77e-08,1.94e-07,"BMI","P1E5"
"1191","cg00431050",-0.000382557,7.48e-05,3.12e-07,7.34e-07,"BMI","P1E5"
"1192","cg00442282",-0.000186706,3.49e-05,8.44e-08,2.35e-07,"BMI","P1E5"
"1193","cg00508575",0.000381525,8.39e-05,5.42e-06,9.36e-06,"BMI","P1E5"
"1194","cg00547480",0.000539738,7.07e-05,2.27e-14,4.38e-13,"BMI","P1E5"
"1195","cg00574958",-0.000650544,4.91e-05,4.57e-40,2.87e-37,"BMI","P1E5"
"1196","cg00585790",0.000316324,7.06e-05,7.43e-06,1.24e-05,"BMI","P1E5"
"1197","cg00602326",-0.000614044,9.38e-05,5.99e-11,4.34e-10,"BMI","P1E5"
"1198","cg00607627",-0.000535958,7.71e-05,3.67e-12,3.87e-11,"BMI","P1E5"
"1199","cg00701951",-0.000815859,0.000119687,9.32e-12,8.59e-11,"BMI","P1E5"
"1200","cg00705661",0.000255435,4.56e-05,2.18e-08,6.95e-08,"BMI","P1E5"
"1201","cg00714874",-0.000459613,8.14e-05,1.64e-08,5.34e-08,"BMI","P1E5"
"1202","cg00718518",-0.000407186,8.49e-05,1.64e-06,3.2e-06,"BMI","P1E5"
"1203","cg00741986",-0.000642931,0.000100493,1.58e-10,1e-09,"BMI","P1E5"
"1204","cg00748195",-0.000575788,0.000105141,4.34e-08,1.29e-07,"BMI","P1E5"
"1205","cg00760203",0.000376957,7.07e-05,9.57e-08,2.59e-07,"BMI","P1E5"
"1206","cg00826902",0.000593207,8.67e-05,7.68e-12,7.34e-11,"BMI","P1E5"
"1207","cg00851028",0.00050804,8.32e-05,1.01e-09,4.89e-09,"BMI","P1E5"
"1208","cg00863378",0.000460029,9.71e-05,2.18e-06,4.12e-06,"BMI","P1E5"
"1209","cg00916899",0.000385619,8.15e-05,2.25e-06,4.23e-06,"BMI","P1E5"
"1210","cg00921350",-0.000427097,9.53e-05,7.36e-06,1.23e-05,"BMI","P1E5"
"1211","cg00994936",0.000468238,7.13e-05,5.26e-11,3.93e-10,"BMI","P1E5"
"1212","cg01004980",0.000614467,8.69e-05,1.54e-12,1.85e-11,"BMI","P1E5"
"1213","cg01040624",0.000269103,5.25e-05,2.93e-07,6.97e-07,"BMI","P1E5"
"1214","cg01101459",0.00076785,8.73e-05,1.44e-18,7.23e-17,"BMI","P1E5"
"1215","cg01115923",-0.000256073,5.34e-05,1.64e-06,3.2e-06,"BMI","P1E5"
"1216","cg01117339",-0.000527989,8.85e-05,2.39e-09,1.01e-08,"BMI","P1E5"
"1217","cg01130991",0.001006066,9.35e-05,5.54e-27,1.39e-24,"BMI","P1E5"
"1218","cg01172150",0.000358043,6.99e-05,3.07e-07,7.25e-07,"BMI","P1E5"
"1219","cg01172899",0.000517386,8.54e-05,1.39e-09,6.45e-09,"BMI","P1E5"
"1220","cg01176028",0.000488104,7.69e-05,2.25e-10,1.35e-09,"BMI","P1E5"
"1221","cg01180628",-0.000472376,9.53e-05,7.24e-07,1.52e-06,"BMI","P1E5"
"1222","cg01231543",-0.000582771,9.09e-05,1.41e-10,9.28e-10,"BMI","P1E5"
"1223","cg01242348",0.000287058,5.74e-05,5.6e-07,1.22e-06,"BMI","P1E5"
"1224","cg01243823",-0.00106542,0.000149851,1.16e-12,1.5e-11,"BMI","P1E5"
"1225","cg01317029",0.000473882,6.42e-05,1.6e-13,2.47e-12,"BMI","P1E5"
"1226","cg01352090",0.00028496,6.03e-05,2.32e-06,4.33e-06,"BMI","P1E5"
"1227","cg01368219",0.000575733,0.000104971,4.14e-08,1.25e-07,"BMI","P1E5"
"1228","cg01406381",-0.000340883,6.78e-05,5.04e-07,1.12e-06,"BMI","P1E5"
"1229","cg01411912",-0.000490499,9.06e-05,6.07e-08,1.76e-07,"BMI","P1E5"
"1230","cg01419914",0.000925623,0.000136749,1.3e-11,1.14e-10,"BMI","P1E5"
"1231","cg01510278",-0.000233971,4.11e-05,1.22e-08,4.13e-08,"BMI","P1E5"
"1232","cg01671681",-0.000684475,0.000114214,2.06e-09,8.94e-09,"BMI","P1E5"
"1233","cg01676795",0.000820017,0.000111125,1.59e-13,2.47e-12,"BMI","P1E5"
"1234","cg01678580",0.000295479,4.58e-05,1.06e-10,7.14e-10,"BMI","P1E5"
"1235","cg01681525",0.00090206,0.000146343,7.09e-10,3.62e-09,"BMI","P1E5"
"1236","cg01741041",0.0005391,7.14e-05,4.5e-14,8.05e-13,"BMI","P1E5"
"1237","cg01765641",0.000543616,0.000103676,1.58e-07,4.04e-07,"BMI","P1E5"
"1238","cg01798813",0.000224465,4.73e-05,2.06e-06,3.91e-06,"BMI","P1E5"
"1239","cg01818539",0.000219809,3.38e-05,7.44e-11,5.24e-10,"BMI","P1E5"
"1240","cg01881899",0.000332954,5.57e-05,2.2e-09,9.52e-09,"BMI","P1E5"
"1241","cg01885635",-0.000480636,8.73e-05,3.66e-08,1.12e-07,"BMI","P1E5"
"1242","cg01890836",-0.000376052,7.5e-05,5.34e-07,1.17e-06,"BMI","P1E5"
"1243","cg01975495",0.000598838,0.000104569,1.02e-08,3.57e-08,"BMI","P1E5"
"1244","cg02050917",0.000513223,8.23e-05,4.44e-10,2.45e-09,"BMI","P1E5"
"1245","cg02079413",0.000477678,7.91e-05,1.58e-09,7.15e-09,"BMI","P1E5"
"1246","cg02203067",0.000498676,8.63e-05,7.56e-09,2.71e-08,"BMI","P1E5"
"1247","cg02329670",-0.000532046,8.04e-05,3.7e-11,2.86e-10,"BMI","P1E5"
"1248","cg02341197",0.000620985,0.000102337,1.29e-09,6.11e-09,"BMI","P1E5"
"1249","cg02370100",0.00049264,7.96e-05,6.05e-10,3.22e-09,"BMI","P1E5"
"1250","cg02417857",0.00090813,0.00015185,2.23e-09,9.56e-09,"BMI","P1E5"
"1251","cg02508743",0.000660446,0.000113191,5.39e-09,2.07e-08,"BMI","P1E5"
"1252","cg02556345",-0.000532308,9.72e-05,4.32e-08,1.29e-07,"BMI","P1E5"
"1253","cg02569509",-0.00062311,0.000117888,1.25e-07,3.31e-07,"BMI","P1E5"
"1254","cg02571142",0.000683596,0.000137481,6.62e-07,1.41e-06,"BMI","P1E5"
"1255","cg02650017",-0.000284266,3.19e-05,5.24e-19,2.86e-17,"BMI","P1E5"
"1256","cg02716826",-0.000665066,0.000116841,1.26e-08,4.23e-08,"BMI","P1E5"
"1257","cg02734358",-0.000753165,0.000120141,3.63e-10,2.06e-09,"BMI","P1E5"
"1258","cg02893429",-0.000716893,0.000113035,2.26e-10,1.35e-09,"BMI","P1E5"
"1259","cg02946885",-0.000640579,0.000123408,2.09e-07,5.18e-07,"BMI","P1E5"
"1260","cg03050965",-0.000383181,7.48e-05,3.05e-07,7.21e-07,"BMI","P1E5"
"1261","cg03068497",-0.001001247,0.00021442,3.02e-06,5.45e-06,"BMI","P1E5"
"1262","cg03078551",-0.000416231,5.47e-05,2.77e-14,5.27e-13,"BMI","P1E5"
"1263","cg03152187",-0.000328116,5.59e-05,4.26e-09,1.69e-08,"BMI","P1E5"
"1264","cg03173502",-0.000505172,9.97e-05,4.06e-07,9.2e-07,"BMI","P1E5"
"1265","cg03183540",-0.000449178,7.68e-05,5.02e-09,1.95e-08,"BMI","P1E5"
"1266","cg03218374",0.000727617,0.000102635,1.35e-12,1.66e-11,"BMI","P1E5"
"1267","cg03257930",-0.000399541,6.61e-05,1.53e-09,6.97e-09,"BMI","P1E5"
"1268","cg03273183",-0.000469431,8.66e-05,5.84e-08,1.71e-07,"BMI","P1E5"
"1269","cg03297731",-0.000454611,8.65e-05,1.49e-07,3.88e-07,"BMI","P1E5"
"1270","cg03318904",0.000607905,7.15e-05,1.95e-17,7.89e-16,"BMI","P1E5"
"1271","cg03327570",-0.000464215,7.75e-05,2.05e-09,8.93e-09,"BMI","P1E5"
"1272","cg03358113",-0.000214379,4.53e-05,2.26e-06,4.23e-06,"BMI","P1E5"
"1273","cg03358636",0.001072885,0.000112489,1.46e-21,1.31e-19,"BMI","P1E5"
"1274","cg03411376",0.000305434,5.73e-05,9.6e-08,2.59e-07,"BMI","P1E5"
"1275","cg03433986",-0.00046768,9.77e-05,1.7e-06,3.31e-06,"BMI","P1E5"
"1276","cg03500056",0.000602015,0.000105154,1.03e-08,3.58e-08,"BMI","P1E5"
"1277","cg03508235",-0.000377507,7.68e-05,8.87e-07,1.84e-06,"BMI","P1E5"
"1278","cg03523676",0.00061787,9.44e-05,5.84e-11,4.31e-10,"BMI","P1E5"
"1279","cg03607951",0.000882409,0.000186803,2.32e-06,4.33e-06,"BMI","P1E5"
"1280","cg03619256",-0.000662223,9.12e-05,3.76e-13,5.24e-12,"BMI","P1E5"
"1281","cg03636183",0.000734355,0.000161535,5.46e-06,9.43e-06,"BMI","P1E5"
"1282","cg03669394",-0.000708863,0.000136972,2.28e-07,5.55e-07,"BMI","P1E5"
"1283","cg03697881",0.000426335,6.78e-05,3.25e-10,1.89e-09,"BMI","P1E5"
"1284","cg03725309",-0.000596898,7.81e-05,2.12e-14,4.15e-13,"BMI","P1E5"
"1285","cg03744043",0.000438922,7.49e-05,4.62e-09,1.82e-08,"BMI","P1E5"
"1286","cg03747456",-0.000416663,8.04e-05,2.18e-07,5.35e-07,"BMI","P1E5"
"1287","cg03803086",0.000609463,0.000110005,3.02e-08,9.37e-08,"BMI","P1E5"
"1288","cg03819286",0.000499677,8e-05,4.24e-10,2.35e-09,"BMI","P1E5"
"1289","cg03850986",-0.000973782,0.000138194,1.83e-12,2.13e-11,"BMI","P1E5"
"1290","cg03853208",0.000388283,8.5e-05,4.87e-06,8.52e-06,"BMI","P1E5"
"1291","cg03885055",-0.000362219,7.4e-05,9.95e-07,2.05e-06,"BMI","P1E5"
"1292","cg03940776",-0.000614586,7.18e-05,1.13e-17,4.72e-16,"BMI","P1E5"
"1293","cg03957124",-0.000621271,8.44e-05,1.81e-13,2.71e-12,"BMI","P1E5"
"1294","cg04011474",-0.000670938,9.01e-05,9.82e-14,1.6e-12,"BMI","P1E5"
"1295","cg04161365",-0.000450892,8.76e-05,2.61e-07,6.27e-07,"BMI","P1E5"
"1296","cg04189187",-0.000462761,8.85e-05,1.69e-07,4.29e-07,"BMI","P1E5"
"1297","cg04366104",0.000457722,8.24e-05,2.74e-08,8.54e-08,"BMI","P1E5"
"1298","cg04424621",-0.000392168,7.5e-05,1.7e-07,4.31e-07,"BMI","P1E5"
"1299","cg04508739",0.000675424,0.000100553,1.85e-11,1.54e-10,"BMI","P1E5"
"1300","cg04528038",0.000294591,6.05e-05,1.14e-06,2.32e-06,"BMI","P1E5"
"1301","cg04577162",0.000508507,8.34e-05,1.09e-09,5.24e-09,"BMI","P1E5"
"1302","cg04583842",0.000536285,0.000120348,8.35e-06,1.38e-05,"BMI","P1E5"
"1303","cg04716530",-0.000312233,6.86e-05,5.29e-06,9.16e-06,"BMI","P1E5"
"1304","cg04742397",-0.000418515,8.69e-05,1.45e-06,2.86e-06,"BMI","P1E5"
"1305","cg04757345",-0.000679401,0.000113603,2.22e-09,9.56e-09,"BMI","P1E5"
"1306","cg04813880",0.000536205,9.04e-05,2.97e-09,1.23e-08,"BMI","P1E5"
"1307","cg04816311",0.00114308,0.000125375,7.7e-20,5.37e-18,"BMI","P1E5"
"1308","cg04927537",0.001231784,0.000158983,9.34e-15,2.06e-13,"BMI","P1E5"
"1309","cg04931184",-0.000449695,8.18e-05,3.84e-08,1.17e-07,"BMI","P1E5"
"1310","cg04945608",-0.000465897,8.45e-05,3.45e-08,1.06e-07,"BMI","P1E5"
"1311","cg04986899",0.000438555,7.84e-05,2.27e-08,7.2e-08,"BMI","P1E5"
"1312","cg04999824",-0.000303209,6.48e-05,2.92e-06,5.28e-06,"BMI","P1E5"
"1313","cg05050042",0.000574536,9.95e-05,7.83e-09,2.79e-08,"BMI","P1E5"
"1314","cg05063895",-0.000238177,4.23e-05,1.74e-08,5.63e-08,"BMI","P1E5"
"1315","cg05242915",0.000651004,0.000133848,1.15e-06,2.33e-06,"BMI","P1E5"
"1316","cg05248321",0.000486123,0.000100268,1.25e-06,2.5e-06,"BMI","P1E5"
"1317","cg05272827",0.000740931,0.000118869,4.57e-10,2.51e-09,"BMI","P1E5"
"1318","cg05277504",-0.000210832,3.95e-05,9.47e-08,2.57e-07,"BMI","P1E5"
"1319","cg05284742",0.000365409,6.81e-05,7.96e-08,2.24e-07,"BMI","P1E5"
"1320","cg05295703",0.000462093,7.15e-05,1.02e-10,6.94e-10,"BMI","P1E5"
"1321","cg05323251",0.000298441,6.29e-05,2.05e-06,3.9e-06,"BMI","P1E5"
"1322","cg05369623",0.00045176,7.79e-05,6.61e-09,2.45e-08,"BMI","P1E5"
"1323","cg05399785",0.000621433,8.02e-05,9.51e-15,2.06e-13,"BMI","P1E5"
"1324","cg05441854",0.000427242,8.78e-05,1.15e-06,2.33e-06,"BMI","P1E5"
"1325","cg05460226",0.000861102,0.00013529,1.95e-10,1.21e-09,"BMI","P1E5"
"1326","cg05573654",0.000576927,8.05e-05,7.49e-13,1e-11,"BMI","P1E5"
"1327","cg05575921",0.001161039,0.000172468,1.67e-11,1.43e-10,"BMI","P1E5"
"1328","cg05720226",0.000376075,8.17e-05,4.2e-06,7.43e-06,"BMI","P1E5"
"1329","cg05778424",0.000476667,8.15e-05,4.95e-09,1.93e-08,"BMI","P1E5"
"1330","cg05820396",-0.0004523,9.04e-05,5.64e-07,1.23e-06,"BMI","P1E5"
"1331","cg05899984",0.000365814,6.06e-05,1.53e-09,6.97e-09,"BMI","P1E5"
"1332","cg05945608",0.000382537,8.55e-05,7.75e-06,1.29e-05,"BMI","P1E5"
"1333","cg05952498",-0.000457543,9.25e-05,7.59e-07,1.59e-06,"BMI","P1E5"
"1334","cg05978306",0.000379698,7.06e-05,7.43e-08,2.1e-07,"BMI","P1E5"
"1335","cg06012428",-0.000346055,7.38e-05,2.73e-06,4.98e-06,"BMI","P1E5"
"1336","cg06017212",0.000506169,7.75e-05,6.58e-11,4.69e-10,"BMI","P1E5"
"1337","cg06039074",0.00034264,6.43e-05,9.96e-08,2.67e-07,"BMI","P1E5"
"1338","cg06096336",0.000797056,0.000154759,2.6e-07,6.26e-07,"BMI","P1E5"
"1339","cg06151145",0.000567201,9.93e-05,1.1e-08,3.79e-08,"BMI","P1E5"
"1340","cg06188083",0.000696113,0.000157074,9.35e-06,1.53e-05,"BMI","P1E5"
"1341","cg06189394",-0.000543725,0.000106044,2.94e-07,6.97e-07,"BMI","P1E5"
"1342","cg06192883",0.001130768,0.000113439,2.1e-23,2.81e-21,"BMI","P1E5"
"1343","cg06207201",-0.000512345,7.77e-05,4.29e-11,3.27e-10,"BMI","P1E5"
"1344","cg06375292",-0.000412036,5.76e-05,8.54e-13,1.13e-11,"BMI","P1E5"
"1345","cg06500161",0.001136108,9.27e-05,1.61e-34,6.73e-32,"BMI","P1E5"
"1346","cg06559575",-0.000702687,8.01e-05,1.83e-18,8.81e-17,"BMI","P1E5"
"1347","cg06560379",-0.000175729,3.03e-05,6.41e-09,2.4e-08,"BMI","P1E5"
"1348","cg06568880",0.000434752,5.37e-05,5.5e-16,1.72e-14,"BMI","P1E5"
"1349","cg06603309",-0.000285605,6.3e-05,5.9e-06,1.01e-05,"BMI","P1E5"
"1350","cg06619077",-0.000585224,0.000122431,1.75e-06,3.38e-06,"BMI","P1E5"
"1351","cg06647068",-0.000700069,0.000109101,1.39e-10,9.19e-10,"BMI","P1E5"
"1352","cg06690548",-0.000701048,0.000107114,5.95e-11,4.34e-10,"BMI","P1E5"
"1353","cg06710464",0.000540428,7.94e-05,9.83e-12,8.99e-11,"BMI","P1E5"
"1354","cg06762457",-0.000871515,0.000161929,7.36e-08,2.09e-07,"BMI","P1E5"
"1355","cg06783533",0.000260018,4.61e-05,1.72e-08,5.58e-08,"BMI","P1E5"
"1356","cg06872964",0.000889172,0.000175568,4.09e-07,9.27e-07,"BMI","P1E5"
"1357","cg06940720",0.000507737,9.02e-05,1.81e-08,5.82e-08,"BMI","P1E5"
"1358","cg06946797",-0.00081351,0.000116184,2.53e-12,2.78e-11,"BMI","P1E5"
"1359","cg07012687",0.000874927,0.000109762,1.57e-15,4.29e-14,"BMI","P1E5"
"1360","cg07021906",0.000575082,9.96e-05,7.79e-09,2.78e-08,"BMI","P1E5"
"1361","cg07052041",-0.000293146,6.14e-05,1.82e-06,3.51e-06,"BMI","P1E5"
"1362","cg07058694",0.000495232,7.72e-05,1.43e-10,9.33e-10,"BMI","P1E5"
"1363","cg07094298",-0.001045261,0.000134061,6.35e-15,1.45e-13,"BMI","P1E5"
"1364","cg07136133",-0.000717829,8.86e-05,5.32e-16,1.71e-14,"BMI","P1E5"
"1365","cg07207669",-0.000615917,0.000110384,2.41e-08,7.57e-08,"BMI","P1E5"
"1366","cg07217499",-0.000467176,8.44e-05,3.07e-08,9.47e-08,"BMI","P1E5"
"1367","cg07248377",0.000609389,0.000105073,6.65e-09,2.46e-08,"BMI","P1E5"
"1368","cg07265588",0.000515161,9.05e-05,1.25e-08,4.23e-08,"BMI","P1E5"
"1369","cg07397296",0.000483473,1e-04,1.32e-06,2.63e-06,"BMI","P1E5"
"1370","cg07417146",0.000463183,9.75e-05,2.04e-06,3.89e-06,"BMI","P1E5"
"1371","cg07458272",0.00056929,8.32e-05,7.72e-12,7.34e-11,"BMI","P1E5"
"1372","cg07504977",0.001034637,0.000145587,1.19e-12,1.51e-11,"BMI","P1E5"
"1373","cg07558761",0.000422999,8.97e-05,2.41e-06,4.47e-06,"BMI","P1E5"
"1374","cg07682160",0.000534364,9.03e-05,3.24e-09,1.32e-08,"BMI","P1E5"
"1375","cg07728579",0.000543278,9.15e-05,2.92e-09,1.22e-08,"BMI","P1E5"
"1376","cg07769588",0.000522511,0.000112875,3.67e-06,6.54e-06,"BMI","P1E5"
"1377","cg07805604",0.000326675,6.49e-05,4.87e-07,1.09e-06,"BMI","P1E5"
"1378","cg07814318",0.000783828,0.000116443,1.68e-11,1.43e-10,"BMI","P1E5"
"1379","cg08051604",0.000453834,7.97e-05,1.22e-08,4.13e-08,"BMI","P1E5"
"1380","cg08055663",0.000418573,7.04e-05,2.73e-09,1.15e-08,"BMI","P1E5"
"1381","cg08305942",-0.000773213,0.000101682,2.87e-14,5.37e-13,"BMI","P1E5"
"1382","cg08309687",-0.001184012,0.000148612,1.62e-15,4.33e-14,"BMI","P1E5"
"1383","cg08316365",0.000413694,8.3e-05,6.15e-07,1.33e-06,"BMI","P1E5"
"1384","cg08352115",0.000633555,9.01e-05,2.07e-12,2.36e-11,"BMI","P1E5"
"1385","cg08388111",0.000528004,8.55e-05,6.61e-10,3.41e-09,"BMI","P1E5"
"1386","cg08537367",0.00037822,8.53e-05,9.17e-06,1.5e-05,"BMI","P1E5"
"1387","cg08548559",-0.00091286,0.000132248,5.1e-12,5.16e-11,"BMI","P1E5"
"1388","cg08666707",-0.000442576,8.67e-05,3.34e-07,7.78e-07,"BMI","P1E5"
"1389","cg08788930",0.000520809,0.000100871,2.43e-07,5.88e-07,"BMI","P1E5"
"1390","cg08813944",0.000538085,9.65e-05,2.48e-08,7.76e-08,"BMI","P1E5"
"1391","cg08881019",-0.000253827,5.42e-05,2.8e-06,5.08e-06,"BMI","P1E5"
"1392","cg09012125",0.000470283,0.000104067,6.21e-06,1.05e-05,"BMI","P1E5"
"1393","cg09018739",0.000445635,8.47e-05,1.44e-07,3.76e-07,"BMI","P1E5"
"1394","cg09038267",0.000230288,3.72e-05,6.06e-10,3.22e-09,"BMI","P1E5"
"1395","cg09039672",0.000455732,7.43e-05,8.48e-10,4.22e-09,"BMI","P1E5"
"1396","cg09055236",0.00045,8.39e-05,8.26e-08,2.31e-07,"BMI","P1E5"
"1397","cg09092525",-0.000668617,0.000131923,4.01e-07,9.17e-07,"BMI","P1E5"
"1398","cg09138671",-0.000650628,0.000116409,2.28e-08,7.23e-08,"BMI","P1E5"
"1399","cg09152259",-0.000772814,0.000134348,8.8e-09,3.1e-08,"BMI","P1E5"
"1400","cg09182678",-0.000433637,5.6e-05,9.21e-15,2.06e-13,"BMI","P1E5"
"1401","cg09249494",0.000599084,9.74e-05,7.63e-10,3.86e-09,"BMI","P1E5"
"1402","cg09251317",-0.000378126,7.29e-05,2.18e-07,5.35e-07,"BMI","P1E5"
"1403","cg09276842",-0.000395228,5.83e-05,1.25e-11,1.11e-10,"BMI","P1E5"
"1404","cg09286468",0.000650215,0.000136829,2.01e-06,3.84e-06,"BMI","P1E5"
"1405","cg09297903",0.000780861,0.000127748,9.81e-10,4.79e-09,"BMI","P1E5"
"1406","cg09315878",-0.000656104,0.000125575,1.74e-07,4.41e-07,"BMI","P1E5"
"1407","cg09554443",-0.000817652,0.000126496,1.02e-10,6.94e-10,"BMI","P1E5"
"1408","cg09561830",-0.00071679,0.000119355,1.91e-09,8.36e-09,"BMI","P1E5"
"1409","cg09577455",-0.000461783,9.86e-05,2.83e-06,5.12e-06,"BMI","P1E5"
"1410","cg09613192",0.000832761,0.000129318,1.2e-10,8.03e-10,"BMI","P1E5"
"1411","cg09624923",-0.000638251,8.16e-05,5.3e-15,1.25e-13,"BMI","P1E5"
"1412","cg09664445",0.000490724,7.79e-05,3e-10,1.75e-09,"BMI","P1E5"
"1413","cg09737197",-0.000527501,9.03e-05,5.14e-09,1.98e-08,"BMI","P1E5"
"1414","cg09777883",0.00064027,9.17e-05,2.86e-12,3.12e-11,"BMI","P1E5"
"1415","cg09831562",0.00109385,0.000120754,1.32e-19,7.9e-18,"BMI","P1E5"
"1416","cg09866569",0.000491607,9.8e-05,5.28e-07,1.16e-06,"BMI","P1E5"
"1417","cg09876440",-0.000880816,0.000171157,2.66e-07,6.35e-07,"BMI","P1E5"
"1418","cg09956615",0.000472932,8.26e-05,1.03e-08,3.57e-08,"BMI","P1E5"
"1419","cg10037913",-0.000163866,3.51e-05,3.07e-06,5.53e-06,"BMI","P1E5"
"1420","cg10042645",0.000768983,0.000156573,9.05e-07,1.87e-06,"BMI","P1E5"
"1421","cg10062919",0.000333807,7.31e-05,5e-06,8.72e-06,"BMI","P1E5"
"1422","cg10080966",-0.000371258,8.1e-05,4.57e-06,8.03e-06,"BMI","P1E5"
"1423","cg10179300",0.000520706,9.5e-05,4.25e-08,1.28e-07,"BMI","P1E5"
"1424","cg10192877",0.000242087,5.06e-05,1.75e-06,3.38e-06,"BMI","P1E5"
"1425","cg10381071",-0.0003747,7.23e-05,2.19e-07,5.37e-07,"BMI","P1E5"
"1426","cg10397932",-0.00029146,4.97e-05,4.47e-09,1.76e-08,"BMI","P1E5"
"1427","cg10423113",0.000232184,4.16e-05,2.32e-08,7.3e-08,"BMI","P1E5"
"1428","cg10438589",0.000717242,0.000104005,5.34e-12,5.36e-11,"BMI","P1E5"
"1429","cg10440877",0.00051227,8.07e-05,2.21e-10,1.34e-09,"BMI","P1E5"
"1430","cg10504000",-0.000440157,9.65e-05,5.09e-06,8.86e-06,"BMI","P1E5"
"1431","cg10508317",-0.000391018,5.85e-05,2.28e-11,1.82e-10,"BMI","P1E5"
"1432","cg10513161",0.000284872,6.25e-05,5.15e-06,8.96e-06,"BMI","P1E5"
"1433","cg10548968",-0.000966135,0.000155735,5.51e-10,2.96e-09,"BMI","P1E5"
"1434","cg10601624",-0.00060708,8.07e-05,5.19e-14,9.17e-13,"BMI","P1E5"
"1435","cg10636246",-0.000809932,0.000122867,4.34e-11,3.28e-10,"BMI","P1E5"
"1436","cg10663078",0.000417877,7.81e-05,8.67e-08,2.39e-07,"BMI","P1E5"
"1437","cg10717869",0.00042283,8.28e-05,3.28e-07,7.66e-07,"BMI","P1E5"
"1438","cg10734665",-0.000595112,0.000120099,7.23e-07,1.52e-06,"BMI","P1E5"
"1439","cg10814005",-0.000347927,7.64e-05,5.2e-06,9.02e-06,"BMI","P1E5"
"1440","cg10819350",0.00060155,0.000102795,4.86e-09,1.9e-08,"BMI","P1E5"
"1441","cg10861731",0.001051645,0.000219754,1.71e-06,3.32e-06,"BMI","P1E5"
"1442","cg10919522",-0.00083171,0.000103879,1.18e-15,3.29e-14,"BMI","P1E5"
"1443","cg10922280",0.000535824,8.02e-05,2.36e-11,1.88e-10,"BMI","P1E5"
"1444","cg10927968",0.000967853,0.000103509,8.73e-21,6.84e-19,"BMI","P1E5"
"1445","cg10965178",0.000406544,8.66e-05,2.64e-06,4.85e-06,"BMI","P1E5"
"1446","cg10987503",0.000375748,6.46e-05,5.98e-09,2.27e-08,"BMI","P1E5"
"1447","cg11039729",0.00035614,6.79e-05,1.55e-07,3.99e-07,"BMI","P1E5"
"1448","cg11080540",0.000408548,8.63e-05,2.19e-06,4.13e-06,"BMI","P1E5"
"1449","cg11080651",-0.00031766,6.53e-05,1.15e-06,2.33e-06,"BMI","P1E5"
"1450","cg11106652",-0.00067389,0.000151144,8.25e-06,1.37e-05,"BMI","P1E5"
"1451","cg11183227",0.000494883,8.16e-05,1.3e-09,6.11e-09,"BMI","P1E5"
"1452","cg11202345",0.000900221,0.00011366,2.37e-15,5.94e-14,"BMI","P1E5"
"1453","cg11258381",-0.000473712,9.51e-05,6.35e-07,1.37e-06,"BMI","P1E5"
"1454","cg11370064",0.000805183,0.000167,1.43e-06,2.82e-06,"BMI","P1E5"
"1455","cg11376147",-0.000318443,5.26e-05,1.39e-09,6.45e-09,"BMI","P1E5"
"1456","cg11468085",0.00054353,8.06e-05,1.51e-11,1.3e-10,"BMI","P1E5"
"1457","cg11494773",-0.000176049,3.98e-05,9.93e-06,1.62e-05,"BMI","P1E5"
"1458","cg11588197",-0.00084955,0.000120336,1.67e-12,1.99e-11,"BMI","P1E5"
"1459","cg11592786",-0.000178062,4e-05,8.42e-06,1.39e-05,"BMI","P1E5"
"1460","cg11650298",-0.000346713,6.82e-05,3.68e-07,8.48e-07,"BMI","P1E5"
"1461","cg11660018",0.000577065,0.000117879,9.81e-07,2.02e-06,"BMI","P1E5"
"1462","cg11789371",-0.000290988,5.94e-05,9.59e-07,1.98e-06,"BMI","P1E5"
"1463","cg11849692",0.000492625,6.76e-05,3.16e-13,4.56e-12,"BMI","P1E5"
"1464","cg11919558",0.000322815,6.64e-05,1.16e-06,2.35e-06,"BMI","P1E5"
"1465","cg11927233",0.000675621,0.000124146,5.26e-08,1.56e-07,"BMI","P1E5"
"1466","cg11969813",0.000569454,9.79e-05,6.09e-09,2.3e-08,"BMI","P1E5"
"1467","cg12014818",0.000422765,9.35e-05,6.15e-06,1.04e-05,"BMI","P1E5"
"1468","cg12032027",-0.000418475,9.15e-05,4.83e-06,8.46e-06,"BMI","P1E5"
"1469","cg12054453",-0.001190393,0.000179931,3.69e-11,2.86e-10,"BMI","P1E5"
"1470","cg12142865",-0.000360555,6.89e-05,1.66e-07,4.24e-07,"BMI","P1E5"
"1471","cg12269535",-0.000987158,0.000118036,6.11e-17,2.25e-15,"BMI","P1E5"
"1472","cg12332902",-0.000398272,7.58e-05,1.5e-07,3.89e-07,"BMI","P1E5"
"1473","cg12338137",-0.000606732,8.74e-05,3.82e-12,3.96e-11,"BMI","P1E5"
"1474","cg12484113",0.000681755,8.07e-05,3.05e-17,1.16e-15,"BMI","P1E5"
"1475","cg12510708",-0.00048348,0.000102899,2.62e-06,4.82e-06,"BMI","P1E5"
"1476","cg12555233",0.000326797,5.49e-05,2.69e-09,1.14e-08,"BMI","P1E5"
"1477","cg12582959",0.000417739,7.78e-05,8.04e-08,2.25e-07,"BMI","P1E5"
"1478","cg12593793",-0.000722981,8.76e-05,1.58e-16,5.34e-15,"BMI","P1E5"
"1479","cg12612420",0.000325269,7.29e-05,8.17e-06,1.36e-05,"BMI","P1E5"
"1480","cg12620005",-0.000469042,5.85e-05,1.06e-15,3.03e-14,"BMI","P1E5"
"1481","cg12623364",0.000458778,8.55e-05,8.07e-08,2.26e-07,"BMI","P1E5"
"1482","cg12644285",-0.000833282,0.000108759,1.83e-14,3.71e-13,"BMI","P1E5"
"1483","cg12658897",0.000388168,6.92e-05,2.08e-08,6.63e-08,"BMI","P1E5"
"1484","cg12782654",0.000338622,6.27e-05,6.76e-08,1.94e-07,"BMI","P1E5"
"1485","cg12825509",0.000620075,0.000119002,1.88e-07,4.7e-07,"BMI","P1E5"
"1486","cg12923994",0.000224391,4.74e-05,2.18e-06,4.12e-06,"BMI","P1E5"
"1487","cg13039251",-0.000959951,0.000152875,3.4e-10,1.96e-09,"BMI","P1E5"
"1488","cg13059136",0.000611947,0.000107352,1.2e-08,4.08e-08,"BMI","P1E5"
"1489","cg13061976",0.0004629,8.6e-05,7.33e-08,2.08e-07,"BMI","P1E5"
"1490","cg13072943",-0.000592616,0.000132139,7.3e-06,1.23e-05,"BMI","P1E5"
"1491","cg13123009",0.000800121,8.35e-05,9.68e-22,9.34e-20,"BMI","P1E5"
"1492","cg13134297",-0.000728003,8.88e-05,2.41e-16,7.96e-15,"BMI","P1E5"
"1493","cg13139542",0.000483777,8.21e-05,3.8e-09,1.52e-08,"BMI","P1E5"
"1494","cg13174306",-0.000464163,8.11e-05,1.05e-08,3.62e-08,"BMI","P1E5"
"1495","cg13222915",-0.000786548,8.2e-05,8.52e-22,8.9e-20,"BMI","P1E5"
"1496","cg13274938",0.00056461,6.84e-05,1.49e-16,5.2e-15,"BMI","P1E5"
"1497","cg13300580",0.000462878,7.25e-05,1.75e-10,1.1e-09,"BMI","P1E5"
"1498","cg13442606",-0.000441888,8.96e-05,8.08e-07,1.69e-06,"BMI","P1E5"
"1499","cg13488078",0.000320854,6.86e-05,2.86e-06,5.18e-06,"BMI","P1E5"
"1500","cg13518625",-0.000393216,7.95e-05,7.66e-07,1.6e-06,"BMI","P1E5"
"1501","cg13522406",0.000511985,8.47e-05,1.51e-09,6.93e-09,"BMI","P1E5"
"1502","cg13558754",0.000404076,8.81e-05,4.56e-06,8.03e-06,"BMI","P1E5"
"1503","cg13562284",-0.000507093,8.94e-05,1.39e-08,4.59e-08,"BMI","P1E5"
"1504","cg13590277",-0.000369242,7.17e-05,2.6e-07,6.26e-07,"BMI","P1E5"
"1505","cg13591783",-0.000503332,9.16e-05,3.86e-08,1.17e-07,"BMI","P1E5"
"1506","cg13659446",0.000227712,4.54e-05,5.37e-07,1.18e-06,"BMI","P1E5"
"1507","cg13691961",0.000987057,0.000168941,5.14e-09,1.98e-08,"BMI","P1E5"
"1508","cg13696490",-0.000778415,0.000136615,1.21e-08,4.13e-08,"BMI","P1E5"
"1509","cg13708645",0.000953425,0.000155591,8.91e-10,4.4e-09,"BMI","P1E5"
"1510","cg13758913",0.00049413,8.38e-05,3.66e-09,1.47e-08,"BMI","P1E5"
"1511","cg13770461",-0.000571713,8.31e-05,5.93e-12,5.81e-11,"BMI","P1E5"
"1512","cg13784312",-0.000291696,5.75e-05,4e-07,9.15e-07,"BMI","P1E5"
"1513","cg13823169",-0.000553287,0.000110177,5.12e-07,1.14e-06,"BMI","P1E5"
"1514","cg13917151",0.000346929,7.39e-05,2.66e-06,4.87e-06,"BMI","P1E5"
"1515","cg14017402",0.000850411,0.000128455,3.58e-11,2.81e-10,"BMI","P1E5"
"1516","cg14145074",0.000653845,9.39e-05,3.4e-12,3.62e-11,"BMI","P1E5"
"1517","cg14162417",-0.000554922,0.000107746,2.6e-07,6.26e-07,"BMI","P1E5"
"1518","cg14205864",-0.000428841,7.11e-05,1.61e-09,7.2e-09,"BMI","P1E5"
"1519","cg14237301",0.000578775,9.25e-05,3.95e-10,2.21e-09,"BMI","P1E5"
"1520","cg14264316",0.00048456,0.000102915,2.5e-06,4.62e-06,"BMI","P1E5"
"1521","cg14341014",0.000339539,5.86e-05,6.82e-09,2.51e-08,"BMI","P1E5"
"1522","cg14476101",-0.001238299,0.000179798,5.69e-12,5.66e-11,"BMI","P1E5"
"1523","cg14509967",0.000639289,0.000134409,1.97e-06,3.78e-06,"BMI","P1E5"
"1524","cg14531564",-0.000601197,9.19e-05,6.11e-11,4.4e-10,"BMI","P1E5"
"1525","cg14564351",0.000438323,9.01e-05,1.13e-06,2.31e-06,"BMI","P1E5"
"1526","cg14628343",0.000486411,9.6e-05,4.03e-07,9.19e-07,"BMI","P1E5"
"1527","cg14693090",0.00042945,7.58e-05,1.47e-08,4.85e-08,"BMI","P1E5"
"1528","cg14902389",-0.00030206,6.23e-05,1.25e-06,2.5e-06,"BMI","P1E5"
"1529","cg14992144",0.000365351,6.85e-05,9.48e-08,2.57e-07,"BMI","P1E5"
"1530","cg15012027",-0.00069967,0.000141169,7.19e-07,1.51e-06,"BMI","P1E5"
"1531","cg15020801",0.000514209,8.82e-05,5.56e-09,2.13e-08,"BMI","P1E5"
"1532","cg15135047",0.000523322,8.17e-05,1.49e-10,9.67e-10,"BMI","P1E5"
"1533","cg15138339",0.000524276,8.35e-05,3.42e-10,1.96e-09,"BMI","P1E5"
"1534","cg15154002",0.000296148,6.66e-05,8.77e-06,1.44e-05,"BMI","P1E5"
"1535","cg15159104",0.000382933,7.26e-05,1.32e-07,3.48e-07,"BMI","P1E5"
"1536","cg15227982",0.000338576,6.75e-05,5.28e-07,1.16e-06,"BMI","P1E5"
"1537","cg15296767",0.000393198,7.08e-05,2.8e-08,8.73e-08,"BMI","P1E5"
"1538","cg15357118",0.000626165,8.81e-05,1.18e-12,1.51e-11,"BMI","P1E5"
"1539","cg15609237",0.000478613,9.39e-05,3.45e-07,8e-07,"BMI","P1E5"
"1540","cg15648041",-0.000343949,7.32e-05,2.6e-06,4.78e-06,"BMI","P1E5"
"1541","cg15667493",0.000352679,7.92e-05,8.42e-06,1.39e-05,"BMI","P1E5"
"1542","cg15696506",-0.00087918,0.000121298,4.23e-13,5.82e-12,"BMI","P1E5"
"1543","cg15697257",-0.000280324,6.2e-05,6.11e-06,1.04e-05,"BMI","P1E5"
"1544","cg15721584",0.001359511,0.000155396,2.16e-18,1e-16,"BMI","P1E5"
"1545","cg15722603",-0.000374356,7.46e-05,5.18e-07,1.14e-06,"BMI","P1E5"
"1546","cg15763258",0.00041247,9.05e-05,5.21e-06,9.02e-06,"BMI","P1E5"
"1547","cg15819225",0.000427971,8.2e-05,1.77e-07,4.46e-07,"BMI","P1E5"
"1548","cg15829728",0.000570295,8.09e-05,1.78e-12,2.08e-11,"BMI","P1E5"
"1549","cg15860624",0.000599672,0.000132137,5.67e-06,9.76e-06,"BMI","P1E5"
"1550","cg15871086",0.000506124,8.52e-05,2.86e-09,1.19e-08,"BMI","P1E5"
"1551","cg15901722",-0.00051779,9.11e-05,1.3e-08,4.36e-08,"BMI","P1E5"
"1552","cg15989436",-0.000501399,0.000104051,1.44e-06,2.85e-06,"BMI","P1E5"
"1553","cg16097041",0.000495601,8.01e-05,6.18e-10,3.27e-09,"BMI","P1E5"
"1554","cg16151960",-0.000474472,8.72e-05,5.29e-08,1.56e-07,"BMI","P1E5"
"1555","cg16163382",-0.000306712,5.6e-05,4.3e-08,1.29e-07,"BMI","P1E5"
"1556","cg16197636",0.000806902,0.000152463,1.21e-07,3.2e-07,"BMI","P1E5"
"1557","cg16223546",-0.000309603,6.72e-05,4.11e-06,7.29e-06,"BMI","P1E5"
"1558","cg16246545",-0.000842748,0.000149025,1.56e-08,5.09e-08,"BMI","P1E5"
"1559","cg16305292",0.000464736,7.58e-05,8.91e-10,4.4e-09,"BMI","P1E5"
"1560","cg16324306",0.000441065,8.43e-05,1.67e-07,4.25e-07,"BMI","P1E5"
"1561","cg16357921",-0.000311005,6.56e-05,2.1e-06,3.97e-06,"BMI","P1E5"
"1562","cg16395997",0.000636107,0.000100799,2.78e-10,1.63e-09,"BMI","P1E5"
"1563","cg16407699",0.000773026,0.000121189,1.79e-10,1.12e-09,"BMI","P1E5"
"1564","cg16519923",-0.000426062,9.16e-05,3.26e-06,5.85e-06,"BMI","P1E5"
"1565","cg16547579",0.000508056,9.99e-05,3.62e-07,8.37e-07,"BMI","P1E5"
"1566","cg16618104",-0.000470738,8.81e-05,9.21e-08,2.51e-07,"BMI","P1E5"
"1567","cg16638248",-0.000396305,8.44e-05,2.68e-06,4.9e-06,"BMI","P1E5"
"1568","cg16655795",0.000517301,7.3e-05,1.35e-12,1.66e-11,"BMI","P1E5"
"1569","cg16735495",-0.00040374,8.49e-05,1.95e-06,3.75e-06,"BMI","P1E5"
"1570","cg16755922",0.000683278,0.000123452,3.12e-08,9.6e-08,"BMI","P1E5"
"1571","cg16815882",0.000539632,6.97e-05,9.83e-15,2.09e-13,"BMI","P1E5"
"1572","cg16936953",-0.001148999,0.000163493,2.1e-12,2.37e-11,"BMI","P1E5"
"1573","cg17058475",-0.000656733,7.21e-05,8.23e-20,5.43e-18,"BMI","P1E5"
"1574","cg17061862",-0.000661201,0.000132347,5.85e-07,1.27e-06,"BMI","P1E5"
"1575","cg17066943",-0.000199209,4.12e-05,1.31e-06,2.6e-06,"BMI","P1E5"
"1576","cg17113968",0.000432264,6.63e-05,7.1e-11,5.03e-10,"BMI","P1E5"
"1577","cg17137186",-0.000328804,4.79e-05,6.94e-12,6.74e-11,"BMI","P1E5"
"1578","cg17178175",-0.000650354,0.000103629,3.48e-10,1.98e-09,"BMI","P1E5"
"1579","cg17214023",-0.000592066,8.95e-05,3.78e-11,2.91e-10,"BMI","P1E5"
"1580","cg17260706",-0.000555263,7.44e-05,8.53e-14,1.43e-12,"BMI","P1E5"
"1581","cg17287155",0.000440279,6.47e-05,1.04e-11,9.42e-11,"BMI","P1E5"
"1582","cg17360854",0.000380791,7.37e-05,2.41e-07,5.84e-07,"BMI","P1E5"
"1583","cg17429236",0.00058849,8.36e-05,1.91e-12,2.2e-11,"BMI","P1E5"
"1584","cg17501210",-0.001760659,0.000148232,1.55e-32,4.84e-30,"BMI","P1E5"
"1585","cg17526229",0.00049533,8.37e-05,3.23e-09,1.32e-08,"BMI","P1E5"
"1586","cg17680767",-0.00062882,9.38e-05,2.05e-11,1.66e-10,"BMI","P1E5"
"1587","cg17820878",0.000420069,5.72e-05,2.17e-13,3.2e-12,"BMI","P1E5"
"1588","cg17822325",0.0009949,0.000136712,3.41e-13,4.8e-12,"BMI","P1E5"
"1589","cg17836612",0.000586304,9.66e-05,1.29e-09,6.1e-09,"BMI","P1E5"
"1590","cg17894755",0.000439466,8.22e-05,8.85e-08,2.44e-07,"BMI","P1E5"
"1591","cg17901584",-0.001230891,0.000118883,4.02e-25,8.4e-23,"BMI","P1E5"
"1592","cg17939040",0.000374635,6.59e-05,1.29e-08,4.34e-08,"BMI","P1E5"
"1593","cg18030453",0.000507397,7.23e-05,2.31e-12,2.58e-11,"BMI","P1E5"
"1594","cg18087306",0.000583009,8.63e-05,1.39e-11,1.21e-10,"BMI","P1E5"
"1595","cg18115724",0.000322856,7.15e-05,6.36e-06,1.07e-05,"BMI","P1E5"
"1596","cg18119407",-0.000488649,8.45e-05,7.33e-09,2.65e-08,"BMI","P1E5"
"1597","cg18120259",-0.000575332,8.98e-05,1.5e-10,9.67e-10,"BMI","P1E5"
"1598","cg18145558",0.000317808,7.09e-05,7.37e-06,1.23e-05,"BMI","P1E5"
"1599","cg18181703",-0.001293723,0.000129869,2.24e-23,2.81e-21,"BMI","P1E5"
"1600","cg18192491",-0.00053621,0.000109912,1.07e-06,2.19e-06,"BMI","P1E5"
"1601","cg18194850",0.000727239,9.77e-05,9.56e-14,1.58e-12,"BMI","P1E5"
"1602","cg18217136",0.000346215,6.39e-05,6.03e-08,1.75e-07,"BMI","P1E5"
"1603","cg18222865",0.000536427,8.69e-05,6.73e-10,3.44e-09,"BMI","P1E5"
"1604","cg18369990",-0.000604594,9.81e-05,7.23e-10,3.67e-09,"BMI","P1E5"
"1605","cg18500988",0.000343629,7.58e-05,5.76e-06,9.89e-06,"BMI","P1E5"
"1606","cg18513344",-0.000510633,8.72e-05,4.76e-09,1.87e-08,"BMI","P1E5"
"1607","cg18520851",0.000651564,0.000121008,7.27e-08,2.07e-07,"BMI","P1E5"
"1608","cg18608055",-0.001002572,0.00010555,2.13e-21,1.78e-19,"BMI","P1E5"
"1609","cg18729298",0.000444784,7.92e-05,1.98e-08,6.34e-08,"BMI","P1E5"
"1610","cg18772573",0.000405524,7.77e-05,1.8e-07,4.52e-07,"BMI","P1E5"
"1611","cg18876826",0.000704173,0.000107668,6.14e-11,4.4e-10,"BMI","P1E5"
"1612","cg19016694",-0.000676183,9.88e-05,7.81e-12,7.36e-11,"BMI","P1E5"
"1613","cg19053223",0.000274396,5.93e-05,3.65e-06,6.52e-06,"BMI","P1E5"
"1614","cg19090861",0.000397063,7.19e-05,3.4e-08,1.05e-07,"BMI","P1E5"
"1615","cg19202384",-0.000478653,9.69e-05,7.92e-07,1.65e-06,"BMI","P1E5"
"1616","cg19217955",-0.000102193,1.94e-05,1.49e-07,3.86e-07,"BMI","P1E5"
"1617","cg19323289",-0.00046332,9.03e-05,2.84e-07,6.77e-07,"BMI","P1E5"
"1618","cg19351166",0.000410714,7.76e-05,1.23e-07,3.24e-07,"BMI","P1E5"
"1619","cg19352726",0.000434168,7.77e-05,2.31e-08,7.29e-08,"BMI","P1E5"
"1620","cg19413066",-0.000568718,9.59e-05,3.05e-09,1.26e-08,"BMI","P1E5"
"1621","cg19420720",0.000370352,7.84e-05,2.35e-06,4.38e-06,"BMI","P1E5"
"1622","cg19501902",0.000662416,0.000114317,6.85e-09,2.51e-08,"BMI","P1E5"
"1623","cg19503640",0.000588134,0.000116797,4.76e-07,1.07e-06,"BMI","P1E5"
"1624","cg19566658",0.000580074,9.59e-05,1.44e-09,6.63e-09,"BMI","P1E5"
"1625","cg19589396",-0.000828213,0.000127617,8.59e-11,5.92e-10,"BMI","P1E5"
"1626","cg19618279",0.000382533,7.24e-05,1.28e-07,3.36e-07,"BMI","P1E5"
"1627","cg19631651",-0.000394746,7.93e-05,6.48e-07,1.38e-06,"BMI","P1E5"
"1628","cg19638572",0.000495802,0.000105667,2.7e-06,4.93e-06,"BMI","P1E5"
"1629","cg19693031",-0.000651706,0.000146183,8.27e-06,1.37e-05,"BMI","P1E5"
"1630","cg19695507",0.000676765,9.91e-05,8.59e-12,7.98e-11,"BMI","P1E5"
"1631","cg19750657",0.001170028,0.000116183,7.45e-24,1.34e-21,"BMI","P1E5"
"1632","cg19784816",-0.000310138,6.49e-05,1.75e-06,3.38e-06,"BMI","P1E5"
"1633","cg19851291",0.000337387,5.71e-05,3.42e-09,1.39e-08,"BMI","P1E5"
"1634","cg19881557",0.000592205,9.21e-05,1.27e-10,8.46e-10,"BMI","P1E5"
"1635","cg19940482",-0.000427867,8.81e-05,1.19e-06,2.41e-06,"BMI","P1E5"
"1636","cg19979108",-0.000545754,9.64e-05,1.5e-08,4.93e-08,"BMI","P1E5"
"1637","cg20052079",-0.000591725,0.000112458,1.43e-07,3.74e-07,"BMI","P1E5"
"1638","cg20117103",0.000557915,9.22e-05,1.42e-09,6.53e-09,"BMI","P1E5"
"1639","cg20248822",-0.000480003,9.27e-05,2.24e-07,5.48e-07,"BMI","P1E5"
"1640","cg20253855",-0.000455577,9.18e-05,7.04e-07,1.49e-06,"BMI","P1E5"
"1641","cg20360704",0.000339651,5.36e-05,2.37e-10,1.4e-09,"BMI","P1E5"
"1642","cg20445774",0.000380844,6.59e-05,7.4e-09,2.66e-08,"BMI","P1E5"
"1643","cg20494738",0.000400699,7.12e-05,1.83e-08,5.89e-08,"BMI","P1E5"
"1644","cg20496314",0.000664996,0.000134111,7.1e-07,1.5e-06,"BMI","P1E5"
"1645","cg20520115",0.000438465,8.15e-05,7.56e-08,2.14e-07,"BMI","P1E5"
"1646","cg20690125",0.000371673,6.85e-05,5.69e-08,1.67e-07,"BMI","P1E5"
"1647","cg20697025",0.00044843,8.78e-05,3.27e-07,7.64e-07,"BMI","P1E5"
"1648","cg20722088",0.000736015,9.29e-05,2.33e-15,5.94e-14,"BMI","P1E5"
"1649","cg20782117",-0.000624545,9.78e-05,1.71e-10,1.08e-09,"BMI","P1E5"
"1650","cg20849150",-0.000375978,8.13e-05,3.77e-06,6.68e-06,"BMI","P1E5"
"1651","cg20852250",0.000344713,6.92e-05,6.3e-07,1.36e-06,"BMI","P1E5"
"1652","cg20871826",0.000526418,7e-05,5.53e-14,9.64e-13,"BMI","P1E5"
"1653","cg20998539",-0.000392603,8.21e-05,1.73e-06,3.35e-06,"BMI","P1E5"
"1654","cg21042285",0.000277575,5.88e-05,2.39e-06,4.45e-06,"BMI","P1E5"
"1655","cg21137557",-0.000488577,9.51e-05,2.82e-07,6.72e-07,"BMI","P1E5"
"1656","cg21139312",0.000351779,4.97e-05,1.43e-12,1.74e-11,"BMI","P1E5"
"1657","cg21161394",0.000467661,8.8e-05,1.09e-07,2.91e-07,"BMI","P1E5"
"1658","cg21163717",-0.000451029,7.21e-05,3.9e-10,2.19e-09,"BMI","P1E5"
"1659","cg21190595",-0.00053612,8.77e-05,9.65e-10,4.73e-09,"BMI","P1E5"
"1660","cg21232015",0.000395087,6.79e-05,6.06e-09,2.29e-08,"BMI","P1E5"
"1661","cg21344746",0.00041706,8.05e-05,2.23e-07,5.47e-07,"BMI","P1E5"
"1662","cg21429551",-0.001114782,0.000208606,9.09e-08,2.48e-07,"BMI","P1E5"
"1663","cg21486834",0.000418742,6.74e-05,5.23e-10,2.83e-09,"BMI","P1E5"
"1664","cg21585138",-0.00054136,0.000100153,6.47e-08,1.86e-07,"BMI","P1E5"
"1665","cg21587837",0.000463908,7.5e-05,6.3e-10,3.31e-09,"BMI","P1E5"
"1666","cg21650866",0.000719038,0.000131805,4.89e-08,1.45e-07,"BMI","P1E5"
"1667","cg21723486",0.001026268,0.00021156,1.23e-06,2.47e-06,"BMI","P1E5"
"1668","cg21766592",-0.000469448,7.53e-05,4.61e-10,2.52e-09,"BMI","P1E5"
"1669","cg21867733",0.000816977,0.000126362,1.01e-10,6.92e-10,"BMI","P1E5"
"1670","cg21912938",-0.000130238,2.69e-05,1.32e-06,2.63e-06,"BMI","P1E5"
"1671","cg21946195",-0.000644424,9.66e-05,2.55e-11,2.01e-10,"BMI","P1E5"
"1672","cg21975834",0.000577459,0.000106535,5.95e-08,1.73e-07,"BMI","P1E5"
"1673","cg22068629",0.000531558,8.9e-05,2.36e-09,1e-08,"BMI","P1E5"
"1674","cg22103219",-0.000733804,0.000121017,1.33e-09,6.25e-09,"BMI","P1E5"
"1675","cg22143698",0.00056741,8.94e-05,2.22e-10,1.34e-09,"BMI","P1E5"
"1676","cg22185977",0.00078804,0.000121347,8.35e-11,5.79e-10,"BMI","P1E5"
"1677","cg22242842",-0.000382552,8.19e-05,3.02e-06,5.45e-06,"BMI","P1E5"
"1678","cg22304262",-0.000488774,0.000105193,3.38e-06,6.04e-06,"BMI","P1E5"
"1679","cg22534374",-0.000869847,0.000117499,1.33e-13,2.11e-12,"BMI","P1E5"
"1680","cg22579075",-0.000800765,0.000154162,2.05e-07,5.1e-07,"BMI","P1E5"
"1681","cg22590032",0.000411988,6.33e-05,7.71e-11,5.4e-10,"BMI","P1E5"
"1682","cg22635096",0.000570556,8.49e-05,1.77e-11,1.49e-10,"BMI","P1E5"
"1683","cg22799757",-0.000433116,8.54e-05,3.92e-07,9e-07,"BMI","P1E5"
"1684","cg23005227",-0.000499628,0.000105055,1.98e-06,3.78e-06,"BMI","P1E5"
"1685","cg23025459",-0.000662874,0.000145454,5.18e-06,9e-06,"BMI","P1E5"
"1686","cg23032421",-0.000692478,0.000102198,1.24e-11,1.1e-10,"BMI","P1E5"
"1687","cg23079012",0.000274333,5.38e-05,3.39e-07,7.9e-07,"BMI","P1E5"
"1688","cg23095383",-0.00046809,8.65e-05,6.24e-08,1.8e-07,"BMI","P1E5"
"1689","cg23213327",0.00049654,0.000107259,3.67e-06,6.54e-06,"BMI","P1E5"
"1690","cg23232188",0.000591076,8.8e-05,1.88e-11,1.55e-10,"BMI","P1E5"
"1691","cg23247968",0.000293853,6.23e-05,2.4e-06,4.46e-06,"BMI","P1E5"
"1692","cg23371680",-0.000618926,9.23e-05,2.05e-11,1.66e-10,"BMI","P1E5"
"1693","cg23572944",0.000349632,6.73e-05,2.06e-07,5.11e-07,"BMI","P1E5"
"1694","cg23599026",0.000375151,7.99e-05,2.66e-06,4.87e-06,"BMI","P1E5"
"1695","cg23601905",0.000344056,7.1e-05,1.24e-06,2.5e-06,"BMI","P1E5"
"1696","cg23629393",-0.000384309,7.98e-05,1.47e-06,2.9e-06,"BMI","P1E5"
"1697","cg23655939",-0.000357114,7.55e-05,2.26e-06,4.24e-06,"BMI","P1E5"
"1698","cg23694492",0.000468322,9.26e-05,4.28e-07,9.64e-07,"BMI","P1E5"
"1699","cg23698124",0.00057309,7.29e-05,3.79e-15,9.31e-14,"BMI","P1E5"
"1700","cg23733845",0.000957686,0.000207045,3.74e-06,6.64e-06,"BMI","P1E5"
"1701","cg23850913",-0.000279983,6.17e-05,5.74e-06,9.85e-06,"BMI","P1E5"
"1702","cg23866916",-0.000507014,6.31e-05,9.02e-16,2.76e-14,"BMI","P1E5"
"1703","cg23886355",0.000372886,8.06e-05,3.73e-06,6.63e-06,"BMI","P1E5"
"1704","cg23998749",0.00051293,8.35e-05,8.02e-10,4.01e-09,"BMI","P1E5"
"1705","cg24130561",0.000326474,6.22e-05,1.51e-07,3.91e-07,"BMI","P1E5"
"1706","cg24178676",0.000274356,4.95e-05,3.06e-08,9.47e-08,"BMI","P1E5"
"1707","cg24198941",0.00051502,8.55e-05,1.69e-09,7.52e-09,"BMI","P1E5"
"1708","cg24243879",0.000495838,9.77e-05,3.92e-07,9e-07,"BMI","P1E5"
"1709","cg24362829",-0.000496589,9.71e-05,3.11e-07,7.32e-07,"BMI","P1E5"
"1710","cg24403644",0.00032561,6.24e-05,1.8e-07,4.52e-07,"BMI","P1E5"
"1711","cg24458314",-0.000427179,8.83e-05,1.3e-06,2.59e-06,"BMI","P1E5"
"1712","cg24531955",-0.000664234,9.53e-05,3.24e-12,3.5e-11,"BMI","P1E5"
"1713","cg24678869",0.000412506,6.78e-05,1.19e-09,5.7e-09,"BMI","P1E5"
"1714","cg24679890",0.00052597,8.74e-05,1.76e-09,7.77e-09,"BMI","P1E5"
"1715","cg24686918",-0.000506296,0.000106635,2.05e-06,3.9e-06,"BMI","P1E5"
"1716","cg24709951",-0.000822866,0.00017965,4.64e-06,8.15e-06,"BMI","P1E5"
"1717","cg24776142",0.000546329,9.41e-05,6.43e-09,2.4e-08,"BMI","P1E5"
"1718","cg24900983",0.000431998,7.67e-05,1.78e-08,5.75e-08,"BMI","P1E5"
"1719","cg24925163",0.000361696,7.1e-05,3.51e-07,8.14e-07,"BMI","P1E5"
"1720","cg24968721",0.000526303,8.04e-05,5.93e-11,4.34e-10,"BMI","P1E5"
"1721","cg25001190",-0.000835999,0.0001156,4.77e-13,6.5e-12,"BMI","P1E5"
"1722","cg25124943",-0.000395334,7.47e-05,1.2e-07,3.2e-07,"BMI","P1E5"
"1723","cg25130381",0.000654088,7.72e-05,2.43e-17,9.54e-16,"BMI","P1E5"
"1724","cg25135457",0.000300839,6.66e-05,6.35e-06,1.07e-05,"BMI","P1E5"
"1725","cg25158622",0.000343536,6.06e-05,1.48e-08,4.86e-08,"BMI","P1E5"
"1726","cg25178683",0.00098693,0.000130046,3.22e-14,5.94e-13,"BMI","P1E5"
"1727","cg25197194",-0.000869352,0.000128251,1.21e-11,1.09e-10,"BMI","P1E5"
"1728","cg25217710",0.000589803,8.32e-05,1.33e-12,1.66e-11,"BMI","P1E5"
"1729","cg25230327",-0.000651761,0.000118765,4.07e-08,1.23e-07,"BMI","P1E5"
"1730","cg25250013",-0.00057354,9.24e-05,5.5e-10,2.96e-09,"BMI","P1E5"
"1731","cg25392060",0.000641195,9.09e-05,1.75e-12,2.07e-11,"BMI","P1E5"
"1732","cg25435714",0.000402436,8.64e-05,3.16e-06,5.69e-06,"BMI","P1E5"
"1733","cg25551219",0.000419392,8.11e-05,2.36e-07,5.75e-07,"BMI","P1E5"
"1734","cg25564535",-0.000436874,7.21e-05,1.36e-09,6.34e-09,"BMI","P1E5"
"1735","cg25607249",-0.000343719,6.91e-05,6.49e-07,1.38e-06,"BMI","P1E5"
"1736","cg25630910",0.000294833,6.65e-05,9.37e-06,1.53e-05,"BMI","P1E5"
"1737","cg25649826",0.00041685,8.15e-05,3.18e-07,7.46e-07,"BMI","P1E5"
"1738","cg25667998",0.00034046,5.95e-05,1.05e-08,3.63e-08,"BMI","P1E5"
"1739","cg25741837",0.000476204,8.98e-05,1.14e-07,3.05e-07,"BMI","P1E5"
"1740","cg25817701",0.000691433,0.000101977,1.2e-11,1.08e-10,"BMI","P1E5"
"1741","cg25889918",0.000366776,8.24e-05,8.54e-06,1.41e-05,"BMI","P1E5"
"1742","cg25921813",0.000402715,6.65e-05,1.36e-09,6.34e-09,"BMI","P1E5"
"1743","cg25957124",0.000318838,6.39e-05,5.95e-07,1.29e-06,"BMI","P1E5"
"1744","cg26008365",0.000487341,9.79e-05,6.47e-07,1.38e-06,"BMI","P1E5"
"1745","cg26034658",0.000396086,6.37e-05,4.9e-10,2.67e-09,"BMI","P1E5"
"1746","cg26118045",0.000628232,9.88e-05,2.07e-10,1.26e-09,"BMI","P1E5"
"1747","cg26253134",-0.000339377,7.43e-05,4.99e-06,8.71e-06,"BMI","P1E5"
"1748","cg26257082",0.000424417,8.45e-05,5.08e-07,1.13e-06,"BMI","P1E5"
"1749","cg26336059",0.000291269,6.42e-05,5.79e-06,9.93e-06,"BMI","P1E5"
"1750","cg26354221",0.00027928,4.68e-05,2.32e-09,9.93e-09,"BMI","P1E5"
"1751","cg26361535",0.000778474,0.000147755,1.37e-07,3.6e-07,"BMI","P1E5"
"1752","cg26396492",0.000516635,8.8e-05,4.41e-09,1.74e-08,"BMI","P1E5"
"1753","cg26399994",-0.000477409,8.05e-05,3.07e-09,1.27e-08,"BMI","P1E5"
"1754","cg26403843",0.001147485,0.000167939,8.33e-12,7.8e-11,"BMI","P1E5"
"1755","cg26405097",0.000652132,8.72e-05,7.49e-14,1.29e-12,"BMI","P1E5"
"1756","cg26446803",0.000521349,8.55e-05,1.07e-09,5.2e-09,"BMI","P1E5"
"1757","cg26470501",-0.000744651,0.000107191,3.73e-12,3.9e-11,"BMI","P1E5"
"1758","cg26503877",-0.000319243,6.54e-05,1.06e-06,2.18e-06,"BMI","P1E5"
"1759","cg26542660",-0.000467827,5.99e-05,5.87e-15,1.36e-13,"BMI","P1E5"
"1760","cg26572392",0.000494952,0.000109312,5.96e-06,1.02e-05,"BMI","P1E5"
"1761","cg26610247",0.00068081,9.11e-05,7.69e-14,1.3e-12,"BMI","P1E5"
"1762","cg26663590",0.00089617,0.000101046,7.39e-19,3.86e-17,"BMI","P1E5"
"1763","cg26705724",0.000423475,6.68e-05,2.31e-10,1.37e-09,"BMI","P1E5"
"1764","cg26712428",0.000788566,0.000102704,1.61e-14,3.32e-13,"BMI","P1E5"
"1765","cg26736341",-0.000459352,9.62e-05,1.8e-06,3.47e-06,"BMI","P1E5"
"1766","cg26800893",-0.000220914,3.89e-05,1.33e-08,4.44e-08,"BMI","P1E5"
"1767","cg26836479",-0.000354354,5.27e-05,1.8e-11,1.5e-10,"BMI","P1E5"
"1768","cg26878209",0.000453168,0.000100674,6.75e-06,1.14e-05,"BMI","P1E5"
"1769","cg26950531",-0.001074925,0.00015547,4.71e-12,4.84e-11,"BMI","P1E5"
"1770","cg26955383",0.000850859,9.79e-05,3.52e-18,1.58e-16,"BMI","P1E5"
"1771","cg27050612",-0.00030508,6.11e-05,6.03e-07,1.31e-06,"BMI","P1E5"
"1772","cg27061485",-0.000485091,8.09e-05,2e-09,8.72e-09,"BMI","P1E5"
"1773","cg27087650",-0.000476947,8.66e-05,3.7e-08,1.13e-07,"BMI","P1E5"
"1774","cg27115863",-0.000519414,0.000109807,2.24e-06,4.22e-06,"BMI","P1E5"
"1775","cg27184903",0.000551352,9.48e-05,5.96e-09,2.27e-08,"BMI","P1E5"
"1776","cg27217148",-0.000334977,6.98e-05,1.58e-06,3.09e-06,"BMI","P1E5"
"1777","cg27232482",-0.000512678,9.03e-05,1.36e-08,4.51e-08,"BMI","P1E5"
"1778","cg27243685",0.000567415,6.26e-05,1.31e-19,7.9e-18,"BMI","P1E5"
"1779","cg27262054",0.000618986,0.000111238,2.63e-08,8.22e-08,"BMI","P1E5"
"1780","cg27269962",0.000404061,6.98e-05,7.23e-09,2.63e-08,"BMI","P1E5"
"1781","cg27275941",-0.000695284,0.000112634,6.7e-10,3.44e-09,"BMI","P1E5"
"1782","cg27312979",-0.001173319,0.000190868,7.88e-10,3.95e-09,"BMI","P1E5"
"1783","cg27395200",0.000557667,0.000111157,5.25e-07,1.16e-06,"BMI","P1E5"
"1784","cg27470213",-0.000411112,8.17e-05,4.82e-07,1.08e-06,"BMI","P1E5"
"1785","cg27540367",-0.000413569,6.5e-05,2e-10,1.23e-09,"BMI","P1E5"
"1786","cg27563121",-0.000396794,7.83e-05,4.04e-07,9.2e-07,"BMI","P1E5"
"1787","cg27571769",0.000476981,7.34e-05,8.15e-11,5.68e-10,"BMI","P1E5"
"1788","cg27588321",-0.000532791,0.00010702,6.41e-07,1.38e-06,"BMI","P1E5"
"1789","cg27637521",-0.000252503,4.25e-05,2.77e-09,1.16e-08,"BMI","P1E5"
"1790","cg27652459",-0.000499144,9.61e-05,2.04e-07,5.08e-07,"BMI","P1E5"
"1791","cg13567986",-0.011305617,0.002416869,2.9e-06,0.771378666,"CHLORDANE","P1E5"
"1792","cg24999308",0.001078742,0.000237623,5.63e-06,0.771378666,"CHLORDANE","P1E5"
"1793","cg14904433",-0.000459094,9.26e-05,7.11e-07,0.536776218,"DDT","P1E5"
"1794","cg18094961",-0.001475668,0.00030626,1.45e-06,0.546789527,"DDT","P1E5"
"1795","cg00495352",0.006411014,0.001432028,7.57e-06,0.213460582,"dicamba","P1E5"
"1796","cg04074650",-0.00898477,0.00199539,6.71e-06,0.213460582,"dicamba","P1E5"
"1797","cg08004045",0.008081489,0.001251087,1.05e-10,7.93e-05,"dicamba","P1E5"
"1798","cg13391116",-0.003630001,0.000782373,3.49e-06,0.20273954,"dicamba","P1E5"
"1799","cg13975106",0.018019062,0.003995201,6.48e-06,0.213460582,"dicamba","P1E5"
"1800","cg14830371",-0.006383357,0.0010583,1.62e-09,0.00061284,"dicamba","P1E5"
"1801","cg20041624",0.003602834,0.000802041,7.05e-06,0.213460582,"dicamba","P1E5"
"1802","cg20647610",-0.002444118,0.000545506,7.45e-06,0.213460582,"dicamba","P1E5"
"1803","cg22457637",0.00390912,0.000884258,9.83e-06,0.213460582,"dicamba","P1E5"
"1804","cg23238147",-0.005728514,0.001023271,2.17e-08,0.0054531,"dicamba","P1E5"
"1805","cg23678165",0.009156318,0.002059416,8.75e-06,0.213460582,"dicamba","P1E5"
"1806","cg26534856",-0.000795903,0.000177218,7.09e-06,0.213460582,"dicamba","P1E5"
"1807","cg26682337",-0.009387061,0.002072897,5.94e-06,0.213460582,"dicamba","P1E5"
"1808","cg27238887",0.006695576,0.001407646,1.97e-06,0.148757882,"dicamba","P1E5"
"1809","cg06950346",-0.027100118,0.004755383,1.21e-08,0.009113667,"GLYPHOSATE","P1E5"
"1810","cg07789904",0.001668089,0.000358322,3.24e-06,0.243983601,"GLYPHOSATE","P1E5"
"1811","cg08236154",0.001928484,0.000434937,9.25e-06,0.291267239,"GLYPHOSATE","P1E5"
"1812","cg09277749",0.040605221,0.008418405,1.41e-06,0.177717116,"GLYPHOSATE","P1E5"
"1813","cg09307431",-0.013071664,0.002934086,8.39e-06,0.286329485,"GLYPHOSATE","P1E5"
"1814","cg12113898",0.002027203,0.00043351,2.92e-06,0.243983601,"GLYPHOSATE","P1E5"
"1815","cg14917874",-0.006359067,0.001286735,7.73e-07,0.146030983,"GLYPHOSATE","P1E5"
"1816","cg19523118",0.003219809,0.00072334,8.53e-06,0.286329485,"GLYPHOSATE","P1E5"
"1817","cg25254739",-0.055064991,0.012327954,7.94e-06,0.286329485,"GLYPHOSATE","P1E5"
"1818","cg26985201",0.001423896,0.00031937,8.26e-06,0.286329485,"GLYPHOSATE","P1E5"
"1819","cg00200734",0.016084986,0.00351531,4.75e-06,0.074705578,"HEPTACHLOR","P1E5"
"1820","cg01885291",-0.001319451,0.000281822,2.84e-06,0.07266779,"HEPTACHLOR","P1E5"
"1821","cg01949684",-0.00325276,0.000690438,2.46e-06,0.07266779,"HEPTACHLOR","P1E5"
"1822","cg02584161",-0.026883106,0.005913376,5.46e-06,0.079377942,"HEPTACHLOR","P1E5"
"1823","cg02713153",-0.00262883,0.000593022,9.3e-06,0.096203025,"HEPTACHLOR","P1E5"
"1824","cg03433712",0.001929232,0.000434862,9.15e-06,0.096203025,"HEPTACHLOR","P1E5"
"1825","cg03490288",-0.00313566,0.00068961,5.44e-06,0.079377942,"HEPTACHLOR","P1E5"
"1826","cg05088513",-0.006667303,0.001311766,3.72e-07,0.046855455,"HEPTACHLOR","P1E5"
"1827","cg05166801",-0.004589745,0.000923396,6.68e-07,0.055616533,"HEPTACHLOR","P1E5"
"1828","cg06039417",0.019042519,0.003996989,1.9e-06,0.07266779,"HEPTACHLOR","P1E5"
"1829","cg07179146",-0.002291283,0.000516021,8.98e-06,0.096203025,"HEPTACHLOR","P1E5"
"1830","cg07475232",-0.000626119,0.000127364,8.83e-07,0.055616533,"HEPTACHLOR","P1E5"
"1831","cg09030830",-0.001327349,0.000296461,7.56e-06,0.089228263,"HEPTACHLOR","P1E5"
"1832","cg09056639",-0.003011021,0.000660672,5.18e-06,0.079377942,"HEPTACHLOR","P1E5"
"1833","cg10652646",0.002283777,0.000461793,7.6e-07,0.055616533,"HEPTACHLOR","P1E5"
"1834","cg11691038",-0.001163317,0.000226768,2.9e-07,0.043781281,"HEPTACHLOR","P1E5"
"1835","cg11718443",-0.004647357,0.001011859,4.37e-06,0.073050733,"HEPTACHLOR","P1E5"
"1836","cg11744767",0.018494703,0.003670272,4.68e-07,0.050492,"HEPTACHLOR","P1E5"
"1837","cg12651761",-0.003518599,0.000783946,7.18e-06,0.087476475,"HEPTACHLOR","P1E5"
"1838","cg13563863",-0.001305414,0.000294895,9.57e-06,0.097192599,"HEPTACHLOR","P1E5"
"1839","cg14870136",-0.014033619,0.002886548,1.16e-06,0.06762417,"HEPTACHLOR","P1E5"
"1840","cg15783822",-0.001795242,0.000395804,5.74e-06,0.079890214,"HEPTACHLOR","P1E5"
"1841","cg16310513",0.025515429,0.004734661,7.08e-08,0.017835156,"HEPTACHLOR","P1E5"
"1842","cg17030981",-0.006324009,0.001429186,9.65e-06,0.097192599,"HEPTACHLOR","P1E5"
"1843","cg18249908",-0.003135672,0.000665585,2.46e-06,0.07266779,"HEPTACHLOR","P1E5"
"1844","cg18284070",-0.000370667,6.5e-05,1.19e-08,0.009025222,"HEPTACHLOR","P1E5"
"1845","cg18927181",-0.007405942,0.001608199,4.12e-06,0.073050733,"HEPTACHLOR","P1E5"
"1846","cg19021431",-0.001773412,0.000377794,2.68e-06,0.07266779,"HEPTACHLOR","P1E5"
"1847","cg19454317",0.00691307,0.001537699,6.93e-06,0.085870174,"HEPTACHLOR","P1E5"
"1848","cg21278723",-0.005123869,0.001148374,8.13e-06,0.094443956,"HEPTACHLOR","P1E5"
"1849","cg22768891",-0.002568306,0.000552524,3.35e-06,0.073050733,"HEPTACHLOR","P1E5"
"1850","cg25983553",0.004573208,0.000996499,4.45e-06,0.073050733,"HEPTACHLOR","P1E5"
"1851","cg05883874",-0.003312098,0.000741253,7.89e-06,0.519450765,"LINDANE","P1E5"
"1852","cg07701191",-0.000723927,0.000163351,9.35e-06,0.520511072,"LINDANE","P1E5"
"1853","cg09232069",-0.025767712,0.005779367,8.25e-06,0.519450765,"LINDANE","P1E5"
"1854","cg12627583",-0.00308987,0.000671195,4.15e-06,0.519450765,"LINDANE","P1E5"
"1855","cg13856602",0.001636497,0.000360185,5.53e-06,0.519450765,"LINDANE","P1E5"
"1856","cg17853089",-0.004535715,0.001001311,5.9e-06,0.519450765,"LINDANE","P1E5"
"1857","cg18797859",-0.000681234,0.000150467,5.97e-06,0.519450765,"LINDANE","P1E5"
"1858","cg24738356",0.002927794,0.000651601,7.02e-06,0.519450765,"LINDANE","P1E5"
"1859","cg27370808",0.007727059,0.001732136,8.16e-06,0.519450765,"LINDANE","P1E5"
"1860","cg01578221",-0.000606194,0.000126312,1.59e-06,0.105813817,"MALATHION","P1E5"
"1861","cg02657930",-0.000768202,0.000166213,3.8e-06,0.136901038,"MALATHION","P1E5"
"1862","cg03543448",-0.035400841,0.007825101,6.07e-06,0.14310138,"MALATHION","P1E5"
"1863","cg05888707",-0.002675114,0.00059787,7.66e-06,0.158715475,"MALATHION","P1E5"
"1864","cg07719617",-0.005863932,0.001287697,5.27e-06,0.14310138,"MALATHION","P1E5"
"1865","cg10430205",0.010364612,0.002259394,4.49e-06,0.14310138,"MALATHION","P1E5"
"1866","cg11624233",0.031822898,0.006956046,4.77e-06,0.14310138,"MALATHION","P1E5"
"1867","cg13092575",0.021124177,0.004395075,1.54e-06,0.105813817,"MALATHION","P1E5"
"1868","cg13148085",0.026204627,0.005860273,7.76e-06,0.158715475,"MALATHION","P1E5"
"1869","cg13332807",0.004840902,0.000991629,1.05e-06,0.09928935,"MALATHION","P1E5"
"1870","cg15072735",-0.001522828,0.000326209,3.04e-06,0.1274952,"MALATHION","P1E5"
"1871","cg15399561",-0.00100941,0.000222916,5.95e-06,0.14310138,"MALATHION","P1E5"
"1872","cg19468528",0.02322437,0.005025029,3.81e-06,0.136901038,"MALATHION","P1E5"
"1873","cg19719391",0.034938492,0.007657761,5.05e-06,0.14310138,"MALATHION","P1E5"
"1874","cg20738735",0.031568896,0.007116839,9.17e-06,0.160792677,"MALATHION","P1E5"
"1875","cg22162847",-0.001470803,0.00031936,4.12e-06,0.141320776,"MALATHION","P1E5"
"1876","cg23014221",0.006696825,0.001482729,6.29e-06,0.14310138,"MALATHION","P1E5"
"1877","cg24019078",-0.045494687,0.010206845,8.3e-06,0.158715475,"MALATHION","P1E5"
"1878","cg24873593",-0.001164204,0.000242182,1.53e-06,0.105813817,"MALATHION","P1E5"
"1879","cg25065239",-0.002638765,0.000590599,7.9e-06,0.158715475,"MALATHION","P1E5"
"1880","cg25247183",-0.001899343,0.000427127,8.72e-06,0.158715475,"MALATHION","P1E5"
"1881","cg25634457",-0.004368494,0.000871879,5.43e-07,0.09928935,"MALATHION","P1E5"
"1882","cg26343510",0.040492187,0.008606574,2.54e-06,0.115194371,"MALATHION","P1E5"
"1883","cg27298159",-0.003793454,0.000853581,8.82e-06,0.158715475,"MALATHION","P1E5"
"1884","cg18181703",0.0035,6e-04,3.5e-10,NA,"MDS","P1E5"
"1885","cg08732950",-0.0027,5e-04,2.8e-08,NA,"MDS","P1E5"
"1886","cg05951221",0.0048,9e-04,3.2e-08,NA,"MDS","P1E5"
"1887","cg25189904",0.0051,0.001,2.5e-07,NA,"MDS","P1E5"
"1888","cg19693031",0.0034,7e-04,3.1e-07,NA,"MDS","P1E5"
"1889","cg02079413",-0.002,4e-04,3.1e-07,NA,"MDS","P1E5"
"1890","cg04885881",0.0036,7e-04,3.2e-07,NA,"MDS","P1E5"
"1891","cg02716826",0.0023,5e-04,5.6e-07,NA,"MDS","P1E5"
"1892","cg03646329",0.0035,7e-04,1.1e-06,NA,"MDS","P1E5"
"1893","cg16969872",0.0034,7e-04,1.2e-06,NA,"MDS","P1E5"
"1894","cg00735923",-0.006069785,0.001369126,9.28e-06,0.062166879,"MESOTRIONE","P1E5"
"1895","cg00746783",0.00163426,0.000338677,1.4e-06,0.025130067,"MESOTRIONE","P1E5"
"1896","cg00956423",-0.014458774,0.003206138,6.49e-06,0.055188748,"MESOTRIONE","P1E5"
"1897","cg01096199",-0.003589584,0.000774699,3.6e-06,0.044524642,"MESOTRIONE","P1E5"
"1898","cg01275588",-0.001437127,0.000324332,9.38e-06,0.062166879,"MESOTRIONE","P1E5"
"1899","cg01441612",-0.001415649,0.000311502,5.5e-06,0.054004454,"MESOTRIONE","P1E5"
"1900","cg01625222",0.007860067,0.001479917,1.09e-07,0.005894382,"MESOTRIONE","P1E5"
"1901","cg01919701",0.050542489,0.008848954,1.12e-08,0.002362234,"MESOTRIONE","P1E5"
"1902","cg02232206",0.003002643,0.000652929,4.25e-06,0.045231137,"MESOTRIONE","P1E5"
"1903","cg02475474",0.008751586,0.001966528,8.58e-06,0.060443769,"MESOTRIONE","P1E5"
"1904","cg04975617",0.021289417,0.004548745,2.86e-06,0.037970343,"MESOTRIONE","P1E5"
"1905","cg05702633",-0.001661299,0.000339679,1e-06,0.021678596,"MESOTRIONE","P1E5"
"1906","cg08348422",0.009368552,0.002100825,8.22e-06,0.060443769,"MESOTRIONE","P1E5"
"1907","cg10002066",0.026425188,0.005230956,4.38e-07,0.013080852,"MESOTRIONE","P1E5"
"1908","cg10826045",-0.000974738,0.000218001,7.78e-06,0.059770312,"MESOTRIONE","P1E5"
"1909","cg11368900",0.003332144,0.000685042,1.15e-06,0.022267637,"MESOTRIONE","P1E5"
"1910","cg11935018",-0.001742435,0.000390688,8.2e-06,0.060443769,"MESOTRIONE","P1E5"
"1911","cg12144573",0.003400316,0.000712362,1.81e-06,0.026778174,"MESOTRIONE","P1E5"
"1912","cg12730424",-0.00089658,0.000200807,8.01e-06,0.060443769,"MESOTRIONE","P1E5"
"1913","cg14063331",0.03436354,0.006505191,1.27e-07,0.006017784,"MESOTRIONE","P1E5"
"1914","cg14296903",-0.001570986,0.000311588,4.61e-07,0.013080852,"MESOTRIONE","P1E5"
"1915","cg14384263",0.009073548,0.002023398,7.31e-06,0.05817239,"MESOTRIONE","P1E5"
"1916","cg14568032",0.00209376,0.000446498,2.74e-06,0.03698444,"MESOTRIONE","P1E5"
"1917","cg14602222",-0.038621345,0.008668761,8.38e-06,0.060443769,"MESOTRIONE","P1E5"
"1918","cg14839932",-0.00763882,0.001456289,1.56e-07,0.006545118,"MESOTRIONE","P1E5"
"1919","cg15196529",0.021318255,0.004634761,4.23e-06,0.045231137,"MESOTRIONE","P1E5"
"1920","cg15415194",0.022695479,0.004998189,5.61e-06,0.054142167,"MESOTRIONE","P1E5"
"1921","cg16258223",0.0542101,0.009898977,4.34e-08,0.003685684,"MESOTRIONE","P1E5"
"1922","cg16449687",-0.033298628,0.006964817,1.74e-06,0.026358331,"MESOTRIONE","P1E5"
"1923","cg16809293",0.00585695,0.001292809,5.89e-06,0.054908535,"MESOTRIONE","P1E5"
"1924","cg16972491",-0.001414724,0.00030572,3.7e-06,0.044826421,"MESOTRIONE","P1E5"
"1925","cg17774764",0.008728517,0.001872224,3.13e-06,0.040767974,"MESOTRIONE","P1E5"
"1926","cg18025430",-0.011166706,0.001910164,5.04e-09,0.002362234,"MESOTRIONE","P1E5"
"1927","cg18050804",0.004895025,0.001090999,7.23e-06,0.058127015,"MESOTRIONE","P1E5"
"1928","cg19869698",-0.014372179,0.002951141,1.12e-06,0.022267637,"MESOTRIONE","P1E5"
"1929","cg20151301",0.041121975,0.008573697,1.62e-06,0.025271932,"MESOTRIONE","P1E5"
"1930","cg20682639",0.025728014,0.005343477,1.47e-06,0.025271932,"MESOTRIONE","P1E5"
"1931","cg20711383",-0.010727312,0.002380136,6.57e-06,0.055188748,"MESOTRIONE","P1E5"
"1932","cg20998090",-0.001430156,0.000298165,1.61e-06,0.025271932,"MESOTRIONE","P1E5"
"1933","cg21270074",-0.000581613,0.000104364,2.5e-08,0.003685684,"MESOTRIONE","P1E5"
"1934","cg21750915",0.004176585,0.000938306,8.54e-06,0.060443769,"MESOTRIONE","P1E5"
"1935","cg22053500",-0.001776731,0.000312109,1.25e-08,0.002362234,"MESOTRIONE","P1E5"
"1936","cg22355463",-0.01754662,0.003804174,3.98e-06,0.044826421,"MESOTRIONE","P1E5"
"1937","cg23808916",0.004535565,0.001003146,6.14e-06,0.055188748,"MESOTRIONE","P1E5"
"1938","cg24367316",-0.000830844,0.000182156,5.09e-06,0.051239374,"MESOTRIONE","P1E5"
"1939","cg24986058",0.001713152,0.000376147,5.25e-06,0.052204381,"MESOTRIONE","P1E5"
"1940","cg25162270",0.014995095,0.003120274,1.54e-06,0.025271932,"MESOTRIONE","P1E5"
"1941","cg27645228",0.004491286,0.000990143,5.73e-06,0.054142167,"MESOTRIONE","P1E5"
"1942","cg02877538",-0.002145262,0.000450371,1.9e-06,0.092611091,"METOLACHLOR","P1E5"
"1943","cg03675258",-0.001929563,0.000433542,8.56e-06,0.173617327,"METOLACHLOR","P1E5"
"1944","cg05755906",-0.00146529,0.000331563,9.9e-06,0.173617327,"METOLACHLOR","P1E5"
"1945","cg07560681",-0.002624842,0.000593711,9.82e-06,0.173617327,"METOLACHLOR","P1E5"
"1946","cg14280466",0.005313619,0.001168607,5.44e-06,0.172890722,"METOLACHLOR","P1E5"
"1947","cg16570157",-0.003388586,0.000679721,6.19e-07,0.06231337,"METOLACHLOR","P1E5"
"1948","cg17847344",0.046745492,0.009812369,1.9e-06,0.092611091,"METOLACHLOR","P1E5"
"1949","cg18085807",-0.001620583,0.000290797,2.51e-08,0.00630931,"METOLACHLOR","P1E5"
"1950","cg20390515",-0.001699639,0.000295731,9.07e-09,0.003426533,"METOLACHLOR","P1E5"
"1951","cg23022656",0.001826628,0.000411355,8.97e-06,0.173617327,"METOLACHLOR","P1E5"
"1952","cg23408913",-0.001017722,0.000214376,2.06e-06,0.092611091,"METOLACHLOR","P1E5"
"1953","cg23590244",-0.00169625,0.000381448,8.71e-06,0.173617327,"METOLACHLOR","P1E5"
"1954","cg25660890",0.003745361,0.000753166,6.6e-07,0.06231337,"METOLACHLOR","P1E5"
"1955","cg25840173",0.013994861,0.003012798,3.4e-06,0.135133064,"METOLACHLOR","P1E5"
"1956","cg27370028",-0.026512462,0.005806706,4.98e-06,0.172890722,"METOLACHLOR","P1E5"
"1957","cg06500161",0.0116,NA,3.093e-12,4.377e-09,"Obesity","P1E5"
"1958","cg21739530",-0.0049,NA,3.808e-11,3.7e-08,"Obesity","P1E5"
"1959","cg04498624",-0.0139,NA,3e-09,1.331e-06,"Obesity","P1E5"
"1960","cg20655350",0.009,NA,4.345e-08,1.113e-05,"Obesity","P1E5"
"1961","cg06478094",0.0035,NA,4.269e-07,6.708e-05,"Obesity","P1E5"
"1962","cg23634322",-0.021,NA,6.588e-07,9.313e-05,"Obesity","P1E5"
"1963","cg03860020",0.0012,NA,1.186e-06,0.0001474,"Obesity","P1E5"
"1964","cg14465376",0.0246,NA,1.227e-06,0.000151,"Obesity","P1E5"
"1965","cg02898212",-0.0036,NA,1.326e-06,0.0001604,"Obesity","P1E5"
"1966","cg05834508",0.0012,NA,1.76e-06,0.0001991,"Obesity","P1E5"
"1967","cg13001289",0.0057,NA,7.399e-06,0.0005901,"Obesity","P1E5"
"1968","cg26207239",0.038943086,0.006015241,1.96e-10,7.7e-05,"PCB","P1E5"
"1969","cg01607258",0.043810699,0.007265795,2.84e-09,0.000324412,"PCB","P1E5"
"1970","cg14585892",0.040427418,0.006702617,2.81e-09,0.000324412,"PCB","P1E5"
"1971","cg16716035",-0.081003459,0.013861334,8.29e-09,0.000725429,"PCB","P1E5"
"1972","cg09551072",0.047269541,0.008181961,1.21e-08,0.000951656,"PCB","P1E5"
"1973","cg23660678",-0.08930883,0.015549592,1.46e-08,0.000955593,"PCB","P1E5"
"1974","cg16770948",-0.066501408,0.011703531,2.06e-08,0.000955593,"PCB","P1E5"
"1975","cg13041595",-0.08825262,0.015387829,1.53e-08,0.000955593,"PCB","P1E5"
"1976","cg05194114",-0.029684467,0.005329517,3.82e-08,0.001583564,"PCB","P1E5"
"1977","cg00179576",0.036529525,0.006623187,5.14e-08,0.001758872,"PCB","P1E5"
"1978","cg17955195",-0.061952803,0.011375055,7.45e-08,0.001893038,"PCB","P1E5"
"1979","cg26327984",0.086203332,0.015875847,8.14e-08,0.001893038,"PCB","P1E5"
"1980","cg09266144",0.04542476,0.008331076,7.21e-08,0.001893038,"PCB","P1E5"
"1981","cg05516537",-0.059397461,0.010957945,8.56e-08,0.001925488,"PCB","P1E5"
"1982","cg10325497",0.032453522,0.006004542,9.3e-08,0.001934919,"PCB","P1E5"
"1983","cg11210357",0.046903575,0.00869469,9.83e-08,0.001934919,"PCB","P1E5"
"1984","cg06922569",-0.084474565,0.015740214,1.14e-07,0.002021518,"PCB","P1E5"
"1985","cg16815882",0.035182803,0.006571434,1.22e-07,0.002021518,"PCB","P1E5"
"1986","cg11863519",-0.080888848,0.015114235,1.23e-07,0.002021518,"PCB","P1E5"
"1987","cg14898116",0.049916888,0.00931416,1.18e-07,0.002021518,"PCB","P1E5"
"1988","cg24254842",-0.052530236,0.009884561,1.5e-07,0.002272808,"PCB","P1E5"
"1989","cg13208429",-0.069230885,0.01305878,1.61e-07,0.002309073,"PCB","P1E5"
"1990","cg09034929",-0.083336061,0.015715139,1.59e-07,0.002309073,"PCB","P1E5"
"1991","cg21222826",0.039010118,0.007383198,1.76e-07,0.002435483,"PCB","P1E5"
"1992","cg05445331",-0.064434237,0.012259096,2.04e-07,0.002627812,"PCB","P1E5"
"1993","cg05045028",-0.063167561,0.01203431,2.11e-07,0.002639741,"PCB","P1E5"
"1994","cg00020794",0.02804331,0.005341497,2.1e-07,0.002639741,"PCB","P1E5"
"1995","cg03399783",-0.049262816,0.009403053,2.22e-07,0.002715311,"PCB","P1E5"
"1996","cg18179849",0.042201646,0.008074059,2.37e-07,0.002826177,"PCB","P1E5"
"1997","cg14136214",0.059463039,0.011384608,2.41e-07,0.002837956,"PCB","P1E5"
"1998","cg25423135",0.045636581,0.008760125,2.59e-07,0.002875576,"PCB","P1E5"
"1999","cg20775112",-0.081932451,0.015723414,2.57e-07,0.002875576,"PCB","P1E5"
"2000","cg00984787",-0.0747319,0.014458289,3.19e-07,0.003143761,"PCB","P1E5"
"2001","cg01924074",-0.067690545,0.013069448,3.03e-07,0.003143761,"PCB","P1E5"
"2002","cg00804587",-0.073801925,0.014291172,3.27e-07,0.003179508,"PCB","P1E5"
"2003","cg01437204",-0.056826221,0.01107593,3.88e-07,0.003547137,"PCB","P1E5"
"2004","cg25607249",-0.053480754,0.010427648,3.92e-07,0.003547137,"PCB","P1E5"
"2005","cg13442811",-0.062437712,0.012222801,4.35e-07,0.003847245,"PCB","P1E5"
"2006","cg06092729",-0.060550978,0.011918232,5e-07,0.00423747,"PCB","P1E5"
"2007","cg07086565",-0.079484087,0.015638504,4.95e-07,0.00423747,"PCB","P1E5"
"2008","cg23101675",0.05335074,0.010537648,5.47e-07,0.004489566,"PCB","P1E5"
"2009","cg02293258",-0.066160738,0.013139446,6.28e-07,0.004917632,"PCB","P1E5"
"2010","cg09016797",0.046824337,0.00929414,6.2e-07,0.004917632,"PCB","P1E5"
"2011","cg26280976",0.063015295,0.012555665,6.82e-07,0.005165584,"PCB","P1E5"
"2012","cg13668129",-0.030760618,0.006134634,6.98e-07,0.005233058,"PCB","P1E5"
"2013","cg06506080",-0.061614612,0.012292484,7.05e-07,0.005233058,"PCB","P1E5"
"2014","cg07052476",0.033444069,0.006692091,7.59e-07,0.005481923,"PCB","P1E5"
"2015","cg20528165",-0.072317604,0.014487384,7.81e-07,0.00559086,"PCB","P1E5"
"2016","cg23181035",0.033044513,0.006624127,7.94e-07,0.005630945,"PCB","P1E5"
"2017","cg05803370",-0.076290151,0.015450231,1.02e-06,0.006481876,"PCB","P1E5"
"2018","cg24546928",0.040656036,0.008255469,1.09e-06,0.006731475,"PCB","P1E5"
"2019","cg16459020",0.025189507,0.00511608,1.09e-06,0.006731475,"PCB","P1E5"
"2020","cg02821380",-0.047484525,0.009651177,1.11e-06,0.006795855,"PCB","P1E5"
"2021","cg12619728",0.034220997,0.006960039,1.13e-06,0.006841938,"PCB","P1E5"
"2022","cg18421840",0.027127489,0.005520553,1.15e-06,0.00684569,"PCB","P1E5"
"2023","cg08870281",0.053200371,0.010872584,1.27e-06,0.007251865,"PCB","P1E5"
"2024","cg03701779",0.030812449,0.006305437,1.31e-06,0.007364702,"PCB","P1E5"
"2025","cg00122347",0.034254245,0.007018897,1.35e-06,0.007454585,"PCB","P1E5"
"2026","cg00539347",-0.051771498,0.010640276,1.45e-06,0.007527988,"PCB","P1E5"
"2027","cg01152073",-0.043016232,0.008856705,1.52e-06,0.007676727,"PCB","P1E5"
"2028","cg25322642",0.035861343,0.007399815,1.6e-06,0.007906824,"PCB","P1E5"
"2029","cg26039298",0.022805377,0.004708255,1.62e-06,0.007955102,"PCB","P1E5"
"2030","cg08470157",-0.072766848,0.015085393,1.78e-06,0.008163914,"PCB","P1E5"
"2031","cg08441633",0.027872355,0.005777327,1.77e-06,0.008163914,"PCB","P1E5"
"2032","cg22055524",-0.054384819,0.011286323,1.82e-06,0.008163914,"PCB","P1E5"
"2033","cg12701697",0.038758065,0.008049658,1.86e-06,0.008267135,"PCB","P1E5"
"2034","cg21758197",-0.065585333,0.01362645,1.87e-06,0.008275918,"PCB","P1E5"
"2035","cg12522898",-0.0412324,0.008575632,1.92e-06,0.008307283,"PCB","P1E5"
"2036","cg09851981",-0.063543384,0.013307829,2.25e-06,0.009433023,"PCB","P1E5"
"2037","cg23570245",-0.040880476,0.00855996,2.24e-06,0.009433023,"PCB","P1E5"
"2038","cg02110822",0.074867584,0.015691019,2.29e-06,0.009541425,"PCB","P1E5"
"2039","cg10858898",0.029482776,0.006183335,2.33e-06,0.009541425,"PCB","P1E5"
"2040","cg07930217",-0.057359848,0.012042716,2.38e-06,0.009625225,"PCB","P1E5"
"2041","cg21764344",0.036390638,0.007639935,2.38e-06,0.009625225,"PCB","P1E5"
"2042","cg24507384",-0.074852454,0.015759095,2.54e-06,0.009897936,"PCB","P1E5"
"2043","cg04995154",-0.069913578,0.014706853,2.49e-06,0.009897936,"PCB","P1E5"
"2044","cg25640635",-0.052452868,0.011063205,2.64e-06,0.009918842,"PCB","P1E5"
"2045","cg10108042",0.041391529,0.008728243,2.63e-06,0.009918842,"PCB","P1E5"
"2046","cg24195365",-0.055574846,0.011713404,2.6e-06,0.009918842,"PCB","P1E5"
"2047","cg03058602",0.046372793,0.009768974,2.57e-06,0.009918842,"PCB","P1E5"
"2048","cg20289741",-0.052583915,0.01108346,2.6e-06,0.009918842,"PCB","P1E5"
"2049","cg24765005",-0.062615622,0.013224705,2.73e-06,0.010131699,"PCB","P1E5"
"2050","cg16150289",-0.057290585,0.012106116,2.76e-06,0.010198857,"PCB","P1E5"
"2051","cg16050959",0.042612436,0.009008393,2.79e-06,0.010251233,"PCB","P1E5"
"2052","cg05103731",-0.065893113,0.013936458,2.81e-06,0.010262717,"PCB","P1E5"
"2053","cg13699152",-0.071129219,0.015056959,2.87e-06,0.010267583,"PCB","P1E5"
"2054","cg15317927",-0.037411877,0.007923755,2.9e-06,0.010267583,"PCB","P1E5"
"2055","cg12093060",0.051729442,0.010954142,2.89e-06,0.010267583,"PCB","P1E5"
"2056","cg23071107",0.032249746,0.00682268,2.83e-06,0.010267583,"PCB","P1E5"
"2057","cg06508395",-0.048943431,0.010368604,2.92e-06,0.010267583,"PCB","P1E5"
"2058","cg23533217",0.033216678,0.007049453,3.04e-06,0.010543313,"PCB","P1E5"
"2059","cg02602528",-0.057593671,0.012229296,3.07e-06,0.010574066,"PCB","P1E5"
"2060","cg17808849",-0.040371741,0.008591946,3.23e-06,0.010931723,"PCB","P1E5"
"2061","cg11616438",-0.069647088,0.014825403,3.25e-06,0.010934909,"PCB","P1E5"
"2062","cg14990368",-0.066852702,0.014264729,3.43e-06,0.011160382,"PCB","P1E5"
"2063","cg02746514",0.027854257,0.005949284,3.5e-06,0.011254884,"PCB","P1E5"
"2064","cg15858959",-0.054299744,0.011599598,3.51e-06,0.011254884,"PCB","P1E5"
"2065","cg26483766",-0.07835578,0.016759639,3.61e-06,0.011475138,"PCB","P1E5"
"2066","cg22098317",-0.03011846,0.006445364,3.65e-06,0.011530217,"PCB","P1E5"
"2067","cg02386310",-0.07693112,0.01648844,3.78e-06,0.011650662,"PCB","P1E5"
"2068","cg20772590",0.025357038,0.005433353,3.76e-06,0.011650662,"PCB","P1E5"
"2069","cg07051162",-0.072567301,0.015574641,3.89e-06,0.011842299,"PCB","P1E5"
"2070","cg15908708",0.034209586,0.007350093,3.99e-06,0.012038901,"PCB","P1E5"
"2071","cg26544725",-0.0650344,0.013982282,4.05e-06,0.01206895,"PCB","P1E5"
"2072","cg03347749",-0.060782493,0.013085514,4.16e-06,0.012235613,"PCB","P1E5"
"2073","cg23717186",0.03412716,0.007349496,4.19e-06,0.012235613,"PCB","P1E5"
"2074","cg20813798",0.034062861,0.007334561,4.18e-06,0.012235613,"PCB","P1E5"
"2075","cg04096305",0.03569987,0.007707321,4.43e-06,0.012650925,"PCB","P1E5"
"2076","cg10460864",-0.07046803,0.015224551,4.5e-06,0.012702228,"PCB","P1E5"
"2077","cg23612178",-0.057469158,0.012428794,4.6e-06,0.012702228,"PCB","P1E5"
"2078","cg09866283",0.038654643,0.008358053,4.58e-06,0.012702228,"PCB","P1E5"
"2079","cg01389386",0.038334083,0.008294692,4.65e-06,0.012752744,"PCB","P1E5"
"2080","cg07728865",0.050402175,0.010916121,4.74e-06,0.012875828,"PCB","P1E5"
"2081","cg23633905",0.024924973,0.005401083,4.79e-06,0.012950657,"PCB","P1E5"
"2082","cg16295880",0.024995448,0.005418855,4.84e-06,0.012968651,"PCB","P1E5"
"2083","cg06640997",0.044138702,0.009572384,4.88e-06,0.012982637,"PCB","P1E5"
"2084","cg01773478",-0.055260753,0.012015853,5.16e-06,0.013483499,"PCB","P1E5"
"2085","cg01087239",0.030374336,0.006606188,5.19e-06,0.013483499,"PCB","P1E5"
"2086","cg04901199",0.028902835,0.006285969,5.18e-06,0.013483499,"PCB","P1E5"
"2087","cg24185397",-0.037832076,0.008238209,5.32e-06,0.013718242,"PCB","P1E5"
"2088","cg20978858",0.019501672,0.004251173,5.45e-06,0.013880759,"PCB","P1E5"
"2089","cg12353788",0.035852601,0.007825743,5.6e-06,0.014038579,"PCB","P1E5"
"2090","cg21917866",0.032976135,0.007194919,5.55e-06,0.014038579,"PCB","P1E5"
"2091","cg07854182",0.039309228,0.008590072,5.74e-06,0.014162861,"PCB","P1E5"
"2092","cg07159286",0.040053665,0.008759837,5.83e-06,0.014362008,"PCB","P1E5"
"2093","cg01054454",0.029324134,0.006415857,5.88e-06,0.014395186,"PCB","P1E5"
"2094","cg13588800",0.050524035,0.0110538,5.88e-06,0.014395186,"PCB","P1E5"
"2095","cg22912331",-0.036560645,0.008008839,6.04e-06,0.014586154,"PCB","P1E5"
"2096","cg05949181",0.03435559,0.007536331,6.22e-06,0.01482436,"PCB","P1E5"
"2097","cg24325790",0.056218387,0.012348115,6.39e-06,0.014890493,"PCB","P1E5"
"2098","cg05306109",0.031780842,0.006982436,6.42e-06,0.014890493,"PCB","P1E5"
"2099","cg23072383",-0.049696753,0.010916661,6.4e-06,0.014890493,"PCB","P1E5"
"2100","cg06551391",-0.059006107,0.012969618,6.48e-06,0.014930114,"PCB","P1E5"
"2101","cg14258154",-0.064514956,0.014191609,6.59e-06,0.015088857,"PCB","P1E5"
"2102","cg02590572",0.052189462,0.011484139,6.64e-06,0.015106127,"PCB","P1E5"
"2103","cg11778030",-0.071660793,0.015794163,6.86e-06,0.01544306,"PCB","P1E5"
"2104","cg10328875",0.034813472,0.007692512,7.23e-06,0.015999724,"PCB","P1E5"
"2105","cg01359933",-0.058897518,0.013017455,7.27e-06,0.015999724,"PCB","P1E5"
"2106","cg15943851",0.046580846,0.010294041,7.25e-06,0.015999724,"PCB","P1E5"
"2107","cg20346096",-0.050300499,0.011123115,7.35e-06,0.01604925,"PCB","P1E5"
"2108","cg11511669",0.048865593,0.010804641,7.33e-06,0.01604925,"PCB","P1E5"
"2109","cg21178548",0.036060908,0.007974724,7.36e-06,0.01604925,"PCB","P1E5"
"2110","cg12961656",0.042387331,0.009380467,7.47e-06,0.016143575,"PCB","P1E5"
"2111","cg09590401",0.041630827,0.009216245,7.52e-06,0.016143575,"PCB","P1E5"
"2112","cg15323084",0.050121811,0.011117698,7.83e-06,0.016483769,"PCB","P1E5"
"2113","cg20347665",-0.073474207,0.016295713,7.81e-06,0.016483769,"PCB","P1E5"
"2114","cg15855237",0.047836766,0.010610977,7.83e-06,0.016483769,"PCB","P1E5"
"2115","cg02117342",-0.065083723,0.014451657,8e-06,0.016534912,"PCB","P1E5"
"2116","cg16944977",0.024422176,0.00542408,8.04e-06,0.016534912,"PCB","P1E5"
"2117","cg22069441",-0.054215732,0.012035404,7.96e-06,0.016534912,"PCB","P1E5"
"2118","cg17069068",-0.073697235,0.016368037,8.04e-06,0.016534912,"PCB","P1E5"
"2119","cg15687600",-0.041951651,0.009321411,8.11e-06,0.016554795,"PCB","P1E5"
"2120","cg02866761",0.03173553,0.007054561,8.18e-06,0.016659202,"PCB","P1E5"
"2121","cg26776175",0.037183945,0.008266764,8.21e-06,0.01666006,"PCB","P1E5"
"2122","cg16435539",0.039219873,0.00872624,8.34e-06,0.016799866,"PCB","P1E5"
"2123","cg13054534",0.036316863,0.008082787,8.39e-06,0.016861276,"PCB","P1E5"
"2124","cg08690459",-0.030141394,0.006710958,8.46e-06,0.01695206,"PCB","P1E5"
"2125","cg16546511",0.045739884,0.01019002,8.56e-06,0.017008825,"PCB","P1E5"
"2126","cg03104758",0.036260381,0.008079673,8.59e-06,0.017008825,"PCB","P1E5"
"2127","cg16269097",-0.065065603,0.014499957,8.62e-06,0.017009123,"PCB","P1E5"
"2128","cg20319604",0.045129363,0.010063257,8.72e-06,0.017010809,"PCB","P1E5"
"2129","cg25879745",0.034961799,0.007797777,8.76e-06,0.017010809,"PCB","P1E5"
"2130","cg08059678",0.038666907,0.008624376,8.77e-06,0.017010809,"PCB","P1E5"
"2131","cg16618104",-0.048387945,0.01081619,9.17e-06,0.017593145,"PCB","P1E5"
"2132","cg03280420",-0.048016138,0.010732268,9.15e-06,0.017593145,"PCB","P1E5"
"2133","cg01596674",0.037025666,0.008281439,9.28e-06,0.017696549,"PCB","P1E5"
"2134","cg11859529",-0.046420964,0.010393982,9.48e-06,0.017913164,"PCB","P1E5"
"2135","cg14127907",-0.053020597,0.011881796,9.65e-06,0.018053816,"PCB","P1E5"
"2136","cg01191578",0.075986798,0.017028624,9.65e-06,0.018053816,"PCB","P1E5"
"2137","cg12026546",-0.02544472,0.005705006,9.75e-06,0.018150413,"PCB","P1E5"
"2138","cg22819824",-0.06654235,0.014928983,9.87e-06,0.018164662,"PCB","P1E5"
"2139","cg16463557",0.024154848,0.005422518,9.99e-06,0.018264661,"PCB","P1E5"
"2140","cg00549973",-0.003095365,0.000677257,4.87e-06,0.062320734,"PICLORAM","P1E5"
"2141","cg02034311",-0.05649302,0.010483618,7.1e-08,0.006702236,"PICLORAM","P1E5"
"2142","cg03032247",-0.006674434,0.001327807,4.99e-07,0.017183033,"PICLORAM","P1E5"
"2143","cg03299066",-0.000605848,0.000118588,3.24e-07,0.015303489,"PICLORAM","P1E5"
"2144","cg03797705",-0.000469339,0.000103641,5.94e-06,0.064364566,"PICLORAM","P1E5"
"2145","cg03935432",-0.001353376,0.000266597,3.84e-07,0.016020956,"PICLORAM","P1E5"
"2146","cg04155830",-0.015425326,0.003259006,2.21e-06,0.037959016,"PICLORAM","P1E5"
"2147","cg04525491",-0.00056522,0.000120965,2.97e-06,0.046814855,"PICLORAM","P1E5"
"2148","cg04815626",-0.001430003,0.000252272,1.44e-08,0.002176649,"PICLORAM","P1E5"
"2149","cg04873548",-0.00167265,0.000351974,2.01e-06,0.03701173,"PICLORAM","P1E5"
"2150","cg05255305",-0.002201122,0.000462076,1.9e-06,0.03701173,"PICLORAM","P1E5"
"2151","cg06216309",0.029065681,0.004263475,9.27e-12,7.01e-06,"PICLORAM","P1E5"
"2152","cg07346177",0.002851562,0.000618313,3.99e-06,0.056891954,"PICLORAM","P1E5"
"2153","cg08336315",-0.003368796,0.000753504,7.79e-06,0.075464546,"PICLORAM","P1E5"
"2154","cg08484934",-0.000626975,0.000138943,6.41e-06,0.066656614,"PICLORAM","P1E5"
"2155","cg09050062",-0.00124661,0.00027214,4.63e-06,0.06098176,"PICLORAM","P1E5"
"2156","cg09671989",0.006498695,0.001122921,7.15e-09,0.001801133,"PICLORAM","P1E5"
"2157","cg10035066",0.003921389,0.000863548,5.6e-06,0.064364566,"PICLORAM","P1E5"
"2158","cg15928188",0.012845089,0.002707013,2.08e-06,0.03701173,"PICLORAM","P1E5"
"2159","cg16188532",-0.001204006,0.000221893,5.76e-08,0.006507302,"PICLORAM","P1E5"
"2160","cg16661473",0.002789579,0.000573755,1.16e-06,0.025445682,"PICLORAM","P1E5"
"2161","cg17128892",-0.001327628,0.000279825,2.09e-06,0.03701173,"PICLORAM","P1E5"
"2162","cg17279912",-0.015371497,0.003258943,2.4e-06,0.040239978,"PICLORAM","P1E5"
"2163","cg18532869",-0.001653061,0.00037342,9.56e-06,0.083048052,"PICLORAM","P1E5"
"2164","cg20264068",-0.006296473,0.001327362,2.1e-06,0.03701173,"PICLORAM","P1E5"
"2165","cg20822372",-0.017283409,0.00355687,1.18e-06,0.025445682,"PICLORAM","P1E5"
"2166","cg21158075",-0.113788723,0.023169773,9.06e-07,0.022809174,"PICLORAM","P1E5"
"2167","cg21172322",-0.03950975,0.008896875,8.96e-06,0.080765312,"PICLORAM","P1E5"
"2168","cg21760990",0.029403317,0.00515694,1.19e-08,0.002176649,"PICLORAM","P1E5"
"2169","cg22058099",-0.001017959,0.000214627,2.11e-06,0.03701173,"PICLORAM","P1E5"
"2170","cg22104578",-0.00275534,0.00060179,4.68e-06,0.06098176,"PICLORAM","P1E5"
"2171","cg22511904",-0.000647901,0.000136368,2.02e-06,0.03701173,"PICLORAM","P1E5"
"2172","cg23153481",-0.010394214,0.002157491,1.45e-06,0.030471141,"PICLORAM","P1E5"
"2173","cg25616992",0.005096018,0.001123172,5.7e-06,0.064364566,"PICLORAM","P1E5"
"2174","cg26250154",-0.05982366,0.01290604,3.56e-06,0.052792551,"PICLORAM","P1E5"
"2175","cg26427270",-0.009004086,0.001828213,8.43e-07,0.022579206,"PICLORAM","P1E5"
"2176","cg27134342",-0.002176979,0.000477232,5.07e-06,0.062943221,"PICLORAM","P1E5"
"2177","cg16145216",0.0298,0.002,6.7e-48,3.3e-42,"smoking","P1E5"
"2178","cg19406367",0.0175,0.0013,7e-44,1.7e-38,"smoking","P1E5"
"2179","cg05603985",-0.0122,9e-04,1.8e-43,2.8e-38,"smoking","P1E5"
"2180","cg14099685",-0.0124,9e-04,1.5e-42,1.8e-37,"smoking","P1E5"
"2181","cg01097768",-0.0166,0.0013,6.8e-35,4.7e-30,"smoking","P1E5"
"2182","cg07954423",-0.0134,0.0011,1.2e-34,6.3e-30,"smoking","P1E5"
"2183","cg01083131",-0.0155,0.0013,3.7e-34,1.6e-29,"smoking","P1E5"
"2184","cg06121808",-0.0143,0.0012,2.1e-32,7.9e-28,"smoking","P1E5"
"2185","cg10062919",-0.0128,0.0011,9.2e-32,3.2e-27,"smoking","P1E5"
"2186","cg20066188",-0.0252,0.0022,1.6e-31,5.2e-27,"smoking","P1E5"
"2187","cg04551776",-0.0244,0.0021,5.8e-31,1.8e-26,"smoking","P1E5"
"2188","cg11152412",-0.0077,7e-04,1.8e-30,5e-26,"smoking","P1E5"
"2189","cg11902777",-0.0201,0.0018,9.1e-30,2.3e-25,"smoking","P1E5"
"2190","cg25212453",-0.0101,9e-04,1.4e-29,3.5e-25,"smoking","P1E5"
"2191","cg04956244",0.0122,0.0011,1.5e-29,3.5e-25,"smoking","P1E5"
"2192","cg13951797",-0.0153,0.0014,1.6e-29,3.5e-25,"smoking","P1E5"
"2193","cg11028075",0.0175,0.0016,1.7e-29,3.6e-25,"smoking","P1E5"
"2194","cg11700584",-0.0151,0.0013,3.4e-29,6.8e-25,"smoking","P1E5"
"2195","cg22417733",-0.0171,0.0015,1.5e-28,2.7e-24,"smoking","P1E5"
"2196","cg26764244",-0.0316,0.0029,1.8e-28,3e-24,"smoking","P1E5"
"2197","cg26077378",-0.0178,0.0016,3.6e-28,5.8e-24,"smoking","P1E5"
"2198","cg05951221",-0.0966,0.009,4.3e-27,6.8e-23,"smoking","P1E5"
"2199","cg22407942",-0.0183,0.0017,6.8e-27,1e-22,"smoking","P1E5"
"2200","cg01442064",-0.0128,0.0012,1.6e-26,2.3e-22,"smoking","P1E5"
"2201","cg25197194",0.0203,0.0019,1.7e-26,2.4e-22,"smoking","P1E5"
"2202","cg05575921",-0.1803,0.0171,4.5e-26,6.1e-22,"smoking","P1E5"
"2203","cg08118908",0.0053,5e-04,5.4e-26,7.1e-22,"smoking","P1E5"
"2204","cg10814005",-0.0159,0.0015,6e-26,7.7e-22,"smoking","P1E5"
"2205","cg25421530",0.0128,0.0012,1.5e-25,1.8e-21,"smoking","P1E5"
"2206","cg14003265",-0.0106,0.001,3.2e-25,3.7e-21,"smoking","P1E5"
"2207","cg10919522",-0.0186,0.0018,4e-25,4.4e-21,"smoking","P1E5"
"2208","cg11660018",-0.0391,0.0038,4.1e-25,4.4e-21,"smoking","P1E5"
"2209","cg21566642",-0.1257,0.0121,4.2e-25,4.5e-21,"smoking","P1E5"
"2210","cg25949550",-0.0199,0.0019,9e-25,9.3e-21,"smoking","P1E5"
"2211","cg17025683",-0.0118,0.0012,1.1e-24,1.1e-20,"smoking","P1E5"
"2212","cg02583484",-0.026,0.0025,1.8e-24,1.7e-20,"smoking","P1E5"
"2213","cg09735822",0.01,0.001,2.6e-24,2.5e-20,"smoking","P1E5"
"2214","cg02556393",-0.0162,0.0016,2.8e-24,2.6e-20,"smoking","P1E5"
"2215","cg02637282",0.0124,0.0012,6e-24,5.4e-20,"smoking","P1E5"
"2216","cg03440944",-0.015,0.0015,1.9e-23,1.6e-19,"smoking","P1E5"
"2217","cg01218206",-0.015,0.0015,3.1e-23,2.5e-19,"smoking","P1E5"
"2218","cg16151960",-0.0125,0.0013,4.1e-23,3.3e-19,"smoking","P1E5"
"2219","cg00930606",-0.0105,0.0011,6.5e-23,5.2e-19,"smoking","P1E5"
"2220","cg04761231",-0.01,0.001,7e-23,5.5e-19,"smoking","P1E5"
"2221","cg01971407",-0.0152,0.0015,7.8e-23,6e-19,"smoking","P1E5"
"2222","cg04987734",0.0149,0.0015,9e-23,6.8e-19,"smoking","P1E5"
"2223","cg12803068",0.0632,0.0064,9.1e-23,6.8e-19,"smoking","P1E5"
"2224","cg16295156",-0.0094,0.001,1.1e-22,8.1e-19,"smoking","P1E5"
"2225","cg05329352",-0.0286,0.0029,2.2e-22,1.6e-18,"smoking","P1E5"
"2226","cg27118035",0.0136,0.0014,2.4e-22,1.7e-18,"smoking","P1E5"
"2227","cg03140521",-0.0151,0.0016,2.8e-22,1.9e-18,"smoking","P1E5"
"2228","cg17214023",-0.0103,0.0011,3e-22,2e-18,"smoking","P1E5"
"2229","cg00300637",0.0128,0.0013,3.8e-22,2.6e-18,"smoking","P1E5"
"2230","cg25809905",0.0233,0.0024,4.5e-22,2.9e-18,"smoking","P1E5"
"2231","cg16794579",-0.0147,0.0015,5.1e-22,3.3e-18,"smoking","P1E5"
"2232","cg25189904",-0.0768,0.008,5.2e-22,3.3e-18,"smoking","P1E5"
"2233","cg01937809",-0.016,0.0017,5.4e-22,3.4e-18,"smoking","P1E5"
"2234","cg11927233",-0.017,0.0018,8.4e-22,5.1e-18,"smoking","P1E5"
"2235","cg20902353",-0.0105,0.0011,1.4e-21,7.9e-18,"smoking","P1E5"
"2236","cg08709672",-0.0227,0.0024,1.5e-21,8.8e-18,"smoking","P1E5"
"2237","cg27627381",-0.0063,7e-04,2e-21,1.1e-17,"smoking","P1E5"
"2238","cg18450254",0.012,0.0013,2.3e-21,1.3e-17,"smoking","P1E5"
"2239","cg06753787",0.0063,7e-04,3.2e-21,1.8e-17,"smoking","P1E5"
"2240","cg14183922",-0.0094,0.001,5e-21,2.7e-17,"smoking","P1E5"
"2241","cg07029024",0.0129,0.0014,5.5e-21,2.9e-17,"smoking","P1E5"
"2242","cg21990700",-0.0151,0.0016,7.5e-21,3.9e-17,"smoking","P1E5"
"2243","cg26257411",-0.0065,7e-04,8.4e-21,4.3e-17,"smoking","P1E5"
"2244","cg19093370",0.0198,0.0021,8.7e-21,4.4e-17,"smoking","P1E5"
"2245","cg03636183",-0.0953,0.0102,1.1e-20,5.7e-17,"smoking","P1E5"
"2246","cg19859270",-0.023,0.0025,1.3e-20,6.3e-17,"smoking","P1E5"
"2247","cg14550518",-0.0079,8e-04,1.3e-20,6.6e-17,"smoking","P1E5"
"2248","cg01439566",0.0071,8e-04,1.7e-20,8.1e-17,"smoking","P1E5"
"2249","cg06126421",-0.0973,0.0105,1.7e-20,8.3e-17,"smoking","P1E5"
"2250","cg06951627",-0.0155,0.0017,1.7e-20,8.3e-17,"smoking","P1E5"
"2251","cg22052143",0.0107,0.0012,1.9e-20,8.9e-17,"smoking","P1E5"
"2252","cg09182189",-0.0104,0.0011,2e-20,9.2e-17,"smoking","P1E5"
"2253","cg18369990",0.0116,0.0013,2.3e-20,1.1e-16,"smoking","P1E5"
"2254","cg25593631",-0.015,0.0016,2.4e-20,1.1e-16,"smoking","P1E5"
"2255","cg03980408",-0.0094,0.001,2.7e-20,1.2e-16,"smoking","P1E5"
"2256","cg24578857",0.02,0.0022,3.1e-20,1.4e-16,"smoking","P1E5"
"2257","cg26477856",-0.0096,0.001,3.2e-20,1.4e-16,"smoking","P1E5"
"2258","cg16776035",0.0086,9e-04,3.6e-20,1.6e-16,"smoking","P1E5"
"2259","cg24399529",0.013,0.0014,3.6e-20,1.6e-16,"smoking","P1E5"
"2260","cg15228441",-0.0138,0.0015,3.8e-20,1.6e-16,"smoking","P1E5"
"2261","cg26361535",-0.0382,0.0042,4.2e-20,1.8e-16,"smoking","P1E5"
"2262","cg11390978",-0.0092,0.001,4.5e-20,1.9e-16,"smoking","P1E5"
"2263","cg05593667",-0.012,0.0013,5.5e-20,2.3e-16,"smoking","P1E5"
"2264","cg23916896",-0.0588,0.0064,6.3e-20,2.6e-16,"smoking","P1E5"
"2265","cg20408402",0.0085,9e-04,7.6e-20,3.1e-16,"smoking","P1E5"
"2266","cg27537125",-0.019,0.0021,1.4e-19,5.5e-16,"smoking","P1E5"
"2267","cg13910681",-0.0082,9e-04,1.7e-19,6.9e-16,"smoking","P1E5"
"2268","cg04673446",0.006,7e-04,2e-19,8e-16,"smoking","P1E5"
"2269","cg05284742",-0.0271,0.003,2.1e-19,8.3e-16,"smoking","P1E5"
"2270","cg06803614",-0.0088,0.001,2.1e-19,8.3e-16,"smoking","P1E5"
"2271","cg22441770",-0.0159,0.0018,2.1e-19,8.3e-16,"smoking","P1E5"
"2272","cg25625514",-0.0124,0.0014,2.2e-19,8.5e-16,"smoking","P1E5"
"2273","cg03329539",-0.0434,0.0048,2.5e-19,9.7e-16,"smoking","P1E5"
"2274","cg23351584",-0.0106,0.0012,2.6e-19,1e-15,"smoking","P1E5"
"2275","cg16274678",-0.0152,0.0017,2.9e-19,1.1e-15,"smoking","P1E5"
"2276","cg21439672",-0.0153,0.0017,3.3e-19,1.2e-15,"smoking","P1E5"
"2277","cg07286341",-0.0077,9e-04,3.4e-19,1.3e-15,"smoking","P1E5"
"2278","cg20059928",-0.0293,0.0033,3.5e-19,1.3e-15,"smoking","P1E5"
"2279","cg20674424",-0.0091,0.001,4.2e-19,1.5e-15,"smoking","P1E5"
"2280","cg22571654",0.0097,0.0011,4.7e-19,1.7e-15,"smoking","P1E5"
"2281","cg02279625",0.0105,0.0012,4.8e-19,1.7e-15,"smoking","P1E5"
"2282","cg03485667",-0.0168,0.0019,5e-19,1.8e-15,"smoking","P1E5"
"2283","cg14656441",0.0162,0.0018,5.7e-19,2e-15,"smoking","P1E5"
"2284","cg10750182",-0.0188,0.0021,6.2e-19,2.2e-15,"smoking","P1E5"
"2285","cg07712198",0.0108,0.0012,6.5e-19,2.2e-15,"smoking","P1E5"
"2286","cg23198793",0.017,0.0019,6.6e-19,2.3e-15,"smoking","P1E5"
"2287","cg03051880",0.0107,0.0012,6.8e-19,2.3e-15,"smoking","P1E5"
"2288","cg02660097",0.0247,0.0028,7e-19,2.4e-15,"smoking","P1E5"
"2289","cg03531211",-0.0108,0.0012,7.5e-19,2.5e-15,"smoking","P1E5"
"2290","cg21733098",-0.0341,0.0039,7.9e-19,2.7e-15,"smoking","P1E5"
"2291","cg22132788",0.0463,0.0052,8.1e-19,2.7e-15,"smoking","P1E5"
"2292","cg10955164",-0.0079,9e-04,8.6e-19,2.8e-15,"smoking","P1E5"
"2293","cg11554391",-0.0234,0.0026,9.8e-19,3.2e-15,"smoking","P1E5"
"2294","cg09940677",0.0081,9e-04,1e-18,3.2e-15,"smoking","P1E5"
"2295","cg24049050",-0.0102,0.0012,1e-18,3.2e-15,"smoking","P1E5"
"2296","cg14624207",-0.0212,0.0024,1e-18,3.2e-15,"smoking","P1E5"
"2297","cg08763102",-0.0124,0.0014,1.2e-18,3.8e-15,"smoking","P1E5"
"2298","cg12303084",-0.0171,0.0019,1.4e-18,4.2e-15,"smoking","P1E5"
"2299","cg23161492",-0.0403,0.0046,1.4e-18,4.5e-15,"smoking","P1E5"
"2300","cg22851200",-0.018,0.0021,1.5e-18,4.5e-15,"smoking","P1E5"
"2301","cg11207515",0.0431,0.0049,1.5e-18,4.7e-15,"smoking","P1E5"
"2302","cg03280235",-0.0087,0.001,1.6e-18,4.9e-15,"smoking","P1E5"
"2303","cg02462416",-0.02,0.0023,1.7e-18,5.1e-15,"smoking","P1E5"
"2304","cg03536711",0.0175,0.002,1.7e-18,5.1e-15,"smoking","P1E5"
"2305","cg00138101",0.0064,7e-04,1.8e-18,5.3e-15,"smoking","P1E5"
"2306","cg02654940",-0.0095,0.0011,1.9e-18,5.7e-15,"smoking","P1E5"
"2307","cg05389935",-0.0074,8e-04,2e-18,5.9e-15,"smoking","P1E5"
"2308","cg00499237",-0.0083,0.001,2.3e-18,6.6e-15,"smoking","P1E5"
"2309","cg14012925",0.0153,0.0018,2.4e-18,6.9e-15,"smoking","P1E5"
"2310","cg14142087",0.0151,0.0017,2.4e-18,7e-15,"smoking","P1E5"
"2311","cg00871610",-0.0221,0.0025,2.6e-18,7.3e-15,"smoking","P1E5"
"2312","cg12806681",-0.0187,0.0021,2.6e-18,7.3e-15,"smoking","P1E5"
"2313","cg08035323",0.0313,0.0036,2.9e-18,8.2e-15,"smoking","P1E5"
"2314","cg08305533",0.0148,0.0017,3.1e-18,8.7e-15,"smoking","P1E5"
"2315","cg13985198",-0.0094,0.0011,3.3e-18,9e-15,"smoking","P1E5"
"2316","cg21322436",-0.0315,0.0036,3.5e-18,9.7e-15,"smoking","P1E5"
"2317","cg04299274",-0.0085,0.001,3.9e-18,1e-14,"smoking","P1E5"
"2318","cg20897136",-0.0101,0.0012,3.9e-18,1e-14,"smoking","P1E5"
"2319","cg24715735",0.0065,7e-04,4e-18,1.1e-14,"smoking","P1E5"
"2320","cg10717312",0.0178,0.0021,4.7e-18,1.3e-14,"smoking","P1E5"
"2321","cg18216249",-0.0076,9e-04,5.3e-18,1.4e-14,"smoking","P1E5"
"2322","cg10691866",-0.0305,0.0035,5.4e-18,1.4e-14,"smoking","P1E5"
"2323","cg04543273",0.0065,8e-04,5.4e-18,1.4e-14,"smoking","P1E5"
"2324","cg26954197",0.0071,8e-04,5.6e-18,1.5e-14,"smoking","P1E5"
"2325","cg24323726",-0.009,0.001,5.7e-18,1.5e-14,"smoking","P1E5"
"2326","cg06901890",-0.0102,0.0012,6.3e-18,1.6e-14,"smoking","P1E5"
"2327","cg23771366",-0.0362,0.0042,7.5e-18,1.9e-14,"smoking","P1E5"
"2328","cg00639656",-0.0084,0.001,7.6e-18,1.9e-14,"smoking","P1E5"
"2329","cg18476604",-0.008,9e-04,7.8e-18,2e-14,"smoking","P1E5"
"2330","cg26126879",0.0103,0.0012,8e-18,2e-14,"smoking","P1E5"
"2331","cg14753356",-0.0378,0.0044,9.2e-18,2.3e-14,"smoking","P1E5"
"2332","cg17924476",0.0335,0.0039,9.3e-18,2.3e-14,"smoking","P1E5"
"2333","cg18451588",-0.0186,0.0022,9.3e-18,2.3e-14,"smoking","P1E5"
"2334","cg27514333",-0.01,0.0012,1e-17,2.5e-14,"smoking","P1E5"
"2335","cg02736016",0.0106,0.0012,1.1e-17,2.8e-14,"smoking","P1E5"
"2336","cg07941108",-0.0132,0.0015,1.2e-17,2.9e-14,"smoking","P1E5"
"2337","cg07057831",-0.0107,0.0013,1.2e-17,3e-14,"smoking","P1E5"
"2338","cg04180046",0.0351,0.0041,1.3e-17,3.1e-14,"smoking","P1E5"
"2339","cg07090714",-0.0185,0.0022,1.4e-17,3.4e-14,"smoking","P1E5"
"2340","cg15342087",-0.0306,0.0036,1.6e-17,3.9e-14,"smoking","P1E5"
"2341","cg20772590",-0.0082,0.001,1.6e-17,3.9e-14,"smoking","P1E5"
"2342","cg19935065",0.0128,0.0015,1.7e-17,4e-14,"smoking","P1E5"
"2343","cg15029032",0.0138,0.0016,1.9e-17,4.4e-14,"smoking","P1E5"
"2344","cg03059073",0.0135,0.0016,2.1e-17,4.7e-14,"smoking","P1E5"
"2345","cg11961495",-0.0149,0.0018,2.1e-17,4.9e-14,"smoking","P1E5"
"2346","cg01022370",-0.0067,8e-04,2.3e-17,5.2e-14,"smoking","P1E5"
"2347","cg05906166",-0.0267,0.0031,2.5e-17,5.6e-14,"smoking","P1E5"
"2348","cg07839313",-0.0096,0.0011,2.7e-17,6e-14,"smoking","P1E5"
"2349","cg23079012",-0.0223,0.0026,2.7e-17,6.1e-14,"smoking","P1E5"
"2350","cg09935388",-0.0832,0.0099,3.1e-17,7e-14,"smoking","P1E5"
"2351","cg05886626",-0.0144,0.0017,3.6e-17,7.9e-14,"smoking","P1E5"
"2352","cg00207731",-0.0124,0.0015,3.6e-17,7.9e-14,"smoking","P1E5"
"2353","cg13038618",-0.0245,0.0029,4e-17,8.9e-14,"smoking","P1E5"
"2354","cg00668559",-0.0103,0.0012,4.3e-17,9.4e-14,"smoking","P1E5"
"2355","cg13855261",-0.0084,0.001,4.3e-17,9.4e-14,"smoking","P1E5"
"2356","cg16254756",-0.011,0.0013,4.5e-17,9.8e-14,"smoking","P1E5"
"2357","cg19046189",0.0078,9e-04,4.7e-17,1e-13,"smoking","P1E5"
"2358","cg16786458",0.0177,0.0021,4.7e-17,1e-13,"smoking","P1E5"
"2359","cg08928675",-0.0153,0.0018,5.3e-17,1.1e-13,"smoking","P1E5"
"2360","cg17287155",-0.0268,0.0032,5.4e-17,1.1e-13,"smoking","P1E5"
"2361","cg04086928",-0.0082,0.001,6e-17,1.3e-13,"smoking","P1E5"
"2362","cg13985437",-0.0143,0.0017,6.3e-17,1.3e-13,"smoking","P1E5"
"2363","cg23606396",0.0107,0.0013,6.7e-17,1.4e-13,"smoking","P1E5"
"2364","cg04232972",-0.0153,0.0018,7e-17,1.5e-13,"smoking","P1E5"
"2365","cg00071265",-0.0091,0.0011,7.5e-17,1.6e-13,"smoking","P1E5"
"2366","cg06635952",0.0213,0.0026,7.6e-17,1.6e-13,"smoking","P1E5"
"2367","cg24049493",0.0464,0.0056,7.8e-17,1.6e-13,"smoking","P1E5"
"2368","cg05273302",-0.0135,0.0016,8.4e-17,1.7e-13,"smoking","P1E5"
"2369","cg26728709",0.0121,0.0015,9.4e-17,1.9e-13,"smoking","P1E5"
"2370","cg07069636",-0.0174,0.0021,1e-16,2e-13,"smoking","P1E5"
"2371","cg16178855",0.0089,0.0011,1.1e-16,2.1e-13,"smoking","P1E5"
"2372","cg06065019",-0.0134,0.0016,1.2e-16,2.4e-13,"smoking","P1E5"
"2373","cg18642234",-0.0167,0.002,1.2e-16,2.5e-13,"smoking","P1E5"
"2374","cg03358636",-0.0217,0.0026,1.3e-16,2.5e-13,"smoking","P1E5"
"2375","cg18132076",0.0092,0.0011,1.4e-16,2.7e-13,"smoking","P1E5"
"2376","cg23067299",0.009,0.0011,1.5e-16,3e-13,"smoking","P1E5"
"2377","cg15937073",0.0286,0.0035,1.6e-16,3.2e-13,"smoking","P1E5"
"2378","cg16526047",-0.0131,0.0016,1.7e-16,3.2e-13,"smoking","P1E5"
"2379","cg23685969",-0.0072,9e-04,1.9e-16,3.7e-13,"smoking","P1E5"
"2380","cg17024919",-0.0351,0.0043,2.1e-16,4e-13,"smoking","P1E5"
"2381","cg09662411",-0.0323,0.0039,2.2e-16,4.3e-13,"smoking","P1E5"
"2382","cg02657160",-0.0158,0.0019,2.4e-16,4.5e-13,"smoking","P1E5"
"2383","cg07807026",0.0067,8e-04,2.6e-16,4.8e-13,"smoking","P1E5"
"2384","cg07924081",0.0072,9e-04,2.6e-16,4.8e-13,"smoking","P1E5"
"2385","cg03991871",-0.0379,0.0046,2.6e-16,4.9e-13,"smoking","P1E5"
"2386","cg16924010",0.0086,0.0011,2.9e-16,5.4e-13,"smoking","P1E5"
"2387","cg01015663",-0.0131,0.0016,3.1e-16,5.8e-13,"smoking","P1E5"
"2388","cg04211179",-0.0104,0.0013,3.2e-16,5.9e-13,"smoking","P1E5"
"2389","cg11105358",0.0065,8e-04,3.3e-16,6.1e-13,"smoking","P1E5"
"2390","cg14371731",0.0291,0.0036,3.5e-16,6.5e-13,"smoking","P1E5"
"2391","cg17372758",-0.0098,0.0012,4e-16,7.3e-13,"smoking","P1E5"
"2392","cg13645530",0.0122,0.0015,4e-16,7.3e-13,"smoking","P1E5"
"2393","cg07626482",-0.0129,0.0016,4.1e-16,7.4e-13,"smoking","P1E5"
"2394","cg26878655",-0.0129,0.0016,4.2e-16,7.7e-13,"smoking","P1E5"
"2395","cg13184736",-0.0424,0.0052,4.3e-16,7.7e-13,"smoking","P1E5"
"2396","cg10850792",0.0097,0.0012,4.4e-16,7.9e-13,"smoking","P1E5"
"2397","cg25305703",-0.035,0.0043,5.9e-16,1.1e-12,"smoking","P1E5"
"2398","cg09540102",-0.0158,0.002,6.5e-16,1.2e-12,"smoking","P1E5"
"2399","cg12800803",-0.0072,9e-04,6.7e-16,1.2e-12,"smoking","P1E5"
"2400","cg17098103",0.0082,0.001,7.2e-16,1.3e-12,"smoking","P1E5"
"2401","cg01692968",-0.033,0.0041,7.4e-16,1.3e-12,"smoking","P1E5"
"2402","cg06477444",-0.0044,5e-04,7.5e-16,1.3e-12,"smoking","P1E5"
"2403","cg23127986",0.0063,8e-04,7.7e-16,1.3e-12,"smoking","P1E5"
"2404","cg15339249",0.0069,9e-04,8e-16,1.4e-12,"smoking","P1E5"
"2405","cg16357921",0.0061,8e-04,8.1e-16,1.4e-12,"smoking","P1E5"
"2406","cg05055821",0.006,8e-04,8.8e-16,1.5e-12,"smoking","P1E5"
"2407","cg24807889",-0.0094,0.0012,8.8e-16,1.5e-12,"smoking","P1E5"
"2408","cg19804488",-0.0094,0.0012,8.8e-16,1.5e-12,"smoking","P1E5"
"2409","cg00871371",-0.0095,0.0012,8.8e-16,1.5e-12,"smoking","P1E5"
"2410","cg07177756",-0.0167,0.0021,9.5e-16,1.6e-12,"smoking","P1E5"
"2411","cg00442389",-0.0098,0.0012,9.6e-16,1.6e-12,"smoking","P1E5"
"2412","cg01731783",-0.0144,0.0018,1.1e-15,1.8e-12,"smoking","P1E5"
"2413","cg14580211",-0.0333,0.0042,1.1e-15,1.8e-12,"smoking","P1E5"
"2414","cg06096336",-0.0177,0.0022,1.1e-15,1.8e-12,"smoking","P1E5"
"2415","cg01899089",-0.0316,0.0039,1.1e-15,1.8e-12,"smoking","P1E5"
"2416","cg25955180",0.0101,0.0013,1.1e-15,1.8e-12,"smoking","P1E5"
"2417","cg01993576",-0.0078,0.001,1.1e-15,1.9e-12,"smoking","P1E5"
"2418","cg26599989",0.0125,0.0016,1.2e-15,1.9e-12,"smoking","P1E5"
"2419","cg06537333",0.005,6e-04,1.3e-15,2e-12,"smoking","P1E5"
"2420","cg22871253",-0.0109,0.0014,1.3e-15,2.1e-12,"smoking","P1E5"
"2421","cg11323506",0.0084,0.0011,1.3e-15,2.1e-12,"smoking","P1E5"
"2422","cg13039251",0.0304,0.0038,1.4e-15,2.2e-12,"smoking","P1E5"
"2423","cg01293143",-0.0081,0.001,1.4e-15,2.3e-12,"smoking","P1E5"
"2424","cg12876356",-0.0573,0.0072,1.5e-15,2.4e-12,"smoking","P1E5"
"2425","cg19089201",0.0312,0.0039,1.6e-15,2.5e-12,"smoking","P1E5"
"2426","cg23061027",0.0114,0.0014,1.8e-15,2.8e-12,"smoking","P1E5"
"2427","cg12979844",0.0123,0.0015,1.9e-15,3e-12,"smoking","P1E5"
"2428","cg10580293",-0.0132,0.0017,2.1e-15,3.3e-12,"smoking","P1E5"
"2429","cg03274391",0.0727,0.0092,2.2e-15,3.5e-12,"smoking","P1E5"
"2430","cg18704527",0.0145,0.0018,2.4e-15,3.7e-12,"smoking","P1E5"
"2431","cg21393163",-0.0136,0.0017,2.4e-15,3.8e-12,"smoking","P1E5"
"2432","cg00501876",-0.0222,0.0028,2.5e-15,3.9e-12,"smoking","P1E5"
"2433","cg10858945",0.0077,0.001,2.5e-15,3.9e-12,"smoking","P1E5"
"2434","cg01744331",-0.0135,0.0017,2.6e-15,4e-12,"smoking","P1E5"
"2435","cg02186444",0.0151,0.0019,2.6e-15,4.1e-12,"smoking","P1E5"
"2436","cg00230183",0.0088,0.0011,2.7e-15,4.1e-12,"smoking","P1E5"
"2437","cg13399816",-0.0213,0.0027,2.8e-15,4.3e-12,"smoking","P1E5"
"2438","cg26669717",-0.012,0.0015,3e-15,4.6e-12,"smoking","P1E5"
"2439","cg11624345",-0.0109,0.0014,3.1e-15,4.6e-12,"smoking","P1E5"
"2440","cg11198596",-0.0137,0.0017,3.1e-15,4.7e-12,"smoking","P1E5"
"2441","cg11066209",-0.0054,7e-04,3.2e-15,4.8e-12,"smoking","P1E5"
"2442","cg14841514",-0.0055,7e-04,3.7e-15,5.5e-12,"smoking","P1E5"
"2443","cg26510500",-0.0025,3e-04,3.7e-15,5.5e-12,"smoking","P1E5"
"2444","cg07465627",-0.0136,0.0017,3.8e-15,5.6e-12,"smoking","P1E5"
"2445","cg19375644",0.0069,9e-04,4e-15,6e-12,"smoking","P1E5"
"2446","cg13543915",-0.0132,0.0017,4.1e-15,6e-12,"smoking","P1E5"
"2447","cg01268763",-0.0144,0.0018,4.1e-15,6e-12,"smoking","P1E5"
"2448","cg08058672",-0.0037,5e-04,4.2e-15,6.2e-12,"smoking","P1E5"
"2449","cg02431562",-0.0064,8e-04,4.5e-15,6.5e-12,"smoking","P1E5"
"2450","cg26950531",0.0187,0.0024,4.6e-15,6.7e-12,"smoking","P1E5"
"2451","cg18146737",-0.0519,0.0066,4.8e-15,6.9e-12,"smoking","P1E5"
"2452","cg18780100",0.0095,0.0012,5.3e-15,7.6e-12,"smoking","P1E5"
"2453","cg07660627",0.0136,0.0017,5.4e-15,7.8e-12,"smoking","P1E5"
"2454","cg20295214",-0.0178,0.0023,5.5e-15,7.9e-12,"smoking","P1E5"
"2455","cg05339037",-0.0143,0.0018,6.1e-15,8.7e-12,"smoking","P1E5"
"2456","cg23219570",0.013,0.0017,6.3e-15,8.9e-12,"smoking","P1E5"
"2457","cg09099830",-0.0224,0.0029,6.4e-15,9.1e-12,"smoking","P1E5"
"2458","cg13185177",0.0233,0.003,6.5e-15,9.1e-12,"smoking","P1E5"
"2459","cg07413467",0.0127,0.0016,6.9e-15,9.7e-12,"smoking","P1E5"
"2460","cg09636313",0.0158,0.002,6.9e-15,9.7e-12,"smoking","P1E5"
"2461","cg14120703",-0.0098,0.0013,7e-15,9.8e-12,"smoking","P1E5"
"2462","cg20141108",0.0094,0.0012,7.3e-15,1e-11,"smoking","P1E5"
"2463","cg07992484",-0.0112,0.0014,7.4e-15,1e-11,"smoking","P1E5"
"2464","cg04944536",0.0101,0.0013,7.4e-15,1e-11,"smoking","P1E5"
"2465","cg26242531",0.0163,0.0021,7.8e-15,1.1e-11,"smoking","P1E5"
"2466","cg03292675",-0.0162,0.0021,7.8e-15,1.1e-11,"smoking","P1E5"
"2467","cg17359265",-0.0063,8e-04,8.9e-15,1.2e-11,"smoking","P1E5"
"2468","cg14712058",-0.0138,0.0018,9.1e-15,1.2e-11,"smoking","P1E5"
"2469","cg03785755",-0.014,0.0018,9.4e-15,1.3e-11,"smoking","P1E5"
"2470","cg01002722",0.0064,8e-04,9.8e-15,1.3e-11,"smoking","P1E5"
"2471","cg03082813",-0.0044,6e-04,1e-14,1.4e-11,"smoking","P1E5"
"2472","cg07456681",0.009,0.0012,1.1e-14,1.4e-11,"smoking","P1E5"
"2473","cg26574777",0.0076,0.001,1.1e-14,1.5e-11,"smoking","P1E5"
"2474","cg09166091",0.0104,0.0014,1.2e-14,1.6e-11,"smoking","P1E5"
"2475","cg00468395",-0.0066,9e-04,1.2e-14,1.6e-11,"smoking","P1E5"
"2476","cg07362537",-0.0114,0.0015,1.2e-14,1.6e-11,"smoking","P1E5"
"2477","cg21552014",0.0082,0.0011,1.3e-14,1.7e-11,"smoking","P1E5"
"2478","cg07063068",-0.0085,0.0011,1.3e-14,1.7e-11,"smoking","P1E5"
"2479","cg25096368",-0.0073,9e-04,1.3e-14,1.7e-11,"smoking","P1E5"
"2480","cg21747070",-0.0188,0.0024,1.3e-14,1.8e-11,"smoking","P1E5"
"2481","cg13897348",-0.0098,0.0013,1.4e-14,1.8e-11,"smoking","P1E5"
"2482","cg20345915",-0.0076,0.001,1.4e-14,1.8e-11,"smoking","P1E5"
"2483","cg18091264",-0.0106,0.0014,1.4e-14,1.8e-11,"smoking","P1E5"
"2484","cg15892280",-0.0079,0.001,1.4e-14,1.8e-11,"smoking","P1E5"
"2485","cg12765567",-0.0064,8e-04,1.4e-14,1.8e-11,"smoking","P1E5"
"2486","cg09256832",0.0079,0.001,1.4e-14,1.9e-11,"smoking","P1E5"
"2487","cg23878241",-0.0068,9e-04,1.5e-14,1.9e-11,"smoking","P1E5"
"2488","cg22158051",0.0062,8e-04,1.5e-14,2e-11,"smoking","P1E5"
"2489","cg10190813",-0.0115,0.0015,1.6e-14,2e-11,"smoking","P1E5"
"2490","cg06868100",-0.0232,0.003,1.7e-14,2.2e-11,"smoking","P1E5"
"2491","cg17084044",-0.0101,0.0013,1.7e-14,2.2e-11,"smoking","P1E5"
"2492","cg03450842",-0.0259,0.0034,1.9e-14,2.4e-11,"smoking","P1E5"
"2493","cg27067781",0.0101,0.0013,2e-14,2.5e-11,"smoking","P1E5"
"2494","cg25648203",-0.0387,0.0051,2.1e-14,2.7e-11,"smoking","P1E5"
"2495","cg04885881",-0.0424,0.0056,2.2e-14,2.7e-11,"smoking","P1E5"
"2496","cg22027435",0.008,0.001,2.2e-14,2.7e-11,"smoking","P1E5"
"2497","cg16391678",-0.0136,0.0018,2.4e-14,3e-11,"smoking","P1E5"
"2498","cg13828047",-0.0065,9e-04,2.5e-14,3.1e-11,"smoking","P1E5"
"2499","cg21698310",-0.0082,0.0011,2.5e-14,3.1e-11,"smoking","P1E5"
"2500","cg03489965",0.0246,0.0032,2.6e-14,3.2e-11,"smoking","P1E5"
"2501","cg06759309",0.0063,8e-04,2.6e-14,3.3e-11,"smoking","P1E5"
"2502","cg20069688",-0.007,9e-04,2.8e-14,3.5e-11,"smoking","P1E5"
"2503","cg01839993",-0.0169,0.0022,2.9e-14,3.6e-11,"smoking","P1E5"
"2504","cg08266095",-0.0235,0.0031,3e-14,3.7e-11,"smoking","P1E5"
"2505","cg17690322",-0.0079,0.001,3.1e-14,3.7e-11,"smoking","P1E5"
"2506","cg02512902",-0.0095,0.0013,3.3e-14,4e-11,"smoking","P1E5"
"2507","cg01435643",0.0217,0.0029,3.3e-14,4e-11,"smoking","P1E5"
"2508","cg00295485",-0.0238,0.0031,3.4e-14,4.1e-11,"smoking","P1E5"
"2509","cg00169122",0.0092,0.0012,3.5e-14,4.2e-11,"smoking","P1E5"
"2510","cg00010445",0.0062,8e-04,3.7e-14,4.5e-11,"smoking","P1E5"
"2511","cg04806562",0.008,0.0011,3.8e-14,4.5e-11,"smoking","P1E5"
"2512","cg10841124",0.0117,0.0016,3.8e-14,4.5e-11,"smoking","P1E5"
"2513","cg04530628",0.0054,7e-04,3.9e-14,4.6e-11,"smoking","P1E5"
"2514","cg13867915",0.0038,5e-04,3.9e-14,4.6e-11,"smoking","P1E5"
"2515","cg05379350",-0.0066,9e-04,4e-14,4.7e-11,"smoking","P1E5"
"2516","cg02068690",0.0068,9e-04,4.1e-14,4.8e-11,"smoking","P1E5"
"2517","cg14034325",-0.0167,0.0022,4.3e-14,5e-11,"smoking","P1E5"
"2518","cg16519923",-0.0159,0.0021,4.4e-14,5.2e-11,"smoking","P1E5"
"2519","cg11429111",0.0134,0.0018,4.7e-14,5.5e-11,"smoking","P1E5"
"2520","cg26707709",0.0284,0.0038,5e-14,5.7e-11,"smoking","P1E5"
"2521","cg12158535",0.006,8e-04,5e-14,5.8e-11,"smoking","P1E5"
"2522","cg07112604",-0.0079,0.001,5e-14,5.8e-11,"smoking","P1E5"
"2523","cg08164233",-0.0091,0.0012,5e-14,5.8e-11,"smoking","P1E5"
"2524","cg04539476",0.0068,9e-04,5.2e-14,5.9e-11,"smoking","P1E5"
"2525","cg18316974",-0.0374,0.005,5.2e-14,6e-11,"smoking","P1E5"
"2526","cg04077141",-0.005,7e-04,5.3e-14,6e-11,"smoking","P1E5"
"2527","cg02338271",-0.0061,8e-04,5.3e-14,6e-11,"smoking","P1E5"
"2528","cg17232357",-0.0113,0.0015,5.5e-14,6.2e-11,"smoking","P1E5"
"2529","cg21570209",-0.0207,0.0027,5.6e-14,6.4e-11,"smoking","P1E5"
"2530","cg15600935",0.0033,4e-04,5.7e-14,6.5e-11,"smoking","P1E5"
"2531","cg13389508",-0.0081,0.0011,5.8e-14,6.5e-11,"smoking","P1E5"
"2532","cg05204104",0.0154,0.0021,5.9e-14,6.6e-11,"smoking","P1E5"
"2533","cg00383167",-0.0083,0.0011,6.3e-14,7.1e-11,"smoking","P1E5"
"2534","cg05877788",-0.0088,0.0012,6.3e-14,7.1e-11,"smoking","P1E5"
"2535","cg16516405",0.0088,0.0012,6.5e-14,7.3e-11,"smoking","P1E5"
"2536","cg00378510",-0.031,0.0041,6.6e-14,7.3e-11,"smoking","P1E5"
"2537","cg08176694",0.0071,0.001,6.6e-14,7.4e-11,"smoking","P1E5"
"2538","cg16290996",-0.0198,0.0026,6.7e-14,7.4e-11,"smoking","P1E5"
"2539","cg19872095",-0.0078,0.001,6.7e-14,7.4e-11,"smoking","P1E5"
"2540","cg18383890",-0.01,0.0013,6.7e-14,7.4e-11,"smoking","P1E5"
"2541","cg27102350",0.0058,8e-04,6.9e-14,7.5e-11,"smoking","P1E5"
"2542","cg09869729",0.0049,7e-04,6.9e-14,7.5e-11,"smoking","P1E5"
"2543","cg24540678",-0.0128,0.0017,7e-14,7.7e-11,"smoking","P1E5"
"2544","cg14757228",0.0102,0.0014,7.4e-14,8.1e-11,"smoking","P1E5"
"2545","cg10202727",-0.0067,9e-04,7.4e-14,8.1e-11,"smoking","P1E5"
"2546","cg22905866",-0.0122,0.0016,7.6e-14,8.3e-11,"smoking","P1E5"
"2547","cg24808105",-0.0085,0.0011,7.8e-14,8.4e-11,"smoking","P1E5"
"2548","cg13561409",0.0114,0.0015,7.8e-14,8.4e-11,"smoking","P1E5"
"2549","cg08097614",-0.0079,0.0011,8.4e-14,9e-11,"smoking","P1E5"
"2550","cg19211853",-0.0177,0.0024,8.6e-14,9.2e-11,"smoking","P1E5"
"2551","cg25503804",-0.0103,0.0014,8.7e-14,9.3e-11,"smoking","P1E5"
"2552","cg17390562",-0.0068,9e-04,8.8e-14,9.3e-11,"smoking","P1E5"
"2553","cg13424029",-0.0107,0.0014,9.3e-14,9.9e-11,"smoking","P1E5"
"2554","cg12616487",-0.0106,0.0014,9.5e-14,1e-10,"smoking","P1E5"
"2555","cg00214171",-0.0093,0.0012,9.6e-14,1e-10,"smoking","P1E5"
"2556","cg13668129",-0.0068,9e-04,9.9e-14,1e-10,"smoking","P1E5"
"2557","cg13003054",-0.0061,8e-04,1e-13,1e-10,"smoking","P1E5"
"2558","cg08365738",0.0072,0.001,1e-13,1.1e-10,"smoking","P1E5"
"2559","cg23320649",-0.0061,8e-04,1.1e-13,1.1e-10,"smoking","P1E5"
"2560","cg09022230",-0.0222,0.003,1.1e-13,1.2e-10,"smoking","P1E5"
"2561","cg14024579",-0.0109,0.0015,1.1e-13,1.2e-10,"smoking","P1E5"
"2562","cg11701312",-0.0121,0.0016,1.2e-13,1.2e-10,"smoking","P1E5"
"2563","cg02611085",0.0049,7e-04,1.2e-13,1.2e-10,"smoking","P1E5"
"2564","cg04361126",0.006,8e-04,1.3e-13,1.3e-10,"smoking","P1E5"
"2565","cg14535274",0.0069,9e-04,1.3e-13,1.3e-10,"smoking","P1E5"
"2566","cg03721291",0.0057,8e-04,1.3e-13,1.3e-10,"smoking","P1E5"
"2567","cg02162324",0.0061,8e-04,1.3e-13,1.3e-10,"smoking","P1E5"
"2568","cg05957567",0.011,0.0015,1.3e-13,1.3e-10,"smoking","P1E5"
"2569","cg01956154",-0.0061,8e-04,1.3e-13,1.4e-10,"smoking","P1E5"
"2570","cg09975715",0.0063,8e-04,1.4e-13,1.4e-10,"smoking","P1E5"
"2571","cg10317175",-0.011,0.0015,1.5e-13,1.5e-10,"smoking","P1E5"
"2572","cg06814287",-0.0073,0.001,1.6e-13,1.6e-10,"smoking","P1E5"
"2573","cg17139085",-0.0185,0.0025,1.6e-13,1.6e-10,"smoking","P1E5"
"2574","cg09121543",-0.0076,0.001,1.6e-13,1.6e-10,"smoking","P1E5"
"2575","cg03554335",0.0103,0.0014,1.6e-13,1.6e-10,"smoking","P1E5"
"2576","cg04468081",-0.0116,0.0016,1.6e-13,1.6e-10,"smoking","P1E5"
"2577","cg21307484",-0.0102,0.0014,1.6e-13,1.6e-10,"smoking","P1E5"
"2578","cg03912703",-0.0126,0.0017,1.7e-13,1.6e-10,"smoking","P1E5"
"2579","cg20496314",-0.0097,0.0013,1.7e-13,1.6e-10,"smoking","P1E5"
"2580","cg23140706",-0.0056,8e-04,1.7e-13,1.7e-10,"smoking","P1E5"
"2581","cg03689048",-0.0043,6e-04,1.8e-13,1.8e-10,"smoking","P1E5"
"2582","cg01901332",-0.0299,0.0041,1.8e-13,1.8e-10,"smoking","P1E5"
"2583","cg19696491",0.0196,0.0027,1.9e-13,1.8e-10,"smoking","P1E5"
"2584","cg06644428",-0.04,0.0054,1.9e-13,1.8e-10,"smoking","P1E5"
"2585","cg03963219",0.0079,0.0011,1.9e-13,1.8e-10,"smoking","P1E5"
"2586","cg23842572",0.0156,0.0021,1.9e-13,1.8e-10,"smoking","P1E5"
"2587","cg15187398",-0.0286,0.0039,1.9e-13,1.9e-10,"smoking","P1E5"
"2588","cg07094298",-0.0245,0.0033,1.9e-13,1.9e-10,"smoking","P1E5"
"2589","cg15985905",0.0077,0.001,1.9e-13,1.9e-10,"smoking","P1E5"
"2590","cg11801110",-0.0093,0.0013,1.9e-13,1.9e-10,"smoking","P1E5"
"2591","cg10678215",0.0137,0.0019,1.9e-13,1.9e-10,"smoking","P1E5"
"2592","cg01294327",-0.0404,0.0055,2e-13,1.9e-10,"smoking","P1E5"
"2593","cg26077811",-0.0081,0.0011,2e-13,1.9e-10,"smoking","P1E5"
"2594","cg24939196",0.0097,0.0013,2e-13,1.9e-10,"smoking","P1E5"
"2595","cg19344626",-0.0219,0.003,2.1e-13,2e-10,"smoking","P1E5"
"2596","cg13087259",-0.0102,0.0014,2.2e-13,2.1e-10,"smoking","P1E5"
"2597","cg10894991",-0.0062,8e-04,2.3e-13,2.2e-10,"smoking","P1E5"
"2598","cg13832201",-0.0155,0.0021,2.3e-13,2.2e-10,"smoking","P1E5"
"2599","cg10788371",-0.0188,0.0026,2.4e-13,2.2e-10,"smoking","P1E5"
"2600","cg21329975",0.0055,8e-04,2.4e-13,2.2e-10,"smoking","P1E5"
"2601","cg13809441",0.0114,0.0016,2.4e-13,2.3e-10,"smoking","P1E5"
"2602","cg15428620",-0.0076,0.001,2.4e-13,2.3e-10,"smoking","P1E5"
"2603","cg06819357",0.0156,0.0021,2.6e-13,2.4e-10,"smoking","P1E5"
"2604","cg06193043",0.0168,0.0023,2.6e-13,2.4e-10,"smoking","P1E5"
"2605","cg02442900",0.0091,0.0012,2.7e-13,2.5e-10,"smoking","P1E5"
"2606","cg23975840",0.011,0.0015,2.9e-13,2.7e-10,"smoking","P1E5"
"2607","cg11714502",-0.0085,0.0012,2.9e-13,2.7e-10,"smoking","P1E5"
"2608","cg21187770",-0.0091,0.0012,2.9e-13,2.7e-10,"smoking","P1E5"
"2609","cg27241845",-0.0378,0.0052,3e-13,2.7e-10,"smoking","P1E5"
"2610","cg11962640",-0.005,7e-04,3e-13,2.8e-10,"smoking","P1E5"
"2611","cg11769400",0.0046,6e-04,3.1e-13,2.9e-10,"smoking","P1E5"
"2612","cg14435720",-0.0074,0.001,3.5e-13,3.1e-10,"smoking","P1E5"
"2613","cg10619342",0.0223,0.0031,3.5e-13,3.2e-10,"smoking","P1E5"
"2614","cg24996979",-0.0145,0.002,3.6e-13,3.2e-10,"smoking","P1E5"
"2615","cg19744173",0.0123,0.0017,3.7e-13,3.3e-10,"smoking","P1E5"
"2616","cg05824218",0.0122,0.0017,3.8e-13,3.4e-10,"smoking","P1E5"
"2617","cg23594345",-0.0362,0.005,3.8e-13,3.4e-10,"smoking","P1E5"
"2618","cg11557553",0.0096,0.0013,3.9e-13,3.4e-10,"smoking","P1E5"
"2619","cg20152539",-0.0145,0.002,4.1e-13,3.6e-10,"smoking","P1E5"
"2620","cg06972908",-0.0121,0.0017,4.2e-13,3.7e-10,"smoking","P1E5"
"2621","cg13424229",0.0075,0.001,4.2e-13,3.7e-10,"smoking","P1E5"
"2622","cg07257768",-0.0089,0.0012,4.3e-13,3.8e-10,"smoking","P1E5"
"2623","cg18559579",0.0121,0.0017,4.3e-13,3.8e-10,"smoking","P1E5"
"2624","cg25422678",0.0095,0.0013,4.3e-13,3.8e-10,"smoking","P1E5"
"2625","cg06367459",-0.0057,8e-04,4.4e-13,3.8e-10,"smoking","P1E5"
"2626","cg21316772",-0.0048,7e-04,4.4e-13,3.9e-10,"smoking","P1E5"
"2627","cg14567085",0.0051,7e-04,4.4e-13,3.9e-10,"smoking","P1E5"
"2628","cg06575692",0.0132,0.0018,4.5e-13,3.9e-10,"smoking","P1E5"
"2629","cg23058194",0.0123,0.0017,4.5e-13,3.9e-10,"smoking","P1E5"
"2630","cg01138448",-0.017,0.0023,4.6e-13,4e-10,"smoking","P1E5"
"2631","cg04268813",0.0073,0.001,4.7e-13,4.1e-10,"smoking","P1E5"
"2632","cg15172739",-0.0093,0.0013,4.8e-13,4.1e-10,"smoking","P1E5"
"2633","cg14818621",0.0069,9e-04,4.8e-13,4.2e-10,"smoking","P1E5"
"2634","cg02725398",-0.018,0.0025,4.9e-13,4.3e-10,"smoking","P1E5"
"2635","cg03222009",-0.0174,0.0024,5.1e-13,4.4e-10,"smoking","P1E5"
"2636","cg02532700",-0.0238,0.0033,5.2e-13,4.4e-10,"smoking","P1E5"
"2637","cg24212377",0.0062,9e-04,5.2e-13,4.5e-10,"smoking","P1E5"
"2638","cg02732508",-0.0089,0.0012,5.3e-13,4.5e-10,"smoking","P1E5"
"2639","cg25748521",-0.0083,0.0011,5.3e-13,4.5e-10,"smoking","P1E5"
"2640","cg09247392",-0.0052,7e-04,5.5e-13,4.7e-10,"smoking","P1E5"
"2641","cg22642495",-0.0072,0.001,5.6e-13,4.8e-10,"smoking","P1E5"
"2642","cg20751345",0.0101,0.0014,5.7e-13,4.8e-10,"smoking","P1E5"
"2643","cg26055950",-0.0137,0.0019,5.7e-13,4.8e-10,"smoking","P1E5"
"2644","cg07469402",0.0105,0.0015,5.7e-13,4.8e-10,"smoking","P1E5"
"2645","cg15955046",-0.0084,0.0012,5.9e-13,4.9e-10,"smoking","P1E5"
"2646","cg03935116",-0.0099,0.0014,6e-13,5e-10,"smoking","P1E5"
"2647","cg25349939",0.0111,0.0015,6e-13,5.1e-10,"smoking","P1E5"
"2648","cg25198941",0.0069,0.001,6e-13,5.1e-10,"smoking","P1E5"
"2649","cg20244340",-0.0264,0.0037,6.2e-13,5.2e-10,"smoking","P1E5"
"2650","cg22789605",-0.0051,7e-04,6.3e-13,5.3e-10,"smoking","P1E5"
"2651","cg18758622",0.0091,0.0013,6.6e-13,5.5e-10,"smoking","P1E5"
"2652","cg08170227",-0.0154,0.0021,6.6e-13,5.5e-10,"smoking","P1E5"
"2653","cg23677833",-0.0074,0.001,6.7e-13,5.5e-10,"smoking","P1E5"
"2654","cg15417641",0.038,0.0053,6.9e-13,5.7e-10,"smoking","P1E5"
"2655","cg21869609",-0.0404,0.0056,7.2e-13,5.9e-10,"smoking","P1E5"
"2656","cg07040244",-0.012,0.0017,7.5e-13,6.2e-10,"smoking","P1E5"
"2657","cg15417798",0.006,8e-04,7.8e-13,6.4e-10,"smoking","P1E5"
"2658","cg14165660",0.0099,0.0014,7.8e-13,6.4e-10,"smoking","P1E5"
"2659","cg18422587",0.0126,0.0018,8.1e-13,6.5e-10,"smoking","P1E5"
"2660","cg12836643",0.0071,0.001,8.1e-13,6.5e-10,"smoking","P1E5"
"2661","cg18625627",0.0197,0.0028,8.2e-13,6.7e-10,"smoking","P1E5"
"2662","cg13518625",-0.0121,0.0017,8.3e-13,6.7e-10,"smoking","P1E5"
"2663","cg04225775",0.0082,0.0011,8.4e-13,6.8e-10,"smoking","P1E5"
"2664","cg09445967",0.0052,7e-04,8.6e-13,7e-10,"smoking","P1E5"
"2665","cg22235877",-0.0068,9e-04,8.7e-13,7e-10,"smoking","P1E5"
"2666","cg03014634",-0.0066,9e-04,8.7e-13,7e-10,"smoking","P1E5"
"2667","cg08384239",0.0131,0.0018,8.7e-13,7e-10,"smoking","P1E5"
"2668","cg22563815",0.0139,0.0019,8.8e-13,7.1e-10,"smoking","P1E5"
"2669","cg05302489",0.0158,0.0022,8.9e-13,7.1e-10,"smoking","P1E5"
"2670","cg24710503",0.0051,7e-04,9e-13,7.2e-10,"smoking","P1E5"
"2671","cg12486287",0.0067,9e-04,9.2e-13,7.4e-10,"smoking","P1E5"
"2672","cg08233235",-0.0136,0.0019,9.4e-13,7.5e-10,"smoking","P1E5"
"2673","cg06434490",-0.0089,0.0013,9.6e-13,7.6e-10,"smoking","P1E5"
"2674","cg04716447",0.0048,7e-04,9.7e-13,7.7e-10,"smoking","P1E5"
"2675","cg06513247",-0.0104,0.0015,9.8e-13,7.7e-10,"smoking","P1E5"
"2676","cg02167201",-0.0058,8e-04,1e-12,8.1e-10,"smoking","P1E5"
"2677","cg01766850",0.0128,0.0018,1e-12,8.2e-10,"smoking","P1E5"
"2678","cg16201146",-0.0165,0.0023,1.1e-12,8.4e-10,"smoking","P1E5"
"2679","cg18446336",-0.0334,0.0047,1.1e-12,8.7e-10,"smoking","P1E5"
"2680","cg00178850",-0.0112,0.0016,1.2e-12,9.4e-10,"smoking","P1E5"
"2681","cg16503724",0.0162,0.0023,1.2e-12,9.4e-10,"smoking","P1E5"
"2682","cg07826859",-0.0218,0.0031,1.3e-12,9.8e-10,"smoking","P1E5"
"2683","cg01554474",-0.0162,0.0023,1.3e-12,1e-09,"smoking","P1E5"
"2684","cg22635676",0.0546,0.0077,1.3e-12,1e-09,"smoking","P1E5"
"2685","cg07441944",-0.0064,9e-04,1.4e-12,1.1e-09,"smoking","P1E5"
"2686","cg14365070",-0.0067,9e-04,1.4e-12,1.1e-09,"smoking","P1E5"
"2687","cg21920570",0.0061,9e-04,1.4e-12,1.1e-09,"smoking","P1E5"
"2688","cg11496569",-0.0089,0.0013,1.4e-12,1.1e-09,"smoking","P1E5"
"2689","cg16696002",0.007,0.001,1.5e-12,1.1e-09,"smoking","P1E5"
"2690","cg13443605",-0.0124,0.0017,1.5e-12,1.1e-09,"smoking","P1E5"
"2691","cg19254163",-0.021,0.003,1.5e-12,1.1e-09,"smoking","P1E5"
"2692","cg19942495",0.0061,9e-04,1.5e-12,1.1e-09,"smoking","P1E5"
"2693","cg26718213",0.0382,0.0054,1.5e-12,1.2e-09,"smoking","P1E5"
"2694","cg09069072",-0.0309,0.0044,1.5e-12,1.2e-09,"smoking","P1E5"
"2695","cg07572233",0.0087,0.0012,1.6e-12,1.2e-09,"smoking","P1E5"
"2696","cg05987787",0.0053,7e-04,1.6e-12,1.2e-09,"smoking","P1E5"
"2697","cg13487127",0.0104,0.0015,1.6e-12,1.2e-09,"smoking","P1E5"
"2698","cg00485194",-0.0091,0.0013,1.6e-12,1.2e-09,"smoking","P1E5"
"2699","cg21399057",-0.0048,7e-04,1.7e-12,1.3e-09,"smoking","P1E5"
"2700","cg15084803",0.017,0.0024,1.7e-12,1.3e-09,"smoking","P1E5"
"2701","cg24838345",-0.0189,0.0027,1.7e-12,1.3e-09,"smoking","P1E5"
"2702","cg11405655",-0.014,0.002,1.7e-12,1.3e-09,"smoking","P1E5"
"2703","cg06338710",-0.0249,0.0035,1.7e-12,1.3e-09,"smoking","P1E5"
"2704","cg04189320",-0.0074,0.001,1.7e-12,1.3e-09,"smoking","P1E5"
"2705","cg03333699",-0.0076,0.0011,1.7e-12,1.3e-09,"smoking","P1E5"
"2706","cg03190891",0.0114,0.0016,1.8e-12,1.4e-09,"smoking","P1E5"
"2707","cg15130459",-0.0156,0.0022,1.8e-12,1.4e-09,"smoking","P1E5"
"2708","cg01208318",-0.0386,0.0055,1.8e-12,1.4e-09,"smoking","P1E5"
"2709","cg02228160",0.0145,0.0021,1.9e-12,1.4e-09,"smoking","P1E5"
"2710","cg21201657",-0.0091,0.0013,1.9e-12,1.4e-09,"smoking","P1E5"
"2711","cg19940644",-0.0254,0.0036,2e-12,1.4e-09,"smoking","P1E5"
"2712","cg18956562",0.013,0.0019,2e-12,1.4e-09,"smoking","P1E5"
"2713","cg04263702",-0.0178,0.0025,2e-12,1.4e-09,"smoking","P1E5"
"2714","cg23480021",0.0669,0.0095,2e-12,1.5e-09,"smoking","P1E5"
"2715","cg06896207",-0.0108,0.0015,2e-12,1.5e-09,"smoking","P1E5"
"2716","cg02639359",-0.0134,0.0019,2.1e-12,1.5e-09,"smoking","P1E5"
"2717","cg00063111",-0.0098,0.0014,2.1e-12,1.6e-09,"smoking","P1E5"
"2718","cg02405476",-0.0083,0.0012,2.1e-12,1.6e-09,"smoking","P1E5"
"2719","cg05438727",0.0053,8e-04,2.1e-12,1.6e-09,"smoking","P1E5"
"2720","cg01150799",0.0083,0.0012,2.2e-12,1.6e-09,"smoking","P1E5"
"2721","cg11073255",-0.0063,9e-04,2.2e-12,1.6e-09,"smoking","P1E5"
"2722","cg16622652",-0.0103,0.0015,2.2e-12,1.6e-09,"smoking","P1E5"
"2723","cg16255816",-0.0154,0.0022,2.2e-12,1.6e-09,"smoking","P1E5"
"2724","cg19589396",-0.0223,0.0032,2.4e-12,1.7e-09,"smoking","P1E5"
"2725","cg13876650",-0.0068,0.001,2.4e-12,1.7e-09,"smoking","P1E5"
"2726","cg02402946",0.0108,0.0015,2.4e-12,1.7e-09,"smoking","P1E5"
"2727","cg23621097",0.0153,0.0022,2.4e-12,1.7e-09,"smoking","P1E5"
"2728","cg25618424",-0.0103,0.0015,2.5e-12,1.8e-09,"smoking","P1E5"
"2729","cg22761205",0.0087,0.0012,2.5e-12,1.8e-09,"smoking","P1E5"
"2730","cg21356710",0.0181,0.0026,2.5e-12,1.8e-09,"smoking","P1E5"
"2731","cg17985311",-0.0096,0.0014,2.5e-12,1.8e-09,"smoking","P1E5"
"2732","cg19719391",0.0171,0.0024,2.6e-12,1.8e-09,"smoking","P1E5"
"2733","cg20912205",-0.0077,0.0011,2.6e-12,1.8e-09,"smoking","P1E5"
"2734","cg19635644",-0.0062,9e-04,2.7e-12,1.9e-09,"smoking","P1E5"
"2735","cg14258501",0.0078,0.0011,2.8e-12,1.9e-09,"smoking","P1E5"
"2736","cg13689560",-0.0079,0.0011,2.8e-12,2e-09,"smoking","P1E5"
"2737","cg08006956",-0.0097,0.0014,2.8e-12,2e-09,"smoking","P1E5"
"2738","cg03812323",0.0087,0.0012,2.8e-12,2e-09,"smoking","P1E5"
"2739","cg08149865",-0.0152,0.0022,2.8e-12,2e-09,"smoking","P1E5"
"2740","cg06096184",-0.014,0.002,2.8e-12,2e-09,"smoking","P1E5"
"2741","cg20513976",0.0089,0.0013,2.9e-12,2e-09,"smoking","P1E5"
"2742","cg22792367",-0.0081,0.0012,2.9e-12,2e-09,"smoking","P1E5"
"2743","cg20124610",-0.0147,0.0021,2.9e-12,2e-09,"smoking","P1E5"
"2744","cg04136748",0.0054,8e-04,2.9e-12,2e-09,"smoking","P1E5"
"2745","cg15474579",-0.0207,0.003,3e-12,2.1e-09,"smoking","P1E5"
"2746","cg23205886",-0.0134,0.0019,3e-12,2.1e-09,"smoking","P1E5"
"2747","cg11314684",-0.0167,0.0024,3e-12,2.1e-09,"smoking","P1E5"
"2748","cg23126342",0.0267,0.0038,3.1e-12,2.1e-09,"smoking","P1E5"
"2749","cg00073460",-0.017,0.0024,3.1e-12,2.1e-09,"smoking","P1E5"
"2750","cg00771722",0.0065,9e-04,3.1e-12,2.1e-09,"smoking","P1E5"
"2751","cg05969150",0.0114,0.0016,3.1e-12,2.1e-09,"smoking","P1E5"
"2752","cg16163543",0.0079,0.0011,3.1e-12,2.2e-09,"smoking","P1E5"
"2753","cg04352288",-0.006,9e-04,3.2e-12,2.2e-09,"smoking","P1E5"
"2754","cg00462971",0.0172,0.0025,3.2e-12,2.2e-09,"smoking","P1E5"
"2755","cg19554457",-0.0141,0.002,3.3e-12,2.2e-09,"smoking","P1E5"
"2756","cg24859433",-0.031,0.0045,3.3e-12,2.2e-09,"smoking","P1E5"
"2757","cg20722088",-0.0069,0.001,3.3e-12,2.3e-09,"smoking","P1E5"
"2758","cg06382664",-0.0071,0.001,3.4e-12,2.3e-09,"smoking","P1E5"
"2759","cg11682350",-0.0032,5e-04,3.4e-12,2.3e-09,"smoking","P1E5"
"2760","cg26105278",-0.0077,0.0011,3.4e-12,2.3e-09,"smoking","P1E5"
"2761","cg23716141",-0.0109,0.0016,3.4e-12,2.3e-09,"smoking","P1E5"
"2762","cg18621256",-0.007,0.001,3.5e-12,2.4e-09,"smoking","P1E5"
"2763","cg06439941",0.0086,0.0012,3.5e-12,2.4e-09,"smoking","P1E5"
"2764","cg21815220",-0.0093,0.0013,3.6e-12,2.4e-09,"smoking","P1E5"
"2765","cg26337070",-0.0266,0.0038,3.8e-12,2.5e-09,"smoking","P1E5"
"2766","cg26038582",0.0436,0.0063,3.8e-12,2.5e-09,"smoking","P1E5"
"2767","cg12455309",-0.0057,8e-04,3.8e-12,2.6e-09,"smoking","P1E5"
"2768","cg10453071",0.0119,0.0017,4e-12,2.7e-09,"smoking","P1E5"
"2769","cg19713429",-0.0196,0.0028,4.1e-12,2.7e-09,"smoking","P1E5"
"2770","cg03999941",-0.0165,0.0024,4.1e-12,2.7e-09,"smoking","P1E5"
"2771","cg01272202",-0.0102,0.0015,4.1e-12,2.7e-09,"smoking","P1E5"
"2772","cg27646484",0.006,9e-04,4.2e-12,2.8e-09,"smoking","P1E5"
"2773","cg23048494",-0.0079,0.0011,4.2e-12,2.8e-09,"smoking","P1E5"
"2774","cg26203136",-0.0093,0.0013,4.3e-12,2.8e-09,"smoking","P1E5"
"2775","cg17272563",0.0099,0.0014,4.3e-12,2.8e-09,"smoking","P1E5"
"2776","cg16416158",-0.0078,0.0011,4.3e-12,2.9e-09,"smoking","P1E5"
"2777","cg09197783",-0.0151,0.0022,4.3e-12,2.9e-09,"smoking","P1E5"
"2778","cg21404980",0.0072,0.001,4.4e-12,2.9e-09,"smoking","P1E5"
"2779","cg25953130",-0.0305,0.0044,4.5e-12,2.9e-09,"smoking","P1E5"
"2780","cg04119529",0.0058,8e-04,4.5e-12,3e-09,"smoking","P1E5"
"2781","cg02363630",0.0064,9e-04,4.6e-12,3e-09,"smoking","P1E5"
"2782","cg06827976",0.0034,5e-04,4.7e-12,3e-09,"smoking","P1E5"
"2783","cg03604011",0.0241,0.0035,4.7e-12,3.1e-09,"smoking","P1E5"
"2784","cg20724032",0.0098,0.0014,4.9e-12,3.2e-09,"smoking","P1E5"
"2785","cg01565703",-0.0108,0.0016,5e-12,3.2e-09,"smoking","P1E5"
"2786","cg06518831",-0.0043,6e-04,5.2e-12,3.3e-09,"smoking","P1E5"
"2787","cg09219877",0.0071,0.001,5.2e-12,3.4e-09,"smoking","P1E5"
"2788","cg20303561",-0.0161,0.0023,5.3e-12,3.4e-09,"smoking","P1E5"
"2789","cg22053945",-0.0079,0.0011,5.3e-12,3.4e-09,"smoking","P1E5"
"2790","cg04209460",-0.0106,0.0015,5.5e-12,3.6e-09,"smoking","P1E5"
"2791","cg04961225",0.0114,0.0017,5.6e-12,3.6e-09,"smoking","P1E5"
"2792","cg00446123",0.0092,0.0013,5.7e-12,3.7e-09,"smoking","P1E5"
"2793","cg22573696",-0.0105,0.0015,5.7e-12,3.7e-09,"smoking","P1E5"
"2794","cg23090529",-0.0313,0.0045,5.8e-12,3.7e-09,"smoking","P1E5"
"2795","cg10012530",-0.0106,0.0015,5.9e-12,3.8e-09,"smoking","P1E5"
"2796","cg10151367",0.0059,9e-04,5.9e-12,3.8e-09,"smoking","P1E5"
"2797","cg23680900",0.0037,5e-04,6e-12,3.8e-09,"smoking","P1E5"
"2798","cg17907003",-0.0151,0.0022,6e-12,3.8e-09,"smoking","P1E5"
"2799","cg00496272",-0.0083,0.0012,6e-12,3.8e-09,"smoking","P1E5"
"2800","cg19014730",-0.0083,0.0012,6.2e-12,3.9e-09,"smoking","P1E5"
"2801","cg06321596",-0.0231,0.0034,6.2e-12,3.9e-09,"smoking","P1E5"
"2802","cg09465703",-0.0238,0.0035,6.2e-12,4e-09,"smoking","P1E5"
"2803","cg20076442",0.0077,0.0011,6.3e-12,4e-09,"smoking","P1E5"
"2804","cg24497361",-0.0137,0.002,6.4e-12,4e-09,"smoking","P1E5"
"2805","cg10267724",0.0051,7e-04,6.4e-12,4.1e-09,"smoking","P1E5"
"2806","cg19717773",-0.0392,0.0057,6.5e-12,4.1e-09,"smoking","P1E5"
"2807","cg01765174",-0.0103,0.0015,6.7e-12,4.2e-09,"smoking","P1E5"
"2808","cg08834436",-0.0158,0.0023,6.8e-12,4.3e-09,"smoking","P1E5"
"2809","cg03139840",-0.0053,8e-04,6.9e-12,4.3e-09,"smoking","P1E5"
"2810","cg15261712",0.015,0.0022,6.9e-12,4.3e-09,"smoking","P1E5"
"2811","cg01447828",0.0114,0.0017,7.1e-12,4.5e-09,"smoking","P1E5"
"2812","cg00255726",0.0102,0.0015,7.2e-12,4.5e-09,"smoking","P1E5"
"2813","cg22977892",-0.0089,0.0013,7.2e-12,4.5e-09,"smoking","P1E5"
"2814","cg18824330",-0.0065,0.001,7.4e-12,4.6e-09,"smoking","P1E5"
"2815","cg05898092",-0.0062,9e-04,7.5e-12,4.6e-09,"smoking","P1E5"
"2816","cg19719475",-0.0068,0.001,7.5e-12,4.7e-09,"smoking","P1E5"
"2817","cg17953136",0.0142,0.0021,7.5e-12,4.7e-09,"smoking","P1E5"
"2818","cg01765406",-0.0114,0.0017,7.6e-12,4.7e-09,"smoking","P1E5"
"2819","cg18754985",-0.0095,0.0014,7.7e-12,4.7e-09,"smoking","P1E5"
"2820","cg15948030",0.0044,6e-04,8e-12,4.9e-09,"smoking","P1E5"
"2821","cg19583819",-0.0108,0.0016,8.1e-12,5e-09,"smoking","P1E5"
"2822","cg02508743",0.011,0.0016,8.1e-12,5e-09,"smoking","P1E5"
"2823","cg25278144",-0.0046,7e-04,8.3e-12,5.1e-09,"smoking","P1E5"
"2824","cg25157472",0.0058,8e-04,8.3e-12,5.1e-09,"smoking","P1E5"
"2825","cg09658497",-0.0417,0.0061,8.3e-12,5.1e-09,"smoking","P1E5"
"2826","cg23059461",0.008,0.0012,8.4e-12,5.1e-09,"smoking","P1E5"
"2827","cg26837477",-0.0055,8e-04,8.4e-12,5.1e-09,"smoking","P1E5"
"2828","cg02714303",0.0153,0.0022,8.4e-12,5.1e-09,"smoking","P1E5"
"2829","cg06759971",0.0048,7e-04,8.5e-12,5.1e-09,"smoking","P1E5"
"2830","cg11261850",0.0099,0.0014,8.6e-12,5.2e-09,"smoking","P1E5"
"2831","cg24090911",-0.0238,0.0035,8.7e-12,5.3e-09,"smoking","P1E5"
"2832","cg25773262",-0.0127,0.0019,8.8e-12,5.4e-09,"smoking","P1E5"
"2833","cg00636737",-0.01,0.0015,9.3e-12,5.6e-09,"smoking","P1E5"
"2834","cg01681525",-0.0128,0.0019,9.7e-12,5.9e-09,"smoking","P1E5"
"2835","cg16608652",-0.006,9e-04,9.9e-12,5.9e-09,"smoking","P1E5"
"2836","cg06512918",0.0048,7e-04,1e-11,6.2e-09,"smoking","P1E5"
"2837","cg06189394",-0.0092,0.0014,1e-11,6.2e-09,"smoking","P1E5"
"2838","cg26276120",-0.0113,0.0017,1e-11,6.3e-09,"smoking","P1E5"
"2839","cg20240091",0.0103,0.0015,1.1e-11,6.4e-09,"smoking","P1E5"
"2840","cg14420519",-0.0076,0.0011,1.1e-11,6.5e-09,"smoking","P1E5"
"2841","cg04359840",-0.0182,0.0027,1.1e-11,6.5e-09,"smoking","P1E5"
"2842","cg27589809",-0.0078,0.0012,1.1e-11,6.6e-09,"smoking","P1E5"
"2843","cg01121610",0.0036,5e-04,1.1e-11,6.8e-09,"smoking","P1E5"
"2844","cg00327072",-0.0065,0.001,1.2e-11,6.9e-09,"smoking","P1E5"
"2845","cg05673882",-0.026,0.0038,1.2e-11,7.2e-09,"smoking","P1E5"
"2846","cg23756272",0.0097,0.0014,1.2e-11,7.3e-09,"smoking","P1E5"
"2847","cg01716252",0.0052,8e-04,1.3e-11,7.5e-09,"smoking","P1E5"
"2848","cg01127300",-0.0335,0.005,1.3e-11,7.6e-09,"smoking","P1E5"
"2849","cg21548340",-0.0087,0.0013,1.3e-11,7.6e-09,"smoking","P1E5"
"2850","cg23813257",-0.0077,0.0011,1.3e-11,7.6e-09,"smoking","P1E5"
"2851","cg16779839",-0.0109,0.0016,1.3e-11,7.6e-09,"smoking","P1E5"
"2852","cg01513913",-0.02,0.003,1.3e-11,7.7e-09,"smoking","P1E5"
"2853","cg08305378",0.0057,8e-04,1.3e-11,7.7e-09,"smoking","P1E5"
"2854","cg12105190",-0.0074,0.0011,1.3e-11,7.8e-09,"smoking","P1E5"
"2855","cg16611234",-0.0253,0.0037,1.3e-11,7.8e-09,"smoking","P1E5"
"2856","cg22539182",0.0154,0.0023,1.3e-11,7.9e-09,"smoking","P1E5"
"2857","cg11436113",-0.0179,0.0026,1.4e-11,7.9e-09,"smoking","P1E5"
"2858","cg24046474",-0.0109,0.0016,1.4e-11,8e-09,"smoking","P1E5"
"2859","cg06194738",-0.011,0.0016,1.4e-11,8.1e-09,"smoking","P1E5"
"2860","cg12877335",0.0064,0.001,1.4e-11,8.1e-09,"smoking","P1E5"
"2861","cg01995548",-0.0073,0.0011,1.4e-11,8.1e-09,"smoking","P1E5"
"2862","cg12095353",0.0068,0.001,1.4e-11,8.1e-09,"smoking","P1E5"
"2863","cg07251887",-0.023,0.0034,1.4e-11,8.1e-09,"smoking","P1E5"
"2864","cg09554443",0.0156,0.0023,1.4e-11,8.2e-09,"smoking","P1E5"
"2865","cg02704502",-0.0135,0.002,1.4e-11,8.2e-09,"smoking","P1E5"
"2866","cg04019522",0.0117,0.0017,1.5e-11,8.5e-09,"smoking","P1E5"
"2867","cg04521626",0.0086,0.0013,1.5e-11,8.7e-09,"smoking","P1E5"
"2868","cg01314044",0.0074,0.0011,1.5e-11,8.7e-09,"smoking","P1E5"
"2869","cg07180646",-0.0227,0.0034,1.5e-11,8.7e-09,"smoking","P1E5"
"2870","cg21585138",-0.0079,0.0012,1.5e-11,8.8e-09,"smoking","P1E5"
"2871","cg05897963",-0.0156,0.0023,1.5e-11,8.8e-09,"smoking","P1E5"
"2872","cg03480935",-0.0118,0.0018,1.5e-11,8.8e-09,"smoking","P1E5"
"2873","cg02325250",-0.0111,0.0016,1.6e-11,8.9e-09,"smoking","P1E5"
"2874","cg16406078",0.0085,0.0013,1.6e-11,8.9e-09,"smoking","P1E5"
"2875","cg03227037",0.0165,0.0025,1.6e-11,9.2e-09,"smoking","P1E5"
"2876","cg23551979",0.0133,0.002,1.6e-11,9.2e-09,"smoking","P1E5"
"2877","cg09338136",-0.0164,0.0024,1.6e-11,9.2e-09,"smoking","P1E5"
"2878","cg24688690",-0.0074,0.0011,1.6e-11,9.3e-09,"smoking","P1E5"
"2879","cg20698113",-0.0086,0.0013,1.6e-11,9.3e-09,"smoking","P1E5"
"2880","cg22533573",0.0051,8e-04,1.7e-11,9.5e-09,"smoking","P1E5"
"2881","cg06271237",0.0097,0.0014,1.7e-11,9.5e-09,"smoking","P1E5"
"2882","cg03224812",0.0057,9e-04,1.7e-11,9.7e-09,"smoking","P1E5"
"2883","cg05720226",-0.0114,0.0017,1.7e-11,9.7e-09,"smoking","P1E5"
"2884","cg08712631",-0.0051,8e-04,1.7e-11,9.7e-09,"smoking","P1E5"
"2885","cg08884752",-0.0171,0.0025,1.7e-11,9.7e-09,"smoking","P1E5"
"2886","cg22705225",0.006,9e-04,1.8e-11,9.8e-09,"smoking","P1E5"
"2887","cg05341549",-0.0054,8e-04,1.8e-11,1e-08,"smoking","P1E5"
"2888","cg00152041",-0.0054,8e-04,1.8e-11,1e-08,"smoking","P1E5"
"2889","cg22335340",-0.009,0.0013,1.8e-11,1e-08,"smoking","P1E5"
"2890","cg03803818",0.0059,9e-04,1.8e-11,1e-08,"smoking","P1E5"
"2891","cg10181414",-0.0123,0.0018,1.9e-11,1e-08,"smoking","P1E5"
"2892","cg23233742",-0.0158,0.0024,1.9e-11,1e-08,"smoking","P1E5"
"2893","cg12103569",0.0139,0.0021,1.9e-11,1e-08,"smoking","P1E5"
"2894","cg10310310",-0.0061,9e-04,1.9e-11,1.1e-08,"smoking","P1E5"
"2895","cg19142553",-0.0098,0.0015,1.9e-11,1.1e-08,"smoking","P1E5"
"2896","cg19956914",0.0231,0.0035,2e-11,1.1e-08,"smoking","P1E5"
"2897","cg01724917",-0.0067,0.001,2e-11,1.1e-08,"smoking","P1E5"
"2898","cg13547053",0.0105,0.0016,2.1e-11,1.1e-08,"smoking","P1E5"
"2899","cg12619504",-0.0147,0.0022,2.1e-11,1.2e-08,"smoking","P1E5"
"2900","cg19913291",-0.0087,0.0013,2.2e-11,1.2e-08,"smoking","P1E5"
"2901","cg03547355",-0.0173,0.0026,2.2e-11,1.2e-08,"smoking","P1E5"
"2902","cg23681440",-0.0166,0.0025,2.2e-11,1.2e-08,"smoking","P1E5"
"2903","cg00396865",-0.0062,9e-04,2.3e-11,1.3e-08,"smoking","P1E5"
"2904","cg07632771",-0.0081,0.0012,2.3e-11,1.3e-08,"smoking","P1E5"
"2905","cg18931633",-0.0065,0.001,2.3e-11,1.3e-08,"smoking","P1E5"
"2906","cg23831876",-0.0092,0.0014,2.4e-11,1.3e-08,"smoking","P1E5"
"2907","cg11147309",-0.0088,0.0013,2.5e-11,1.3e-08,"smoking","P1E5"
"2908","cg09206294",0.005,7e-04,2.5e-11,1.4e-08,"smoking","P1E5"
"2909","cg05347334",-0.006,9e-04,2.5e-11,1.4e-08,"smoking","P1E5"
"2910","cg06791426",0.013,0.0019,2.5e-11,1.4e-08,"smoking","P1E5"
"2911","cg15059804",0.0175,0.0026,2.5e-11,1.4e-08,"smoking","P1E5"
"2912","cg09056317",-0.0074,0.0011,2.6e-11,1.4e-08,"smoking","P1E5"
"2913","cg18241780",0.0051,8e-04,2.6e-11,1.4e-08,"smoking","P1E5"
"2914","cg09700701",0.0044,7e-04,2.6e-11,1.4e-08,"smoking","P1E5"
"2915","cg03599224",-0.0047,7e-04,2.6e-11,1.4e-08,"smoking","P1E5"
"2916","cg19459791",0.014,0.0021,2.6e-11,1.4e-08,"smoking","P1E5"
"2917","cg09006487",-0.0122,0.0018,2.7e-11,1.4e-08,"smoking","P1E5"
"2918","cg11621113",-0.0169,0.0025,2.7e-11,1.4e-08,"smoking","P1E5"
"2919","cg02787737",0.0133,0.002,2.8e-11,1.5e-08,"smoking","P1E5"
"2920","cg21188533",0.0407,0.0061,2.9e-11,1.5e-08,"smoking","P1E5"
"2921","cg22356527",0.0096,0.0014,2.9e-11,1.5e-08,"smoking","P1E5"
"2922","cg00526336",-0.0093,0.0014,2.9e-11,1.5e-08,"smoking","P1E5"
"2923","cg14266999",-0.0087,0.0013,2.9e-11,1.5e-08,"smoking","P1E5"
"2924","cg04208434",0.0054,8e-04,2.9e-11,1.6e-08,"smoking","P1E5"
"2925","cg03149958",-0.0153,0.0023,3e-11,1.6e-08,"smoking","P1E5"
"2926","cg21473814",0.0214,0.0032,3.1e-11,1.6e-08,"smoking","P1E5"
"2927","cg21664281",0.0218,0.0033,3.1e-11,1.6e-08,"smoking","P1E5"
"2928","cg09912793",-0.0111,0.0017,3.1e-11,1.7e-08,"smoking","P1E5"
"2929","cg05122453",-0.0058,9e-04,3.1e-11,1.7e-08,"smoking","P1E5"
"2930","cg11884933",0.0064,0.001,3.3e-11,1.7e-08,"smoking","P1E5"
"2931","cg01020987",-0.0098,0.0015,3.3e-11,1.8e-08,"smoking","P1E5"
"2932","cg20644981",0.0091,0.0014,3.4e-11,1.8e-08,"smoking","P1E5"
"2933","cg24173182",0.0138,0.0021,3.4e-11,1.8e-08,"smoking","P1E5"
"2934","cg09462576",-0.0112,0.0017,3.5e-11,1.8e-08,"smoking","P1E5"
"2935","cg12332902",0.0063,0.001,3.5e-11,1.8e-08,"smoking","P1E5"
"2936","cg04491089",-0.0082,0.0012,3.5e-11,1.8e-08,"smoking","P1E5"
"2937","cg07607355",0.0053,8e-04,3.5e-11,1.8e-08,"smoking","P1E5"
"2938","cg25464840",0.0096,0.0015,3.5e-11,1.8e-08,"smoking","P1E5"
"2939","cg07654588",-0.0079,0.0012,3.6e-11,1.9e-08,"smoking","P1E5"
"2940","cg24719910",-0.0099,0.0015,3.6e-11,1.9e-08,"smoking","P1E5"
"2941","cg18394552",0.0134,0.002,3.7e-11,1.9e-08,"smoking","P1E5"
"2942","cg25741533",-0.0072,0.0011,3.7e-11,1.9e-08,"smoking","P1E5"
"2943","cg23867494",-0.0064,0.001,3.8e-11,2e-08,"smoking","P1E5"
"2944","cg07277038",0.0177,0.0027,3.8e-11,2e-08,"smoking","P1E5"
"2945","cg15693572",0.0527,0.008,3.9e-11,2e-08,"smoking","P1E5"
"2946","cg20006825",0.006,9e-04,3.9e-11,2e-08,"smoking","P1E5"
"2947","cg01290904",-0.014,0.0021,4e-11,2e-08,"smoking","P1E5"
"2948","cg13085976",-0.0063,0.001,4e-11,2.1e-08,"smoking","P1E5"
"2949","cg24109116",-0.0042,6e-04,4.2e-11,2.1e-08,"smoking","P1E5"
"2950","cg15089077",-0.0135,0.0021,4.2e-11,2.1e-08,"smoking","P1E5"
"2951","cg09560590",0.0124,0.0019,4.2e-11,2.2e-08,"smoking","P1E5"
"2952","cg02964434",-0.0085,0.0013,4.3e-11,2.2e-08,"smoking","P1E5"
"2953","cg04472685",-0.0058,9e-04,4.3e-11,2.2e-08,"smoking","P1E5"
"2954","cg03923640",-0.0082,0.0012,4.3e-11,2.2e-08,"smoking","P1E5"
"2955","cg02407266",0.0066,0.001,4.4e-11,2.3e-08,"smoking","P1E5"
"2956","cg27424326",0.0045,7e-04,4.4e-11,2.3e-08,"smoking","P1E5"
"2957","cg11046638",-0.0091,0.0014,4.7e-11,2.4e-08,"smoking","P1E5"
"2958","cg26996569",0.0178,0.0027,4.7e-11,2.4e-08,"smoking","P1E5"
"2959","cg06314111",-0.0104,0.0016,4.9e-11,2.5e-08,"smoking","P1E5"
"2960","cg06880612",0.0065,0.001,4.9e-11,2.5e-08,"smoking","P1E5"
"2961","cg25066772",0.0053,8e-04,4.9e-11,2.5e-08,"smoking","P1E5"
"2962","cg11305121",-0.0079,0.0012,4.9e-11,2.5e-08,"smoking","P1E5"
"2963","cg27055894",-0.0051,8e-04,5e-11,2.5e-08,"smoking","P1E5"
"2964","cg14120896",0.0074,0.0011,5.1e-11,2.6e-08,"smoking","P1E5"
"2965","cg24591300",-0.0066,0.001,5.1e-11,2.6e-08,"smoking","P1E5"
"2966","cg23222488",0.0102,0.0015,5.1e-11,2.6e-08,"smoking","P1E5"
"2967","cg10874644",0.0197,0.003,5.2e-11,2.6e-08,"smoking","P1E5"
"2968","cg24718197",-0.0073,0.0011,5.2e-11,2.6e-08,"smoking","P1E5"
"2969","cg15393221",0.0139,0.0021,5.3e-11,2.7e-08,"smoking","P1E5"
"2970","cg15903032",-0.013,0.002,5.3e-11,2.7e-08,"smoking","P1E5"
"2971","cg01561259",0.0101,0.0015,5.4e-11,2.7e-08,"smoking","P1E5"
"2972","cg18151030",-0.012,0.0018,5.5e-11,2.8e-08,"smoking","P1E5"
"2973","cg25318189",0.0059,9e-04,5.6e-11,2.8e-08,"smoking","P1E5"
"2974","cg19427338",0.0133,0.002,5.7e-11,2.8e-08,"smoking","P1E5"
"2975","cg23204396",-0.0095,0.0015,5.8e-11,2.9e-08,"smoking","P1E5"
"2976","cg26657675",-0.0088,0.0013,5.8e-11,2.9e-08,"smoking","P1E5"
"2977","cg17927313",0.0043,7e-04,5.8e-11,2.9e-08,"smoking","P1E5"
"2978","cg16448702",0.0063,0.001,5.8e-11,2.9e-08,"smoking","P1E5"
"2979","cg21929761",-0.0077,0.0012,5.9e-11,2.9e-08,"smoking","P1E5"
"2980","cg09325711",-0.007,0.0011,6.1e-11,3e-08,"smoking","P1E5"
"2981","cg27423838",-0.0074,0.0011,6.1e-11,3e-08,"smoking","P1E5"
"2982","cg18649028",0.0058,9e-04,6.1e-11,3e-08,"smoking","P1E5"
"2983","cg13221074",-0.0038,6e-04,6.2e-11,3e-08,"smoking","P1E5"
"2984","cg09448652",-0.007,0.0011,6.2e-11,3e-08,"smoking","P1E5"
"2985","cg16736826",-0.0084,0.0013,6.2e-11,3e-08,"smoking","P1E5"
"2986","cg16983541",-0.0054,8e-04,6.3e-11,3.1e-08,"smoking","P1E5"
"2987","cg06885459",0.0159,0.0024,6.3e-11,3.1e-08,"smoking","P1E5"
"2988","cg07702888",0.0054,8e-04,6.4e-11,3.1e-08,"smoking","P1E5"
"2989","cg24518098",-0.0127,0.0019,6.4e-11,3.1e-08,"smoking","P1E5"
"2990","cg05599106",0.0049,8e-04,6.4e-11,3.1e-08,"smoking","P1E5"
"2991","cg17325771",-0.0071,0.0011,6.5e-11,3.2e-08,"smoking","P1E5"
"2992","cg13247990",0.0056,9e-04,6.5e-11,3.2e-08,"smoking","P1E5"
"2993","cg17567838",-0.0123,0.0019,6.6e-11,3.2e-08,"smoking","P1E5"
"2994","cg08604596",-0.0055,8e-04,6.7e-11,3.3e-08,"smoking","P1E5"
"2995","cg14239618",0.0042,6e-04,6.9e-11,3.3e-08,"smoking","P1E5"
"2996","cg10768063",0.0117,0.0018,7e-11,3.4e-08,"smoking","P1E5"
"2997","cg19601144",0.0039,6e-04,7.2e-11,3.5e-08,"smoking","P1E5"
"2998","cg24230340",-0.0149,0.0023,7.3e-11,3.6e-08,"smoking","P1E5"
"2999","cg25385733",0.0039,6e-04,7.5e-11,3.6e-08,"smoking","P1E5"
"3000","cg12856965",-0.0151,0.0023,7.5e-11,3.6e-08,"smoking","P1E5"
"3001","cg03451670",0.0095,0.0015,7.5e-11,3.6e-08,"smoking","P1E5"
"3002","cg04332373",0.0115,0.0018,7.6e-11,3.7e-08,"smoking","P1E5"
"3003","cg13914531",-0.0054,8e-04,7.6e-11,3.7e-08,"smoking","P1E5"
"3004","cg05668853",-0.0127,0.0019,7.7e-11,3.7e-08,"smoking","P1E5"
"3005","cg07886712",-0.0045,7e-04,7.7e-11,3.7e-08,"smoking","P1E5"
"3006","cg19035792",0.0057,9e-04,7.9e-11,3.8e-08,"smoking","P1E5"
"3007","cg26803969",-0.0038,6e-04,8.1e-11,3.9e-08,"smoking","P1E5"
"3008","cg10672416",-0.0083,0.0013,8.2e-11,3.9e-08,"smoking","P1E5"
"3009","cg01952185",0.015,0.0023,8.3e-11,4e-08,"smoking","P1E5"
"3010","cg23401251",0.0118,0.0018,8.4e-11,4e-08,"smoking","P1E5"
"3011","cg17498867",-0.0054,8e-04,8.5e-11,4e-08,"smoking","P1E5"
"3012","cg18503679",-0.0146,0.0023,8.6e-11,4.1e-08,"smoking","P1E5"
"3013","cg26105649",-0.0052,8e-04,8.8e-11,4.1e-08,"smoking","P1E5"
"3014","cg17781958",0.0076,0.0012,9.1e-11,4.3e-08,"smoking","P1E5"
"3015","cg25341560",-0.0108,0.0017,9.1e-11,4.3e-08,"smoking","P1E5"
"3016","cg11386011",-0.0072,0.0011,9.2e-11,4.4e-08,"smoking","P1E5"
"3017","cg11014740",-0.0095,0.0015,9.4e-11,4.4e-08,"smoking","P1E5"
"3018","cg07516196",0.0109,0.0017,9.8e-11,4.6e-08,"smoking","P1E5"
"3019","cg11674448",0.0094,0.0014,9.8e-11,4.6e-08,"smoking","P1E5"
"3020","cg15013801",-0.0095,0.0015,1e-10,4.8e-08,"smoking","P1E5"
"3021","cg12364755",-0.0068,0.0011,1e-10,4.8e-08,"smoking","P1E5"
"3022","cg18617091",0.0098,0.0015,1e-10,4.8e-08,"smoking","P1E5"
"3023","cg21159068",0.0062,0.001,1e-10,4.8e-08,"smoking","P1E5"
"3024","cg04189326",0.0058,9e-04,1e-10,4.9e-08,"smoking","P1E5"
"3025","cg24771152",0.0068,0.001,1.1e-10,4.9e-08,"smoking","P1E5"
"3026","cg10493185",0.0041,6e-04,1.1e-10,4.9e-08,"smoking","P1E5"
"3027","cg20149625",-0.0042,6e-04,1.1e-10,4.9e-08,"smoking","P1E5"
"3028","cg24426691",-0.0059,9e-04,1.1e-10,5e-08,"smoking","P1E5"
"3029","cg23448998",0.0072,0.0011,1.1e-10,5e-08,"smoking","P1E5"
"3030","cg13976502",-0.0143,0.0022,1.1e-10,5e-08,"smoking","P1E5"
"3031","cg22582113",-0.0027,4e-04,1.1e-10,5e-08,"smoking","P1E5"
"3032","cg22957360",-0.0071,0.0011,1.1e-10,5.1e-08,"smoking","P1E5"
"3033","cg18961281",0.0043,7e-04,1.1e-10,5.1e-08,"smoking","P1E5"
"3034","cg25376310",-0.0063,0.001,1.1e-10,5.1e-08,"smoking","P1E5"
"3035","cg26908328",-0.0087,0.0014,1.1e-10,5.2e-08,"smoking","P1E5"
"3036","cg06800849",-0.006,9e-04,1.1e-10,5.2e-08,"smoking","P1E5"
"3037","cg00122944",-0.0036,6e-04,1.1e-10,5.2e-08,"smoking","P1E5"
"3038","cg25629790",0.005,8e-04,1.1e-10,5.2e-08,"smoking","P1E5"
"3039","cg27252776",-0.0116,0.0018,1.1e-10,5.2e-08,"smoking","P1E5"
"3040","cg24128066",-0.0073,0.0011,1.2e-10,5.3e-08,"smoking","P1E5"
"3041","cg01499816",-0.0033,5e-04,1.2e-10,5.3e-08,"smoking","P1E5"
"3042","cg10785537",0.0066,0.001,1.2e-10,5.3e-08,"smoking","P1E5"
"3043","cg13708645",-0.0139,0.0022,1.2e-10,5.4e-08,"smoking","P1E5"
"3044","cg00741986",-0.016,0.0025,1.2e-10,5.4e-08,"smoking","P1E5"
"3045","cg20146909",-0.0105,0.0016,1.2e-10,5.5e-08,"smoking","P1E5"
"3046","cg02375409",0.0105,0.0016,1.2e-10,5.5e-08,"smoking","P1E5"
"3047","cg10130088",0.0055,9e-04,1.2e-10,5.5e-08,"smoking","P1E5"
"3048","cg12593793",-0.0107,0.0017,1.2e-10,5.5e-08,"smoking","P1E5"
"3049","cg21121843",-0.0242,0.0038,1.2e-10,5.5e-08,"smoking","P1E5"
"3050","cg17082568",0.0104,0.0016,1.2e-10,5.6e-08,"smoking","P1E5"
"3051","cg11826961",-0.0105,0.0016,1.2e-10,5.6e-08,"smoking","P1E5"
"3052","cg06439889",0.005,8e-04,1.3e-10,5.8e-08,"smoking","P1E5"
"3053","cg17936236",-0.0083,0.0013,1.3e-10,5.9e-08,"smoking","P1E5"
"3054","cg24539517",-0.0098,0.0015,1.3e-10,5.9e-08,"smoking","P1E5"
"3055","cg14316231",-0.0169,0.0026,1.3e-10,5.9e-08,"smoking","P1E5"
"3056","cg07764473",0.0171,0.0027,1.3e-10,5.9e-08,"smoking","P1E5"
"3057","cg10010533",-0.0069,0.0011,1.3e-10,5.9e-08,"smoking","P1E5"
"3058","cg13594903",-0.0094,0.0015,1.4e-10,6.1e-08,"smoking","P1E5"
"3059","cg08267489",0.0024,4e-04,1.4e-10,6.2e-08,"smoking","P1E5"
"3060","cg13001289",-0.0044,7e-04,1.4e-10,6.2e-08,"smoking","P1E5"
"3061","cg23635560",-0.0099,0.0015,1.4e-10,6.2e-08,"smoking","P1E5"
"3062","cg26467528",-0.0118,0.0018,1.4e-10,6.2e-08,"smoking","P1E5"
"3063","cg15122985",-0.0068,0.0011,1.4e-10,6.2e-08,"smoking","P1E5"
"3064","cg07027613",-0.0079,0.0012,1.4e-10,6.3e-08,"smoking","P1E5"
"3065","cg15138339",-0.0075,0.0012,1.4e-10,6.3e-08,"smoking","P1E5"
"3066","cg17174275",-0.0053,8e-04,1.4e-10,6.4e-08,"smoking","P1E5"
"3067","cg21647257",0.0085,0.0013,1.4e-10,6.4e-08,"smoking","P1E5"
"3068","cg04337534",0.0051,8e-04,1.4e-10,6.4e-08,"smoking","P1E5"
"3069","cg09202659",-0.0064,0.001,1.5e-10,6.6e-08,"smoking","P1E5"
"3070","cg15787744",-0.008,0.0012,1.5e-10,6.6e-08,"smoking","P1E5"
"3071","cg06130714",0.0031,5e-04,1.5e-10,6.6e-08,"smoking","P1E5"
"3072","cg21393124",-0.0056,9e-04,1.5e-10,6.6e-08,"smoking","P1E5"
"3073","cg02740606",-0.0084,0.0013,1.5e-10,6.7e-08,"smoking","P1E5"
"3074","cg22950598",-0.0126,0.002,1.5e-10,6.7e-08,"smoking","P1E5"
"3075","cg18482892",-0.0105,0.0016,1.5e-10,6.7e-08,"smoking","P1E5"
"3076","cg04816394",0.0066,0.001,1.5e-10,6.7e-08,"smoking","P1E5"
"3077","cg18325841",0.0062,0.001,1.5e-10,6.7e-08,"smoking","P1E5"
"3078","cg17461214",0.0044,7e-04,1.5e-10,6.7e-08,"smoking","P1E5"
"3079","cg00583733",-0.0053,8e-04,1.5e-10,6.8e-08,"smoking","P1E5"
"3080","cg10843276",0.0144,0.0022,1.5e-10,6.8e-08,"smoking","P1E5"
"3081","cg11844970",-0.0054,8e-04,1.6e-10,6.9e-08,"smoking","P1E5"
"3082","cg18954479",0.0149,0.0023,1.6e-10,6.9e-08,"smoking","P1E5"
"3083","cg07520810",-0.0099,0.0015,1.6e-10,6.9e-08,"smoking","P1E5"
"3084","cg07308381",-0.0075,0.0012,1.6e-10,6.9e-08,"smoking","P1E5"
"3085","cg07819944",0.0054,8e-04,1.6e-10,7e-08,"smoking","P1E5"
"3086","cg07742396",-0.0138,0.0022,1.6e-10,7.1e-08,"smoking","P1E5"
"3087","cg16029875",0.0131,0.0021,1.6e-10,7.2e-08,"smoking","P1E5"
"3088","cg13758913",0.0059,9e-04,1.7e-10,7.3e-08,"smoking","P1E5"
"3089","cg23541422",-0.0065,0.001,1.7e-10,7.3e-08,"smoking","P1E5"
"3090","cg20366831",-0.0055,9e-04,1.7e-10,7.3e-08,"smoking","P1E5"
"3091","cg10750959",0.0067,0.001,1.7e-10,7.4e-08,"smoking","P1E5"
"3092","cg14989226",-0.0085,0.0013,1.8e-10,7.7e-08,"smoking","P1E5"
"3093","cg16646054",-0.0119,0.0019,1.8e-10,7.8e-08,"smoking","P1E5"
"3094","cg10696445",0.0046,7e-04,1.8e-10,7.8e-08,"smoking","P1E5"
"3095","cg01487468",-0.0089,0.0014,1.8e-10,7.8e-08,"smoking","P1E5"
"3096","cg13935577",-0.0088,0.0014,1.8e-10,7.9e-08,"smoking","P1E5"
"3097","cg16983588",0.0197,0.0031,1.8e-10,7.9e-08,"smoking","P1E5"
"3098","cg24257309",0.0085,0.0013,1.9e-10,8e-08,"smoking","P1E5"
"3099","cg17333973",-0.0045,7e-04,1.9e-10,8e-08,"smoking","P1E5"
"3100","cg13452162",-0.0077,0.0012,1.9e-10,8.2e-08,"smoking","P1E5"
"3101","cg17884674",0.008,0.0013,1.9e-10,8.2e-08,"smoking","P1E5"
"3102","cg06670463",-0.0083,0.0013,1.9e-10,8.3e-08,"smoking","P1E5"
"3103","cg24930218",-0.0054,9e-04,1.9e-10,8.3e-08,"smoking","P1E5"
"3104","cg12699156",-0.007,0.0011,2e-10,8.4e-08,"smoking","P1E5"
"3105","cg01185345",-0.0082,0.0013,2e-10,8.4e-08,"smoking","P1E5"
"3106","cg14194983",0.0097,0.0015,2e-10,8.5e-08,"smoking","P1E5"
"3107","cg11229399",0.0107,0.0017,2e-10,8.5e-08,"smoking","P1E5"
"3108","cg24869815",0.0049,8e-04,2e-10,8.6e-08,"smoking","P1E5"
"3109","cg15626881",0.0058,9e-04,2e-10,8.7e-08,"smoking","P1E5"
"3110","cg25611057",-0.007,0.0011,2.1e-10,8.7e-08,"smoking","P1E5"
"3111","cg03583050",0.0064,0.001,2.1e-10,8.9e-08,"smoking","P1E5"
"3112","cg11145461",-0.0105,0.0016,2.1e-10,8.9e-08,"smoking","P1E5"
"3113","cg17473673",0.0055,9e-04,2.1e-10,9.1e-08,"smoking","P1E5"
"3114","cg17397607",-0.0126,0.002,2.2e-10,9.2e-08,"smoking","P1E5"
"3115","cg01453052",-0.0109,0.0017,2.2e-10,9.3e-08,"smoking","P1E5"
"3116","cg01979157",-0.0081,0.0013,2.2e-10,9.3e-08,"smoking","P1E5"
"3117","cg10508317",-0.0086,0.0014,2.3e-10,9.5e-08,"smoking","P1E5"
"3118","cg20289911",-0.0047,7e-04,2.3e-10,9.7e-08,"smoking","P1E5"
"3119","cg09084200",-0.0114,0.0018,2.3e-10,9.8e-08,"smoking","P1E5"
"3120","cg07058086",0.0047,7e-04,2.3e-10,9.8e-08,"smoking","P1E5"
"3121","cg27312979",0.032,0.0051,2.4e-10,1e-07,"smoking","P1E5"
"3122","cg06151964",0.0083,0.0013,2.4e-10,1e-07,"smoking","P1E5"
"3123","cg20049273",0.0058,9e-04,2.4e-10,1e-07,"smoking","P1E5"
"3124","cg15482893",0.0122,0.0019,2.4e-10,1e-07,"smoking","P1E5"
"3125","cg02917867",-0.0103,0.0016,2.4e-10,1e-07,"smoking","P1E5"
"3126","cg21788755",-0.0057,9e-04,2.5e-10,1e-07,"smoking","P1E5"
"3127","cg03681335",0.0079,0.0013,2.5e-10,1e-07,"smoking","P1E5"
"3128","cg08810238",-0.0074,0.0012,2.5e-10,1e-07,"smoking","P1E5"
"3129","cg04117801",-0.0051,8e-04,2.5e-10,1e-07,"smoking","P1E5"
"3130","cg19426731",-0.0066,0.001,2.5e-10,1e-07,"smoking","P1E5"
"3131","cg22027399",0.0062,0.001,2.5e-10,1e-07,"smoking","P1E5"
"3132","cg10965178",-0.0108,0.0017,2.5e-10,1e-07,"smoking","P1E5"
"3133","cg01919377",-0.0053,8e-04,2.5e-10,1.1e-07,"smoking","P1E5"
"3134","cg20889322",-0.0136,0.0022,2.6e-10,1.1e-07,"smoking","P1E5"
"3135","cg04095045",0.0037,6e-04,2.6e-10,1.1e-07,"smoking","P1E5"
"3136","cg24271203",-0.0057,9e-04,2.6e-10,1.1e-07,"smoking","P1E5"
"3137","cg12147622",-0.0231,0.0037,2.7e-10,1.1e-07,"smoking","P1E5"
"3138","cg06604199",-0.0086,0.0014,2.7e-10,1.1e-07,"smoking","P1E5"
"3139","cg13672514",-0.0075,0.0012,2.7e-10,1.1e-07,"smoking","P1E5"
"3140","cg02161701",0.0078,0.0012,2.8e-10,1.1e-07,"smoking","P1E5"
"3141","cg22601421",0.0031,5e-04,2.8e-10,1.1e-07,"smoking","P1E5"
"3142","cg08397758",0.0065,0.001,2.8e-10,1.2e-07,"smoking","P1E5"
"3143","cg15012027",-0.0115,0.0018,2.8e-10,1.2e-07,"smoking","P1E5"
"3144","cg13582060",-0.0194,0.0031,2.9e-10,1.2e-07,"smoking","P1E5"
"3145","cg00665106",0.0071,0.0011,2.9e-10,1.2e-07,"smoking","P1E5"
"3146","cg09039672",0.0067,0.0011,3e-10,1.2e-07,"smoking","P1E5"
"3147","cg18777299",-0.0088,0.0014,3e-10,1.2e-07,"smoking","P1E5"
"3148","cg22377043",0.006,9e-04,3e-10,1.2e-07,"smoking","P1E5"
"3149","cg10959726",-0.0061,0.001,3.1e-10,1.2e-07,"smoking","P1E5"
"3150","cg09006159",0.0057,9e-04,3.1e-10,1.3e-07,"smoking","P1E5"
"3151","cg08640824",-0.0103,0.0016,3.1e-10,1.3e-07,"smoking","P1E5"
"3152","cg23565821",-0.0149,0.0024,3.2e-10,1.3e-07,"smoking","P1E5"
"3153","cg09265392",-0.0088,0.0014,3.2e-10,1.3e-07,"smoking","P1E5"
"3154","cg00867472",0.0082,0.0013,3.3e-10,1.3e-07,"smoking","P1E5"
"3155","cg25284397",0.0106,0.0017,3.3e-10,1.3e-07,"smoking","P1E5"
"3156","cg06264663",0.0059,9e-04,3.3e-10,1.3e-07,"smoking","P1E5"
"3157","cg26364091",-0.0097,0.0015,3.4e-10,1.4e-07,"smoking","P1E5"
"3158","cg08900404",-0.0131,0.0021,3.4e-10,1.4e-07,"smoking","P1E5"
"3159","cg01860774",-0.0068,0.0011,3.4e-10,1.4e-07,"smoking","P1E5"
"3160","cg07151117",-0.0085,0.0014,3.4e-10,1.4e-07,"smoking","P1E5"
"3161","cg24503881",-0.0047,7e-04,3.4e-10,1.4e-07,"smoking","P1E5"
"3162","cg14391923",-0.0237,0.0038,3.4e-10,1.4e-07,"smoking","P1E5"
"3163","cg15963913",0.0089,0.0014,3.5e-10,1.4e-07,"smoking","P1E5"
"3164","cg24033122",-0.0163,0.0026,3.5e-10,1.4e-07,"smoking","P1E5"
"3165","cg01481251",-0.0159,0.0025,3.5e-10,1.4e-07,"smoking","P1E5"
"3166","cg16936060",0.0165,0.0026,3.5e-10,1.4e-07,"smoking","P1E5"
"3167","cg00756943",-0.0132,0.0021,3.6e-10,1.4e-07,"smoking","P1E5"
"3168","cg16011250",0.0087,0.0014,3.6e-10,1.4e-07,"smoking","P1E5"
"3169","cg06672753",0.0042,7e-04,3.6e-10,1.4e-07,"smoking","P1E5"
"3170","cg26963277",-0.0241,0.0038,3.6e-10,1.4e-07,"smoking","P1E5"
"3171","cg11679455",-0.006,9e-04,3.7e-10,1.5e-07,"smoking","P1E5"
"3172","cg14295611",0.0075,0.0012,3.7e-10,1.5e-07,"smoking","P1E5"
"3173","cg13487983",0.0049,8e-04,3.8e-10,1.5e-07,"smoking","P1E5"
"3174","cg07202214",-0.0138,0.0022,3.8e-10,1.5e-07,"smoking","P1E5"
"3175","cg23762517",0.0312,0.005,3.8e-10,1.5e-07,"smoking","P1E5"
"3176","cg24296397",0.0089,0.0014,3.9e-10,1.5e-07,"smoking","P1E5"
"3177","cg03090969",-0.0087,0.0014,3.9e-10,1.5e-07,"smoking","P1E5"
"3178","cg04770751",-0.0184,0.0029,3.9e-10,1.5e-07,"smoking","P1E5"
"3179","cg00024404",-0.009,0.0014,3.9e-10,1.5e-07,"smoking","P1E5"
"3180","cg00931843",0.0199,0.0032,3.9e-10,1.5e-07,"smoking","P1E5"
"3181","cg21913886",-0.015,0.0024,3.9e-10,1.5e-07,"smoking","P1E5"
"3182","cg03044513",0.0064,0.001,4e-10,1.6e-07,"smoking","P1E5"
"3183","cg10180092",-0.0155,0.0025,4e-10,1.6e-07,"smoking","P1E5"
"3184","cg11572675",0.0055,9e-04,4e-10,1.6e-07,"smoking","P1E5"
"3185","cg18914023",0.0023,4e-04,4e-10,1.6e-07,"smoking","P1E5"
"3186","cg23046844",0.0037,6e-04,4e-10,1.6e-07,"smoking","P1E5"
"3187","cg09749364",-0.006,0.001,4e-10,1.6e-07,"smoking","P1E5"
"3188","cg15531369",-0.0063,0.001,4.1e-10,1.6e-07,"smoking","P1E5"
"3189","cg10970328",-0.007,0.0011,4.1e-10,1.6e-07,"smoking","P1E5"
"3190","cg06857018",0.0025,4e-04,4.1e-10,1.6e-07,"smoking","P1E5"
"3191","cg02286506",0.004,6e-04,4.1e-10,1.6e-07,"smoking","P1E5"
"3192","cg08479476",-0.0158,0.0025,4.1e-10,1.6e-07,"smoking","P1E5"
"3193","cg00007076",-0.0153,0.0024,4.2e-10,1.6e-07,"smoking","P1E5"
"3194","cg13142374",0.0046,7e-04,4.2e-10,1.6e-07,"smoking","P1E5"
"3195","cg01936839",-0.0096,0.0015,4.2e-10,1.6e-07,"smoking","P1E5"
"3196","cg07421287",-0.0115,0.0018,4.2e-10,1.6e-07,"smoking","P1E5"
"3197","cg10581837",0.0149,0.0024,4.3e-10,1.7e-07,"smoking","P1E5"
"3198","cg23003085",-0.0077,0.0012,4.3e-10,1.7e-07,"smoking","P1E5"
"3199","cg13024368",0.0041,7e-04,4.3e-10,1.7e-07,"smoking","P1E5"
"3200","cg16649298",0.014,0.0022,4.4e-10,1.7e-07,"smoking","P1E5"
"3201","cg03916421",-0.0103,0.0017,4.5e-10,1.7e-07,"smoking","P1E5"
"3202","cg16276850",0.0106,0.0017,4.5e-10,1.7e-07,"smoking","P1E5"
"3203","cg12649208",0.0043,7e-04,4.6e-10,1.8e-07,"smoking","P1E5"
"3204","cg05784862",-0.0093,0.0015,4.6e-10,1.8e-07,"smoking","P1E5"
"3205","cg19802390",0.0109,0.0017,4.6e-10,1.8e-07,"smoking","P1E5"
"3206","cg05914034",-0.0127,0.002,4.6e-10,1.8e-07,"smoking","P1E5"
"3207","cg21350153",0.0072,0.0012,4.6e-10,1.8e-07,"smoking","P1E5"
"3208","cg00423486",0.0055,9e-04,4.6e-10,1.8e-07,"smoking","P1E5"
"3209","cg00893603",-0.0245,0.0039,4.7e-10,1.8e-07,"smoking","P1E5"
"3210","cg16744741",0.0124,0.002,4.7e-10,1.8e-07,"smoking","P1E5"
"3211","cg02097120",-0.0071,0.0011,4.7e-10,1.8e-07,"smoking","P1E5"
"3212","cg06663317",-0.0059,0.001,4.7e-10,1.8e-07,"smoking","P1E5"
"3213","cg18419271",0.0091,0.0015,4.7e-10,1.8e-07,"smoking","P1E5"
"3214","cg20714487",0.0033,5e-04,4.7e-10,1.8e-07,"smoking","P1E5"
"3215","cg03109660",-0.0119,0.0019,4.8e-10,1.8e-07,"smoking","P1E5"
"3216","cg11327659",0.0091,0.0015,4.8e-10,1.8e-07,"smoking","P1E5"
"3217","cg14701962",0.0069,0.0011,4.8e-10,1.8e-07,"smoking","P1E5"
"3218","cg05222924",0.0066,0.0011,4.9e-10,1.8e-07,"smoking","P1E5"
"3219","cg18810691",-0.0066,0.0011,4.9e-10,1.9e-07,"smoking","P1E5"
"3220","cg03224013",-0.0128,0.0021,5e-10,1.9e-07,"smoking","P1E5"
"3221","cg24495528",-0.0069,0.0011,5e-10,1.9e-07,"smoking","P1E5"
"3222","cg13525276",0.023,0.0037,5.4e-10,2e-07,"smoking","P1E5"
"3223","cg15108490",0.0037,6e-04,5.4e-10,2e-07,"smoking","P1E5"
"3224","cg14852355",0.0061,0.001,5.5e-10,2e-07,"smoking","P1E5"
"3225","cg27000944",-0.0084,0.0013,5.5e-10,2.1e-07,"smoking","P1E5"
"3226","cg01651915",-0.0248,0.004,5.5e-10,2.1e-07,"smoking","P1E5"
"3227","cg16937168",-0.0107,0.0017,5.5e-10,2.1e-07,"smoking","P1E5"
"3228","cg10479082",0.0063,0.001,5.5e-10,2.1e-07,"smoking","P1E5"
"3229","cg12166476",0.0137,0.0022,5.6e-10,2.1e-07,"smoking","P1E5"
"3230","cg21434376",0.0132,0.0021,5.6e-10,2.1e-07,"smoking","P1E5"
"3231","cg07450086",-0.0102,0.0017,5.6e-10,2.1e-07,"smoking","P1E5"
"3232","cg19827923",-0.0119,0.0019,5.6e-10,2.1e-07,"smoking","P1E5"
"3233","cg03646329",-0.0244,0.0039,5.6e-10,2.1e-07,"smoking","P1E5"
"3234","cg16269733",-0.0122,0.002,5.7e-10,2.1e-07,"smoking","P1E5"
"3235","cg06283478",0.0073,0.0012,5.8e-10,2.2e-07,"smoking","P1E5"
"3236","cg11419064",0.0042,7e-04,5.8e-10,2.2e-07,"smoking","P1E5"
"3237","cg12622182",-0.0097,0.0016,5.9e-10,2.2e-07,"smoking","P1E5"
"3238","cg14906103",0.0085,0.0014,5.9e-10,2.2e-07,"smoking","P1E5"
"3239","cg05135521",-0.0191,0.0031,5.9e-10,2.2e-07,"smoking","P1E5"
"3240","cg18369034",-0.0162,0.0026,6.1e-10,2.2e-07,"smoking","P1E5"
"3241","cg13257421",0.0076,0.0012,6.1e-10,2.2e-07,"smoking","P1E5"
"3242","cg24448421",0.0154,0.0025,6.1e-10,2.2e-07,"smoking","P1E5"
"3243","cg27583010",-0.0072,0.0012,6.1e-10,2.2e-07,"smoking","P1E5"
"3244","cg00808648",0.0065,0.0011,6.1e-10,2.3e-07,"smoking","P1E5"
"3245","cg14089503",-0.0121,0.002,6.1e-10,2.3e-07,"smoking","P1E5"
"3246","cg06688763",0.02,0.0032,6.2e-10,2.3e-07,"smoking","P1E5"
"3247","cg07751331",-0.0089,0.0014,6.2e-10,2.3e-07,"smoking","P1E5"
"3248","cg03836615",0.0052,8e-04,6.2e-10,2.3e-07,"smoking","P1E5"
"3249","cg27178191",0.0089,0.0014,6.2e-10,2.3e-07,"smoking","P1E5"
"3250","cg01423695",0.0064,0.001,6.3e-10,2.3e-07,"smoking","P1E5"
"3251","cg15234271",0.0046,7e-04,6.3e-10,2.3e-07,"smoking","P1E5"
"3252","cg07651540",0.0066,0.0011,6.3e-10,2.3e-07,"smoking","P1E5"
"3253","cg03832440",-0.0126,0.002,6.3e-10,2.3e-07,"smoking","P1E5"
"3254","cg18547299",0.0048,8e-04,6.3e-10,2.3e-07,"smoking","P1E5"
"3255","cg27262054",-0.0158,0.0026,6.4e-10,2.3e-07,"smoking","P1E5"
"3256","cg05228408",-0.0085,0.0014,6.4e-10,2.3e-07,"smoking","P1E5"
"3257","cg02782510",0.0058,9e-04,6.4e-10,2.3e-07,"smoking","P1E5"
"3258","cg14539422",0.0033,5e-04,6.4e-10,2.3e-07,"smoking","P1E5"
"3259","cg11134246",0.0058,9e-04,6.5e-10,2.4e-07,"smoking","P1E5"
"3260","cg17819085",-0.0095,0.0015,6.7e-10,2.4e-07,"smoking","P1E5"
"3261","cg26219182",-0.0038,6e-04,6.7e-10,2.4e-07,"smoking","P1E5"
"3262","cg11551464",0.0066,0.0011,6.7e-10,2.4e-07,"smoking","P1E5"
"3263","cg02385153",0.0107,0.0017,6.8e-10,2.5e-07,"smoking","P1E5"
"3264","cg13707943",-0.0066,0.0011,6.8e-10,2.5e-07,"smoking","P1E5"
"3265","cg04704634",0.0076,0.0012,6.9e-10,2.5e-07,"smoking","P1E5"
"3266","cg09762021",0.0075,0.0012,7.1e-10,2.5e-07,"smoking","P1E5"
"3267","cg10255761",-0.0145,0.0023,7.2e-10,2.6e-07,"smoking","P1E5"
"3268","cg18082788",-0.0167,0.0027,7.2e-10,2.6e-07,"smoking","P1E5"
"3269","cg19529732",0.0067,0.0011,7.2e-10,2.6e-07,"smoking","P1E5"
"3270","cg26640901",-0.0058,9e-04,7.2e-10,2.6e-07,"smoking","P1E5"
"3271","cg23672278",-0.009,0.0015,7.2e-10,2.6e-07,"smoking","P1E5"
"3272","cg21345826",0.005,8e-04,7.3e-10,2.6e-07,"smoking","P1E5"
"3273","cg04040925",0.0033,5e-04,7.3e-10,2.6e-07,"smoking","P1E5"
"3274","cg22875823",-0.0082,0.0013,7.5e-10,2.7e-07,"smoking","P1E5"
"3275","cg02104962",-0.0065,0.0011,7.5e-10,2.7e-07,"smoking","P1E5"
"3276","cg11827514",-0.0216,0.0035,7.5e-10,2.7e-07,"smoking","P1E5"
"3277","cg18006990",-0.0069,0.0011,7.6e-10,2.7e-07,"smoking","P1E5"
"3278","cg08940075",0.0061,0.001,7.6e-10,2.7e-07,"smoking","P1E5"
"3279","cg14635659",-0.0039,6e-04,7.6e-10,2.7e-07,"smoking","P1E5"
"3280","cg20469837",0.0077,0.0013,7.7e-10,2.8e-07,"smoking","P1E5"
"3281","cg23094674",0.0042,7e-04,7.8e-10,2.8e-07,"smoking","P1E5"
"3282","cg00177243",0.017,0.0028,7.8e-10,2.8e-07,"smoking","P1E5"
"3283","cg25292882",-0.0135,0.0022,7.8e-10,2.8e-07,"smoking","P1E5"
"3284","cg00233633",0.0039,6e-04,7.8e-10,2.8e-07,"smoking","P1E5"
"3285","cg14330293",0.0064,0.001,7.8e-10,2.8e-07,"smoking","P1E5"
"3286","cg05802386",-0.0084,0.0014,7.9e-10,2.8e-07,"smoking","P1E5"
"3287","cg04701628",0.0051,8e-04,8e-10,2.8e-07,"smoking","P1E5"
"3288","cg03958308",-0.0171,0.0028,8e-10,2.8e-07,"smoking","P1E5"
"3289","cg01300096",-0.0074,0.0012,8e-10,2.8e-07,"smoking","P1E5"
"3290","cg20468883",-0.0076,0.0012,8.1e-10,2.9e-07,"smoking","P1E5"
"3291","cg18335991",-0.0135,0.0022,8.1e-10,2.9e-07,"smoking","P1E5"
"3292","cg08022502",-0.0068,0.0011,8.2e-10,2.9e-07,"smoking","P1E5"
"3293","cg06235438",-0.0144,0.0023,8.4e-10,2.9e-07,"smoking","P1E5"
"3294","cg01207684",-0.0246,0.004,8.4e-10,2.9e-07,"smoking","P1E5"
"3295","cg18028767",0.0069,0.0011,8.5e-10,3e-07,"smoking","P1E5"
"3296","cg00324097",-0.0121,0.002,8.6e-10,3e-07,"smoking","P1E5"
"3297","cg22014430",-0.0052,8e-04,8.7e-10,3e-07,"smoking","P1E5"
"3298","cg17975379",0.005,8e-04,8.7e-10,3.1e-07,"smoking","P1E5"
"3299","cg12336777",0.0068,0.0011,8.8e-10,3.1e-07,"smoking","P1E5"
"3300","cg22069247",0.0087,0.0014,8.8e-10,3.1e-07,"smoking","P1E5"
"3301","cg03446062",0.0073,0.0012,9.1e-10,3.2e-07,"smoking","P1E5"
"3302","cg10908953",-0.0061,0.001,9.3e-10,3.3e-07,"smoking","P1E5"
"3303","cg16702313",-0.0081,0.0013,9.5e-10,3.3e-07,"smoking","P1E5"
"3304","cg03234777",-0.0132,0.0022,9.5e-10,3.3e-07,"smoking","P1E5"
"3305","cg16340422",0.0182,0.003,9.6e-10,3.3e-07,"smoking","P1E5"
"3306","cg07986378",-0.029,0.0047,9.6e-10,3.3e-07,"smoking","P1E5"
"3307","cg09825327",-0.005,8e-04,9.7e-10,3.4e-07,"smoking","P1E5"
"3308","cg03970900",0.0133,0.0022,9.7e-10,3.4e-07,"smoking","P1E5"
"3309","cg15777760",-0.0115,0.0019,9.9e-10,3.4e-07,"smoking","P1E5"
"3310","cg04163119",-0.0043,7e-04,9.9e-10,3.4e-07,"smoking","P1E5"
"3311","cg26703507",-0.0202,0.0033,9.9e-10,3.4e-07,"smoking","P1E5"
"3312","cg27633342",0.0067,0.0011,1e-09,3.5e-07,"smoking","P1E5"
"3313","cg23387863",0.0086,0.0014,1e-09,3.5e-07,"smoking","P1E5"
"3314","cg06483559",-0.006,0.001,1e-09,3.5e-07,"smoking","P1E5"
"3315","cg03707168",-0.0285,0.0047,1e-09,3.5e-07,"smoking","P1E5"
"3316","cg18828619",-0.0066,0.0011,1e-09,3.5e-07,"smoking","P1E5"
"3317","cg11344533",-0.0098,0.0016,1e-09,3.5e-07,"smoking","P1E5"
"3318","cg26995224",-0.0212,0.0035,1e-09,3.5e-07,"smoking","P1E5"
"3319","cg09084391",-0.0114,0.0019,1e-09,3.6e-07,"smoking","P1E5"
"3320","cg11824827",0.0132,0.0022,1e-09,3.6e-07,"smoking","P1E5"
"3321","cg09762515",0.0154,0.0025,1e-09,3.6e-07,"smoking","P1E5"
"3322","cg05047401",0.0118,0.0019,1.1e-09,3.6e-07,"smoking","P1E5"
"3323","cg21268659",0.0051,8e-04,1.1e-09,3.6e-07,"smoking","P1E5"
"3324","cg06214925",-0.0059,0.001,1.1e-09,3.6e-07,"smoking","P1E5"
"3325","cg03340878",-0.0204,0.0033,1.1e-09,3.6e-07,"smoking","P1E5"
"3326","cg17422460",-0.012,0.002,1.1e-09,3.6e-07,"smoking","P1E5"
"3327","cg07471614",-0.0079,0.0013,1.1e-09,3.6e-07,"smoking","P1E5"
"3328","cg24105081",-0.0138,0.0023,1.1e-09,3.6e-07,"smoking","P1E5"
"3329","cg19197419",-0.0133,0.0022,1.1e-09,3.6e-07,"smoking","P1E5"
"3330","cg03466562",-0.0046,8e-04,1.1e-09,3.7e-07,"smoking","P1E5"
"3331","cg04481603",-0.0067,0.0011,1.1e-09,3.7e-07,"smoking","P1E5"
"3332","cg22160883",-0.0062,0.001,1.1e-09,3.7e-07,"smoking","P1E5"
"3333","cg02032558",-0.0127,0.0021,1.1e-09,3.7e-07,"smoking","P1E5"
"3334","cg25011395",-0.0045,7e-04,1.1e-09,3.7e-07,"smoking","P1E5"
"3335","cg20853880",-0.0112,0.0018,1.1e-09,3.7e-07,"smoking","P1E5"
"3336","cg18262201",-0.012,0.002,1.1e-09,3.7e-07,"smoking","P1E5"
"3337","cg05099952",-0.0064,0.0011,1.1e-09,3.8e-07,"smoking","P1E5"
"3338","cg20059377",-0.008,0.0013,1.1e-09,3.8e-07,"smoking","P1E5"
"3339","cg09350536",-0.0076,0.0012,1.1e-09,3.8e-07,"smoking","P1E5"
"3340","cg03519967",0.0098,0.0016,1.2e-09,3.9e-07,"smoking","P1E5"
"3341","cg06738169",-0.0074,0.0012,1.2e-09,3.9e-07,"smoking","P1E5"
"3342","cg17900199",-0.0067,0.0011,1.2e-09,3.9e-07,"smoking","P1E5"
"3343","cg05051464",-0.0046,8e-04,1.2e-09,3.9e-07,"smoking","P1E5"
"3344","cg18824446",-0.0101,0.0017,1.2e-09,4e-07,"smoking","P1E5"
"3345","cg00953154",-0.0027,4e-04,1.2e-09,4e-07,"smoking","P1E5"
"3346","cg08243524",-0.0136,0.0022,1.2e-09,4e-07,"smoking","P1E5"
"3347","cg01601926",-0.0048,8e-04,1.2e-09,4.1e-07,"smoking","P1E5"
"3348","cg07123182",-0.0111,0.0018,1.2e-09,4.1e-07,"smoking","P1E5"
"3349","cg15059065",-0.016,0.0026,1.2e-09,4.1e-07,"smoking","P1E5"
"3350","cg05058354",-0.007,0.0012,1.2e-09,4.1e-07,"smoking","P1E5"
"3351","cg22705959",-0.0094,0.0016,1.2e-09,4.1e-07,"smoking","P1E5"
"3352","cg16353615",0.0083,0.0014,1.2e-09,4.1e-07,"smoking","P1E5"
"3353","cg11940960",-0.0086,0.0014,1.2e-09,4.1e-07,"smoking","P1E5"
"3354","cg25221975",0.0101,0.0017,1.3e-09,4.2e-07,"smoking","P1E5"
"3355","cg11601297",-0.0077,0.0013,1.3e-09,4.2e-07,"smoking","P1E5"
"3356","cg17207590",0.0096,0.0016,1.3e-09,4.2e-07,"smoking","P1E5"
"3357","cg05138138",-0.0046,8e-04,1.3e-09,4.2e-07,"smoking","P1E5"
"3358","cg04545963",-0.0128,0.0021,1.3e-09,4.2e-07,"smoking","P1E5"
"3359","cg24847230",-0.0045,7e-04,1.3e-09,4.3e-07,"smoking","P1E5"
"3360","cg13541527",-0.024,0.004,1.3e-09,4.3e-07,"smoking","P1E5"
"3361","cg01465596",0.0109,0.0018,1.3e-09,4.3e-07,"smoking","P1E5"
"3362","cg04907244",-0.0129,0.0021,1.3e-09,4.3e-07,"smoking","P1E5"
"3363","cg16037981",0.0048,8e-04,1.3e-09,4.3e-07,"smoking","P1E5"
"3364","cg18394567",-0.0071,0.0012,1.3e-09,4.3e-07,"smoking","P1E5"
"3365","cg05460226",-0.0209,0.0034,1.3e-09,4.4e-07,"smoking","P1E5"
"3366","cg16903811",-0.0094,0.0016,1.3e-09,4.4e-07,"smoking","P1E5"
"3367","cg17933936",-0.0054,9e-04,1.4e-09,4.5e-07,"smoking","P1E5"
"3368","cg09588020",-0.0079,0.0013,1.4e-09,4.5e-07,"smoking","P1E5"
"3369","cg25962015",-0.0136,0.0022,1.4e-09,4.5e-07,"smoking","P1E5"
"3370","cg14880079",0.0053,9e-04,1.4e-09,4.5e-07,"smoking","P1E5"
"3371","cg20563269",-0.017,0.0028,1.4e-09,4.6e-07,"smoking","P1E5"
"3372","cg02646073",0.0058,0.001,1.4e-09,4.7e-07,"smoking","P1E5"
"3373","cg02871659",-0.0144,0.0024,1.4e-09,4.7e-07,"smoking","P1E5"
"3374","cg03373393",-0.0078,0.0013,1.5e-09,4.8e-07,"smoking","P1E5"
"3375","cg24931658",-0.0142,0.0023,1.5e-09,4.8e-07,"smoking","P1E5"
"3376","cg25205699",0.0041,7e-04,1.5e-09,4.8e-07,"smoking","P1E5"
"3377","cg12459502",0.0074,0.0012,1.5e-09,4.9e-07,"smoking","P1E5"
"3378","cg21681705",0.0116,0.0019,1.5e-09,5e-07,"smoking","P1E5"
"3379","cg15636519",-0.0123,0.002,1.5e-09,5e-07,"smoking","P1E5"
"3380","cg02187196",-0.0088,0.0014,1.5e-09,5e-07,"smoking","P1E5"
"3381","cg17065712",-0.0062,0.001,1.5e-09,5e-07,"smoking","P1E5"
"3382","cg04761746",-0.0085,0.0014,1.6e-09,5e-07,"smoking","P1E5"
"3383","cg04685387",-0.0134,0.0022,1.6e-09,5.1e-07,"smoking","P1E5"
"3384","cg16651552",0.0075,0.0012,1.6e-09,5.1e-07,"smoking","P1E5"
"3385","cg11527913",-0.0067,0.0011,1.6e-09,5.1e-07,"smoking","P1E5"
"3386","cg22035959",-0.0057,0.001,1.6e-09,5.1e-07,"smoking","P1E5"
"3387","cg01715384",0.0053,9e-04,1.6e-09,5.1e-07,"smoking","P1E5"
"3388","cg23290456",-0.0027,4e-04,1.6e-09,5.1e-07,"smoking","P1E5"
"3389","cg19641804",-0.0088,0.0015,1.6e-09,5.2e-07,"smoking","P1E5"
"3390","cg05526498",0.0051,8e-04,1.6e-09,5.3e-07,"smoking","P1E5"
"3391","cg07743805",0.0056,9e-04,1.6e-09,5.3e-07,"smoking","P1E5"
"3392","cg02629070",0.0073,0.0012,1.6e-09,5.3e-07,"smoking","P1E5"
"3393","cg14179389",-0.0237,0.0039,1.7e-09,5.3e-07,"smoking","P1E5"
"3394","cg22928954",-0.0104,0.0017,1.7e-09,5.3e-07,"smoking","P1E5"
"3395","cg23615741",-0.0204,0.0034,1.7e-09,5.4e-07,"smoking","P1E5"
"3396","cg10858677",-0.0151,0.0025,1.7e-09,5.4e-07,"smoking","P1E5"
"3397","cg01882991",-0.0151,0.0025,1.7e-09,5.4e-07,"smoking","P1E5"
"3398","cg08766770",0.0056,9e-04,1.7e-09,5.4e-07,"smoking","P1E5"
"3399","cg07873128",0.0043,7e-04,1.7e-09,5.4e-07,"smoking","P1E5"
"3400","cg03127898",0.0068,0.0011,1.7e-09,5.5e-07,"smoking","P1E5"
"3401","cg13652493",-0.0027,4e-04,1.7e-09,5.5e-07,"smoking","P1E5"
"3402","cg20438687",-0.0125,0.0021,1.7e-09,5.5e-07,"smoking","P1E5"
"3403","cg11550064",0.0063,0.001,1.7e-09,5.5e-07,"smoking","P1E5"
"3404","cg00540464",-0.0052,9e-04,1.7e-09,5.5e-07,"smoking","P1E5"
"3405","cg24711224",-0.0059,0.001,1.7e-09,5.6e-07,"smoking","P1E5"
"3406","cg10993442",-0.0053,9e-04,1.8e-09,5.6e-07,"smoking","P1E5"
"3407","cg02507296",-0.0061,0.001,1.8e-09,5.7e-07,"smoking","P1E5"
"3408","cg19618279",-0.0057,0.001,1.8e-09,5.7e-07,"smoking","P1E5"
"3409","cg04276669",0.0045,7e-04,1.8e-09,5.7e-07,"smoking","P1E5"
"3410","cg03884592",0.0264,0.0044,1.8e-09,5.8e-07,"smoking","P1E5"
"3411","cg04411044",-0.014,0.0023,1.8e-09,5.8e-07,"smoking","P1E5"
"3412","cg21834204",0.0074,0.0012,1.8e-09,5.8e-07,"smoking","P1E5"
"3413","cg04813697",-0.0177,0.0029,1.8e-09,5.8e-07,"smoking","P1E5"
"3414","cg16767506",0.0068,0.0011,1.8e-09,5.9e-07,"smoking","P1E5"
"3415","cg24908166",-0.0085,0.0014,1.9e-09,5.9e-07,"smoking","P1E5"
"3416","cg05396397",0.0164,0.0027,1.9e-09,5.9e-07,"smoking","P1E5"
"3417","cg17560073",0.0091,0.0015,1.9e-09,5.9e-07,"smoking","P1E5"
"3418","cg06361405",0.0028,5e-04,1.9e-09,5.9e-07,"smoking","P1E5"
"3419","cg22678092",-0.0088,0.0015,1.9e-09,6e-07,"smoking","P1E5"
"3420","cg19211915",0.007,0.0012,1.9e-09,6e-07,"smoking","P1E5"
"3421","cg07044859",-0.0179,0.003,1.9e-09,6e-07,"smoking","P1E5"
"3422","cg20892260",0.0047,8e-04,1.9e-09,6e-07,"smoking","P1E5"
"3423","cg27618939",0.0074,0.0012,1.9e-09,6e-07,"smoking","P1E5"
"3424","cg08867399",-0.0178,0.003,1.9e-09,6e-07,"smoking","P1E5"
"3425","cg05534710",0.003,5e-04,1.9e-09,6e-07,"smoking","P1E5"
"3426","cg24142464",-0.007,0.0012,1.9e-09,6.1e-07,"smoking","P1E5"
"3427","cg14010720",-0.0086,0.0014,2e-09,6.2e-07,"smoking","P1E5"
"3428","cg09635954",-0.0163,0.0027,2e-09,6.2e-07,"smoking","P1E5"
"3429","cg27628849",0.0057,0.001,2e-09,6.4e-07,"smoking","P1E5"
"3430","cg27310486",0.0045,7e-04,2.1e-09,6.5e-07,"smoking","P1E5"
"3431","cg17298925",0.0156,0.0026,2.1e-09,6.5e-07,"smoking","P1E5"
"3432","cg14741228",-0.0086,0.0014,2.1e-09,6.6e-07,"smoking","P1E5"
"3433","cg18991417",0.0123,0.0021,2.1e-09,6.6e-07,"smoking","P1E5"
"3434","cg06433467",-0.0096,0.0016,2.1e-09,6.7e-07,"smoking","P1E5"
"3435","cg12298445",-0.0053,9e-04,2.1e-09,6.7e-07,"smoking","P1E5"
"3436","cg27006914",-0.0068,0.0011,2.2e-09,6.8e-07,"smoking","P1E5"
"3437","cg19300307",-0.0048,8e-04,2.2e-09,6.8e-07,"smoking","P1E5"
"3438","cg27560367",-0.0056,9e-04,2.2e-09,6.8e-07,"smoking","P1E5"
"3439","cg09977376",0.0035,6e-04,2.2e-09,6.9e-07,"smoking","P1E5"
"3440","cg22858500",-0.0152,0.0025,2.2e-09,7e-07,"smoking","P1E5"
"3441","cg21587837",-0.0067,0.0011,2.2e-09,7e-07,"smoking","P1E5"
"3442","cg05093686",-0.0048,8e-04,2.3e-09,7e-07,"smoking","P1E5"
"3443","cg19030554",-0.0141,0.0024,2.3e-09,7e-07,"smoking","P1E5"
"3444","cg16219322",-0.008,0.0013,2.3e-09,7.1e-07,"smoking","P1E5"
"3445","cg06478823",0.0077,0.0013,2.3e-09,7.1e-07,"smoking","P1E5"
"3446","cg11152384",-0.0094,0.0016,2.3e-09,7.1e-07,"smoking","P1E5"
"3447","cg13633560",-0.0153,0.0026,2.3e-09,7.2e-07,"smoking","P1E5"
"3448","cg11599718",0.0051,9e-04,2.4e-09,7.3e-07,"smoking","P1E5"
"3449","cg14687145",0.0066,0.0011,2.4e-09,7.3e-07,"smoking","P1E5"
"3450","cg21334048",-0.0062,0.001,2.4e-09,7.3e-07,"smoking","P1E5"
"3451","cg20272648",-0.0047,8e-04,2.4e-09,7.3e-07,"smoking","P1E5"
"3452","cg26585644",-0.0058,0.001,2.4e-09,7.3e-07,"smoking","P1E5"
"3453","cg09611599",0.0222,0.0037,2.4e-09,7.4e-07,"smoking","P1E5"
"3454","cg11270278",-0.0071,0.0012,2.4e-09,7.5e-07,"smoking","P1E5"
"3455","cg00981651",0.0034,6e-04,2.5e-09,7.6e-07,"smoking","P1E5"
"3456","cg06638433",-0.005,8e-04,2.5e-09,7.6e-07,"smoking","P1E5"
"3457","cg03864215",-0.006,0.001,2.5e-09,7.7e-07,"smoking","P1E5"
"3458","cg17823346",-0.0128,0.0021,2.5e-09,7.7e-07,"smoking","P1E5"
"3459","cg17551891",-0.0214,0.0036,2.5e-09,7.7e-07,"smoking","P1E5"
"3460","cg00198594",0.0038,6e-04,2.6e-09,7.9e-07,"smoking","P1E5"
"3461","cg03833097",-0.0061,0.001,2.6e-09,7.9e-07,"smoking","P1E5"
"3462","cg06599169",-0.0103,0.0017,2.6e-09,8e-07,"smoking","P1E5"
"3463","cg27488095",-0.0043,7e-04,2.7e-09,8.1e-07,"smoking","P1E5"
"3464","cg18676273",-0.012,0.002,2.7e-09,8.2e-07,"smoking","P1E5"
"3465","cg12494529",-0.0072,0.0012,2.7e-09,8.3e-07,"smoking","P1E5"
"3466","cg19555708",-0.0087,0.0015,2.7e-09,8.3e-07,"smoking","P1E5"
"3467","cg00759807",-0.0065,0.0011,2.7e-09,8.3e-07,"smoking","P1E5"
"3468","cg07278634",0.0084,0.0014,2.8e-09,8.4e-07,"smoking","P1E5"
"3469","cg14023239",0.0026,4e-04,2.8e-09,8.5e-07,"smoking","P1E5"
"3470","cg18651578",0.0051,9e-04,2.8e-09,8.5e-07,"smoking","P1E5"
"3471","cg07504763",-0.0066,0.0011,2.8e-09,8.5e-07,"smoking","P1E5"
"3472","cg13782301",0.0128,0.0022,2.8e-09,8.5e-07,"smoking","P1E5"
"3473","cg13642872",-0.0108,0.0018,2.8e-09,8.5e-07,"smoking","P1E5"
"3474","cg02373104",0.0046,8e-04,2.8e-09,8.6e-07,"smoking","P1E5"
"3475","cg26070757",0.0051,9e-04,2.9e-09,8.6e-07,"smoking","P1E5"
"3476","cg08256536",-0.0071,0.0012,2.9e-09,8.7e-07,"smoking","P1E5"
"3477","cg05487507",-0.012,0.002,2.9e-09,8.8e-07,"smoking","P1E5"
"3478","cg21691065",0.0055,9e-04,2.9e-09,8.8e-07,"smoking","P1E5"
"3479","cg26900995",-0.0097,0.0016,2.9e-09,8.9e-07,"smoking","P1E5"
"3480","cg09651136",0.0077,0.0013,3e-09,8.9e-07,"smoking","P1E5"
"3481","cg25649826",-0.0053,9e-04,3e-09,9.1e-07,"smoking","P1E5"
"3482","cg13464337",-0.0083,0.0014,3e-09,9.1e-07,"smoking","P1E5"
"3483","cg21756476",0.0172,0.0029,3.1e-09,9.2e-07,"smoking","P1E5"
"3484","cg22849665",-0.0141,0.0024,3.1e-09,9.2e-07,"smoking","P1E5"
"3485","cg13545717",0.0061,0.001,3.1e-09,9.2e-07,"smoking","P1E5"
"3486","cg04134748",0.0138,0.0023,3.1e-09,9.2e-07,"smoking","P1E5"
"3487","cg16755833",0.0056,0.001,3.2e-09,9.6e-07,"smoking","P1E5"
"3488","cg23720331",0.0025,4e-04,3.2e-09,9.6e-07,"smoking","P1E5"
"3489","cg05485379",-0.0022,4e-04,3.3e-09,9.7e-07,"smoking","P1E5"
"3490","cg10629249",-0.0062,0.001,3.3e-09,9.7e-07,"smoking","P1E5"
"3491","cg25537245",-0.0057,0.001,3.3e-09,9.9e-07,"smoking","P1E5"
"3492","cg11095027",0.0124,0.0021,3.4e-09,1e-06,"smoking","P1E5"
"3493","cg01782024",0.006,0.001,3.4e-09,1e-06,"smoking","P1E5"
"3494","cg06700877",-0.0088,0.0015,3.4e-09,1e-06,"smoking","P1E5"
"3495","cg13834112",0.0131,0.0022,3.5e-09,1e-06,"smoking","P1E5"
"3496","cg25923345",-0.0032,5e-04,3.5e-09,1e-06,"smoking","P1E5"
"3497","cg05946118",-0.0044,7e-04,3.5e-09,1e-06,"smoking","P1E5"
"3498","cg20533899",-0.0081,0.0014,3.5e-09,1e-06,"smoking","P1E5"
"3499","cg06866033",-0.0101,0.0017,3.6e-09,1.1e-06,"smoking","P1E5"
"3500","cg15074033",0.0069,0.0012,3.6e-09,1.1e-06,"smoking","P1E5"
"3501","cg25064552",-0.0079,0.0013,3.6e-09,1.1e-06,"smoking","P1E5"
"3502","cg17323704",-0.0019,3e-04,3.6e-09,1.1e-06,"smoking","P1E5"
"3503","cg06599908",0.0117,0.002,3.7e-09,1.1e-06,"smoking","P1E5"
"3504","cg07996785",0.0029,5e-04,3.7e-09,1.1e-06,"smoking","P1E5"
"3505","cg06577850",-0.0115,0.002,3.7e-09,1.1e-06,"smoking","P1E5"
"3506","cg05660670",0.0033,6e-04,3.7e-09,1.1e-06,"smoking","P1E5"
"3507","cg10359157",-0.0087,0.0015,3.7e-09,1.1e-06,"smoking","P1E5"
"3508","cg13787850",-0.0187,0.0032,3.8e-09,1.1e-06,"smoking","P1E5"
"3509","cg06648759",0.0125,0.0021,3.8e-09,1.1e-06,"smoking","P1E5"
"3510","cg08239426",0.0057,0.001,3.8e-09,1.1e-06,"smoking","P1E5"
"3511","cg21067023",-0.0163,0.0028,3.8e-09,1.1e-06,"smoking","P1E5"
"3512","cg13795986",-0.012,0.002,3.9e-09,1.1e-06,"smoking","P1E5"
"3513","cg14021478",-0.0087,0.0015,3.9e-09,1.1e-06,"smoking","P1E5"
"3514","cg06762457",-0.0192,0.0033,3.9e-09,1.1e-06,"smoking","P1E5"
"3515","cg20309891",-0.007,0.0012,4e-09,1.2e-06,"smoking","P1E5"
"3516","cg15935121",0.0068,0.0012,4e-09,1.2e-06,"smoking","P1E5"
"3517","cg19022697",-0.0176,0.003,4e-09,1.2e-06,"smoking","P1E5"
"3518","cg25818583",-0.015,0.0025,4e-09,1.2e-06,"smoking","P1E5"
"3519","cg06795233",0.0119,0.002,4e-09,1.2e-06,"smoking","P1E5"
"3520","cg04221461",0.0127,0.0022,4e-09,1.2e-06,"smoking","P1E5"
"3521","cg00116430",-0.0197,0.0034,4.1e-09,1.2e-06,"smoking","P1E5"
"3522","cg18806997",-0.0093,0.0016,4.1e-09,1.2e-06,"smoking","P1E5"
"3523","cg08361238",-0.0059,0.001,4.1e-09,1.2e-06,"smoking","P1E5"
"3524","cg00326958",-0.0101,0.0017,4.1e-09,1.2e-06,"smoking","P1E5"
"3525","cg07556018",0.0119,0.002,4.1e-09,1.2e-06,"smoking","P1E5"
"3526","cg06649191",0.0033,6e-04,4.2e-09,1.2e-06,"smoking","P1E5"
"3527","cg27443779",-0.004,7e-04,4.2e-09,1.2e-06,"smoking","P1E5"
"3528","cg16237191",0.0117,0.002,4.2e-09,1.2e-06,"smoking","P1E5"
"3529","cg27430293",0.0158,0.0027,4.3e-09,1.2e-06,"smoking","P1E5"
"3530","cg03710029",0.0054,9e-04,4.3e-09,1.2e-06,"smoking","P1E5"
"3531","cg17861836",-0.0141,0.0024,4.3e-09,1.3e-06,"smoking","P1E5"
"3532","cg22283754",-0.0033,6e-04,4.3e-09,1.3e-06,"smoking","P1E5"
"3533","cg16320419",-0.0078,0.0013,4.4e-09,1.3e-06,"smoking","P1E5"
"3534","cg08817867",0.0049,8e-04,4.4e-09,1.3e-06,"smoking","P1E5"
"3535","cg25947283",-0.0042,7e-04,4.4e-09,1.3e-06,"smoking","P1E5"
"3536","cg03877174",0.0104,0.0018,4.5e-09,1.3e-06,"smoking","P1E5"
"3537","cg11375458",-0.0056,0.001,4.5e-09,1.3e-06,"smoking","P1E5"
"3538","cg22797644",-0.0079,0.0013,4.5e-09,1.3e-06,"smoking","P1E5"
"3539","cg16541026",-0.0117,0.002,4.6e-09,1.3e-06,"smoking","P1E5"
"3540","cg25347941",0.0076,0.0013,4.6e-09,1.3e-06,"smoking","P1E5"
"3541","cg27405731",0.0153,0.0026,4.6e-09,1.3e-06,"smoking","P1E5"
"3542","cg08409562",0.0071,0.0012,4.6e-09,1.3e-06,"smoking","P1E5"
"3543","cg10676309",0.0051,9e-04,4.6e-09,1.3e-06,"smoking","P1E5"
"3544","cg22103219",-0.0165,0.0028,4.7e-09,1.3e-06,"smoking","P1E5"
"3545","cg17588293",0.0025,4e-04,4.7e-09,1.3e-06,"smoking","P1E5"
"3546","cg05394800",-0.006,0.001,4.7e-09,1.3e-06,"smoking","P1E5"
"3547","cg13751330",-0.0038,6e-04,4.8e-09,1.4e-06,"smoking","P1E5"
"3548","cg23169111",0.0088,0.0015,4.8e-09,1.4e-06,"smoking","P1E5"
"3549","cg06418475",-0.0128,0.0022,4.9e-09,1.4e-06,"smoking","P1E5"
"3550","cg16988810",-0.0094,0.0016,4.9e-09,1.4e-06,"smoking","P1E5"
"3551","cg08097581",-0.0062,0.0011,4.9e-09,1.4e-06,"smoking","P1E5"
"3552","cg16254309",-0.01,0.0017,4.9e-09,1.4e-06,"smoking","P1E5"
"3553","cg12177944",-0.0066,0.0011,4.9e-09,1.4e-06,"smoking","P1E5"
"3554","cg18014547",-0.0077,0.0013,4.9e-09,1.4e-06,"smoking","P1E5"
"3555","cg12535090",0.0046,8e-04,5e-09,1.4e-06,"smoking","P1E5"
"3556","cg22870429",-0.0149,0.0025,5e-09,1.4e-06,"smoking","P1E5"
"3557","cg20871826",-0.0059,0.001,5e-09,1.4e-06,"smoking","P1E5"
"3558","cg14074174",-0.0108,0.0018,5.1e-09,1.4e-06,"smoking","P1E5"
"3559","cg11212234",-0.0095,0.0016,5.1e-09,1.4e-06,"smoking","P1E5"
"3560","cg07352544",0.0043,7e-04,5.2e-09,1.5e-06,"smoking","P1E5"
"3561","cg03389164",-0.0057,0.001,5.2e-09,1.5e-06,"smoking","P1E5"
"3562","cg17333042",-0.0095,0.0016,5.2e-09,1.5e-06,"smoking","P1E5"
"3563","cg12212103",-0.0048,8e-04,5.2e-09,1.5e-06,"smoking","P1E5"
"3564","cg00489660",-0.0085,0.0015,5.2e-09,1.5e-06,"smoking","P1E5"
"3565","cg23688411",-0.0043,7e-04,5.3e-09,1.5e-06,"smoking","P1E5"
"3566","cg11231349",-0.0207,0.0035,5.3e-09,1.5e-06,"smoking","P1E5"
"3567","cg11902728",0.0132,0.0023,5.3e-09,1.5e-06,"smoking","P1E5"
"3568","cg01305745",0.0098,0.0017,5.3e-09,1.5e-06,"smoking","P1E5"
"3569","cg23598378",0.0074,0.0013,5.4e-09,1.5e-06,"smoking","P1E5"
"3570","cg16735495",0.0056,0.001,5.4e-09,1.5e-06,"smoking","P1E5"
"3571","cg02376827",0.0088,0.0015,5.4e-09,1.5e-06,"smoking","P1E5"
"3572","cg03341377",0.0058,0.001,5.4e-09,1.5e-06,"smoking","P1E5"
"3573","cg04276005",0.0049,8e-04,5.4e-09,1.5e-06,"smoking","P1E5"
"3574","cg10510742",-0.0058,0.001,5.4e-09,1.5e-06,"smoking","P1E5"
"3575","cg07723659",0.0062,0.0011,5.5e-09,1.5e-06,"smoking","P1E5"
"3576","cg18896032",-0.0065,0.0011,5.5e-09,1.5e-06,"smoking","P1E5"
"3577","cg19566658",-0.0123,0.0021,5.5e-09,1.5e-06,"smoking","P1E5"
"3578","cg26937798",-0.0037,6e-04,5.5e-09,1.5e-06,"smoking","P1E5"
"3579","cg20819617",0.004,7e-04,5.5e-09,1.5e-06,"smoking","P1E5"
"3580","cg17724147",0.0088,0.0015,5.6e-09,1.5e-06,"smoking","P1E5"
"3581","cg27467282",0.0092,0.0016,5.6e-09,1.6e-06,"smoking","P1E5"
"3582","cg13691192",-0.0049,8e-04,5.6e-09,1.6e-06,"smoking","P1E5"
"3583","cg04424621",-0.0093,0.0016,5.7e-09,1.6e-06,"smoking","P1E5"
"3584","cg11452501",-0.0111,0.0019,5.8e-09,1.6e-06,"smoking","P1E5"
"3585","cg07572052",-0.0069,0.0012,5.8e-09,1.6e-06,"smoking","P1E5"
"3586","cg02634816",-0.0078,0.0013,5.8e-09,1.6e-06,"smoking","P1E5"
"3587","cg20698421",-0.0236,0.0041,5.8e-09,1.6e-06,"smoking","P1E5"
"3588","cg20136951",-0.0058,0.001,5.8e-09,1.6e-06,"smoking","P1E5"
"3589","cg04383058",-0.0107,0.0018,5.8e-09,1.6e-06,"smoking","P1E5"
"3590","cg27185793",0.0042,7e-04,5.9e-09,1.6e-06,"smoking","P1E5"
"3591","cg22004069",0.0053,9e-04,5.9e-09,1.6e-06,"smoking","P1E5"
"3592","cg20697394",0.0063,0.0011,5.9e-09,1.6e-06,"smoking","P1E5"
"3593","cg05272827",-0.0064,0.0011,5.9e-09,1.6e-06,"smoking","P1E5"
"3594","cg24163242",0.008,0.0014,5.9e-09,1.6e-06,"smoking","P1E5"
"3595","cg27182159",-0.0109,0.0019,6e-09,1.6e-06,"smoking","P1E5"
"3596","cg17485141",0.0038,6e-04,6e-09,1.6e-06,"smoking","P1E5"
"3597","cg00917251",-0.0064,0.0011,6e-09,1.6e-06,"smoking","P1E5"
"3598","cg25684105",-0.0067,0.0012,6.1e-09,1.7e-06,"smoking","P1E5"
"3599","cg07250758",0.0107,0.0018,6.1e-09,1.7e-06,"smoking","P1E5"
"3600","cg06296597",0.0073,0.0013,6.1e-09,1.7e-06,"smoking","P1E5"
"3601","cg10025514",-0.003,5e-04,6.1e-09,1.7e-06,"smoking","P1E5"
"3602","cg15677293",-0.0088,0.0015,6.2e-09,1.7e-06,"smoking","P1E5"
"3603","cg01005506",-0.0149,0.0026,6.2e-09,1.7e-06,"smoking","P1E5"
"3604","cg12275060",-0.014,0.0024,6.3e-09,1.7e-06,"smoking","P1E5"
"3605","cg03519879",-0.012,0.0021,6.3e-09,1.7e-06,"smoking","P1E5"
"3606","cg05542681",0.0132,0.0023,6.3e-09,1.7e-06,"smoking","P1E5"
"3607","cg19137417",-0.0123,0.0021,6.4e-09,1.7e-06,"smoking","P1E5"
"3608","cg02149899",-0.0073,0.0013,6.4e-09,1.7e-06,"smoking","P1E5"
"3609","cg13745346",-0.0064,0.0011,6.4e-09,1.7e-06,"smoking","P1E5"
"3610","cg03774988",0.0043,7e-04,6.4e-09,1.8e-06,"smoking","P1E5"
"3611","cg15736127",0.0059,0.001,6.5e-09,1.8e-06,"smoking","P1E5"
"3612","cg04716530",-0.0103,0.0018,6.5e-09,1.8e-06,"smoking","P1E5"
"3613","cg09837977",-0.0142,0.0025,6.8e-09,1.8e-06,"smoking","P1E5"
"3614","cg00711496",-0.0216,0.0037,6.8e-09,1.8e-06,"smoking","P1E5"
"3615","cg15951188",-0.0094,0.0016,6.9e-09,1.9e-06,"smoking","P1E5"
"3616","cg05194346",0.023,0.004,7e-09,1.9e-06,"smoking","P1E5"
"3617","cg20873136",0.0054,9e-04,7e-09,1.9e-06,"smoking","P1E5"
"3618","cg10428536",0.0072,0.0012,7e-09,1.9e-06,"smoking","P1E5"
"3619","cg17518710",0.0101,0.0017,7e-09,1.9e-06,"smoking","P1E5"
"3620","cg02224369",0.0051,9e-04,7e-09,1.9e-06,"smoking","P1E5"
"3621","cg26716839",0.003,5e-04,7e-09,1.9e-06,"smoking","P1E5"
"3622","cg07312601",-0.0072,0.0012,7.1e-09,1.9e-06,"smoking","P1E5"
"3623","cg10399789",-0.0193,0.0033,7.1e-09,1.9e-06,"smoking","P1E5"
"3624","cg09676669",0.0047,8e-04,7.2e-09,1.9e-06,"smoking","P1E5"
"3625","cg24842354",-0.0052,9e-04,7.2e-09,1.9e-06,"smoking","P1E5"
"3626","cg04881228",-0.0082,0.0014,7.3e-09,2e-06,"smoking","P1E5"
"3627","cg04011474",-0.0108,0.0019,7.3e-09,2e-06,"smoking","P1E5"
"3628","cg16589830",0.0095,0.0016,7.4e-09,2e-06,"smoking","P1E5"
"3629","cg22417398",-0.0041,7e-04,7.4e-09,2e-06,"smoking","P1E5"
"3630","cg15533023",0.0034,6e-04,7.4e-09,2e-06,"smoking","P1E5"
"3631","cg10428938",0.0141,0.0024,7.4e-09,2e-06,"smoking","P1E5"
"3632","cg15270892",0.0057,0.001,7.5e-09,2e-06,"smoking","P1E5"
"3633","cg05830220",0.0094,0.0016,7.6e-09,2e-06,"smoking","P1E5"
"3634","cg00806481",-0.0116,0.002,7.6e-09,2e-06,"smoking","P1E5"
"3635","cg19859698",0.0076,0.0013,7.6e-09,2e-06,"smoking","P1E5"
"3636","cg20322193",-0.0184,0.0032,7.7e-09,2e-06,"smoking","P1E5"
"3637","cg13409704",-0.0061,0.0011,7.7e-09,2e-06,"smoking","P1E5"
"3638","cg06866616",-0.0066,0.0011,7.7e-09,2e-06,"smoking","P1E5"
"3639","cg11453837",-0.0055,0.001,7.7e-09,2e-06,"smoking","P1E5"
"3640","cg18708252",-0.0137,0.0024,7.7e-09,2e-06,"smoking","P1E5"
"3641","cg26102435",0.0059,0.001,7.7e-09,2e-06,"smoking","P1E5"
"3642","cg04144533",-0.0067,0.0012,7.8e-09,2.1e-06,"smoking","P1E5"
"3643","cg20707126",-0.0064,0.0011,7.8e-09,2.1e-06,"smoking","P1E5"
"3644","cg20695936",-0.0038,7e-04,8e-09,2.1e-06,"smoking","P1E5"
"3645","cg14391586",-0.0076,0.0013,8e-09,2.1e-06,"smoking","P1E5"
"3646","cg10361922",-0.0079,0.0014,8.1e-09,2.1e-06,"smoking","P1E5"
"3647","cg24082871",0.0036,6e-04,8.1e-09,2.1e-06,"smoking","P1E5"
"3648","cg20408175",-0.0047,8e-04,8.1e-09,2.1e-06,"smoking","P1E5"
"3649","cg06861736",-0.0097,0.0017,8.1e-09,2.1e-06,"smoking","P1E5"
"3650","cg08866634",-0.0095,0.0017,8.1e-09,2.1e-06,"smoking","P1E5"
"3651","cg13905757",0.0056,0.001,8.2e-09,2.1e-06,"smoking","P1E5"
"3652","cg13782866",0.0067,0.0012,8.3e-09,2.2e-06,"smoking","P1E5"
"3653","cg07932199",0.0048,8e-04,8.3e-09,2.2e-06,"smoking","P1E5"
"3654","cg06260709",-0.0137,0.0024,8.3e-09,2.2e-06,"smoking","P1E5"
"3655","cg17852032",0.0068,0.0012,8.3e-09,2.2e-06,"smoking","P1E5"
"3656","cg01471372",-0.0123,0.0021,8.3e-09,2.2e-06,"smoking","P1E5"
"3657","cg18801806",-0.0059,0.001,8.4e-09,2.2e-06,"smoking","P1E5"
"3658","cg08458637",0.0095,0.0017,8.4e-09,2.2e-06,"smoking","P1E5"
"3659","cg21337881",0.0054,9e-04,8.4e-09,2.2e-06,"smoking","P1E5"
"3660","cg05302701",-0.0042,7e-04,8.5e-09,2.2e-06,"smoking","P1E5"
"3661","cg16556677",-0.0157,0.0027,8.5e-09,2.2e-06,"smoking","P1E5"
"3662","cg26756208",0.0026,5e-04,8.6e-09,2.2e-06,"smoking","P1E5"
"3663","cg05299836",-0.0049,8e-04,8.7e-09,2.3e-06,"smoking","P1E5"
"3664","cg19016062",-0.004,7e-04,8.7e-09,2.3e-06,"smoking","P1E5"
"3665","cg24576425",0.0068,0.0012,8.7e-09,2.3e-06,"smoking","P1E5"
"3666","cg00550955",-0.0052,9e-04,8.7e-09,2.3e-06,"smoking","P1E5"
"3667","cg10881616",-0.0045,8e-04,8.8e-09,2.3e-06,"smoking","P1E5"
"3668","cg16545743",0.0075,0.0013,8.8e-09,2.3e-06,"smoking","P1E5"
"3669","cg00411595",0.004,7e-04,8.8e-09,2.3e-06,"smoking","P1E5"
"3670","cg05570258",0.0098,0.0017,8.9e-09,2.3e-06,"smoking","P1E5"
"3671","cg16734795",0.0105,0.0018,8.9e-09,2.3e-06,"smoking","P1E5"
"3672","cg18785742",0.0041,7e-04,8.9e-09,2.3e-06,"smoking","P1E5"
"3673","cg01062937",0.0085,0.0015,8.9e-09,2.3e-06,"smoking","P1E5"
"3674","cg07770777",0.0079,0.0014,9e-09,2.3e-06,"smoking","P1E5"
"3675","cg02838589",-0.0033,6e-04,9e-09,2.3e-06,"smoking","P1E5"
"3676","cg14975410",-0.018,0.0031,9.1e-09,2.4e-06,"smoking","P1E5"
"3677","cg06177555",0.0113,0.002,9.2e-09,2.4e-06,"smoking","P1E5"
"3678","cg07969918",-0.0061,0.0011,9.2e-09,2.4e-06,"smoking","P1E5"
"3679","cg24608218",-0.0033,6e-04,9.3e-09,2.4e-06,"smoking","P1E5"
"3680","cg00960906",0.0082,0.0014,9.3e-09,2.4e-06,"smoking","P1E5"
"3681","cg11019430",0.003,5e-04,9.3e-09,2.4e-06,"smoking","P1E5"
"3682","cg13717434",0.008,0.0014,9.4e-09,2.4e-06,"smoking","P1E5"
"3683","cg02423064",0.0041,7e-04,9.4e-09,2.4e-06,"smoking","P1E5"
"3684","cg11984971",0.0058,0.001,9.6e-09,2.5e-06,"smoking","P1E5"
"3685","cg18585107",-0.0064,0.0011,9.6e-09,2.5e-06,"smoking","P1E5"
"3686","cg14242895",0.0064,0.0011,9.6e-09,2.5e-06,"smoking","P1E5"
"3687","cg18432895",-0.0104,0.0018,9.7e-09,2.5e-06,"smoking","P1E5"
"3688","cg20072118",0.0057,0.001,9.7e-09,2.5e-06,"smoking","P1E5"
"3689","cg06934523",-0.0097,0.0017,9.7e-09,2.5e-06,"smoking","P1E5"
"3690","cg26895569",0.0052,9e-04,9.8e-09,2.5e-06,"smoking","P1E5"
"3691","cg03929796",-0.0124,0.0022,9.9e-09,2.5e-06,"smoking","P1E5"
"3692","cg12406027",-0.0096,0.0017,9.9e-09,2.5e-06,"smoking","P1E5"
"3693","cg01289343",0.0083,0.0015,1e-08,2.6e-06,"smoking","P1E5"
"3694","cg09557991",-0.0068,0.0012,1e-08,2.6e-06,"smoking","P1E5"
"3695","cg03147185",-0.0114,0.002,1e-08,2.6e-06,"smoking","P1E5"
"3696","cg16151538",0.0071,0.0012,1e-08,2.6e-06,"smoking","P1E5"
"3697","cg00689225",-0.0108,0.0019,1e-08,2.6e-06,"smoking","P1E5"
"3698","cg01897323",0.0023,4e-04,1e-08,2.6e-06,"smoking","P1E5"
"3699","cg16071219",-0.0195,0.0034,1e-08,2.6e-06,"smoking","P1E5"
"3700","cg01479232",-0.0137,0.0024,1e-08,2.6e-06,"smoking","P1E5"
"3701","cg18252924",-0.0052,9e-04,1e-08,2.6e-06,"smoking","P1E5"
"3702","cg22805381",-0.0172,0.003,1e-08,2.6e-06,"smoking","P1E5"
"3703","cg22327175",-0.0085,0.0015,1e-08,2.6e-06,"smoking","P1E5"
"3704","cg05208178",-0.0054,9e-04,1e-08,2.6e-06,"smoking","P1E5"
"3705","cg09243021",0.0054,9e-04,1e-08,2.7e-06,"smoking","P1E5"
"3706","cg17421890",-0.0088,0.0015,1e-08,2.7e-06,"smoking","P1E5"
"3707","cg25062539",0.0039,7e-04,1e-08,2.7e-06,"smoking","P1E5"
"3708","cg25008614",-0.0057,0.001,1.1e-08,2.7e-06,"smoking","P1E5"
"3709","cg05429117",0.0076,0.0013,1.1e-08,2.7e-06,"smoking","P1E5"
"3710","cg17471939",-0.0166,0.0029,1.1e-08,2.7e-06,"smoking","P1E5"
"3711","cg09938479",-0.0134,0.0023,1.1e-08,2.7e-06,"smoking","P1E5"
"3712","cg08534147",0.0048,8e-04,1.1e-08,2.7e-06,"smoking","P1E5"
"3713","cg01062834",0.0027,5e-04,1.1e-08,2.7e-06,"smoking","P1E5"
"3714","cg05578802",-0.0028,5e-04,1.1e-08,2.8e-06,"smoking","P1E5"
"3715","cg26146569",-0.0052,9e-04,1.1e-08,2.8e-06,"smoking","P1E5"
"3716","cg11133963",0.0091,0.0016,1.1e-08,2.9e-06,"smoking","P1E5"
"3717","cg09718582",-0.0106,0.0019,1.1e-08,2.9e-06,"smoking","P1E5"
"3718","cg21963854",0.0067,0.0012,1.2e-08,2.9e-06,"smoking","P1E5"
"3719","cg19563365",-0.0062,0.0011,1.2e-08,3e-06,"smoking","P1E5"
"3720","cg19235026",-0.0053,9e-04,1.2e-08,3e-06,"smoking","P1E5"
"3721","cg08160085",-0.0118,0.0021,1.2e-08,3e-06,"smoking","P1E5"
"3722","cg13131501",-0.0073,0.0013,1.2e-08,3e-06,"smoking","P1E5"
"3723","cg18325389",-0.0076,0.0013,1.2e-08,3e-06,"smoking","P1E5"
"3724","cg27457191",-0.0103,0.0018,1.2e-08,3e-06,"smoking","P1E5"
"3725","cg08038054",0.0165,0.0029,1.2e-08,3e-06,"smoking","P1E5"
"3726","cg26076054",0.0188,0.0033,1.2e-08,3e-06,"smoking","P1E5"
"3727","cg08666707",-0.0099,0.0017,1.2e-08,3.1e-06,"smoking","P1E5"
"3728","cg20379671",-0.0121,0.0021,1.2e-08,3.1e-06,"smoking","P1E5"
"3729","cg08681689",-0.0042,7e-04,1.2e-08,3.1e-06,"smoking","P1E5"
"3730","cg24863152",-0.0056,0.001,1.2e-08,3.1e-06,"smoking","P1E5"
"3731","cg12828729",0.0119,0.0021,1.2e-08,3.1e-06,"smoking","P1E5"
"3732","cg02793162",0.013,0.0023,1.2e-08,3.1e-06,"smoking","P1E5"
"3733","cg11835347",-0.0095,0.0017,1.2e-08,3.1e-06,"smoking","P1E5"
"3734","cg12101586",-0.0221,0.0039,1.3e-08,3.1e-06,"smoking","P1E5"
"3735","cg01681367",0.0061,0.0011,1.3e-08,3.1e-06,"smoking","P1E5"
"3736","cg14007706",-0.0063,0.0011,1.3e-08,3.1e-06,"smoking","P1E5"
"3737","cg02048412",0.0058,0.001,1.3e-08,3.1e-06,"smoking","P1E5"
"3738","cg18397998",-0.0031,5e-04,1.3e-08,3.1e-06,"smoking","P1E5"
"3739","cg21303039",0.0057,0.001,1.3e-08,3.1e-06,"smoking","P1E5"
"3740","cg06245229",-0.0041,7e-04,1.3e-08,3.2e-06,"smoking","P1E5"
"3741","cg27526649",0.0073,0.0013,1.3e-08,3.2e-06,"smoking","P1E5"
"3742","cg00000714",-0.0041,7e-04,1.3e-08,3.2e-06,"smoking","P1E5"
"3743","cg03715305",0.0075,0.0013,1.3e-08,3.2e-06,"smoking","P1E5"
"3744","cg04079139",0.0036,6e-04,1.3e-08,3.2e-06,"smoking","P1E5"
"3745","cg21845080",0.0052,9e-04,1.3e-08,3.2e-06,"smoking","P1E5"
"3746","cg08858540",-0.0075,0.0013,1.3e-08,3.3e-06,"smoking","P1E5"
"3747","cg01924561",-0.0102,0.0018,1.3e-08,3.3e-06,"smoking","P1E5"
"3748","cg11666770",-0.0247,0.0044,1.3e-08,3.3e-06,"smoking","P1E5"
"3749","cg01215339",-0.0054,0.001,1.4e-08,3.3e-06,"smoking","P1E5"
"3750","cg26236235",-0.0045,8e-04,1.4e-08,3.3e-06,"smoking","P1E5"
"3751","cg15693483",-0.0113,0.002,1.4e-08,3.4e-06,"smoking","P1E5"
"3752","cg13385220",-0.0162,0.0029,1.4e-08,3.4e-06,"smoking","P1E5"
"3753","cg27193080",-0.0064,0.0011,1.4e-08,3.4e-06,"smoking","P1E5"
"3754","cg22428027",-0.0069,0.0012,1.4e-08,3.4e-06,"smoking","P1E5"
"3755","cg21309147",0.0029,5e-04,1.4e-08,3.4e-06,"smoking","P1E5"
"3756","cg00995520",-0.0148,0.0026,1.4e-08,3.4e-06,"smoking","P1E5"
"3757","cg00146864",-0.0046,8e-04,1.4e-08,3.4e-06,"smoking","P1E5"
"3758","cg18915128",-0.0065,0.0011,1.4e-08,3.4e-06,"smoking","P1E5"
"3759","cg00196407",0.0058,0.001,1.4e-08,3.5e-06,"smoking","P1E5"
"3760","cg02991558",0.0078,0.0014,1.4e-08,3.5e-06,"smoking","P1E5"
"3761","cg01076459",-0.0066,0.0012,1.4e-08,3.5e-06,"smoking","P1E5"
"3762","cg14624381",-0.0028,5e-04,1.4e-08,3.5e-06,"smoking","P1E5"
"3763","cg21769619",0.0067,0.0012,1.4e-08,3.5e-06,"smoking","P1E5"
"3764","cg15614653",-0.0105,0.0019,1.5e-08,3.6e-06,"smoking","P1E5"
"3765","cg10381071",-0.0061,0.0011,1.5e-08,3.6e-06,"smoking","P1E5"
"3766","cg00315394",-0.0043,8e-04,1.5e-08,3.6e-06,"smoking","P1E5"
"3767","cg06096805",-0.0047,8e-04,1.5e-08,3.6e-06,"smoking","P1E5"
"3768","cg18582010",0.0119,0.0021,1.5e-08,3.7e-06,"smoking","P1E5"
"3769","cg02181920",-0.0076,0.0013,1.5e-08,3.7e-06,"smoking","P1E5"
"3770","cg04506190",-0.0135,0.0024,1.5e-08,3.7e-06,"smoking","P1E5"
"3771","cg16382047",-0.0181,0.0032,1.5e-08,3.7e-06,"smoking","P1E5"
"3772","cg14142171",-0.0049,9e-04,1.5e-08,3.7e-06,"smoking","P1E5"
"3773","cg07265588",-0.0083,0.0015,1.5e-08,3.7e-06,"smoking","P1E5"
"3774","cg25043050",-0.0079,0.0014,1.5e-08,3.7e-06,"smoking","P1E5"
"3775","cg09570958",-0.0114,0.002,1.5e-08,3.7e-06,"smoking","P1E5"
"3776","cg08548559",-0.016,0.0028,1.5e-08,3.7e-06,"smoking","P1E5"
"3777","cg00537820",0.0063,0.0011,1.5e-08,3.7e-06,"smoking","P1E5"
"3778","cg22650458",0.0074,0.0013,1.6e-08,3.8e-06,"smoking","P1E5"
"3779","cg24439334",-0.0076,0.0013,1.6e-08,3.8e-06,"smoking","P1E5"
"3780","cg04937184",-0.0093,0.0016,1.6e-08,3.8e-06,"smoking","P1E5"
"3781","cg06457408",-0.0086,0.0015,1.6e-08,3.8e-06,"smoking","P1E5"
"3782","cg22904711",-0.0169,0.003,1.6e-08,3.8e-06,"smoking","P1E5"
"3783","cg11451477",-0.0029,5e-04,1.6e-08,3.8e-06,"smoking","P1E5"
"3784","cg20458044",-0.0078,0.0014,1.6e-08,3.9e-06,"smoking","P1E5"
"3785","cg19325791",0.0129,0.0023,1.6e-08,3.9e-06,"smoking","P1E5"
"3786","cg25004427",0.0103,0.0018,1.6e-08,3.9e-06,"smoking","P1E5"
"3787","cg11787160",0.0087,0.0015,1.6e-08,3.9e-06,"smoking","P1E5"
"3788","cg15817482",-0.0076,0.0013,1.6e-08,3.9e-06,"smoking","P1E5"
"3789","cg08101174",-0.0123,0.0022,1.6e-08,3.9e-06,"smoking","P1E5"
"3790","cg11746684",-0.0148,0.0026,1.6e-08,3.9e-06,"smoking","P1E5"
"3791","cg10590964",-0.0096,0.0017,1.6e-08,3.9e-06,"smoking","P1E5"
"3792","cg09447622",0.0057,0.001,1.7e-08,4e-06,"smoking","P1E5"
"3793","cg01389506",0.0034,6e-04,1.7e-08,4e-06,"smoking","P1E5"
"3794","cg19586143",0.0071,0.0013,1.7e-08,4e-06,"smoking","P1E5"
"3795","cg02010738",-0.0132,0.0023,1.7e-08,4.1e-06,"smoking","P1E5"
"3796","cg01142302",-0.0084,0.0015,1.7e-08,4.1e-06,"smoking","P1E5"
"3797","cg17009069",-0.0054,0.001,1.7e-08,4.1e-06,"smoking","P1E5"
"3798","cg09701700",-0.0142,0.0025,1.7e-08,4.1e-06,"smoking","P1E5"
"3799","cg24139443",-0.0164,0.0029,1.7e-08,4.2e-06,"smoking","P1E5"
"3800","cg06459104",-0.0307,0.0054,1.7e-08,4.2e-06,"smoking","P1E5"
"3801","cg02644867",-0.0045,8e-04,1.8e-08,4.2e-06,"smoking","P1E5"
"3802","cg01951879",0.0099,0.0018,1.8e-08,4.2e-06,"smoking","P1E5"
"3803","cg11461808",-0.005,9e-04,1.8e-08,4.2e-06,"smoking","P1E5"
"3804","cg18181703",-0.0153,0.0027,1.8e-08,4.2e-06,"smoking","P1E5"
"3805","cg14576319",-0.0051,9e-04,1.8e-08,4.2e-06,"smoking","P1E5"
"3806","cg06551997",0.0042,8e-04,1.8e-08,4.2e-06,"smoking","P1E5"
"3807","cg27588321",-0.0085,0.0015,1.8e-08,4.3e-06,"smoking","P1E5"
"3808","cg24327132",-0.0096,0.0017,1.8e-08,4.3e-06,"smoking","P1E5"
"3809","cg03937290",-0.0034,6e-04,1.8e-08,4.3e-06,"smoking","P1E5"
"3810","cg22962923",-0.0051,9e-04,1.8e-08,4.3e-06,"smoking","P1E5"
"3811","cg18992688",-0.0073,0.0013,1.8e-08,4.3e-06,"smoking","P1E5"
"3812","cg05656900",-0.0081,0.0014,1.8e-08,4.3e-06,"smoking","P1E5"
"3813","cg25773386",0.0064,0.0011,1.8e-08,4.3e-06,"smoking","P1E5"
"3814","cg21505886",-0.0078,0.0014,1.8e-08,4.3e-06,"smoking","P1E5"
"3815","cg04583842",0.0151,0.0027,1.8e-08,4.4e-06,"smoking","P1E5"
"3816","cg08857201",-0.0039,7e-04,1.9e-08,4.4e-06,"smoking","P1E5"
"3817","cg22820188",-0.0058,0.001,1.9e-08,4.4e-06,"smoking","P1E5"
"3818","cg08173263",0.0164,0.0029,1.9e-08,4.4e-06,"smoking","P1E5"
"3819","cg13928733",-0.005,9e-04,1.9e-08,4.4e-06,"smoking","P1E5"
"3820","cg24206827",-0.0056,0.001,1.9e-08,4.5e-06,"smoking","P1E5"
"3821","cg07381806",-0.0293,0.0052,1.9e-08,4.5e-06,"smoking","P1E5"
"3822","cg17580614",-0.0164,0.0029,1.9e-08,4.5e-06,"smoking","P1E5"
"3823","cg14294321",-0.0047,8e-04,1.9e-08,4.5e-06,"smoking","P1E5"
"3824","cg00647165",-0.0051,9e-04,1.9e-08,4.5e-06,"smoking","P1E5"
"3825","cg18533225",-0.012,0.0021,2e-08,4.7e-06,"smoking","P1E5"
"3826","cg06935361",0.0143,0.0025,2e-08,4.7e-06,"smoking","P1E5"
"3827","cg02364408",0.004,7e-04,2e-08,4.7e-06,"smoking","P1E5"
"3828","cg26253500",0.0112,0.002,2e-08,4.7e-06,"smoking","P1E5"
"3829","cg08540958",0.0049,9e-04,2e-08,4.7e-06,"smoking","P1E5"
"3830","cg02544257",-0.0062,0.0011,2.1e-08,4.8e-06,"smoking","P1E5"
"3831","cg07715777",-0.0071,0.0013,2.1e-08,4.9e-06,"smoking","P1E5"
"3832","cg18747408",0.0056,0.001,2.1e-08,4.9e-06,"smoking","P1E5"
"3833","cg01552919",0.0083,0.0015,2.1e-08,4.9e-06,"smoking","P1E5"
"3834","cg01988129",0.0052,9e-04,2.1e-08,4.9e-06,"smoking","P1E5"
"3835","cg06664254",0.0079,0.0014,2.1e-08,4.9e-06,"smoking","P1E5"
"3836","cg05433557",0.0109,0.0019,2.1e-08,4.9e-06,"smoking","P1E5"
"3837","cg13446906",-0.0083,0.0015,2.1e-08,4.9e-06,"smoking","P1E5"
"3838","cg11835355",-0.0076,0.0014,2.1e-08,5e-06,"smoking","P1E5"
"3839","cg04044720",0.0074,0.0013,2.1e-08,5e-06,"smoking","P1E5"
"3840","cg23374700",0.0032,6e-04,2.1e-08,5e-06,"smoking","P1E5"
"3841","cg02560388",-0.007,0.0012,2.1e-08,5e-06,"smoking","P1E5"
"3842","cg15806304",0.0087,0.0016,2.2e-08,5e-06,"smoking","P1E5"
"3843","cg23098529",-0.0065,0.0012,2.2e-08,5e-06,"smoking","P1E5"
"3844","cg03696346",0.0036,7e-04,2.2e-08,5.1e-06,"smoking","P1E5"
"3845","cg08806699",0.0046,8e-04,2.2e-08,5.1e-06,"smoking","P1E5"
"3846","cg07622766",0.005,9e-04,2.2e-08,5.1e-06,"smoking","P1E5"
"3847","cg01362115",-0.0028,5e-04,2.2e-08,5.1e-06,"smoking","P1E5"
"3848","cg00041989",0.0068,0.0012,2.2e-08,5.1e-06,"smoking","P1E5"
"3849","cg22952787",-0.0089,0.0016,2.2e-08,5.1e-06,"smoking","P1E5"
"3850","cg20249566",-0.0175,0.0031,2.2e-08,5.1e-06,"smoking","P1E5"
"3851","cg10855746",-0.0055,0.001,2.2e-08,5.1e-06,"smoking","P1E5"
"3852","cg01177100",0.0073,0.0013,2.2e-08,5.2e-06,"smoking","P1E5"
"3853","cg01972009",-0.0091,0.0016,2.3e-08,5.2e-06,"smoking","P1E5"
"3854","cg18946533",0.0097,0.0017,2.3e-08,5.2e-06,"smoking","P1E5"
"3855","cg03471436",-0.0041,7e-04,2.3e-08,5.2e-06,"smoking","P1E5"
"3856","cg11597157",-0.0031,5e-04,2.3e-08,5.3e-06,"smoking","P1E5"
"3857","cg08732950",0.0088,0.0016,2.3e-08,5.3e-06,"smoking","P1E5"
"3858","cg06930757",0.0109,0.002,2.3e-08,5.3e-06,"smoking","P1E5"
"3859","cg01328473",-0.0082,0.0015,2.3e-08,5.3e-06,"smoking","P1E5"
"3860","cg03379100",-0.0051,9e-04,2.3e-08,5.3e-06,"smoking","P1E5"
"3861","cg16694480",0.0096,0.0017,2.3e-08,5.4e-06,"smoking","P1E5"
"3862","cg15251319",0.0063,0.0011,2.3e-08,5.4e-06,"smoking","P1E5"
"3863","cg01962471",0.0053,9e-04,2.4e-08,5.4e-06,"smoking","P1E5"
"3864","cg24981097",-0.0056,0.001,2.4e-08,5.4e-06,"smoking","P1E5"
"3865","cg00028013",-0.0089,0.0016,2.4e-08,5.4e-06,"smoking","P1E5"
"3866","cg00066351",0.0106,0.0019,2.4e-08,5.4e-06,"smoking","P1E5"
"3867","cg13445251",-0.0028,5e-04,2.4e-08,5.4e-06,"smoking","P1E5"
"3868","cg26964651",-0.0118,0.0021,2.4e-08,5.4e-06,"smoking","P1E5"
"3869","cg17586094",-0.0099,0.0018,2.4e-08,5.5e-06,"smoking","P1E5"
"3870","cg17576979",0.0055,0.001,2.4e-08,5.5e-06,"smoking","P1E5"
"3871","cg11146034",-0.0108,0.0019,2.4e-08,5.5e-06,"smoking","P1E5"
"3872","cg09453076",-0.0098,0.0018,2.4e-08,5.5e-06,"smoking","P1E5"
"3873","cg04469167",0.0028,5e-04,2.4e-08,5.5e-06,"smoking","P1E5"
"3874","cg00395063",0.0055,0.001,2.4e-08,5.5e-06,"smoking","P1E5"
"3875","cg08587504",0.0079,0.0014,2.5e-08,5.6e-06,"smoking","P1E5"
"3876","cg21063758",0.004,7e-04,2.5e-08,5.6e-06,"smoking","P1E5"
"3877","cg18663307",0.0072,0.0013,2.5e-08,5.6e-06,"smoking","P1E5"
"3878","cg14264316",-0.0116,0.0021,2.5e-08,5.6e-06,"smoking","P1E5"
"3879","cg25745937",0.0033,6e-04,2.5e-08,5.6e-06,"smoking","P1E5"
"3880","cg00566158",0.0059,0.0011,2.5e-08,5.7e-06,"smoking","P1E5"
"3881","cg09639152",-0.0165,0.003,2.5e-08,5.7e-06,"smoking","P1E5"
"3882","cg24924577",0.0154,0.0028,2.5e-08,5.7e-06,"smoking","P1E5"
"3883","cg14292572",-0.0082,0.0015,2.5e-08,5.7e-06,"smoking","P1E5"
"3884","cg13917614",0.0129,0.0023,2.5e-08,5.7e-06,"smoking","P1E5"
"3885","cg24848615",-0.0129,0.0023,2.5e-08,5.7e-06,"smoking","P1E5"
"3886","cg17490844",-0.0054,0.001,2.5e-08,5.7e-06,"smoking","P1E5"
"3887","cg08525314",-0.007,0.0013,2.5e-08,5.7e-06,"smoking","P1E5"
"3888","cg15971656",0.0081,0.0015,2.6e-08,5.8e-06,"smoking","P1E5"
"3889","cg19825856",0.0034,6e-04,2.6e-08,5.8e-06,"smoking","P1E5"
"3890","cg14602222",0.0129,0.0023,2.6e-08,5.8e-06,"smoking","P1E5"
"3891","cg05214460",-0.0056,0.001,2.6e-08,5.8e-06,"smoking","P1E5"
"3892","cg00481629",0.0034,6e-04,2.6e-08,5.8e-06,"smoking","P1E5"
"3893","cg23261640",-0.0079,0.0014,2.6e-08,5.8e-06,"smoking","P1E5"
"3894","cg06521359",0.0028,5e-04,2.6e-08,5.8e-06,"smoking","P1E5"
"3895","cg09479241",-0.0169,0.003,2.6e-08,5.9e-06,"smoking","P1E5"
"3896","cg16342298",0.0082,0.0015,2.6e-08,5.9e-06,"smoking","P1E5"
"3897","cg22042546",0.0076,0.0014,2.6e-08,6e-06,"smoking","P1E5"
"3898","cg17617843",0.0078,0.0014,2.7e-08,6e-06,"smoking","P1E5"
"3899","cg18669588",-0.0063,0.0011,2.7e-08,6e-06,"smoking","P1E5"
"3900","cg20268522",0.0022,4e-04,2.7e-08,6e-06,"smoking","P1E5"
"3901","cg06435765",0.0064,0.0012,2.7e-08,6e-06,"smoking","P1E5"
"3902","cg25466245",-0.0069,0.0012,2.7e-08,6e-06,"smoking","P1E5"
"3903","cg05677062",-0.0176,0.0032,2.7e-08,6.1e-06,"smoking","P1E5"
"3904","cg20611882",0.0042,8e-04,2.7e-08,6.1e-06,"smoking","P1E5"
"3905","cg23221603",0.0028,5e-04,2.7e-08,6.1e-06,"smoking","P1E5"
"3906","cg06968912",0.0047,8e-04,2.8e-08,6.2e-06,"smoking","P1E5"
"3907","cg00835193",-0.016,0.0029,2.8e-08,6.2e-06,"smoking","P1E5"
"3908","cg02064724",-0.0028,5e-04,2.8e-08,6.2e-06,"smoking","P1E5"
"3909","cg01360605",0.0074,0.0013,2.8e-08,6.2e-06,"smoking","P1E5"
"3910","cg23395310",-0.0069,0.0012,2.8e-08,6.3e-06,"smoking","P1E5"
"3911","cg03641640",-0.0086,0.0016,2.8e-08,6.3e-06,"smoking","P1E5"
"3912","cg10001715",0.0066,0.0012,2.8e-08,6.3e-06,"smoking","P1E5"
"3913","cg05953373",0.0092,0.0017,2.8e-08,6.3e-06,"smoking","P1E5"
"3914","cg02543363",-0.0054,0.001,2.8e-08,6.3e-06,"smoking","P1E5"
"3915","cg21949830",-0.0067,0.0012,2.9e-08,6.3e-06,"smoking","P1E5"
"3916","cg00498211",-0.0179,0.0032,2.9e-08,6.4e-06,"smoking","P1E5"
"3917","cg05661533",-0.0073,0.0013,2.9e-08,6.4e-06,"smoking","P1E5"
"3918","cg12864721",-0.0149,0.0027,2.9e-08,6.4e-06,"smoking","P1E5"
"3919","cg11095099",-0.0039,7e-04,2.9e-08,6.4e-06,"smoking","P1E5"
"3920","cg01748082",0.0051,9e-04,2.9e-08,6.4e-06,"smoking","P1E5"
"3921","cg02462353",-0.0116,0.0021,2.9e-08,6.4e-06,"smoking","P1E5"
"3922","cg22006825",-0.0071,0.0013,2.9e-08,6.4e-06,"smoking","P1E5"
"3923","cg17127702",-0.0034,6e-04,2.9e-08,6.4e-06,"smoking","P1E5"
"3924","cg00853733",-0.0098,0.0018,2.9e-08,6.5e-06,"smoking","P1E5"
"3925","cg22586569",-0.0121,0.0022,3e-08,6.6e-06,"smoking","P1E5"
"3926","cg14291900",0.0032,6e-04,3e-08,6.6e-06,"smoking","P1E5"
"3927","cg25996077",-0.0065,0.0012,3e-08,6.6e-06,"smoking","P1E5"
"3928","cg03785076",-0.0084,0.0015,3e-08,6.7e-06,"smoking","P1E5"
"3929","cg05256179",-0.0038,7e-04,3e-08,6.7e-06,"smoking","P1E5"
"3930","cg22313519",-0.0108,0.002,3e-08,6.7e-06,"smoking","P1E5"
"3931","cg24683623",-0.0067,0.0012,3e-08,6.7e-06,"smoking","P1E5"
"3932","cg07967717",0.0116,0.0021,3e-08,6.7e-06,"smoking","P1E5"
"3933","cg13328614",-0.0091,0.0016,3e-08,6.7e-06,"smoking","P1E5"
"3934","cg21201401",0.012,0.0022,3e-08,6.7e-06,"smoking","P1E5"
"3935","cg13300480",0.0047,8e-04,3.1e-08,6.7e-06,"smoking","P1E5"
"3936","cg22437987",0.0037,7e-04,3.1e-08,6.7e-06,"smoking","P1E5"
"3937","cg22876908",-0.0073,0.0013,3.1e-08,6.8e-06,"smoking","P1E5"
"3938","cg13127741",-0.0161,0.0029,3.1e-08,6.8e-06,"smoking","P1E5"
"3939","cg26351966",0.0047,9e-04,3.1e-08,6.8e-06,"smoking","P1E5"
"3940","cg23329061",0.0025,5e-04,3.1e-08,6.8e-06,"smoking","P1E5"
"3941","cg26021810",0.0045,8e-04,3.1e-08,6.9e-06,"smoking","P1E5"
"3942","cg19213703",-0.006,0.0011,3.1e-08,6.9e-06,"smoking","P1E5"
"3943","cg01858866",-0.0095,0.0017,3.1e-08,6.9e-06,"smoking","P1E5"
"3944","cg20533952",0.009,0.0016,3.1e-08,6.9e-06,"smoking","P1E5"
"3945","cg14222656",-0.0029,5e-04,3.2e-08,6.9e-06,"smoking","P1E5"
"3946","cg26189283",-0.0133,0.0024,3.2e-08,6.9e-06,"smoking","P1E5"
"3947","cg04420138",0.0038,7e-04,3.2e-08,6.9e-06,"smoking","P1E5"
"3948","cg10334928",0.0032,6e-04,3.2e-08,6.9e-06,"smoking","P1E5"
"3949","cg01787285",-0.0065,0.0012,3.2e-08,6.9e-06,"smoking","P1E5"
"3950","cg27449150",-0.0109,0.002,3.2e-08,6.9e-06,"smoking","P1E5"
"3951","cg17403397",0.0059,0.0011,3.2e-08,7e-06,"smoking","P1E5"
"3952","cg11415739",0.0052,9e-04,3.2e-08,7e-06,"smoking","P1E5"
"3953","cg26751513",-0.0075,0.0014,3.2e-08,7e-06,"smoking","P1E5"
"3954","cg02270010",-0.0067,0.0012,3.2e-08,7.1e-06,"smoking","P1E5"
"3955","cg15726557",-0.0047,8e-04,3.2e-08,7.1e-06,"smoking","P1E5"
"3956","cg26539631",-0.0049,9e-04,3.3e-08,7.1e-06,"smoking","P1E5"
"3957","cg10549018",0.0123,0.0022,3.3e-08,7.1e-06,"smoking","P1E5"
"3958","cg15871086",-0.0082,0.0015,3.3e-08,7.1e-06,"smoking","P1E5"
"3959","cg17931529",-0.0054,0.001,3.3e-08,7.2e-06,"smoking","P1E5"
"3960","cg00281776",0.0054,0.001,3.3e-08,7.3e-06,"smoking","P1E5"
"3961","cg07506795",0.0063,0.0011,3.3e-08,7.3e-06,"smoking","P1E5"
"3962","cg05318210",0.006,0.0011,3.4e-08,7.3e-06,"smoking","P1E5"
"3963","cg26219092",0.0041,7e-04,3.4e-08,7.4e-06,"smoking","P1E5"
"3964","cg10700718",0.0071,0.0013,3.4e-08,7.4e-06,"smoking","P1E5"
"3965","cg00022866",-0.0101,0.0018,3.4e-08,7.4e-06,"smoking","P1E5"
"3966","cg03384915",-0.0107,0.0019,3.4e-08,7.4e-06,"smoking","P1E5"
"3967","cg01750611",-0.0037,7e-04,3.4e-08,7.4e-06,"smoking","P1E5"
"3968","cg14016875",-0.0164,0.003,3.4e-08,7.4e-06,"smoking","P1E5"
"3969","cg02935272",0.0061,0.0011,3.4e-08,7.4e-06,"smoking","P1E5"
"3970","cg09307264",-0.0067,0.0012,3.5e-08,7.5e-06,"smoking","P1E5"
"3971","cg18033416",-0.013,0.0024,3.5e-08,7.5e-06,"smoking","P1E5"
"3972","cg14765414",0.0051,9e-04,3.5e-08,7.6e-06,"smoking","P1E5"
"3973","cg27528222",-0.0042,8e-04,3.5e-08,7.6e-06,"smoking","P1E5"
"3974","cg07167594",0.0066,0.0012,3.6e-08,7.7e-06,"smoking","P1E5"
"3975","cg25323554",-0.0164,0.003,3.6e-08,7.7e-06,"smoking","P1E5"
"3976","cg03131366",0.0099,0.0018,3.6e-08,7.7e-06,"smoking","P1E5"
"3977","cg19757176",-0.0144,0.0026,3.6e-08,7.7e-06,"smoking","P1E5"
"3978","cg03611151",0.0065,0.0012,3.6e-08,7.7e-06,"smoking","P1E5"
"3979","cg02959759",0.012,0.0022,3.6e-08,7.7e-06,"smoking","P1E5"
"3980","cg03509898",0.0069,0.0013,3.6e-08,7.7e-06,"smoking","P1E5"
"3981","cg07430820",-0.0072,0.0013,3.6e-08,7.7e-06,"smoking","P1E5"
"3982","cg13916835",-0.0212,0.0039,3.7e-08,7.8e-06,"smoking","P1E5"
"3983","cg05316864",0.0073,0.0013,3.7e-08,7.8e-06,"smoking","P1E5"
"3984","cg11944324",0.0036,6e-04,3.7e-08,7.9e-06,"smoking","P1E5"
"3985","cg03665259",0.0021,4e-04,3.7e-08,8e-06,"smoking","P1E5"
"3986","cg26405020",0.0052,9e-04,3.7e-08,8e-06,"smoking","P1E5"
"3987","cg01940297",-0.007,0.0013,3.7e-08,8e-06,"smoking","P1E5"
"3988","cg24287110",-0.018,0.0033,3.7e-08,8e-06,"smoking","P1E5"
"3989","cg26161820",-0.0057,0.001,3.8e-08,8e-06,"smoking","P1E5"
"3990","cg26942124",-0.0056,0.001,3.8e-08,8e-06,"smoking","P1E5"
"3991","cg15302379",-0.009,0.0016,3.8e-08,8.1e-06,"smoking","P1E5"
"3992","cg26542660",-0.0062,0.0011,3.8e-08,8.1e-06,"smoking","P1E5"
"3993","cg26801037",-0.0059,0.0011,3.8e-08,8.1e-06,"smoking","P1E5"
"3994","cg26132737",-0.0149,0.0027,3.8e-08,8.1e-06,"smoking","P1E5"
"3995","cg13641317",0.015,0.0027,3.9e-08,8.2e-06,"smoking","P1E5"
"3996","cg23966547",-0.0084,0.0015,3.9e-08,8.2e-06,"smoking","P1E5"
"3997","cg05318142",-0.0061,0.0011,3.9e-08,8.3e-06,"smoking","P1E5"
"3998","cg25313468",-0.0108,0.002,3.9e-08,8.4e-06,"smoking","P1E5"
"3999","cg02503850",0.0052,0.001,3.9e-08,8.4e-06,"smoking","P1E5"
"4000","cg15182635",-0.0168,0.0031,4e-08,8.4e-06,"smoking","P1E5"
"4001","cg04986931",-0.0062,0.0011,4e-08,8.4e-06,"smoking","P1E5"
"4002","cg09107344",-0.0083,0.0015,4e-08,8.4e-06,"smoking","P1E5"
"4003","cg10828401",-0.0075,0.0014,4e-08,8.5e-06,"smoking","P1E5"
"4004","cg20375836",-0.0031,6e-04,4.1e-08,8.6e-06,"smoking","P1E5"
"4005","cg16554099",-0.012,0.0022,4.1e-08,8.7e-06,"smoking","P1E5"
"4006","cg01035068",-0.0012,2e-04,4.2e-08,8.8e-06,"smoking","P1E5"
"4007","cg08260891",0.0047,9e-04,4.2e-08,8.8e-06,"smoking","P1E5"
"4008","cg11339839",-0.0087,0.0016,4.2e-08,8.9e-06,"smoking","P1E5"
"4009","cg05439368",-0.0122,0.0022,4.2e-08,8.9e-06,"smoking","P1E5"
"4010","cg17478749",-0.0108,0.002,4.2e-08,8.9e-06,"smoking","P1E5"
"4011","cg25124943",-0.0064,0.0012,4.3e-08,8.9e-06,"smoking","P1E5"
"4012","cg05059607",0.0154,0.0028,4.3e-08,9e-06,"smoking","P1E5"
"4013","cg03144619",-0.0175,0.0032,4.3e-08,9e-06,"smoking","P1E5"
"4014","cg11178863",0.0044,8e-04,4.3e-08,9e-06,"smoking","P1E5"
"4015","cg01834979",-0.008,0.0015,4.3e-08,9e-06,"smoking","P1E5"
"4016","cg16209444",-0.0062,0.0011,4.3e-08,9e-06,"smoking","P1E5"
"4017","cg24582007",0.0063,0.0012,4.3e-08,9.1e-06,"smoking","P1E5"
"4018","cg19452802",0.0059,0.0011,4.4e-08,9.1e-06,"smoking","P1E5"
"4019","cg07383757",0.0029,5e-04,4.4e-08,9.1e-06,"smoking","P1E5"
"4020","cg04019636",-0.0052,9e-04,4.4e-08,9.2e-06,"smoking","P1E5"
"4021","cg01331992",-0.0192,0.0035,4.4e-08,9.2e-06,"smoking","P1E5"
"4022","cg11435441",-0.0076,0.0014,4.5e-08,9.3e-06,"smoking","P1E5"
"4023","cg22341848",-0.0042,8e-04,4.5e-08,9.3e-06,"smoking","P1E5"
"4024","cg03242028",-0.006,0.0011,4.5e-08,9.3e-06,"smoking","P1E5"
"4025","cg04666465",-0.0077,0.0014,4.5e-08,9.4e-06,"smoking","P1E5"
"4026","cg27409015",0.0059,0.0011,4.5e-08,9.4e-06,"smoking","P1E5"
"4027","cg12621745",-0.0068,0.0013,4.6e-08,9.5e-06,"smoking","P1E5"
"4028","cg22510139",-0.0144,0.0026,4.6e-08,9.5e-06,"smoking","P1E5"
"4029","cg03539717",-0.0073,0.0013,4.6e-08,9.5e-06,"smoking","P1E5"
"4030","cg22400959",0.0087,0.0016,4.6e-08,9.6e-06,"smoking","P1E5"
"4031","cg03986322",-0.0059,0.0011,4.6e-08,9.6e-06,"smoking","P1E5"
"4032","cg00640314",-0.0083,0.0015,4.6e-08,9.6e-06,"smoking","P1E5"
"4033","cg10420527",-0.0111,0.002,4.6e-08,9.6e-06,"smoking","P1E5"
"4034","cg01439670",-0.0087,0.0016,4.6e-08,9.6e-06,"smoking","P1E5"
"4035","cg11868595",-0.0073,0.0013,4.7e-08,9.7e-06,"smoking","P1E5"
"4036","cg00385142",-0.0053,0.001,4.7e-08,9.7e-06,"smoking","P1E5"
"4037","cg00910882",0.0036,7e-04,4.7e-08,9.7e-06,"smoking","P1E5"
"4038","cg23689227",-0.0126,0.0023,4.7e-08,9.8e-06,"smoking","P1E5"
"4039","cg10843343",-0.013,0.0024,4.8e-08,9.8e-06,"smoking","P1E5"
"4040","cg02610360",0.019,0.0035,4.8e-08,9.8e-06,"smoking","P1E5"
"4041","cg15578140",0.0104,0.0019,4.8e-08,9.8e-06,"smoking","P1E5"
"4042","cg07602659",0.0047,9e-04,4.8e-08,9.9e-06,"smoking","P1E5"
"4043","cg13014333",-0.0055,0.001,4.8e-08,9.9e-06,"smoking","P1E5"
"4044","cg16455376",-0.0036,7e-04,4.8e-08,1e-05,"smoking","P1E5"
"4045","cg11816838",-0.0067,0.0012,4.9e-08,1e-05,"smoking","P1E5"
"4046","cg21721681",-0.0087,0.0016,4.9e-08,1e-05,"smoking","P1E5"
"4047","cg07683388",-0.0109,0.002,4.9e-08,1e-05,"smoking","P1E5"
"4048","cg02621988",-0.0056,0.001,4.9e-08,1e-05,"smoking","P1E5"
"4049","cg20823695",-0.008,0.0015,4.9e-08,1e-05,"smoking","P1E5"
"4050","cg17904575",-0.0097,0.0018,5e-08,1e-05,"smoking","P1E5"
"4051","cg04017131",-0.0257,0.0047,5e-08,1e-05,"smoking","P1E5"
"4052","cg04757411",-0.0043,8e-04,5e-08,1e-05,"smoking","P1E5"
"4053","cg26403843",-0.0167,0.0031,5e-08,1e-05,"smoking","P1E5"
"4054","cg05616472",-0.0061,0.0011,5e-08,1e-05,"smoking","P1E5"
"4055","cg27025995",-0.0059,0.0011,5e-08,1e-05,"smoking","P1E5"
"4056","cg01451604",0.0024,4e-04,5e-08,1e-05,"smoking","P1E5"
"4057","cg03183618",-0.004,7e-04,5e-08,1e-05,"smoking","P1E5"
"4058","cg07485754",0.0047,9e-04,5.1e-08,1e-05,"smoking","P1E5"
"4059","cg16969872",-0.017,0.0031,5.2e-08,1.1e-05,"smoking","P1E5"
"4060","cg22786472",-0.0054,0.001,5.2e-08,1.1e-05,"smoking","P1E5"
"4061","cg02998240",-0.0254,0.0047,5.2e-08,1.1e-05,"smoking","P1E5"
"4062","cg15601164",0.0074,0.0014,5.2e-08,1.1e-05,"smoking","P1E5"
"4063","cg10211873",0.0039,7e-04,5.3e-08,1.1e-05,"smoking","P1E5"
"4064","cg12157646",-0.0049,9e-04,5.3e-08,1.1e-05,"smoking","P1E5"
"4065","cg15963463",-0.0087,0.0016,5.3e-08,1.1e-05,"smoking","P1E5"
"4066","cg04030401",0.0042,8e-04,5.3e-08,1.1e-05,"smoking","P1E5"
"4067","cg27289478",-0.0032,6e-04,5.4e-08,1.1e-05,"smoking","P1E5"
"4068","cg06197751",0.0082,0.0015,5.4e-08,1.1e-05,"smoking","P1E5"
"4069","cg13500388",-0.0157,0.0029,5.4e-08,1.1e-05,"smoking","P1E5"
"4070","cg00508334",-0.0015,3e-04,5.4e-08,1.1e-05,"smoking","P1E5"
"4071","cg10345404",0.0047,9e-04,5.4e-08,1.1e-05,"smoking","P1E5"
"4072","cg13423770",0.0046,8e-04,5.5e-08,1.1e-05,"smoking","P1E5"
"4073","cg00652657",0.0021,4e-04,5.5e-08,1.1e-05,"smoking","P1E5"
"4074","cg07380959",-0.0029,5e-04,5.5e-08,1.1e-05,"smoking","P1E5"
"4075","cg18866792",-0.0031,6e-04,5.5e-08,1.1e-05,"smoking","P1E5"
"4076","cg16119613",-0.014,0.0026,5.5e-08,1.1e-05,"smoking","P1E5"
"4077","cg23884241",0.0092,0.0017,5.5e-08,1.1e-05,"smoking","P1E5"
"4078","cg22740603",-0.009,0.0017,5.6e-08,1.1e-05,"smoking","P1E5"
"4079","cg00534318",0.004,7e-04,5.6e-08,1.1e-05,"smoking","P1E5"
"4080","cg12474798",-0.0251,0.0046,5.6e-08,1.1e-05,"smoking","P1E5"
"4081","cg07207043",-0.0131,0.0024,5.6e-08,1.1e-05,"smoking","P1E5"
"4082","cg10493186",0.0085,0.0016,5.6e-08,1.1e-05,"smoking","P1E5"
"4083","cg19784816",0.0079,0.0015,5.6e-08,1.1e-05,"smoking","P1E5"
"4084","cg09489567",0.0047,9e-04,5.6e-08,1.1e-05,"smoking","P1E5"
"4085","cg03683250",-0.0048,9e-04,5.6e-08,1.1e-05,"smoking","P1E5"
"4086","cg00205605",-0.0075,0.0014,5.6e-08,1.1e-05,"smoking","P1E5"
"4087","cg01643605",-0.0062,0.0011,5.6e-08,1.1e-05,"smoking","P1E5"
"4088","cg10835286",-0.0181,0.0033,5.7e-08,1.1e-05,"smoking","P1E5"
"4089","cg26724967",-0.0073,0.0013,5.7e-08,1.1e-05,"smoking","P1E5"
"4090","cg20435267",0.003,6e-04,5.7e-08,1.1e-05,"smoking","P1E5"
"4091","cg20591407",0.01,0.0018,5.7e-08,1.1e-05,"smoking","P1E5"
"4092","cg24807547",0.0072,0.0013,5.7e-08,1.2e-05,"smoking","P1E5"
"4093","cg11277230",0.0032,6e-04,5.7e-08,1.2e-05,"smoking","P1E5"
"4094","cg03126058",-0.0085,0.0016,5.7e-08,1.2e-05,"smoking","P1E5"
"4095","cg25727671",-0.0108,0.002,5.7e-08,1.2e-05,"smoking","P1E5"
"4096","cg07987890",0.0048,9e-04,5.7e-08,1.2e-05,"smoking","P1E5"
"4097","cg13644239",-0.0058,0.0011,5.8e-08,1.2e-05,"smoking","P1E5"
"4098","cg10520740",-0.0096,0.0018,5.9e-08,1.2e-05,"smoking","P1E5"
"4099","cg25839482",-0.0062,0.0011,5.9e-08,1.2e-05,"smoking","P1E5"
"4100","cg01324550",-0.0164,0.003,5.9e-08,1.2e-05,"smoking","P1E5"
"4101","cg21615831",-0.0034,6e-04,6e-08,1.2e-05,"smoking","P1E5"
"4102","cg06522681",-0.006,0.0011,6e-08,1.2e-05,"smoking","P1E5"
"4103","cg08754067",-0.0075,0.0014,6e-08,1.2e-05,"smoking","P1E5"
"4104","cg01935722",-0.0076,0.0014,6e-08,1.2e-05,"smoking","P1E5"
"4105","cg08472795",-0.0116,0.0021,6e-08,1.2e-05,"smoking","P1E5"
"4106","cg10012512",-0.0034,6e-04,6e-08,1.2e-05,"smoking","P1E5"
"4107","cg04811945",0.0123,0.0023,6.1e-08,1.2e-05,"smoking","P1E5"
"4108","cg16822035",0.0044,8e-04,6.1e-08,1.2e-05,"smoking","P1E5"
"4109","cg08772028",-0.0139,0.0026,6.2e-08,1.2e-05,"smoking","P1E5"
"4110","cg17082634",0.0036,7e-04,6.2e-08,1.2e-05,"smoking","P1E5"
"4111","cg05512483",-0.0077,0.0014,6.2e-08,1.2e-05,"smoking","P1E5"
"4112","cg02244695",0.0034,6e-04,6.2e-08,1.2e-05,"smoking","P1E5"
"4113","cg07827420",-0.0066,0.0012,6.2e-08,1.2e-05,"smoking","P1E5"
"4114","cg21227253",-0.0084,0.0015,6.2e-08,1.2e-05,"smoking","P1E5"
"4115","cg24759108",0.006,0.0011,6.3e-08,1.2e-05,"smoking","P1E5"
"4116","cg20813374",-0.0089,0.0016,6.3e-08,1.2e-05,"smoking","P1E5"
"4117","cg27635485",0.0053,0.001,6.3e-08,1.3e-05,"smoking","P1E5"
"4118","cg24647428",0.0098,0.0018,6.3e-08,1.3e-05,"smoking","P1E5"
"4119","cg18555411",0.0037,7e-04,6.4e-08,1.3e-05,"smoking","P1E5"
"4120","cg26103512",-0.005,9e-04,6.5e-08,1.3e-05,"smoking","P1E5"
"4121","cg09848445",-0.0036,7e-04,6.5e-08,1.3e-05,"smoking","P1E5"
"4122","cg23291039",0.0048,9e-04,6.5e-08,1.3e-05,"smoking","P1E5"
"4123","cg09861057",-0.0046,9e-04,6.6e-08,1.3e-05,"smoking","P1E5"
"4124","cg07671752",-0.0049,9e-04,6.6e-08,1.3e-05,"smoking","P1E5"
"4125","cg09872491",0.0034,6e-04,6.6e-08,1.3e-05,"smoking","P1E5"
"4126","cg24504361",-0.0137,0.0025,6.7e-08,1.3e-05,"smoking","P1E5"
"4127","cg23309670",0.0066,0.0012,6.7e-08,1.3e-05,"smoking","P1E5"
"4128","cg07842521",-0.0048,9e-04,6.7e-08,1.3e-05,"smoking","P1E5"
"4129","cg23766254",-0.0197,0.0036,6.7e-08,1.3e-05,"smoking","P1E5"
"4130","cg25879836",-0.0066,0.0012,6.7e-08,1.3e-05,"smoking","P1E5"
"4131","cg16288101",-0.0178,0.0033,6.7e-08,1.3e-05,"smoking","P1E5"
"4132","cg25227803",0.0092,0.0017,6.7e-08,1.3e-05,"smoking","P1E5"
"4133","cg20580833",0.0055,0.001,6.7e-08,1.3e-05,"smoking","P1E5"
"4134","cg12583553",-0.0087,0.0016,6.8e-08,1.3e-05,"smoking","P1E5"
"4135","cg24249791",0.0148,0.0027,6.8e-08,1.3e-05,"smoking","P1E5"
"4136","cg16336872",0.0036,7e-04,6.8e-08,1.3e-05,"smoking","P1E5"
"4137","cg15544235",-0.0066,0.0012,6.8e-08,1.3e-05,"smoking","P1E5"
"4138","cg23781467",0.009,0.0017,6.8e-08,1.3e-05,"smoking","P1E5"
"4139","cg15295469",0.0073,0.0013,6.8e-08,1.3e-05,"smoking","P1E5"
"4140","cg19136371",0.0066,0.0012,6.8e-08,1.3e-05,"smoking","P1E5"
"4141","cg05029558",0.0058,0.0011,6.8e-08,1.3e-05,"smoking","P1E5"
"4142","cg06226150",-0.007,0.0013,6.8e-08,1.3e-05,"smoking","P1E5"
"4143","cg07104557",-0.0153,0.0028,6.9e-08,1.3e-05,"smoking","P1E5"
"4144","cg26985798",0.0075,0.0014,6.9e-08,1.3e-05,"smoking","P1E5"
"4145","cg05156137",0.0152,0.0028,6.9e-08,1.3e-05,"smoking","P1E5"
"4146","cg14488957",-0.0028,5e-04,6.9e-08,1.3e-05,"smoking","P1E5"
"4147","cg10666909",-0.0056,0.001,6.9e-08,1.4e-05,"smoking","P1E5"
"4148","cg01568319",0.0039,7e-04,6.9e-08,1.4e-05,"smoking","P1E5"
"4149","cg14174221",-0.0118,0.0022,7e-08,1.4e-05,"smoking","P1E5"
"4150","cg16936953",-0.0118,0.0022,7e-08,1.4e-05,"smoking","P1E5"
"4151","cg04261607",-0.0089,0.0016,7.1e-08,1.4e-05,"smoking","P1E5"
"4152","cg09160123",-0.0048,9e-04,7.1e-08,1.4e-05,"smoking","P1E5"
"4153","cg02005758",0.005,9e-04,7.1e-08,1.4e-05,"smoking","P1E5"
"4154","cg06580770",-0.0051,0.001,7.1e-08,1.4e-05,"smoking","P1E5"
"4155","cg11530213",-0.0112,0.0021,7.2e-08,1.4e-05,"smoking","P1E5"
"4156","cg00563348",0.0054,0.001,7.2e-08,1.4e-05,"smoking","P1E5"
"4157","cg01909364",-0.0064,0.0012,7.2e-08,1.4e-05,"smoking","P1E5"
"4158","cg05508862",0.0074,0.0014,7.2e-08,1.4e-05,"smoking","P1E5"
"4159","cg27560292",-0.0067,0.0012,7.2e-08,1.4e-05,"smoking","P1E5"
"4160","cg24019564",-0.0056,0.001,7.3e-08,1.4e-05,"smoking","P1E5"
"4161","cg05673756",0.004,7e-04,7.3e-08,1.4e-05,"smoking","P1E5"
"4162","cg04027548",0.0083,0.0015,7.3e-08,1.4e-05,"smoking","P1E5"
"4163","cg23940612",-0.0074,0.0014,7.4e-08,1.4e-05,"smoking","P1E5"
"4164","cg02578070",0.0072,0.0013,7.4e-08,1.4e-05,"smoking","P1E5"
"4165","cg00888605",0.0057,0.0011,7.4e-08,1.4e-05,"smoking","P1E5"
"4166","cg00124004",-0.0063,0.0012,7.4e-08,1.4e-05,"smoking","P1E5"
"4167","cg00609473",0.0073,0.0014,7.5e-08,1.4e-05,"smoking","P1E5"
"4168","cg05513069",0.007,0.0013,7.5e-08,1.4e-05,"smoking","P1E5"
"4169","cg14075203",0.0063,0.0012,7.5e-08,1.4e-05,"smoking","P1E5"
"4170","cg24039042",0.01,0.0019,7.5e-08,1.5e-05,"smoking","P1E5"
"4171","cg03604424",-0.0096,0.0018,7.5e-08,1.5e-05,"smoking","P1E5"
"4172","cg25607920",0.0368,0.0068,7.5e-08,1.5e-05,"smoking","P1E5"
"4173","cg17742416",0.0047,9e-04,7.6e-08,1.5e-05,"smoking","P1E5"
"4174","cg08881175",0.0081,0.0015,7.6e-08,1.5e-05,"smoking","P1E5"
"4175","cg10827488",0.0081,0.0015,7.7e-08,1.5e-05,"smoking","P1E5"
"4176","cg07219844",0.0039,7e-04,7.7e-08,1.5e-05,"smoking","P1E5"
"4177","cg04304450",0.0058,0.0011,7.8e-08,1.5e-05,"smoking","P1E5"
"4178","cg22635096",0.0128,0.0024,7.8e-08,1.5e-05,"smoking","P1E5"
"4179","cg15570293",-0.014,0.0026,7.9e-08,1.5e-05,"smoking","P1E5"
"4180","cg18584067",-0.0068,0.0013,7.9e-08,1.5e-05,"smoking","P1E5"
"4181","cg14428590",-0.0103,0.0019,7.9e-08,1.5e-05,"smoking","P1E5"
"4182","cg04011829",-0.0066,0.0012,8e-08,1.5e-05,"smoking","P1E5"
"4183","cg21572722",0.0052,0.001,8e-08,1.5e-05,"smoking","P1E5"
"4184","cg25658983",0.0107,0.002,8e-08,1.5e-05,"smoking","P1E5"
"4185","cg23367478",0.0021,4e-04,8e-08,1.5e-05,"smoking","P1E5"
"4186","cg16398761",-0.0061,0.0011,8.1e-08,1.5e-05,"smoking","P1E5"
"4187","cg26681628",0.0105,0.0019,8.1e-08,1.5e-05,"smoking","P1E5"
"4188","cg19637387",0.004,7e-04,8.1e-08,1.6e-05,"smoking","P1E5"
"4189","cg26099045",0.0127,0.0024,8.1e-08,1.6e-05,"smoking","P1E5"
"4190","cg14252502",0.0045,8e-04,8.2e-08,1.6e-05,"smoking","P1E5"
"4191","cg14523574",0.0058,0.0011,8.2e-08,1.6e-05,"smoking","P1E5"
"4192","cg25587091",0.0029,5e-04,8.2e-08,1.6e-05,"smoking","P1E5"
"4193","cg06397161",-0.007,0.0013,8.3e-08,1.6e-05,"smoking","P1E5"
"4194","cg16565913",0.0083,0.0015,8.3e-08,1.6e-05,"smoking","P1E5"
"4195","cg00026474",-0.0048,9e-04,8.4e-08,1.6e-05,"smoking","P1E5"
"4196","cg21279603",-0.0076,0.0014,8.4e-08,1.6e-05,"smoking","P1E5"
"4197","cg00574379",0.0083,0.0016,8.4e-08,1.6e-05,"smoking","P1E5"
"4198","cg22041417",-0.0072,0.0013,8.4e-08,1.6e-05,"smoking","P1E5"
"4199","cg00928816",-0.0076,0.0014,8.5e-08,1.6e-05,"smoking","P1E5"
"4200","cg12360736",-0.0078,0.0015,8.5e-08,1.6e-05,"smoking","P1E5"
"4201","cg11012543",-0.0104,0.002,8.5e-08,1.6e-05,"smoking","P1E5"
"4202","cg21791252",0.0067,0.0012,8.5e-08,1.6e-05,"smoking","P1E5"
"4203","cg18882687",-0.011,0.0021,8.6e-08,1.6e-05,"smoking","P1E5"
"4204","cg07945582",-0.0126,0.0024,8.6e-08,1.6e-05,"smoking","P1E5"
"4205","cg14362925",-0.0065,0.0012,8.7e-08,1.6e-05,"smoking","P1E5"
"4206","cg26214074",0.0053,0.001,8.7e-08,1.6e-05,"smoking","P1E5"
"4207","cg27274382",0.0034,6e-04,8.8e-08,1.7e-05,"smoking","P1E5"
"4208","cg00580497",-0.0106,0.002,8.8e-08,1.7e-05,"smoking","P1E5"
"4209","cg25664715",-0.0043,8e-04,8.8e-08,1.7e-05,"smoking","P1E5"
"4210","cg17850498",0.003,6e-04,8.9e-08,1.7e-05,"smoking","P1E5"
"4211","cg08787968",0.0092,0.0017,9e-08,1.7e-05,"smoking","P1E5"
"4212","cg22579075",-0.0146,0.0027,9e-08,1.7e-05,"smoking","P1E5"
"4213","cg01566584",-0.0041,8e-04,9e-08,1.7e-05,"smoking","P1E5"
"4214","cg03609435",0.0066,0.0012,9e-08,1.7e-05,"smoking","P1E5"
"4215","cg00099441",-0.0057,0.0011,9e-08,1.7e-05,"smoking","P1E5"
"4216","cg26988253",-0.0066,0.0012,9.1e-08,1.7e-05,"smoking","P1E5"
"4217","cg14357089",-0.0156,0.0029,9.1e-08,1.7e-05,"smoking","P1E5"
"4218","cg06085743",-0.0087,0.0016,9.1e-08,1.7e-05,"smoking","P1E5"
"4219","cg02538248",-0.0101,0.0019,9.2e-08,1.7e-05,"smoking","P1E5"
"4220","cg08310363",-0.0102,0.0019,9.3e-08,1.8e-05,"smoking","P1E5"
"4221","cg00045114",0.0158,0.003,9.3e-08,1.8e-05,"smoking","P1E5"
"4222","cg13054640",-0.0099,0.0019,9.3e-08,1.8e-05,"smoking","P1E5"
"4223","cg08722675",0.0072,0.0014,9.4e-08,1.8e-05,"smoking","P1E5"
"4224","cg21717508",0.0056,0.001,9.4e-08,1.8e-05,"smoking","P1E5"
"4225","cg16896326",-0.0028,5e-04,9.4e-08,1.8e-05,"smoking","P1E5"
"4226","cg10585661",-0.0124,0.0023,9.4e-08,1.8e-05,"smoking","P1E5"
"4227","cg01693305",-0.0053,0.001,9.5e-08,1.8e-05,"smoking","P1E5"
"4228","cg26589669",-0.0088,0.0016,9.5e-08,1.8e-05,"smoking","P1E5"
"4229","cg15950273",0.0118,0.0022,9.5e-08,1.8e-05,"smoking","P1E5"
"4230","cg10611580",0.003,6e-04,9.6e-08,1.8e-05,"smoking","P1E5"
"4231","cg00499700",0.0043,8e-04,9.6e-08,1.8e-05,"smoking","P1E5"
"4232","cg21392700",-0.0046,9e-04,9.6e-08,1.8e-05,"smoking","P1E5"
"4233","cg17915189",0.0041,8e-04,9.6e-08,1.8e-05,"smoking","P1E5"
"4234","cg16555466",-0.0077,0.0014,9.6e-08,1.8e-05,"smoking","P1E5"
"4235","cg08120831",0.0047,9e-04,9.6e-08,1.8e-05,"smoking","P1E5"
"4236","cg15651928",0.0051,0.001,9.6e-08,1.8e-05,"smoking","P1E5"
"4237","cg24324354",0.0065,0.0012,9.7e-08,1.8e-05,"smoking","P1E5"
"4238","cg24698211",-0.012,0.0023,9.8e-08,1.8e-05,"smoking","P1E5"
"4239","cg15518113",0.0077,0.0014,9.8e-08,1.8e-05,"smoking","P1E5"
"4240","cg14459011",-0.0073,0.0014,9.9e-08,1.8e-05,"smoking","P1E5"
"4241","cg24503796",0.0047,9e-04,9.9e-08,1.8e-05,"smoking","P1E5"
"4242","cg22057874",0.0078,0.0015,9.9e-08,1.8e-05,"smoking","P1E5"
"4243","cg07757252",-0.0066,0.0012,9.9e-08,1.8e-05,"smoking","P1E5"
"4244","cg17877600",-0.0107,0.002,9.9e-08,1.8e-05,"smoking","P1E5"
"4245","cg15233611",-0.0121,0.0023,9.9e-08,1.8e-05,"smoking","P1E5"
"4246","cg17192599",0.0062,0.0012,9.9e-08,1.8e-05,"smoking","P1E5"
"4247","cg18254819",0.0048,9e-04,9.9e-08,1.8e-05,"smoking","P1E5"
"4248","cg23928726",-0.0098,0.0018,1e-07,1.8e-05,"smoking","P1E5"
"4249","cg12798040",0.007,0.0013,1e-07,1.9e-05,"smoking","P1E5"
"4250","cg05076755",-0.0052,0.001,1e-07,1.9e-05,"smoking","P1E5"
"4251","cg21935536",-0.005,9e-04,1e-07,1.9e-05,"smoking","P1E5"
"4252","cg22103736",-0.0045,8e-04,1e-07,1.9e-05,"smoking","P1E5"
"4253","cg14667273",0.0034,6e-04,1e-07,1.9e-05,"smoking","P1E5"
"4254","cg18247172",0.0095,0.0018,1e-07,1.9e-05,"smoking","P1E5"
"4255","cg01728554",0.0029,5e-04,1e-07,1.9e-05,"smoking","P1E5"
"4256","cg03164561",0.01,0.0019,1e-07,1.9e-05,"smoking","P1E5"
"4257","cg01713950",-0.0116,0.0022,1e-07,1.9e-05,"smoking","P1E5"
"4258","cg11529819",0.0055,0.001,1e-07,1.9e-05,"smoking","P1E5"
"4259","cg25919221",-0.0077,0.0014,1e-07,1.9e-05,"smoking","P1E5"
"4260","cg14178364",-0.0064,0.0012,1e-07,1.9e-05,"smoking","P1E5"
"4261","cg25722983",-0.0115,0.0022,1e-07,1.9e-05,"smoking","P1E5"
"4262","cg24310500",0.0047,9e-04,1.1e-07,1.9e-05,"smoking","P1E5"
"4263","cg01930719",0.0076,0.0014,1.1e-07,1.9e-05,"smoking","P1E5"
"4264","cg12413156",0.005,9e-04,1.1e-07,2e-05,"smoking","P1E5"
"4265","cg03957124",-0.0088,0.0017,1.1e-07,2e-05,"smoking","P1E5"
"4266","cg01989521",-0.0026,5e-04,1.1e-07,2e-05,"smoking","P1E5"
"4267","cg11924019",-0.0096,0.0018,1.1e-07,2e-05,"smoking","P1E5"
"4268","cg15531512",0.0082,0.0015,1.1e-07,2e-05,"smoking","P1E5"
"4269","cg13106389",-0.0058,0.0011,1.1e-07,2e-05,"smoking","P1E5"
"4270","cg20640281",-0.0063,0.0012,1.1e-07,2e-05,"smoking","P1E5"
"4271","cg19731612",-0.0197,0.0037,1.1e-07,2e-05,"smoking","P1E5"
"4272","cg24408769",0.0114,0.0022,1.1e-07,2e-05,"smoking","P1E5"
"4273","cg14235811",-0.0079,0.0015,1.1e-07,2e-05,"smoking","P1E5"
"4274","cg15815084",-0.0241,0.0045,1.1e-07,2e-05,"smoking","P1E5"
"4275","cg06154570",0.0035,6e-04,1.1e-07,2e-05,"smoking","P1E5"
"4276","cg09507934",0.0083,0.0016,1.1e-07,2e-05,"smoking","P1E5"
"4277","cg06803853",-0.0025,5e-04,1.1e-07,2e-05,"smoking","P1E5"
"4278","cg03814093",-0.0126,0.0024,1.1e-07,2e-05,"smoking","P1E5"
"4279","cg01098955",-0.0107,0.002,1.1e-07,2e-05,"smoking","P1E5"
"4280","cg00232092",-0.0107,0.002,1.1e-07,2e-05,"smoking","P1E5"
"4281","cg14531564",-0.0065,0.0012,1.1e-07,2e-05,"smoking","P1E5"
"4282","cg05726935",-0.0087,0.0016,1.1e-07,2.1e-05,"smoking","P1E5"
"4283","cg15432711",-0.0053,0.001,1.1e-07,2.1e-05,"smoking","P1E5"
"4284","cg07808761",-0.0134,0.0025,1.1e-07,2.1e-05,"smoking","P1E5"
"4285","cg06855485",-0.0054,0.001,1.1e-07,2.1e-05,"smoking","P1E5"
"4286","cg02652579",-0.005,9e-04,1.2e-07,2.1e-05,"smoking","P1E5"
"4287","cg01836137",0.0067,0.0013,1.2e-07,2.1e-05,"smoking","P1E5"
"4288","cg06159340",-0.0083,0.0016,1.2e-07,2.1e-05,"smoking","P1E5"
"4289","cg13246856",-0.0107,0.002,1.2e-07,2.1e-05,"smoking","P1E5"
"4290","cg03185794",-0.0099,0.0019,1.2e-07,2.1e-05,"smoking","P1E5"
"4291","cg04158018",-0.0157,0.003,1.2e-07,2.1e-05,"smoking","P1E5"
"4292","cg10397819",-0.0054,0.001,1.2e-07,2.2e-05,"smoking","P1E5"
"4293","cg05329578",-0.0122,0.0023,1.2e-07,2.2e-05,"smoking","P1E5"
"4294","cg11238048",0.006,0.0011,1.2e-07,2.2e-05,"smoking","P1E5"
"4295","cg08701843",0.0034,6e-04,1.2e-07,2.2e-05,"smoking","P1E5"
"4296","cg09938443",-0.0065,0.0012,1.2e-07,2.2e-05,"smoking","P1E5"
"4297","cg09282085",-0.0057,0.0011,1.2e-07,2.2e-05,"smoking","P1E5"
"4298","cg03084901",0.003,6e-04,1.2e-07,2.2e-05,"smoking","P1E5"
"4299","cg08370996",0.0036,7e-04,1.2e-07,2.2e-05,"smoking","P1E5"
"4300","cg06261052",0.0063,0.0012,1.2e-07,2.2e-05,"smoking","P1E5"
"4301","cg05283597",0.0097,0.0018,1.2e-07,2.2e-05,"smoking","P1E5"
"4302","cg02187522",0.0058,0.0011,1.2e-07,2.2e-05,"smoking","P1E5"
"4303","cg09134760",-0.0083,0.0016,1.2e-07,2.2e-05,"smoking","P1E5"
"4304","cg03997105",-0.01,0.0019,1.2e-07,2.2e-05,"smoking","P1E5"
"4305","cg03970036",0.0044,8e-04,1.2e-07,2.2e-05,"smoking","P1E5"
"4306","cg23913963",-0.0121,0.0023,1.2e-07,2.2e-05,"smoking","P1E5"
"4307","cg11498582",-0.0053,0.001,1.2e-07,2.2e-05,"smoking","P1E5"
"4308","cg14145338",0.0067,0.0013,1.2e-07,2.2e-05,"smoking","P1E5"
"4309","cg23916646",0.0048,9e-04,1.2e-07,2.2e-05,"smoking","P1E5"
"4310","cg16675054",-0.0026,5e-04,1.2e-07,2.2e-05,"smoking","P1E5"
"4311","cg17635080",0.0071,0.0013,1.2e-07,2.2e-05,"smoking","P1E5"
"4312","cg08471846",-0.0076,0.0014,1.2e-07,2.2e-05,"smoking","P1E5"
"4313","cg11033273",-0.0051,0.001,1.2e-07,2.2e-05,"smoking","P1E5"
"4314","cg16640358",-0.0052,0.001,1.2e-07,2.2e-05,"smoking","P1E5"
"4315","cg12946660",-0.0143,0.0027,1.2e-07,2.2e-05,"smoking","P1E5"
"4316","cg12640656",-0.0066,0.0013,1.2e-07,2.2e-05,"smoking","P1E5"
"4317","cg06269419",-0.0104,0.002,1.3e-07,2.2e-05,"smoking","P1E5"
"4318","cg06915193",-0.0036,7e-04,1.3e-07,2.2e-05,"smoking","P1E5"
"4319","cg01060409",-0.0036,7e-04,1.3e-07,2.3e-05,"smoking","P1E5"
"4320","cg19063856",-0.0052,0.001,1.3e-07,2.3e-05,"smoking","P1E5"
"4321","cg20607293",-0.0058,0.0011,1.3e-07,2.3e-05,"smoking","P1E5"
"4322","cg08376824",-0.0084,0.0016,1.3e-07,2.3e-05,"smoking","P1E5"
"4323","cg06890522",-0.0065,0.0012,1.3e-07,2.3e-05,"smoking","P1E5"
"4324","cg21854952",0.0095,0.0018,1.3e-07,2.3e-05,"smoking","P1E5"
"4325","cg24556382",-0.0237,0.0045,1.3e-07,2.3e-05,"smoking","P1E5"
"4326","cg08898569",-0.0069,0.0013,1.3e-07,2.3e-05,"smoking","P1E5"
"4327","cg16822666",-0.0097,0.0018,1.3e-07,2.3e-05,"smoking","P1E5"
"4328","cg09291026",-0.0045,9e-04,1.3e-07,2.3e-05,"smoking","P1E5"
"4329","cg25537119",-0.007,0.0013,1.3e-07,2.3e-05,"smoking","P1E5"
"4330","cg16845623",0.0087,0.0017,1.3e-07,2.3e-05,"smoking","P1E5"
"4331","cg26573704",0.0028,5e-04,1.3e-07,2.3e-05,"smoking","P1E5"
"4332","cg01757312",0.0043,8e-04,1.3e-07,2.3e-05,"smoking","P1E5"
"4333","cg02470690",-0.0062,0.0012,1.3e-07,2.3e-05,"smoking","P1E5"
"4334","cg16699540",-0.0108,0.002,1.3e-07,2.3e-05,"smoking","P1E5"
"4335","cg15199181",0.0051,0.001,1.3e-07,2.4e-05,"smoking","P1E5"
"4336","cg00108715",-0.0054,0.001,1.3e-07,2.4e-05,"smoking","P1E5"
"4337","cg01335597",-0.0043,8e-04,1.3e-07,2.4e-05,"smoking","P1E5"
"4338","cg20630655",-0.0101,0.0019,1.3e-07,2.4e-05,"smoking","P1E5"
"4339","cg10323921",0.0078,0.0015,1.3e-07,2.4e-05,"smoking","P1E5"
"4340","cg05012902",-0.0046,9e-04,1.3e-07,2.4e-05,"smoking","P1E5"
"4341","cg00788170",-0.0046,9e-04,1.3e-07,2.4e-05,"smoking","P1E5"
"4342","cg02897366",-0.0073,0.0014,1.3e-07,2.4e-05,"smoking","P1E5"
"4343","cg10112407",0.0053,0.001,1.4e-07,2.4e-05,"smoking","P1E5"
"4344","cg07869830",-0.0063,0.0012,1.4e-07,2.4e-05,"smoking","P1E5"
"4345","cg19825437",-0.0144,0.0027,1.4e-07,2.4e-05,"smoking","P1E5"
"4346","cg00622799",0.0047,9e-04,1.4e-07,2.4e-05,"smoking","P1E5"
"4347","cg05881762",-0.01,0.0019,1.4e-07,2.4e-05,"smoking","P1E5"
"4348","cg00116699",0.0057,0.0011,1.4e-07,2.4e-05,"smoking","P1E5"
"4349","cg21399778",-0.005,9e-04,1.4e-07,2.4e-05,"smoking","P1E5"
"4350","cg11457534",-0.0044,8e-04,1.4e-07,2.4e-05,"smoking","P1E5"
"4351","cg15114651",-0.0077,0.0015,1.4e-07,2.4e-05,"smoking","P1E5"
"4352","cg10513161",0.0064,0.0012,1.4e-07,2.4e-05,"smoking","P1E5"
"4353","cg04039397",-0.0225,0.0043,1.4e-07,2.4e-05,"smoking","P1E5"
"4354","cg14479798",-0.0112,0.0021,1.4e-07,2.5e-05,"smoking","P1E5"
"4355","cg04046980",-0.0038,7e-04,1.4e-07,2.5e-05,"smoking","P1E5"
"4356","cg21428393",-0.0035,7e-04,1.4e-07,2.5e-05,"smoking","P1E5"
"4357","cg07061728",-0.0071,0.0014,1.4e-07,2.5e-05,"smoking","P1E5"
"4358","cg04563438",0.0039,7e-04,1.4e-07,2.5e-05,"smoking","P1E5"
"4359","cg25985504",0.0105,0.002,1.4e-07,2.5e-05,"smoking","P1E5"
"4360","cg10179300",-0.0124,0.0024,1.4e-07,2.5e-05,"smoking","P1E5"
"4361","cg05163057",-0.0065,0.0012,1.4e-07,2.5e-05,"smoking","P1E5"
"4362","cg26988138",0.0152,0.0029,1.4e-07,2.5e-05,"smoking","P1E5"
"4363","cg19514721",0.0074,0.0014,1.4e-07,2.5e-05,"smoking","P1E5"
"4364","cg08645860",0.0103,0.002,1.4e-07,2.5e-05,"smoking","P1E5"
"4365","cg16733203",0.0061,0.0012,1.4e-07,2.5e-05,"smoking","P1E5"
"4366","cg01970407",0.0067,0.0013,1.4e-07,2.5e-05,"smoking","P1E5"
"4367","cg25491122",0.0128,0.0024,1.4e-07,2.5e-05,"smoking","P1E5"
"4368","cg02487823",-0.0037,7e-04,1.4e-07,2.5e-05,"smoking","P1E5"
"4369","cg00202479",0.0068,0.0013,1.4e-07,2.5e-05,"smoking","P1E5"
"4370","cg02607319",0.0025,5e-04,1.4e-07,2.5e-05,"smoking","P1E5"
"4371","cg23360111",0.0058,0.0011,1.4e-07,2.5e-05,"smoking","P1E5"
"4372","cg10825315",0.0141,0.0027,1.5e-07,2.5e-05,"smoking","P1E5"
"4373","cg02818189",-0.0186,0.0035,1.5e-07,2.5e-05,"smoking","P1E5"
"4374","cg02714677",-0.0043,8e-04,1.5e-07,2.5e-05,"smoking","P1E5"
"4375","cg26069291",-0.0098,0.0019,1.5e-07,2.5e-05,"smoking","P1E5"
"4376","cg04997045",0.0078,0.0015,1.5e-07,2.6e-05,"smoking","P1E5"
"4377","cg03254067",0.0074,0.0014,1.5e-07,2.6e-05,"smoking","P1E5"
"4378","cg06362313",-0.0081,0.0015,1.5e-07,2.6e-05,"smoking","P1E5"
"4379","cg05445326",0.0039,7e-04,1.5e-07,2.6e-05,"smoking","P1E5"
"4380","cg02003272",-0.0111,0.0021,1.5e-07,2.6e-05,"smoking","P1E5"
"4381","cg02254056",0.0039,7e-04,1.5e-07,2.6e-05,"smoking","P1E5"
"4382","cg02176148",0.0024,5e-04,1.5e-07,2.6e-05,"smoking","P1E5"
"4383","cg13396060",0.0041,8e-04,1.5e-07,2.6e-05,"smoking","P1E5"
"4384","cg14439572",-0.007,0.0013,1.5e-07,2.6e-05,"smoking","P1E5"
"4385","cg18352916",-0.0051,0.001,1.5e-07,2.6e-05,"smoking","P1E5"
"4386","cg27571769",0.0046,9e-04,1.5e-07,2.6e-05,"smoking","P1E5"
"4387","cg14327296",-0.0043,8e-04,1.5e-07,2.6e-05,"smoking","P1E5"
"4388","cg18745507",0.0077,0.0015,1.5e-07,2.6e-05,"smoking","P1E5"
"4389","cg02925367",0.0037,7e-04,1.5e-07,2.6e-05,"smoking","P1E5"
"4390","cg05141333",-0.0027,5e-04,1.5e-07,2.6e-05,"smoking","P1E5"
"4391","cg15144068",-0.0081,0.0015,1.5e-07,2.6e-05,"smoking","P1E5"
"4392","cg00139947",0.0075,0.0014,1.5e-07,2.6e-05,"smoking","P1E5"
"4393","cg01538969",0.007,0.0013,1.5e-07,2.6e-05,"smoking","P1E5"
"4394","cg13867370",-0.0077,0.0015,1.5e-07,2.6e-05,"smoking","P1E5"
"4395","cg07905054",0.0051,0.001,1.5e-07,2.6e-05,"smoking","P1E5"
"4396","cg18814344",0.0041,8e-04,1.5e-07,2.6e-05,"smoking","P1E5"
"4397","cg04388657",-0.0182,0.0035,1.5e-07,2.7e-05,"smoking","P1E5"
"4398","cg18468844",-0.0079,0.0015,1.5e-07,2.7e-05,"smoking","P1E5"
"4399","cg15226147",-0.0054,0.001,1.5e-07,2.7e-05,"smoking","P1E5"
"4400","cg16186435",-0.0069,0.0013,1.5e-07,2.7e-05,"smoking","P1E5"
"4401","cg16497398",-0.0117,0.0022,1.5e-07,2.7e-05,"smoking","P1E5"
"4402","cg03008525",-0.0035,7e-04,1.6e-07,2.7e-05,"smoking","P1E5"
"4403","cg00232996",-0.0041,8e-04,1.6e-07,2.7e-05,"smoking","P1E5"
"4404","cg01192748",-0.0108,0.0021,1.6e-07,2.7e-05,"smoking","P1E5"
"4405","cg08446900",0.0049,9e-04,1.6e-07,2.7e-05,"smoking","P1E5"
"4406","cg07082267",-0.0039,7e-04,1.6e-07,2.7e-05,"smoking","P1E5"
"4407","cg21686600",-0.0089,0.0017,1.6e-07,2.7e-05,"smoking","P1E5"
"4408","cg01891966",-0.0109,0.0021,1.6e-07,2.7e-05,"smoking","P1E5"
"4409","cg10160397",0.0033,6e-04,1.6e-07,2.7e-05,"smoking","P1E5"
"4410","cg02743070",-0.012,0.0023,1.6e-07,2.7e-05,"smoking","P1E5"
"4411","cg25707722",0.0047,9e-04,1.6e-07,2.7e-05,"smoking","P1E5"
"4412","cg13485366",0.011,0.0021,1.6e-07,2.7e-05,"smoking","P1E5"
"4413","cg00946598",-0.0028,5e-04,1.6e-07,2.7e-05,"smoking","P1E5"
"4414","cg09425279",0.0074,0.0014,1.6e-07,2.7e-05,"smoking","P1E5"
"4415","cg18859174",0.006,0.0011,1.6e-07,2.7e-05,"smoking","P1E5"
"4416","cg02477579",-0.0028,5e-04,1.6e-07,2.7e-05,"smoking","P1E5"
"4417","cg26221631",0.0027,5e-04,1.6e-07,2.8e-05,"smoking","P1E5"
"4418","cg13278353",-0.0097,0.0019,1.6e-07,2.8e-05,"smoking","P1E5"
"4419","cg19863740",0.0057,0.0011,1.6e-07,2.8e-05,"smoking","P1E5"
"4420","cg00020474",0.0069,0.0013,1.6e-07,2.8e-05,"smoking","P1E5"
"4421","cg03152187",0.0043,8e-04,1.6e-07,2.8e-05,"smoking","P1E5"
"4422","cg23143090",0.0061,0.0012,1.6e-07,2.8e-05,"smoking","P1E5"
"4423","cg20622019",-0.0038,7e-04,1.6e-07,2.8e-05,"smoking","P1E5"
"4424","cg09352789",-0.0081,0.0016,1.7e-07,2.8e-05,"smoking","P1E5"
"4425","cg07009895",0.0039,8e-04,1.7e-07,2.8e-05,"smoking","P1E5"
"4426","cg08658594",0.0043,8e-04,1.7e-07,2.8e-05,"smoking","P1E5"
"4427","cg14399122",-0.0098,0.0019,1.7e-07,2.8e-05,"smoking","P1E5"
"4428","cg25385366",0.0138,0.0026,1.7e-07,2.8e-05,"smoking","P1E5"
"4429","cg03679544",-0.0084,0.0016,1.7e-07,2.9e-05,"smoking","P1E5"
"4430","cg01252219",0.0048,9e-04,1.7e-07,2.9e-05,"smoking","P1E5"
"4431","cg16209860",-0.0061,0.0012,1.7e-07,2.9e-05,"smoking","P1E5"
"4432","cg01419914",-0.0114,0.0022,1.7e-07,2.9e-05,"smoking","P1E5"
"4433","cg02205391",-0.0074,0.0014,1.7e-07,2.9e-05,"smoking","P1E5"
"4434","cg21604136",0.0058,0.0011,1.7e-07,2.9e-05,"smoking","P1E5"
"4435","cg20051772",-0.0087,0.0017,1.7e-07,2.9e-05,"smoking","P1E5"
"4436","cg02311364",0.0043,8e-04,1.7e-07,2.9e-05,"smoking","P1E5"
"4437","cg09148268",0.0045,9e-04,1.7e-07,2.9e-05,"smoking","P1E5"
"4438","cg04164838",-0.0158,0.003,1.7e-07,2.9e-05,"smoking","P1E5"
"4439","cg05796261",-0.0054,0.001,1.7e-07,2.9e-05,"smoking","P1E5"
"4440","cg12899747",0.01,0.0019,1.7e-07,2.9e-05,"smoking","P1E5"
"4441","cg09737019",0.0092,0.0018,1.7e-07,2.9e-05,"smoking","P1E5"
"4442","cg08109625",0.0043,8e-04,1.7e-07,2.9e-05,"smoking","P1E5"
"4443","cg10416593",-0.0097,0.0019,1.7e-07,2.9e-05,"smoking","P1E5"
"4444","cg21483922",0.0057,0.0011,1.7e-07,2.9e-05,"smoking","P1E5"
"4445","cg11571563",0.0038,7e-04,1.7e-07,2.9e-05,"smoking","P1E5"
"4446","cg06826457",-0.0107,0.0021,1.8e-07,2.9e-05,"smoking","P1E5"
"4447","cg04675251",0.0085,0.0016,1.8e-07,3e-05,"smoking","P1E5"
"4448","cg14607642",0.007,0.0013,1.8e-07,3e-05,"smoking","P1E5"
"4449","cg27466845",-0.0086,0.0016,1.8e-07,3e-05,"smoking","P1E5"
"4450","cg16134718",-0.0053,0.001,1.8e-07,3e-05,"smoking","P1E5"
"4451","cg23539261",0.0065,0.0012,1.8e-07,3e-05,"smoking","P1E5"
"4452","cg12198934",-0.005,9e-04,1.8e-07,3e-05,"smoking","P1E5"
"4453","cg14389669",-0.0123,0.0024,1.8e-07,3e-05,"smoking","P1E5"
"4454","cg16705546",0.0125,0.0024,1.8e-07,3e-05,"smoking","P1E5"
"4455","cg03981596",0.0047,9e-04,1.8e-07,3e-05,"smoking","P1E5"
"4456","cg15309361",0.0068,0.0013,1.8e-07,3e-05,"smoking","P1E5"
"4457","cg21236860",-0.0064,0.0012,1.8e-07,3e-05,"smoking","P1E5"
"4458","cg05477514",0.0038,7e-04,1.8e-07,3e-05,"smoking","P1E5"
"4459","cg23716800",0.0031,6e-04,1.8e-07,3e-05,"smoking","P1E5"
"4460","cg22234419",-0.0057,0.0011,1.8e-07,3e-05,"smoking","P1E5"
"4461","cg12535280",0.0059,0.0011,1.8e-07,3.1e-05,"smoking","P1E5"
"4462","cg11668844",0.0059,0.0011,1.8e-07,3.1e-05,"smoking","P1E5"
"4463","cg04508114",0.0074,0.0014,1.8e-07,3.1e-05,"smoking","P1E5"
"4464","cg26915952",-0.0143,0.0027,1.8e-07,3.1e-05,"smoking","P1E5"
"4465","cg10172979",-0.0155,0.003,1.8e-07,3.1e-05,"smoking","P1E5"
"4466","cg13832372",-0.0122,0.0023,1.8e-07,3.1e-05,"smoking","P1E5"
"4467","cg13592064",-0.0056,0.0011,1.9e-07,3.1e-05,"smoking","P1E5"
"4468","cg19530728",-0.0075,0.0014,1.9e-07,3.1e-05,"smoking","P1E5"
"4469","cg04970434",0.009,0.0017,1.9e-07,3.1e-05,"smoking","P1E5"
"4470","cg03366574",0.0078,0.0015,1.9e-07,3.1e-05,"smoking","P1E5"
"4471","cg15344028",-0.0146,0.0028,1.9e-07,3.1e-05,"smoking","P1E5"
"4472","cg04111478",-0.013,0.0025,1.9e-07,3.1e-05,"smoking","P1E5"
"4473","cg15074047",0.0079,0.0015,1.9e-07,3.1e-05,"smoking","P1E5"
"4474","cg23759710",0.0043,8e-04,1.9e-07,3.1e-05,"smoking","P1E5"
"4475","cg03597491",0.0062,0.0012,1.9e-07,3.1e-05,"smoking","P1E5"
"4476","cg13501527",-0.0099,0.0019,1.9e-07,3.1e-05,"smoking","P1E5"
"4477","cg21428681",0.0035,7e-04,1.9e-07,3.2e-05,"smoking","P1E5"
"4478","cg24125648",0.0035,7e-04,1.9e-07,3.2e-05,"smoking","P1E5"
"4479","cg08482979",0.0071,0.0014,1.9e-07,3.2e-05,"smoking","P1E5"
"4480","cg03363633",0.0045,9e-04,1.9e-07,3.2e-05,"smoking","P1E5"
"4481","cg15962267",-0.0088,0.0017,1.9e-07,3.2e-05,"smoking","P1E5"
"4482","cg10965478",-0.0057,0.0011,1.9e-07,3.2e-05,"smoking","P1E5"
"4483","cg13200575",-0.0051,0.001,1.9e-07,3.2e-05,"smoking","P1E5"
"4484","cg25085245",-0.0066,0.0013,1.9e-07,3.2e-05,"smoking","P1E5"
"4485","cg16214653",0.0087,0.0017,1.9e-07,3.2e-05,"smoking","P1E5"
"4486","cg17010394",0.0041,8e-04,1.9e-07,3.2e-05,"smoking","P1E5"
"4487","cg00923744",-0.0059,0.0011,1.9e-07,3.2e-05,"smoking","P1E5"
"4488","cg03634479",0.0116,0.0022,2e-07,3.2e-05,"smoking","P1E5"
"4489","cg09623400",0.0047,9e-04,2e-07,3.2e-05,"smoking","P1E5"
"4490","cg26788216",-0.0121,0.0023,2e-07,3.2e-05,"smoking","P1E5"
"4491","cg21035374",-0.0049,9e-04,2e-07,3.3e-05,"smoking","P1E5"
"4492","cg09479650",0.0048,9e-04,2e-07,3.3e-05,"smoking","P1E5"
"4493","cg17930194",-0.0186,0.0036,2e-07,3.3e-05,"smoking","P1E5"
"4494","cg26076905",0.0075,0.0014,2e-07,3.3e-05,"smoking","P1E5"
"4495","cg11288801",-0.0098,0.0019,2e-07,3.3e-05,"smoking","P1E5"
"4496","cg02775417",-0.0029,6e-04,2e-07,3.3e-05,"smoking","P1E5"
"4497","cg11808699",0.0103,0.002,2e-07,3.3e-05,"smoking","P1E5"
"4498","cg14873022",0.0132,0.0025,2e-07,3.3e-05,"smoking","P1E5"
"4499","cg09033638",-0.0059,0.0011,2e-07,3.3e-05,"smoking","P1E5"
"4500","cg04912273",-0.0042,8e-04,2e-07,3.3e-05,"smoking","P1E5"
"4501","cg21307628",0.0031,6e-04,2e-07,3.3e-05,"smoking","P1E5"
"4502","cg17737835",0.0051,0.001,2e-07,3.3e-05,"smoking","P1E5"
"4503","cg02257405",-0.0059,0.0011,2e-07,3.4e-05,"smoking","P1E5"
"4504","cg26321670",0.0034,7e-04,2e-07,3.4e-05,"smoking","P1E5"
"4505","cg13995516",0.0049,9e-04,2.1e-07,3.4e-05,"smoking","P1E5"
"4506","cg14789659",-0.0077,0.0015,2.1e-07,3.4e-05,"smoking","P1E5"
"4507","cg14794655",-0.0067,0.0013,2.1e-07,3.4e-05,"smoking","P1E5"
"4508","cg12702615",-0.003,6e-04,2.1e-07,3.4e-05,"smoking","P1E5"
"4509","cg02218324",0.0064,0.0012,2.1e-07,3.4e-05,"smoking","P1E5"
"4510","cg09726279",-0.0051,0.001,2.1e-07,3.4e-05,"smoking","P1E5"
"4511","cg00736984",-0.0042,8e-04,2.1e-07,3.4e-05,"smoking","P1E5"
"4512","cg12432568",0.0098,0.0019,2.1e-07,3.4e-05,"smoking","P1E5"
"4513","cg00698126",-0.0079,0.0015,2.1e-07,3.5e-05,"smoking","P1E5"
"4514","cg03058163",-0.0066,0.0013,2.1e-07,3.5e-05,"smoking","P1E5"
"4515","cg15159104",0.0061,0.0012,2.1e-07,3.5e-05,"smoking","P1E5"
"4516","cg00360761",0.0112,0.0022,2.1e-07,3.5e-05,"smoking","P1E5"
"4517","cg21220374",-0.0128,0.0025,2.1e-07,3.5e-05,"smoking","P1E5"
"4518","cg19431495",-0.0079,0.0015,2.2e-07,3.5e-05,"smoking","P1E5"
"4519","cg19283264",0.003,6e-04,2.2e-07,3.5e-05,"smoking","P1E5"
"4520","cg00329618",0.0044,9e-04,2.2e-07,3.6e-05,"smoking","P1E5"
"4521","cg02776313",-0.0065,0.0013,2.2e-07,3.6e-05,"smoking","P1E5"
"4522","cg24250902",-0.0162,0.0031,2.2e-07,3.6e-05,"smoking","P1E5"
"4523","cg08827454",0.005,0.001,2.2e-07,3.6e-05,"smoking","P1E5"
"4524","cg14977938",0.018,0.0035,2.2e-07,3.6e-05,"smoking","P1E5"
"4525","cg07735969",-0.0039,8e-04,2.2e-07,3.6e-05,"smoking","P1E5"
"4526","cg18222590",-0.0067,0.0013,2.2e-07,3.6e-05,"smoking","P1E5"
"4527","cg13669080",0.004,8e-04,2.2e-07,3.6e-05,"smoking","P1E5"
"4528","cg16642695",-0.008,0.0016,2.2e-07,3.7e-05,"smoking","P1E5"
"4529","cg03743262",0.0036,7e-04,2.3e-07,3.7e-05,"smoking","P1E5"
"4530","cg10186456",0.0088,0.0017,2.3e-07,3.7e-05,"smoking","P1E5"
"4531","cg26470501",-0.0123,0.0024,2.3e-07,3.7e-05,"smoking","P1E5"
"4532","cg01732465",-0.0039,7e-04,2.3e-07,3.7e-05,"smoking","P1E5"
"4533","cg14885762",-0.0071,0.0014,2.3e-07,3.7e-05,"smoking","P1E5"
"4534","cg10316899",-0.0123,0.0024,2.3e-07,3.7e-05,"smoking","P1E5"
"4535","cg13279476",-0.0096,0.0019,2.3e-07,3.7e-05,"smoking","P1E5"
"4536","cg15633035",-0.013,0.0025,2.3e-07,3.7e-05,"smoking","P1E5"
"4537","cg22041033",-0.0042,8e-04,2.3e-07,3.7e-05,"smoking","P1E5"
"4538","cg19382657",-0.0054,0.001,2.3e-07,3.7e-05,"smoking","P1E5"
"4539","cg15498134",-0.0139,0.0027,2.3e-07,3.7e-05,"smoking","P1E5"
"4540","cg14689515",-0.0112,0.0022,2.3e-07,3.7e-05,"smoking","P1E5"
"4541","cg20454518",0.0142,0.0028,2.3e-07,3.7e-05,"smoking","P1E5"
"4542","cg00833777",0.0081,0.0016,2.3e-07,3.7e-05,"smoking","P1E5"
"4543","cg26404511",0.0087,0.0017,2.3e-07,3.7e-05,"smoking","P1E5"
"4544","cg00950497",0.0124,0.0024,2.3e-07,3.7e-05,"smoking","P1E5"
"4545","cg19949550",-0.0081,0.0016,2.3e-07,3.7e-05,"smoking","P1E5"
"4546","cg16341836",-0.0073,0.0014,2.3e-07,3.7e-05,"smoking","P1E5"
"4547","cg08376141",0.0082,0.0016,2.3e-07,3.7e-05,"smoking","P1E5"
"4548","cg18631996",0.0047,9e-04,2.3e-07,3.7e-05,"smoking","P1E5"
"4549","cg24892069",-0.0136,0.0026,2.3e-07,3.7e-05,"smoking","P1E5"
"4550","cg08669010",-0.0033,6e-04,2.3e-07,3.7e-05,"smoking","P1E5"
"4551","cg11641006",0.0093,0.0018,2.3e-07,3.7e-05,"smoking","P1E5"
"4552","cg26058502",-0.008,0.0016,2.3e-07,3.8e-05,"smoking","P1E5"
"4553","cg05724492",-0.0077,0.0015,2.3e-07,3.8e-05,"smoking","P1E5"
"4554","cg11730703",0.0091,0.0018,2.4e-07,3.8e-05,"smoking","P1E5"
"4555","cg24023489",-0.007,0.0014,2.4e-07,3.8e-05,"smoking","P1E5"
"4556","cg06742077",-0.0127,0.0025,2.4e-07,3.8e-05,"smoking","P1E5"
"4557","cg02188939",-0.0067,0.0013,2.4e-07,3.8e-05,"smoking","P1E5"
"4558","cg25417766",0.0054,0.0011,2.4e-07,3.8e-05,"smoking","P1E5"
"4559","cg07060505",0.0043,8e-04,2.4e-07,3.9e-05,"smoking","P1E5"
"4560","cg20103692",0.0126,0.0024,2.4e-07,3.9e-05,"smoking","P1E5"
"4561","cg16942327",0.0057,0.0011,2.4e-07,3.9e-05,"smoking","P1E5"
"4562","cg20696737",0.0061,0.0012,2.4e-07,3.9e-05,"smoking","P1E5"
"4563","cg02229288",-0.0039,7e-04,2.4e-07,3.9e-05,"smoking","P1E5"
"4564","cg19180602",-0.0069,0.0013,2.4e-07,3.9e-05,"smoking","P1E5"
"4565","cg06401414",-0.0071,0.0014,2.4e-07,3.9e-05,"smoking","P1E5"
"4566","cg23907108",-0.0105,0.002,2.4e-07,3.9e-05,"smoking","P1E5"
"4567","cg04446579",0.0041,8e-04,2.4e-07,3.9e-05,"smoking","P1E5"
"4568","cg00360474",0.0061,0.0012,2.4e-07,3.9e-05,"smoking","P1E5"
"4569","cg04064701",0.0039,8e-04,2.5e-07,3.9e-05,"smoking","P1E5"
"4570","cg24670552",-0.0108,0.0021,2.5e-07,3.9e-05,"smoking","P1E5"
"4571","cg10139742",0.0048,9e-04,2.5e-07,3.9e-05,"smoking","P1E5"
"4572","cg19690403",0.0066,0.0013,2.5e-07,4e-05,"smoking","P1E5"
"4573","cg08825699",-0.0162,0.0031,2.5e-07,4e-05,"smoking","P1E5"
"4574","cg00748195",0.0087,0.0017,2.5e-07,4e-05,"smoking","P1E5"
"4575","cg01432620",-0.005,0.001,2.5e-07,4e-05,"smoking","P1E5"
"4576","cg03483626",-0.0113,0.0022,2.5e-07,4e-05,"smoking","P1E5"
"4577","cg05711036",-0.0128,0.0025,2.5e-07,4e-05,"smoking","P1E5"
"4578","cg04392554",0.0153,0.003,2.5e-07,4e-05,"smoking","P1E5"
"4579","cg23196549",-0.0136,0.0026,2.5e-07,4e-05,"smoking","P1E5"
"4580","cg07134316",-0.0122,0.0024,2.6e-07,4.1e-05,"smoking","P1E5"
"4581","cg25029657",0.0071,0.0014,2.6e-07,4.2e-05,"smoking","P1E5"
"4582","cg17647904",0.0088,0.0017,2.6e-07,4.2e-05,"smoking","P1E5"
"4583","cg00148223",-0.0098,0.0019,2.6e-07,4.2e-05,"smoking","P1E5"
"4584","cg13293524",-0.0032,6e-04,2.6e-07,4.2e-05,"smoking","P1E5"
"4585","cg04370247",-0.0082,0.0016,2.6e-07,4.2e-05,"smoking","P1E5"
"4586","cg10718608",0.0078,0.0015,2.6e-07,4.2e-05,"smoking","P1E5"
"4587","cg20090782",-0.0052,0.001,2.6e-07,4.2e-05,"smoking","P1E5"
"4588","cg06770878",0.0076,0.0015,2.7e-07,4.2e-05,"smoking","P1E5"
"4589","cg21149708",0.0059,0.0011,2.7e-07,4.2e-05,"smoking","P1E5"
"4590","cg01996116",-0.0095,0.0018,2.7e-07,4.2e-05,"smoking","P1E5"
"4591","cg16315334",0.0067,0.0013,2.7e-07,4.2e-05,"smoking","P1E5"
"4592","cg14663208",0.0099,0.0019,2.7e-07,4.2e-05,"smoking","P1E5"
"4593","cg21325715",-0.0071,0.0014,2.7e-07,4.2e-05,"smoking","P1E5"
"4594","cg05765011",-0.0086,0.0017,2.7e-07,4.3e-05,"smoking","P1E5"
"4595","cg22698028",0.0093,0.0018,2.7e-07,4.3e-05,"smoking","P1E5"
"4596","cg01255894",-0.0018,4e-04,2.7e-07,4.3e-05,"smoking","P1E5"
"4597","cg03850035",-0.0067,0.0013,2.7e-07,4.3e-05,"smoking","P1E5"
"4598","cg12829360",0.0023,4e-04,2.7e-07,4.3e-05,"smoking","P1E5"
"4599","cg01536956",-0.01,0.0019,2.7e-07,4.3e-05,"smoking","P1E5"
"4600","cg00187557",0.003,6e-04,2.7e-07,4.3e-05,"smoking","P1E5"
"4601","cg22850925",0.007,0.0014,2.7e-07,4.3e-05,"smoking","P1E5"
"4602","cg15554421",-0.0131,0.0025,2.7e-07,4.3e-05,"smoking","P1E5"
"4603","cg26084700",-0.0069,0.0013,2.7e-07,4.3e-05,"smoking","P1E5"
"4604","cg07890553",0.0114,0.0022,2.7e-07,4.3e-05,"smoking","P1E5"
"4605","cg15022400",-0.015,0.0029,2.7e-07,4.3e-05,"smoking","P1E5"
"4606","cg13379236",0.0086,0.0017,2.7e-07,4.3e-05,"smoking","P1E5"
"4607","cg12214647",-0.0022,4e-04,2.7e-07,4.3e-05,"smoking","P1E5"
"4608","cg18551353",-0.0031,6e-04,2.7e-07,4.3e-05,"smoking","P1E5"
"4609","cg27516100",0.0047,9e-04,2.7e-07,4.3e-05,"smoking","P1E5"
"4610","cg02390801",0.004,8e-04,2.8e-07,4.3e-05,"smoking","P1E5"
"4611","cg22490254",0.0081,0.0016,2.8e-07,4.4e-05,"smoking","P1E5"
"4612","cg06334495",-0.0072,0.0014,2.8e-07,4.4e-05,"smoking","P1E5"
"4613","cg13305415",-0.0095,0.0018,2.8e-07,4.4e-05,"smoking","P1E5"
"4614","cg07760161",-0.0055,0.0011,2.8e-07,4.4e-05,"smoking","P1E5"
"4615","cg03456213",0.0057,0.0011,2.8e-07,4.4e-05,"smoking","P1E5"
"4616","cg19939077",-0.007,0.0014,2.8e-07,4.4e-05,"smoking","P1E5"
"4617","cg00816240",-0.0043,8e-04,2.8e-07,4.4e-05,"smoking","P1E5"
"4618","cg02956248",-0.0134,0.0026,2.8e-07,4.4e-05,"smoking","P1E5"
"4619","cg00687674",0.0164,0.0032,2.8e-07,4.4e-05,"smoking","P1E5"
"4620","cg16535018",0.0047,9e-04,2.8e-07,4.4e-05,"smoking","P1E5"
"4621","cg17747551",-0.007,0.0014,2.9e-07,4.5e-05,"smoking","P1E5"
"4622","cg23829395",-0.0112,0.0022,2.9e-07,4.5e-05,"smoking","P1E5"
"4623","cg19798735",-0.0186,0.0036,2.9e-07,4.5e-05,"smoking","P1E5"
"4624","cg04475027",0.0042,8e-04,2.9e-07,4.5e-05,"smoking","P1E5"
"4625","cg15920669",0.0035,7e-04,2.9e-07,4.5e-05,"smoking","P1E5"
"4626","cg00968800",-0.0031,6e-04,2.9e-07,4.5e-05,"smoking","P1E5"
"4627","cg14907310",0.0078,0.0015,2.9e-07,4.5e-05,"smoking","P1E5"
"4628","cg03156769",0.0043,8e-04,2.9e-07,4.6e-05,"smoking","P1E5"
"4629","cg17501395",-0.0159,0.0031,2.9e-07,4.6e-05,"smoking","P1E5"
"4630","cg17069473",0.0034,7e-04,2.9e-07,4.6e-05,"smoking","P1E5"
"4631","cg02952078",-0.0063,0.0012,3e-07,4.6e-05,"smoking","P1E5"
"4632","cg23365801",-0.0106,0.0021,3e-07,4.6e-05,"smoking","P1E5"
"4633","cg06394460",-0.0201,0.0039,3e-07,4.6e-05,"smoking","P1E5"
"4634","cg24484352",0.0076,0.0015,3e-07,4.7e-05,"smoking","P1E5"
"4635","cg16474684",-0.0058,0.0011,3e-07,4.7e-05,"smoking","P1E5"
"4636","cg27303735",-0.0101,0.002,3e-07,4.7e-05,"smoking","P1E5"
"4637","cg08556107",0.0027,5e-04,3e-07,4.7e-05,"smoking","P1E5"
"4638","cg13426079",-0.0094,0.0018,3e-07,4.7e-05,"smoking","P1E5"
"4639","cg15007228",-0.0041,8e-04,3e-07,4.7e-05,"smoking","P1E5"
"4640","cg16009311",-0.0154,0.003,3e-07,4.7e-05,"smoking","P1E5"
"4641","cg04519775",-0.0061,0.0012,3.1e-07,4.7e-05,"smoking","P1E5"
"4642","cg07298547",0.0079,0.0015,3.1e-07,4.7e-05,"smoking","P1E5"
"4643","cg21158528",-0.0071,0.0014,3.1e-07,4.7e-05,"smoking","P1E5"
"4644","cg08295410",0.0032,6e-04,3.1e-07,4.7e-05,"smoking","P1E5"
"4645","cg21875330",0.0036,7e-04,3.1e-07,4.8e-05,"smoking","P1E5"
"4646","cg09021712",-0.0043,8e-04,3.1e-07,4.8e-05,"smoking","P1E5"
"4647","cg21466315",-0.0054,0.001,3.1e-07,4.8e-05,"smoking","P1E5"
"4648","cg19479086",-0.0039,8e-04,3.1e-07,4.8e-05,"smoking","P1E5"
"4649","cg16302655",-0.01,0.002,3.1e-07,4.8e-05,"smoking","P1E5"
"4650","cg22855020",0.0056,0.0011,3.1e-07,4.8e-05,"smoking","P1E5"
"4651","cg07143961",-0.0029,6e-04,3.1e-07,4.8e-05,"smoking","P1E5"
"4652","cg06473288",-0.006,0.0012,3.1e-07,4.9e-05,"smoking","P1E5"
"4653","cg12761472",-0.0089,0.0017,3.2e-07,4.9e-05,"smoking","P1E5"
"4654","cg16686174",-0.0036,7e-04,3.2e-07,4.9e-05,"smoking","P1E5"
"4655","cg17479280",0.0056,0.0011,3.2e-07,4.9e-05,"smoking","P1E5"
"4656","cg10313947",0.0043,8e-04,3.2e-07,4.9e-05,"smoking","P1E5"
"4657","cg03759239",0.0053,0.001,3.2e-07,4.9e-05,"smoking","P1E5"
"4658","cg13442016",-0.0124,0.0024,3.2e-07,4.9e-05,"smoking","P1E5"
"4659","cg12587087",0.0078,0.0015,3.2e-07,4.9e-05,"smoking","P1E5"
"4660","cg19108771",0.0104,0.002,3.2e-07,4.9e-05,"smoking","P1E5"
"4661","cg13388830",-0.0062,0.0012,3.2e-07,4.9e-05,"smoking","P1E5"
"4662","cg22595230",-0.0178,0.0035,3.2e-07,4.9e-05,"smoking","P1E5"
"4663","cg10234506",-0.0075,0.0015,3.2e-07,4.9e-05,"smoking","P1E5"
"4664","cg05007549",-0.006,0.0012,3.2e-07,4.9e-05,"smoking","P1E5"
"4665","cg05308656",-0.0175,0.0034,3.2e-07,4.9e-05,"smoking","P1E5"
"4666","cg03605542",-0.0061,0.0012,3.2e-07,4.9e-05,"smoking","P1E5"
"4667","cg24476449",-0.0063,0.0012,3.2e-07,4.9e-05,"smoking","P1E5"
"4668","cg12999267",0.012,0.0024,3.2e-07,5e-05,"smoking","P1E5"
"4669","cg06998765",-0.0086,0.0017,3.2e-07,5e-05,"smoking","P1E5"
"4670","cg01847441",-0.0062,0.0012,3.2e-07,5e-05,"smoking","P1E5"
"4671","cg08595501",-0.0148,0.0029,3.3e-07,5e-05,"smoking","P1E5"
"4672","cg05110943",-0.0078,0.0015,3.3e-07,5e-05,"smoking","P1E5"
"4673","cg09564253",-0.0072,0.0014,3.3e-07,5e-05,"smoking","P1E5"
"4674","cg19074748",0.0032,6e-04,3.3e-07,5e-05,"smoking","P1E5"
"4675","cg25652701",0.0056,0.0011,3.3e-07,5e-05,"smoking","P1E5"
"4676","cg08445550",-0.0082,0.0016,3.3e-07,5e-05,"smoking","P1E5"
"4677","cg12352038",-0.0026,5e-04,3.3e-07,5e-05,"smoking","P1E5"
"4678","cg11649376",-0.0128,0.0025,3.3e-07,5.1e-05,"smoking","P1E5"
"4679","cg18482303",0.0102,0.002,3.3e-07,5.1e-05,"smoking","P1E5"
"4680","cg02257550",-0.0079,0.0015,3.3e-07,5.1e-05,"smoking","P1E5"
"4681","cg15777335",0.0041,8e-04,3.3e-07,5.1e-05,"smoking","P1E5"
"4682","cg06874426",-0.006,0.0012,3.3e-07,5.1e-05,"smoking","P1E5"
"4683","cg06258780",0.004,8e-04,3.4e-07,5.1e-05,"smoking","P1E5"
"4684","cg08248751",-0.0041,8e-04,3.4e-07,5.1e-05,"smoking","P1E5"
"4685","cg27009703",0.0065,0.0013,3.4e-07,5.1e-05,"smoking","P1E5"
"4686","cg11234339",-0.0062,0.0012,3.4e-07,5.1e-05,"smoking","P1E5"
"4687","cg03910874",-0.0055,0.0011,3.4e-07,5.2e-05,"smoking","P1E5"
"4688","cg26452056",0.0038,7e-04,3.4e-07,5.2e-05,"smoking","P1E5"
"4689","cg16660971",0.0074,0.0015,3.4e-07,5.2e-05,"smoking","P1E5"
"4690","cg16116321",-0.0137,0.0027,3.4e-07,5.2e-05,"smoking","P1E5"
"4691","cg06505619",-0.0119,0.0023,3.4e-07,5.2e-05,"smoking","P1E5"
"4692","cg10576725",-0.0039,8e-04,3.4e-07,5.2e-05,"smoking","P1E5"
"4693","cg01411912",-0.0054,0.0011,3.4e-07,5.2e-05,"smoking","P1E5"
"4694","cg12393668",0.0065,0.0013,3.4e-07,5.2e-05,"smoking","P1E5"
"4695","cg19634252",0.0071,0.0014,3.4e-07,5.2e-05,"smoking","P1E5"
"4696","cg19880751",0.0073,0.0014,3.4e-07,5.2e-05,"smoking","P1E5"
"4697","cg04011173",-0.0119,0.0023,3.4e-07,5.2e-05,"smoking","P1E5"
"4698","cg24898914",-0.0058,0.0011,3.4e-07,5.2e-05,"smoking","P1E5"
"4699","cg16310077",-0.0094,0.0019,3.4e-07,5.2e-05,"smoking","P1E5"
"4700","cg20267101",-0.0088,0.0017,3.5e-07,5.2e-05,"smoking","P1E5"
"4701","cg19501902",-0.0093,0.0018,3.5e-07,5.2e-05,"smoking","P1E5"
"4702","cg04606020",-0.0079,0.0016,3.5e-07,5.3e-05,"smoking","P1E5"
"4703","cg14795268",-0.0069,0.0014,3.5e-07,5.3e-05,"smoking","P1E5"
"4704","cg18952026",0.0036,7e-04,3.5e-07,5.3e-05,"smoking","P1E5"
"4705","cg24709951",0.0152,0.003,3.5e-07,5.3e-05,"smoking","P1E5"
"4706","cg26691434",0.0038,8e-04,3.5e-07,5.3e-05,"smoking","P1E5"
"4707","cg14242936",0.0046,9e-04,3.5e-07,5.3e-05,"smoking","P1E5"
"4708","cg01119319",0.0084,0.0016,3.5e-07,5.3e-05,"smoking","P1E5"
"4709","cg18940830",0.0029,6e-04,3.5e-07,5.3e-05,"smoking","P1E5"
"4710","cg18882449",0.0088,0.0017,3.5e-07,5.3e-05,"smoking","P1E5"
"4711","cg22945467",0.0054,0.0011,3.5e-07,5.3e-05,"smoking","P1E5"
"4712","cg00110832",-0.0044,9e-04,3.5e-07,5.3e-05,"smoking","P1E5"
"4713","cg14747813",0.0091,0.0018,3.5e-07,5.3e-05,"smoking","P1E5"
"4714","cg05303057",0.0029,6e-04,3.6e-07,5.4e-05,"smoking","P1E5"
"4715","cg19203115",0.0085,0.0017,3.6e-07,5.4e-05,"smoking","P1E5"
"4716","cg25582283",0.0035,7e-04,3.6e-07,5.4e-05,"smoking","P1E5"
"4717","cg08623277",0.0041,8e-04,3.6e-07,5.4e-05,"smoking","P1E5"
"4718","cg23474723",-0.005,0.001,3.6e-07,5.4e-05,"smoking","P1E5"
"4719","cg25006194",0.0045,9e-04,3.6e-07,5.4e-05,"smoking","P1E5"
"4720","cg08282145",0.0048,9e-04,3.6e-07,5.4e-05,"smoking","P1E5"
"4721","cg23902994",-0.0088,0.0017,3.6e-07,5.4e-05,"smoking","P1E5"
"4722","cg10457247",-0.005,0.001,3.6e-07,5.4e-05,"smoking","P1E5"
"4723","cg00839579",-0.0038,7e-04,3.6e-07,5.4e-05,"smoking","P1E5"
"4724","cg17018786",0.0038,7e-04,3.6e-07,5.4e-05,"smoking","P1E5"
"4725","cg06632310",-0.0063,0.0012,3.6e-07,5.5e-05,"smoking","P1E5"
"4726","cg10380221",0.0091,0.0018,3.7e-07,5.5e-05,"smoking","P1E5"
"4727","cg18583329",-0.0044,9e-04,3.7e-07,5.5e-05,"smoking","P1E5"
"4728","cg21090033",0.0064,0.0013,3.7e-07,5.5e-05,"smoking","P1E5"
"4729","cg18836847",-0.005,0.001,3.7e-07,5.5e-05,"smoking","P1E5"
"4730","cg03599037",-0.0048,9e-04,3.7e-07,5.5e-05,"smoking","P1E5"
"4731","cg20377376",-0.0054,0.0011,3.7e-07,5.6e-05,"smoking","P1E5"
"4732","cg17284553",-0.005,0.001,3.7e-07,5.6e-05,"smoking","P1E5"
"4733","cg15235999",0.0128,0.0025,3.7e-07,5.6e-05,"smoking","P1E5"
"4734","cg03359362",-0.0045,9e-04,3.7e-07,5.6e-05,"smoking","P1E5"
"4735","cg10116432",-0.0124,0.0024,3.7e-07,5.6e-05,"smoking","P1E5"
"4736","cg03508212",-0.0043,8e-04,3.7e-07,5.6e-05,"smoking","P1E5"
"4737","cg16688112",-0.0057,0.0011,3.8e-07,5.6e-05,"smoking","P1E5"
"4738","cg01277438",-0.0046,9e-04,3.8e-07,5.6e-05,"smoking","P1E5"
"4739","cg15840005",-0.007,0.0014,3.8e-07,5.6e-05,"smoking","P1E5"
"4740","cg04159302",-0.0091,0.0018,3.8e-07,5.6e-05,"smoking","P1E5"
"4741","cg04982781",-0.0073,0.0014,3.8e-07,5.6e-05,"smoking","P1E5"
"4742","cg21081878",0.0123,0.0024,3.8e-07,5.7e-05,"smoking","P1E5"
"4743","cg07147033",-0.0075,0.0015,3.8e-07,5.7e-05,"smoking","P1E5"
"4744","cg10592592",-0.0148,0.0029,3.8e-07,5.7e-05,"smoking","P1E5"
"4745","cg16204618",0.006,0.0012,3.8e-07,5.7e-05,"smoking","P1E5"
"4746","cg16001613",-0.006,0.0012,3.8e-07,5.7e-05,"smoking","P1E5"
"4747","cg02025583",0.0046,9e-04,3.8e-07,5.7e-05,"smoking","P1E5"
"4748","cg26889659",-0.0278,0.0055,3.8e-07,5.7e-05,"smoking","P1E5"
"4749","cg16624521",0.0113,0.0022,3.8e-07,5.7e-05,"smoking","P1E5"
"4750","cg01431482",-0.0101,0.002,3.8e-07,5.7e-05,"smoking","P1E5"
"4751","cg01212887",0.0042,8e-04,3.8e-07,5.7e-05,"smoking","P1E5"
"4752","cg08144943",-0.0037,7e-04,3.9e-07,5.7e-05,"smoking","P1E5"
"4753","cg21330896",-0.012,0.0024,3.9e-07,5.7e-05,"smoking","P1E5"
"4754","cg17478979",0.0073,0.0014,3.9e-07,5.8e-05,"smoking","P1E5"
"4755","cg05697274",-0.0171,0.0034,3.9e-07,5.8e-05,"smoking","P1E5"
"4756","cg17292667",0.005,0.001,3.9e-07,5.8e-05,"smoking","P1E5"
"4757","cg23008718",0.0055,0.0011,3.9e-07,5.8e-05,"smoking","P1E5"
"4758","cg25151916",0.0045,9e-04,3.9e-07,5.8e-05,"smoking","P1E5"
"4759","cg13675837",-0.009,0.0018,3.9e-07,5.8e-05,"smoking","P1E5"
"4760","cg25724895",0.0048,0.001,3.9e-07,5.8e-05,"smoking","P1E5"
"4761","cg21208744",-0.003,6e-04,3.9e-07,5.8e-05,"smoking","P1E5"
"4762","cg11405200",-0.0094,0.0018,3.9e-07,5.8e-05,"smoking","P1E5"
"4763","cg00622702",0.0097,0.0019,3.9e-07,5.8e-05,"smoking","P1E5"
"4764","cg18611245",-0.0043,9e-04,3.9e-07,5.8e-05,"smoking","P1E5"
"4765","cg20600850",0.0027,5e-04,3.9e-07,5.8e-05,"smoking","P1E5"
"4766","cg26677394",-0.0068,0.0013,3.9e-07,5.8e-05,"smoking","P1E5"
"4767","cg02001410",0.0028,6e-04,3.9e-07,5.8e-05,"smoking","P1E5"
"4768","cg02863179",-0.0093,0.0018,3.9e-07,5.8e-05,"smoking","P1E5"
"4769","cg24495008",0.0024,5e-04,3.9e-07,5.8e-05,"smoking","P1E5"
"4770","cg19668034",-0.0067,0.0013,4e-07,5.9e-05,"smoking","P1E5"
"4771","cg18758585",-0.0052,0.001,4e-07,5.9e-05,"smoking","P1E5"
"4772","cg06712542",-0.0069,0.0014,4e-07,5.9e-05,"smoking","P1E5"
"4773","cg04942107",-0.0068,0.0013,4e-07,5.9e-05,"smoking","P1E5"
"4774","cg12478185",-0.0131,0.0026,4e-07,5.9e-05,"smoking","P1E5"
"4775","cg21599324",-0.0057,0.0011,4e-07,5.9e-05,"smoking","P1E5"
"4776","cg20168514",-0.0054,0.0011,4e-07,5.9e-05,"smoking","P1E5"
"4777","cg01581360",-0.0065,0.0013,4e-07,5.9e-05,"smoking","P1E5"
"4778","cg12190341",0.0044,9e-04,4.1e-07,6e-05,"smoking","P1E5"
"4779","cg09904140",0.005,0.001,4.1e-07,6e-05,"smoking","P1E5"
"4780","cg25332357",-0.0087,0.0017,4.1e-07,6e-05,"smoking","P1E5"
"4781","cg05483571",-0.0076,0.0015,4.1e-07,6e-05,"smoking","P1E5"
"4782","cg10236239",0.0042,8e-04,4.1e-07,6e-05,"smoking","P1E5"
"4783","cg12108146",-0.006,0.0012,4.1e-07,6e-05,"smoking","P1E5"
"4784","cg07249224",-0.0027,5e-04,4.1e-07,6e-05,"smoking","P1E5"
"4785","cg24989962",0.0077,0.0015,4.1e-07,6e-05,"smoking","P1E5"
"4786","cg04291430",0.0043,9e-04,4.1e-07,6e-05,"smoking","P1E5"
"4787","cg25636159",-0.0066,0.0013,4.1e-07,6e-05,"smoking","P1E5"
"4788","cg13630239",0.0095,0.0019,4.1e-07,6e-05,"smoking","P1E5"
"4789","cg10468373",-0.0052,0.001,4.1e-07,6e-05,"smoking","P1E5"
"4790","cg19219366",0.0031,6e-04,4.1e-07,6.1e-05,"smoking","P1E5"
"4791","cg21474786",-0.0055,0.0011,4.1e-07,6.1e-05,"smoking","P1E5"
"4792","cg14004161",0.0066,0.0013,4.2e-07,6.1e-05,"smoking","P1E5"
"4793","cg06924081",0.0041,8e-04,4.2e-07,6.1e-05,"smoking","P1E5"
"4794","cg04456238",0.0077,0.0015,4.2e-07,6.1e-05,"smoking","P1E5"
"4795","cg19242851",0.0058,0.0012,4.2e-07,6.1e-05,"smoking","P1E5"
"4796","cg25424279",-0.0079,0.0016,4.2e-07,6.2e-05,"smoking","P1E5"
"4797","cg06005318",-0.0095,0.0019,4.2e-07,6.2e-05,"smoking","P1E5"
"4798","cg13775088",0.0026,5e-04,4.2e-07,6.2e-05,"smoking","P1E5"
"4799","cg02343275",0.0039,8e-04,4.2e-07,6.2e-05,"smoking","P1E5"
"4800","cg27386529",-0.0076,0.0015,4.3e-07,6.2e-05,"smoking","P1E5"
"4801","cg09234616",0.0067,0.0013,4.3e-07,6.2e-05,"smoking","P1E5"
"4802","cg14214321",-0.006,0.0012,4.3e-07,6.2e-05,"smoking","P1E5"
"4803","cg14191036",-0.0051,0.001,4.3e-07,6.2e-05,"smoking","P1E5"
"4804","cg25345603",-0.0028,5e-04,4.3e-07,6.2e-05,"smoking","P1E5"
"4805","cg17584477",0.0032,6e-04,4.3e-07,6.3e-05,"smoking","P1E5"
"4806","cg22820364",0.0094,0.0019,4.3e-07,6.3e-05,"smoking","P1E5"
"4807","cg02454806",-0.0055,0.0011,4.3e-07,6.3e-05,"smoking","P1E5"
"4808","cg13526040",-0.0111,0.0022,4.3e-07,6.3e-05,"smoking","P1E5"
"4809","cg02471183",-0.006,0.0012,4.3e-07,6.3e-05,"smoking","P1E5"
"4810","cg00982799",-0.0037,7e-04,4.3e-07,6.3e-05,"smoking","P1E5"
"4811","cg22917487",0.0081,0.0016,4.3e-07,6.3e-05,"smoking","P1E5"
"4812","cg19816811",-0.0161,0.0032,4.3e-07,6.3e-05,"smoking","P1E5"
"4813","cg01436487",-0.0054,0.0011,4.3e-07,6.3e-05,"smoking","P1E5"
"4814","cg23035209",-0.0081,0.0016,4.3e-07,6.3e-05,"smoking","P1E5"
"4815","cg05157251",-0.0073,0.0015,4.4e-07,6.3e-05,"smoking","P1E5"
"4816","cg22907189",0.0041,8e-04,4.4e-07,6.3e-05,"smoking","P1E5"
"4817","cg19576697",0.0127,0.0025,4.4e-07,6.4e-05,"smoking","P1E5"
"4818","cg16658412",-0.0247,0.0049,4.4e-07,6.4e-05,"smoking","P1E5"
"4819","cg03260624",-0.0084,0.0017,4.4e-07,6.4e-05,"smoking","P1E5"
"4820","cg24222546",-0.0133,0.0026,4.4e-07,6.4e-05,"smoking","P1E5"
"4821","cg25731807",0.004,8e-04,4.4e-07,6.4e-05,"smoking","P1E5"
"4822","cg07607074",-0.0066,0.0013,4.4e-07,6.4e-05,"smoking","P1E5"
"4823","cg10552523",-0.0102,0.002,4.4e-07,6.4e-05,"smoking","P1E5"
"4824","cg12384004",-0.0136,0.0027,4.5e-07,6.5e-05,"smoking","P1E5"
"4825","cg16310095",0.0055,0.0011,4.5e-07,6.5e-05,"smoking","P1E5"
"4826","cg15068318",0.0043,9e-04,4.5e-07,6.5e-05,"smoking","P1E5"
"4827","cg24127989",-0.0026,5e-04,4.5e-07,6.5e-05,"smoking","P1E5"
"4828","cg17935233",0.0038,7e-04,4.5e-07,6.5e-05,"smoking","P1E5"
"4829","cg20801778",0.0032,6e-04,4.5e-07,6.5e-05,"smoking","P1E5"
"4830","cg06389950",-0.0051,0.001,4.6e-07,6.6e-05,"smoking","P1E5"
"4831","cg02174232",-0.0031,6e-04,4.6e-07,6.6e-05,"smoking","P1E5"
"4832","cg17472111",0.0077,0.0015,4.6e-07,6.6e-05,"smoking","P1E5"
"4833","cg07113136",0.0032,6e-04,4.6e-07,6.6e-05,"smoking","P1E5"
"4834","cg15908709",-0.0124,0.0025,4.6e-07,6.6e-05,"smoking","P1E5"
"4835","cg04039799",-0.0135,0.0027,4.6e-07,6.6e-05,"smoking","P1E5"
"4836","cg15151059",0.0042,8e-04,4.6e-07,6.6e-05,"smoking","P1E5"
"4837","cg16708465",-0.0111,0.0022,4.6e-07,6.6e-05,"smoking","P1E5"
"4838","cg02104952",-0.0053,0.0011,4.6e-07,6.7e-05,"smoking","P1E5"
"4839","cg06035600",-0.0086,0.0017,4.6e-07,6.7e-05,"smoking","P1E5"
"4840","cg24198941",-0.0054,0.0011,4.6e-07,6.7e-05,"smoking","P1E5"
"4841","cg03774957",0.004,8e-04,4.7e-07,6.7e-05,"smoking","P1E5"
"4842","cg23283335",-0.0092,0.0018,4.7e-07,6.7e-05,"smoking","P1E5"
"4843","cg04144218",-0.0054,0.0011,4.7e-07,6.7e-05,"smoking","P1E5"
"4844","cg05175803",-0.0039,8e-04,4.7e-07,6.7e-05,"smoking","P1E5"
"4845","cg14560670",-0.0073,0.0015,4.7e-07,6.7e-05,"smoking","P1E5"
"4846","cg10928294",-0.0083,0.0017,4.7e-07,6.7e-05,"smoking","P1E5"
"4847","cg14627404",-0.0067,0.0013,4.7e-07,6.7e-05,"smoking","P1E5"
"4848","cg17062279",0.0055,0.0011,4.7e-07,6.8e-05,"smoking","P1E5"
"4849","cg08044789",0.0041,8e-04,4.7e-07,6.8e-05,"smoking","P1E5"
"4850","cg07521618",0.0035,7e-04,4.7e-07,6.8e-05,"smoking","P1E5"
"4851","cg01856529",-0.0082,0.0016,4.8e-07,6.8e-05,"smoking","P1E5"
"4852","cg03872736",-0.0108,0.0022,4.8e-07,6.8e-05,"smoking","P1E5"
"4853","cg23423766",-0.0026,5e-04,4.8e-07,6.8e-05,"smoking","P1E5"
"4854","cg13937905",-0.0159,0.0032,4.8e-07,6.9e-05,"smoking","P1E5"
"4855","cg03649060",-0.0049,0.001,4.8e-07,6.9e-05,"smoking","P1E5"
"4856","cg07549715",0.0066,0.0013,4.8e-07,6.9e-05,"smoking","P1E5"
"4857","cg02054431",-0.0106,0.0021,4.8e-07,6.9e-05,"smoking","P1E5"
"4858","cg22114489",0.0128,0.0025,4.8e-07,6.9e-05,"smoking","P1E5"
"4859","cg08916374",-0.0077,0.0015,4.9e-07,6.9e-05,"smoking","P1E5"
"4860","cg05780014",0.0042,8e-04,4.9e-07,6.9e-05,"smoking","P1E5"
"4861","cg19673350",0.0031,6e-04,4.9e-07,6.9e-05,"smoking","P1E5"
"4862","cg25918821",-0.0085,0.0017,4.9e-07,6.9e-05,"smoking","P1E5"
"4863","cg07270872",0.0048,0.001,4.9e-07,7e-05,"smoking","P1E5"
"4864","cg20884605",0.0043,9e-04,4.9e-07,7e-05,"smoking","P1E5"
"4865","cg24146100",-0.0166,0.0033,4.9e-07,7e-05,"smoking","P1E5"
"4866","cg23670794",-0.0047,9e-04,4.9e-07,7e-05,"smoking","P1E5"
"4867","cg01368900",0.005,0.001,5e-07,7.1e-05,"smoking","P1E5"
"4868","cg10663765",-0.0175,0.0035,5e-07,7.1e-05,"smoking","P1E5"
"4869","cg18660898",-0.0078,0.0016,5e-07,7.1e-05,"smoking","P1E5"
"4870","cg15640375",0.0029,6e-04,5e-07,7.1e-05,"smoking","P1E5"
"4871","cg02833646",0.0015,3e-04,5e-07,7.1e-05,"smoking","P1E5"
"4872","cg02462081",-0.0034,7e-04,5e-07,7.1e-05,"smoking","P1E5"
"4873","cg23559636",-0.0051,0.001,5e-07,7.1e-05,"smoking","P1E5"
"4874","cg23956760",0.0064,0.0013,5e-07,7.1e-05,"smoking","P1E5"
"4875","cg25655096",0.0064,0.0013,5e-07,7.1e-05,"smoking","P1E5"
"4876","cg03950655",-0.0038,8e-04,5e-07,7.1e-05,"smoking","P1E5"
"4877","cg17851795",-0.0036,7e-04,5e-07,7.1e-05,"smoking","P1E5"
"4878","cg22506548",-0.0091,0.0018,5e-07,7.1e-05,"smoking","P1E5"
"4879","cg02273436",-0.0157,0.0031,5.1e-07,7.1e-05,"smoking","P1E5"
"4880","cg01889010",0.0087,0.0017,5.1e-07,7.2e-05,"smoking","P1E5"
"4881","cg22510662",0.0106,0.0021,5.1e-07,7.2e-05,"smoking","P1E5"
"4882","cg08052292",0.0098,0.0019,5.1e-07,7.2e-05,"smoking","P1E5"
"4883","cg09014329",-0.017,0.0034,5.1e-07,7.2e-05,"smoking","P1E5"
"4884","cg05191839",-0.0043,9e-04,5.1e-07,7.2e-05,"smoking","P1E5"
"4885","cg05971521",0.0073,0.0015,5.1e-07,7.2e-05,"smoking","P1E5"
"4886","cg09064070",0.0082,0.0016,5.1e-07,7.2e-05,"smoking","P1E5"
"4887","cg24842859",-0.0042,8e-04,5.1e-07,7.2e-05,"smoking","P1E5"
"4888","cg19337279",0.0044,9e-04,5.1e-07,7.2e-05,"smoking","P1E5"
"4889","cg01429256",0.0056,0.0011,5.2e-07,7.3e-05,"smoking","P1E5"
"4890","cg06925984",-0.0081,0.0016,5.2e-07,7.3e-05,"smoking","P1E5"
"4891","cg14334587",-0.005,0.001,5.2e-07,7.3e-05,"smoking","P1E5"
"4892","cg27614723",-0.0078,0.0016,5.2e-07,7.3e-05,"smoking","P1E5"
"4893","cg24375627",0.005,0.001,5.2e-07,7.3e-05,"smoking","P1E5"
"4894","cg09180848",0.0028,6e-04,5.2e-07,7.3e-05,"smoking","P1E5"
"4895","cg00619628",0.0047,9e-04,5.3e-07,7.4e-05,"smoking","P1E5"
"4896","cg24475171",-0.0042,8e-04,5.3e-07,7.5e-05,"smoking","P1E5"
"4897","cg12825470",0.0018,4e-04,5.3e-07,7.5e-05,"smoking","P1E5"
"4898","cg17922695",-0.0043,9e-04,5.4e-07,7.5e-05,"smoking","P1E5"
"4899","cg15553397",0.0073,0.0015,5.4e-07,7.5e-05,"smoking","P1E5"
"4900","cg20152430",-0.0073,0.0015,5.4e-07,7.5e-05,"smoking","P1E5"
"4901","cg19851291",0.0039,8e-04,5.4e-07,7.6e-05,"smoking","P1E5"
"4902","cg25242471",0.0146,0.0029,5.4e-07,7.6e-05,"smoking","P1E5"
"4903","cg23260502",0.0031,6e-04,5.4e-07,7.6e-05,"smoking","P1E5"
"4904","cg04156889",0.0048,0.001,5.4e-07,7.6e-05,"smoking","P1E5"
"4905","cg19980593",0.0026,5e-04,5.4e-07,7.6e-05,"smoking","P1E5"
"4906","cg23531049",0.0114,0.0023,5.4e-07,7.6e-05,"smoking","P1E5"
"4907","cg09083279",0.0091,0.0018,5.4e-07,7.6e-05,"smoking","P1E5"
"4908","cg24804279",0.0058,0.0012,5.4e-07,7.6e-05,"smoking","P1E5"
"4909","cg23570810",-0.0188,0.0038,5.5e-07,7.6e-05,"smoking","P1E5"
"4910","cg19711268",0.0093,0.0018,5.5e-07,7.6e-05,"smoking","P1E5"
"4911","cg06244240",0.0071,0.0014,5.5e-07,7.6e-05,"smoking","P1E5"
"4912","cg22209010",0.0058,0.0012,5.5e-07,7.6e-05,"smoking","P1E5"
"4913","cg24155190",-0.0043,9e-04,5.5e-07,7.6e-05,"smoking","P1E5"
"4914","cg09865015",-0.0069,0.0014,5.5e-07,7.6e-05,"smoking","P1E5"
"4915","cg16014085",-0.007,0.0014,5.5e-07,7.6e-05,"smoking","P1E5"
"4916","cg16508714",0.0045,9e-04,5.5e-07,7.7e-05,"smoking","P1E5"
"4917","cg05478824",-0.0125,0.0025,5.5e-07,7.7e-05,"smoking","P1E5"
"4918","cg13009654",-0.0081,0.0016,5.5e-07,7.7e-05,"smoking","P1E5"
"4919","cg10075819",-0.005,0.001,5.5e-07,7.7e-05,"smoking","P1E5"
"4920","cg09878888",0.006,0.0012,5.5e-07,7.7e-05,"smoking","P1E5"
"4921","cg23126152",-0.0054,0.0011,5.6e-07,7.7e-05,"smoking","P1E5"
"4922","cg03193328",0.0053,0.0011,5.6e-07,7.8e-05,"smoking","P1E5"
"4923","cg21700780",-0.0071,0.0014,5.6e-07,7.8e-05,"smoking","P1E5"
"4924","cg00675878",-0.0046,9e-04,5.6e-07,7.8e-05,"smoking","P1E5"
"4925","cg21437157",0.0056,0.0011,5.6e-07,7.8e-05,"smoking","P1E5"
"4926","cg00082939",-0.0149,0.003,5.6e-07,7.8e-05,"smoking","P1E5"
"4927","cg00417823",0.0042,8e-04,5.6e-07,7.8e-05,"smoking","P1E5"
"4928","cg26092675",-0.0119,0.0024,5.6e-07,7.8e-05,"smoking","P1E5"
"4929","cg17243289",-0.0083,0.0017,5.6e-07,7.8e-05,"smoking","P1E5"
"4930","cg05799411",0.0026,5e-04,5.6e-07,7.8e-05,"smoking","P1E5"
"4931","cg09290655",-0.0057,0.0011,5.7e-07,7.9e-05,"smoking","P1E5"
"4932","cg03438552",-0.0104,0.0021,5.7e-07,7.9e-05,"smoking","P1E5"
"4933","cg14782678",-0.015,0.003,5.7e-07,7.9e-05,"smoking","P1E5"
"4934","cg08791922",0.0065,0.0013,5.7e-07,8e-05,"smoking","P1E5"
"4935","cg26927231",-0.0047,9e-04,5.8e-07,8e-05,"smoking","P1E5"
"4936","cg18474153",-0.0085,0.0017,5.8e-07,8e-05,"smoking","P1E5"
"4937","cg18728264",-0.0068,0.0014,5.8e-07,8e-05,"smoking","P1E5"
"4938","cg00541303",-0.014,0.0028,5.8e-07,8e-05,"smoking","P1E5"
"4939","cg07212837",0.0045,9e-04,5.8e-07,8.1e-05,"smoking","P1E5"
"4940","cg01486260",0.0049,0.001,5.8e-07,8.1e-05,"smoking","P1E5"
"4941","cg26837800",0.0033,7e-04,5.8e-07,8.1e-05,"smoking","P1E5"
"4942","cg05576845",-0.0106,0.0021,5.8e-07,8.1e-05,"smoking","P1E5"
"4943","cg14678430",-0.0027,5e-04,5.9e-07,8.1e-05,"smoking","P1E5"
"4944","cg08091707",0.0049,0.001,5.9e-07,8.1e-05,"smoking","P1E5"
"4945","cg26257082",-0.0048,0.001,5.9e-07,8.1e-05,"smoking","P1E5"
"4946","cg00637802",0.003,6e-04,5.9e-07,8.2e-05,"smoking","P1E5"
"4947","cg05845217",-0.011,0.0022,6e-07,8.2e-05,"smoking","P1E5"
"4948","cg13814738",-0.0025,5e-04,6e-07,8.3e-05,"smoking","P1E5"
"4949","cg13362082",0.0027,5e-04,6e-07,8.3e-05,"smoking","P1E5"
"4950","cg13904006",-0.0104,0.0021,6e-07,8.3e-05,"smoking","P1E5"
"4951","cg24188561",0.0039,8e-04,6e-07,8.3e-05,"smoking","P1E5"
"4952","cg12304113",-0.0044,9e-04,6e-07,8.3e-05,"smoking","P1E5"
"4953","cg17343451",0.0038,8e-04,6.1e-07,8.3e-05,"smoking","P1E5"
"4954","cg03124636",-0.0029,6e-04,6.1e-07,8.4e-05,"smoking","P1E5"
"4955","cg07752613",0.0038,8e-04,6.1e-07,8.4e-05,"smoking","P1E5"
"4956","cg21046160",0.0033,7e-04,6.1e-07,8.4e-05,"smoking","P1E5"
"4957","cg02880380",0.0036,7e-04,6.1e-07,8.4e-05,"smoking","P1E5"
"4958","cg00843117",-0.004,8e-04,6.1e-07,8.4e-05,"smoking","P1E5"
"4959","cg00505001",-0.0047,9e-04,6.2e-07,8.5e-05,"smoking","P1E5"
"4960","cg04118190",-0.0103,0.0021,6.2e-07,8.5e-05,"smoking","P1E5"
"4961","cg20250250",-0.0052,0.001,6.2e-07,8.5e-05,"smoking","P1E5"
"4962","cg10007927",-0.004,8e-04,6.2e-07,8.5e-05,"smoking","P1E5"
"4963","cg10802680",0.0048,0.001,6.2e-07,8.5e-05,"smoking","P1E5"
"4964","cg24254387",-0.0037,7e-04,6.2e-07,8.5e-05,"smoking","P1E5"
"4965","cg05476568",0.0041,8e-04,6.2e-07,8.5e-05,"smoking","P1E5"
"4966","cg09046979",-0.0105,0.0021,6.2e-07,8.6e-05,"smoking","P1E5"
"4967","cg04871173",-0.0028,6e-04,6.3e-07,8.6e-05,"smoking","P1E5"
"4968","cg23173586",0.007,0.0014,6.3e-07,8.6e-05,"smoking","P1E5"
"4969","cg05233155",0.005,0.001,6.3e-07,8.6e-05,"smoking","P1E5"
"4970","cg14108380",-0.0086,0.0017,6.3e-07,8.6e-05,"smoking","P1E5"
"4971","cg06532880",-0.0088,0.0018,6.3e-07,8.6e-05,"smoking","P1E5"
"4972","cg27497831",0.0091,0.0018,6.3e-07,8.6e-05,"smoking","P1E5"
"4973","cg18590502",-0.0091,0.0018,6.3e-07,8.6e-05,"smoking","P1E5"
"4974","cg03039990",0.0065,0.0013,6.4e-07,8.7e-05,"smoking","P1E5"
"4975","cg03172931",0.008,0.0016,6.4e-07,8.7e-05,"smoking","P1E5"
"4976","cg25228737",0.0079,0.0016,6.4e-07,8.7e-05,"smoking","P1E5"
"4977","cg04259904",-0.0073,0.0015,6.4e-07,8.8e-05,"smoking","P1E5"
"4978","cg07889201",-0.0065,0.0013,6.4e-07,8.8e-05,"smoking","P1E5"
"4979","cg25875537",-0.0077,0.0015,6.4e-07,8.8e-05,"smoking","P1E5"
"4980","cg27586885",-0.0051,0.001,6.4e-07,8.8e-05,"smoking","P1E5"
"4981","cg26112639",0.0049,0.001,6.4e-07,8.8e-05,"smoking","P1E5"
"4982","cg14728380",0.0081,0.0016,6.5e-07,8.8e-05,"smoking","P1E5"
"4983","cg12856114",0.0043,9e-04,6.5e-07,8.8e-05,"smoking","P1E5"
"4984","cg26188212",-0.0127,0.0026,6.5e-07,8.9e-05,"smoking","P1E5"
"4985","cg03568305",-0.0077,0.0016,6.5e-07,8.9e-05,"smoking","P1E5"
"4986","cg14205519",-0.0076,0.0015,6.5e-07,8.9e-05,"smoking","P1E5"
"4987","cg19712979",-0.007,0.0014,6.5e-07,8.9e-05,"smoking","P1E5"
"4988","cg07285481",-0.0059,0.0012,6.6e-07,8.9e-05,"smoking","P1E5"
"4989","cg26822480",-0.0021,4e-04,6.6e-07,9e-05,"smoking","P1E5"
"4990","cg17732372",0.0066,0.0013,6.6e-07,9e-05,"smoking","P1E5"
"4991","cg05261686",-0.0081,0.0016,6.6e-07,9e-05,"smoking","P1E5"
"4992","cg01986016",-0.0111,0.0022,6.6e-07,9e-05,"smoking","P1E5"
"4993","cg06636541",-0.0163,0.0033,6.6e-07,9e-05,"smoking","P1E5"
"4994","cg13489049",0.0069,0.0014,6.7e-07,9e-05,"smoking","P1E5"
"4995","cg01618988",-0.0084,0.0017,6.7e-07,9.1e-05,"smoking","P1E5"
"4996","cg26973018",-0.0037,7e-04,6.7e-07,9.1e-05,"smoking","P1E5"
"4997","cg06857094",-0.011,0.0022,6.7e-07,9.1e-05,"smoking","P1E5"
"4998","cg11335171",-0.0062,0.0012,6.7e-07,9.1e-05,"smoking","P1E5"
"4999","cg03145963",0.002,4e-04,6.8e-07,9.2e-05,"smoking","P1E5"
"5000","cg05162032",0.0034,7e-04,6.8e-07,9.2e-05,"smoking","P1E5"
"5001","cg08442823",0.0073,0.0015,6.8e-07,9.2e-05,"smoking","P1E5"
"5002","cg20066792",0.0084,0.0017,6.8e-07,9.2e-05,"smoking","P1E5"
"5003","cg00481600",0.0032,6e-04,6.8e-07,9.2e-05,"smoking","P1E5"
"5004","cg22453826",0.0111,0.0022,6.8e-07,9.2e-05,"smoking","P1E5"
"5005","cg00505318",-0.006,0.0012,6.8e-07,9.2e-05,"smoking","P1E5"
"5006","cg04409030",-0.0084,0.0017,6.8e-07,9.2e-05,"smoking","P1E5"
"5007","cg27321942",-0.0057,0.0011,6.9e-07,9.3e-05,"smoking","P1E5"
"5008","cg03407228",-0.0079,0.0016,6.9e-07,9.3e-05,"smoking","P1E5"
"5009","cg03815552",-0.0049,0.001,6.9e-07,9.3e-05,"smoking","P1E5"
"5010","cg09335715",0.0073,0.0015,6.9e-07,9.3e-05,"smoking","P1E5"
"5011","cg14897188",-0.0076,0.0015,6.9e-07,9.3e-05,"smoking","P1E5"
"5012","cg01016119",-0.0154,0.0031,6.9e-07,9.3e-05,"smoking","P1E5"
"5013","cg09124496",-0.0095,0.0019,7e-07,9.4e-05,"smoking","P1E5"
"5014","cg00851028",0.0059,0.0012,7e-07,9.4e-05,"smoking","P1E5"
"5015","cg07474797",0.0044,9e-04,7e-07,9.4e-05,"smoking","P1E5"
"5016","cg20746552",-0.0068,0.0014,7e-07,9.4e-05,"smoking","P1E5"
"5017","cg05547853",-0.0067,0.0013,7e-07,9.4e-05,"smoking","P1E5"
"5018","cg01140244",0.0048,0.001,7e-07,9.4e-05,"smoking","P1E5"
"5019","cg05798664",-0.0079,0.0016,7e-07,9.4e-05,"smoking","P1E5"
"5020","cg24791428",0.0027,5e-04,7.1e-07,9.5e-05,"smoking","P1E5"
"5021","cg26418770",-0.0093,0.0019,7.1e-07,9.5e-05,"smoking","P1E5"
"5022","cg04659729",-0.0065,0.0013,7.1e-07,9.5e-05,"smoking","P1E5"
"5023","cg23018755",0.0059,0.0012,7.1e-07,9.5e-05,"smoking","P1E5"
"5024","cg14558573",-0.0057,0.0011,7.1e-07,9.6e-05,"smoking","P1E5"
"5025","cg26039141",-0.0033,7e-04,7.2e-07,9.6e-05,"smoking","P1E5"
"5026","cg07141605",0.01,0.002,7.2e-07,9.6e-05,"smoking","P1E5"
"5027","cg07197642",0.0035,7e-04,7.2e-07,9.6e-05,"smoking","P1E5"
"5028","cg18080528",-0.0018,4e-04,7.2e-07,9.6e-05,"smoking","P1E5"
"5029","cg13437554",-0.0054,0.0011,7.2e-07,9.6e-05,"smoking","P1E5"
"5030","cg10112270",-0.0087,0.0018,7.2e-07,9.6e-05,"smoking","P1E5"
"5031","cg27113059",0.0022,4e-04,7.2e-07,9.6e-05,"smoking","P1E5"
"5032","cg21995800",-0.0074,0.0015,7.2e-07,9.6e-05,"smoking","P1E5"
"5033","cg14753872",0.0083,0.0017,7.2e-07,9.7e-05,"smoking","P1E5"
"5034","cg25069102",-0.0031,6e-04,7.3e-07,9.7e-05,"smoking","P1E5"
"5035","cg19730887",-0.0065,0.0013,7.3e-07,9.8e-05,"smoking","P1E5"
"5036","cg22619824",-0.0119,0.0024,7.4e-07,9.8e-05,"smoking","P1E5"
"5037","cg26821540",0.0104,0.0021,7.4e-07,9.8e-05,"smoking","P1E5"
"5038","cg13745870",-0.0066,0.0013,7.4e-07,9.8e-05,"smoking","P1E5"
"5039","cg21158633",0.005,0.001,7.4e-07,9.8e-05,"smoking","P1E5"
"5040","cg01692482",-0.0077,0.0016,7.5e-07,9.9e-05,"smoking","P1E5"
"5041","cg13594630",0.0079,0.0016,7.5e-07,9.9e-05,"smoking","P1E5"
"5042","cg02947253",0.0081,0.0016,7.5e-07,1e-04,"smoking","P1E5"
"5043","cg09321238",0.0039,8e-04,7.5e-07,1e-04,"smoking","P1E5"
"5044","cg04468402",0.0037,7e-04,7.5e-07,1e-04,"smoking","P1E5"
"5045","cg04586126",-0.0066,0.0013,7.5e-07,1e-04,"smoking","P1E5"
"5046","cg11796996",-0.008,0.0016,7.5e-07,1e-04,"smoking","P1E5"
"5047","cg10189135",-0.0042,8e-04,7.5e-07,1e-04,"smoking","P1E5"
"5048","cg24867302",0.0064,0.0013,7.5e-07,1e-04,"smoking","P1E5"
"5049","cg19757631",-0.0043,9e-04,7.5e-07,1e-04,"smoking","P1E5"
"5050","cg23323203",-0.0064,0.0013,7.5e-07,1e-04,"smoking","P1E5"
"5051","cg26262442",0.0068,0.0014,7.6e-07,1e-04,"smoking","P1E5"
"5052","cg04368843",-0.0069,0.0014,7.6e-07,1e-04,"smoking","P1E5"
"5053","cg18082112",-0.0043,9e-04,7.6e-07,1e-04,"smoking","P1E5"
"5054","cg03354707",-0.0072,0.0015,7.6e-07,1e-04,"smoking","P1E5"
"5055","cg20701901",0.0032,6e-04,7.6e-07,1e-04,"smoking","P1E5"
"5056","cg03665078",-0.0056,0.0011,7.6e-07,1e-04,"smoking","P1E5"
"5057","cg20676788",-0.0142,0.0029,7.6e-07,1e-04,"smoking","P1E5"
"5058","cg24111025",-0.005,0.001,7.7e-07,1e-04,"smoking","P1E5"
"5059","cg06535156",-0.0047,9e-04,7.7e-07,1e-04,"smoking","P1E5"
"5060","cg16861241",-0.0033,7e-04,7.7e-07,1e-04,"smoking","P1E5"
"5061","cg21505923",0.0048,0.001,7.7e-07,1e-04,"smoking","P1E5"
"5062","cg13562284",0.0047,9e-04,7.7e-07,1e-04,"smoking","P1E5"
"5063","cg06002638",-0.006,0.0012,7.7e-07,1e-04,"smoking","P1E5"
"5064","cg07162320",-0.0133,0.0027,7.7e-07,1e-04,"smoking","P1E5"
"5065","cg13483196",-0.009,0.0018,7.8e-07,1e-04,"smoking","P1E5"
"5066","cg17973115",0.0053,0.0011,7.8e-07,1e-04,"smoking","P1E5"
"5067","cg02026611",-0.0039,8e-04,7.8e-07,1e-04,"smoking","P1E5"
"5068","cg24149237",-0.0105,0.0021,7.8e-07,1e-04,"smoking","P1E5"
"5069","cg25073093",-0.0065,0.0013,7.9e-07,1e-04,"smoking","P1E5"
"5070","cg25247520",-0.007,0.0014,7.9e-07,1e-04,"smoking","P1E5"
"5071","cg26629730",-0.0052,0.0011,7.9e-07,1e-04,"smoking","P1E5"
"5072","cg09052983",0.0019,4e-04,7.9e-07,1e-04,"smoking","P1E5"
"5073","cg01572694",-0.0075,0.0015,7.9e-07,1e-04,"smoking","P1E5"
"5074","cg06525651",0.0067,0.0014,7.9e-07,1e-04,"smoking","P1E5"
"5075","cg01104590",0.0103,0.0021,8e-07,1e-04,"smoking","P1E5"
"5076","cg03032677",-0.0042,9e-04,8e-07,1e-04,"smoking","P1E5"
"5077","cg16880946",-0.0112,0.0023,8e-07,1e-04,"smoking","P1E5"
"5078","cg04368724",0.0098,0.002,8e-07,1e-04,"smoking","P1E5"
"5079","cg19402236",0.0062,0.0013,8.1e-07,1e-04,"smoking","P1E5"
"5080","cg13660174",0.0082,0.0017,8.1e-07,1e-04,"smoking","P1E5"
"5081","cg04526361",0.0032,6e-04,8.1e-07,1e-04,"smoking","P1E5"
"5082","cg16255583",0.0055,0.0011,8.1e-07,1e-04,"smoking","P1E5"
"5083","cg12490835",-0.01,0.002,8.1e-07,1e-04,"smoking","P1E5"
"5084","cg03120555",0.0068,0.0014,8.1e-07,1e-04,"smoking","P1E5"
"5085","cg00986580",0.0084,0.0017,8.1e-07,1e-04,"smoking","P1E5"
"5086","cg11268190",0.0062,0.0013,8.2e-07,1e-04,"smoking","P1E5"
"5087","cg23731595",-0.0067,0.0014,8.2e-07,1e-04,"smoking","P1E5"
"5088","cg16316183",0.0053,0.0011,8.2e-07,1e-04,"smoking","P1E5"
"5089","cg03626672",-0.0164,0.0033,8.2e-07,1e-04,"smoking","P1E5"
"5090","cg08537367",0.0054,0.0011,8.2e-07,1e-04,"smoking","P1E5"
"5091","cg14037218",-0.0083,0.0017,8.2e-07,1e-04,"smoking","P1E5"
"5092","cg16274376",-0.0066,0.0013,8.2e-07,1e-04,"smoking","P1E5"
"5093","cg10389771",-0.0099,0.002,8.2e-07,1e-04,"smoking","P1E5"
"5094","cg00044665",0.004,8e-04,8.2e-07,1e-04,"smoking","P1E5"
"5095","cg09419102",-0.007,0.0014,8.2e-07,1e-04,"smoking","P1E5"
"5096","cg03852570",0.005,0.001,8.2e-07,1e-04,"smoking","P1E5"
"5097","cg03334072",0.0089,0.0018,8.2e-07,1e-04,"smoking","P1E5"
"5098","cg17536822",0.0058,0.0012,8.2e-07,1e-04,"smoking","P1E5"
"5099","cg01711322",0.0077,0.0016,8.2e-07,1e-04,"smoking","P1E5"
"5100","cg06806711",0.0109,0.0022,8.3e-07,1e-04,"smoking","P1E5"
"5101","cg23931819",-0.0039,8e-04,8.3e-07,1e-04,"smoking","P1E5"
"5102","cg06872036",-0.0055,0.0011,8.3e-07,1e-04,"smoking","P1E5"
"5103","cg07408456",0.0072,0.0015,8.3e-07,1e-04,"smoking","P1E5"
"5104","cg02584867",-0.0038,8e-04,8.4e-07,1e-04,"smoking","P1E5"
"5105","cg16052901",-0.0119,0.0024,8.5e-07,1e-04,"smoking","P1E5"
"5106","cg07618085",-0.0179,0.0036,8.5e-07,1e-04,"smoking","P1E5"
"5107","cg05705212",-0.0061,0.0012,8.5e-07,1e-04,"smoking","P1E5"
"5108","cg03471047",0.0055,0.0011,8.5e-07,1e-04,"smoking","P1E5"
"5109","cg00749672",-0.0149,0.003,8.6e-07,1e-04,"smoking","P1E5"
"5110","cg20265043",-0.0035,7e-04,8.6e-07,1e-04,"smoking","P1E5"
"5111","cg04308185",-0.0119,0.0024,8.6e-07,1e-04,"smoking","P1E5"
"5112","cg05869491",-0.0054,0.0011,8.6e-07,1e-04,"smoking","P1E5"
"5113","cg07262247",-0.0092,0.0019,8.6e-07,1e-04,"smoking","P1E5"
"5114","cg13883633",0.0052,0.0011,8.6e-07,1e-04,"smoking","P1E5"
"5115","cg12781678",0.0029,6e-04,8.7e-07,1e-04,"smoking","P1E5"
"5116","cg14359680",-0.0068,0.0014,8.7e-07,1e-04,"smoking","P1E5"
"5117","cg03393889",0.0062,0.0013,8.7e-07,1e-04,"smoking","P1E5"
"5118","cg22383924",-0.007,0.0014,8.7e-07,1e-04,"smoking","P1E5"
"5119","cg16580935",-0.0052,0.0011,8.7e-07,1e-04,"smoking","P1E5"
"5120","cg13224914",-0.006,0.0012,8.7e-07,1e-04,"smoking","P1E5"
"5121","cg10374564",-0.003,6e-04,8.8e-07,1e-04,"smoking","P1E5"
"5122","cg12207033",0.0024,5e-04,8.8e-07,1e-04,"smoking","P1E5"
"5123","cg23580038",-0.0067,0.0014,8.8e-07,1e-04,"smoking","P1E5"
"5124","cg21714061",-0.0123,0.0025,8.8e-07,1e-04,"smoking","P1E5"
"5125","cg25966016",-0.0078,0.0016,8.8e-07,1e-04,"smoking","P1E5"
"5126","cg09594075",-0.0074,0.0015,8.8e-07,1e-04,"smoking","P1E5"
"5127","cg00238349",-0.0044,9e-04,8.9e-07,1e-04,"smoking","P1E5"
"5128","cg14173815",-0.0058,0.0012,8.9e-07,1e-04,"smoking","P1E5"
"5129","cg24107852",0.0058,0.0012,9e-07,1e-04,"smoking","P1E5"
"5130","cg02555807",-0.0074,0.0015,9e-07,1e-04,"smoking","P1E5"
"5131","cg14398883",0.0114,0.0023,9e-07,1e-04,"smoking","P1E5"
"5132","cg25921609",0.0123,0.0025,9e-07,1e-04,"smoking","P1E5"
"5133","cg24592500",-0.0129,0.0026,9e-07,1e-04,"smoking","P1E5"
"5134","cg03078400",-0.0065,0.0013,9e-07,1e-04,"smoking","P1E5"
"5135","cg14325436",-0.0114,0.0023,9.1e-07,1e-04,"smoking","P1E5"
"5136","cg18642459",0.011,0.0022,9.1e-07,1e-04,"smoking","P1E5"
"5137","cg21650077",0.0021,4e-04,9.1e-07,1e-04,"smoking","P1E5"
"5138","cg16585234",-0.0111,0.0023,9.1e-07,1e-04,"smoking","P1E5"
"5139","cg06170683",0.0088,0.0018,9.1e-07,1e-04,"smoking","P1E5"
"5140","cg17769793",-0.0079,0.0016,9.1e-07,1e-04,"smoking","P1E5"
"5141","cg23418219",0.0052,0.0011,9.2e-07,1e-04,"smoking","P1E5"
"5142","cg18247179",-0.0049,0.001,9.2e-07,1e-04,"smoking","P1E5"
"5143","cg24591105",-0.017,0.0035,9.2e-07,1e-04,"smoking","P1E5"
"5144","cg03935183",-0.0042,9e-04,9.2e-07,1e-04,"smoking","P1E5"
"5145","cg08490349",-0.0026,5e-04,9.2e-07,1e-04,"smoking","P1E5"
"5146","cg04181150",0.0027,6e-04,9.2e-07,1e-04,"smoking","P1E5"
"5147","cg09502149",-0.0075,0.0015,9.3e-07,1e-04,"smoking","P1E5"
"5148","cg16457842",0.008,0.0016,9.3e-07,1e-04,"smoking","P1E5"
"5149","cg08151705",0.0043,9e-04,9.3e-07,1e-04,"smoking","P1E5"
"5150","cg00851088",0.0036,7e-04,9.3e-07,1e-04,"smoking","P1E5"
"5151","cg05429448",0.0071,0.0015,9.3e-07,1e-04,"smoking","P1E5"
"5152","cg08938062",-0.0049,0.001,9.3e-07,1e-04,"smoking","P1E5"
"5153","cg03962691",0.0047,0.001,9.3e-07,1e-04,"smoking","P1E5"
"5154","cg02480298",0.0044,9e-04,9.4e-07,1e-04,"smoking","P1E5"
"5155","cg21385909",-0.0118,0.0024,9.4e-07,1e-04,"smoking","P1E5"
"5156","cg13937758",-0.0115,0.0023,9.4e-07,1e-04,"smoking","P1E5"
"5157","cg27274542",-0.0087,0.0018,9.4e-07,1e-04,"smoking","P1E5"
"5158","cg08157292",-0.0051,0.001,9.4e-07,1e-04,"smoking","P1E5"
"5159","cg08849294",-0.006,0.0012,9.4e-07,1e-04,"smoking","P1E5"
"5160","cg07082186",-0.0019,4e-04,9.4e-07,1e-04,"smoking","P1E5"
"5161","cg18279742",-0.0077,0.0016,9.5e-07,1e-04,"smoking","P1E5"
"5162","cg26937868",0.0069,0.0014,9.5e-07,1e-04,"smoking","P1E5"
"5163","cg08202399",-0.0064,0.0013,9.5e-07,1e-04,"smoking","P1E5"
"5164","cg25785639",-0.0015,3e-04,9.5e-07,1e-04,"smoking","P1E5"
"5165","cg25325512",-0.0108,0.0022,9.5e-07,1e-04,"smoking","P1E5"
"5166","cg02695349",0.0093,0.0019,9.5e-07,1e-04,"smoking","P1E5"
"5167","cg19157853",0.0058,0.0012,9.5e-07,1e-04,"smoking","P1E5"
"5168","cg22879583",-0.0072,0.0015,9.5e-07,1e-04,"smoking","P1E5"
"5169","cg09469566",0.0074,0.0015,9.5e-07,1e-04,"smoking","P1E5"
"5170","cg23485307",0.0036,7e-04,9.5e-07,1e-04,"smoking","P1E5"
"5171","cg08550317",-0.0037,8e-04,9.6e-07,1e-04,"smoking","P1E5"
"5172","cg00989249",0.0065,0.0013,9.6e-07,1e-04,"smoking","P1E5"
"5173","cg20728490",0.0115,0.0023,9.6e-07,1e-04,"smoking","P1E5"
"5174","cg25843346",-0.0073,0.0015,9.6e-07,1e-04,"smoking","P1E5"
"5175","cg02296171",0.0091,0.0019,9.7e-07,1e-04,"smoking","P1E5"
"5176","cg12798274",-0.003,6e-04,9.7e-07,1e-04,"smoking","P1E5"
"5177","cg07116972",0.0039,8e-04,9.7e-07,1e-04,"smoking","P1E5"
"5178","cg15730491",-0.0103,0.0021,9.7e-07,1e-04,"smoking","P1E5"
"5179","cg06348826",-0.0038,8e-04,9.7e-07,1e-04,"smoking","P1E5"
"5180","cg15746620",0.0031,6e-04,9.7e-07,1e-04,"smoking","P1E5"
"5181","cg00827210",-0.0034,7e-04,9.7e-07,1e-04,"smoking","P1E5"
"5182","cg27262850",0.0057,0.0012,9.7e-07,1e-04,"smoking","P1E5"
"5183","cg09481056",0.0046,9e-04,9.8e-07,1e-04,"smoking","P1E5"
"5184","cg12112234",0.0042,8e-04,9.8e-07,1e-04,"smoking","P1E5"
"5185","cg17451760",-0.0057,0.0012,9.8e-07,1e-04,"smoking","P1E5"
"5186","cg17796323",0.0057,0.0012,9.8e-07,1e-04,"smoking","P1E5"
"5187","cg10898310",0.006,0.0012,9.8e-07,1e-04,"smoking","P1E5"
"5188","cg03450635",-0.0062,0.0013,9.8e-07,1e-04,"smoking","P1E5"
"5189","cg09529165",0.0095,0.0019,9.8e-07,1e-04,"smoking","P1E5"
"5190","cg07483304",-0.0059,0.0012,9.9e-07,1e-04,"smoking","P1E5"
"5191","cg12044210",0.0066,0.0013,9.9e-07,1e-04,"smoking","P1E5"
"5192","cg17177599",-0.0044,9e-04,9.9e-07,1e-04,"smoking","P1E5"
"5193","cg26325791",0.0074,0.0015,9.9e-07,1e-04,"smoking","P1E5"
"5194","cg19831957",-0.0065,0.0013,9.9e-07,1e-04,"smoking","P1E5"
"5195","cg07929768",0.0092,0.0019,1e-06,1e-04,"smoking","P1E5"
"5196","cg01276536",0.0047,0.001,1e-06,1e-04,"smoking","P1E5"
"5197","cg23550060",-0.0028,6e-04,1e-06,1e-04,"smoking","P1E5"
"5198","cg14674856",0.0059,0.0012,1e-06,1e-04,"smoking","P1E5"
"5199","cg14823389",0.0125,0.0026,1e-06,1e-04,"smoking","P1E5"
"5200","cg20509092",0.0025,5e-04,1e-06,1e-04,"smoking","P1E5"
"5201","cg24158160",0.0092,0.0019,1e-06,1e-04,"smoking","P1E5"
"5202","cg13494428",-0.0057,0.0012,1e-06,1e-04,"smoking","P1E5"
"5203","cg02165355",0.0046,9e-04,1e-06,1e-04,"smoking","P1E5"
"5204","cg07546943",0.0074,0.0015,1e-06,1e-04,"smoking","P1E5"
"5205","cg16871449",0.0098,0.002,1e-06,1e-04,"smoking","P1E5"
"5206","cg16517298",-0.0152,0.0031,1e-06,1e-04,"smoking","P1E5"
"5207","cg24431966",0.0047,0.001,1e-06,1e-04,"smoking","P1E5"
"5208","cg04820679",-0.0054,0.0011,1e-06,1e-04,"smoking","P1E5"
"5209","cg01604883",-0.0059,0.0012,1e-06,1e-04,"smoking","P1E5"
"5210","cg04439252",-0.0041,8e-04,1e-06,1e-04,"smoking","P1E5"
"5211","cg07475654",0.0023,5e-04,1e-06,1e-04,"smoking","P1E5"
"5212","cg19499581",-0.0043,9e-04,1e-06,1e-04,"smoking","P1E5"
"5213","cg19057830",-0.0125,0.0026,1e-06,1e-04,"smoking","P1E5"
"5214","cg04258133",0.0099,0.002,1e-06,1e-04,"smoking","P1E5"
"5215","cg22555517",0.0079,0.0016,1e-06,1e-04,"smoking","P1E5"
"5216","cg15069471",-0.0085,0.0017,1e-06,1e-04,"smoking","P1E5"
"5217","cg00777445",0.0058,0.0012,1e-06,1e-04,"smoking","P1E5"
"5218","cg15132169",-0.0122,0.0025,1e-06,1e-04,"smoking","P1E5"
"5219","cg13238479",-0.007,0.0014,1e-06,1e-04,"smoking","P1E5"
"5220","cg03433699",-0.0061,0.0013,1e-06,1e-04,"smoking","P1E5"
"5221","cg01328806",0.0033,7e-04,1e-06,1e-04,"smoking","P1E5"
"5222","cg12155684",0.0065,0.0013,1e-06,1e-04,"smoking","P1E5"
"5223","cg08087047",0.0077,0.0016,1e-06,1e-04,"smoking","P1E5"
"5224","cg22653878",-0.0075,0.0015,1e-06,1e-04,"smoking","P1E5"
"5225","cg26581729",-0.006,0.0012,1e-06,1e-04,"smoking","P1E5"
"5226","cg07342322",-0.0082,0.0017,1e-06,1e-04,"smoking","P1E5"
"5227","cg27426287",0.0038,8e-04,1e-06,1e-04,"smoking","P1E5"
"5228","cg24389054",-0.0194,0.004,1e-06,1e-04,"smoking","P1E5"
"5229","cg00782200",-0.0129,0.0026,1e-06,1e-04,"smoking","P1E5"
"5230","cg22801799",0.0013,3e-04,1e-06,1e-04,"smoking","P1E5"
"5231","cg00193668",-0.0075,0.0015,1e-06,1e-04,"smoking","P1E5"
"5232","cg10536303",-0.0015,3e-04,1e-06,1e-04,"smoking","P1E5"
"5233","cg20047055",-0.0044,9e-04,1e-06,1e-04,"smoking","P1E5"
"5234","cg05527044",-0.0072,0.0015,1e-06,1e-04,"smoking","P1E5"
"5235","cg25512107",-0.0026,5e-04,1e-06,1e-04,"smoking","P1E5"
"5236","cg09889350",-0.0078,0.0016,1e-06,1e-04,"smoking","P1E5"
"5237","cg16395997",0.0075,0.0015,1e-06,1e-04,"smoking","P1E5"
"5238","cg03637976",-0.0064,0.0013,1e-06,1e-04,"smoking","P1E5"
"5239","cg16021018",0.0082,0.0017,1e-06,1e-04,"smoking","P1E5"
"5240","cg10801607",0.0073,0.0015,1.1e-06,1e-04,"smoking","P1E5"
"5241","cg04311403",-0.0164,0.0034,1.1e-06,1e-04,"smoking","P1E5"
"5242","cg01419713",-0.0074,0.0015,1.1e-06,1e-04,"smoking","P1E5"
"5243","cg26860257",-0.005,0.001,1.1e-06,1e-04,"smoking","P1E5"
"5244","cg02878284",-0.0054,0.0011,1.1e-06,1e-04,"smoking","P1E5"
"5245","cg14796708",-0.0033,7e-04,1.1e-06,1e-04,"smoking","P1E5"
"5246","cg27135286",0.0027,6e-04,1.1e-06,1e-04,"smoking","P1E5"
"5247","cg05920870",0.0025,5e-04,1.1e-06,1e-04,"smoking","P1E5"
"5248","cg05978306",0.0052,0.0011,1.1e-06,1e-04,"smoking","P1E5"
"5249","cg27423445",-0.0123,0.0025,1.1e-06,1e-04,"smoking","P1E5"
"5250","cg08123207",-0.0121,0.0025,1.1e-06,1e-04,"smoking","P1E5"
"5251","cg26610808",0.0063,0.0013,1.1e-06,1e-04,"smoking","P1E5"
"5252","cg12931554",0.003,6e-04,1.1e-06,1e-04,"smoking","P1E5"
"5253","cg14200834",0.0051,0.001,1.1e-06,1e-04,"smoking","P1E5"
"5254","cg26389330",0.0063,0.0013,1.1e-06,1e-04,"smoking","P1E5"
"5255","cg10090414",-0.0082,0.0017,1.1e-06,1e-04,"smoking","P1E5"
"5256","cg21205288",-0.004,8e-04,1.1e-06,1e-04,"smoking","P1E5"
"5257","cg18310515",0.0071,0.0015,1.1e-06,1e-04,"smoking","P1E5"
"5258","cg26435670",-0.0065,0.0013,1.1e-06,1e-04,"smoking","P1E5"
"5259","cg09500443",0.0056,0.0012,1.1e-06,1e-04,"smoking","P1E5"
"5260","cg02968508",-0.0088,0.0018,1.1e-06,1e-04,"smoking","P1E5"
"5261","cg04174091",-0.0104,0.0021,1.1e-06,1e-04,"smoking","P1E5"
"5262","cg07223648",-0.0038,8e-04,1.1e-06,1e-04,"smoking","P1E5"
"5263","cg01206728",0.0019,4e-04,1.1e-06,1e-04,"smoking","P1E5"
"5264","cg02553070",-0.004,8e-04,1.1e-06,1e-04,"smoking","P1E5"
"5265","cg08047086",-0.0077,0.0016,1.1e-06,1e-04,"smoking","P1E5"
"5266","cg07825294",-0.0068,0.0014,1.1e-06,1e-04,"smoking","P1E5"
"5267","cg13392258",-0.0179,0.0037,1.1e-06,1e-04,"smoking","P1E5"
"5268","cg00407944",0.0042,9e-04,1.1e-06,1e-04,"smoking","P1E5"
"5269","cg07870237",0.0058,0.0012,1.1e-06,1e-04,"smoking","P1E5"
"5270","cg14669515",0.0031,6e-04,1.1e-06,1e-04,"smoking","P1E5"
"5271","cg16267979",-0.0034,7e-04,1.1e-06,1e-04,"smoking","P1E5"
"5272","cg21387281",0.0068,0.0014,1.1e-06,1e-04,"smoking","P1E5"
"5273","cg05143694",-0.0078,0.0016,1.1e-06,1e-04,"smoking","P1E5"
"5274","cg02890250",0.0057,0.0012,1.1e-06,1e-04,"smoking","P1E5"
"5275","cg12963656",0.0051,0.0011,1.1e-06,1e-04,"smoking","P1E5"
"5276","cg07113006",-0.0135,0.0028,1.1e-06,1e-04,"smoking","P1E5"
"5277","cg01910869",0.0023,5e-04,1.1e-06,1e-04,"smoking","P1E5"
"5278","cg23928468",-0.0026,5e-04,1.2e-06,1e-04,"smoking","P1E5"
"5279","cg22990871",0.0088,0.0018,1.2e-06,1e-04,"smoking","P1E5"
"5280","cg26344982",-0.0019,4e-04,1.2e-06,1e-04,"smoking","P1E5"
"5281","cg26601496",0.0041,8e-04,1.2e-06,1e-04,"smoking","P1E5"
"5282","cg06369322",-0.0095,0.002,1.2e-06,1e-04,"smoking","P1E5"
"5283","cg13522406",-0.0047,0.001,1.2e-06,1e-04,"smoking","P1E5"
"5284","cg26145504",-0.0074,0.0015,1.2e-06,1e-04,"smoking","P1E5"
"5285","cg06981309",-0.0128,0.0026,1.2e-06,1e-04,"smoking","P1E5"
"5286","cg11606444",0.0066,0.0014,1.2e-06,1e-04,"smoking","P1E5"
"5287","cg21723559",-0.0038,8e-04,1.2e-06,1e-04,"smoking","P1E5"
"5288","cg04795044",0.0038,8e-04,1.2e-06,1e-04,"smoking","P1E5"
"5289","cg03116948",0.0032,7e-04,1.2e-06,1e-04,"smoking","P1E5"
"5290","cg06588876",-0.0041,8e-04,1.2e-06,1e-04,"smoking","P1E5"
"5291","cg00689213",-0.0104,0.0021,1.2e-06,1e-04,"smoking","P1E5"
"5292","cg02688118",0.0078,0.0016,1.2e-06,1e-04,"smoking","P1E5"
"5293","cg13081720",0.0062,0.0013,1.2e-06,1e-04,"smoking","P1E5"
"5294","cg05359853",0.0027,6e-04,1.2e-06,1e-04,"smoking","P1E5"
"5295","cg12062672",-0.0057,0.0012,1.2e-06,1e-04,"smoking","P1E5"
"5296","cg00565882",0.0117,0.0024,1.2e-06,1e-04,"smoking","P1E5"
"5297","cg27460040",-0.0106,0.0022,1.2e-06,1e-04,"smoking","P1E5"
"5298","cg27475169",-0.0063,0.0013,1.2e-06,1e-04,"smoking","P1E5"
"5299","cg22356324",-0.0059,0.0012,1.2e-06,1e-04,"smoking","P1E5"
"5300","cg21073212",-0.0064,0.0013,1.2e-06,1e-04,"smoking","P1E5"
"5301","cg20642413",-0.0059,0.0012,1.2e-06,1e-04,"smoking","P1E5"
"5302","cg01832549",-0.0181,0.0037,1.2e-06,1e-04,"smoking","P1E5"
"5303","cg23320011",-0.0042,9e-04,1.2e-06,1e-04,"smoking","P1E5"
"5304","cg09636163",-0.008,0.0017,1.2e-06,1e-04,"smoking","P1E5"
"5305","cg08841257",0.0053,0.0011,1.2e-06,1e-04,"smoking","P1E5"
"5306","cg17631390",-0.006,0.0012,1.2e-06,1e-04,"smoking","P1E5"
"5307","cg03631078",0.0096,0.002,1.2e-06,1e-04,"smoking","P1E5"
"5308","cg01492538",0.0059,0.0012,1.2e-06,1e-04,"smoking","P1E5"
"5309","cg12670305",-0.009,0.0019,1.2e-06,1e-04,"smoking","P1E5"
"5310","cg08832745",0.0047,0.001,1.2e-06,1e-04,"smoking","P1E5"
"5311","cg05711037",0.0043,9e-04,1.2e-06,1e-04,"smoking","P1E5"
"5312","cg06382930",-0.0074,0.0015,1.2e-06,1e-04,"smoking","P1E5"
"5313","cg10454193",0.0055,0.0011,1.2e-06,1e-04,"smoking","P1E5"
"5314","cg10362475",-0.0154,0.0032,1.2e-06,1e-04,"smoking","P1E5"
"5315","cg18382353",0.0062,0.0013,1.2e-06,2e-04,"smoking","P1E5"
"5316","cg02106466",0.0034,7e-04,1.2e-06,2e-04,"smoking","P1E5"
"5317","cg19419291",-0.0171,0.0035,1.2e-06,2e-04,"smoking","P1E5"
"5318","cg07599786",-0.0159,0.0033,1.2e-06,2e-04,"smoking","P1E5"
"5319","cg18465082",-0.0071,0.0015,1.2e-06,2e-04,"smoking","P1E5"
"5320","cg11385013",-0.0057,0.0012,1.2e-06,2e-04,"smoking","P1E5"
"5321","cg00092400",0.0104,0.0022,1.2e-06,2e-04,"smoking","P1E5"
"5322","cg08471335",0.0108,0.0022,1.2e-06,2e-04,"smoking","P1E5"
"5323","cg00007987",-0.0035,7e-04,1.2e-06,2e-04,"smoking","P1E5"
"5324","cg02276831",-0.01,0.0021,1.2e-06,2e-04,"smoking","P1E5"
"5325","cg11719157",0.0099,0.002,1.2e-06,2e-04,"smoking","P1E5"
"5326","cg24761597",-0.0052,0.0011,1.2e-06,2e-04,"smoking","P1E5"
"5327","cg07092896",0.0066,0.0014,1.3e-06,2e-04,"smoking","P1E5"
"5328","cg02081733",0.0045,9e-04,1.3e-06,2e-04,"smoking","P1E5"
"5329","cg05022105",-0.0053,0.0011,1.3e-06,2e-04,"smoking","P1E5"
"5330","cg26295057",0.0036,7e-04,1.3e-06,2e-04,"smoking","P1E5"
"5331","cg13672342",-0.0054,0.0011,1.3e-06,2e-04,"smoking","P1E5"
"5332","cg15194251",-0.0052,0.0011,1.3e-06,2e-04,"smoking","P1E5"
"5333","cg04202338",-0.0038,8e-04,1.3e-06,2e-04,"smoking","P1E5"
"5334","cg24979407",0.0031,6e-04,1.3e-06,2e-04,"smoking","P1E5"
"5335","cg00237876",-0.0099,0.002,1.3e-06,2e-04,"smoking","P1E5"
"5336","cg04942251",-0.0116,0.0024,1.3e-06,2e-04,"smoking","P1E5"
"5337","cg14631541",-0.0042,9e-04,1.3e-06,2e-04,"smoking","P1E5"
"5338","cg15834037",-0.0061,0.0013,1.3e-06,2e-04,"smoking","P1E5"
"5339","cg20973476",0.0025,5e-04,1.3e-06,2e-04,"smoking","P1E5"
"5340","cg12006284",0.0097,0.002,1.3e-06,2e-04,"smoking","P1E5"
"5341","cg05157625",-0.0102,0.0021,1.3e-06,2e-04,"smoking","P1E5"
"5342","cg23132624",0.0049,0.001,1.3e-06,2e-04,"smoking","P1E5"
"5343","cg08928189",0.0052,0.0011,1.3e-06,2e-04,"smoking","P1E5"
"5344","cg06240690",0.0075,0.0015,1.3e-06,2e-04,"smoking","P1E5"
"5345","cg10319474",0.0044,9e-04,1.3e-06,2e-04,"smoking","P1E5"
"5346","cg06750167",0.0066,0.0014,1.3e-06,2e-04,"smoking","P1E5"
"5347","cg11907477",0.006,0.0012,1.3e-06,2e-04,"smoking","P1E5"
"5348","cg04454050",0.0057,0.0012,1.3e-06,2e-04,"smoking","P1E5"
"5349","cg16498391",0.0056,0.0012,1.3e-06,2e-04,"smoking","P1E5"
"5350","cg27547291",0.0048,0.001,1.3e-06,2e-04,"smoking","P1E5"
"5351","cg21109167",-0.0036,7e-04,1.3e-06,2e-04,"smoking","P1E5"
"5352","cg11157816",0.0036,7e-04,1.3e-06,2e-04,"smoking","P1E5"
"5353","cg10937802",-0.0065,0.0013,1.3e-06,2e-04,"smoking","P1E5"
"5354","cg14626907",0.0085,0.0018,1.3e-06,2e-04,"smoking","P1E5"
"5355","cg08386009",-0.0081,0.0017,1.3e-06,2e-04,"smoking","P1E5"
"5356","cg01676182",0.003,6e-04,1.3e-06,2e-04,"smoking","P1E5"
"5357","cg21645826",-0.0064,0.0013,1.3e-06,2e-04,"smoking","P1E5"
"5358","cg01575601",-0.0072,0.0015,1.3e-06,2e-04,"smoking","P1E5"
"5359","cg10482632",-0.004,8e-04,1.3e-06,2e-04,"smoking","P1E5"
"5360","cg08915603",0.0049,0.001,1.3e-06,2e-04,"smoking","P1E5"
"5361","cg06264984",0.0066,0.0014,1.3e-06,2e-04,"smoking","P1E5"
"5362","cg00816609",0.0045,9e-04,1.3e-06,2e-04,"smoking","P1E5"
"5363","cg18934106",-0.0069,0.0014,1.3e-06,2e-04,"smoking","P1E5"
"5364","cg00329447",-0.0073,0.0015,1.3e-06,2e-04,"smoking","P1E5"
"5365","cg10840361",0.0037,8e-04,1.3e-06,2e-04,"smoking","P1E5"
"5366","cg23474501",0.0077,0.0016,1.3e-06,2e-04,"smoking","P1E5"
"5367","cg06750076",-0.0026,5e-04,1.3e-06,2e-04,"smoking","P1E5"
"5368","cg14129473",0.0073,0.0015,1.3e-06,2e-04,"smoking","P1E5"
"5369","cg05055150",0.0071,0.0015,1.3e-06,2e-04,"smoking","P1E5"
"5370","cg16861076",0.0124,0.0026,1.3e-06,2e-04,"smoking","P1E5"
"5371","cg27184903",0.0072,0.0015,1.3e-06,2e-04,"smoking","P1E5"
"5372","cg24224501",0.0037,8e-04,1.3e-06,2e-04,"smoking","P1E5"
"5373","cg00588614",-0.0045,9e-04,1.4e-06,2e-04,"smoking","P1E5"
"5374","cg03043406",-0.0132,0.0027,1.4e-06,2e-04,"smoking","P1E5"
"5375","cg15636859",0.0101,0.0021,1.4e-06,2e-04,"smoking","P1E5"
"5376","cg01354473",0.0049,0.001,1.4e-06,2e-04,"smoking","P1E5"
"5377","cg25751484",0.005,0.001,1.4e-06,2e-04,"smoking","P1E5"
"5378","cg05877104",-0.0093,0.0019,1.4e-06,2e-04,"smoking","P1E5"
"5379","cg16259171",0.0109,0.0023,1.4e-06,2e-04,"smoking","P1E5"
"5380","cg25967031",-0.0047,0.001,1.4e-06,2e-04,"smoking","P1E5"
"5381","cg19015086",-0.0079,0.0016,1.4e-06,2e-04,"smoking","P1E5"
"5382","cg15107641",0.0045,9e-04,1.4e-06,2e-04,"smoking","P1E5"
"5383","cg01078772",-0.0058,0.0012,1.4e-06,2e-04,"smoking","P1E5"
"5384","cg05147525",0.0052,0.0011,1.4e-06,2e-04,"smoking","P1E5"
"5385","cg10044470",0.0071,0.0015,1.4e-06,2e-04,"smoking","P1E5"
"5386","cg23586595",0.0064,0.0013,1.4e-06,2e-04,"smoking","P1E5"
"5387","cg00308665",0.0095,0.002,1.4e-06,2e-04,"smoking","P1E5"
"5388","cg27366007",-0.0064,0.0013,1.4e-06,2e-04,"smoking","P1E5"
"5389","cg10946510",-0.0048,0.001,1.4e-06,2e-04,"smoking","P1E5"
"5390","cg04709736",0.0049,0.001,1.4e-06,2e-04,"smoking","P1E5"
"5391","cg07618110",-0.0045,9e-04,1.4e-06,2e-04,"smoking","P1E5"
"5392","cg23484392",-0.0117,0.0024,1.4e-06,2e-04,"smoking","P1E5"
"5393","cg21926626",0.0083,0.0017,1.4e-06,2e-04,"smoking","P1E5"
"5394","cg19838043",0.0131,0.0027,1.4e-06,2e-04,"smoking","P1E5"
"5395","cg14127336",-0.0121,0.0025,1.4e-06,2e-04,"smoking","P1E5"
"5396","cg00811122",-0.0054,0.0011,1.4e-06,2e-04,"smoking","P1E5"
"5397","cg23998240",0.0051,0.0011,1.4e-06,2e-04,"smoking","P1E5"
"5398","cg16792613",-0.0082,0.0017,1.4e-06,2e-04,"smoking","P1E5"
"5399","cg02010196",0.0045,9e-04,1.4e-06,2e-04,"smoking","P1E5"
"5400","cg13389502",0.0076,0.0016,1.4e-06,2e-04,"smoking","P1E5"
"5401","cg11201256",-0.003,6e-04,1.4e-06,2e-04,"smoking","P1E5"
"5402","cg12593812",0.0016,3e-04,1.4e-06,2e-04,"smoking","P1E5"
"5403","cg21091547",-0.0164,0.0034,1.4e-06,2e-04,"smoking","P1E5"
"5404","cg26196496",-0.0048,0.001,1.4e-06,2e-04,"smoking","P1E5"
"5405","cg08620329",-0.0148,0.0031,1.4e-06,2e-04,"smoking","P1E5"
"5406","cg11554650",-0.0044,9e-04,1.4e-06,2e-04,"smoking","P1E5"
"5407","cg02812767",-0.0097,0.002,1.4e-06,2e-04,"smoking","P1E5"
"5408","cg07199524",-0.0026,5e-04,1.4e-06,2e-04,"smoking","P1E5"
"5409","cg19227031",-0.0125,0.0026,1.4e-06,2e-04,"smoking","P1E5"
"5410","cg23596233",0.0055,0.0011,1.4e-06,2e-04,"smoking","P1E5"
"5411","cg16521040",-0.0061,0.0013,1.5e-06,2e-04,"smoking","P1E5"
"5412","cg05895711",-0.0093,0.0019,1.5e-06,2e-04,"smoking","P1E5"
"5413","cg08521987",0.003,6e-04,1.5e-06,2e-04,"smoking","P1E5"
"5414","cg01553004",-0.0069,0.0014,1.5e-06,2e-04,"smoking","P1E5"
"5415","cg02835462",0.0068,0.0014,1.5e-06,2e-04,"smoking","P1E5"
"5416","cg09841774",0.0054,0.0011,1.5e-06,2e-04,"smoking","P1E5"
"5417","cg25845985",-0.0071,0.0015,1.5e-06,2e-04,"smoking","P1E5"
"5418","cg01930356",0.0023,5e-04,1.5e-06,2e-04,"smoking","P1E5"
"5419","cg10021364",-0.0056,0.0012,1.5e-06,2e-04,"smoking","P1E5"
"5420","cg06607384",-0.009,0.0019,1.5e-06,2e-04,"smoking","P1E5"
"5421","cg06335008",0.0046,0.001,1.5e-06,2e-04,"smoking","P1E5"
"5422","cg21631918",-0.0098,0.002,1.5e-06,2e-04,"smoking","P1E5"
"5423","cg08162476",-0.0054,0.0011,1.5e-06,2e-04,"smoking","P1E5"
"5424","cg05090966",-0.005,0.001,1.5e-06,2e-04,"smoking","P1E5"
"5425","cg00021275",0.0079,0.0016,1.5e-06,2e-04,"smoking","P1E5"
"5426","cg07081759",0.0095,0.002,1.5e-06,2e-04,"smoking","P1E5"
"5427","cg13956924",0.0054,0.0011,1.5e-06,2e-04,"smoking","P1E5"
"5428","cg08056629",-0.0061,0.0013,1.5e-06,2e-04,"smoking","P1E5"
"5429","cg12614529",-0.0053,0.0011,1.5e-06,2e-04,"smoking","P1E5"
"5430","cg06320277",0.0045,9e-04,1.5e-06,2e-04,"smoking","P1E5"
"5431","cg09690072",0.0093,0.0019,1.5e-06,2e-04,"smoking","P1E5"
"5432","cg12758082",0.0068,0.0014,1.5e-06,2e-04,"smoking","P1E5"
"5433","cg16704920",0.0043,9e-04,1.5e-06,2e-04,"smoking","P1E5"
"5434","cg22078805",-0.0202,0.0042,1.5e-06,2e-04,"smoking","P1E5"
"5435","cg22904296",0.0037,8e-04,1.5e-06,2e-04,"smoking","P1E5"
"5436","cg23067082",0.0028,6e-04,1.5e-06,2e-04,"smoking","P1E5"
"5437","cg24875484",0.0042,9e-04,1.5e-06,2e-04,"smoking","P1E5"
"5438","cg19873536",-0.016,0.0033,1.5e-06,2e-04,"smoking","P1E5"
"5439","cg18541581",-0.0038,8e-04,1.5e-06,2e-04,"smoking","P1E5"
"5440","cg26128192",-0.0041,9e-04,1.5e-06,2e-04,"smoking","P1E5"
"5441","cg05141432",0.0058,0.0012,1.5e-06,2e-04,"smoking","P1E5"
"5442","cg12579300",0.0028,6e-04,1.5e-06,2e-04,"smoking","P1E5"
"5443","cg21859019",0.0041,8e-04,1.5e-06,2e-04,"smoking","P1E5"
"5444","cg13680337",-0.0059,0.0012,1.5e-06,2e-04,"smoking","P1E5"
"5445","cg12430618",0.0027,6e-04,1.5e-06,2e-04,"smoking","P1E5"
"5446","cg01924448",-0.0035,7e-04,1.5e-06,2e-04,"smoking","P1E5"
"5447","cg08309251",-0.0065,0.0014,1.5e-06,2e-04,"smoking","P1E5"
"5448","cg14240790",-0.0058,0.0012,1.5e-06,2e-04,"smoking","P1E5"
"5449","cg06473363",-0.0113,0.0023,1.5e-06,2e-04,"smoking","P1E5"
"5450","cg23960707",-0.0075,0.0016,1.5e-06,2e-04,"smoking","P1E5"
"5451","cg05958351",-0.0057,0.0012,1.5e-06,2e-04,"smoking","P1E5"
"5452","cg22626858",0.0042,9e-04,1.6e-06,2e-04,"smoking","P1E5"
"5453","cg13089335",-0.0056,0.0012,1.6e-06,2e-04,"smoking","P1E5"
"5454","cg03646605",-0.0085,0.0018,1.6e-06,2e-04,"smoking","P1E5"
"5455","cg14845962",-0.0092,0.0019,1.6e-06,2e-04,"smoking","P1E5"
"5456","cg18376860",0.0091,0.0019,1.6e-06,2e-04,"smoking","P1E5"
"5457","cg20899625",-0.0082,0.0017,1.6e-06,2e-04,"smoking","P1E5"
"5458","cg00443094",-0.0039,8e-04,1.6e-06,2e-04,"smoking","P1E5"
"5459","cg17879376",-0.005,0.001,1.6e-06,2e-04,"smoking","P1E5"
"5460","cg24465943",0.0049,0.001,1.6e-06,2e-04,"smoking","P1E5"
"5461","cg18234547",-0.0033,7e-04,1.6e-06,2e-04,"smoking","P1E5"
"5462","cg26282236",0.0124,0.0026,1.6e-06,2e-04,"smoking","P1E5"
"5463","cg27141176",0.0067,0.0014,1.6e-06,2e-04,"smoking","P1E5"
"5464","cg02048220",0.0049,0.001,1.6e-06,2e-04,"smoking","P1E5"
"5465","cg11051055",-0.0089,0.0019,1.6e-06,2e-04,"smoking","P1E5"
"5466","cg01890712",-0.0107,0.0022,1.6e-06,2e-04,"smoking","P1E5"
"5467","cg02641801",0.0056,0.0012,1.6e-06,2e-04,"smoking","P1E5"
"5468","cg18790325",0.0041,9e-04,1.6e-06,2e-04,"smoking","P1E5"
"5469","cg17910470",0.0063,0.0013,1.6e-06,2e-04,"smoking","P1E5"
"5470","cg08001559",0.0066,0.0014,1.6e-06,2e-04,"smoking","P1E5"
"5471","cg24800754",0.007,0.0015,1.6e-06,2e-04,"smoking","P1E5"
"5472","cg01110839",0.0059,0.0012,1.6e-06,2e-04,"smoking","P1E5"
"5473","cg00509772",-0.0055,0.0011,1.6e-06,2e-04,"smoking","P1E5"
"5474","cg10251229",0.0079,0.0016,1.6e-06,2e-04,"smoking","P1E5"
"5475","cg11987455",0.0029,6e-04,1.6e-06,2e-04,"smoking","P1E5"
"5476","cg20062691",-0.0088,0.0018,1.6e-06,2e-04,"smoking","P1E5"
"5477","cg08220120",-0.0132,0.0028,1.6e-06,2e-04,"smoking","P1E5"
"5478","cg12349350",-0.0032,7e-04,1.6e-06,2e-04,"smoking","P1E5"
"5479","cg15090877",0.0036,8e-04,1.6e-06,2e-04,"smoking","P1E5"
"5480","cg09712464",0.0063,0.0013,1.6e-06,2e-04,"smoking","P1E5"
"5481","cg26628751",0.0086,0.0018,1.7e-06,2e-04,"smoking","P1E5"
"5482","cg14266248",0.0045,9e-04,1.7e-06,2e-04,"smoking","P1E5"
"5483","cg17163729",-0.0052,0.0011,1.7e-06,2e-04,"smoking","P1E5"
"5484","cg03521737",-0.0068,0.0014,1.7e-06,2e-04,"smoking","P1E5"
"5485","cg22719241",0.0091,0.0019,1.7e-06,2e-04,"smoking","P1E5"
"5486","cg04096767",0.0096,0.002,1.7e-06,2e-04,"smoking","P1E5"
"5487","cg17668731",0.0047,0.001,1.7e-06,2e-04,"smoking","P1E5"
"5488","cg13989528",-0.0064,0.0013,1.7e-06,2e-04,"smoking","P1E5"
"5489","cg08942527",0.0039,8e-04,1.7e-06,2e-04,"smoking","P1E5"
"5490","cg18541609",0.0024,5e-04,1.7e-06,2e-04,"smoking","P1E5"
"5491","cg02796545",0.0062,0.0013,1.7e-06,2e-04,"smoking","P1E5"
"5492","cg22497969",0.0085,0.0018,1.7e-06,2e-04,"smoking","P1E5"
"5493","cg20700731",-0.0075,0.0016,1.7e-06,2e-04,"smoking","P1E5"
"5494","cg18302606",-0.0113,0.0024,1.7e-06,2e-04,"smoking","P1E5"
"5495","cg25103895",-0.0123,0.0026,1.7e-06,2e-04,"smoking","P1E5"
"5496","cg15014975",-0.0094,0.002,1.7e-06,2e-04,"smoking","P1E5"
"5497","cg15333769",0.0033,7e-04,1.7e-06,2e-04,"smoking","P1E5"
"5498","cg24222995",0.0064,0.0013,1.7e-06,2e-04,"smoking","P1E5"
"5499","cg04914290",-0.004,8e-04,1.7e-06,2e-04,"smoking","P1E5"
"5500","cg10592478",-0.0096,0.002,1.7e-06,2e-04,"smoking","P1E5"
"5501","cg07141504",0.0064,0.0013,1.7e-06,2e-04,"smoking","P1E5"
"5502","cg15580355",0.0037,8e-04,1.7e-06,2e-04,"smoking","P1E5"
"5503","cg01919939",-0.014,0.0029,1.7e-06,2e-04,"smoking","P1E5"
"5504","cg08871545",0.0128,0.0027,1.7e-06,2e-04,"smoking","P1E5"
"5505","cg11054403",0.005,0.001,1.7e-06,2e-04,"smoking","P1E5"
"5506","cg06368859",-0.0063,0.0013,1.7e-06,2e-04,"smoking","P1E5"
"5507","cg22255288",0.0024,5e-04,1.7e-06,2e-04,"smoking","P1E5"
"5508","cg07435331",0.0064,0.0013,1.8e-06,2e-04,"smoking","P1E5"
"5509","cg03660710",-0.0041,9e-04,1.8e-06,2e-04,"smoking","P1E5"
"5510","cg21721340",-0.008,0.0017,1.8e-06,2e-04,"smoking","P1E5"
"5511","cg09757644",-0.0067,0.0014,1.8e-06,2e-04,"smoking","P1E5"
"5512","cg14389122",-0.0061,0.0013,1.8e-06,2e-04,"smoking","P1E5"
"5513","cg15335334",0.0038,8e-04,1.8e-06,2e-04,"smoking","P1E5"
"5514","cg21550024",-0.0108,0.0023,1.8e-06,2e-04,"smoking","P1E5"
"5515","cg07338658",-0.0062,0.0013,1.8e-06,2e-04,"smoking","P1E5"
"5516","cg00589617",-0.0172,0.0036,1.8e-06,2e-04,"smoking","P1E5"
"5517","cg08906246",0.0053,0.0011,1.8e-06,2e-04,"smoking","P1E5"
"5518","cg26501049",-0.0073,0.0015,1.8e-06,2e-04,"smoking","P1E5"
"5519","cg24730915",0.008,0.0017,1.8e-06,2e-04,"smoking","P1E5"
"5520","cg10535500",-0.0074,0.0016,1.8e-06,2e-04,"smoking","P1E5"
"5521","cg00569896",0.0213,0.0045,1.8e-06,2e-04,"smoking","P1E5"
"5522","cg12113740",-0.0033,7e-04,1.8e-06,2e-04,"smoking","P1E5"
"5523","cg06186155",-0.0037,8e-04,1.8e-06,2e-04,"smoking","P1E5"
"5524","cg01994290",-0.0065,0.0014,1.8e-06,2e-04,"smoking","P1E5"
"5525","cg06432655",0.0048,0.001,1.8e-06,2e-04,"smoking","P1E5"
"5526","cg02380840",-0.0054,0.0011,1.8e-06,2e-04,"smoking","P1E5"
"5527","cg11612905",0.0042,9e-04,1.8e-06,2e-04,"smoking","P1E5"
"5528","cg21226933",-0.0072,0.0015,1.8e-06,2e-04,"smoking","P1E5"
"5529","cg16749578",0.0049,0.001,1.8e-06,2e-04,"smoking","P1E5"
"5530","cg15939920",0.0075,0.0016,1.8e-06,2e-04,"smoking","P1E5"
"5531","cg12093976",0.0061,0.0013,1.8e-06,2e-04,"smoking","P1E5"
"5532","cg10615580",0.0054,0.0011,1.8e-06,2e-04,"smoking","P1E5"
"5533","cg02970525",0.0026,6e-04,1.8e-06,2e-04,"smoking","P1E5"
"5534","cg08198176",0.0046,0.001,1.8e-06,2e-04,"smoking","P1E5"
"5535","cg13384150",0.0038,8e-04,1.8e-06,2e-04,"smoking","P1E5"
"5536","cg06670599",-0.0103,0.0022,1.8e-06,2e-04,"smoking","P1E5"
"5537","cg12184221",0.0104,0.0022,1.8e-06,2e-04,"smoking","P1E5"
"5538","cg03018380",0.0036,8e-04,1.8e-06,2e-04,"smoking","P1E5"
"5539","cg25840433",-0.0045,9e-04,1.8e-06,2e-04,"smoking","P1E5"
"5540","cg22304262",-0.0099,0.0021,1.8e-06,2e-04,"smoking","P1E5"
"5541","cg19323289",-0.0051,0.0011,1.8e-06,2e-04,"smoking","P1E5"
"5542","cg14914532",-0.0068,0.0014,1.8e-06,2e-04,"smoking","P1E5"
"5543","cg22515589",0.0037,8e-04,1.8e-06,2e-04,"smoking","P1E5"
"5544","cg20359994",0.0053,0.0011,1.9e-06,2e-04,"smoking","P1E5"
"5545","cg20426710",-0.0129,0.0027,1.9e-06,2e-04,"smoking","P1E5"
"5546","cg23647410",-0.0054,0.0011,1.9e-06,2e-04,"smoking","P1E5"
"5547","cg20282814",-0.0065,0.0014,1.9e-06,2e-04,"smoking","P1E5"
"5548","cg20202438",0.0042,9e-04,1.9e-06,2e-04,"smoking","P1E5"
"5549","cg10909080",0.0054,0.0011,1.9e-06,2e-04,"smoking","P1E5"
"5550","cg26782451",-0.0028,6e-04,1.9e-06,2e-04,"smoking","P1E5"
"5551","cg01243823",-0.0115,0.0024,1.9e-06,2e-04,"smoking","P1E5"
"5552","cg06589051",-0.0095,0.002,1.9e-06,2e-04,"smoking","P1E5"
"5553","cg16671360",-0.0051,0.0011,1.9e-06,2e-04,"smoking","P1E5"
"5554","cg24581650",-0.0057,0.0012,1.9e-06,2e-04,"smoking","P1E5"
"5555","cg22777249",0.0058,0.0012,1.9e-06,2e-04,"smoking","P1E5"
"5556","cg14346873",0.0025,5e-04,1.9e-06,2e-04,"smoking","P1E5"
"5557","cg07673230",0.0086,0.0018,1.9e-06,2e-04,"smoking","P1E5"
"5558","cg03149128",-0.0084,0.0018,1.9e-06,2e-04,"smoking","P1E5"
"5559","cg05879734",0.0028,6e-04,1.9e-06,2e-04,"smoking","P1E5"
"5560","cg27016579",-0.0097,0.002,1.9e-06,2e-04,"smoking","P1E5"
"5561","cg03391776",-0.0024,5e-04,1.9e-06,2e-04,"smoking","P1E5"
"5562","cg01281718",0.0065,0.0014,1.9e-06,2e-04,"smoking","P1E5"
"5563","cg10974463",0.009,0.0019,1.9e-06,2e-04,"smoking","P1E5"
"5564","cg24349832",-0.0082,0.0017,1.9e-06,2e-04,"smoking","P1E5"
"5565","cg13660719",-0.005,0.001,1.9e-06,2e-04,"smoking","P1E5"
"5566","cg27064949",0.0134,0.0028,1.9e-06,2e-04,"smoking","P1E5"
"5567","cg08408971",-0.0037,8e-04,1.9e-06,2e-04,"smoking","P1E5"
"5568","cg04195000",0.0062,0.0013,1.9e-06,2e-04,"smoking","P1E5"
"5569","cg06957820",-0.0049,0.001,2e-06,2e-04,"smoking","P1E5"
"5570","cg25023291",-0.0089,0.0019,2e-06,2e-04,"smoking","P1E5"
"5571","cg02695343",0.0033,7e-04,2e-06,2e-04,"smoking","P1E5"
"5572","cg13948956",-0.0091,0.0019,2e-06,2e-04,"smoking","P1E5"
"5573","cg02473781",-0.005,0.0011,2e-06,2e-04,"smoking","P1E5"
"5574","cg09735851",-0.0078,0.0016,2e-06,2e-04,"smoking","P1E5"
"5575","cg12836863",0.0113,0.0024,2e-06,2e-04,"smoking","P1E5"
"5576","cg00291478",-0.0154,0.0032,2e-06,2e-04,"smoking","P1E5"
"5577","cg08782899",-0.0045,9e-04,2e-06,2e-04,"smoking","P1E5"
"5578","cg11412468",0.0094,0.002,2e-06,2e-04,"smoking","P1E5"
"5579","cg18439358",0.0016,3e-04,2e-06,2e-04,"smoking","P1E5"
"5580","cg18190866",-0.0035,7e-04,2e-06,2e-04,"smoking","P1E5"
"5581","cg09104284",-0.005,0.001,2e-06,2e-04,"smoking","P1E5"
"5582","cg07716052",0.0052,0.0011,2e-06,2e-04,"smoking","P1E5"
"5583","cg02805890",-0.0044,9e-04,2e-06,2e-04,"smoking","P1E5"
"5584","cg26775538",0.0082,0.0017,2e-06,2e-04,"smoking","P1E5"
"5585","cg16757384",-0.0065,0.0014,2e-06,2e-04,"smoking","P1E5"
"5586","cg26201213",-0.006,0.0013,2e-06,2e-04,"smoking","P1E5"
"5587","cg08168580",0.0054,0.0011,2e-06,2e-04,"smoking","P1E5"
"5588","cg07799005",-0.0022,5e-04,2e-06,2e-04,"smoking","P1E5"
"5589","cg24487489",-0.0047,0.001,2e-06,2e-04,"smoking","P1E5"
"5590","cg26001125",-0.0039,8e-04,2e-06,2e-04,"smoking","P1E5"
"5591","cg25636556",-0.0055,0.0012,2e-06,2e-04,"smoking","P1E5"
"5592","cg04614290",-0.0111,0.0023,2e-06,2e-04,"smoking","P1E5"
"5593","cg09129334",-0.0096,0.002,2e-06,2e-04,"smoking","P1E5"
"5594","cg25767433",-0.0061,0.0013,2e-06,2e-04,"smoking","P1E5"
"5595","cg16266925",0.0038,8e-04,2e-06,2e-04,"smoking","P1E5"
"5596","cg25653947",0.0043,9e-04,2e-06,2e-04,"smoking","P1E5"
"5597","cg21800196",-0.0067,0.0014,2e-06,2e-04,"smoking","P1E5"
"5598","cg13033858",-0.0106,0.0022,2e-06,2e-04,"smoking","P1E5"
"5599","cg20456243",-0.0081,0.0017,2e-06,2e-04,"smoking","P1E5"
"5600","cg10323697",0.0041,9e-04,2e-06,2e-04,"smoking","P1E5"
"5601","cg27395200",-0.0057,0.0012,2e-06,2e-04,"smoking","P1E5"
"5602","cg01876978",-0.0043,9e-04,2e-06,2e-04,"smoking","P1E5"
"5603","cg05460571",-0.0052,0.0011,2e-06,2e-04,"smoking","P1E5"
"5604","cg09043511",-0.0065,0.0014,2e-06,2e-04,"smoking","P1E5"
"5605","cg08815110",-0.0053,0.0011,2e-06,2e-04,"smoking","P1E5"
"5606","cg22699026",0.0026,6e-04,2e-06,2e-04,"smoking","P1E5"
"5607","cg01351315",0.0044,9e-04,2e-06,2e-04,"smoking","P1E5"
"5608","cg07948875",0.0096,0.002,2e-06,2e-04,"smoking","P1E5"
"5609","cg08076437",0.0059,0.0013,2.1e-06,2e-04,"smoking","P1E5"
"5610","cg03206681",0.0042,9e-04,2.1e-06,2e-04,"smoking","P1E5"
"5611","cg01158574",0.003,6e-04,2.1e-06,2e-04,"smoking","P1E5"
"5612","cg15787039",0.0064,0.0014,2.1e-06,2e-04,"smoking","P1E5"
"5613","cg21996227",0.0016,3e-04,2.1e-06,2e-04,"smoking","P1E5"
"5614","cg15090440",-0.0112,0.0024,2.1e-06,2e-04,"smoking","P1E5"
"5615","cg25316484",-0.0055,0.0012,2.1e-06,2e-04,"smoking","P1E5"
"5616","cg27659768",0.0074,0.0016,2.1e-06,2e-04,"smoking","P1E5"
"5617","cg03603381",-0.0088,0.0018,2.1e-06,2e-04,"smoking","P1E5"
"5618","cg05702747",0.0018,4e-04,2.1e-06,2e-04,"smoking","P1E5"
"5619","cg02101876",0.0049,0.001,2.1e-06,2e-04,"smoking","P1E5"
"5620","cg04109655",0.0031,7e-04,2.1e-06,2e-04,"smoking","P1E5"
"5621","cg14507891",-0.0039,8e-04,2.1e-06,2e-04,"smoking","P1E5"
"5622","cg21828716",-0.0082,0.0017,2.1e-06,2e-04,"smoking","P1E5"
"5623","cg14821257",-0.0082,0.0017,2.1e-06,2e-04,"smoking","P1E5"
"5624","cg00491064",-0.0039,8e-04,2.1e-06,2e-04,"smoking","P1E5"
"5625","cg27631057",-0.0069,0.0015,2.1e-06,2e-04,"smoking","P1E5"
"5626","cg12771187",0.0088,0.0018,2.1e-06,2e-04,"smoking","P1E5"
"5627","cg12873919",-0.0052,0.0011,2.1e-06,2e-04,"smoking","P1E5"
"5628","cg19453742",0.0028,6e-04,2.1e-06,2e-04,"smoking","P1E5"
"5629","cg07719172",0.0059,0.0012,2.1e-06,2e-04,"smoking","P1E5"
"5630","cg18677603",0.007,0.0015,2.1e-06,2e-04,"smoking","P1E5"
"5631","cg17560136",-0.0066,0.0014,2.1e-06,2e-04,"smoking","P1E5"
"5632","cg11645556",0.0034,7e-04,2.1e-06,2e-04,"smoking","P1E5"
"5633","cg07226964",-0.0022,5e-04,2.1e-06,2e-04,"smoking","P1E5"
"5634","cg14495953",0.0072,0.0015,2.1e-06,2e-04,"smoking","P1E5"
"5635","cg19272266",-0.0058,0.0012,2.1e-06,2e-04,"smoking","P1E5"
"5636","cg12639429",-0.0055,0.0012,2.1e-06,2e-04,"smoking","P1E5"
"5637","cg26189021",-0.0062,0.0013,2.2e-06,2e-04,"smoking","P1E5"
"5638","cg21304158",-0.0038,8e-04,2.2e-06,2e-04,"smoking","P1E5"
"5639","cg04923845",0.0018,4e-04,2.2e-06,2e-04,"smoking","P1E5"
"5640","cg02110858",-0.0138,0.0029,2.2e-06,2e-04,"smoking","P1E5"
"5641","cg20490392",-0.0166,0.0035,2.2e-06,2e-04,"smoking","P1E5"
"5642","cg06294803",-0.0106,0.0022,2.2e-06,2e-04,"smoking","P1E5"
"5643","cg02841155",-0.0062,0.0013,2.2e-06,2e-04,"smoking","P1E5"
"5644","cg10339152",-0.0091,0.0019,2.2e-06,2e-04,"smoking","P1E5"
"5645","cg08951271",-0.0065,0.0014,2.2e-06,2e-04,"smoking","P1E5"
"5646","cg12116137",0.0072,0.0015,2.2e-06,2e-04,"smoking","P1E5"
"5647","cg24136700",0.009,0.0019,2.2e-06,2e-04,"smoking","P1E5"
"5648","cg08924321",-0.0078,0.0016,2.2e-06,2e-04,"smoking","P1E5"
"5649","cg02474195",0.0021,4e-04,2.2e-06,2e-04,"smoking","P1E5"
"5650","cg04793090",-0.0046,0.001,2.2e-06,2e-04,"smoking","P1E5"
"5651","cg05533329",0.0019,4e-04,2.2e-06,2e-04,"smoking","P1E5"
"5652","cg26453130",-0.0079,0.0017,2.2e-06,2e-04,"smoking","P1E5"
"5653","cg05795313",0.0041,9e-04,2.2e-06,2e-04,"smoking","P1E5"
"5654","cg22728904",0.008,0.0017,2.2e-06,2e-04,"smoking","P1E5"
"5655","cg25782229",0.0075,0.0016,2.2e-06,2e-04,"smoking","P1E5"
"5656","cg15408734",-0.004,8e-04,2.2e-06,2e-04,"smoking","P1E5"
"5657","cg23047500",0.0039,8e-04,2.2e-06,2e-04,"smoking","P1E5"
"5658","cg01519765",0.0064,0.0014,2.2e-06,2e-04,"smoking","P1E5"
"5659","cg05620288",-0.0073,0.0015,2.2e-06,2e-04,"smoking","P1E5"
"5660","cg12182124",0.0066,0.0014,2.2e-06,2e-04,"smoking","P1E5"
"5661","cg06949933",-0.006,0.0013,2.2e-06,2e-04,"smoking","P1E5"
"5662","cg04517044",-0.0095,0.002,2.2e-06,2e-04,"smoking","P1E5"
"5663","cg06724236",0.0069,0.0014,2.2e-06,2e-04,"smoking","P1E5"
"5664","cg01377358",-0.0061,0.0013,2.2e-06,2e-04,"smoking","P1E5"
"5665","cg19792544",0.0021,4e-04,2.2e-06,2e-04,"smoking","P1E5"
"5666","cg26780125",0.0043,9e-04,2.2e-06,2e-04,"smoking","P1E5"
"5667","cg17110586",0.0057,0.0012,2.2e-06,2e-04,"smoking","P1E5"
"5668","cg26566236",-0.0057,0.0012,2.2e-06,2e-04,"smoking","P1E5"
"5669","cg21963406",0.0022,5e-04,2.2e-06,2e-04,"smoking","P1E5"
"5670","cg18107425",0.0049,0.001,2.2e-06,2e-04,"smoking","P1E5"
"5671","cg06830167",-0.0085,0.0018,2.2e-06,2e-04,"smoking","P1E5"
"5672","cg12930392",0.0058,0.0012,2.2e-06,2e-04,"smoking","P1E5"
"5673","cg16793866",0.0041,9e-04,2.2e-06,2e-04,"smoking","P1E5"
"5674","cg22770911",-0.0166,0.0035,2.3e-06,2e-04,"smoking","P1E5"
"5675","cg15562346",-0.0046,0.001,2.3e-06,2e-04,"smoking","P1E5"
"5676","cg26917640",-0.0091,0.0019,2.3e-06,2e-04,"smoking","P1E5"
"5677","cg07234199",0.0059,0.0012,2.3e-06,2e-04,"smoking","P1E5"
"5678","cg12827530",0.0076,0.0016,2.3e-06,2e-04,"smoking","P1E5"
"5679","cg00259518",0.0038,8e-04,2.3e-06,2e-04,"smoking","P1E5"
"5680","cg13715010",-0.0022,5e-04,2.3e-06,2e-04,"smoking","P1E5"
"5681","cg23896972",0.005,0.0011,2.3e-06,3e-04,"smoking","P1E5"
"5682","cg04220047",-0.0113,0.0024,2.3e-06,3e-04,"smoking","P1E5"
"5683","cg07765674",-0.0039,8e-04,2.3e-06,3e-04,"smoking","P1E5"
"5684","cg16126958",-0.0053,0.0011,2.3e-06,3e-04,"smoking","P1E5"
"5685","cg24810836",-0.0029,6e-04,2.3e-06,3e-04,"smoking","P1E5"
"5686","cg21480743",0.0048,0.001,2.3e-06,3e-04,"smoking","P1E5"
"5687","cg15341833",0.0023,5e-04,2.3e-06,3e-04,"smoking","P1E5"
"5688","cg02712949",0.0038,8e-04,2.3e-06,3e-04,"smoking","P1E5"
"5689","cg01044025",0.0096,0.002,2.3e-06,3e-04,"smoking","P1E5"
"5690","cg02094337",0.0065,0.0014,2.3e-06,3e-04,"smoking","P1E5"
"5691","cg18959207",-0.0161,0.0034,2.3e-06,3e-04,"smoking","P1E5"
"5692","cg24632873",-0.0066,0.0014,2.3e-06,3e-04,"smoking","P1E5"
"5693","cg24562819",0.0026,5e-04,2.3e-06,3e-04,"smoking","P1E5"
"5694","cg16092017",0.0082,0.0017,2.4e-06,3e-04,"smoking","P1E5"
"5695","cg25309041",-0.0043,9e-04,2.4e-06,3e-04,"smoking","P1E5"
"5696","cg27427318",-0.0113,0.0024,2.4e-06,3e-04,"smoking","P1E5"
"5697","cg26885488",0.0054,0.0011,2.4e-06,3e-04,"smoking","P1E5"
"5698","cg12424598",0.0077,0.0016,2.4e-06,3e-04,"smoking","P1E5"
"5699","cg13594463",0.0043,9e-04,2.4e-06,3e-04,"smoking","P1E5"
"5700","cg22933646",-0.0035,7e-04,2.4e-06,3e-04,"smoking","P1E5"
"5701","cg03627290",-0.0039,8e-04,2.4e-06,3e-04,"smoking","P1E5"
"5702","cg13223107",-0.0028,6e-04,2.4e-06,3e-04,"smoking","P1E5"
"5703","cg01590948",-0.0041,9e-04,2.4e-06,3e-04,"smoking","P1E5"
"5704","cg19421584",0.0114,0.0024,2.4e-06,3e-04,"smoking","P1E5"
"5705","cg24761525",-0.0117,0.0025,2.4e-06,3e-04,"smoking","P1E5"
"5706","cg23925513",-0.0077,0.0016,2.4e-06,3e-04,"smoking","P1E5"
"5707","cg05858130",-0.0071,0.0015,2.4e-06,3e-04,"smoking","P1E5"
"5708","cg04492228",-0.012,0.0026,2.4e-06,3e-04,"smoking","P1E5"
"5709","cg00944304",-0.0088,0.0019,2.4e-06,3e-04,"smoking","P1E5"
"5710","cg27001603",-0.0032,7e-04,2.4e-06,3e-04,"smoking","P1E5"
"5711","cg03424127",0.0045,0.001,2.4e-06,3e-04,"smoking","P1E5"
"5712","cg05246522",-0.0089,0.0019,2.4e-06,3e-04,"smoking","P1E5"
"5713","cg09138780",-0.0068,0.0014,2.4e-06,3e-04,"smoking","P1E5"
"5714","cg14957186",0.0021,4e-04,2.4e-06,3e-04,"smoking","P1E5"
"5715","cg25033990",0.0038,8e-04,2.4e-06,3e-04,"smoking","P1E5"
"5716","cg02519892",0.0045,0.001,2.4e-06,3e-04,"smoking","P1E5"
"5717","cg00644847",-0.0064,0.0014,2.4e-06,3e-04,"smoking","P1E5"
"5718","cg22107533",-0.0118,0.0025,2.4e-06,3e-04,"smoking","P1E5"
"5719","cg05939956",-0.0044,9e-04,2.4e-06,3e-04,"smoking","P1E5"
"5720","cg14324585",-0.0022,5e-04,2.4e-06,3e-04,"smoking","P1E5"
"5721","cg00153395",0.0051,0.0011,2.4e-06,3e-04,"smoking","P1E5"
"5722","cg05070518",0.004,8e-04,2.4e-06,3e-04,"smoking","P1E5"
"5723","cg08950745",-0.0062,0.0013,2.4e-06,3e-04,"smoking","P1E5"
"5724","cg00914963",-0.0032,7e-04,2.4e-06,3e-04,"smoking","P1E5"
"5725","cg03220447",-0.0045,0.001,2.4e-06,3e-04,"smoking","P1E5"
"5726","cg08730778",0.0036,8e-04,2.5e-06,3e-04,"smoking","P1E5"
"5727","cg13578465",0.0109,0.0023,2.5e-06,3e-04,"smoking","P1E5"
"5728","cg22926842",-0.0053,0.0011,2.5e-06,3e-04,"smoking","P1E5"
"5729","cg04439241",0.0041,9e-04,2.5e-06,3e-04,"smoking","P1E5"
"5730","cg18174402",-0.0044,9e-04,2.5e-06,3e-04,"smoking","P1E5"
"5731","cg00565090",0.0045,0.001,2.5e-06,3e-04,"smoking","P1E5"
"5732","cg03717836",0.0028,6e-04,2.5e-06,3e-04,"smoking","P1E5"
"5733","cg01352090",0.0038,8e-04,2.5e-06,3e-04,"smoking","P1E5"
"5734","cg18312010",0.0035,8e-04,2.5e-06,3e-04,"smoking","P1E5"
"5735","cg03609639",-0.0042,9e-04,2.5e-06,3e-04,"smoking","P1E5"
"5736","cg05675249",0.0054,0.0011,2.5e-06,3e-04,"smoking","P1E5"
"5737","cg04573702",-0.0114,0.0024,2.5e-06,3e-04,"smoking","P1E5"
"5738","cg19165216",-0.0032,7e-04,2.5e-06,3e-04,"smoking","P1E5"
"5739","cg27663123",0.0072,0.0015,2.5e-06,3e-04,"smoking","P1E5"
"5740","cg20886049",-0.0186,0.004,2.5e-06,3e-04,"smoking","P1E5"
"5741","cg20329047",-0.0072,0.0015,2.5e-06,3e-04,"smoking","P1E5"
"5742","cg00830767",-0.0064,0.0014,2.5e-06,3e-04,"smoking","P1E5"
"5743","cg02716826",-0.0096,0.002,2.5e-06,3e-04,"smoking","P1E5"
"5744","cg11279294",-0.0054,0.0011,2.5e-06,3e-04,"smoking","P1E5"
"5745","cg24665265",0.0076,0.0016,2.5e-06,3e-04,"smoking","P1E5"
"5746","cg16619425",0.003,6e-04,2.5e-06,3e-04,"smoking","P1E5"
"5747","cg12629515",-0.0065,0.0014,2.6e-06,3e-04,"smoking","P1E5"
"5748","cg09198200",-0.0041,9e-04,2.6e-06,3e-04,"smoking","P1E5"
"5749","cg26002218",0.0051,0.0011,2.6e-06,3e-04,"smoking","P1E5"
"5750","cg06946797",-0.0126,0.0027,2.6e-06,3e-04,"smoking","P1E5"
"5751","cg00688402",0.0103,0.0022,2.6e-06,3e-04,"smoking","P1E5"
"5752","cg15989436",-0.0099,0.0021,2.6e-06,3e-04,"smoking","P1E5"
"5753","cg27040968",0.0044,9e-04,2.6e-06,3e-04,"smoking","P1E5"
"5754","cg13977486",-0.0052,0.0011,2.6e-06,3e-04,"smoking","P1E5"
"5755","cg13771161",-0.0055,0.0012,2.6e-06,3e-04,"smoking","P1E5"
"5756","cg20593826",-0.0133,0.0028,2.6e-06,3e-04,"smoking","P1E5"
"5757","cg09047573",0.0043,9e-04,2.6e-06,3e-04,"smoking","P1E5"
"5758","cg05533340",0.0046,0.001,2.6e-06,3e-04,"smoking","P1E5"
"5759","cg23674358",0.0014,3e-04,2.6e-06,3e-04,"smoking","P1E5"
"5760","cg19327213",0.0078,0.0017,2.6e-06,3e-04,"smoking","P1E5"
"5761","cg20801110",-0.0104,0.0022,2.6e-06,3e-04,"smoking","P1E5"
"5762","cg21547095",-0.0042,9e-04,2.6e-06,3e-04,"smoking","P1E5"
"5763","cg13523236",0.0062,0.0013,2.6e-06,3e-04,"smoking","P1E5"
"5764","cg24067803",0.0041,9e-04,2.7e-06,3e-04,"smoking","P1E5"
"5765","cg13155490",0.0099,0.0021,2.7e-06,3e-04,"smoking","P1E5"
"5766","cg24530246",0.0091,0.0019,2.7e-06,3e-04,"smoking","P1E5"
"5767","cg03038262",-0.0114,0.0024,2.7e-06,3e-04,"smoking","P1E5"
"5768","cg05053979",-0.0164,0.0035,2.7e-06,3e-04,"smoking","P1E5"
"5769","cg16680125",-0.0064,0.0014,2.7e-06,3e-04,"smoking","P1E5"
"5770","cg01359236",-0.0052,0.0011,2.7e-06,3e-04,"smoking","P1E5"
"5771","cg10531355",-0.0109,0.0023,2.7e-06,3e-04,"smoking","P1E5"
"5772","cg27438425",-0.0074,0.0016,2.7e-06,3e-04,"smoking","P1E5"
"5773","cg04608900",-0.003,6e-04,2.7e-06,3e-04,"smoking","P1E5"
"5774","cg05261411",0.0036,8e-04,2.7e-06,3e-04,"smoking","P1E5"
"5775","cg03033182",-0.0069,0.0015,2.7e-06,3e-04,"smoking","P1E5"
"5776","cg27471246",0.0082,0.0017,2.7e-06,3e-04,"smoking","P1E5"
"5777","cg10804656",-0.0074,0.0016,2.7e-06,3e-04,"smoking","P1E5"
"5778","cg25327888",-0.0155,0.0033,2.7e-06,3e-04,"smoking","P1E5"
"5779","cg03443331",0.0061,0.0013,2.7e-06,3e-04,"smoking","P1E5"
"5780","cg02423817",-0.0067,0.0014,2.7e-06,3e-04,"smoking","P1E5"
"5781","cg16080125",0.0063,0.0013,2.7e-06,3e-04,"smoking","P1E5"
"5782","cg16426715",-0.004,9e-04,2.7e-06,3e-04,"smoking","P1E5"
"5783","cg14512326",0.0074,0.0016,2.7e-06,3e-04,"smoking","P1E5"
"5784","cg08119231",-0.0053,0.0011,2.7e-06,3e-04,"smoking","P1E5"
"5785","cg09205438",0.0053,0.0011,2.7e-06,3e-04,"smoking","P1E5"
"5786","cg01500140",0.0093,0.002,2.7e-06,3e-04,"smoking","P1E5"
"5787","cg02551095",-0.0047,0.001,2.7e-06,3e-04,"smoking","P1E5"
"5788","cg22222461",-0.0109,0.0023,2.7e-06,3e-04,"smoking","P1E5"
"5789","cg16389209",-0.0081,0.0017,2.7e-06,3e-04,"smoking","P1E5"
"5790","cg13277254",-0.0067,0.0014,2.7e-06,3e-04,"smoking","P1E5"
"5791","cg20682981",0.0061,0.0013,2.7e-06,3e-04,"smoking","P1E5"
"5792","cg11284582",-0.0058,0.0012,2.8e-06,3e-04,"smoking","P1E5"
"5793","cg02431260",-0.0121,0.0026,2.8e-06,3e-04,"smoking","P1E5"
"5794","cg07058998",-0.0063,0.0013,2.8e-06,3e-04,"smoking","P1E5"
"5795","cg02035751",-0.0075,0.0016,2.8e-06,3e-04,"smoking","P1E5"
"5796","cg08609845",0.0031,7e-04,2.8e-06,3e-04,"smoking","P1E5"
"5797","cg19273694",0.0108,0.0023,2.8e-06,3e-04,"smoking","P1E5"
"5798","cg22451412",0.0051,0.0011,2.8e-06,3e-04,"smoking","P1E5"
"5799","cg25686812",-0.0034,7e-04,2.8e-06,3e-04,"smoking","P1E5"
"5800","cg02734358",-0.0105,0.0022,2.8e-06,3e-04,"smoking","P1E5"
"5801","cg06629453",0.0038,8e-04,2.8e-06,3e-04,"smoking","P1E5"
"5802","cg18608055",-0.0082,0.0017,2.8e-06,3e-04,"smoking","P1E5"
"5803","cg14596967",0.0055,0.0012,2.8e-06,3e-04,"smoking","P1E5"
"5804","cg00877329",-0.0051,0.0011,2.8e-06,3e-04,"smoking","P1E5"
"5805","cg16062877",-0.0067,0.0014,2.8e-06,3e-04,"smoking","P1E5"
"5806","cg19190163",-0.006,0.0013,2.8e-06,3e-04,"smoking","P1E5"
"5807","cg19589060",0.005,0.0011,2.8e-06,3e-04,"smoking","P1E5"
"5808","cg01874697",0.0042,9e-04,2.8e-06,3e-04,"smoking","P1E5"
"5809","cg14410964",0.005,0.0011,2.8e-06,3e-04,"smoking","P1E5"
"5810","cg10687107",-0.009,0.0019,2.8e-06,3e-04,"smoking","P1E5"
"5811","cg25371036",-0.0095,0.002,2.8e-06,3e-04,"smoking","P1E5"
"5812","cg10377153",0.0038,8e-04,2.8e-06,3e-04,"smoking","P1E5"
"5813","cg07422042",-0.0063,0.0013,2.8e-06,3e-04,"smoking","P1E5"
"5814","cg20852846",0.0044,9e-04,2.8e-06,3e-04,"smoking","P1E5"
"5815","cg04872675",-0.0066,0.0014,2.9e-06,3e-04,"smoking","P1E5"
"5816","cg22354782",0.0041,9e-04,2.9e-06,3e-04,"smoking","P1E5"
"5817","cg11479156",0.0088,0.0019,2.9e-06,3e-04,"smoking","P1E5"
"5818","cg05106502",-0.0076,0.0016,2.9e-06,3e-04,"smoking","P1E5"
"5819","cg10091996",-0.0094,0.002,2.9e-06,3e-04,"smoking","P1E5"
"5820","cg20742389",-0.0093,0.002,2.9e-06,3e-04,"smoking","P1E5"
"5821","cg06723337",0.0022,5e-04,2.9e-06,3e-04,"smoking","P1E5"
"5822","cg23902550",-0.0075,0.0016,2.9e-06,3e-04,"smoking","P1E5"
"5823","cg11324650",-0.0145,0.0031,2.9e-06,3e-04,"smoking","P1E5"
"5824","cg14293223",0.0034,7e-04,2.9e-06,3e-04,"smoking","P1E5"
"5825","cg27252164",0.0049,0.001,2.9e-06,3e-04,"smoking","P1E5"
"5826","cg26332488",0.0077,0.0016,2.9e-06,3e-04,"smoking","P1E5"
"5827","cg14099457",-0.0104,0.0022,2.9e-06,3e-04,"smoking","P1E5"
"5828","cg25350011",-0.0194,0.0041,2.9e-06,3e-04,"smoking","P1E5"
"5829","cg20912770",0.0028,6e-04,2.9e-06,3e-04,"smoking","P1E5"
"5830","cg02722808",-0.0035,8e-04,2.9e-06,3e-04,"smoking","P1E5"
"5831","cg05146756",-0.0046,0.001,2.9e-06,3e-04,"smoking","P1E5"
"5832","cg13998945",-0.0054,0.0012,2.9e-06,3e-04,"smoking","P1E5"
"5833","cg06987468",0.0041,9e-04,2.9e-06,3e-04,"smoking","P1E5"
"5834","cg16113650",-0.0053,0.0011,2.9e-06,3e-04,"smoking","P1E5"
"5835","cg06357748",0.0127,0.0027,2.9e-06,3e-04,"smoking","P1E5"
"5836","cg23024158",-0.0063,0.0013,2.9e-06,3e-04,"smoking","P1E5"
"5837","cg11903133",-0.0062,0.0013,3e-06,3e-04,"smoking","P1E5"
"5838","cg22322679",-0.0046,0.001,3e-06,3e-04,"smoking","P1E5"
"5839","cg09496748",-0.0107,0.0023,3e-06,3e-04,"smoking","P1E5"
"5840","cg05786287",0.0017,4e-04,3e-06,3e-04,"smoking","P1E5"
"5841","cg23626733",-0.0101,0.0022,3e-06,3e-04,"smoking","P1E5"
"5842","cg25254170",-0.0036,8e-04,3e-06,3e-04,"smoking","P1E5"
"5843","cg02249390",-0.0057,0.0012,3e-06,3e-04,"smoking","P1E5"
"5844","cg02480489",-0.0021,4e-04,3e-06,3e-04,"smoking","P1E5"
"5845","cg08940570",-0.0021,4e-04,3e-06,3e-04,"smoking","P1E5"
"5846","cg20518446",-0.0073,0.0016,3e-06,3e-04,"smoking","P1E5"
"5847","cg04140212",0.0032,7e-04,3e-06,3e-04,"smoking","P1E5"
"5848","cg13496492",0.0037,8e-04,3e-06,3e-04,"smoking","P1E5"
"5849","cg15108699",0.0045,0.001,3e-06,3e-04,"smoking","P1E5"
"5850","cg12072028",-0.0181,0.0039,3e-06,3e-04,"smoking","P1E5"
"5851","cg01873977",-0.015,0.0032,3e-06,3e-04,"smoking","P1E5"
"5852","cg19864758",0.0037,8e-04,3e-06,3e-04,"smoking","P1E5"
"5853","cg03871267",-0.0063,0.0014,3e-06,3e-04,"smoking","P1E5"
"5854","cg26149658",-0.0035,8e-04,3e-06,3e-04,"smoking","P1E5"
"5855","cg03296761",-0.0056,0.0012,3e-06,3e-04,"smoking","P1E5"
"5856","cg05462761",0.0045,0.001,3.1e-06,3e-04,"smoking","P1E5"
"5857","cg08844900",-0.0066,0.0014,3.1e-06,3e-04,"smoking","P1E5"
"5858","cg07102705",0.0041,9e-04,3.1e-06,3e-04,"smoking","P1E5"
"5859","cg09055507",-0.0047,0.001,3.1e-06,3e-04,"smoking","P1E5"
"5860","cg16740744",-0.0045,0.001,3.1e-06,3e-04,"smoking","P1E5"
"5861","cg01135546",-0.0103,0.0022,3.1e-06,3e-04,"smoking","P1E5"
"5862","cg18329753",-0.0058,0.0012,3.1e-06,3e-04,"smoking","P1E5"
"5863","cg18763911",0.0045,0.001,3.1e-06,3e-04,"smoking","P1E5"
"5864","cg05388840",0.0045,0.001,3.1e-06,3e-04,"smoking","P1E5"
"5865","cg18232497",-0.0062,0.0013,3.1e-06,3e-04,"smoking","P1E5"
"5866","cg09782912",0.0056,0.0012,3.1e-06,3e-04,"smoking","P1E5"
"5867","cg09796170",-0.0148,0.0032,3.1e-06,3e-04,"smoking","P1E5"
"5868","cg08550394",0.0056,0.0012,3.1e-06,3e-04,"smoking","P1E5"
"5869","cg19600372",0.0025,5e-04,3.1e-06,3e-04,"smoking","P1E5"
"5870","cg27411220",-0.0027,6e-04,3.1e-06,3e-04,"smoking","P1E5"
"5871","cg07189401",0.0042,9e-04,3.1e-06,3e-04,"smoking","P1E5"
"5872","cg02740950",-0.0034,7e-04,3.1e-06,3e-04,"smoking","P1E5"
"5873","cg20140034",-0.0052,0.0011,3.1e-06,3e-04,"smoking","P1E5"
"5874","cg17247190",0.0028,6e-04,3.1e-06,3e-04,"smoking","P1E5"
"5875","cg12549345",-0.0041,9e-04,3.1e-06,3e-04,"smoking","P1E5"
"5876","cg05459517",-0.0052,0.0011,3.1e-06,3e-04,"smoking","P1E5"
"5877","cg03033176",-0.0033,7e-04,3.1e-06,3e-04,"smoking","P1E5"
"5878","cg07197831",-0.0132,0.0028,3.1e-06,3e-04,"smoking","P1E5"
"5879","cg23359665",-0.0131,0.0028,3.1e-06,3e-04,"smoking","P1E5"
"5880","cg17953385",-0.0044,9e-04,3.1e-06,3e-04,"smoking","P1E5"
"5881","cg12123728",0.0028,6e-04,3.1e-06,3e-04,"smoking","P1E5"
"5882","cg22593342",-0.0058,0.0012,3.1e-06,3e-04,"smoking","P1E5"
"5883","cg15323840",-0.0041,9e-04,3.2e-06,3e-04,"smoking","P1E5"
"5884","cg14094409",0.0063,0.0013,3.2e-06,3e-04,"smoking","P1E5"
"5885","cg16509061",-0.0054,0.0012,3.2e-06,3e-04,"smoking","P1E5"
"5886","cg13790259",0.008,0.0017,3.2e-06,3e-04,"smoking","P1E5"
"5887","cg10040131",-0.0089,0.0019,3.2e-06,3e-04,"smoking","P1E5"
"5888","cg17933224",-0.0114,0.0025,3.2e-06,3e-04,"smoking","P1E5"
"5889","cg11209249",0.0054,0.0012,3.2e-06,3e-04,"smoking","P1E5"
"5890","cg24569831",0.0145,0.0031,3.2e-06,3e-04,"smoking","P1E5"
"5891","cg27122888",-0.0047,0.001,3.2e-06,3e-04,"smoking","P1E5"
"5892","cg27608981",0.0022,5e-04,3.2e-06,3e-04,"smoking","P1E5"
"5893","cg18007957",0.0076,0.0016,3.2e-06,3e-04,"smoking","P1E5"
"5894","cg16551670",-0.0059,0.0013,3.2e-06,3e-04,"smoking","P1E5"
"5895","cg05873267",0.0038,8e-04,3.2e-06,3e-04,"smoking","P1E5"
"5896","cg00344801",0.0092,0.002,3.2e-06,3e-04,"smoking","P1E5"
"5897","cg00925802",-0.004,9e-04,3.2e-06,3e-04,"smoking","P1E5"
"5898","cg09397246",0.0045,0.001,3.2e-06,3e-04,"smoking","P1E5"
"5899","cg27333269",0.0061,0.0013,3.2e-06,3e-04,"smoking","P1E5"
"5900","cg11331769",-0.0063,0.0013,3.2e-06,3e-04,"smoking","P1E5"
"5901","cg17052170",-0.0148,0.0032,3.2e-06,3e-04,"smoking","P1E5"
"5902","cg27248887",-0.0109,0.0023,3.2e-06,3e-04,"smoking","P1E5"
"5903","cg04287574",-0.0256,0.0055,3.2e-06,3e-04,"smoking","P1E5"
"5904","cg06193328",-0.0061,0.0013,3.3e-06,3e-04,"smoking","P1E5"
"5905","cg00532802",0.0084,0.0018,3.3e-06,3e-04,"smoking","P1E5"
"5906","cg25711003",0.0132,0.0028,3.3e-06,3e-04,"smoking","P1E5"
"5907","cg04637264",0.0066,0.0014,3.3e-06,3e-04,"smoking","P1E5"
"5908","cg03609960",0.0061,0.0013,3.3e-06,3e-04,"smoking","P1E5"
"5909","cg05251190",-0.0065,0.0014,3.3e-06,3e-04,"smoking","P1E5"
"5910","cg21364077",0.0033,7e-04,3.3e-06,3e-04,"smoking","P1E5"
"5911","cg09383187",0.0038,8e-04,3.3e-06,3e-04,"smoking","P1E5"
"5912","cg14292823",-0.006,0.0013,3.3e-06,3e-04,"smoking","P1E5"
"5913","cg00794673",0.0079,0.0017,3.3e-06,3e-04,"smoking","P1E5"
"5914","cg23924887",-0.0023,5e-04,3.3e-06,3e-04,"smoking","P1E5"
"5915","cg02585702",0.0023,5e-04,3.3e-06,3e-04,"smoking","P1E5"
"5916","cg08321366",0.0048,0.001,3.3e-06,3e-04,"smoking","P1E5"
"5917","cg17400113",0.0085,0.0018,3.3e-06,3e-04,"smoking","P1E5"
"5918","cg01759110",-0.0094,0.002,3.3e-06,3e-04,"smoking","P1E5"
"5919","cg12854483",0.0068,0.0015,3.3e-06,3e-04,"smoking","P1E5"
"5920","cg09183450",-0.0133,0.0029,3.3e-06,3e-04,"smoking","P1E5"
"5921","cg01839860",0.0035,7e-04,3.3e-06,3e-04,"smoking","P1E5"
"5922","cg13560901",-0.0055,0.0012,3.3e-06,3e-04,"smoking","P1E5"
"5923","cg25132241",0.0051,0.0011,3.3e-06,3e-04,"smoking","P1E5"
"5924","cg24155427",0.0037,8e-04,3.3e-06,3e-04,"smoking","P1E5"
"5925","cg06898830",-0.0056,0.0012,3.3e-06,3e-04,"smoking","P1E5"
"5926","cg15113803",-0.0046,0.001,3.3e-06,3e-04,"smoking","P1E5"
"5927","cg01022780",0.0036,8e-04,3.3e-06,3e-04,"smoking","P1E5"
"5928","cg04872610",-0.0051,0.0011,3.3e-06,3e-04,"smoking","P1E5"
"5929","cg00295182",-0.004,9e-04,3.3e-06,3e-04,"smoking","P1E5"
"5930","cg02836478",-0.0069,0.0015,3.3e-06,3e-04,"smoking","P1E5"
"5931","cg06330431",-0.0053,0.0011,3.4e-06,3e-04,"smoking","P1E5"
"5932","cg25567674",-0.0052,0.0011,3.4e-06,3e-04,"smoking","P1E5"
"5933","cg16547579",-0.014,0.003,3.4e-06,3e-04,"smoking","P1E5"
"5934","cg01816936",0.0041,9e-04,3.4e-06,3e-04,"smoking","P1E5"
"5935","cg02770672",-0.0065,0.0014,3.4e-06,3e-04,"smoking","P1E5"
"5936","cg02481950",0.0063,0.0014,3.4e-06,3e-04,"smoking","P1E5"
"5937","cg21480264",0.0058,0.0012,3.4e-06,3e-04,"smoking","P1E5"
"5938","cg14887142",-0.0089,0.0019,3.4e-06,3e-04,"smoking","P1E5"
"5939","cg21593835",0.0077,0.0017,3.4e-06,3e-04,"smoking","P1E5"
"5940","cg18011672",0.0062,0.0013,3.4e-06,3e-04,"smoking","P1E5"
"5941","cg05191175",0.0034,7e-04,3.4e-06,3e-04,"smoking","P1E5"
"5942","cg09409484",-0.0056,0.0012,3.4e-06,3e-04,"smoking","P1E5"
"5943","cg12276019",-0.0139,0.003,3.4e-06,3e-04,"smoking","P1E5"
"5944","cg27408540",0.0027,6e-04,3.4e-06,3e-04,"smoking","P1E5"
"5945","cg19601636",0.004,9e-04,3.4e-06,3e-04,"smoking","P1E5"
"5946","cg06662132",-0.0031,7e-04,3.4e-06,3e-04,"smoking","P1E5"
"5947","cg13325417",-0.0079,0.0017,3.4e-06,3e-04,"smoking","P1E5"
"5948","cg20387258",0.0028,6e-04,3.4e-06,3e-04,"smoking","P1E5"
"5949","cg22897141",-0.0143,0.0031,3.4e-06,3e-04,"smoking","P1E5"
"5950","cg06992846",0.0068,0.0015,3.4e-06,3e-04,"smoking","P1E5"
"5951","cg10257049",0.005,0.0011,3.4e-06,3e-04,"smoking","P1E5"
"5952","cg16537676",-0.005,0.0011,3.4e-06,3e-04,"smoking","P1E5"
"5953","cg02452639",-0.006,0.0013,3.4e-06,3e-04,"smoking","P1E5"
"5954","cg20385229",-0.0072,0.0015,3.4e-06,3e-04,"smoking","P1E5"
"5955","cg19239052",0.0043,9e-04,3.4e-06,3e-04,"smoking","P1E5"
"5956","cg07434082",0.0048,0.001,3.4e-06,3e-04,"smoking","P1E5"
"5957","cg10630880",-0.0051,0.0011,3.4e-06,3e-04,"smoking","P1E5"
"5958","cg22279588",0.0059,0.0013,3.4e-06,3e-04,"smoking","P1E5"
"5959","cg10546626",0.004,9e-04,3.4e-06,3e-04,"smoking","P1E5"
"5960","cg01592687",-0.009,0.0019,3.4e-06,3e-04,"smoking","P1E5"
"5961","cg19782271",-0.008,0.0017,3.5e-06,4e-04,"smoking","P1E5"
"5962","cg13324546",0.0031,7e-04,3.5e-06,4e-04,"smoking","P1E5"
"5963","cg07996594",-0.0052,0.0011,3.5e-06,4e-04,"smoking","P1E5"
"5964","cg07324245",-0.0082,0.0018,3.5e-06,4e-04,"smoking","P1E5"
"5965","cg22429121",0.0057,0.0012,3.5e-06,4e-04,"smoking","P1E5"
"5966","cg02902318",0.0036,8e-04,3.5e-06,4e-04,"smoking","P1E5"
"5967","cg19510472",-0.0075,0.0016,3.5e-06,4e-04,"smoking","P1E5"
"5968","cg08998192",-0.01,0.0022,3.5e-06,4e-04,"smoking","P1E5"
"5969","cg00663972",0.0038,8e-04,3.5e-06,4e-04,"smoking","P1E5"
"5970","cg01378158",-0.0071,0.0015,3.5e-06,4e-04,"smoking","P1E5"
"5971","cg22966895",-0.0075,0.0016,3.5e-06,4e-04,"smoking","P1E5"
"5972","cg19399165",-0.012,0.0026,3.5e-06,4e-04,"smoking","P1E5"
"5973","cg10861599",-0.0034,7e-04,3.5e-06,4e-04,"smoking","P1E5"
"5974","cg13971892",0.0022,5e-04,3.5e-06,4e-04,"smoking","P1E5"
"5975","cg27158867",-0.0042,9e-04,3.5e-06,4e-04,"smoking","P1E5"
"5976","cg01577604",-0.0041,9e-04,3.5e-06,4e-04,"smoking","P1E5"
"5977","cg00721530",-0.0038,8e-04,3.5e-06,4e-04,"smoking","P1E5"
"5978","cg08136809",0.0072,0.0016,3.5e-06,4e-04,"smoking","P1E5"
"5979","cg11584690",0.0039,8e-04,3.6e-06,4e-04,"smoking","P1E5"
"5980","cg01739167",0.0071,0.0015,3.6e-06,4e-04,"smoking","P1E5"
"5981","cg25189564",0.0052,0.0011,3.6e-06,4e-04,"smoking","P1E5"
"5982","cg09900893",-0.0077,0.0017,3.6e-06,4e-04,"smoking","P1E5"
"5983","cg11674933",0.0032,7e-04,3.6e-06,4e-04,"smoking","P1E5"
"5984","cg08069247",-0.0082,0.0018,3.6e-06,4e-04,"smoking","P1E5"
"5985","cg10308785",-0.0107,0.0023,3.6e-06,4e-04,"smoking","P1E5"
"5986","cg24162270",0.0061,0.0013,3.6e-06,4e-04,"smoking","P1E5"
"5987","cg14212748",-0.0059,0.0013,3.6e-06,4e-04,"smoking","P1E5"
"5988","cg19986012",-0.0018,4e-04,3.6e-06,4e-04,"smoking","P1E5"
"5989","cg00515905",0.0032,7e-04,3.6e-06,4e-04,"smoking","P1E5"
"5990","cg23723793",-0.0039,8e-04,3.6e-06,4e-04,"smoking","P1E5"
"5991","cg06329491",0.0052,0.0011,3.6e-06,4e-04,"smoking","P1E5"
"5992","cg13957175",-0.0048,0.001,3.6e-06,4e-04,"smoking","P1E5"
"5993","cg27051129",-0.0067,0.0015,3.6e-06,4e-04,"smoking","P1E5"
"5994","cg26780705",-0.0061,0.0013,3.6e-06,4e-04,"smoking","P1E5"
"5995","cg10525488",0.0022,5e-04,3.6e-06,4e-04,"smoking","P1E5"
"5996","cg27368243",0.0034,7e-04,3.6e-06,4e-04,"smoking","P1E5"
"5997","cg18609044",-0.0077,0.0017,3.6e-06,4e-04,"smoking","P1E5"
"5998","cg23104592",0.0076,0.0016,3.6e-06,4e-04,"smoking","P1E5"
"5999","cg04460372",-0.0053,0.0012,3.6e-06,4e-04,"smoking","P1E5"
"6000","cg16375541",-0.0104,0.0022,3.6e-06,4e-04,"smoking","P1E5"
"6001","cg07069844",0.0046,0.001,3.7e-06,4e-04,"smoking","P1E5"
"6002","cg14569771",0.0089,0.0019,3.7e-06,4e-04,"smoking","P1E5"
"6003","cg14477471",-0.0054,0.0012,3.7e-06,4e-04,"smoking","P1E5"
"6004","cg10665891",0.0085,0.0018,3.7e-06,4e-04,"smoking","P1E5"
"6005","cg20098015",-0.0124,0.0027,3.7e-06,4e-04,"smoking","P1E5"
"6006","cg10243307",-0.0036,8e-04,3.7e-06,4e-04,"smoking","P1E5"
"6007","cg13981325",-0.0073,0.0016,3.7e-06,4e-04,"smoking","P1E5"
"6008","cg11946666",0.0039,8e-04,3.7e-06,4e-04,"smoking","P1E5"
"6009","cg00008629",-0.0268,0.0058,3.7e-06,4e-04,"smoking","P1E5"
"6010","cg11588197",-0.009,0.0019,3.7e-06,4e-04,"smoking","P1E5"
"6011","cg17536532",0.0039,8e-04,3.7e-06,4e-04,"smoking","P1E5"
"6012","cg07562821",0.0022,5e-04,3.7e-06,4e-04,"smoking","P1E5"
"6013","cg09459982",-0.0071,0.0015,3.7e-06,4e-04,"smoking","P1E5"
"6014","cg09119776",-0.0086,0.0019,3.7e-06,4e-04,"smoking","P1E5"
"6015","cg16578883",-0.0086,0.0019,3.7e-06,4e-04,"smoking","P1E5"
"6016","cg06769377",0.0038,8e-04,3.7e-06,4e-04,"smoking","P1E5"
"6017","cg07903677",-0.0072,0.0016,3.7e-06,4e-04,"smoking","P1E5"
"6018","cg21197336",-0.0115,0.0025,3.7e-06,4e-04,"smoking","P1E5"
"6019","cg10592926",0.0024,5e-04,3.7e-06,4e-04,"smoking","P1E5"
"6020","cg19317715",0.0053,0.0011,3.7e-06,4e-04,"smoking","P1E5"
"6021","cg16220743",0.0024,5e-04,3.7e-06,4e-04,"smoking","P1E5"
"6022","cg12853742",-0.0066,0.0014,3.7e-06,4e-04,"smoking","P1E5"
"6023","cg27380499",0.0038,8e-04,3.7e-06,4e-04,"smoking","P1E5"
"6024","cg11196237",0.0032,7e-04,3.7e-06,4e-04,"smoking","P1E5"
"6025","cg20628791",-0.0066,0.0014,3.8e-06,4e-04,"smoking","P1E5"
"6026","cg23634554",0.0065,0.0014,3.8e-06,4e-04,"smoking","P1E5"
"6027","cg15373782",0.0038,8e-04,3.8e-06,4e-04,"smoking","P1E5"
"6028","cg00706994",-0.0098,0.0021,3.8e-06,4e-04,"smoking","P1E5"
"6029","cg24723883",-0.0036,8e-04,3.8e-06,4e-04,"smoking","P1E5"
"6030","cg26691200",-0.0037,8e-04,3.8e-06,4e-04,"smoking","P1E5"
"6031","cg25353896",0.0044,0.001,3.8e-06,4e-04,"smoking","P1E5"
"6032","cg12007399",0.0043,9e-04,3.8e-06,4e-04,"smoking","P1E5"
"6033","cg22531371",-0.0023,5e-04,3.8e-06,4e-04,"smoking","P1E5"
"6034","cg08748308",-0.0135,0.0029,3.8e-06,4e-04,"smoking","P1E5"
"6035","cg27153759",0.0034,7e-04,3.8e-06,4e-04,"smoking","P1E5"
"6036","cg21120249",-0.0078,0.0017,3.8e-06,4e-04,"smoking","P1E5"
"6037","cg24812167",-0.0047,0.001,3.8e-06,4e-04,"smoking","P1E5"
"6038","cg24088496",-0.0121,0.0026,3.8e-06,4e-04,"smoking","P1E5"
"6039","cg08005849",0.0081,0.0018,3.8e-06,4e-04,"smoking","P1E5"
"6040","cg03053374",0.0032,7e-04,3.8e-06,4e-04,"smoking","P1E5"
"6041","cg18954900",-0.0158,0.0034,3.8e-06,4e-04,"smoking","P1E5"
"6042","cg01966117",-0.008,0.0017,3.8e-06,4e-04,"smoking","P1E5"
"6043","cg10014563",0.0038,8e-04,3.8e-06,4e-04,"smoking","P1E5"
"6044","cg08345614",-0.003,7e-04,3.8e-06,4e-04,"smoking","P1E5"
"6045","cg05374956",0.0051,0.0011,3.8e-06,4e-04,"smoking","P1E5"
"6046","cg07497911",0.0028,6e-04,3.8e-06,4e-04,"smoking","P1E5"
"6047","cg13218284",-0.0094,0.002,3.8e-06,4e-04,"smoking","P1E5"
"6048","cg15253304",-0.0053,0.0012,3.9e-06,4e-04,"smoking","P1E5"
"6049","cg13683534",0.0055,0.0012,3.9e-06,4e-04,"smoking","P1E5"
"6050","cg18061395",-0.0061,0.0013,3.9e-06,4e-04,"smoking","P1E5"
"6051","cg03969725",-0.0066,0.0014,3.9e-06,4e-04,"smoking","P1E5"
"6052","cg18241337",-0.0107,0.0023,3.9e-06,4e-04,"smoking","P1E5"
"6053","cg02710860",-0.0053,0.0012,3.9e-06,4e-04,"smoking","P1E5"
"6054","cg00976097",0.015,0.0033,3.9e-06,4e-04,"smoking","P1E5"
"6055","cg04342223",-0.0023,5e-04,4e-06,4e-04,"smoking","P1E5"
"6056","cg09716613",0.0084,0.0018,4e-06,4e-04,"smoking","P1E5"
"6057","cg01396587",0.0035,8e-04,4e-06,4e-04,"smoking","P1E5"
"6058","cg11772801",0.0069,0.0015,4e-06,4e-04,"smoking","P1E5"
"6059","cg23097139",-0.0075,0.0016,4e-06,4e-04,"smoking","P1E5"
"6060","cg12570134",-0.0066,0.0014,4e-06,4e-04,"smoking","P1E5"
"6061","cg24933758",0.0032,7e-04,4e-06,4e-04,"smoking","P1E5"
"6062","cg27637521",-0.0047,0.001,4e-06,4e-04,"smoking","P1E5"
"6063","cg09750643",-0.0064,0.0014,4e-06,4e-04,"smoking","P1E5"
"6064","cg13197521",0.0046,0.001,4e-06,4e-04,"smoking","P1E5"
"6065","cg05517711",-0.0074,0.0016,4e-06,4e-04,"smoking","P1E5"
"6066","cg14886849",0.0102,0.0022,4e-06,4e-04,"smoking","P1E5"
"6067","cg03432176",0.0051,0.0011,4e-06,4e-04,"smoking","P1E5"
"6068","cg13635299",-0.0038,8e-04,4e-06,4e-04,"smoking","P1E5"
"6069","cg27384355",-0.0049,0.0011,4e-06,4e-04,"smoking","P1E5"
"6070","cg06887580",-0.0045,0.001,4.1e-06,4e-04,"smoking","P1E5"
"6071","cg00980649",-0.0114,0.0025,4.1e-06,4e-04,"smoking","P1E5"
"6072","cg18236066",-0.0097,0.0021,4.1e-06,4e-04,"smoking","P1E5"
"6073","cg13708803",-0.0068,0.0015,4.1e-06,4e-04,"smoking","P1E5"
"6074","cg05331214",-0.0121,0.0026,4.1e-06,4e-04,"smoking","P1E5"
"6075","cg14794041",-0.0084,0.0018,4.1e-06,4e-04,"smoking","P1E5"
"6076","cg06000994",0.0049,0.0011,4.1e-06,4e-04,"smoking","P1E5"
"6077","cg10953655",-0.0068,0.0015,4.1e-06,4e-04,"smoking","P1E5"
"6078","cg15347627",-0.0039,8e-04,4.1e-06,4e-04,"smoking","P1E5"
"6079","cg04303330",0.0062,0.0013,4.1e-06,4e-04,"smoking","P1E5"
"6080","cg05637113",0.0084,0.0018,4.1e-06,4e-04,"smoking","P1E5"
"6081","cg23670631",0.0063,0.0014,4.1e-06,4e-04,"smoking","P1E5"
"6082","cg23575275",0.0035,8e-04,4.1e-06,4e-04,"smoking","P1E5"
"6083","cg19474833",-0.0063,0.0014,4.1e-06,4e-04,"smoking","P1E5"
"6084","cg09317371",0.0041,9e-04,4.1e-06,4e-04,"smoking","P1E5"
"6085","cg04084236",0.0051,0.0011,4.1e-06,4e-04,"smoking","P1E5"
"6086","cg25749306",0.0048,0.001,4.1e-06,4e-04,"smoking","P1E5"
"6087","cg13221899",0.0113,0.0025,4.1e-06,4e-04,"smoking","P1E5"
"6088","cg18070470",-0.0042,9e-04,4.1e-06,4e-04,"smoking","P1E5"
"6089","cg14573448",-0.0061,0.0013,4.2e-06,4e-04,"smoking","P1E5"
"6090","cg05941108",0.003,7e-04,4.2e-06,4e-04,"smoking","P1E5"
"6091","cg10018233",-0.0102,0.0022,4.2e-06,4e-04,"smoking","P1E5"
"6092","cg04834097",-0.0076,0.0016,4.2e-06,4e-04,"smoking","P1E5"
"6093","cg16837898",-0.0059,0.0013,4.2e-06,4e-04,"smoking","P1E5"
"6094","cg09678340",0.0027,6e-04,4.2e-06,4e-04,"smoking","P1E5"
"6095","cg26530713",-0.0039,9e-04,4.2e-06,4e-04,"smoking","P1E5"
"6096","cg09876440",-0.0165,0.0036,4.2e-06,4e-04,"smoking","P1E5"
"6097","cg05797623",-0.0053,0.0012,4.2e-06,4e-04,"smoking","P1E5"
"6098","cg27332583",-0.0044,0.001,4.2e-06,4e-04,"smoking","P1E5"
"6099","cg07343027",-0.0077,0.0017,4.2e-06,4e-04,"smoking","P1E5"
"6100","cg24937136",-0.0122,0.0026,4.2e-06,4e-04,"smoking","P1E5"
"6101","cg22100563",0.007,0.0015,4.2e-06,4e-04,"smoking","P1E5"
"6102","cg26765295",-0.003,6e-04,4.2e-06,4e-04,"smoking","P1E5"
"6103","cg02979520",0.0035,8e-04,4.2e-06,4e-04,"smoking","P1E5"
"6104","cg03542031",-0.0063,0.0014,4.2e-06,4e-04,"smoking","P1E5"
"6105","cg22335826",-0.0071,0.0016,4.2e-06,4e-04,"smoking","P1E5"
"6106","cg22112832",-0.006,0.0013,4.2e-06,4e-04,"smoking","P1E5"
"6107","cg15645660",-0.0086,0.0019,4.2e-06,4e-04,"smoking","P1E5"
"6108","cg23289456",-0.01,0.0022,4.2e-06,4e-04,"smoking","P1E5"
"6109","cg16479633",0.0077,0.0017,4.2e-06,4e-04,"smoking","P1E5"
"6110","cg06152215",0.0087,0.0019,4.3e-06,4e-04,"smoking","P1E5"
"6111","cg05136804",0.0123,0.0027,4.3e-06,4e-04,"smoking","P1E5"
"6112","cg19469742",-0.0043,9e-04,4.3e-06,4e-04,"smoking","P1E5"
"6113","cg07218081",-0.0081,0.0018,4.3e-06,4e-04,"smoking","P1E5"
"6114","cg08829007",-0.0093,0.002,4.3e-06,4e-04,"smoking","P1E5"
"6115","cg04576021",-0.0032,7e-04,4.3e-06,4e-04,"smoking","P1E5"
"6116","cg11930955",-0.0073,0.0016,4.3e-06,4e-04,"smoking","P1E5"
"6117","cg24850474",-0.0041,9e-04,4.3e-06,4e-04,"smoking","P1E5"
"6118","cg19504184",0.0046,0.001,4.3e-06,4e-04,"smoking","P1E5"
"6119","cg17088007",-0.0047,0.001,4.3e-06,4e-04,"smoking","P1E5"
"6120","cg14599755",-0.0031,7e-04,4.3e-06,4e-04,"smoking","P1E5"
"6121","cg15857661",-0.0153,0.0033,4.3e-06,4e-04,"smoking","P1E5"
"6122","cg11422846",-0.0023,5e-04,4.3e-06,4e-04,"smoking","P1E5"
"6123","cg26559804",-0.0053,0.0012,4.3e-06,4e-04,"smoking","P1E5"
"6124","cg24940706",-0.0035,8e-04,4.3e-06,4e-04,"smoking","P1E5"
"6125","cg20143092",-0.002,4e-04,4.3e-06,4e-04,"smoking","P1E5"
"6126","cg09397579",0.0064,0.0014,4.3e-06,4e-04,"smoking","P1E5"
"6127","cg23673974",0.0102,0.0022,4.3e-06,4e-04,"smoking","P1E5"
"6128","cg00778190",0.0039,8e-04,4.3e-06,4e-04,"smoking","P1E5"
"6129","cg27130630",-0.0042,9e-04,4.4e-06,4e-04,"smoking","P1E5"
"6130","cg05541640",-0.0059,0.0013,4.4e-06,4e-04,"smoking","P1E5"
"6131","cg07696006",0.0046,0.001,4.4e-06,4e-04,"smoking","P1E5"
"6132","cg16032408",0.0092,0.002,4.4e-06,4e-04,"smoking","P1E5"
"6133","cg02385474",-0.006,0.0013,4.4e-06,4e-04,"smoking","P1E5"
"6134","cg08936516",-0.005,0.0011,4.4e-06,4e-04,"smoking","P1E5"
"6135","cg27264437",-0.0032,7e-04,4.4e-06,4e-04,"smoking","P1E5"
"6136","cg12846139",-0.0078,0.0017,4.4e-06,4e-04,"smoking","P1E5"
"6137","cg04009342",0.0032,7e-04,4.4e-06,4e-04,"smoking","P1E5"
"6138","cg00466268",0.0046,0.001,4.4e-06,4e-04,"smoking","P1E5"
"6139","cg05044994",0.005,0.0011,4.4e-06,4e-04,"smoking","P1E5"
"6140","cg23378165",-0.007,0.0015,4.4e-06,4e-04,"smoking","P1E5"
"6141","cg16353624",-0.0025,5e-04,4.4e-06,4e-04,"smoking","P1E5"
"6142","cg09293614",0.0029,6e-04,4.4e-06,4e-04,"smoking","P1E5"
"6143","cg25699034",-0.0075,0.0016,4.4e-06,4e-04,"smoking","P1E5"
"6144","cg00039326",-0.0064,0.0014,4.4e-06,4e-04,"smoking","P1E5"
"6145","cg10775991",-0.0049,0.0011,4.4e-06,4e-04,"smoking","P1E5"
"6146","cg00754063",0.0031,7e-04,4.5e-06,4e-04,"smoking","P1E5"
"6147","cg06653796",0.0083,0.0018,4.5e-06,4e-04,"smoking","P1E5"
"6148","cg00804078",0.0121,0.0026,4.5e-06,4e-04,"smoking","P1E5"
"6149","cg04259305",-0.0075,0.0016,4.5e-06,4e-04,"smoking","P1E5"
"6150","cg02597894",0.0061,0.0013,4.5e-06,4e-04,"smoking","P1E5"
"6151","cg13691961",-0.0099,0.0022,4.5e-06,4e-04,"smoking","P1E5"
"6152","cg02959609",0.0029,6e-04,4.5e-06,4e-04,"smoking","P1E5"
"6153","cg00486998",-0.0063,0.0014,4.5e-06,4e-04,"smoking","P1E5"
"6154","cg24632241",0.0025,5e-04,4.5e-06,4e-04,"smoking","P1E5"
"6155","cg22428147",0.0036,8e-04,4.5e-06,4e-04,"smoking","P1E5"
"6156","cg24742520",0.0114,0.0025,4.5e-06,4e-04,"smoking","P1E5"
"6157","cg14907479",-0.0024,5e-04,4.5e-06,4e-04,"smoking","P1E5"
"6158","cg20894270",-0.0026,6e-04,4.5e-06,4e-04,"smoking","P1E5"
"6159","cg26503877",-0.006,0.0013,4.5e-06,4e-04,"smoking","P1E5"
"6160","cg05704850",0.0021,5e-04,4.6e-06,4e-04,"smoking","P1E5"
"6161","cg11662745",-0.0024,5e-04,4.6e-06,4e-04,"smoking","P1E5"
"6162","cg09238332",0.0025,6e-04,4.6e-06,4e-04,"smoking","P1E5"
"6163","cg23922804",0.0033,7e-04,4.6e-06,4e-04,"smoking","P1E5"
"6164","cg08877357",-0.009,0.002,4.6e-06,4e-04,"smoking","P1E5"
"6165","cg01715088",-0.0038,8e-04,4.6e-06,4e-04,"smoking","P1E5"
"6166","cg19503963",0.0038,8e-04,4.6e-06,4e-04,"smoking","P1E5"
"6167","cg17083575",0.0036,8e-04,4.6e-06,4e-04,"smoking","P1E5"
"6168","cg18994606",0.0024,5e-04,4.6e-06,4e-04,"smoking","P1E5"
"6169","cg08293075",-0.0065,0.0014,4.6e-06,4e-04,"smoking","P1E5"
"6170","cg19266329",-0.0115,0.0025,4.6e-06,4e-04,"smoking","P1E5"
"6171","cg07635132",-0.0105,0.0023,4.6e-06,4e-04,"smoking","P1E5"
"6172","cg02983950",0.0033,7e-04,4.6e-06,4e-04,"smoking","P1E5"
"6173","cg09449988",-0.0106,0.0023,4.6e-06,4e-04,"smoking","P1E5"
"6174","cg11915901",0.0037,8e-04,4.6e-06,4e-04,"smoking","P1E5"
"6175","cg12983285",-0.0056,0.0012,4.6e-06,4e-04,"smoking","P1E5"
"6176","cg12654199",0.0049,0.0011,4.6e-06,4e-04,"smoking","P1E5"
"6177","cg06073351",0.0026,6e-04,4.6e-06,4e-04,"smoking","P1E5"
"6178","cg26109145",0.0042,9e-04,4.6e-06,4e-04,"smoking","P1E5"
"6179","cg06991300",0.0058,0.0013,4.6e-06,4e-04,"smoking","P1E5"
"6180","cg26282505",-0.0031,7e-04,4.7e-06,4e-04,"smoking","P1E5"
"6181","cg02329430",0.0101,0.0022,4.7e-06,4e-04,"smoking","P1E5"
"6182","cg20317123",-0.0033,7e-04,4.7e-06,4e-04,"smoking","P1E5"
"6183","cg01760189",-0.0075,0.0016,4.7e-06,4e-04,"smoking","P1E5"
"6184","cg26003909",0.0052,0.0011,4.7e-06,4e-04,"smoking","P1E5"
"6185","cg08944236",0.0071,0.0016,4.7e-06,4e-04,"smoking","P1E5"
"6186","cg06141561",-0.0059,0.0013,4.7e-06,4e-04,"smoking","P1E5"
"6187","cg23767977",-0.0027,6e-04,4.7e-06,4e-04,"smoking","P1E5"
"6188","cg26987613",-0.005,0.0011,4.7e-06,4e-04,"smoking","P1E5"
"6189","cg16581455",0.009,0.002,4.7e-06,5e-04,"smoking","P1E5"
"6190","cg23398508",0.0037,8e-04,4.7e-06,5e-04,"smoking","P1E5"
"6191","cg12588917",-0.0065,0.0014,4.7e-06,5e-04,"smoking","P1E5"
"6192","cg05779990",0.0055,0.0012,4.7e-06,5e-04,"smoking","P1E5"
"6193","cg11104712",-0.0068,0.0015,4.7e-06,5e-04,"smoking","P1E5"
"6194","cg04479212",0.0082,0.0018,4.7e-06,5e-04,"smoking","P1E5"
"6195","cg14977069",0.0089,0.0019,4.8e-06,5e-04,"smoking","P1E5"
"6196","cg16552271",0.0104,0.0023,4.8e-06,5e-04,"smoking","P1E5"
"6197","cg08477768",0.0057,0.0012,4.8e-06,5e-04,"smoking","P1E5"
"6198","cg25139471",-0.0019,4e-04,4.8e-06,5e-04,"smoking","P1E5"
"6199","cg05885688",-0.0049,0.0011,4.8e-06,5e-04,"smoking","P1E5"
"6200","cg22942576",-0.0046,0.001,4.8e-06,5e-04,"smoking","P1E5"
"6201","cg20253856",0.0034,7e-04,4.8e-06,5e-04,"smoking","P1E5"
"6202","cg21473545",0.007,0.0015,4.8e-06,5e-04,"smoking","P1E5"
"6203","cg15171155",0.0035,8e-04,4.8e-06,5e-04,"smoking","P1E5"
"6204","cg15372603",-0.0074,0.0016,4.8e-06,5e-04,"smoking","P1E5"
"6205","cg12531611",0.0065,0.0014,4.8e-06,5e-04,"smoking","P1E5"
"6206","cg02314339",-0.004,9e-04,4.8e-06,5e-04,"smoking","P1E5"
"6207","cg13795948",0.0025,5e-04,4.9e-06,5e-04,"smoking","P1E5"
"6208","cg16541222",0.009,0.002,4.9e-06,5e-04,"smoking","P1E5"
"6209","cg22534374",0.007,0.0015,4.9e-06,5e-04,"smoking","P1E5"
"6210","cg25357706",-0.0039,8e-04,4.9e-06,5e-04,"smoking","P1E5"
"6211","cg23740758",0.0045,0.001,4.9e-06,5e-04,"smoking","P1E5"
"6212","cg04094640",0.009,0.002,4.9e-06,5e-04,"smoking","P1E5"
"6213","cg19654743",-0.0077,0.0017,4.9e-06,5e-04,"smoking","P1E5"
"6214","cg01201215",-0.0085,0.0019,4.9e-06,5e-04,"smoking","P1E5"
"6215","cg17320698",-0.0118,0.0026,4.9e-06,5e-04,"smoking","P1E5"
"6216","cg04799958",-0.0077,0.0017,4.9e-06,5e-04,"smoking","P1E5"
"6217","cg13483797",-0.0073,0.0016,4.9e-06,5e-04,"smoking","P1E5"
"6218","cg05808372",0.004,9e-04,4.9e-06,5e-04,"smoking","P1E5"
"6219","cg17514528",-0.0068,0.0015,4.9e-06,5e-04,"smoking","P1E5"
"6220","cg04864179",-0.0065,0.0014,4.9e-06,5e-04,"smoking","P1E5"
"6221","cg26619671",0.004,9e-04,4.9e-06,5e-04,"smoking","P1E5"
"6222","cg27375378",-0.0112,0.0025,4.9e-06,5e-04,"smoking","P1E5"
"6223","cg24548833",-0.0029,6e-04,5e-06,5e-04,"smoking","P1E5"
"6224","cg07915896",0.002,4e-04,5e-06,5e-04,"smoking","P1E5"
"6225","cg06474661",-0.0055,0.0012,5e-06,5e-04,"smoking","P1E5"
"6226","cg14122633",-0.0021,5e-04,5e-06,5e-04,"smoking","P1E5"
"6227","cg11087128",0.0065,0.0014,5e-06,5e-04,"smoking","P1E5"
"6228","cg01877352",0.0046,0.001,5e-06,5e-04,"smoking","P1E5"
"6229","cg03574723",0.0052,0.0011,5e-06,5e-04,"smoking","P1E5"
"6230","cg06230839",0.0091,0.002,5e-06,5e-04,"smoking","P1E5"
"6231","cg23659289",0.0035,8e-04,5e-06,5e-04,"smoking","P1E5"
"6232","cg01730666",-0.0065,0.0014,5e-06,5e-04,"smoking","P1E5"
"6233","cg12305200",-0.0046,0.001,5e-06,5e-04,"smoking","P1E5"
"6234","cg11151251",0.0022,5e-04,5e-06,5e-04,"smoking","P1E5"
"6235","cg18245230",-0.0062,0.0013,5e-06,5e-04,"smoking","P1E5"
"6236","cg16829924",-0.0044,0.001,5e-06,5e-04,"smoking","P1E5"
"6237","cg13751113",-0.0104,0.0023,5.1e-06,5e-04,"smoking","P1E5"
"6238","cg05057834",0.004,9e-04,5.1e-06,5e-04,"smoking","P1E5"
"6239","cg11963365",0.0068,0.0015,5.1e-06,5e-04,"smoking","P1E5"
"6240","cg26738437",-0.0024,5e-04,5.1e-06,5e-04,"smoking","P1E5"
"6241","cg19936372",0.0032,7e-04,5.1e-06,5e-04,"smoking","P1E5"
"6242","cg01257799",-0.0066,0.0014,5.1e-06,5e-04,"smoking","P1E5"
"6243","cg07779444",0.0044,0.001,5.1e-06,5e-04,"smoking","P1E5"
"6244","cg23111655",-0.0051,0.0011,5.1e-06,5e-04,"smoking","P1E5"
"6245","cg19872681",0.0031,7e-04,5.1e-06,5e-04,"smoking","P1E5"
"6246","cg04869770",-0.0041,9e-04,5.1e-06,5e-04,"smoking","P1E5"
"6247","cg23461870",-0.0049,0.0011,5.1e-06,5e-04,"smoking","P1E5"
"6248","cg16509978",-0.0084,0.0018,5.1e-06,5e-04,"smoking","P1E5"
"6249","cg07057579",0.0038,8e-04,5.1e-06,5e-04,"smoking","P1E5"
"6250","cg23387569",-0.0128,0.0028,5.2e-06,5e-04,"smoking","P1E5"
"6251","cg02832224",0.004,9e-04,5.2e-06,5e-04,"smoking","P1E5"
"6252","cg10094994",0.0041,9e-04,5.2e-06,5e-04,"smoking","P1E5"
"6253","cg11934771",0.0052,0.0011,5.2e-06,5e-04,"smoking","P1E5"
"6254","cg00854273",0.0041,9e-04,5.2e-06,5e-04,"smoking","P1E5"
"6255","cg10108468",0.0065,0.0014,5.2e-06,5e-04,"smoking","P1E5"
"6256","cg23013137",0.0072,0.0016,5.2e-06,5e-04,"smoking","P1E5"
"6257","cg00314029",-0.0059,0.0013,5.2e-06,5e-04,"smoking","P1E5"
"6258","cg18425377",0.0013,3e-04,5.2e-06,5e-04,"smoking","P1E5"
"6259","cg00119896",0.002,4e-04,5.2e-06,5e-04,"smoking","P1E5"
"6260","cg16906964",-0.0102,0.0022,5.2e-06,5e-04,"smoking","P1E5"
"6261","cg25045893",0.0049,0.0011,5.2e-06,5e-04,"smoking","P1E5"
"6262","cg01084740",-0.0083,0.0018,5.3e-06,5e-04,"smoking","P1E5"
"6263","cg13117948",0.0069,0.0015,5.3e-06,5e-04,"smoking","P1E5"
"6264","cg22051964",-0.0031,7e-04,5.3e-06,5e-04,"smoking","P1E5"
"6265","cg25340098",0.003,7e-04,5.3e-06,5e-04,"smoking","P1E5"
"6266","cg25445101",-0.0042,9e-04,5.3e-06,5e-04,"smoking","P1E5"
"6267","cg08354681",-0.0056,0.0012,5.3e-06,5e-04,"smoking","P1E5"
"6268","cg12366968",-0.0069,0.0015,5.3e-06,5e-04,"smoking","P1E5"
"6269","cg11327857",-0.0068,0.0015,5.3e-06,5e-04,"smoking","P1E5"
"6270","cg04868238",0.0041,9e-04,5.3e-06,5e-04,"smoking","P1E5"
"6271","cg04505252",-0.0083,0.0018,5.3e-06,5e-04,"smoking","P1E5"
"6272","cg09372617",0.006,0.0013,5.4e-06,5e-04,"smoking","P1E5"
"6273","cg16616514",-0.0048,0.0011,5.4e-06,5e-04,"smoking","P1E5"
"6274","cg03548512",-0.0103,0.0023,5.4e-06,5e-04,"smoking","P1E5"
"6275","cg10672482",0.0044,0.001,5.4e-06,5e-04,"smoking","P1E5"
"6276","cg05142617",-0.0052,0.0011,5.4e-06,5e-04,"smoking","P1E5"
"6277","cg02605634",0.003,7e-04,5.4e-06,5e-04,"smoking","P1E5"
"6278","cg03721058",-0.0034,8e-04,5.4e-06,5e-04,"smoking","P1E5"
"6279","cg20483374",0.006,0.0013,5.4e-06,5e-04,"smoking","P1E5"
"6280","cg02630477",-0.0059,0.0013,5.4e-06,5e-04,"smoking","P1E5"
"6281","cg25630910",0.0042,9e-04,5.4e-06,5e-04,"smoking","P1E5"
"6282","cg18273412",0.0049,0.0011,5.4e-06,5e-04,"smoking","P1E5"
"6283","cg09965668",0.002,4e-04,5.4e-06,5e-04,"smoking","P1E5"
"6284","cg01830256",0.0045,0.001,5.4e-06,5e-04,"smoking","P1E5"
"6285","cg12251075",-0.0061,0.0013,5.4e-06,5e-04,"smoking","P1E5"
"6286","cg11208165",-0.0027,6e-04,5.4e-06,5e-04,"smoking","P1E5"
"6287","cg02517232",0.003,7e-04,5.4e-06,5e-04,"smoking","P1E5"
"6288","cg13461178",0.0025,5e-04,5.4e-06,5e-04,"smoking","P1E5"
"6289","cg18702971",0.0044,0.001,5.4e-06,5e-04,"smoking","P1E5"
"6290","cg21960364",-0.0069,0.0015,5.5e-06,5e-04,"smoking","P1E5"
"6291","cg08315770",0.0037,8e-04,5.5e-06,5e-04,"smoking","P1E5"
"6292","cg16495212",-0.0099,0.0022,5.5e-06,5e-04,"smoking","P1E5"
"6293","cg07416733",-0.0041,9e-04,5.5e-06,5e-04,"smoking","P1E5"
"6294","cg06722633",0.0031,7e-04,5.5e-06,5e-04,"smoking","P1E5"
"6295","cg01826574",-0.006,0.0013,5.5e-06,5e-04,"smoking","P1E5"
"6296","cg12648759",0.0034,7e-04,5.5e-06,5e-04,"smoking","P1E5"
"6297","cg08869244",-0.0036,8e-04,5.5e-06,5e-04,"smoking","P1E5"
"6298","cg05151709",0.0065,0.0014,5.5e-06,5e-04,"smoking","P1E5"
"6299","cg22891070",-0.0242,0.0053,5.5e-06,5e-04,"smoking","P1E5"
"6300","cg26487157",-0.0043,0.001,5.6e-06,5e-04,"smoking","P1E5"
"6301","cg10965975",-0.0062,0.0014,5.6e-06,5e-04,"smoking","P1E5"
"6302","cg12778775",-0.0052,0.0012,5.6e-06,5e-04,"smoking","P1E5"
"6303","cg27567561",-0.0067,0.0015,5.6e-06,5e-04,"smoking","P1E5"
"6304","cg21917349",0.0066,0.0014,5.6e-06,5e-04,"smoking","P1E5"
"6305","cg00574412",-0.0103,0.0023,5.6e-06,5e-04,"smoking","P1E5"
"6306","cg10426318",-0.0074,0.0016,5.6e-06,5e-04,"smoking","P1E5"
"6307","cg05487895",0.0017,4e-04,5.6e-06,5e-04,"smoking","P1E5"
"6308","cg06568880",-0.0046,0.001,5.6e-06,5e-04,"smoking","P1E5"
"6309","cg10980495",-0.0153,0.0034,5.6e-06,5e-04,"smoking","P1E5"
"6310","cg15947301",-0.0065,0.0014,5.6e-06,5e-04,"smoking","P1E5"
"6311","cg13750802",-0.0038,8e-04,5.6e-06,5e-04,"smoking","P1E5"
"6312","cg16165903",-0.0042,9e-04,5.6e-06,5e-04,"smoking","P1E5"
"6313","cg24250393",0.0034,7e-04,5.6e-06,5e-04,"smoking","P1E5"
"6314","cg02158978",0.0078,0.0017,5.7e-06,5e-04,"smoking","P1E5"
"6315","cg01456243",-0.0018,4e-04,5.7e-06,5e-04,"smoking","P1E5"
"6316","cg06855983",-0.0063,0.0014,5.7e-06,5e-04,"smoking","P1E5"
"6317","cg25801622",0.0067,0.0015,5.7e-06,5e-04,"smoking","P1E5"
"6318","cg10926330",0.0062,0.0014,5.7e-06,5e-04,"smoking","P1E5"
"6319","cg10583311",0.0041,9e-04,5.7e-06,5e-04,"smoking","P1E5"
"6320","cg18698382",0.004,9e-04,5.7e-06,5e-04,"smoking","P1E5"
"6321","cg00921097",-0.0051,0.0011,5.8e-06,5e-04,"smoking","P1E5"
"6322","cg01987202",0.003,7e-04,5.8e-06,5e-04,"smoking","P1E5"
"6323","cg09012411",0.005,0.0011,5.8e-06,5e-04,"smoking","P1E5"
"6324","cg26280179",-0.0043,0.001,5.8e-06,5e-04,"smoking","P1E5"
"6325","cg06649165",-0.0081,0.0018,5.8e-06,5e-04,"smoking","P1E5"
"6326","cg02859866",0.0034,8e-04,5.8e-06,5e-04,"smoking","P1E5"
"6327","cg10521852",0.0044,0.001,5.8e-06,5e-04,"smoking","P1E5"
"6328","cg11011640",0.0038,8e-04,5.8e-06,5e-04,"smoking","P1E5"
"6329","cg10416861",0.0056,0.0012,5.8e-06,5e-04,"smoking","P1E5"
"6330","cg09298818",-0.0088,0.0019,5.8e-06,5e-04,"smoking","P1E5"
"6331","cg04730882",-0.0071,0.0016,5.8e-06,5e-04,"smoking","P1E5"
"6332","cg04212285",0.0044,0.001,5.8e-06,5e-04,"smoking","P1E5"
"6333","cg00772091",-0.0067,0.0015,5.9e-06,5e-04,"smoking","P1E5"
"6334","cg07226755",0.0041,9e-04,5.9e-06,5e-04,"smoking","P1E5"
"6335","cg26121730",0.0054,0.0012,5.9e-06,5e-04,"smoking","P1E5"
"6336","cg20255723",0.0046,0.001,5.9e-06,5e-04,"smoking","P1E5"
"6337","cg16172923",-0.0165,0.0036,5.9e-06,5e-04,"smoking","P1E5"
"6338","cg10121601",0.0025,6e-04,5.9e-06,5e-04,"smoking","P1E5"
"6339","cg26971710",-0.0054,0.0012,5.9e-06,5e-04,"smoking","P1E5"
"6340","cg18954388",0.0026,6e-04,5.9e-06,5e-04,"smoking","P1E5"
"6341","cg18503234",0.009,0.002,5.9e-06,5e-04,"smoking","P1E5"
"6342","cg08893087",-0.0198,0.0044,5.9e-06,5e-04,"smoking","P1E5"
"6343","cg13823169",-0.0102,0.0023,6e-06,5e-04,"smoking","P1E5"
"6344","cg21356536",0.0027,6e-04,6e-06,5e-04,"smoking","P1E5"
"6345","cg23343680",0.0052,0.0011,6e-06,5e-04,"smoking","P1E5"
"6346","cg25961567",-0.0062,0.0014,6e-06,5e-04,"smoking","P1E5"
"6347","cg14171514",-0.0132,0.0029,6e-06,5e-04,"smoking","P1E5"
"6348","cg10368935",0.0169,0.0037,6e-06,5e-04,"smoking","P1E5"
"6349","cg27359629",-0.0068,0.0015,6e-06,6e-04,"smoking","P1E5"
"6350","cg11331344",-0.0069,0.0015,6e-06,6e-04,"smoking","P1E5"
"6351","cg01513063",-0.003,7e-04,6e-06,6e-04,"smoking","P1E5"
"6352","cg27371539",0.0035,8e-04,6.1e-06,6e-04,"smoking","P1E5"
"6353","cg06223834",-0.0125,0.0028,6.1e-06,6e-04,"smoking","P1E5"
"6354","cg25801292",0.0048,0.0011,6.1e-06,6e-04,"smoking","P1E5"
"6355","cg11324953",-0.0067,0.0015,6.1e-06,6e-04,"smoking","P1E5"
"6356","cg11211792",-0.0053,0.0012,6.1e-06,6e-04,"smoking","P1E5"
"6357","cg13940693",0.0038,9e-04,6.1e-06,6e-04,"smoking","P1E5"
"6358","cg12371924",-0.0063,0.0014,6.1e-06,6e-04,"smoking","P1E5"
"6359","cg10798225",-0.0075,0.0017,6.1e-06,6e-04,"smoking","P1E5"
"6360","cg25325322",0.0083,0.0018,6.1e-06,6e-04,"smoking","P1E5"
"6361","cg26781524",0.0052,0.0011,6.1e-06,6e-04,"smoking","P1E5"
"6362","cg17611235",-0.017,0.0038,6.1e-06,6e-04,"smoking","P1E5"
"6363","cg23238834",-0.0059,0.0013,6.1e-06,6e-04,"smoking","P1E5"
"6364","cg15135047",0.0059,0.0013,6.2e-06,6e-04,"smoking","P1E5"
"6365","cg20363891",-0.0047,0.001,6.2e-06,6e-04,"smoking","P1E5"
"6366","cg04301614",0.0072,0.0016,6.2e-06,6e-04,"smoking","P1E5"
"6367","cg10395317",-0.0029,6e-04,6.2e-06,6e-04,"smoking","P1E5"
"6368","cg08453194",-0.0066,0.0015,6.2e-06,6e-04,"smoking","P1E5"
"6369","cg15193228",-0.0116,0.0026,6.2e-06,6e-04,"smoking","P1E5"
"6370","cg18393958",-0.0065,0.0014,6.2e-06,6e-04,"smoking","P1E5"
"6371","cg07777349",0.0037,8e-04,6.2e-06,6e-04,"smoking","P1E5"
"6372","cg16858211",0.0063,0.0014,6.2e-06,6e-04,"smoking","P1E5"
"6373","cg20552903",-0.0045,0.001,6.3e-06,6e-04,"smoking","P1E5"
"6374","cg09333580",-0.0092,0.002,6.3e-06,6e-04,"smoking","P1E5"
"6375","cg19509311",-0.0049,0.0011,6.3e-06,6e-04,"smoking","P1E5"
"6376","cg27287951",0.01,0.0022,6.3e-06,6e-04,"smoking","P1E5"
"6377","cg19537591",-0.0097,0.0021,6.3e-06,6e-04,"smoking","P1E5"
"6378","cg24527008",0.0119,0.0026,6.3e-06,6e-04,"smoking","P1E5"
"6379","cg05405742",-0.0042,9e-04,6.3e-06,6e-04,"smoking","P1E5"
"6380","cg08905239",-0.0071,0.0016,6.3e-06,6e-04,"smoking","P1E5"
"6381","cg22345214",0.0025,5e-04,6.3e-06,6e-04,"smoking","P1E5"
"6382","cg08335767",-0.0056,0.0012,6.3e-06,6e-04,"smoking","P1E5"
"6383","cg15613761",-0.0084,0.0019,6.3e-06,6e-04,"smoking","P1E5"
"6384","cg04561731",0.0039,9e-04,6.3e-06,6e-04,"smoking","P1E5"
"6385","cg26971042",-0.0084,0.0019,6.3e-06,6e-04,"smoking","P1E5"
"6386","cg27286011",0.0088,0.0019,6.4e-06,6e-04,"smoking","P1E5"
"6387","cg10493055",-0.0031,7e-04,6.4e-06,6e-04,"smoking","P1E5"
"6388","cg18419358",-0.0092,0.002,6.4e-06,6e-04,"smoking","P1E5"
"6389","cg15916399",0.0057,0.0013,6.4e-06,6e-04,"smoking","P1E5"
"6390","cg02328930",0.0072,0.0016,6.4e-06,6e-04,"smoking","P1E5"
"6391","cg23346237",0.0091,0.002,6.4e-06,6e-04,"smoking","P1E5"
"6392","cg22904401",-0.0066,0.0015,6.4e-06,6e-04,"smoking","P1E5"
"6393","cg08731696",-0.0101,0.0022,6.4e-06,6e-04,"smoking","P1E5"
"6394","cg26654286",0.0041,9e-04,6.4e-06,6e-04,"smoking","P1E5"
"6395","cg08121317",0.0055,0.0012,6.4e-06,6e-04,"smoking","P1E5"
"6396","cg03702686",-0.0066,0.0015,6.4e-06,6e-04,"smoking","P1E5"
"6397","cg05595301",-0.0072,0.0016,6.4e-06,6e-04,"smoking","P1E5"
"6398","cg01560871",0.0051,0.0011,6.4e-06,6e-04,"smoking","P1E5"
"6399","cg14902389",-0.0038,9e-04,6.5e-06,6e-04,"smoking","P1E5"
"6400","cg13980944",-0.005,0.0011,6.5e-06,6e-04,"smoking","P1E5"
"6401","cg22031614",-0.0034,7e-04,6.5e-06,6e-04,"smoking","P1E5"
"6402","cg24638828",-0.0051,0.0011,6.5e-06,6e-04,"smoking","P1E5"
"6403","cg12157673",0.0131,0.0029,6.5e-06,6e-04,"smoking","P1E5"
"6404","cg24501831",-0.0044,0.001,6.5e-06,6e-04,"smoking","P1E5"
"6405","cg10540626",-0.0059,0.0013,6.5e-06,6e-04,"smoking","P1E5"
"6406","cg07391831",-0.007,0.0016,6.5e-06,6e-04,"smoking","P1E5"
"6407","cg12621315",-0.0103,0.0023,6.5e-06,6e-04,"smoking","P1E5"
"6408","cg19718508",-0.0074,0.0017,6.5e-06,6e-04,"smoking","P1E5"
"6409","cg02768162",-0.0058,0.0013,6.5e-06,6e-04,"smoking","P1E5"
"6410","cg06240652",-0.0036,8e-04,6.6e-06,6e-04,"smoking","P1E5"
"6411","cg17604312",-0.0028,6e-04,6.6e-06,6e-04,"smoking","P1E5"
"6412","cg10237088",-0.0086,0.0019,6.6e-06,6e-04,"smoking","P1E5"
"6413","cg24753662",0.0042,9e-04,6.6e-06,6e-04,"smoking","P1E5"
"6414","cg19465320",-0.0067,0.0015,6.6e-06,6e-04,"smoking","P1E5"
"6415","cg14920846",-0.0168,0.0037,6.6e-06,6e-04,"smoking","P1E5"
"6416","cg07381930",0.0066,0.0015,6.6e-06,6e-04,"smoking","P1E5"
"6417","cg14380013",0.0062,0.0014,6.6e-06,6e-04,"smoking","P1E5"
"6418","cg20927567",-0.0076,0.0017,6.6e-06,6e-04,"smoking","P1E5"
"6419","cg03642503",-0.0035,8e-04,6.6e-06,6e-04,"smoking","P1E5"
"6420","cg20495738",0.0083,0.0018,6.6e-06,6e-04,"smoking","P1E5"
"6421","cg17708167",0.0025,6e-04,6.6e-06,6e-04,"smoking","P1E5"
"6422","cg06490839",0.0061,0.0014,6.6e-06,6e-04,"smoking","P1E5"
"6423","cg09906145",0.0034,8e-04,6.7e-06,6e-04,"smoking","P1E5"
"6424","cg16405432",0.0033,7e-04,6.7e-06,6e-04,"smoking","P1E5"
"6425","cg12322877",-0.0144,0.0032,6.7e-06,6e-04,"smoking","P1E5"
"6426","cg02779016",0.0049,0.0011,6.7e-06,6e-04,"smoking","P1E5"
"6427","cg02023138",0.0031,7e-04,6.7e-06,6e-04,"smoking","P1E5"
"6428","cg16926809",-0.0044,0.001,6.7e-06,6e-04,"smoking","P1E5"
"6429","cg21436456",-0.0074,0.0016,6.7e-06,6e-04,"smoking","P1E5"
"6430","cg08281415",0.0021,5e-04,6.7e-06,6e-04,"smoking","P1E5"
"6431","cg03653399",-0.0068,0.0015,6.7e-06,6e-04,"smoking","P1E5"
"6432","cg07621224",-0.0059,0.0013,6.7e-06,6e-04,"smoking","P1E5"
"6433","cg10279487",-0.0037,8e-04,6.7e-06,6e-04,"smoking","P1E5"
"6434","cg22763680",0.0057,0.0013,6.7e-06,6e-04,"smoking","P1E5"
"6435","cg02029843",-0.0056,0.0012,6.7e-06,6e-04,"smoking","P1E5"
"6436","cg20811755",-0.0129,0.0029,6.7e-06,6e-04,"smoking","P1E5"
"6437","cg07570898",-0.0053,0.0012,6.8e-06,6e-04,"smoking","P1E5"
"6438","cg14652587",-0.0123,0.0027,6.8e-06,6e-04,"smoking","P1E5"
"6439","cg08899105",-0.007,0.0015,6.8e-06,6e-04,"smoking","P1E5"
"6440","cg16875057",0.007,0.0015,6.8e-06,6e-04,"smoking","P1E5"
"6441","cg05248321",0.0079,0.0018,6.8e-06,6e-04,"smoking","P1E5"
"6442","cg04137490",0.0081,0.0018,6.8e-06,6e-04,"smoking","P1E5"
"6443","cg17318719",-0.0076,0.0017,6.8e-06,6e-04,"smoking","P1E5"
"6444","cg15648896",0.0038,8e-04,6.8e-06,6e-04,"smoking","P1E5"
"6445","cg06151243",0.006,0.0013,6.8e-06,6e-04,"smoking","P1E5"
"6446","cg19075787",0.0065,0.0015,6.8e-06,6e-04,"smoking","P1E5"
"6447","cg00563932",0.0075,0.0017,6.8e-06,6e-04,"smoking","P1E5"
"6448","cg23793397",0.0033,7e-04,6.8e-06,6e-04,"smoking","P1E5"
"6449","cg11763094",0.0027,6e-04,6.9e-06,6e-04,"smoking","P1E5"
"6450","cg07808899",0.003,7e-04,6.9e-06,6e-04,"smoking","P1E5"
"6451","cg04724540",0.0029,6e-04,6.9e-06,6e-04,"smoking","P1E5"
"6452","cg13873269",-0.0086,0.0019,6.9e-06,6e-04,"smoking","P1E5"
"6453","cg21192063",0.0058,0.0013,6.9e-06,6e-04,"smoking","P1E5"
"6454","cg05331807",-0.0061,0.0014,6.9e-06,6e-04,"smoking","P1E5"
"6455","cg18430895",0.0049,0.0011,6.9e-06,6e-04,"smoking","P1E5"
"6456","cg27177841",-0.007,0.0016,6.9e-06,6e-04,"smoking","P1E5"
"6457","cg22122862",-0.0056,0.0013,6.9e-06,6e-04,"smoking","P1E5"
"6458","cg10322443",0.0092,0.002,6.9e-06,6e-04,"smoking","P1E5"
"6459","cg06975048",0.0049,0.0011,6.9e-06,6e-04,"smoking","P1E5"
"6460","cg18174678",-0.006,0.0013,6.9e-06,6e-04,"smoking","P1E5"
"6461","cg13851621",0.0041,9e-04,6.9e-06,6e-04,"smoking","P1E5"
"6462","cg21031128",0.0019,4e-04,6.9e-06,6e-04,"smoking","P1E5"
"6463","cg12528056",-0.0041,9e-04,6.9e-06,6e-04,"smoking","P1E5"
"6464","cg23051559",0.0071,0.0016,6.9e-06,6e-04,"smoking","P1E5"
"6465","cg21859290",-0.0033,7e-04,6.9e-06,6e-04,"smoking","P1E5"
"6466","cg02061173",0.0035,8e-04,7e-06,6e-04,"smoking","P1E5"
"6467","cg16660220",-0.0057,0.0013,7e-06,6e-04,"smoking","P1E5"
"6468","cg18633230",-0.0045,0.001,7e-06,6e-04,"smoking","P1E5"
"6469","cg01205935",-0.0133,0.003,7e-06,6e-04,"smoking","P1E5"
"6470","cg05500734",-0.0098,0.0022,7e-06,6e-04,"smoking","P1E5"
"6471","cg13895867",0.0063,0.0014,7e-06,6e-04,"smoking","P1E5"
"6472","cg26728282",0.0056,0.0012,7e-06,6e-04,"smoking","P1E5"
"6473","cg04361926",0.0078,0.0017,7e-06,6e-04,"smoking","P1E5"
"6474","cg03233656",-0.0147,0.0033,7e-06,6e-04,"smoking","P1E5"
"6475","cg09981533",-0.0057,0.0013,7e-06,6e-04,"smoking","P1E5"
"6476","cg15237152",0.0032,7e-04,7e-06,6e-04,"smoking","P1E5"
"6477","cg19595505",0.0023,5e-04,7e-06,6e-04,"smoking","P1E5"
"6478","cg17496794",-0.0045,0.001,7e-06,6e-04,"smoking","P1E5"
"6479","cg13458803",-0.004,9e-04,7e-06,6e-04,"smoking","P1E5"
"6480","cg21618273",-0.0055,0.0012,7.1e-06,6e-04,"smoking","P1E5"
"6481","cg26736341",-0.0051,0.0011,7.1e-06,6e-04,"smoking","P1E5"
"6482","cg25361106",0.0026,6e-04,7.1e-06,6e-04,"smoking","P1E5"
"6483","cg16371538",-0.0072,0.0016,7.1e-06,6e-04,"smoking","P1E5"
"6484","cg04359418",-0.0089,0.002,7.1e-06,6e-04,"smoking","P1E5"
"6485","cg03646261",0.003,7e-04,7.1e-06,6e-04,"smoking","P1E5"
"6486","cg01107874",-0.0085,0.0019,7.1e-06,6e-04,"smoking","P1E5"
"6487","cg10800833",0.0037,8e-04,7.1e-06,6e-04,"smoking","P1E5"
"6488","cg00577417",-0.0029,6e-04,7.1e-06,6e-04,"smoking","P1E5"
"6489","cg00534380",-0.0051,0.0011,7.2e-06,6e-04,"smoking","P1E5"
"6490","cg26662201",-0.0025,6e-04,7.2e-06,6e-04,"smoking","P1E5"
"6491","cg24430034",0.0068,0.0015,7.2e-06,6e-04,"smoking","P1E5"
"6492","cg00817377",-0.0056,0.0013,7.2e-06,6e-04,"smoking","P1E5"
"6493","cg18647259",0.0041,9e-04,7.2e-06,6e-04,"smoking","P1E5"
"6494","cg00107488",-0.0034,8e-04,7.2e-06,6e-04,"smoking","P1E5"
"6495","cg05858126",-0.0113,0.0025,7.2e-06,6e-04,"smoking","P1E5"
"6496","cg23825480",0.0112,0.0025,7.2e-06,6e-04,"smoking","P1E5"
"6497","cg27168033",-0.0037,8e-04,7.3e-06,6e-04,"smoking","P1E5"
"6498","cg21096399",0.0036,8e-04,7.3e-06,6e-04,"smoking","P1E5"
"6499","cg14899046",-0.0075,0.0017,7.3e-06,6e-04,"smoking","P1E5"
"6500","cg19265972",-0.0046,0.001,7.3e-06,6e-04,"smoking","P1E5"
"6501","cg00405069",-0.0047,0.0011,7.3e-06,6e-04,"smoking","P1E5"
"6502","cg05815275",-0.0051,0.0011,7.3e-06,6e-04,"smoking","P1E5"
"6503","cg16544463",-0.006,0.0013,7.3e-06,6e-04,"smoking","P1E5"
"6504","cg13934406",-0.0094,0.0021,7.3e-06,6e-04,"smoking","P1E5"
"6505","cg06270615",0.0064,0.0014,7.3e-06,6e-04,"smoking","P1E5"
"6506","cg26870567",-0.0044,0.001,7.3e-06,6e-04,"smoking","P1E5"
"6507","cg14584448",0.0025,6e-04,7.4e-06,7e-04,"smoking","P1E5"
"6508","cg01343313",0.0035,8e-04,7.4e-06,7e-04,"smoking","P1E5"
"6509","cg11201532",-0.0023,5e-04,7.4e-06,7e-04,"smoking","P1E5"
"6510","cg06706159",0.0126,0.0028,7.4e-06,7e-04,"smoking","P1E5"
"6511","cg12838168",-0.0071,0.0016,7.4e-06,7e-04,"smoking","P1E5"
"6512","cg08255964",-0.004,9e-04,7.4e-06,7e-04,"smoking","P1E5"
"6513","cg19390934",-0.0051,0.0011,7.4e-06,7e-04,"smoking","P1E5"
"6514","cg07274307",0.0022,5e-04,7.4e-06,7e-04,"smoking","P1E5"
"6515","cg11176095",0.0048,0.0011,7.4e-06,7e-04,"smoking","P1E5"
"6516","cg08013557",0.0028,6e-04,7.4e-06,7e-04,"smoking","P1E5"
"6517","cg21345949",-0.0086,0.0019,7.4e-06,7e-04,"smoking","P1E5"
"6518","cg22558825",-0.0051,0.0011,7.4e-06,7e-04,"smoking","P1E5"
"6519","cg10400390",-0.0043,0.001,7.4e-06,7e-04,"smoking","P1E5"
"6520","cg22930549",-0.0063,0.0014,7.4e-06,7e-04,"smoking","P1E5"
"6521","cg07047068",0.0043,0.001,7.4e-06,7e-04,"smoking","P1E5"
"6522","cg00294109",-0.0053,0.0012,7.5e-06,7e-04,"smoking","P1E5"
"6523","cg24755459",0.0038,9e-04,7.5e-06,7e-04,"smoking","P1E5"
"6524","cg12559228",-0.0102,0.0023,7.5e-06,7e-04,"smoking","P1E5"
"6525","cg23651872",-0.0197,0.0044,7.5e-06,7e-04,"smoking","P1E5"
"6526","cg20608100",-0.0044,0.001,7.5e-06,7e-04,"smoking","P1E5"
"6527","cg18642503",0.0047,0.0011,7.5e-06,7e-04,"smoking","P1E5"
"6528","cg02633117",-0.0025,6e-04,7.6e-06,7e-04,"smoking","P1E5"
"6529","cg10786986",0.0055,0.0012,7.6e-06,7e-04,"smoking","P1E5"
"6530","cg07121900",-0.008,0.0018,7.6e-06,7e-04,"smoking","P1E5"
"6531","cg00254608",-0.0026,6e-04,7.6e-06,7e-04,"smoking","P1E5"
"6532","cg06447341",-0.0037,8e-04,7.6e-06,7e-04,"smoking","P1E5"
"6533","cg14716990",-0.013,0.0029,7.7e-06,7e-04,"smoking","P1E5"
"6534","cg19004971",-0.0032,7e-04,7.7e-06,7e-04,"smoking","P1E5"
"6535","cg09164206",0.0049,0.0011,7.7e-06,7e-04,"smoking","P1E5"
"6536","cg17624802",-0.0111,0.0025,7.7e-06,7e-04,"smoking","P1E5"
"6537","cg00637477",0.0059,0.0013,7.7e-06,7e-04,"smoking","P1E5"
"6538","cg20836212",0.0048,0.0011,7.7e-06,7e-04,"smoking","P1E5"
"6539","cg19078067",0.005,0.0011,7.7e-06,7e-04,"smoking","P1E5"
"6540","cg24610790",-0.0018,4e-04,7.7e-06,7e-04,"smoking","P1E5"
"6541","cg27182293",0.003,7e-04,7.7e-06,7e-04,"smoking","P1E5"
"6542","cg04793813",0.0051,0.0011,7.7e-06,7e-04,"smoking","P1E5"
"6543","cg04209035",-0.0049,0.0011,7.8e-06,7e-04,"smoking","P1E5"
"6544","cg16816603",0.0041,9e-04,7.8e-06,7e-04,"smoking","P1E5"
"6545","cg04065210",0.008,0.0018,7.8e-06,7e-04,"smoking","P1E5"
"6546","cg24453664",0.004,9e-04,7.8e-06,7e-04,"smoking","P1E5"
"6547","cg26390598",0.0161,0.0036,7.8e-06,7e-04,"smoking","P1E5"
"6548","cg16893174",-0.0065,0.0015,7.8e-06,7e-04,"smoking","P1E5"
"6549","cg27558387",-0.0089,0.002,7.8e-06,7e-04,"smoking","P1E5"
"6550","cg26936171",-0.0033,7e-04,7.8e-06,7e-04,"smoking","P1E5"
"6551","cg06560379",-0.0034,8e-04,7.8e-06,7e-04,"smoking","P1E5"
"6552","cg12113251",-0.0033,7e-04,7.8e-06,7e-04,"smoking","P1E5"
"6553","cg09414426",0.0047,0.0011,7.9e-06,7e-04,"smoking","P1E5"
"6554","cg13078421",0.0084,0.0019,7.9e-06,7e-04,"smoking","P1E5"
"6555","cg08684361",-0.0054,0.0012,7.9e-06,7e-04,"smoking","P1E5"
"6556","cg15611912",-0.0149,0.0033,7.9e-06,7e-04,"smoking","P1E5"
"6557","cg19335130",0.0075,0.0017,7.9e-06,7e-04,"smoking","P1E5"
"6558","cg03167633",0.01,0.0022,7.9e-06,7e-04,"smoking","P1E5"
"6559","cg13546736",-0.0055,0.0012,7.9e-06,7e-04,"smoking","P1E5"
"6560","cg11344744",-0.0055,0.0012,8e-06,7e-04,"smoking","P1E5"
"6561","cg15501231",0.0059,0.0013,8e-06,7e-04,"smoking","P1E5"
"6562","cg15179499",0.0021,5e-04,8e-06,7e-04,"smoking","P1E5"
"6563","cg02583252",-0.0041,9e-04,8e-06,7e-04,"smoking","P1E5"
"6564","cg23063070",-0.0042,9e-04,8e-06,7e-04,"smoking","P1E5"
"6565","cg13080716",-0.0027,6e-04,8e-06,7e-04,"smoking","P1E5"
"6566","cg22332066",0.0028,6e-04,8e-06,7e-04,"smoking","P1E5"
"6567","cg12724826",-0.0051,0.0011,8e-06,7e-04,"smoking","P1E5"
"6568","cg05808246",0.0094,0.0021,8e-06,7e-04,"smoking","P1E5"
"6569","cg24619276",0.0059,0.0013,8e-06,7e-04,"smoking","P1E5"
"6570","cg08867471",-0.0042,9e-04,8.1e-06,7e-04,"smoking","P1E5"
"6571","cg07480567",0.0027,6e-04,8.1e-06,7e-04,"smoking","P1E5"
"6572","cg17296078",0.0029,7e-04,8.1e-06,7e-04,"smoking","P1E5"
"6573","cg16477744",-0.0047,0.001,8.1e-06,7e-04,"smoking","P1E5"
"6574","cg06672696",-0.0061,0.0014,8.1e-06,7e-04,"smoking","P1E5"
"6575","cg25012185",0.0037,8e-04,8.1e-06,7e-04,"smoking","P1E5"
"6576","cg16958939",0.0061,0.0014,8.1e-06,7e-04,"smoking","P1E5"
"6577","cg24452821",0.0036,8e-04,8.1e-06,7e-04,"smoking","P1E5"
"6578","cg16582517",-0.0106,0.0024,8.1e-06,7e-04,"smoking","P1E5"
"6579","cg00642615",-0.0054,0.0012,8.1e-06,7e-04,"smoking","P1E5"
"6580","cg19653589",0.0063,0.0014,8.1e-06,7e-04,"smoking","P1E5"
"6581","cg21136371",-0.0078,0.0018,8.1e-06,7e-04,"smoking","P1E5"
"6582","cg22033061",-0.0034,8e-04,8.2e-06,7e-04,"smoking","P1E5"
"6583","cg19132462",-0.0057,0.0013,8.2e-06,7e-04,"smoking","P1E5"
"6584","cg18471488",0.0044,0.001,8.2e-06,7e-04,"smoking","P1E5"
"6585","cg14184886",-0.0118,0.0027,8.2e-06,7e-04,"smoking","P1E5"
"6586","cg16049691",0.0041,9e-04,8.2e-06,7e-04,"smoking","P1E5"
"6587","cg05331472",-0.003,7e-04,8.2e-06,7e-04,"smoking","P1E5"
"6588","cg10112017",0.0022,5e-04,8.2e-06,7e-04,"smoking","P1E5"
"6589","cg07067577",-0.0073,0.0016,8.2e-06,7e-04,"smoking","P1E5"
"6590","cg13292636",0.0015,3e-04,8.2e-06,7e-04,"smoking","P1E5"
"6591","cg06975166",-0.0022,5e-04,8.3e-06,7e-04,"smoking","P1E5"
"6592","cg13280788",-0.0071,0.0016,8.3e-06,7e-04,"smoking","P1E5"
"6593","cg23758703",-0.0074,0.0017,8.3e-06,7e-04,"smoking","P1E5"
"6594","cg07513791",0.0022,5e-04,8.3e-06,7e-04,"smoking","P1E5"
"6595","cg15459165",0.0067,0.0015,8.3e-06,7e-04,"smoking","P1E5"
"6596","cg18058230",0.0058,0.0013,8.3e-06,7e-04,"smoking","P1E5"
"6597","cg01868869",-0.0024,5e-04,8.3e-06,7e-04,"smoking","P1E5"
"6598","cg26885220",0.004,9e-04,8.3e-06,7e-04,"smoking","P1E5"
"6599","cg19637821",0.0068,0.0015,8.3e-06,7e-04,"smoking","P1E5"
"6600","cg19139589",0.0042,9e-04,8.3e-06,7e-04,"smoking","P1E5"
"6601","cg13073699",-0.0158,0.0036,8.3e-06,7e-04,"smoking","P1E5"
"6602","cg19064302",-0.0038,9e-04,8.4e-06,7e-04,"smoking","P1E5"
"6603","cg14400768",-0.0055,0.0012,8.4e-06,7e-04,"smoking","P1E5"
"6604","cg26130242",-0.0034,8e-04,8.4e-06,7e-04,"smoking","P1E5"
"6605","cg18346707",0.0052,0.0012,8.4e-06,7e-04,"smoking","P1E5"
"6606","cg04159546",-0.0072,0.0016,8.4e-06,7e-04,"smoking","P1E5"
"6607","cg24227728",-0.0044,0.001,8.4e-06,7e-04,"smoking","P1E5"
"6608","cg07739927",0.0037,8e-04,8.4e-06,7e-04,"smoking","P1E5"
"6609","cg14644418",-0.0127,0.0028,8.4e-06,7e-04,"smoking","P1E5"
"6610","cg03469471",-0.0045,0.001,8.4e-06,7e-04,"smoking","P1E5"
"6611","cg14354820",-0.0044,0.001,8.4e-06,7e-04,"smoking","P1E5"
"6612","cg25934064",-0.0032,7e-04,8.4e-06,7e-04,"smoking","P1E5"
"6613","cg16251626",0.0069,0.0015,8.4e-06,7e-04,"smoking","P1E5"
"6614","cg08549806",-0.0052,0.0012,8.4e-06,7e-04,"smoking","P1E5"
"6615","cg19978550",-0.0073,0.0016,8.4e-06,7e-04,"smoking","P1E5"
"6616","cg00254681",-0.0131,0.0029,8.5e-06,7e-04,"smoking","P1E5"
"6617","cg06598794",-0.0043,0.001,8.5e-06,7e-04,"smoking","P1E5"
"6618","cg14404746",-0.0057,0.0013,8.5e-06,7e-04,"smoking","P1E5"
"6619","cg13969674",0.0048,0.0011,8.5e-06,7e-04,"smoking","P1E5"
"6620","cg20664247",-0.0082,0.0018,8.5e-06,7e-04,"smoking","P1E5"
"6621","cg16684661",-0.0057,0.0013,8.5e-06,7e-04,"smoking","P1E5"
"6622","cg08805054",-0.006,0.0014,8.6e-06,7e-04,"smoking","P1E5"
"6623","cg21822834",-0.0022,5e-04,8.6e-06,7e-04,"smoking","P1E5"
"6624","cg24150662",-0.0049,0.0011,8.6e-06,7e-04,"smoking","P1E5"
"6625","cg17295878",-0.0214,0.0048,8.6e-06,7e-04,"smoking","P1E5"
"6626","cg19799702",0.0048,0.0011,8.6e-06,7e-04,"smoking","P1E5"
"6627","cg11481582",-0.007,0.0016,8.6e-06,7e-04,"smoking","P1E5"
"6628","cg12324629",-0.0071,0.0016,8.6e-06,7e-04,"smoking","P1E5"
"6629","cg03598297",-0.004,9e-04,8.6e-06,7e-04,"smoking","P1E5"
"6630","cg17942851",0.0039,9e-04,8.6e-06,7e-04,"smoking","P1E5"
"6631","cg18248586",0.0059,0.0013,8.6e-06,7e-04,"smoking","P1E5"
"6632","cg08241785",0.0044,0.001,8.6e-06,7e-04,"smoking","P1E5"
"6633","cg19457763",0.0024,5e-04,8.6e-06,7e-04,"smoking","P1E5"
"6634","cg00065905",0.0031,7e-04,8.7e-06,7e-04,"smoking","P1E5"
"6635","cg15173134",0.0047,0.001,8.7e-06,7e-04,"smoking","P1E5"
"6636","cg27339256",-0.0041,9e-04,8.7e-06,7e-04,"smoking","P1E5"
"6637","cg03735496",0.0062,0.0014,8.7e-06,7e-04,"smoking","P1E5"
"6638","cg12160258",0.005,0.0011,8.7e-06,7e-04,"smoking","P1E5"
"6639","cg15315056",0.003,7e-04,8.7e-06,7e-04,"smoking","P1E5"
"6640","cg18115406",0.0039,9e-04,8.7e-06,8e-04,"smoking","P1E5"
"6641","cg04347477",0.0073,0.0017,8.8e-06,8e-04,"smoking","P1E5"
"6642","cg01059704",-0.0068,0.0015,8.8e-06,8e-04,"smoking","P1E5"
"6643","cg05790451",0.0062,0.0014,8.8e-06,8e-04,"smoking","P1E5"
"6644","cg26923863",0.0049,0.0011,8.8e-06,8e-04,"smoking","P1E5"
"6645","cg04632887",0.0065,0.0015,8.8e-06,8e-04,"smoking","P1E5"
"6646","cg01229567",-0.0057,0.0013,8.8e-06,8e-04,"smoking","P1E5"
"6647","cg08163163",-0.0038,8e-04,8.8e-06,8e-04,"smoking","P1E5"
"6648","cg23256579",0.0128,0.0029,8.8e-06,8e-04,"smoking","P1E5"
"6649","cg12711054",0.0045,0.001,8.8e-06,8e-04,"smoking","P1E5"
"6650","cg15055101",-0.0087,0.002,8.8e-06,8e-04,"smoking","P1E5"
"6651","cg27640528",0.0058,0.0013,8.9e-06,8e-04,"smoking","P1E5"
"6652","cg27324619",-0.0103,0.0023,8.9e-06,8e-04,"smoking","P1E5"
"6653","cg21134182",-0.0042,0.001,8.9e-06,8e-04,"smoking","P1E5"
"6654","cg16389709",-0.0016,4e-04,8.9e-06,8e-04,"smoking","P1E5"
"6655","cg06676637",0.0046,0.001,8.9e-06,8e-04,"smoking","P1E5"
"6656","cg20855296",0.0056,0.0013,8.9e-06,8e-04,"smoking","P1E5"
"6657","cg24020157",0.0077,0.0017,8.9e-06,8e-04,"smoking","P1E5"
"6658","cg21383495",-0.0035,8e-04,9e-06,8e-04,"smoking","P1E5"
"6659","cg17503456",0.0021,5e-04,9e-06,8e-04,"smoking","P1E5"
"6660","cg27130302",-8e-04,2e-04,9e-06,8e-04,"smoking","P1E5"
"6661","cg05043311",0.0042,9e-04,9e-06,8e-04,"smoking","P1E5"
"6662","cg07630931",0.0025,6e-04,9e-06,8e-04,"smoking","P1E5"
"6663","cg24452347",0.0077,0.0017,9e-06,8e-04,"smoking","P1E5"
"6664","cg02901006",0.005,0.0011,9e-06,8e-04,"smoking","P1E5"
"6665","cg13394182",0.0064,0.0014,9e-06,8e-04,"smoking","P1E5"
"6666","cg07016556",-0.0053,0.0012,9.1e-06,8e-04,"smoking","P1E5"
"6667","cg26013992",0.0062,0.0014,9.1e-06,8e-04,"smoking","P1E5"
"6668","cg17364114",0.0059,0.0013,9.1e-06,8e-04,"smoking","P1E5"
"6669","cg09138892",0.0064,0.0015,9.1e-06,8e-04,"smoking","P1E5"
"6670","cg13314965",0.0047,0.0011,9.1e-06,8e-04,"smoking","P1E5"
"6671","cg06494782",-0.006,0.0013,9.1e-06,8e-04,"smoking","P1E5"
"6672","cg17501982",-0.0047,0.0011,9.1e-06,8e-04,"smoking","P1E5"
"6673","cg07638500",-0.0044,0.001,9.2e-06,8e-04,"smoking","P1E5"
"6674","cg00624799",-0.0029,6e-04,9.2e-06,8e-04,"smoking","P1E5"
"6675","cg14030402",0.0037,8e-04,9.2e-06,8e-04,"smoking","P1E5"
"6676","cg02699834",0.0051,0.0011,9.2e-06,8e-04,"smoking","P1E5"
"6677","cg16317457",-0.0074,0.0017,9.2e-06,8e-04,"smoking","P1E5"
"6678","cg08507178",-0.0065,0.0015,9.2e-06,8e-04,"smoking","P1E5"
"6679","cg06659727",0.0065,0.0015,9.2e-06,8e-04,"smoking","P1E5"
"6680","cg03636488",0.0084,0.0019,9.2e-06,8e-04,"smoking","P1E5"
"6681","cg00770316",-0.0045,0.001,9.2e-06,8e-04,"smoking","P1E5"
"6682","cg27323011",-0.0016,4e-04,9.2e-06,8e-04,"smoking","P1E5"
"6683","cg00175403",-0.006,0.0014,9.2e-06,8e-04,"smoking","P1E5"
"6684","cg24916358",0.0065,0.0015,9.2e-06,8e-04,"smoking","P1E5"
"6685","cg06630869",-0.0021,5e-04,9.2e-06,8e-04,"smoking","P1E5"
"6686","cg14127188",0.0063,0.0014,9.2e-06,8e-04,"smoking","P1E5"
"6687","cg03027354",0.0028,6e-04,9.2e-06,8e-04,"smoking","P1E5"
"6688","cg06927323",0.0098,0.0022,9.3e-06,8e-04,"smoking","P1E5"
"6689","cg02891579",0.003,7e-04,9.3e-06,8e-04,"smoking","P1E5"
"6690","cg19808205",0.0028,6e-04,9.3e-06,8e-04,"smoking","P1E5"
"6691","cg20949306",0.0028,6e-04,9.3e-06,8e-04,"smoking","P1E5"
"6692","cg09878914",-0.0028,6e-04,9.3e-06,8e-04,"smoking","P1E5"
"6693","cg16437021",0.0067,0.0015,9.4e-06,8e-04,"smoking","P1E5"
"6694","cg24433016",0.0086,0.0019,9.4e-06,8e-04,"smoking","P1E5"
"6695","cg08506869",-0.011,0.0025,9.4e-06,8e-04,"smoking","P1E5"
"6696","cg06182359",-0.0044,0.001,9.4e-06,8e-04,"smoking","P1E5"
"6697","cg26905258",-0.0077,0.0017,9.4e-06,8e-04,"smoking","P1E5"
"6698","cg03583857",0.004,9e-04,9.4e-06,8e-04,"smoking","P1E5"
"6699","cg09269866",0.0054,0.0012,9.4e-06,8e-04,"smoking","P1E5"
"6700","cg10483871",-0.0024,5e-04,9.5e-06,8e-04,"smoking","P1E5"
"6701","cg24849633",0.0046,0.001,9.5e-06,8e-04,"smoking","P1E5"
"6702","cg20744437",-0.002,5e-04,9.5e-06,8e-04,"smoking","P1E5"
"6703","cg22236626",-0.0031,7e-04,9.5e-06,8e-04,"smoking","P1E5"
"6704","cg08129331",0.0062,0.0014,9.5e-06,8e-04,"smoking","P1E5"
"6705","cg19761273",-0.0048,0.0011,9.5e-06,8e-04,"smoking","P1E5"
"6706","cg19531230",0.0064,0.0014,9.5e-06,8e-04,"smoking","P1E5"
"6707","cg18396403",-0.006,0.0014,9.5e-06,8e-04,"smoking","P1E5"
"6708","cg25636481",-0.0081,0.0018,9.5e-06,8e-04,"smoking","P1E5"
"6709","cg23092823",0.0025,6e-04,9.5e-06,8e-04,"smoking","P1E5"
"6710","cg16588163",0.0058,0.0013,9.5e-06,8e-04,"smoking","P1E5"
"6711","cg19407095",0.005,0.0011,9.5e-06,8e-04,"smoking","P1E5"
"6712","cg13679772",0.0106,0.0024,9.5e-06,8e-04,"smoking","P1E5"
"6713","cg03567830",0.0035,8e-04,9.6e-06,8e-04,"smoking","P1E5"
"6714","cg02121447",0.0065,0.0015,9.6e-06,8e-04,"smoking","P1E5"
"6715","cg03144643",0.0014,3e-04,9.6e-06,8e-04,"smoking","P1E5"
"6716","cg24576804",-0.0041,9e-04,9.6e-06,8e-04,"smoking","P1E5"
"6717","cg06976485",-0.0056,0.0013,9.6e-06,8e-04,"smoking","P1E5"
"6718","cg05136169",0.0053,0.0012,9.6e-06,8e-04,"smoking","P1E5"
"6719","cg19783291",0.0063,0.0014,9.6e-06,8e-04,"smoking","P1E5"
"6720","cg10126903",0.0025,6e-04,9.7e-06,8e-04,"smoking","P1E5"
"6721","cg09245302",-0.0024,6e-04,9.7e-06,8e-04,"smoking","P1E5"
"6722","cg23534245",-0.0091,0.0021,9.7e-06,8e-04,"smoking","P1E5"
"6723","cg07013734",0.0023,5e-04,9.7e-06,8e-04,"smoking","P1E5"
"6724","cg04861271",0.0047,0.0011,9.7e-06,8e-04,"smoking","P1E5"
"6725","cg01887374",-0.0159,0.0036,9.7e-06,8e-04,"smoking","P1E5"
"6726","cg07092805",0.0062,0.0014,9.7e-06,8e-04,"smoking","P1E5"
"6727","cg01798157",-0.0162,0.0037,9.7e-06,8e-04,"smoking","P1E5"
"6728","cg26585452",-0.0063,0.0014,9.8e-06,8e-04,"smoking","P1E5"
"6729","cg07016730",-0.0036,8e-04,9.8e-06,8e-04,"smoking","P1E5"
"6730","cg21657955",-0.0029,7e-04,9.8e-06,8e-04,"smoking","P1E5"
"6731","cg08889843",-0.0052,0.0012,9.8e-06,8e-04,"smoking","P1E5"
"6732","cg14901243",-0.0128,0.0029,9.8e-06,8e-04,"smoking","P1E5"
"6733","cg09276842",-0.0045,0.001,9.8e-06,8e-04,"smoking","P1E5"
"6734","cg11804414",0.006,0.0014,9.8e-06,8e-04,"smoking","P1E5"
"6735","cg15696506",-0.0081,0.0018,9.8e-06,8e-04,"smoking","P1E5"
"6736","cg20534570",0.0057,0.0013,9.8e-06,8e-04,"smoking","P1E5"
"6737","cg03962950",-0.0042,0.001,9.9e-06,8e-04,"smoking","P1E5"
"6738","cg00971396",-0.0016,4e-04,9.9e-06,8e-04,"smoking","P1E5"
"6739","cg05851542",-0.0032,7e-04,9.9e-06,8e-04,"smoking","P1E5"
"6740","cg04794268",-0.0075,0.0017,9.9e-06,8e-04,"smoking","P1E5"
"6741","cg02640306",-0.000662419,0.000139139,1.93e-06,0.25700891,"TOXAPHENE","P1E5"
"6742","cg09954849",-0.001255386,0.000273821,4.55e-06,0.294857308,"TOXAPHENE","P1E5"
"6743","cg11064521",-0.014936745,0.002802207,9.8e-08,0.055720302,"TOXAPHENE","P1E5"
"6744","cg22114068",-0.003494643,0.000745001,2.72e-06,0.25700891,"TOXAPHENE","P1E5"
"6745","cg22933154",0.000708099,0.000158946,8.39e-06,0.319509167,"TOXAPHENE","P1E5"
"6746","cg09731694",-0.00052,1e-04,3.2e-07,NA,"pm2_5","P1E5"
"6747","cg01948201",-0.00064,0.00013,6.9e-07,NA,"pm2_5","P1E5"
"6748","cg07316313",-0.00067,0.00014,1.2e-06,NA,"pm2_5","P1E5"
"6749","cg24988255",-0.00077,0.00016,1.6e-06,NA,"pm2_5","P1E5"
"6750","cg18580296",-3e-04,6.2e-05,2e-06,NA,"pm2_5","P1E5"
"6751","cg15201877",-0.00065,0.00014,3.4e-06,NA,"pm2_5","P1E5"
"6752","cg15232798",-0.00047,1e-04,4.3e-06,NA,"pm2_5","P1E5"
"6753","cg22453435",0.00067,0.00015,5.5e-06,NA,"pm2_5","P1E5"
"6754","cg21632975",-7e-04,0.00016,6.1e-06,NA,"pm2_5","P1E5"
"6755","cg02341815",-0.00038,8.6e-05,9.2e-06,NA,"pm2_5","P1E5"
"6756","cg12124767",-0.00054,1e-04,1e-07,NA,"pm2_510","P1E5"
"6757","cg14590325",-0.00083,0.00016,5.2e-07,NA,"pm2_510","P1E5"
"6758","cg01065977",0.00103,0.00022,1.8e-06,NA,"pm2_510","P1E5"
"6759","cg07878955",-0.00031,6.6e-05,2.8e-06,NA,"pm2_510","P1E5"
"6760","cg02656060",0.00034,7.4e-05,3.1e-06,NA,"pm2_510","P1E5"
"6761","cg15153957",-0.00066,0.00014,3.4e-06,NA,"pm2_510","P1E5"
"6762","cg21080533",-0.00051,0.00011,3.9e-06,NA,"pm2_510","P1E5"
"6763","cg19757253",-0.00014,3e-05,4.7e-06,NA,"pm2_510","P1E5"
"6764","cg12787553",0.00039,8.5e-05,5.1e-06,NA,"pm2_510","P1E5"
"6765","cg24950222",0.00075,0.00016,5.4e-06,NA,"pm2_510","P1E5"
"6766","cg16061656",-0.00053,0.00012,5.8e-06,NA,"pm2_510","P1E5"
"6767","cg16641638",0.00098,0.00022,6.5e-06,NA,"pm2_510","P1E5"
"6768","cg24405999",-0.00115,0.00026,6.8e-06,NA,"pm2_510","P1E5"
"6769","cg09750646",0.00025,5.5e-05,7.3e-06,NA,"pm2_510","P1E5"
"6770","cg26189067",0.00021,4.8e-05,8.3e-06,NA,"pm2_510","P1E5"
"6771","cg02851558",0.00087,0.00019,8.4e-06,NA,"pm2_510","P1E5"
"6772","cg04908668",-0.012,0.002,7.9e-09,NA,"NO2","P1E5"
"6773","cg14938677",0.023,0.004,1e-08,NA,"NO2","P1E5"
"6774","cg00344801",-0.028,0.0051,2.4e-08,NA,"NO2","P1E5"
"6775","cg18379295",0.02,0.0037,3.5e-08,NA,"NO2","P1E5"
"6776","cg25769469",0.035,0.0063,3.7e-08,NA,"NO2","P1E5"
"6777","cg08500171",0.024,0.0044,9.8e-08,NA,"NO2","P1E5"
"6778","cg02276314",0.024,0.0046,1.6e-07,NA,"NO2","P1E5"
"6779","cg03302822",-0.019,0.0037,2e-07,NA,"NO2","P1E5"
"6780","cg06713373",-0.014,0.0027,2e-07,NA,"NO2","P1E5"
"6781","cg12047086",-0.011,0.0022,2e-07,NA,"NO2","P1E5"
"6782","cg13897348",0.028,0.0053,1.9e-07,NA,"NO2","P1E5"
"6783","cg23975840",0.034,0.0065,1.2e-07,NA,"NO2","P1E5"
"6784","cg24637261",-0.017,0.0032,1.8e-07,NA,"NO2","P1E5"
"6785","cg26413730",-0.012,0.0023,1.7e-07,NA,"NO2","P1E5"
"6786","cg15007123",-0.015,0.003,2.3e-07,NA,"NO2","P1E5"
"6787","cg00524900",0.03,0.0059,4.2e-07,NA,"NO2","P1E5"
"6788","cg00719568",-0.019,0.0037,6.7e-07,NA,"NO2","P1E5"
"6789","cg01296347",-0.0092,0.0019,6e-07,NA,"NO2","P1E5"
"6790","cg03600432",-0.013,0.0027,6.9e-07,NA,"NO2","P1E5"
"6791","cg03935956",0.015,0.003,5.6e-07,NA,"NO2","P1E5"
"6792","cg05587400",0.027,0.0055,5.8e-07,NA,"NO2","P1E5"
"6793","cg10874314",0.028,0.0054,3.3e-07,NA,"NO2","P1E5"
"6794","cg11358199",-0.025,0.005,6.1e-07,NA,"NO2","P1E5"
"6795","cg13255542",0.032,0.0065,6.5e-07,NA,"NO2","P1E5"
"6796","cg14180696",-0.021,0.0043,5.7e-07,NA,"NO2","P1E5"
"6797","cg17620335",0.031,0.006,4.7e-07,NA,"NO2","P1E5"
"6798","cg17805199",0.014,0.0028,4.3e-07,NA,"NO2","P1E5"
"6799","cg21435375",0.016,0.0032,3.6e-07,NA,"NO2","P1E5"
"6800","cg21727145",0.027,0.0053,4.4e-07,NA,"NO2","P1E5"
"6801","cg22488278",-0.018,0.0034,3e-07,NA,"NO2","P1E5"
"6802","cg22992279",0.03,0.0059,5.3e-07,NA,"NO2","P1E5"
"6803","cg23346237",-0.024,0.0048,6.4e-07,NA,"NO2","P1E5"
"6804","cg24302127",-0.014,0.0028,6.7e-07,NA,"NO2","P1E5"
"6805","cg25436766",-0.017,0.0035,6.2e-07,NA,"NO2","P1E5"
"6806","cg25887844",0.02,0.004,6.4e-07,NA,"NO2","P1E5"
"6807","cg08855705",-0.015,0.003,7.5e-07,NA,"NO2","P1E5"
"6808","cg09164206",-0.015,0.0029,8.1e-07,NA,"NO2","P1E5"
"6809","cg10453758",0.025,0.0051,7.6e-07,NA,"NO2","P1E5"
"6810","cg16346032",0.033,0.0066,8e-07,NA,"NO2","P1E5"
"6811","cg17479280",-0.03,0.0061,7.9e-07,NA,"NO2","P1E5"
"6812","cg22160073",-0.018,0.0036,8.1e-07,NA,"NO2","P1E5"
"6813","cg22809726",0.013,0.0026,7.3e-07,NA,"NO2","P1E5"
"6814","cg10665891",0.036,0.0073,8.3e-07,NA,"NO2","P1E5"
"6815","cg06098215",0.031,0.0063,8.6e-07,NA,"NO2","P1E5"
"6816","cg27287951",-0.02,0.004,8.9e-07,NA,"NO2","P1E5"
"6817","cg07561747",0.032,0.0065,9.4e-07,NA,"NO2","P1E5"
"6818","cg19570897",0.022,0.0045,9.3e-07,NA,"NO2","P1E5"
"6819","cg01407861",0.024,0.0049,1e-06,NA,"NO2","P1E5"
"6820","cg07092805",0.025,0.0051,1e-06,NA,"NO2","P1E5"
"6821","cg10123201",0.014,0.0029,1e-06,NA,"NO2","P1E5"
"6822","cg26101277",0.019,0.004,1e-06,NA,"NO2","P1E5"
"6823","cg00907842",0.031,0.0063,1.3e-06,NA,"NO2","P1E5"
"6824","cg01267797",0.024,0.0051,1.4e-06,NA,"NO2","P1E5"
"6825","cg01426713",0.031,0.0064,1.3e-06,NA,"NO2","P1E5"
"6826","cg03836615",0.023,0.0049,1.4e-06,NA,"NO2","P1E5"
"6827","cg06504636",-0.019,0.0038,1.4e-06,NA,"NO2","P1E5"
"6828","cg10708955",0.024,0.0049,1.3e-06,NA,"NO2","P1E5"
"6829","cg13059136",0.032,0.0067,1.3e-06,NA,"NO2","P1E5"
"6830","cg13439189",-0.022,0.0045,1.3e-06,NA,"NO2","P1E5"
"6831","cg13712012",-0.014,0.0029,1.5e-06,NA,"NO2","P1E5"
"6832","cg14469436",0.019,0.0039,1.4e-06,NA,"NO2","P1E5"
"6833","cg15188939",-0.018,0.0038,1.3e-06,NA,"NO2","P1E5"
"6834","cg15256491",-0.015,0.003,1.5e-06,NA,"NO2","P1E5"
"6835","cg16782719",-0.015,0.0032,1.2e-06,NA,"NO2","P1E5"
"6836","cg18089335",0.017,0.0035,1.2e-06,NA,"NO2","P1E5"
"6837","cg19774351",0.015,0.0031,1.3e-06,NA,"NO2","P1E5"
"6838","cg23320499",0.019,0.0039,1.2e-06,NA,"NO2","P1E5"
"6839","cg26043955",-0.02,0.004,1.4e-06,NA,"NO2","P1E5"
"6840","cg27031754",-0.018,0.0038,1.3e-06,NA,"NO2","P1E5"
"6841","cg05798664",0.033,0.0068,1.5e-06,NA,"NO2","P1E5"
"6842","cg10615580",0.024,0.005,1.5e-06,NA,"NO2","P1E5"
"6843","cg00249503",0.018,0.0039,1.7e-06,NA,"NO2","P1E5"
"6844","cg02162605",-0.018,0.0037,1.8e-06,NA,"NO2","P1E5"
"6845","cg05586209",0.013,0.0027,1.7e-06,NA,"NO2","P1E5"
"6846","cg05830425",0.037,0.0077,1.7e-06,NA,"NO2","P1E5"
"6847","cg09718037",0.029,0.006,1.9e-06,NA,"NO2","P1E5"
"6848","cg10048215",0.01,0.0021,1.9e-06,NA,"NO2","P1E5"
"6849","cg10283505",0.028,0.0058,1.7e-06,NA,"NO2","P1E5"
"6850","cg11944324",-0.0091,0.0019,1.9e-06,NA,"NO2","P1E5"
"6851","cg12019801",0.03,0.0062,1.9e-06,NA,"NO2","P1E5"
"6852","cg13628057",-0.018,0.0037,1.9e-06,NA,"NO2","P1E5"
"6853","cg14192130",-0.025,0.0051,1.7e-06,NA,"NO2","P1E5"
"6854","cg16256390",0.0088,0.0018,1.8e-06,NA,"NO2","P1E5"
"6855","cg16305292",0.023,0.0049,1.8e-06,NA,"NO2","P1E5"
"6856","cg25017584",-0.018,0.0037,1.7e-06,NA,"NO2","P1E5"
"6857","cg26678144",-0.016,0.0034,1.7e-06,NA,"NO2","P1E5"
"6858","cg26775538",0.03,0.0063,1.6e-06,NA,"NO2","P1E5"
"6859","cg04664309",-0.013,0.0028,2e-06,NA,"NO2","P1E5"
"6860","cg13464573",0.026,0.0054,1.9e-06,NA,"NO2","P1E5"
"6861","cg00517080",-0.022,0.0047,2e-06,NA,"NO2","P1E5"
"6862","cg01982788",0.0072,0.0015,2e-06,NA,"NO2","P1E5"
"6863","cg08287903",-0.024,0.0051,2.1e-06,NA,"NO2","P1E5"
"6864","cg21842916",0.019,0.004,2.1e-06,NA,"NO2","P1E5"
"6865","cg00705730",0.043,0.009,2.3e-06,NA,"NO2","P1E5"
"6866","cg04179740",0.024,0.0051,2.2e-06,NA,"NO2","P1E5"
"6867","cg04392554",-0.032,0.0067,2.4e-06,NA,"NO2","P1E5"
"6868","cg07301329",0.013,0.0027,2.3e-06,NA,"NO2","P1E5"
"6869","cg09170397",-0.0071,0.0015,2.4e-06,NA,"NO2","P1E5"
"6870","cg16509045",0.032,0.0069,2.3e-06,NA,"NO2","P1E5"
"6871","cg21338225",0.012,0.0026,2.4e-06,NA,"NO2","P1E5"
"6872","cg22249612",0.031,0.0065,2.3e-06,NA,"NO2","P1E5"
"6873","cg24561419",0.031,0.0066,2.4e-06,NA,"NO2","P1E5"
"6874","cg26618703",0.022,0.0047,2.4e-06,NA,"NO2","P1E5"
"6875","cg27389255",0.016,0.0034,2.2e-06,NA,"NO2","P1E5"
"6876","cg15464148",-0.017,0.0037,2.5e-06,NA,"NO2","P1E5"
"6877","cg16947583",-0.018,0.0038,2.5e-06,NA,"NO2","P1E5"
"6878","cg19056664",-0.018,0.0038,2.7e-06,NA,"NO2","P1E5"
"6879","cg16387467",0.02,0.0042,2.7e-06,NA,"NO2","P1E5"
"6880","cg12978253",0.016,0.0034,2.7e-06,NA,"NO2","P1E5"
"6881","cg04252938",-0.0085,0.0018,2.8e-06,NA,"NO2","P1E5"
"6882","cg08791234",0.0043,0.00091,2.8e-06,NA,"NO2","P1E5"
"6883","cg01632240",0.029,0.0062,3.1e-06,NA,"NO2","P1E5"
"6884","cg02309841",0.031,0.0065,3e-06,NA,"NO2","P1E5"
"6885","cg11231069",-0.024,0.005,2.9e-06,NA,"NO2","P1E5"
"6886","cg13290785",-0.011,0.0024,3e-06,NA,"NO2","P1E5"
"6887","cg14843030",-0.012,0.0027,3e-06,NA,"NO2","P1E5"
"6888","cg24137660",-0.027,0.0058,3.1e-06,NA,"NO2","P1E5"
"6889","cg13488811",0.04,0.0086,3.1e-06,NA,"NO2","P1E5"
"6890","cg18745131",0.0065,0.0014,3.1e-06,NA,"NO2","P1E5"
"6891","cg08949656",0.012,0.0026,3.3e-06,NA,"NO2","P1E5"
"6892","cg12136387",0.026,0.0056,3.3e-06,NA,"NO2","P1E5"
"6893","cg16575998",-0.0096,0.0021,3.3e-06,NA,"NO2","P1E5"
"6894","cg22013370",-0.015,0.0033,3.2e-06,NA,"NO2","P1E5"
"6895","cg02060682",0.03,0.0064,3.4e-06,NA,"NO2","P1E5"
"6896","cg22729539",0.023,0.005,3.5e-06,NA,"NO2","P1E5"
"6897","cg06806711",-0.02,0.0044,3.5e-06,NA,"NO2","P1E5"
"6898","cg08077673",0.011,0.0024,3.6e-06,NA,"NO2","P1E5"
"6899","cg09009788",0.02,0.0043,3.6e-06,NA,"NO2","P1E5"
"6900","cg06686156",-0.0098,0.0021,3.6e-06,NA,"NO2","P1E5"
"6901","cg01368900",-0.018,0.004,4e-06,NA,"NO2","P1E5"
"6902","cg01966878",0.035,0.0075,3.9e-06,NA,"NO2","P1E5"
"6903","cg03726817",0.024,0.0053,3.8e-06,NA,"NO2","P1E5"
"6904","cg03819286",0.021,0.0046,4e-06,NA,"NO2","P1E5"
"6905","cg04425005",0.023,0.0049,3.9e-06,NA,"NO2","P1E5"
"6906","cg11503710",-0.013,0.0027,3.8e-06,NA,"NO2","P1E5"
"6907","cg13491737",0.017,0.0036,3.9e-06,NA,"NO2","P1E5"
"6908","cg15953461",-0.018,0.004,3.9e-06,NA,"NO2","P1E5"
"6909","cg18464823",-0.021,0.0046,3.9e-06,NA,"NO2","P1E5"
"6910","cg27406919",0.0083,0.0018,3.8e-06,NA,"NO2","P1E5"
"6911","cg07147033",0.03,0.0065,4e-06,NA,"NO2","P1E5"
"6912","cg02164225",0.0063,0.0014,4.1e-06,NA,"NO2","P1E5"
"6913","cg08471335",-0.024,0.0053,4.2e-06,NA,"NO2","P1E5"
"6914","cg11133963",-0.016,0.0035,4.3e-06,NA,"NO2","P1E5"
"6915","cg11376341",0.032,0.007,4.2e-06,NA,"NO2","P1E5"
"6916","cg13076829",-0.015,0.0033,4.3e-06,NA,"NO2","P1E5"
"6917","cg24748448",-0.0097,0.0021,4.3e-06,NA,"NO2","P1E5"
"6918","cg26292442",0.0091,0.002,4.1e-06,NA,"NO2","P1E5"
"6919","cg26761618",0.021,0.0045,4.1e-06,NA,"NO2","P1E5"
"6920","cg05257528",0.025,0.0055,4.3e-06,NA,"NO2","P1E5"
"6921","cg00920892",-0.023,0.0049,4.4e-06,NA,"NO2","P1E5"
"6922","cg20977024",-0.016,0.0034,4.4e-06,NA,"NO2","P1E5"
"6923","cg00077017",-0.0038,0.00084,4.6e-06,NA,"NO2","P1E5"
"6924","cg10333594",0.01,0.0022,4.7e-06,NA,"NO2","P1E5"
"6925","cg15410418",0.03,0.0066,4.7e-06,NA,"NO2","P1E5"
"6926","cg06785429",-0.012,0.0027,4.8e-06,NA,"NO2","P1E5"
"6927","cg05778424",0.023,0.005,5e-06,NA,"NO2","P1E5"
"6928","cg25573640",0.034,0.0075,5e-06,NA,"NO2","P1E5"
"6929","cg25979244",-0.0085,0.0019,5e-06,NA,"NO2","P1E5"
"6930","cg26714425",0.019,0.0041,5e-06,NA,"NO2","P1E5"
"6931","cg11198596",0.024,0.0053,5.2e-06,NA,"NO2","P1E5"
"6932","cg00955451",-0.014,0.0031,5.3e-06,NA,"NO2","P1E5"
"6933","cg01001049",0.014,0.003,5.4e-06,NA,"NO2","P1E5"
"6934","cg04554122",0.029,0.0064,5.5e-06,NA,"NO2","P1E5"
"6935","cg04590170",0.031,0.0068,5.4e-06,NA,"NO2","P1E5"
"6936","cg07205154",-0.019,0.0042,5.5e-06,NA,"NO2","P1E5"
"6937","cg14506192",-0.025,0.0055,5.5e-06,NA,"NO2","P1E5"
"6938","cg14715602",0.012,0.0025,5.4e-06,NA,"NO2","P1E5"
"6939","cg14801864",0.024,0.0053,5.4e-06,NA,"NO2","P1E5"
"6940","cg14932313",0.022,0.0048,5.6e-06,NA,"NO2","P1E5"
"6941","cg15835232",0.0066,0.0014,5.5e-06,NA,"NO2","P1E5"
"6942","cg20623506",0.0098,0.0022,5.5e-06,NA,"NO2","P1E5"
"6943","cg26785882",-0.011,0.0024,5.6e-06,NA,"NO2","P1E5"
"6944","cg01692842",0.034,0.0074,5.7e-06,NA,"NO2","P1E5"
"6945","cg16371518",0.0093,0.0021,5.6e-06,NA,"NO2","P1E5"
"6946","cg27666046",-0.03,0.0065,5.7e-06,NA,"NO2","P1E5"
"6947","cg23013137",-0.022,0.0049,5.7e-06,NA,"NO2","P1E5"
"6948","cg02343628",0.031,0.0069,5.7e-06,NA,"NO2","P1E5"
"6949","cg05921138",-0.015,0.0034,5.9e-06,NA,"NO2","P1E5"
"6950","cg07978738",0.013,0.0028,5.8e-06,NA,"NO2","P1E5"
"6951","cg08122070",0.033,0.0073,6e-06,NA,"NO2","P1E5"
"6952","cg22707438",0.013,0.003,6e-06,NA,"NO2","P1E5"
"6953","cg02757609",0.018,0.004,6.1e-06,NA,"NO2","P1E5"
"6954","cg07728579",-0.016,0.0036,6.1e-06,NA,"NO2","P1E5"
"6955","cg13622546",0.031,0.0069,6.1e-06,NA,"NO2","P1E5"
"6956","cg16000989",0.033,0.0072,6.1e-06,NA,"NO2","P1E5"
"6957","cg00901675",-0.019,0.0043,7.1e-06,NA,"NO2","P1E5"
"6958","cg01448863",0.031,0.0069,6.2e-06,NA,"NO2","P1E5"
"6959","cg01840419",0.018,0.0039,6.4e-06,NA,"NO2","P1E5"
"6960","cg02117271",0.015,0.0034,7.3e-06,NA,"NO2","P1E5"
"6961","cg02663352",-0.015,0.0034,7.4e-06,NA,"NO2","P1E5"
"6962","cg04126957",0.023,0.0052,7.2e-06,NA,"NO2","P1E5"
"6963","cg05168229",0.018,0.0039,6.4e-06,NA,"NO2","P1E5"
"6964","cg05928448",0.014,0.0032,6.6e-06,NA,"NO2","P1E5"
"6965","cg06867755",0.032,0.0073,7.3e-06,NA,"NO2","P1E5"
"6966","cg08078028",0.033,0.0073,7.1e-06,NA,"NO2","P1E5"
"6967","cg08691235",0.026,0.0057,6.5e-06,NA,"NO2","P1E5"
"6968","cg09501509",0.032,0.0071,7e-06,NA,"NO2","P1E5"
"6969","cg10752508",0.032,0.0072,7e-06,NA,"NO2","P1E5"
"6970","cg10941749",-0.014,0.0031,6.2e-06,NA,"NO2","P1E5"
"6971","cg13740187",0.016,0.0036,6.8e-06,NA,"NO2","P1E5"
"6972","cg13836518",0.019,0.0042,6.4e-06,NA,"NO2","P1E5"
"6973","cg15086439",0.035,0.0078,6.5e-06,NA,"NO2","P1E5"
"6974","cg15279800",0.013,0.0029,6.9e-06,NA,"NO2","P1E5"
"6975","cg15975802",0.017,0.0038,7.3e-06,NA,"NO2","P1E5"
"6976","cg16671238",0.016,0.0035,7.4e-06,NA,"NO2","P1E5"
"6977","cg17023419",-0.014,0.0032,7.4e-06,NA,"NO2","P1E5"
"6978","cg17566718",-0.0063,0.0014,7.4e-06,NA,"NO2","P1E5"
"6979","cg17572056",0.027,0.006,6.9e-06,NA,"NO2","P1E5"
"6980","cg18286323",-0.0064,0.0014,6.4e-06,NA,"NO2","P1E5"
"6981","cg18535415",0.023,0.0052,7.3e-06,NA,"NO2","P1E5"
"6982","cg19348272",-0.013,0.003,6.6e-06,NA,"NO2","P1E5"
"6983","cg19645534",-0.011,0.0024,7e-06,NA,"NO2","P1E5"
"6984","cg19741273",0.018,0.0041,6.9e-06,NA,"NO2","P1E5"
"6985","cg20952652",0.025,0.0055,7e-06,NA,"NO2","P1E5"
"6986","cg21486834",-0.014,0.003,6.9e-06,NA,"NO2","P1E5"
"6987","cg21491609",0.016,0.0036,6.3e-06,NA,"NO2","P1E5"
"6988","cg23011886",0.0094,0.0021,7e-06,NA,"NO2","P1E5"
"6989","cg23015664",-0.011,0.0025,6.5e-06,NA,"NO2","P1E5"
"6990","cg23557426",-0.011,0.0025,6.7e-06,NA,"NO2","P1E5"
"6991","cg23575688",0.027,0.0061,7e-06,NA,"NO2","P1E5"
"6992","cg24834394",0.024,0.0053,7.1e-06,NA,"NO2","P1E5"
"6993","cg26332488",-0.017,0.0038,6.2e-06,NA,"NO2","P1E5"
"6994","cg26872780",0.03,0.0067,7e-06,NA,"NO2","P1E5"
"6995","cg27583104",0.016,0.0035,7.4e-06,NA,"NO2","P1E5"
"6996","cg05007997",0.028,0.0063,7.6e-06,NA,"NO2","P1E5"
"6997","cg08329754",0.02,0.0045,7.6e-06,NA,"NO2","P1E5"
"6998","cg23098068",0.024,0.0054,7.6e-06,NA,"NO2","P1E5"
"6999","cg24690314",0.034,0.0077,7.5e-06,NA,"NO2","P1E5"
"7000","cg05875239",-0.021,0.0047,7.7e-06,NA,"NO2","P1E5"
"7001","cg02314348",0.0064,0.0014,7.7e-06,NA,"NO2","P1E5"
"7002","cg16044480",-0.022,0.0048,7.8e-06,NA,"NO2","P1E5"
"7003","cg04528445",-0.01,0.0023,7.8e-06,NA,"NO2","P1E5"
"7004","cg05820959",0.014,0.0031,7.9e-06,NA,"NO2","P1E5"
"7005","cg08944026",0.026,0.0059,7.8e-06,NA,"NO2","P1E5"
"7006","cg04009342",-0.012,0.0027,8e-06,NA,"NO2","P1E5"
"7007","cg05708073",0.025,0.0056,8e-06,NA,"NO2","P1E5"
"7008","cg21859290",0.017,0.0038,7.9e-06,NA,"NO2","P1E5"
"7009","cg23060465",-0.0096,0.0022,8e-06,NA,"NO2","P1E5"
"7010","cg07151565",0.006,0.0014,8.1e-06,NA,"NO2","P1E5"
"7011","cg23698124",-0.016,0.0036,8.1e-06,NA,"NO2","P1E5"
"7012","cg07719172",-0.012,0.0027,8.2e-06,NA,"NO2","P1E5"
"7013","cg15742700",-0.014,0.0032,8.2e-06,NA,"NO2","P1E5"
"7014","cg21586152",0.025,0.0056,8.2e-06,NA,"NO2","P1E5"
"7015","cg24504014",0.031,0.007,8.3e-06,NA,"NO2","P1E5"
"7016","cg23508201",0.0067,0.0015,8.4e-06,NA,"NO2","P1E5"
"7017","cg09467433",0.036,0.0081,8.6e-06,NA,"NO2","P1E5"
"7018","cg12701768",0.0061,0.0014,8.6e-06,NA,"NO2","P1E5"
"7019","cg13742400",0.02,0.0046,8.6e-06,NA,"NO2","P1E5"
"7020","cg10471548",0.031,0.0069,8.8e-06,NA,"NO2","P1E5"
"7021","cg25699034",0.028,0.0063,8.8e-06,NA,"NO2","P1E5"
"7022","cg02184226",0.016,0.0037,9e-06,NA,"NO2","P1E5"
"7023","cg07188863",0.022,0.005,9e-06,NA,"NO2","P1E5"
"7024","cg21634628",-0.014,0.0032,9.1e-06,NA,"NO2","P1E5"
"7025","cg03406844",0.034,0.0077,9.2e-06,NA,"NO2","P1E5"
"7026","cg07394914",-0.015,0.0035,9.3e-06,NA,"NO2","P1E5"
"7027","cg12405599",0.037,0.0083,9.3e-06,NA,"NO2","P1E5"
"7028","cg14557714",0.0027,6e-04,9.3e-06,NA,"NO2","P1E5"
"7029","cg12647970",0.02,0.0046,9.4e-06,NA,"NO2","P1E5"
"7030","cg00002080",-0.013,0.0029,9.5e-06,NA,"NO2","P1E5"
"7031","cg01044849",0.035,0.0078,9.8e-06,NA,"NO2","P1E5"
"7032","cg05903736",0.016,0.0036,9.6e-06,NA,"NO2","P1E5"
"7033","cg07621645",0.028,0.0064,9.8e-06,NA,"NO2","P1E5"
"7034","cg08879111",-0.016,0.0036,9.8e-06,NA,"NO2","P1E5"
"7035","cg08894588",0.022,0.0051,9.9e-06,NA,"NO2","P1E5"
"7036","cg12047944",0.0086,0.0019,9.8e-06,NA,"NO2","P1E5"
"7037","cg12580156",0.018,0.004,9.7e-06,NA,"NO2","P1E5"
"7038","cg16844053",0.033,0.0074,9.6e-06,NA,"NO2","P1E5"
"7039","cg21762728",0.034,0.0078,9.7e-06,NA,"NO2","P1E5"
"7040","cg22637435",0.022,0.005,9.8e-06,NA,"NO2","P1E5"
"7041","cg23217386",-0.019,0.0043,9.9e-06,NA,"NO2","P1E5"
"7042","cg25888881",0.028,0.0063,9.6e-06,NA,"NO2","P1E5"
"7043","cg27305501",0.014,0.0031,9.9e-06,NA,"NO2","P1E5"
"7044","cg22579028",0.038,0.0087,9.9e-06,NA,"NO2","P1E5"
"7045","cg08039576",-0.00033,5.3e-05,4.7e-10,NA,"NO2","P1E5"
"7046","cg15481791",-0.00028,4.6e-05,4.7e-10,NA,"NO2","P1E5"
"7047","cg16877087",-0.00058,9.4e-05,4.7e-10,NA,"NO2","P1E5"
"7048","cg12852210",-0.00036,5.8e-05,4.7e-10,NA,"NO2","P1E5"
"7049","cg13778848",-0.00031,5e-05,4.7e-10,NA,"NO2","P1E5"
"7050","cg09746086",-0.00035,5.6e-05,4.8e-10,NA,"NO2","P1E5"
"7051","cg10024073",-0.00044,7e-05,4.8e-10,NA,"NO2","P1E5"
"7052","cg18172833",-0.00035,5.6e-05,4.8e-10,NA,"NO2","P1E5"
"7053","cg14469749",-0.00036,5.8e-05,4.8e-10,NA,"NO2","P1E5"
"7054","cg22224462",-0.00041,6.5e-05,4.8e-10,NA,"NO2","P1E5"
"7055","cg05842620",-3e-04,4.9e-05,4.8e-10,NA,"NO2","P1E5"
"7056","cg09197432",-0.00044,7e-05,4.8e-10,NA,"NO2","P1E5"
"7057","cg13889508",-0.00051,8.1e-05,4.8e-10,NA,"NO2","P1E5"
"7058","cg02854928",-0.00048,7.7e-05,4.8e-10,NA,"NO2","P1E5"
"7059","cg10668198",-0.00026,4.2e-05,4.8e-10,NA,"NO2","P1E5"
"7060","cg25249293",-0.00039,6.3e-05,4.8e-10,NA,"NO2","P1E5"
"7061","cg03522035",-0.00035,5.7e-05,4.9e-10,NA,"NO2","P1E5"
"7062","cg27404351",-0.00044,7.1e-05,4.9e-10,NA,"NO2","P1E5"
"7063","cg02423618",-0.00048,7.7e-05,4.9e-10,NA,"NO2","P1E5"
"7064","cg09416903",-0.00028,4.5e-05,4.9e-10,NA,"NO2","P1E5"
"7065","cg05881436",-0.00036,5.8e-05,4.9e-10,NA,"NO2","P1E5"
"7066","cg03451204",-0.00035,5.6e-05,5e-10,NA,"NO2","P1E5"
"7067","cg07363131",-0.00083,0.00013,5e-10,NA,"NO2","P1E5"
"7068","cg23272544",-0.00034,5.5e-05,5e-10,NA,"NO2","P1E5"
"7069","cg07394898",-0.00039,6.3e-05,5e-10,NA,"NO2","P1E5"
"7070","cg10305797",-0.00045,7.2e-05,5e-10,NA,"NO2","P1E5"
"7071","cg08591998",-0.00035,5.6e-05,5e-10,NA,"NO2","P1E5"
"7072","cg10668189",-0.00026,4.2e-05,5e-10,NA,"NO2","P1E5"
"7073","cg15748555",-0.00037,6e-05,5e-10,NA,"NO2","P1E5"
"7074","cg05490132",-0.00027,4.4e-05,5e-10,NA,"NO2","P1E5"
"7075","cg00610692",-0.00049,7.8e-05,5.1e-10,NA,"NO2","P1E5"
"7076","cg04321224",0.00071,0.00011,5.1e-10,NA,"NO2","P1E5"
"7077","cg25635805",-0.00024,3.9e-05,5.1e-10,NA,"NO2","P1E5"
"7078","cg00998782",-0.00041,6.6e-05,5.1e-10,NA,"NO2","P1E5"
"7079","cg20834365",-0.00029,4.7e-05,5.1e-10,NA,"NO2","P1E5"
"7080","cg10590964",-0.00048,7.7e-05,5.2e-10,NA,"NO2","P1E5"
"7081","cg25135457",0.00021,3.4e-05,5.2e-10,NA,"NO2","P1E5"
"7082","cg16332493",-0.00049,7.9e-05,5.2e-10,NA,"NO2","P1E5"
"7083","cg18938696",-0.00036,5.9e-05,5.2e-10,NA,"NO2","P1E5"
"7084","cg03108827",-0.00037,5.9e-05,5.2e-10,NA,"NO2","P1E5"
"7085","cg18716679",-0.00053,8.5e-05,5.2e-10,NA,"NO2","P1E5"
"7086","cg24692310",-5e-04,8e-05,5.2e-10,NA,"NO2","P1E5"
"7087","cg16595750",-4e-04,6.4e-05,5.3e-10,NA,"NO2","P1E5"
"7088","cg13287523",-0.00046,7.4e-05,5.3e-10,NA,"NO2","P1E5"
"7089","cg10479452",-0.00039,6.2e-05,5.3e-10,NA,"NO2","P1E5"
"7090","cg17644645",-0.00039,6.3e-05,5.3e-10,NA,"NO2","P1E5"
"7091","cg21321359",-0.00026,4.2e-05,5.3e-10,NA,"NO2","P1E5"
"7092","cg27058882",-0.00056,9e-05,5.3e-10,NA,"NO2","P1E5"
"7093","cg10988513",-0.00046,7.4e-05,5.3e-10,NA,"NO2","P1E5"
"7094","cg27366280",-0.00043,6.9e-05,5.4e-10,NA,"NO2","P1E5"
"7095","cg02415020",-4e-04,6.4e-05,5.4e-10,NA,"NO2","P1E5"
"7096","cg13398346",-0.00037,5.9e-05,5.4e-10,NA,"NO2","P1E5"
"7097","cg18912906",-0.00024,3.9e-05,5.4e-10,NA,"NO2","P1E5"
"7098","cg22261226",-0.00039,6.3e-05,5.4e-10,NA,"NO2","P1E5"
"7099","cg01847596",-0.00034,5.5e-05,5.4e-10,NA,"NO2","P1E5"
"7100","cg03842617",-0.00034,5.4e-05,5.4e-10,NA,"NO2","P1E5"
"7101","cg11629408",-0.00034,5.5e-05,5.4e-10,NA,"NO2","P1E5"
"7102","cg23585168",-0.00046,7.4e-05,5.4e-10,NA,"NO2","P1E5"
"7103","cg12497142",-0.00042,6.8e-05,5.4e-10,NA,"NO2","P1E5"
"7104","cg10761372",-2e-04,3.3e-05,5.5e-10,NA,"NO2","P1E5"
"7105","cg13329789",-0.00061,9.9e-05,5.5e-10,NA,"NO2","P1E5"
"7106","cg13858407",-0.00048,7.7e-05,5.5e-10,NA,"NO2","P1E5"
"7107","cg00725472",-0.00027,4.3e-05,5.5e-10,NA,"NO2","P1E5"
"7108","cg20467114",-0.00032,5.1e-05,5.5e-10,NA,"NO2","P1E5"
"7109","cg17829533",-0.00026,4.1e-05,5.5e-10,NA,"NO2","P1E5"
"7110","cg05287437",-0.00048,7.7e-05,5.5e-10,NA,"NO2","P1E5"
"7111","cg02481228",-0.00034,5.5e-05,5.5e-10,NA,"NO2","P1E5"
"7112","cg09898217",-3e-04,4.8e-05,5.5e-10,NA,"NO2","P1E5"
"7113","cg13289755",-0.00035,5.6e-05,5.5e-10,NA,"NO2","P1E5"
"7114","cg23349242",-0.00061,9.8e-05,5.6e-10,NA,"NO2","P1E5"
"7115","cg04905644",-0.00031,5e-05,5.6e-10,NA,"NO2","P1E5"
"7116","cg14223856",-0.00035,5.6e-05,5.6e-10,NA,"NO2","P1E5"
"7117","cg15808924",-0.00063,1e-04,5.6e-10,NA,"NO2","P1E5"
"7118","cg01351327",-0.00026,4.2e-05,5.6e-10,NA,"NO2","P1E5"
"7119","cg12485219",-0.00026,4.3e-05,5.6e-10,NA,"NO2","P1E5"
"7120","cg00253346",-3e-04,4.8e-05,5.6e-10,NA,"NO2","P1E5"
"7121","cg07011235",-0.00028,4.5e-05,5.7e-10,NA,"NO2","P1E5"
"7122","cg05600126",-0.00038,6.1e-05,5.7e-10,NA,"NO2","P1E5"
"7123","cg02602264",-0.00081,0.00013,5.7e-10,NA,"NO2","P1E5"
"7124","cg04456861",-0.00039,6.2e-05,5.7e-10,NA,"NO2","P1E5"
"7125","cg02029665",-0.00035,5.6e-05,5.7e-10,NA,"NO2","P1E5"
"7126","cg09857617",-0.00036,5.8e-05,5.7e-10,NA,"NO2","P1E5"
"7127","cg20449726",-4e-04,6.5e-05,5.7e-10,NA,"NO2","P1E5"
"7128","cg26472684",-3e-04,4.8e-05,5.7e-10,NA,"NO2","P1E5"
"7129","cg11222503",-0.00029,4.8e-05,5.7e-10,NA,"NO2","P1E5"
"7130","cg25582401",-0.00032,5.2e-05,5.7e-10,NA,"NO2","P1E5"
"7131","cg00495909",-0.00027,4.4e-05,5.8e-10,NA,"NO2","P1E5"
"7132","cg07735427",-0.00017,2.8e-05,5.8e-10,NA,"NO2","P1E5"
"7133","cg27168114",-0.00043,6.9e-05,5.8e-10,NA,"NO2","P1E5"
"7134","cg19302979",-0.00044,7.1e-05,5.8e-10,NA,"NO2","P1E5"
"7135","cg26185079",-0.00036,5.7e-05,5.8e-10,NA,"NO2","P1E5"
"7136","cg19502936",-0.00046,7.5e-05,5.8e-10,NA,"NO2","P1E5"
"7137","cg27143326",-0.00027,4.3e-05,5.8e-10,NA,"NO2","P1E5"
"7138","cg13072098",-0.00032,5.1e-05,5.9e-10,NA,"NO2","P1E5"
"7139","cg15341601",-0.00047,7.6e-05,5.9e-10,NA,"NO2","P1E5"
"7140","cg08741842",-0.00039,6.3e-05,5.9e-10,NA,"NO2","P1E5"
"7141","cg15913725",-0.00028,4.5e-05,5.9e-10,NA,"NO2","P1E5"
"7142","cg14494365",-0.00042,6.8e-05,5.9e-10,NA,"NO2","P1E5"
"7143","cg01594685",-0.00039,6.3e-05,6e-10,NA,"NO2","P1E5"
"7144","cg03564620",-0.00047,7.5e-05,6e-10,NA,"NO2","P1E5"
"7145","cg25145023",-0.00036,5.8e-05,6e-10,NA,"NO2","P1E5"
"7146","cg24105269",-0.00027,4.4e-05,6e-10,NA,"NO2","P1E5"
"7147","cg00643814",-0.00028,4.5e-05,6e-10,NA,"NO2","P1E5"
"7148","cg10089552",-0.00041,6.6e-05,6e-10,NA,"NO2","P1E5"
"7149","cg12807179",-0.00043,6.9e-05,6e-10,NA,"NO2","P1E5"
"7150","cg16198450",-0.00042,6.8e-05,6e-10,NA,"NO2","P1E5"
"7151","cg05407489",-0.00041,6.6e-05,6e-10,NA,"NO2","P1E5"
"7152","cg01256365",-0.00025,4e-05,6e-10,NA,"NO2","P1E5"
"7153","cg12065406",-0.00026,4.3e-05,6e-10,NA,"NO2","P1E5"
"7154","cg20697424",-0.00033,5.3e-05,6e-10,NA,"NO2","P1E5"
"7155","cg02959277",-0.00026,4.3e-05,6e-10,NA,"NO2","P1E5"
"7156","cg13565300",-0.00036,5.9e-05,6e-10,NA,"NO2","P1E5"
"7157","cg23188950",-0.00052,8.5e-05,6e-10,NA,"NO2","P1E5"
"7158","cg19626761",-0.00035,5.7e-05,6.1e-10,NA,"NO2","P1E5"
"7159","cg20459543",-0.00027,4.4e-05,6.1e-10,NA,"NO2","P1E5"
"7160","cg17545805",-0.00021,3.4e-05,6.1e-10,NA,"NO2","P1E5"
"7161","cg00806481",-0.00081,0.00013,6.1e-10,NA,"NO2","P1E5"
"7162","cg13929658",-4e-04,6.5e-05,6.1e-10,NA,"NO2","P1E5"
"7163","cg23664361",-0.00038,6.2e-05,6.2e-10,NA,"NO2","P1E5"
"7164","cg11350728",-0.00038,6.1e-05,6.2e-10,NA,"NO2","P1E5"
"7165","cg16747928",-0.00047,7.6e-05,6.2e-10,NA,"NO2","P1E5"
"7166","cg22450733",-0.00027,4.4e-05,6.2e-10,NA,"NO2","P1E5"
"7167","cg07330438",-0.00035,5.7e-05,6.2e-10,NA,"NO2","P1E5"
"7168","cg15545739",-0.00026,4.2e-05,6.2e-10,NA,"NO2","P1E5"
"7169","cg12562828",-0.00047,7.6e-05,6.2e-10,NA,"NO2","P1E5"
"7170","cg24035043",-0.00038,6.1e-05,6.2e-10,NA,"NO2","P1E5"
"7171","cg02080197",-0.00034,5.6e-05,6.3e-10,NA,"NO2","P1E5"
"7172","cg01059047",-0.00048,7.8e-05,6.3e-10,NA,"NO2","P1E5"
"7173","cg00557236",-0.00028,4.6e-05,6.3e-10,NA,"NO2","P1E5"
"7174","cg10589353",-4e-04,6.5e-05,6.3e-10,NA,"NO2","P1E5"
"7175","cg05797770",-0.00073,0.00012,6.4e-10,NA,"NO2","P1E5"
"7176","cg12194939",-0.00034,5.5e-05,6.4e-10,NA,"NO2","P1E5"
"7177","cg10332864",-0.00033,5.4e-05,6.4e-10,NA,"NO2","P1E5"
"7178","cg06325565",-0.00042,6.7e-05,6.4e-10,NA,"NO2","P1E5"
"7179","cg27493117",-0.00026,4.2e-05,6.4e-10,NA,"NO2","P1E5"
"7180","cg11911653",-0.00038,6.2e-05,6.4e-10,NA,"NO2","P1E5"
"7181","cg04797496",-0.00043,7e-05,6.5e-10,NA,"NO2","P1E5"
"7182","cg17102199",-0.00031,5e-05,6.5e-10,NA,"NO2","P1E5"
"7183","cg12710538",-0.00044,7.1e-05,6.5e-10,NA,"NO2","P1E5"
"7184","cg23225221",-0.00044,7.1e-05,6.5e-10,NA,"NO2","P1E5"
"7185","cg25988603",-0.00031,5e-05,6.5e-10,NA,"NO2","P1E5"
"7186","cg20954180",-0.00046,7.4e-05,6.5e-10,NA,"NO2","P1E5"
"7187","cg12683880",-0.00021,3.4e-05,6.5e-10,NA,"NO2","P1E5"
"7188","cg00668685",-0.00042,6.8e-05,6.6e-10,NA,"NO2","P1E5"
"7189","cg07808874",-0.00036,5.8e-05,6.6e-10,NA,"NO2","P1E5"
"7190","cg10364905",-5e-04,8e-05,6.6e-10,NA,"NO2","P1E5"
"7191","cg12882693",-0.00022,3.6e-05,6.6e-10,NA,"NO2","P1E5"
"7192","cg26946836",-0.00025,4e-05,6.6e-10,NA,"NO2","P1E5"
"7193","cg23606507",-0.00036,5.9e-05,6.6e-10,NA,"NO2","P1E5"
"7194","cg25699727",-0.00042,6.9e-05,6.6e-10,NA,"NO2","P1E5"
"7195","cg00898920",-0.00056,9e-05,6.6e-10,NA,"NO2","P1E5"
"7196","cg07999201",-0.00023,3.7e-05,6.6e-10,NA,"NO2","P1E5"
"7197","cg06976759",-0.00027,4.4e-05,6.6e-10,NA,"NO2","P1E5"
"7198","cg10291119",-0.00017,2.7e-05,6.6e-10,NA,"NO2","P1E5"
"7199","cg21137244",-0.00025,4e-05,6.6e-10,NA,"NO2","P1E5"
"7200","cg27420946",-0.00022,3.6e-05,6.6e-10,NA,"NO2","P1E5"
"7201","cg14398963",-0.00021,3.4e-05,6.7e-10,NA,"NO2","P1E5"
"7202","cg03486847",-0.00052,8.3e-05,6.7e-10,NA,"NO2","P1E5"
"7203","cg26756862",-0.00033,5.4e-05,6.7e-10,NA,"NO2","P1E5"
"7204","cg10569414",-0.00037,6.1e-05,6.8e-10,NA,"NO2","P1E5"
"7205","cg26749976",-6e-04,9.7e-05,6.8e-10,NA,"NO2","P1E5"
"7206","cg24314877",-0.00048,7.7e-05,6.8e-10,NA,"NO2","P1E5"
"7207","cg16194544",-0.00034,5.5e-05,6.8e-10,NA,"NO2","P1E5"
"7208","cg01437135",-4e-04,6.5e-05,6.8e-10,NA,"NO2","P1E5"
"7209","cg05593715",-0.00039,6.3e-05,6.8e-10,NA,"NO2","P1E5"
"7210","cg27179810",-0.00053,8.6e-05,6.8e-10,NA,"NO2","P1E5"
"7211","cg26194092",-0.00032,5.3e-05,6.8e-10,NA,"NO2","P1E5"
"7212","cg16339797",-0.00021,3.4e-05,6.9e-10,NA,"NO2","P1E5"
"7213","cg24085713",-0.00034,5.5e-05,6.9e-10,NA,"NO2","P1E5"
"7214","cg11270895",-0.00033,5.3e-05,6.9e-10,NA,"NO2","P1E5"
"7215","cg00895231",-0.00026,4.2e-05,6.9e-10,NA,"NO2","P1E5"
"7216","cg16096766",-0.00037,6e-05,6.9e-10,NA,"NO2","P1E5"
"7217","cg16947025",-0.00045,7.3e-05,6.9e-10,NA,"NO2","P1E5"
"7218","cg18411660",-4e-04,6.4e-05,6.9e-10,NA,"NO2","P1E5"
"7219","cg20685981",-3e-04,4.9e-05,7e-10,NA,"NO2","P1E5"
"7220","cg10859789",-0.00038,6.2e-05,7e-10,NA,"NO2","P1E5"
"7221","cg14759277",-0.00059,9.6e-05,7e-10,NA,"NO2","P1E5"
"7222","cg23213217",0.00081,0.00013,7e-10,NA,"NO2","P1E5"
"7223","cg14617020",-0.00026,4.2e-05,7e-10,NA,"NO2","P1E5"
"7224","cg17179571",-0.00033,5.3e-05,7e-10,NA,"NO2","P1E5"
"7225","cg00941824",-0.00029,4.6e-05,7e-10,NA,"NO2","P1E5"
"7226","cg24671666",-0.00041,6.7e-05,7e-10,NA,"NO2","P1E5"
"7227","cg13168411",-0.00034,5.5e-05,7.1e-10,NA,"NO2","P1E5"
"7228","cg09155001",-0.00038,6.2e-05,7.1e-10,NA,"NO2","P1E5"
"7229","cg08248577",-4e-04,6.5e-05,7.1e-10,NA,"NO2","P1E5"
"7230","cg16151261",-0.00031,5e-05,7.1e-10,NA,"NO2","P1E5"
"7231","cg03296801",-0.00037,6e-05,7.1e-10,NA,"NO2","P1E5"
"7232","cg19164997",-0.00032,5.2e-05,7.1e-10,NA,"NO2","P1E5"
"7233","cg02095596",-0.00027,4.3e-05,7.1e-10,NA,"NO2","P1E5"
"7234","cg26050159",-4e-04,6.6e-05,7.2e-10,NA,"NO2","P1E5"
"7235","cg17783815",-0.00024,3.9e-05,7.2e-10,NA,"NO2","P1E5"
"7236","cg03990905",-0.00041,6.6e-05,7.2e-10,NA,"NO2","P1E5"
"7237","cg11128476",-0.00037,6e-05,7.2e-10,NA,"NO2","P1E5"
"7238","cg22835724",-0.00031,5e-05,7.2e-10,NA,"NO2","P1E5"
"7239","cg02414981",-0.00029,4.8e-05,7.2e-10,NA,"NO2","P1E5"
"7240","cg05156120",-5e-04,8.1e-05,7.2e-10,NA,"NO2","P1E5"
"7241","cg19456997",-0.00057,9.3e-05,7.2e-10,NA,"NO2","P1E5"
"7242","cg13800240",-4e-04,6.4e-05,7.3e-10,NA,"NO2","P1E5"
"7243","cg19631651",-0.00052,8.5e-05,7.3e-10,NA,"NO2","P1E5"
"7244","cg07230786",-0.00037,6e-05,7.3e-10,NA,"NO2","P1E5"
"7245","cg18396675",-0.00061,9.9e-05,7.3e-10,NA,"NO2","P1E5"
"7246","cg25744476",-0.00034,5.6e-05,7.3e-10,NA,"NO2","P1E5"
"7247","cg16528305",-0.00027,4.4e-05,7.4e-10,NA,"NO2","P1E5"
"7248","cg27384476",-0.00035,5.7e-05,7.4e-10,NA,"NO2","P1E5"
"7249","cg17781958",0.00067,0.00011,7.4e-10,NA,"NO2","P1E5"
"7250","cg00379559",-0.00062,1e-04,7.5e-10,NA,"NO2","P1E5"
"7251","cg06584433",-0.00036,5.9e-05,7.5e-10,NA,"NO2","P1E5"
"7252","cg05603610",-0.00041,6.7e-05,7.5e-10,NA,"NO2","P1E5"
"7253","cg12495975",-0.00027,4.4e-05,7.5e-10,NA,"NO2","P1E5"
"7254","cg11386011",-0.00083,0.00014,7.5e-10,NA,"NO2","P1E5"
"7255","cg27042983",-0.00048,7.8e-05,7.5e-10,NA,"NO2","P1E5"
"7256","cg23334264",-4e-04,6.5e-05,7.6e-10,NA,"NO2","P1E5"
"7257","cg13344757",-0.00041,6.7e-05,7.6e-10,NA,"NO2","P1E5"
"7258","cg14220181",-0.00036,5.8e-05,7.6e-10,NA,"NO2","P1E5"
"7259","cg20553016",-0.00027,4.4e-05,7.6e-10,NA,"NO2","P1E5"
"7260","cg07579839",0.00029,4.8e-05,7.6e-10,NA,"NO2","P1E5"
"7261","cg26141385",-0.00041,6.6e-05,7.6e-10,NA,"NO2","P1E5"
"7262","cg01644385",-0.00046,7.5e-05,7.6e-10,NA,"NO2","P1E5"
"7263","cg03181966",-0.00041,6.7e-05,7.7e-10,NA,"NO2","P1E5"
"7264","cg14150115",0.00088,0.00014,7.7e-10,NA,"NO2","P1E5"
"7265","cg08839164",-2e-04,3.3e-05,7.7e-10,NA,"NO2","P1E5"
"7266","cg15367150",-0.00031,5.1e-05,7.7e-10,NA,"NO2","P1E5"
"7267","cg02023548",-0.00045,7.3e-05,7.7e-10,NA,"NO2","P1E5"
"7268","cg06038367",0.00069,0.00011,7.7e-10,NA,"NO2","P1E5"
"7269","cg23095451",-0.00041,6.7e-05,7.8e-10,NA,"NO2","P1E5"
"7270","cg16502826",-0.00051,8.2e-05,7.8e-10,NA,"NO2","P1E5"
"7271","cg25933104",-4e-04,6.5e-05,7.8e-10,NA,"NO2","P1E5"
"7272","cg26694724",-0.00029,4.7e-05,7.8e-10,NA,"NO2","P1E5"
"7273","cg27185298",-0.00042,6.8e-05,7.8e-10,NA,"NO2","P1E5"
"7274","cg00526069",-0.00027,4.3e-05,7.8e-10,NA,"NO2","P1E5"
"7275","cg25714306",-0.00058,9.4e-05,7.8e-10,NA,"NO2","P1E5"
"7276","cg09136129",-0.00042,6.9e-05,7.8e-10,NA,"NO2","P1E5"
"7277","cg11828251",-0.00034,5.6e-05,7.8e-10,NA,"NO2","P1E5"
"7278","cg06493781",-0.00046,7.4e-05,7.8e-10,NA,"NO2","P1E5"
"7279","cg26398024",-0.00019,3.1e-05,7.9e-10,NA,"NO2","P1E5"
"7280","cg20380468",0.0011,0.00018,7.9e-10,NA,"NO2","P1E5"
"7281","cg07145229",-0.00031,5e-05,7.9e-10,NA,"NO2","P1E5"
"7282","cg16727416",-0.00051,8.3e-05,7.9e-10,NA,"NO2","P1E5"
"7283","cg19305938",-0.00026,4.2e-05,7.9e-10,NA,"NO2","P1E5"
"7284","cg19839281",-0.00045,7.4e-05,7.9e-10,NA,"NO2","P1E5"
"7285","cg13186590",-0.00023,3.7e-05,8e-10,NA,"NO2","P1E5"
"7286","cg06946901",-0.00028,4.6e-05,8e-10,NA,"NO2","P1E5"
"7287","cg23275258",-0.00028,4.6e-05,8e-10,NA,"NO2","P1E5"
"7288","cg11378979",-0.00033,5.4e-05,8e-10,NA,"NO2","P1E5"
"7289","cg00820056",-0.00054,8.8e-05,8e-10,NA,"NO2","P1E5"
"7290","cg24493649",-0.00037,6.1e-05,8e-10,NA,"NO2","P1E5"
"7291","cg00207890",-0.00047,7.7e-05,8e-10,NA,"NO2","P1E5"
"7292","cg15527168",-0.00033,5.3e-05,8.1e-10,NA,"NO2","P1E5"
"7293","cg18505837",-0.00032,5.1e-05,8.1e-10,NA,"NO2","P1E5"
"7294","cg27286011",-0.00056,9.1e-05,8.1e-10,NA,"NO2","P1E5"
"7295","cg06087554",-4e-04,6.5e-05,8.1e-10,NA,"NO2","P1E5"
"7296","cg14565120",-0.00029,4.7e-05,8.1e-10,NA,"NO2","P1E5"
"7297","cg00886780",-0.00054,8.8e-05,8.2e-10,NA,"NO2","P1E5"
"7298","cg26147338",-0.00025,4.1e-05,8.2e-10,NA,"NO2","P1E5"
"7299","cg06138226",-0.00055,9e-05,8.2e-10,NA,"NO2","P1E5"
"7300","cg11658060",-0.00025,4.1e-05,8.2e-10,NA,"NO2","P1E5"
"7301","cg01863596",-5e-04,8.2e-05,8.2e-10,NA,"NO2","P1E5"
"7302","cg02298220",-0.00037,6e-05,8.2e-10,NA,"NO2","P1E5"
"7303","cg02937158",-0.00044,7.2e-05,8.2e-10,NA,"NO2","P1E5"
"7304","cg11365710",-0.00028,4.5e-05,8.2e-10,NA,"NO2","P1E5"
"7305","cg02283487",-0.00033,5.3e-05,8.2e-10,NA,"NO2","P1E5"
"7306","cg06110286",-0.00049,7.9e-05,8.3e-10,NA,"NO2","P1E5"
"7307","cg15565576",-0.00046,7.5e-05,8.3e-10,NA,"NO2","P1E5"
"7308","cg00706913",-0.00043,6.9e-05,8.3e-10,NA,"NO2","P1E5"
"7309","cg14089067",-0.00034,5.6e-05,8.3e-10,NA,"NO2","P1E5"
"7310","cg18149307",-0.00035,5.8e-05,8.3e-10,NA,"NO2","P1E5"
"7311","cg21487099",-0.00063,1e-04,8.3e-10,NA,"NO2","P1E5"
"7312","cg02708506",-0.00047,7.6e-05,8.3e-10,NA,"NO2","P1E5"
"7313","cg16013309",-0.00045,7.3e-05,8.3e-10,NA,"NO2","P1E5"
"7314","cg08207660",-0.00039,6.3e-05,8.3e-10,NA,"NO2","P1E5"
"7315","cg09674867",-0.00033,5.4e-05,8.3e-10,NA,"NO2","P1E5"
"7316","cg26426186",-0.00037,6e-05,8.3e-10,NA,"NO2","P1E5"
"7317","cg01940437",-0.00038,6.2e-05,8.4e-10,NA,"NO2","P1E5"
"7318","cg12515517",-0.00044,7.1e-05,8.4e-10,NA,"NO2","P1E5"
"7319","cg24457403",-0.00044,7.1e-05,8.4e-10,NA,"NO2","P1E5"
"7320","cg12877056",-0.00047,7.6e-05,8.5e-10,NA,"NO2","P1E5"
"7321","cg00398816",-4e-04,6.5e-05,8.5e-10,NA,"NO2","P1E5"
"7322","cg18175690",-0.00034,5.5e-05,8.5e-10,NA,"NO2","P1E5"
"7323","cg10529845",-0.00048,7.9e-05,8.5e-10,NA,"NO2","P1E5"
"7324","cg07017135",-0.00023,3.8e-05,8.5e-10,NA,"NO2","P1E5"
"7325","cg19639427",-0.00037,6e-05,8.5e-10,NA,"NO2","P1E5"
"7326","cg19910231",-0.00023,3.7e-05,8.6e-10,NA,"NO2","P1E5"
"7327","cg03143395",-0.00026,4.3e-05,8.6e-10,NA,"NO2","P1E5"
"7328","cg07782808",-0.00032,5.2e-05,8.6e-10,NA,"NO2","P1E5"
"7329","cg01160452",-5e-04,8.2e-05,8.6e-10,NA,"NO2","P1E5"
"7330","cg12918460",-5e-04,8.1e-05,8.6e-10,NA,"NO2","P1E5"
"7331","cg11475454",-0.00062,1e-04,8.7e-10,NA,"NO2","P1E5"
"7332","cg03557698",-0.00033,5.4e-05,8.7e-10,NA,"NO2","P1E5"
"7333","cg09081544",-0.00035,5.7e-05,8.8e-10,NA,"NO2","P1E5"
"7334","cg10658853",-0.00033,5.4e-05,8.8e-10,NA,"NO2","P1E5"
"7335","cg21407117",-0.00043,7e-05,8.9e-10,NA,"NO2","P1E5"
"7336","cg03700302",-0.00039,6.4e-05,8.9e-10,NA,"NO2","P1E5"
"7337","cg05392244",-0.00034,5.5e-05,8.9e-10,NA,"NO2","P1E5"
"7338","cg13159060",-0.00056,9.2e-05,8.9e-10,NA,"NO2","P1E5"
"7339","cg09042581",-0.00029,4.7e-05,8.9e-10,NA,"NO2","P1E5"
"7340","cg26794871",-0.00051,8.4e-05,8.9e-10,NA,"NO2","P1E5"
"7341","cg07468397",-0.00042,6.8e-05,8.9e-10,NA,"NO2","P1E5"
"7342","cg22011366",-0.00023,3.7e-05,8.9e-10,NA,"NO2","P1E5"
"7343","cg09416717",-0.00028,4.6e-05,9e-10,NA,"NO2","P1E5"
"7344","cg11202634",-0.00029,4.8e-05,9e-10,NA,"NO2","P1E5"
"7345","cg05890252",-0.00039,6.3e-05,9e-10,NA,"NO2","P1E5"
"7346","cg06740578",-0.00038,6.2e-05,9e-10,NA,"NO2","P1E5"
"7347","cg15435900",-0.00034,5.5e-05,9e-10,NA,"NO2","P1E5"
"7348","cg21552081",-0.00059,9.7e-05,9e-10,NA,"NO2","P1E5"
"7349","cg01448881",-0.00039,6.4e-05,9.1e-10,NA,"NO2","P1E5"
"7350","cg05831242",-0.00052,8.6e-05,9.1e-10,NA,"NO2","P1E5"
"7351","cg10260334",-0.00027,4.4e-05,9.1e-10,NA,"NO2","P1E5"
"7352","cg16407699",0.00061,9.9e-05,9.1e-10,NA,"NO2","P1E5"
"7353","cg16507827",-0.00029,4.7e-05,9.1e-10,NA,"NO2","P1E5"
"7354","cg00057900",-0.00036,5.9e-05,9.1e-10,NA,"NO2","P1E5"
"7355","cg09516448",-0.00042,6.8e-05,9.1e-10,NA,"NO2","P1E5"
"7356","cg11228785",-4e-04,6.6e-05,9.1e-10,NA,"NO2","P1E5"
"7357","cg03782727",-0.00033,5.4e-05,9.1e-10,NA,"NO2","P1E5"
"7358","cg04757093",-0.00046,7.5e-05,9.1e-10,NA,"NO2","P1E5"
"7359","cg02631189",-0.00047,7.7e-05,9.2e-10,NA,"NO2","P1E5"
"7360","cg12145564",-0.00033,5.5e-05,9.2e-10,NA,"NO2","P1E5"
"7361","cg19022978",-3e-04,4.9e-05,9.2e-10,NA,"NO2","P1E5"
"7362","cg13403462",-0.0014,0.00022,9.2e-10,NA,"NO2","P1E5"
"7363","cg15150064",-0.00047,7.7e-05,9.3e-10,NA,"NO2","P1E5"
"7364","cg25305993",-0.00042,6.9e-05,9.3e-10,NA,"NO2","P1E5"
"7365","cg20812722",-0.00053,8.6e-05,9.3e-10,NA,"NO2","P1E5"
"7366","cg00447582",-0.00043,7e-05,9.3e-10,NA,"NO2","P1E5"
"7367","cg17675301",-0.00039,6.3e-05,9.4e-10,NA,"NO2","P1E5"
"7368","cg04709321",-0.00037,6.1e-05,9.4e-10,NA,"NO2","P1E5"
"7369","cg19926902",-0.00038,6.2e-05,9.4e-10,NA,"NO2","P1E5"
"7370","cg08551333",-0.00055,9.1e-05,9.4e-10,NA,"NO2","P1E5"
"7371","cg04311961",-0.00031,5.1e-05,9.5e-10,NA,"NO2","P1E5"
"7372","cg23993235",-0.00046,7.6e-05,9.5e-10,NA,"NO2","P1E5"
"7373","cg08097157",-0.00033,5.4e-05,9.5e-10,NA,"NO2","P1E5"
"7374","cg09032499",-0.00041,6.6e-05,9.5e-10,NA,"NO2","P1E5"
"7375","cg11824179",-0.00035,5.8e-05,9.5e-10,NA,"NO2","P1E5"
"7376","cg18144373",-0.00044,7.1e-05,9.5e-10,NA,"NO2","P1E5"
"7377","cg15465990",-0.00033,5.4e-05,9.5e-10,NA,"NO2","P1E5"
"7378","cg26496779",-0.00034,5.6e-05,9.6e-10,NA,"NO2","P1E5"
"7379","cg02138218",-0.00032,5.2e-05,9.6e-10,NA,"NO2","P1E5"
"7380","cg23366752",-6e-04,9.8e-05,9.6e-10,NA,"NO2","P1E5"
"7381","cg04800816",-2e-04,3.3e-05,9.6e-10,NA,"NO2","P1E5"
"7382","cg09832102",-0.00031,5.1e-05,9.6e-10,NA,"NO2","P1E5"
"7383","cg24660199",-5e-04,8.2e-05,9.6e-10,NA,"NO2","P1E5"
"7384","cg03935731",-0.00035,5.7e-05,9.7e-10,NA,"NO2","P1E5"
"7385","cg14577707",-0.00046,7.5e-05,9.7e-10,NA,"NO2","P1E5"
"7386","cg07369399",-0.00044,7.2e-05,9.8e-10,NA,"NO2","P1E5"
"7387","cg12744858",-0.00039,6.4e-05,9.8e-10,NA,"NO2","P1E5"
"7388","cg03776870",-0.00024,3.9e-05,9.8e-10,NA,"NO2","P1E5"
"7389","cg09221478",-0.00057,9.3e-05,9.8e-10,NA,"NO2","P1E5"
"7390","cg21846888",-0.00028,4.6e-05,9.8e-10,NA,"NO2","P1E5"
"7391","cg10103635",-0.00024,4e-05,9.9e-10,NA,"NO2","P1E5"
"7392","cg18990667",-0.00028,4.5e-05,9.9e-10,NA,"NO2","P1E5"
"7393","cg27410186",-0.00023,3.7e-05,9.9e-10,NA,"NO2","P1E5"
"7394","cg21404700",-0.00041,6.7e-05,9.9e-10,NA,"NO2","P1E5"
"7395","cg10575089",-0.00049,8.1e-05,1e-09,NA,"NO2","P1E5"
"7396","cg22260478",-0.00049,8.1e-05,1e-09,NA,"NO2","P1E5"
"7397","cg05357717",-0.00039,6.4e-05,1e-09,NA,"NO2","P1E5"
"7398","cg00329272",-0.00038,6.3e-05,1e-09,NA,"NO2","P1E5"
"7399","cg01856509",-0.00044,7.1e-05,1e-09,NA,"NO2","P1E5"
"7400","cg04497752",-3e-04,4.9e-05,1e-09,NA,"NO2","P1E5"
"7401","cg07343607",-0.00034,5.5e-05,1e-09,NA,"NO2","P1E5"
"7402","cg07592358",-0.00023,3.7e-05,1e-09,NA,"NO2","P1E5"
"7403","cg08585489",-0.00046,7.5e-05,1e-09,NA,"NO2","P1E5"
"7404","cg14279151",-4e-04,6.5e-05,1e-09,NA,"NO2","P1E5"
"7405","cg17008160",-5e-04,8.2e-05,1e-09,NA,"NO2","P1E5"
"7406","cg20355694",-0.00039,6.4e-05,1e-09,NA,"NO2","P1E5"
"7407","cg09469111",-0.00038,6.2e-05,1e-09,NA,"NO2","P1E5"
"7408","cg11414505",-0.00036,5.8e-05,1e-09,NA,"NO2","P1E5"
"7409","cg12377111",-4e-04,6.6e-05,1e-09,NA,"NO2","P1E5"
"7410","cg19345219",-0.00044,7.2e-05,1e-09,NA,"NO2","P1E5"
"7411","cg27287167",-0.00058,9.5e-05,1e-09,NA,"NO2","P1E5"
"7412","cg00651005",-0.00035,5.8e-05,1e-09,NA,"NO2","P1E5"
"7413","cg03129103",-2e-04,3.3e-05,1e-09,NA,"NO2","P1E5"
"7414","cg03413355",0.0011,0.00017,1e-09,NA,"NO2","P1E5"
"7415","cg06084210",-0.00035,5.7e-05,1e-09,NA,"NO2","P1E5"
"7416","cg06630988",-0.00045,7.4e-05,1e-09,NA,"NO2","P1E5"
"7417","cg07407499",-0.00044,7.2e-05,1e-09,NA,"NO2","P1E5"
"7418","cg18017531",-0.00031,5.1e-05,1e-09,NA,"NO2","P1E5"
"7419","cg21423404",-0.00051,8.4e-05,1e-09,NA,"NO2","P1E5"
"7420","cg26636103",-0.00031,5.1e-05,1e-09,NA,"NO2","P1E5"
"7421","cg26790091",-0.00045,7.3e-05,1e-09,NA,"NO2","P1E5"
"7422","cg01142438",-0.00024,4e-05,1e-09,NA,"NO2","P1E5"
"7423","cg02468966",-0.00022,3.6e-05,1e-09,NA,"NO2","P1E5"
"7424","cg05592292",-0.00043,7.1e-05,1e-09,NA,"NO2","P1E5"
"7425","cg05865548",-0.00031,5.1e-05,1e-09,NA,"NO2","P1E5"
"7426","cg13801475",-0.00028,4.7e-05,1e-09,NA,"NO2","P1E5"
"7427","cg15319027",-0.00039,6.3e-05,1e-09,NA,"NO2","P1E5"
"7428","cg24397737",-0.00038,6.3e-05,1e-09,NA,"NO2","P1E5"
"7429","cg24639100",-0.00025,4.1e-05,1e-09,NA,"NO2","P1E5"
"7430","cg02684548",-0.00037,6.1e-05,1.1e-09,NA,"NO2","P1E5"
"7431","cg11122453",-0.00027,4.4e-05,1.1e-09,NA,"NO2","P1E5"
"7432","cg06061755",-3e-04,4.9e-05,1.1e-09,NA,"NO2","P1E5"
"7433","cg10803923",-0.00045,7.3e-05,1.1e-09,NA,"NO2","P1E5"
"7434","cg14323928",-0.00034,5.6e-05,1.1e-09,NA,"NO2","P1E5"
"7435","cg14416294",-0.00039,6.5e-05,1.1e-09,NA,"NO2","P1E5"
"7436","cg19297868",-0.00041,6.7e-05,1.1e-09,NA,"NO2","P1E5"
"7437","cg23530981",-0.00032,5.3e-05,1.1e-09,NA,"NO2","P1E5"
"7438","cg21715599",-0.00032,5.2e-05,1.1e-09,NA,"NO2","P1E5"
"7439","cg25779127",-0.00032,5.2e-05,1.1e-09,NA,"NO2","P1E5"
"7440","cg01729020",-0.00033,5.4e-05,1.1e-09,NA,"NO2","P1E5"
"7441","cg04270982",-0.00017,2.8e-05,1.1e-09,NA,"NO2","P1E5"
"7442","cg04839677",-0.00043,7.1e-05,1.1e-09,NA,"NO2","P1E5"
"7443","cg06178650",-0.00031,5.1e-05,1.1e-09,NA,"NO2","P1E5"
"7444","cg08211199",-0.00035,5.7e-05,1.1e-09,NA,"NO2","P1E5"
"7445","cg11856036",-0.00023,3.8e-05,1.1e-09,NA,"NO2","P1E5"
"7446","cg12261786",-0.00042,6.8e-05,1.1e-09,NA,"NO2","P1E5"
"7447","cg12882392",-0.00029,4.8e-05,1.1e-09,NA,"NO2","P1E5"
"7448","cg15895121",-0.00036,6e-05,1.1e-09,NA,"NO2","P1E5"
"7449","cg04253465",-0.00033,5.3e-05,1.1e-09,NA,"NO2","P1E5"
"7450","cg18210365",-0.00075,0.00012,1.1e-09,NA,"NO2","P1E5"
"7451","cg23110019",-0.00042,6.9e-05,1.1e-09,NA,"NO2","P1E5"
"7452","cg00692279",-0.00049,8e-05,1.1e-09,NA,"NO2","P1E5"
"7453","cg13292301",-0.00023,3.7e-05,1.1e-09,NA,"NO2","P1E5"
"7454","cg17045044",-0.00042,6.8e-05,1.1e-09,NA,"NO2","P1E5"
"7455","cg26647524",-0.00048,7.8e-05,1.1e-09,NA,"NO2","P1E5"
"7456","cg27463749",-0.00033,5.4e-05,1.1e-09,NA,"NO2","P1E5"
"7457","cg01398181",-0.00025,4.1e-05,1.1e-09,NA,"NO2","P1E5"
"7458","cg02329038",-0.00036,5.9e-05,1.1e-09,NA,"NO2","P1E5"
"7459","cg02751839",-0.00031,5.2e-05,1.1e-09,NA,"NO2","P1E5"
"7460","cg27405626",-0.00032,5.2e-05,1.1e-09,NA,"NO2","P1E5"
"7461","cg00891025",-0.00051,8.4e-05,1.1e-09,NA,"NO2","P1E5"
"7462","cg03669367",-0.00033,5.4e-05,1.1e-09,NA,"NO2","P1E5"
"7463","cg05754035",-0.00045,7.4e-05,1.1e-09,NA,"NO2","P1E5"
"7464","cg14046566",-0.00027,4.4e-05,1.1e-09,NA,"NO2","P1E5"
"7465","cg22364465",-4e-04,6.6e-05,1.1e-09,NA,"NO2","P1E5"
"7466","cg04479041",-0.00034,5.5e-05,1.1e-09,NA,"NO2","P1E5"
"7467","cg05858079",-0.00026,4.3e-05,1.1e-09,NA,"NO2","P1E5"
"7468","cg07157396",-0.00034,5.6e-05,1.1e-09,NA,"NO2","P1E5"
"7469","cg09292377",-0.00027,4.5e-05,1.1e-09,NA,"NO2","P1E5"
"7470","cg17822325",0.00075,0.00012,1.1e-09,NA,"NO2","P1E5"
"7471","cg19637560",-0.00059,9.7e-05,1.1e-09,NA,"NO2","P1E5"
"7472","cg23475755",-0.00025,4.1e-05,1.1e-09,NA,"NO2","P1E5"
"7473","cg24430703",-0.00031,5e-05,1.1e-09,NA,"NO2","P1E5"
"7474","cg25927375",-0.00054,8.9e-05,1.1e-09,NA,"NO2","P1E5"
"7475","cg00416945",-0.00039,6.4e-05,1.1e-09,NA,"NO2","P1E5"
"7476","cg06755263",-0.00035,5.7e-05,1.1e-09,NA,"NO2","P1E5"
"7477","cg12332316",-0.00021,3.5e-05,1.1e-09,NA,"NO2","P1E5"
"7478","cg21775463",-5e-04,8.2e-05,1.1e-09,NA,"NO2","P1E5"
"7479","cg10542975",0.00045,7.4e-05,1.1e-09,NA,"NO2","P1E5"
"7480","cg12042332",-0.00037,6.1e-05,1.1e-09,NA,"NO2","P1E5"
"7481","cg13465587",-0.00031,5.1e-05,1.1e-09,NA,"NO2","P1E5"
"7482","cg03943605",-0.00041,6.8e-05,1.2e-09,NA,"NO2","P1E5"
"7483","cg14609139",-0.00041,6.8e-05,1.2e-09,NA,"NO2","P1E5"
"7484","cg16559570",-0.00034,5.5e-05,1.2e-09,NA,"NO2","P1E5"
"7485","cg19861427",-0.00038,6.2e-05,1.2e-09,NA,"NO2","P1E5"
"7486","cg00974629",-0.00029,4.8e-05,1.2e-09,NA,"NO2","P1E5"
"7487","cg09731087",-0.00023,3.9e-05,1.2e-09,NA,"NO2","P1E5"
"7488","cg20094279",-4e-04,6.5e-05,1.2e-09,NA,"NO2","P1E5"
"7489","cg20510525",-0.00032,5.3e-05,1.2e-09,NA,"NO2","P1E5"
"7490","cg22365946",-0.00027,4.4e-05,1.2e-09,NA,"NO2","P1E5"
"7491","cg22872478",-0.00041,6.8e-05,1.2e-09,NA,"NO2","P1E5"
"7492","cg09437783",-0.00036,5.9e-05,1.2e-09,NA,"NO2","P1E5"
"7493","cg11657043",-3e-04,4.9e-05,1.2e-09,NA,"NO2","P1E5"
"7494","cg14293027",-0.00025,4.1e-05,1.2e-09,NA,"NO2","P1E5"
"7495","cg24876998",-0.00031,5.1e-05,1.2e-09,NA,"NO2","P1E5"
"7496","cg25605800",-0.00036,5.9e-05,1.2e-09,NA,"NO2","P1E5"
"7497","cg13125510",-0.00037,6.1e-05,1.2e-09,NA,"NO2","P1E5"
"7498","cg18121946",-0.00037,6e-05,1.2e-09,NA,"NO2","P1E5"
"7499","cg20134984",-3e-04,4.9e-05,1.2e-09,NA,"NO2","P1E5"
"7500","cg20544216",-0.00026,4.3e-05,1.2e-09,NA,"NO2","P1E5"
"7501","cg03597968",-0.00025,4.1e-05,1.2e-09,NA,"NO2","P1E5"
"7502","cg09425926",-0.00045,7.3e-05,1.2e-09,NA,"NO2","P1E5"
"7503","cg10210690",-0.00057,9.3e-05,1.2e-09,NA,"NO2","P1E5"
"7504","cg10941189",-0.00029,4.7e-05,1.2e-09,NA,"NO2","P1E5"
"7505","cg20491406",-0.00029,4.7e-05,1.2e-09,NA,"NO2","P1E5"
"7506","cg25013052",-0.00045,7.3e-05,1.2e-09,NA,"NO2","P1E5"
"7507","cg03353436",-2e-04,3.4e-05,1.2e-09,NA,"NO2","P1E5"
"7508","cg17129262",-0.00048,8e-05,1.2e-09,NA,"NO2","P1E5"
"7509","cg22616343",-0.00041,6.8e-05,1.2e-09,NA,"NO2","P1E5"
"7510","cg01825355",-0.00023,3.8e-05,1.2e-09,NA,"NO2","P1E5"
"7511","cg02271926",-0.00025,4.2e-05,1.2e-09,NA,"NO2","P1E5"
"7512","cg02990330",-0.00057,9.5e-05,1.2e-09,NA,"NO2","P1E5"
"7513","cg05030251",-0.00034,5.6e-05,1.2e-09,NA,"NO2","P1E5"
"7514","cg08182826",-0.00039,6.4e-05,1.2e-09,NA,"NO2","P1E5"
"7515","cg12682032",-0.00047,7.7e-05,1.2e-09,NA,"NO2","P1E5"
"7516","cg20902353",-0.00046,7.5e-05,1.2e-09,NA,"NO2","P1E5"
"7517","cg23625341",-0.00024,3.9e-05,1.2e-09,NA,"NO2","P1E5"
"7518","cg00029521",-0.00051,8.3e-05,1.2e-09,NA,"NO2","P1E5"
"7519","cg00577417",-0.00049,8e-05,1.2e-09,NA,"NO2","P1E5"
"7520","cg02715629",-0.00062,1e-04,1.2e-09,NA,"NO2","P1E5"
"7521","cg07917031",-0.00022,3.6e-05,1.2e-09,NA,"NO2","P1E5"
"7522","cg08842062",-0.00033,5.5e-05,1.2e-09,NA,"NO2","P1E5"
"7523","cg00320765",-0.00048,7.8e-05,1.3e-09,NA,"NO2","P1E5"
"7524","cg00508158",-0.00031,5.1e-05,1.3e-09,NA,"NO2","P1E5"
"7525","cg00707130",-0.00043,7.1e-05,1.3e-09,NA,"NO2","P1E5"
"7526","cg04509882",-0.00044,7.3e-05,1.3e-09,NA,"NO2","P1E5"
"7527","cg06354543",-4e-04,6.5e-05,1.3e-09,NA,"NO2","P1E5"
"7528","cg06798483",-0.00049,8.1e-05,1.3e-09,NA,"NO2","P1E5"
"7529","cg20083900",-0.00031,5.1e-05,1.3e-09,NA,"NO2","P1E5"
"7530","cg22533317",-0.00064,0.00011,1.3e-09,NA,"NO2","P1E5"
"7531","cg22966673",-0.00029,4.8e-05,1.3e-09,NA,"NO2","P1E5"
"7532","cg01750783",-0.00057,9.5e-05,1.3e-09,NA,"NO2","P1E5"
"7533","cg08268679",-0.00028,4.6e-05,1.3e-09,NA,"NO2","P1E5"
"7534","cg10624445",-0.00046,7.6e-05,1.3e-09,NA,"NO2","P1E5"
"7535","cg11398136",-0.00029,4.7e-05,1.3e-09,NA,"NO2","P1E5"
"7536","cg11659796",-0.00035,5.7e-05,1.3e-09,NA,"NO2","P1E5"
"7537","cg12144852",-0.00039,6.5e-05,1.3e-09,NA,"NO2","P1E5"
"7538","cg13513804",-0.00033,5.4e-05,1.3e-09,NA,"NO2","P1E5"
"7539","cg14041561",-0.00038,6.3e-05,1.3e-09,NA,"NO2","P1E5"
"7540","cg27119212",-2e-04,3.4e-05,1.3e-09,NA,"NO2","P1E5"
"7541","cg27421679",-3e-04,4.9e-05,1.3e-09,NA,"NO2","P1E5"
"7542","cg02184281",-0.00034,5.5e-05,1.3e-09,NA,"NO2","P1E5"
"7543","cg03572171",-0.00033,5.4e-05,1.3e-09,NA,"NO2","P1E5"
"7544","cg08321382",-0.00026,4.3e-05,1.3e-09,NA,"NO2","P1E5"
"7545","cg08932381",-0.00022,3.7e-05,1.3e-09,NA,"NO2","P1E5"
"7546","cg09353289",-0.00051,8.3e-05,1.3e-09,NA,"NO2","P1E5"
"7547","cg17222401",-0.00021,3.4e-05,1.3e-09,NA,"NO2","P1E5"
"7548","cg24039329",-0.00045,7.4e-05,1.3e-09,NA,"NO2","P1E5"
"7549","cg20011459",-0.00036,6e-05,1.3e-09,NA,"NO2","P1E5"
"7550","cg00579706",-4e-04,6.6e-05,1.3e-09,NA,"NO2","P1E5"
"7551","cg07969475",-0.00036,5.9e-05,1.3e-09,NA,"NO2","P1E5"
"7552","cg16751754",-0.00021,3.5e-05,1.3e-09,NA,"NO2","P1E5"
"7553","cg26540191",-0.00042,6.9e-05,1.3e-09,NA,"NO2","P1E5"
"7554","cg04173154",-0.00024,3.9e-05,1.3e-09,NA,"NO2","P1E5"
"7555","cg06165706",-0.00045,7.5e-05,1.3e-09,NA,"NO2","P1E5"
"7556","cg08197072",-0.00037,6.1e-05,1.3e-09,NA,"NO2","P1E5"
"7557","cg08616234",-0.00028,4.7e-05,1.3e-09,NA,"NO2","P1E5"
"7558","cg16669607",-0.00035,5.8e-05,1.3e-09,NA,"NO2","P1E5"
"7559","cg00350478",-0.00041,6.8e-05,1.3e-09,NA,"NO2","P1E5"
"7560","cg02236673",-0.00047,7.8e-05,1.3e-09,NA,"NO2","P1E5"
"7561","cg08808615",-0.00027,4.4e-05,1.3e-09,NA,"NO2","P1E5"
"7562","cg13373315",-3e-04,4.9e-05,1.3e-09,NA,"NO2","P1E5"
"7563","cg14087401",-4e-04,6.6e-05,1.3e-09,NA,"NO2","P1E5"
"7564","cg01814344",-0.00042,6.9e-05,1.3e-09,NA,"NO2","P1E5"
"7565","cg04132809",-0.00014,2.3e-05,1.3e-09,NA,"NO2","P1E5"
"7566","cg04972529",-0.00044,7.2e-05,1.3e-09,NA,"NO2","P1E5"
"7567","cg13774987",-0.00028,4.7e-05,1.3e-09,NA,"NO2","P1E5"
"7568","cg15678861",-0.00038,6.3e-05,1.3e-09,NA,"NO2","P1E5"
"7569","cg16989784",-5e-04,8.3e-05,1.3e-09,NA,"NO2","P1E5"
"7570","cg19251326",-0.00035,5.8e-05,1.3e-09,NA,"NO2","P1E5"
"7571","cg22046966",-4e-04,6.6e-05,1.3e-09,NA,"NO2","P1E5"
"7572","cg27176995",-0.00041,6.7e-05,1.3e-09,NA,"NO2","P1E5"
"7573","cg27312338",-0.00067,0.00011,1.3e-09,NA,"NO2","P1E5"
"7574","cg01304499",-0.00048,7.9e-05,1.3e-09,NA,"NO2","P1E5"
"7575","cg01357713",-0.00048,7.8e-05,1.3e-09,NA,"NO2","P1E5"
"7576","cg03722802",-0.00033,5.4e-05,1.3e-09,NA,"NO2","P1E5"
"7577","cg03830401",-0.00026,4.4e-05,1.3e-09,NA,"NO2","P1E5"
"7578","cg09635866",-3e-04,5e-05,1.3e-09,NA,"NO2","P1E5"
"7579","cg11253886",-0.00038,6.3e-05,1.3e-09,NA,"NO2","P1E5"
"7580","cg12582965",-0.00032,5.3e-05,1.3e-09,NA,"NO2","P1E5"
"7581","cg16410171",-0.00036,5.9e-05,1.3e-09,NA,"NO2","P1E5"
"7582","cg18782201",-0.00039,6.4e-05,1.3e-09,NA,"NO2","P1E5"
"7583","cg18854169",-0.00046,7.6e-05,1.3e-09,NA,"NO2","P1E5"
"7584","cg19815325",-0.00032,5.2e-05,1.3e-09,NA,"NO2","P1E5"
"7585","cg20450337",-0.00031,5.2e-05,1.3e-09,NA,"NO2","P1E5"
"7586","cg04887124",-0.00033,5.4e-05,1.3e-09,NA,"NO2","P1E5"
"7587","cg05465955",0.00043,7e-05,1.3e-09,NA,"NO2","P1E5"
"7588","cg04804772",-0.00048,7.9e-05,1.4e-09,NA,"NO2","P1E5"
"7589","cg09147400",-0.00021,3.5e-05,1.4e-09,NA,"NO2","P1E5"
"7590","cg08650639",-0.00036,6e-05,1.4e-09,NA,"NO2","P1E5"
"7591","cg13847853",-0.00029,4.7e-05,1.4e-09,NA,"NO2","P1E5"
"7592","cg15714776",-4e-04,6.6e-05,1.4e-09,NA,"NO2","P1E5"
"7593","cg23402986",-0.00024,3.9e-05,1.4e-09,NA,"NO2","P1E5"
"7594","cg24902038",-0.00048,7.9e-05,1.4e-09,NA,"NO2","P1E5"
"7595","cg26475742",-0.00039,6.4e-05,1.4e-09,NA,"NO2","P1E5"
"7596","cg03839288",-0.00054,8.9e-05,1.4e-09,NA,"NO2","P1E5"
"7597","cg06868569",-0.00021,3.4e-05,1.4e-09,NA,"NO2","P1E5"
"7598","cg12285326",-5e-04,8.3e-05,1.4e-09,NA,"NO2","P1E5"
"7599","cg23245711",-0.00035,5.8e-05,1.4e-09,NA,"NO2","P1E5"
"7600","cg03699074",-0.00044,7.3e-05,1.4e-09,NA,"NO2","P1E5"
"7601","cg03769734",-3e-04,5e-05,1.4e-09,NA,"NO2","P1E5"
"7602","cg17836247",-0.00039,6.4e-05,1.4e-09,NA,"NO2","P1E5"
"7603","cg00222684",-0.00024,4e-05,1.4e-09,NA,"NO2","P1E5"
"7604","cg00801134",-3e-04,4.9e-05,1.4e-09,NA,"NO2","P1E5"
"7605","cg07935357",-0.00033,5.4e-05,1.4e-09,NA,"NO2","P1E5"
"7606","cg07998325",-0.00028,4.7e-05,1.4e-09,NA,"NO2","P1E5"
"7607","cg08530041",-0.00026,4.3e-05,1.4e-09,NA,"NO2","P1E5"
"7608","cg25726847",-0.00043,7.2e-05,1.4e-09,NA,"NO2","P1E5"
"7609","cg26543164",-0.00027,4.5e-05,1.4e-09,NA,"NO2","P1E5"
"7610","cg00499237",-0.00028,4.6e-05,1.4e-09,NA,"NO2","P1E5"
"7611","cg01159793",-0.00038,6.3e-05,1.4e-09,NA,"NO2","P1E5"
"7612","cg04945434",-0.00024,3.9e-05,1.4e-09,NA,"NO2","P1E5"
"7613","cg09828346",-0.00036,6e-05,1.4e-09,NA,"NO2","P1E5"
"7614","cg15490785",-4e-04,6.7e-05,1.4e-09,NA,"NO2","P1E5"
"7615","cg15677294",-0.00041,6.8e-05,1.4e-09,NA,"NO2","P1E5"
"7616","cg25735572",-0.00045,7.4e-05,1.4e-09,NA,"NO2","P1E5"
"7617","cg25893679",-0.00028,4.6e-05,1.4e-09,NA,"NO2","P1E5"
"7618","cg13579932",-0.00027,4.5e-05,1.4e-09,NA,"NO2","P1E5"
"7619","cg16814143",-0.00029,4.8e-05,1.4e-09,NA,"NO2","P1E5"
"7620","cg23199788",-0.00045,7.4e-05,1.4e-09,NA,"NO2","P1E5"
"7621","cg10473907",-0.00031,5.1e-05,1.4e-09,NA,"NO2","P1E5"
"7622","cg25044765",-0.00036,5.9e-05,1.4e-09,NA,"NO2","P1E5"
"7623","cg04522949",-0.00041,6.8e-05,1.4e-09,NA,"NO2","P1E5"
"7624","cg06162324",-0.00041,6.7e-05,1.4e-09,NA,"NO2","P1E5"
"7625","cg11454547",-3e-04,5e-05,1.4e-09,NA,"NO2","P1E5"
"7626","cg12370326",-0.00035,5.8e-05,1.4e-09,NA,"NO2","P1E5"
"7627","cg16534427",-0.00025,4.2e-05,1.4e-09,NA,"NO2","P1E5"
"7628","cg03480346",-0.00086,0.00014,1.4e-09,NA,"NO2","P1E5"
"7629","cg09183671",-0.00063,1e-04,1.4e-09,NA,"NO2","P1E5"
"7630","cg15128778",-0.00035,5.8e-05,1.4e-09,NA,"NO2","P1E5"
"7631","cg02855363",-0.00042,7e-05,1.4e-09,NA,"NO2","P1E5"
"7632","cg04691180",-0.00044,7.3e-05,1.4e-09,NA,"NO2","P1E5"
"7633","cg13689118",-0.00025,4.2e-05,1.4e-09,NA,"NO2","P1E5"
"7634","cg16114706",-0.00037,6.2e-05,1.4e-09,NA,"NO2","P1E5"
"7635","cg17772649",-0.00076,0.00013,1.4e-09,NA,"NO2","P1E5"
"7636","cg04607671",-0.00039,6.4e-05,1.5e-09,NA,"NO2","P1E5"
"7637","cg04841371",-0.00041,6.7e-05,1.5e-09,NA,"NO2","P1E5"
"7638","cg11987068",-0.00027,4.5e-05,1.5e-09,NA,"NO2","P1E5"
"7639","cg19372178",-4e-04,6.6e-05,1.5e-09,NA,"NO2","P1E5"
"7640","cg21748136",-0.00031,5.1e-05,1.5e-09,NA,"NO2","P1E5"
"7641","cg00006397",-0.00029,4.8e-05,1.5e-09,NA,"NO2","P1E5"
"7642","cg16569813",-0.00022,3.6e-05,1.5e-09,NA,"NO2","P1E5"
"7643","cg00983608",-0.00044,7.3e-05,1.5e-09,NA,"NO2","P1E5"
"7644","cg02659581",-4e-04,6.6e-05,1.5e-09,NA,"NO2","P1E5"
"7645","cg04955051",-0.00041,6.8e-05,1.5e-09,NA,"NO2","P1E5"
"7646","cg19879483",-3e-04,5e-05,1.5e-09,NA,"NO2","P1E5"
"7647","cg23918388",-0.00035,5.9e-05,1.5e-09,NA,"NO2","P1E5"
"7648","cg09127909",-0.00021,3.5e-05,1.5e-09,NA,"NO2","P1E5"
"7649","cg20033070",-0.00034,5.6e-05,1.5e-09,NA,"NO2","P1E5"
"7650","cg24306397",-0.00043,7.2e-05,1.5e-09,NA,"NO2","P1E5"
"7651","cg02375065",-0.00043,7.1e-05,1.5e-09,NA,"NO2","P1E5"
"7652","cg06638913",-0.00035,5.7e-05,1.5e-09,NA,"NO2","P1E5"
"7653","cg18858144",-0.00035,5.8e-05,1.5e-09,NA,"NO2","P1E5"
"7654","cg02499967",-0.00038,6.3e-05,1.5e-09,NA,"NO2","P1E5"
"7655","cg03602777",-0.00029,4.9e-05,1.5e-09,NA,"NO2","P1E5"
"7656","cg05177519",-0.00024,3.9e-05,1.5e-09,NA,"NO2","P1E5"
"7657","cg06815826",-0.00043,7.2e-05,1.5e-09,NA,"NO2","P1E5"
"7658","cg08693997",-0.00029,4.8e-05,1.5e-09,NA,"NO2","P1E5"
"7659","cg02169981",-0.00035,5.8e-05,1.5e-09,NA,"NO2","P1E5"
"7660","cg02653521",-3e-04,4.9e-05,1.5e-09,NA,"NO2","P1E5"
"7661","cg06483559",-0.00043,7.1e-05,1.5e-09,NA,"NO2","P1E5"
"7662","cg15643000",-0.00036,6e-05,1.5e-09,NA,"NO2","P1E5"
"7663","cg26628100",-0.00032,5.3e-05,1.5e-09,NA,"NO2","P1E5"
"7664","cg02363202",-0.00049,8.1e-05,1.5e-09,NA,"NO2","P1E5"
"7665","cg09967479",-0.00062,1e-04,1.5e-09,NA,"NO2","P1E5"
"7666","cg23914149",-0.00047,7.7e-05,1.5e-09,NA,"NO2","P1E5"
"7667","cg03861143",-0.00036,6e-05,1.5e-09,NA,"NO2","P1E5"
"7668","cg10017653",-0.00034,5.7e-05,1.5e-09,NA,"NO2","P1E5"
"7669","cg18857314",-0.00039,6.4e-05,1.5e-09,NA,"NO2","P1E5"
"7670","cg23717187",-0.00044,7.3e-05,1.5e-09,NA,"NO2","P1E5"
"7671","cg04309194",-0.00076,0.00013,1.6e-09,NA,"NO2","P1E5"
"7672","cg06088102",-0.00032,5.3e-05,1.6e-09,NA,"NO2","P1E5"
"7673","cg11521325",-5e-04,8.3e-05,1.6e-09,NA,"NO2","P1E5"
"7674","cg21117426",-0.00032,5.3e-05,1.6e-09,NA,"NO2","P1E5"
"7675","cg24859433",-0.00039,6.4e-05,1.6e-09,NA,"NO2","P1E5"
"7676","cg21211478",-0.00034,5.6e-05,1.6e-09,NA,"NO2","P1E5"
"7677","cg25456968",-0.00023,3.8e-05,1.6e-09,NA,"NO2","P1E5"
"7678","cg03743678",-0.00028,4.7e-05,1.6e-09,NA,"NO2","P1E5"
"7679","cg16957224",-0.00048,7.9e-05,1.6e-09,NA,"NO2","P1E5"
"7680","cg18727075",-0.00031,5.1e-05,1.6e-09,NA,"NO2","P1E5"
"7681","cg22175494",-0.00034,5.6e-05,1.6e-09,NA,"NO2","P1E5"
"7682","cg00369202",-0.00066,0.00011,1.6e-09,NA,"NO2","P1E5"
"7683","cg17993657",-0.00033,5.4e-05,1.6e-09,NA,"NO2","P1E5"
"7684","cg22657632",-0.00041,6.8e-05,1.6e-09,NA,"NO2","P1E5"
"7685","cg23955161",-0.00038,6.3e-05,1.6e-09,NA,"NO2","P1E5"
"7686","cg25744277",-0.00051,8.4e-05,1.6e-09,NA,"NO2","P1E5"
"7687","cg02215776",-0.00023,3.8e-05,1.6e-09,NA,"NO2","P1E5"
"7688","cg03005124",-0.00031,5.1e-05,1.6e-09,NA,"NO2","P1E5"
"7689","cg10355623",-0.00039,6.4e-05,1.6e-09,NA,"NO2","P1E5"
"7690","cg04113258",-0.00052,8.6e-05,1.6e-09,NA,"NO2","P1E5"
"7691","cg04881751",-0.00026,4.3e-05,1.6e-09,NA,"NO2","P1E5"
"7692","cg05536998",-0.00037,6.2e-05,1.6e-09,NA,"NO2","P1E5"
"7693","cg13349425",-0.00027,4.5e-05,1.6e-09,NA,"NO2","P1E5"
"7694","cg01483824",-0.00087,0.00014,1.6e-09,NA,"NO2","P1E5"
"7695","cg02315315",-4e-04,6.7e-05,1.6e-09,NA,"NO2","P1E5"
"7696","cg07660494",-0.00048,7.9e-05,1.6e-09,NA,"NO2","P1E5"
"7697","cg25929139",-0.00037,6.2e-05,1.6e-09,NA,"NO2","P1E5"
"7698","cg20068510",-0.00032,5.3e-05,1.6e-09,NA,"NO2","P1E5"
"7699","cg21613389",-0.00052,8.6e-05,1.6e-09,NA,"NO2","P1E5"
"7700","cg24995783",-0.00027,4.5e-05,1.6e-09,NA,"NO2","P1E5"
"7701","cg00881370",-0.00028,4.7e-05,1.6e-09,NA,"NO2","P1E5"
"7702","cg01981445",-0.00049,8.1e-05,1.6e-09,NA,"NO2","P1E5"
"7703","cg17657743",-3e-04,5e-05,1.6e-09,NA,"NO2","P1E5"
"7704","cg18878886",-0.00028,4.6e-05,1.6e-09,NA,"NO2","P1E5"
"7705","cg00753714",-0.00025,4.1e-05,1.7e-09,NA,"NO2","P1E5"
"7706","cg08238265",-0.00027,4.5e-05,1.7e-09,NA,"NO2","P1E5"
"7707","cg14403574",-0.00063,1e-04,1.7e-09,NA,"NO2","P1E5"
"7708","cg20980299",-0.00028,4.6e-05,1.7e-09,NA,"NO2","P1E5"
"7709","cg22147163",-0.00029,4.9e-05,1.7e-09,NA,"NO2","P1E5"
"7710","cg23878494",-0.00045,7.5e-05,1.7e-09,NA,"NO2","P1E5"
"7711","cg07382129",-0.00026,4.4e-05,1.7e-09,NA,"NO2","P1E5"
"7712","cg23093870",-0.00035,5.8e-05,1.7e-09,NA,"NO2","P1E5"
"7713","cg01708964",-0.00032,5.4e-05,1.7e-09,NA,"NO2","P1E5"
"7714","cg10068572",-0.00043,7.2e-05,1.7e-09,NA,"NO2","P1E5"
"7715","cg14012365",-0.00038,6.2e-05,1.7e-09,NA,"NO2","P1E5"
"7716","cg15341760",-0.00029,4.9e-05,1.7e-09,NA,"NO2","P1E5"
"7717","cg22129809",-0.00028,4.7e-05,1.7e-09,NA,"NO2","P1E5"
"7718","cg25243385",-0.00027,4.4e-05,1.7e-09,NA,"NO2","P1E5"
"7719","cg02344361",-0.00041,6.7e-05,1.7e-09,NA,"NO2","P1E5"
"7720","cg27340001",-0.00071,0.00012,1.7e-09,NA,"NO2","P1E5"
"7721","cg00706966",-0.00037,6.2e-05,1.7e-09,NA,"NO2","P1E5"
"7722","cg02711212",-0.00026,4.3e-05,1.7e-09,NA,"NO2","P1E5"
"7723","cg07533617",-0.00018,3e-05,1.7e-09,NA,"NO2","P1E5"
"7724","cg13422817",-5e-04,8.3e-05,1.7e-09,NA,"NO2","P1E5"
"7725","cg21582956",-0.00037,6.1e-05,1.7e-09,NA,"NO2","P1E5"
"7726","cg04152326",-0.00027,4.4e-05,1.7e-09,NA,"NO2","P1E5"
"7727","cg15163719",-0.00041,6.8e-05,1.7e-09,NA,"NO2","P1E5"
"7728","cg18683707",-0.00029,4.8e-05,1.7e-09,NA,"NO2","P1E5"
"7729","cg25798782",-0.00038,6.3e-05,1.7e-09,NA,"NO2","P1E5"
"7730","cg02773436",-0.00083,0.00014,1.7e-09,NA,"NO2","P1E5"
"7731","cg09340513",-0.00028,4.7e-05,1.7e-09,NA,"NO2","P1E5"
"7732","cg10218510",-3e-04,5e-05,1.7e-09,NA,"NO2","P1E5"
"7733","cg14792155",-0.00026,4.3e-05,1.7e-09,NA,"NO2","P1E5"
"7734","cg01412803",-0.00035,5.9e-05,1.7e-09,NA,"NO2","P1E5"
"7735","cg02100497",-3e-04,5e-05,1.7e-09,NA,"NO2","P1E5"
"7736","cg08424770",-0.00024,4.1e-05,1.7e-09,NA,"NO2","P1E5"
"7737","cg11137156",-5e-04,8.2e-05,1.7e-09,NA,"NO2","P1E5"
"7738","cg14111380",-0.00026,4.3e-05,1.7e-09,NA,"NO2","P1E5"
"7739","cg11801374",-0.00028,4.7e-05,1.7e-09,NA,"NO2","P1E5"
"7740","cg25298039",-0.00042,7e-05,1.7e-09,NA,"NO2","P1E5"
"7741","cg25592353",-0.00033,5.5e-05,1.7e-09,NA,"NO2","P1E5"
"7742","cg25748521",-0.00038,6.4e-05,1.7e-09,NA,"NO2","P1E5"
"7743","cg01026233",-0.00045,7.4e-05,1.7e-09,NA,"NO2","P1E5"
"7744","cg14528056",0.00069,0.00011,1.7e-09,NA,"NO2","P1E5"
"7745","cg17732038",-0.00052,8.7e-05,1.7e-09,NA,"NO2","P1E5"
"7746","cg27531553",-0.00032,5.4e-05,1.7e-09,NA,"NO2","P1E5"
"7747","cg01181499",-0.00029,4.9e-05,1.8e-09,NA,"NO2","P1E5"
"7748","cg03084824",-0.00032,5.2e-05,1.8e-09,NA,"NO2","P1E5"
"7749","cg06930162",-0.00048,8e-05,1.8e-09,NA,"NO2","P1E5"
"7750","cg10354880",-0.00026,4.3e-05,1.8e-09,NA,"NO2","P1E5"
"7751","cg10716862",-0.00035,5.8e-05,1.8e-09,NA,"NO2","P1E5"
"7752","cg16866136",-0.00043,7.2e-05,1.8e-09,NA,"NO2","P1E5"
"7753","cg01329153",-3e-04,4.9e-05,1.8e-09,NA,"NO2","P1E5"
"7754","cg12433423",-0.00033,5.5e-05,1.8e-09,NA,"NO2","P1E5"
"7755","cg13067816",-4e-04,6.7e-05,1.8e-09,NA,"NO2","P1E5"
"7756","cg17362661",-3e-04,4.9e-05,1.8e-09,NA,"NO2","P1E5"
"7757","cg22999343",-0.00042,6.9e-05,1.8e-09,NA,"NO2","P1E5"
"7758","cg24544298",-0.00036,6e-05,1.8e-09,NA,"NO2","P1E5"
"7759","cg01797043",-0.00044,7.3e-05,1.8e-09,NA,"NO2","P1E5"
"7760","cg03318904",0.00067,0.00011,1.8e-09,NA,"NO2","P1E5"
"7761","cg03872339",-0.00053,8.8e-05,1.8e-09,NA,"NO2","P1E5"
"7762","cg09301143",-0.00034,5.6e-05,1.8e-09,NA,"NO2","P1E5"
"7763","cg25611756",-0.00028,4.7e-05,1.8e-09,NA,"NO2","P1E5"
"7764","cg26159905",-0.00047,7.8e-05,1.8e-09,NA,"NO2","P1E5"
"7765","cg03240324",-0.00064,0.00011,1.8e-09,NA,"NO2","P1E5"
"7766","cg05841263",-3e-04,5e-05,1.8e-09,NA,"NO2","P1E5"
"7767","cg01883208",-0.00052,8.7e-05,1.8e-09,NA,"NO2","P1E5"
"7768","cg07124995",-0.00033,5.5e-05,1.8e-09,NA,"NO2","P1E5"
"7769","cg13126638",-0.00046,7.6e-05,1.8e-09,NA,"NO2","P1E5"
"7770","cg27371539",-4e-04,6.7e-05,1.8e-09,NA,"NO2","P1E5"
"7771","cg01083148",-0.00037,6.2e-05,1.8e-09,NA,"NO2","P1E5"
"7772","cg16596716",-0.00035,5.8e-05,1.8e-09,NA,"NO2","P1E5"
"7773","cg16659773",-0.00032,5.4e-05,1.8e-09,NA,"NO2","P1E5"
"7774","cg20849835",-0.00021,3.5e-05,1.8e-09,NA,"NO2","P1E5"
"7775","cg24833277",-0.00035,5.8e-05,1.8e-09,NA,"NO2","P1E5"
"7776","cg01701055",-0.00039,6.5e-05,1.8e-09,NA,"NO2","P1E5"
"7777","cg02097120",-5e-04,8.3e-05,1.8e-09,NA,"NO2","P1E5"
"7778","cg02781105",-0.00047,7.8e-05,1.8e-09,NA,"NO2","P1E5"
"7779","cg06345909",-0.00059,9.8e-05,1.8e-09,NA,"NO2","P1E5"
"7780","cg18730511",-0.00031,5.1e-05,1.8e-09,NA,"NO2","P1E5"
"7781","cg10020546",-4e-04,6.6e-05,1.8e-09,NA,"NO2","P1E5"
"7782","cg10244525",-5e-04,8.4e-05,1.9e-09,NA,"NO2","P1E5"
"7783","cg16171849",-0.00035,5.8e-05,1.9e-09,NA,"NO2","P1E5"
"7784","cg20519577",-0.00032,5.3e-05,1.9e-09,NA,"NO2","P1E5"
"7785","cg00915214",-0.00031,5.2e-05,1.9e-09,NA,"NO2","P1E5"
"7786","cg17159890",-2e-04,3.3e-05,1.9e-09,NA,"NO2","P1E5"
"7787","cg21943268",-0.00036,6e-05,1.9e-09,NA,"NO2","P1E5"
"7788","cg22064182",-0.00038,6.4e-05,1.9e-09,NA,"NO2","P1E5"
"7789","cg02834280",-0.00038,6.4e-05,1.9e-09,NA,"NO2","P1E5"
"7790","cg09337427",-0.00028,4.6e-05,1.9e-09,NA,"NO2","P1E5"
"7791","cg24809845",-0.00046,7.7e-05,1.9e-09,NA,"NO2","P1E5"
"7792","cg03285073",-0.00039,6.6e-05,1.9e-09,NA,"NO2","P1E5"
"7793","cg08172575",-0.00021,3.4e-05,1.9e-09,NA,"NO2","P1E5"
"7794","cg00174508",-0.00043,7.2e-05,1.9e-09,NA,"NO2","P1E5"
"7795","cg07824081",-0.00049,8.1e-05,1.9e-09,NA,"NO2","P1E5"
"7796","cg09693765",-0.00033,5.5e-05,1.9e-09,NA,"NO2","P1E5"
"7797","cg15633096",-0.00036,5.9e-05,1.9e-09,NA,"NO2","P1E5"
"7798","cg27343325",-0.00047,7.9e-05,1.9e-09,NA,"NO2","P1E5"
"7799","cg02496377",-3e-04,5e-05,1.9e-09,NA,"NO2","P1E5"
"7800","cg04562295",-0.00029,4.9e-05,1.9e-09,NA,"NO2","P1E5"
"7801","cg09801828",-0.00035,5.8e-05,1.9e-09,NA,"NO2","P1E5"
"7802","cg23603782",-0.00041,6.8e-05,1.9e-09,NA,"NO2","P1E5"
"7803","cg25281677",-0.00059,9.8e-05,1.9e-09,NA,"NO2","P1E5"
"7804","cg01013155",-0.00041,6.8e-05,1.9e-09,NA,"NO2","P1E5"
"7805","cg03997167",-0.00017,2.9e-05,1.9e-09,NA,"NO2","P1E5"
"7806","cg19919209",-0.00039,6.4e-05,1.9e-09,NA,"NO2","P1E5"
"7807","cg23592467",-3e-04,5e-05,1.9e-09,NA,"NO2","P1E5"
"7808","cg25765796",-0.00039,6.5e-05,1.9e-09,NA,"NO2","P1E5"
"7809","cg26977759",-0.00026,4.3e-05,1.9e-09,NA,"NO2","P1E5"
"7810","cg00727663",-0.00031,5.1e-05,1.9e-09,NA,"NO2","P1E5"
"7811","cg07750784",-0.00027,4.5e-05,1.9e-09,NA,"NO2","P1E5"
"7812","cg16339560",-4e-04,6.7e-05,1.9e-09,NA,"NO2","P1E5"
"7813","cg17599372",-0.00047,7.7e-05,1.9e-09,NA,"NO2","P1E5"
"7814","cg20228495",-0.00045,7.4e-05,1.9e-09,NA,"NO2","P1E5"
"7815","cg24938051",-0.00039,6.4e-05,1.9e-09,NA,"NO2","P1E5"
"7816","cg06521544",-4e-04,6.6e-05,1.9e-09,NA,"NO2","P1E5"
"7817","cg09083108",-0.00026,4.4e-05,1.9e-09,NA,"NO2","P1E5"
"7818","cg14003143",-0.00032,5.3e-05,1.9e-09,NA,"NO2","P1E5"
"7819","cg12640930",-0.00031,5.1e-05,2e-09,NA,"NO2","P1E5"
"7820","cg24787238",-0.00056,9.3e-05,2e-09,NA,"NO2","P1E5"
"7821","cg25203351",-0.00039,6.5e-05,2e-09,NA,"NO2","P1E5"
"7822","cg22739858",-0.00048,7.9e-05,2e-09,NA,"NO2","P1E5"
"7823","cg08204050",-0.00063,0.00011,2e-09,NA,"NO2","P1E5"
"7824","cg14739477",-0.00038,6.3e-05,2e-09,NA,"NO2","P1E5"
"7825","cg16803737",-0.00047,7.9e-05,2e-09,NA,"NO2","P1E5"
"7826","cg20913747",-0.00037,6.3e-05,2e-09,NA,"NO2","P1E5"
"7827","cg21415292",-0.00038,6.4e-05,2e-09,NA,"NO2","P1E5"
"7828","cg22830638",-0.00031,5.2e-05,2e-09,NA,"NO2","P1E5"
"7829","cg05787951",-3e-04,5e-05,2e-09,NA,"NO2","P1E5"
"7830","cg05869732",-0.00028,4.6e-05,2e-09,NA,"NO2","P1E5"
"7831","cg07861790",-8e-04,0.00013,2e-09,NA,"NO2","P1E5"
"7832","cg07972805",-0.00032,5.4e-05,2e-09,NA,"NO2","P1E5"
"7833","cg10158715",-0.00036,6e-05,2e-09,NA,"NO2","P1E5"
"7834","cg24411312",-0.00035,5.8e-05,2e-09,NA,"NO2","P1E5"
"7835","cg24938775",-0.00037,6.1e-05,2e-09,NA,"NO2","P1E5"
"7836","cg26248430",-0.00021,3.4e-05,2e-09,NA,"NO2","P1E5"
"7837","cg01079795",-0.00032,5.4e-05,2e-09,NA,"NO2","P1E5"
"7838","cg04126713",-0.00075,0.00013,2e-09,NA,"NO2","P1E5"
"7839","cg04405547",-4e-04,6.6e-05,2e-09,NA,"NO2","P1E5"
"7840","cg16988989",-0.00037,6.2e-05,2e-09,NA,"NO2","P1E5"
"7841","cg21373996",-0.00037,6.2e-05,2e-09,NA,"NO2","P1E5"
"7842","cg01676680",-0.00035,5.8e-05,2e-09,NA,"NO2","P1E5"
"7843","cg04770764",-0.00045,7.5e-05,2e-09,NA,"NO2","P1E5"
"7844","cg16148593",-0.00094,0.00016,2e-09,NA,"NO2","P1E5"
"7845","cg26876077",-0.00039,6.5e-05,2e-09,NA,"NO2","P1E5"
"7846","cg08483980",-0.00036,6.1e-05,2e-09,NA,"NO2","P1E5"
"7847","cg01218720",-0.00025,4.2e-05,2e-09,NA,"NO2","P1E5"
"7848","cg16233151",-3e-04,5e-05,2e-09,NA,"NO2","P1E5"
"7849","cg21224025",-0.00032,5.3e-05,2e-09,NA,"NO2","P1E5"
"7850","cg01966117",-0.00052,8.6e-05,2.1e-09,NA,"NO2","P1E5"
"7851","cg07762961",-0.00044,7.3e-05,2.1e-09,NA,"NO2","P1E5"
"7852","cg10330847",-0.00056,9.3e-05,2.1e-09,NA,"NO2","P1E5"
"7853","cg04802696",-0.00034,5.7e-05,2.1e-09,NA,"NO2","P1E5"
"7854","cg21759685",-0.00043,7.1e-05,2.1e-09,NA,"NO2","P1E5"
"7855","cg22881573",-0.00031,5.2e-05,2.1e-09,NA,"NO2","P1E5"
"7856","cg13494826",-0.00049,8.2e-05,2.1e-09,NA,"NO2","P1E5"
"7857","cg13884376",-0.00028,4.6e-05,2.1e-09,NA,"NO2","P1E5"
"7858","cg01752203",-0.00065,0.00011,2.1e-09,NA,"NO2","P1E5"
"7859","cg04976075",-0.00058,9.7e-05,2.1e-09,NA,"NO2","P1E5"
"7860","cg19824441",-0.00032,5.4e-05,2.1e-09,NA,"NO2","P1E5"
"7861","cg01517962",-3e-04,5e-05,2.1e-09,NA,"NO2","P1E5"
"7862","cg02002164",-3e-04,4.9e-05,2.1e-09,NA,"NO2","P1E5"
"7863","cg05327931",-0.00032,5.4e-05,2.1e-09,NA,"NO2","P1E5"
"7864","cg26269511",-0.00034,5.7e-05,2.1e-09,NA,"NO2","P1E5"
"7865","cg27485730",-0.00039,6.5e-05,2.1e-09,NA,"NO2","P1E5"
"7866","cg00650795",-0.00031,5.2e-05,2.1e-09,NA,"NO2","P1E5"
"7867","cg05401312",-0.00041,6.8e-05,2.1e-09,NA,"NO2","P1E5"
"7868","cg15391491",-0.00042,7e-05,2.1e-09,NA,"NO2","P1E5"
"7869","cg17669365",-0.00037,6.2e-05,2.1e-09,NA,"NO2","P1E5"
"7870","cg01953156",-0.00041,6.9e-05,2.1e-09,NA,"NO2","P1E5"
"7871","cg23196720",-0.00042,7e-05,2.1e-09,NA,"NO2","P1E5"
"7872","cg13336485",-0.00025,4.2e-05,2.1e-09,NA,"NO2","P1E5"
"7873","cg18144647",-0.00056,9.3e-05,2.1e-09,NA,"NO2","P1E5"
"7874","cg04294388",-0.00039,6.6e-05,2.1e-09,NA,"NO2","P1E5"
"7875","cg07835141",-0.00027,4.6e-05,2.1e-09,NA,"NO2","P1E5"
"7876","cg24645671",-0.00035,5.8e-05,2.1e-09,NA,"NO2","P1E5"
"7877","cg25920535",-0.00046,7.7e-05,2.1e-09,NA,"NO2","P1E5"
"7878","cg10328279",-0.00022,3.6e-05,2.2e-09,NA,"NO2","P1E5"
"7879","cg04351597",-0.00029,4.9e-05,2.2e-09,NA,"NO2","P1E5"
"7880","cg17217834",-0.00031,5.2e-05,2.2e-09,NA,"NO2","P1E5"
"7881","cg03259333",-0.00039,6.6e-05,2.2e-09,NA,"NO2","P1E5"
"7882","cg05637630",-0.00026,4.3e-05,2.2e-09,NA,"NO2","P1E5"
"7883","cg13882824",-3e-04,5e-05,2.2e-09,NA,"NO2","P1E5"
"7884","cg14240536",-0.00034,5.8e-05,2.2e-09,NA,"NO2","P1E5"
"7885","cg05168609",-0.00037,6.3e-05,2.2e-09,NA,"NO2","P1E5"
"7886","cg07826246",-0.00038,6.4e-05,2.2e-09,NA,"NO2","P1E5"
"7887","cg10894512",-0.00016,2.7e-05,2.2e-09,NA,"NO2","P1E5"
"7888","cg11664818",-0.00034,5.7e-05,2.2e-09,NA,"NO2","P1E5"
"7889","cg26784112",-0.00032,5.4e-05,2.2e-09,NA,"NO2","P1E5"
"7890","cg08830492",-0.00043,7.2e-05,2.2e-09,NA,"NO2","P1E5"
"7891","cg10663765",-0.001,0.00017,2.2e-09,NA,"NO2","P1E5"
"7892","cg13342717",-3e-04,5e-05,2.2e-09,NA,"NO2","P1E5"
"7893","cg24251850",-0.00028,4.7e-05,2.2e-09,NA,"NO2","P1E5"
"7894","cg04984556",-6e-04,1e-04,2.2e-09,NA,"NO2","P1E5"
"7895","cg08108051",-0.00033,5.5e-05,2.2e-09,NA,"NO2","P1E5"
"7896","cg14434213",-0.00085,0.00014,2.2e-09,NA,"NO2","P1E5"
"7897","cg27340269",-0.00039,6.6e-05,2.2e-09,NA,"NO2","P1E5"
"7898","cg03916382",-0.00047,7.8e-05,2.2e-09,NA,"NO2","P1E5"
"7899","cg15708776",-0.00049,8.1e-05,2.2e-09,NA,"NO2","P1E5"
"7900","cg19350970",-0.00043,7.3e-05,2.2e-09,NA,"NO2","P1E5"
"7901","cg03030665",-0.00036,6e-05,2.2e-09,NA,"NO2","P1E5"
"7902","cg25836545",-0.00032,5.4e-05,2.2e-09,NA,"NO2","P1E5"
"7903","cg00604142",-0.00049,8.2e-05,2.2e-09,NA,"NO2","P1E5"
"7904","cg03202832",-2e-04,3.4e-05,2.2e-09,NA,"NO2","P1E5"
"7905","cg04244849",-0.00028,4.7e-05,2.2e-09,NA,"NO2","P1E5"
"7906","cg15115984",-0.00067,0.00011,2.2e-09,NA,"NO2","P1E5"
"7907","cg17701035",-0.00041,6.8e-05,2.2e-09,NA,"NO2","P1E5"
"7908","cg19346193",-0.00032,5.3e-05,2.2e-09,NA,"NO2","P1E5"
"7909","cg08530859",-0.00022,3.6e-05,2.2e-09,NA,"NO2","P1E5"
"7910","cg01171670",-0.00044,7.4e-05,2.3e-09,NA,"NO2","P1E5"
"7911","cg06229455",-0.00044,7.3e-05,2.3e-09,NA,"NO2","P1E5"
"7912","cg11484721",-0.00026,4.3e-05,2.3e-09,NA,"NO2","P1E5"
"7913","cg13590277",-5e-04,8.4e-05,2.3e-09,NA,"NO2","P1E5"
"7914","cg01619509",-0.00056,9.3e-05,2.3e-09,NA,"NO2","P1E5"
"7915","cg08073934",-0.00023,3.8e-05,2.3e-09,NA,"NO2","P1E5"
"7916","cg16365690",-4e-04,6.7e-05,2.3e-09,NA,"NO2","P1E5"
"7917","cg00549018",-0.00031,5.3e-05,2.3e-09,NA,"NO2","P1E5"
"7918","cg00552704",-0.00041,6.8e-05,2.3e-09,NA,"NO2","P1E5"
"7919","cg03940074",-0.00031,5.2e-05,2.3e-09,NA,"NO2","P1E5"
"7920","cg07709903",-0.00031,5.2e-05,2.3e-09,NA,"NO2","P1E5"
"7921","cg09512004",-0.00034,5.7e-05,2.3e-09,NA,"NO2","P1E5"
"7922","cg12131862",-0.00025,4.1e-05,2.3e-09,NA,"NO2","P1E5"
"7923","cg12537728",-0.00042,7.1e-05,2.3e-09,NA,"NO2","P1E5"
"7924","cg17631357",-0.00029,4.9e-05,2.3e-09,NA,"NO2","P1E5"
"7925","cg20176220",-0.00026,4.3e-05,2.3e-09,NA,"NO2","P1E5"
"7926","cg22477971",-0.00036,6e-05,2.3e-09,NA,"NO2","P1E5"
"7927","cg25165501",-0.00038,6.3e-05,2.3e-09,NA,"NO2","P1E5"
"7928","cg27294164",-0.00029,4.8e-05,2.3e-09,NA,"NO2","P1E5"
"7929","cg09255061",-0.00029,4.8e-05,2.3e-09,NA,"NO2","P1E5"
"7930","cg09297456",-0.00039,6.5e-05,2.3e-09,NA,"NO2","P1E5"
"7931","cg23936294",-0.00023,3.8e-05,2.3e-09,NA,"NO2","P1E5"
"7932","cg11145412",-0.00035,5.8e-05,2.3e-09,NA,"NO2","P1E5"
"7933","cg12304930",-0.00047,7.9e-05,2.3e-09,NA,"NO2","P1E5"
"7934","cg15776647",-0.00047,7.8e-05,2.3e-09,NA,"NO2","P1E5"
"7935","cg25015465",-0.00032,5.3e-05,2.3e-09,NA,"NO2","P1E5"
"7936","cg09760889",-0.00039,6.5e-05,2.3e-09,NA,"NO2","P1E5"
"7937","cg10775230",-0.00043,7.2e-05,2.3e-09,NA,"NO2","P1E5"
"7938","cg22193702",-0.00024,4e-05,2.3e-09,NA,"NO2","P1E5"
"7939","cg22891278",-0.00037,6.3e-05,2.3e-09,NA,"NO2","P1E5"
"7940","cg24545728",-0.00029,4.9e-05,2.3e-09,NA,"NO2","P1E5"
"7941","cg14634687",-0.00058,9.7e-05,2.3e-09,NA,"NO2","P1E5"
"7942","cg16811621",-0.00023,3.8e-05,2.3e-09,NA,"NO2","P1E5"
"7943","cg03930369",-0.00025,4.2e-05,2.3e-09,NA,"NO2","P1E5"
"7944","cg10805970",-0.00036,6e-05,2.3e-09,NA,"NO2","P1E5"
"7945","cg18261944",-0.00034,5.6e-05,2.3e-09,NA,"NO2","P1E5"
"7946","cg25045013",-0.00025,4.2e-05,2.3e-09,NA,"NO2","P1E5"
"7947","cg26502105",-0.00045,7.5e-05,2.3e-09,NA,"NO2","P1E5"
"7948","cg01354426",-0.00033,5.5e-05,2.4e-09,NA,"NO2","P1E5"
"7949","cg05223158",-0.00033,5.5e-05,2.4e-09,NA,"NO2","P1E5"
"7950","cg20561300",-0.00035,5.8e-05,2.4e-09,NA,"NO2","P1E5"
"7951","cg25371564",-0.00032,5.4e-05,2.4e-09,NA,"NO2","P1E5"
"7952","cg00059854",-3e-04,5e-05,2.4e-09,NA,"NO2","P1E5"
"7953","cg07841848",-0.00049,8.2e-05,2.4e-09,NA,"NO2","P1E5"
"7954","cg14033193",-0.00033,5.5e-05,2.4e-09,NA,"NO2","P1E5"
"7955","cg14503168",-0.00044,7.4e-05,2.4e-09,NA,"NO2","P1E5"
"7956","cg22601300",-0.00027,4.5e-05,2.4e-09,NA,"NO2","P1E5"
"7957","cg25069354",-3e-04,5.1e-05,2.4e-09,NA,"NO2","P1E5"
"7958","cg01758942",-0.00033,5.5e-05,2.4e-09,NA,"NO2","P1E5"
"7959","cg04994217",-0.00045,7.5e-05,2.4e-09,NA,"NO2","P1E5"
"7960","cg15166492",-0.00028,4.6e-05,2.4e-09,NA,"NO2","P1E5"
"7961","cg24506394",-0.00023,3.9e-05,2.4e-09,NA,"NO2","P1E5"
"7962","cg26795012",-0.00037,6.1e-05,2.4e-09,NA,"NO2","P1E5"
"7963","cg09925057",-0.00029,4.8e-05,2.4e-09,NA,"NO2","P1E5"
"7964","cg19576847",-0.00037,6.2e-05,2.4e-09,NA,"NO2","P1E5"
"7965","cg00032879",-0.00034,5.6e-05,2.4e-09,NA,"NO2","P1E5"
"7966","cg03533561",-0.00034,5.7e-05,2.4e-09,NA,"NO2","P1E5"
"7967","cg25062951",-0.00028,4.7e-05,2.4e-09,NA,"NO2","P1E5"
"7968","cg06133876",-0.00049,8.2e-05,2.4e-09,NA,"NO2","P1E5"
"7969","cg08157446",-0.00026,4.3e-05,2.4e-09,NA,"NO2","P1E5"
"7970","cg10135474",-0.00031,5.3e-05,2.4e-09,NA,"NO2","P1E5"
"7971","cg11953668",-0.00022,3.7e-05,2.4e-09,NA,"NO2","P1E5"
"7972","cg24848870",-0.00035,5.9e-05,2.4e-09,NA,"NO2","P1E5"
"7973","cg08032665",-0.00047,7.8e-05,2.4e-09,NA,"NO2","P1E5"
"7974","cg10236962",-0.00032,5.4e-05,2.4e-09,NA,"NO2","P1E5"
"7975","cg05232708",-0.00037,6.2e-05,2.4e-09,NA,"NO2","P1E5"
"7976","cg13489914",-0.00024,4e-05,2.4e-09,NA,"NO2","P1E5"
"7977","cg15775218",-0.00022,3.6e-05,2.4e-09,NA,"NO2","P1E5"
"7978","cg23665568",-0.00051,8.5e-05,2.4e-09,NA,"NO2","P1E5"
"7979","cg03983498",-0.00026,4.4e-05,2.5e-09,NA,"NO2","P1E5"
"7980","cg12764611",-0.00022,3.8e-05,2.5e-09,NA,"NO2","P1E5"
"7981","cg14839809",-0.00018,2.9e-05,2.5e-09,NA,"NO2","P1E5"
"7982","cg17696434",-0.00026,4.3e-05,2.5e-09,NA,"NO2","P1E5"
"7983","cg02810149",-0.00044,7.4e-05,2.5e-09,NA,"NO2","P1E5"
"7984","cg03107436",-0.00033,5.6e-05,2.5e-09,NA,"NO2","P1E5"
"7985","cg06266100",-0.00035,5.8e-05,2.5e-09,NA,"NO2","P1E5"
"7986","cg06650664",-0.00032,5.3e-05,2.5e-09,NA,"NO2","P1E5"
"7987","cg07052004",-0.00043,7.1e-05,2.5e-09,NA,"NO2","P1E5"
"7988","cg07588489",-0.00024,4e-05,2.5e-09,NA,"NO2","P1E5"
"7989","cg02043769",-0.00042,7e-05,2.5e-09,NA,"NO2","P1E5"
"7990","cg04844534",-0.00045,7.6e-05,2.5e-09,NA,"NO2","P1E5"
"7991","cg18177875",-0.00044,7.4e-05,2.5e-09,NA,"NO2","P1E5"
"7992","cg21642632",-0.00025,4.2e-05,2.5e-09,NA,"NO2","P1E5"
"7993","cg23060513",0.00075,0.00013,2.5e-09,NA,"NO2","P1E5"
"7994","cg13295262",-0.00035,5.9e-05,2.5e-09,NA,"NO2","P1E5"
"7995","cg03950655",-0.00031,5.2e-05,2.5e-09,NA,"NO2","P1E5"
"7996","cg20036706",-0.00033,5.5e-05,2.5e-09,NA,"NO2","P1E5"
"7997","cg18305790",-0.00041,6.9e-05,2.5e-09,NA,"NO2","P1E5"
"7998","cg21688288",-0.00046,7.8e-05,2.5e-09,NA,"NO2","P1E5"
"7999","cg06618740",-8e-04,0.00013,2.5e-09,NA,"NO2","P1E5"
"8000","cg07910488",-0.00035,5.9e-05,2.5e-09,NA,"NO2","P1E5"
"8001","cg14461006",-3e-04,5.1e-05,2.5e-09,NA,"NO2","P1E5"
"8002","cg02784328",-0.00035,5.9e-05,2.5e-09,NA,"NO2","P1E5"
"8003","cg06197043",-0.00026,4.3e-05,2.5e-09,NA,"NO2","P1E5"
"8004","cg23939610",-3e-04,5.1e-05,2.5e-09,NA,"NO2","P1E5"
"8005","cg25626234",-0.00027,4.5e-05,2.5e-09,NA,"NO2","P1E5"
"8006","cg01548249",-0.00034,5.7e-05,2.5e-09,NA,"NO2","P1E5"
"8007","cg03437540",-0.00054,9.1e-05,2.5e-09,NA,"NO2","P1E5"
"8008","cg06639701",-0.00038,6.4e-05,2.5e-09,NA,"NO2","P1E5"
"8009","cg16182936",-0.00025,4.1e-05,2.5e-09,NA,"NO2","P1E5"
"8010","cg07671695",-3e-04,4.9e-05,2.6e-09,NA,"NO2","P1E5"
"8011","cg10564464",-0.00031,5.2e-05,2.6e-09,NA,"NO2","P1E5"
"8012","cg13885535",-0.00041,6.9e-05,2.6e-09,NA,"NO2","P1E5"
"8013","cg22746421",-0.00037,6.1e-05,2.6e-09,NA,"NO2","P1E5"
"8014","cg06003187",-0.00029,4.9e-05,2.6e-09,NA,"NO2","P1E5"
"8015","cg09868556",-0.00029,4.9e-05,2.6e-09,NA,"NO2","P1E5"
"8016","cg11534593",-0.00045,7.6e-05,2.6e-09,NA,"NO2","P1E5"
"8017","cg14429865",-0.00026,4.4e-05,2.6e-09,NA,"NO2","P1E5"
"8018","cg20385229",-0.00037,6.2e-05,2.6e-09,NA,"NO2","P1E5"
"8019","cg22311879",-0.00029,4.8e-05,2.6e-09,NA,"NO2","P1E5"
"8020","cg22389654",-0.00037,6.3e-05,2.6e-09,NA,"NO2","P1E5"
"8021","cg15169162",-0.00032,5.3e-05,2.6e-09,NA,"NO2","P1E5"
"8022","cg15189210",-0.00031,5.3e-05,2.6e-09,NA,"NO2","P1E5"
"8023","cg22451632",-2e-04,3.4e-05,2.6e-09,NA,"NO2","P1E5"
"8024","cg14830082",-0.00022,3.7e-05,2.6e-09,NA,"NO2","P1E5"
"8025","cg21561712",-0.00046,7.8e-05,2.6e-09,NA,"NO2","P1E5"
"8026","cg03550765",-0.00026,4.3e-05,2.6e-09,NA,"NO2","P1E5"
"8027","cg05032625",-0.00024,4.1e-05,2.6e-09,NA,"NO2","P1E5"
"8028","cg05362424",-0.00044,7.4e-05,2.6e-09,NA,"NO2","P1E5"
"8029","cg06872055",-0.00033,5.5e-05,2.6e-09,NA,"NO2","P1E5"
"8030","cg20751345",-0.00044,7.3e-05,2.6e-09,NA,"NO2","P1E5"
"8031","cg00039480",-0.00042,7e-05,2.6e-09,NA,"NO2","P1E5"
"8032","cg01101364",-0.00028,4.8e-05,2.6e-09,NA,"NO2","P1E5"
"8033","cg00384653",-3e-04,5.1e-05,2.6e-09,NA,"NO2","P1E5"
"8034","cg03785076",-5e-04,8.4e-05,2.6e-09,NA,"NO2","P1E5"
"8035","cg16668896",-0.00055,9.2e-05,2.6e-09,NA,"NO2","P1E5"
"8036","cg19760243",-0.00031,5.2e-05,2.6e-09,NA,"NO2","P1E5"
"8037","cg22030047",-5e-04,8.3e-05,2.6e-09,NA,"NO2","P1E5"
"8038","cg12050750",-0.00034,5.8e-05,2.6e-09,NA,"NO2","P1E5"
"8039","cg21127729",-0.00041,6.9e-05,2.6e-09,NA,"NO2","P1E5"
"8040","cg26078436",-0.00053,9e-05,2.6e-09,NA,"NO2","P1E5"
"8041","cg27248029",-0.00032,5.3e-05,2.6e-09,NA,"NO2","P1E5"
"8042","cg02424539",-3e-04,5.1e-05,2.6e-09,NA,"NO2","P1E5"
"8043","cg05985767",-0.00034,5.8e-05,2.6e-09,NA,"NO2","P1E5"
"8044","cg08216899",-0.00037,6.1e-05,2.6e-09,NA,"NO2","P1E5"
"8045","cg13244241",-0.00063,0.00011,2.6e-09,NA,"NO2","P1E5"
"8046","cg01104277",-0.00045,7.6e-05,2.7e-09,NA,"NO2","P1E5"
"8047","cg05661149",-3e-04,5.1e-05,2.7e-09,NA,"NO2","P1E5"
"8048","cg21312695",-0.00024,4e-05,2.7e-09,NA,"NO2","P1E5"
"8049","cg11665583",-0.00049,8.2e-05,2.7e-09,NA,"NO2","P1E5"
"8050","cg08515264",-0.00048,8e-05,2.7e-09,NA,"NO2","P1E5"
"8051","cg20146909",-0.00053,8.9e-05,2.7e-09,NA,"NO2","P1E5"
"8052","cg10600122",-0.00034,5.7e-05,2.7e-09,NA,"NO2","P1E5"
"8053","cg00273754",-0.00027,4.6e-05,2.7e-09,NA,"NO2","P1E5"
"8054","cg08679013",-0.00061,1e-04,2.7e-09,NA,"NO2","P1E5"
"8055","cg14772458",-0.00035,5.8e-05,2.7e-09,NA,"NO2","P1E5"
"8056","cg13142184",-0.00033,5.5e-05,2.7e-09,NA,"NO2","P1E5"
"8057","cg14917100",-0.00036,6e-05,2.7e-09,NA,"NO2","P1E5"
"8058","cg19989498",-0.00036,6.1e-05,2.7e-09,NA,"NO2","P1E5"
"8059","cg00507679",-0.00061,1e-04,2.7e-09,NA,"NO2","P1E5"
"8060","cg00705600",-5e-04,8.4e-05,2.7e-09,NA,"NO2","P1E5"
"8061","cg08134091",-0.00035,5.9e-05,2.7e-09,NA,"NO2","P1E5"
"8062","cg23104184",-3e-04,5.1e-05,2.7e-09,NA,"NO2","P1E5"
"8063","cg04243033",-0.00033,5.6e-05,2.7e-09,NA,"NO2","P1E5"
"8064","cg11332505",-0.00041,6.9e-05,2.7e-09,NA,"NO2","P1E5"
"8065","cg27648216",-0.00021,3.6e-05,2.7e-09,NA,"NO2","P1E5"
"8066","cg00264500",-0.00025,4.2e-05,2.8e-09,NA,"NO2","P1E5"
"8067","cg00535248",-4e-04,6.8e-05,2.8e-09,NA,"NO2","P1E5"
"8068","cg12008034",-0.00045,7.7e-05,2.8e-09,NA,"NO2","P1E5"
"8069","cg26158406",-0.00027,4.6e-05,2.8e-09,NA,"NO2","P1E5"
"8070","cg01641509",-0.00023,3.9e-05,2.8e-09,NA,"NO2","P1E5"
"8071","cg02629976",-0.00062,1e-04,2.8e-09,NA,"NO2","P1E5"
"8072","cg12762089",-0.00031,5.1e-05,2.8e-09,NA,"NO2","P1E5"
"8073","cg14606478",-0.00043,7.2e-05,2.8e-09,NA,"NO2","P1E5"
"8074","cg17412901",-0.00031,5.2e-05,2.8e-09,NA,"NO2","P1E5"
"8075","cg21755044",-0.00038,6.4e-05,2.8e-09,NA,"NO2","P1E5"
"8076","cg04078418",-4e-04,6.8e-05,2.8e-09,NA,"NO2","P1E5"
"8077","cg05118587",-0.00047,7.9e-05,2.8e-09,NA,"NO2","P1E5"
"8078","cg06961354",-3e-04,5e-05,2.8e-09,NA,"NO2","P1E5"
"8079","cg01727923",-0.00033,5.6e-05,2.8e-09,NA,"NO2","P1E5"
"8080","cg02693328",-0.00034,5.8e-05,2.8e-09,NA,"NO2","P1E5"
"8081","cg11142525",-2e-04,3.3e-05,2.8e-09,NA,"NO2","P1E5"
"8082","cg12243738",-0.00034,5.6e-05,2.8e-09,NA,"NO2","P1E5"
"8083","cg16271833",-0.00028,4.8e-05,2.8e-09,NA,"NO2","P1E5"
"8084","cg18065874",-0.00031,5.2e-05,2.8e-09,NA,"NO2","P1E5"
"8085","cg04463636",-0.00028,4.6e-05,2.8e-09,NA,"NO2","P1E5"
"8086","cg08645278",-0.00043,7.2e-05,2.8e-09,NA,"NO2","P1E5"
"8087","cg10290988",-0.00036,6e-05,2.8e-09,NA,"NO2","P1E5"
"8088","cg13844500",-0.00024,4e-05,2.8e-09,NA,"NO2","P1E5"
"8089","cg27110491",-0.00034,5.7e-05,2.8e-09,NA,"NO2","P1E5"
"8090","cg03296761",-0.00051,8.6e-05,2.8e-09,NA,"NO2","P1E5"
"8091","cg05195452",-0.00026,4.4e-05,2.8e-09,NA,"NO2","P1E5"
"8092","cg11902909",-0.00025,4.2e-05,2.8e-09,NA,"NO2","P1E5"
"8093","cg15852534",-0.00026,4.4e-05,2.8e-09,NA,"NO2","P1E5"
"8094","cg22226131",-0.00037,6.2e-05,2.8e-09,NA,"NO2","P1E5"
"8095","cg05408203",-0.00038,6.5e-05,2.8e-09,NA,"NO2","P1E5"
"8096","cg05837855",-0.00054,9e-05,2.8e-09,NA,"NO2","P1E5"
"8097","cg13552712",-0.00039,6.5e-05,2.8e-09,NA,"NO2","P1E5"
"8098","cg24971162",-0.00034,5.6e-05,2.8e-09,NA,"NO2","P1E5"
"8099","cg12350407",-0.00022,3.8e-05,2.8e-09,NA,"NO2","P1E5"
"8100","cg13925890",-6.5e-05,1.1e-05,2.8e-09,NA,"NO2","P1E5"
"8101","cg19317258",-0.00041,6.9e-05,2.8e-09,NA,"NO2","P1E5"
"8102","cg21881093",-0.00028,4.8e-05,2.8e-09,NA,"NO2","P1E5"
"8103","cg24819471",-0.00033,5.6e-05,2.8e-09,NA,"NO2","P1E5"
"8104","cg04094838",-0.00034,5.8e-05,2.8e-09,NA,"NO2","P1E5"
"8105","cg09197332",-0.00027,4.6e-05,2.8e-09,NA,"NO2","P1E5"
"8106","cg09229169",-0.00031,5.3e-05,2.8e-09,NA,"NO2","P1E5"
"8107","cg26837853",-0.00041,6.9e-05,2.8e-09,NA,"NO2","P1E5"
"8108","cg01906637",-0.00047,7.9e-05,2.8e-09,NA,"NO2","P1E5"
"8109","cg02957305",-0.00023,3.9e-05,2.8e-09,NA,"NO2","P1E5"
"8110","cg09161570",-0.00037,6.2e-05,2.8e-09,NA,"NO2","P1E5"
"8111","cg11649376",-0.00052,8.8e-05,2.8e-09,NA,"NO2","P1E5"
"8112","cg22896873",-0.00023,3.9e-05,2.8e-09,NA,"NO2","P1E5"
"8113","cg23784413",-0.00045,7.6e-05,2.8e-09,NA,"NO2","P1E5"
"8114","cg25150520",-0.00037,6.3e-05,2.8e-09,NA,"NO2","P1E5"
"8115","cg01937601",-0.00031,5.2e-05,2.9e-09,NA,"NO2","P1E5"
"8116","cg04987734",0.00069,0.00012,2.9e-09,NA,"NO2","P1E5"
"8117","cg07865418",-0.00045,7.6e-05,2.9e-09,NA,"NO2","P1E5"
"8118","cg08880524",-0.00022,3.7e-05,2.9e-09,NA,"NO2","P1E5"
"8119","cg16052999",-0.00018,3e-05,2.9e-09,NA,"NO2","P1E5"
"8120","cg27663200",-0.00042,7.1e-05,2.9e-09,NA,"NO2","P1E5"
"8121","cg15226808",-0.00041,6.9e-05,2.9e-09,NA,"NO2","P1E5"
"8122","cg11145826",-0.00049,8.2e-05,2.9e-09,NA,"NO2","P1E5"
"8123","cg16989867",-0.00046,7.7e-05,2.9e-09,NA,"NO2","P1E5"
"8124","cg22301080",-0.00044,7.3e-05,2.9e-09,NA,"NO2","P1E5"
"8125","cg02633363",-0.00039,6.6e-05,2.9e-09,NA,"NO2","P1E5"
"8126","cg12305870",-0.00028,4.8e-05,2.9e-09,NA,"NO2","P1E5"
"8127","cg14653593",-0.00029,4.9e-05,2.9e-09,NA,"NO2","P1E5"
"8128","cg22653915",-0.00034,5.8e-05,2.9e-09,NA,"NO2","P1E5"
"8129","cg18645150",-3e-04,5.1e-05,2.9e-09,NA,"NO2","P1E5"
"8130","cg19924989",-0.00028,4.8e-05,2.9e-09,NA,"NO2","P1E5"
"8131","cg20932822",-0.00085,0.00014,2.9e-09,NA,"NO2","P1E5"
"8132","cg24976131",-0.00033,5.5e-05,2.9e-09,NA,"NO2","P1E5"
"8133","cg08235413",-0.00045,7.6e-05,2.9e-09,NA,"NO2","P1E5"
"8134","cg11414345",-0.00028,4.8e-05,2.9e-09,NA,"NO2","P1E5"
"8135","cg14404318",-4e-04,6.8e-05,2.9e-09,NA,"NO2","P1E5"
"8136","cg20592390",-0.00034,5.7e-05,2.9e-09,NA,"NO2","P1E5"
"8137","cg02047221",-0.00038,6.4e-05,2.9e-09,NA,"NO2","P1E5"
"8138","cg26883171",-0.00041,7e-05,3e-09,NA,"NO2","P1E5"
"8139","cg11891843",-0.00026,4.4e-05,3e-09,NA,"NO2","P1E5"
"8140","cg13617301",-0.00038,6.4e-05,3e-09,NA,"NO2","P1E5"
"8141","cg13787610",-0.00022,3.7e-05,3e-09,NA,"NO2","P1E5"
"8142","cg15161171",-0.00035,5.8e-05,3e-09,NA,"NO2","P1E5"
"8143","cg19914620",-0.00034,5.7e-05,3e-09,NA,"NO2","P1E5"
"8144","cg17299921",-5e-04,8.5e-05,3e-09,NA,"NO2","P1E5"
"8145","cg18632220",-3e-04,5e-05,3e-09,NA,"NO2","P1E5"
"8146","cg03033182",-0.00044,7.3e-05,3e-09,NA,"NO2","P1E5"
"8147","cg00028844",-0.00047,7.9e-05,3e-09,NA,"NO2","P1E5"
"8148","cg05220083",-0.00028,4.8e-05,3e-09,NA,"NO2","P1E5"
"8149","cg12459502",0.00079,0.00013,3e-09,NA,"NO2","P1E5"
"8150","cg13577389",-4e-04,6.8e-05,3e-09,NA,"NO2","P1E5"
"8151","cg25889581",-0.00027,4.6e-05,3e-09,NA,"NO2","P1E5"
"8152","cg01007201",-0.00033,5.5e-05,3e-09,NA,"NO2","P1E5"
"8153","cg05876892",-0.00016,2.8e-05,3e-09,NA,"NO2","P1E5"
"8154","cg06121167",-0.00034,5.8e-05,3e-09,NA,"NO2","P1E5"
"8155","cg25936385",-0.00022,3.8e-05,3e-09,NA,"NO2","P1E5"
"8156","cg13311440",0.00037,6.2e-05,3e-09,NA,"NO2","P1E5"
"8157","cg14399475",-0.00025,4.2e-05,3e-09,NA,"NO2","P1E5"
"8158","cg19955173",-0.00068,0.00011,3e-09,NA,"NO2","P1E5"
"8159","cg25328413",-0.00027,4.6e-05,3e-09,NA,"NO2","P1E5"
"8160","cg01262036",-0.00033,5.5e-05,3e-09,NA,"NO2","P1E5"
"8161","cg20938778",-0.00029,4.9e-05,3e-09,NA,"NO2","P1E5"
"8162","cg27440150",-0.00052,8.7e-05,3e-09,NA,"NO2","P1E5"
"8163","cg02078292",-0.00028,4.6e-05,3.1e-09,NA,"NO2","P1E5"
"8164","cg04492847",-0.00023,3.9e-05,3.1e-09,NA,"NO2","P1E5"
"8165","cg07249939",0.00077,0.00013,3.1e-09,NA,"NO2","P1E5"
"8166","cg13562549",-0.00041,7e-05,3.1e-09,NA,"NO2","P1E5"
"8167","cg13937986",-0.00034,5.7e-05,3.1e-09,NA,"NO2","P1E5"
"8168","cg16975225",-0.00032,5.4e-05,3.1e-09,NA,"NO2","P1E5"
"8169","cg27589809",-0.00054,9.1e-05,3.1e-09,NA,"NO2","P1E5"
"8170","cg03742763",-0.00052,8.7e-05,3.1e-09,NA,"NO2","P1E5"
"8171","cg22320059",-0.00046,7.8e-05,3.1e-09,NA,"NO2","P1E5"
"8172","cg00790835",-0.00042,7e-05,3.1e-09,NA,"NO2","P1E5"
"8173","cg20991937",-0.00029,4.8e-05,3.1e-09,NA,"NO2","P1E5"
"8174","cg21494093",-0.00038,6.4e-05,3.1e-09,NA,"NO2","P1E5"
"8175","cg23098371",-3e-04,5.1e-05,3.1e-09,NA,"NO2","P1E5"
"8176","cg26266528",-0.00023,3.9e-05,3.1e-09,NA,"NO2","P1E5"
"8177","cg14747813",-0.00049,8.3e-05,3.1e-09,NA,"NO2","P1E5"
"8178","cg16663855",-0.00035,5.8e-05,3.1e-09,NA,"NO2","P1E5"
"8179","cg24837277",-0.00038,6.4e-05,3.1e-09,NA,"NO2","P1E5"
"8180","cg07557173",-0.00023,4e-05,3.1e-09,NA,"NO2","P1E5"
"8181","cg23024254",-0.00041,6.9e-05,3.1e-09,NA,"NO2","P1E5"
"8182","cg04627530",-0.00063,0.00011,3.1e-09,NA,"NO2","P1E5"
"8183","cg02490253",-0.00031,5.2e-05,3.1e-09,NA,"NO2","P1E5"
"8184","cg20242781",-0.00023,3.9e-05,3.1e-09,NA,"NO2","P1E5"
"8185","cg23574298",-0.00037,6.3e-05,3.1e-09,NA,"NO2","P1E5"
"8186","cg03385262",-4e-04,6.8e-05,3.1e-09,NA,"NO2","P1E5"
"8187","cg08729600",-0.00029,4.9e-05,3.1e-09,NA,"NO2","P1E5"
"8188","cg24387285",-0.00042,7.1e-05,3.1e-09,NA,"NO2","P1E5"
"8189","cg26392737",-0.00066,0.00011,3.1e-09,NA,"NO2","P1E5"
"8190","cg26744308",-0.00036,6e-05,3.1e-09,NA,"NO2","P1E5"
"8191","cg27531496",-0.00037,6.2e-05,3.1e-09,NA,"NO2","P1E5"
"8192","cg02681389",-0.00043,7.3e-05,3.2e-09,NA,"NO2","P1E5"
"8193","cg14578500",-0.00027,4.5e-05,3.2e-09,NA,"NO2","P1E5"
"8194","cg17022244",-3e-04,5e-05,3.2e-09,NA,"NO2","P1E5"
"8195","cg18256471",-0.00055,9.3e-05,3.2e-09,NA,"NO2","P1E5"
"8196","cg26287741",-0.00038,6.4e-05,3.2e-09,NA,"NO2","P1E5"
"8197","cg27263448",-0.00028,4.7e-05,3.2e-09,NA,"NO2","P1E5"
"8198","cg03058038",-0.00043,7.3e-05,3.2e-09,NA,"NO2","P1E5"
"8199","cg05934276",-0.00031,5.1e-05,3.2e-09,NA,"NO2","P1E5"
"8200","cg14138969",-0.00022,3.7e-05,3.2e-09,NA,"NO2","P1E5"
"8201","cg19074292",-0.00036,6e-05,3.2e-09,NA,"NO2","P1E5"
"8202","cg02339592",-0.00031,5.1e-05,3.2e-09,NA,"NO2","P1E5"
"8203","cg10510259",-0.00036,6e-05,3.2e-09,NA,"NO2","P1E5"
"8204","cg15009913",-0.00019,3.2e-05,3.2e-09,NA,"NO2","P1E5"
"8205","cg15971826",-0.00033,5.5e-05,3.2e-09,NA,"NO2","P1E5"
"8206","cg27161027",-0.00022,3.7e-05,3.2e-09,NA,"NO2","P1E5"
"8207","cg02390606",-0.00026,4.4e-05,3.2e-09,NA,"NO2","P1E5"
"8208","cg07856707",-0.00047,7.9e-05,3.2e-09,NA,"NO2","P1E5"
"8209","cg22266009",-0.00037,6.3e-05,3.2e-09,NA,"NO2","P1E5"
"8210","cg19997916",-0.00023,3.9e-05,3.2e-09,NA,"NO2","P1E5"
"8211","cg25123521",-0.00028,4.7e-05,3.2e-09,NA,"NO2","P1E5"
"8212","cg03740666",-4e-04,6.8e-05,3.2e-09,NA,"NO2","P1E5"
"8213","cg06384607",-0.00033,5.6e-05,3.2e-09,NA,"NO2","P1E5"
"8214","cg06832898",0.00096,0.00016,3.2e-09,NA,"NO2","P1E5"
"8215","cg14968375",-0.00031,5.2e-05,3.2e-09,NA,"NO2","P1E5"
"8216","cg01012134",-0.00026,4.3e-05,3.2e-09,NA,"NO2","P1E5"
"8217","cg08924321",-0.00049,8.2e-05,3.2e-09,NA,"NO2","P1E5"
"8218","cg12127159",-0.00042,7e-05,3.2e-09,NA,"NO2","P1E5"
"8219","cg14405197",-0.00042,7.1e-05,3.2e-09,NA,"NO2","P1E5"
"8220","cg15998505",-0.00032,5.4e-05,3.2e-09,NA,"NO2","P1E5"
"8221","cg13766589",-0.00031,5.2e-05,3.3e-09,NA,"NO2","P1E5"
"8222","cg18100153",-0.00033,5.6e-05,3.3e-09,NA,"NO2","P1E5"
"8223","cg24542230",-0.00029,4.8e-05,3.3e-09,NA,"NO2","P1E5"
"8224","cg25750004",-0.00043,7.3e-05,3.3e-09,NA,"NO2","P1E5"
"8225","cg15013830",-3e-04,5.1e-05,3.3e-09,NA,"NO2","P1E5"
"8226","cg19699893",-0.00019,3.3e-05,3.3e-09,NA,"NO2","P1E5"
"8227","cg25103103",-0.00038,6.5e-05,3.3e-09,NA,"NO2","P1E5"
"8228","cg26354908",-0.00039,6.6e-05,3.3e-09,NA,"NO2","P1E5"
"8229","cg05324894",-0.00024,4.1e-05,3.3e-09,NA,"NO2","P1E5"
"8230","cg19269104",-0.00044,7.4e-05,3.3e-09,NA,"NO2","P1E5"
"8231","cg00239071",-0.00026,4.3e-05,3.3e-09,NA,"NO2","P1E5"
"8232","cg09649586",-0.00032,5.4e-05,3.3e-09,NA,"NO2","P1E5"
"8233","cg10456121",-0.00041,6.9e-05,3.3e-09,NA,"NO2","P1E5"
"8234","cg12421602",-0.00034,5.7e-05,3.3e-09,NA,"NO2","P1E5"
"8235","cg14308648",-0.00023,3.9e-05,3.3e-09,NA,"NO2","P1E5"
"8236","cg15049778",-0.00039,6.6e-05,3.3e-09,NA,"NO2","P1E5"
"8237","cg16814978",-0.00041,6.9e-05,3.3e-09,NA,"NO2","P1E5"
"8238","cg07811074",-0.00024,4e-05,3.3e-09,NA,"NO2","P1E5"
"8239","cg25983594",-0.00034,5.7e-05,3.3e-09,NA,"NO2","P1E5"
"8240","cg00480077",-0.00019,3.3e-05,3.3e-09,NA,"NO2","P1E5"
"8241","cg02002258",-0.00037,6.3e-05,3.3e-09,NA,"NO2","P1E5"
"8242","cg09982314",-0.00027,4.5e-05,3.3e-09,NA,"NO2","P1E5"
"8243","cg20858304",-0.00045,7.7e-05,3.3e-09,NA,"NO2","P1E5"
"8244","cg00054890",-0.00024,4.1e-05,3.3e-09,NA,"NO2","P1E5"
"8245","cg01771885",-0.00043,7.3e-05,3.3e-09,NA,"NO2","P1E5"
"8246","cg06315347",-4e-04,6.7e-05,3.4e-09,NA,"NO2","P1E5"
"8247","cg21196265",-0.00053,8.9e-05,3.4e-09,NA,"NO2","P1E5"
"8248","cg12890671",-0.00016,2.8e-05,3.4e-09,NA,"NO2","P1E5"
"8249","cg08895981",-0.00024,4.1e-05,3.4e-09,NA,"NO2","P1E5"
"8250","cg13991698",-0.00029,4.9e-05,3.4e-09,NA,"NO2","P1E5"
"8251","cg19262476",-0.00033,5.6e-05,3.4e-09,NA,"NO2","P1E5"
"8252","cg22971594",-0.00031,5.3e-05,3.4e-09,NA,"NO2","P1E5"
"8253","cg23398720",-0.00043,7.2e-05,3.4e-09,NA,"NO2","P1E5"
"8254","cg00390259",-0.00023,3.9e-05,3.4e-09,NA,"NO2","P1E5"
"8255","cg06068039",-0.00032,5.5e-05,3.4e-09,NA,"NO2","P1E5"
"8256","cg14070204",-0.00024,4.1e-05,3.4e-09,NA,"NO2","P1E5"
"8257","cg09934219",-0.00022,3.7e-05,3.4e-09,NA,"NO2","P1E5"
"8258","cg09131151",-0.00043,7.3e-05,3.4e-09,NA,"NO2","P1E5"
"8259","cg22574202",-0.00042,7.1e-05,3.4e-09,NA,"NO2","P1E5"
"8260","cg23683497",-0.00052,8.8e-05,3.4e-09,NA,"NO2","P1E5"
"8261","cg05725666",-0.00029,4.9e-05,3.4e-09,NA,"NO2","P1E5"
"8262","cg19004594",-0.00038,6.4e-05,3.4e-09,NA,"NO2","P1E5"
"8263","cg26270879",-0.00032,5.4e-05,3.4e-09,NA,"NO2","P1E5"
"8264","cg02730887",-0.00026,4.4e-05,3.5e-09,NA,"NO2","P1E5"
"8265","cg05556202",-0.00031,5.2e-05,3.5e-09,NA,"NO2","P1E5"
"8266","cg06659980",-0.00035,6e-05,3.5e-09,NA,"NO2","P1E5"
"8267","cg12098949",-5e-04,8.4e-05,3.5e-09,NA,"NO2","P1E5"
"8268","cg03884543",-0.00029,4.9e-05,3.5e-09,NA,"NO2","P1E5"
"8269","cg05224498",-0.00039,6.6e-05,3.5e-09,NA,"NO2","P1E5"
"8270","cg17280514",-0.00045,7.6e-05,3.5e-09,NA,"NO2","P1E5"
"8271","cg26008877",-0.00013,2.3e-05,3.5e-09,NA,"NO2","P1E5"
"8272","cg03482600",-0.00029,5e-05,3.5e-09,NA,"NO2","P1E5"
"8273","cg04689178",-0.00022,3.7e-05,3.5e-09,NA,"NO2","P1E5"
"8274","cg05385282",-0.00039,6.5e-05,3.5e-09,NA,"NO2","P1E5"
"8275","cg10778636",-3e-04,5.1e-05,3.5e-09,NA,"NO2","P1E5"
"8276","cg16201146",-0.00038,6.4e-05,3.5e-09,NA,"NO2","P1E5"
"8277","cg18249908",-0.00029,4.9e-05,3.5e-09,NA,"NO2","P1E5"
"8278","cg21153358",-0.00023,4e-05,3.5e-09,NA,"NO2","P1E5"
"8279","cg05090966",-0.00037,6.3e-05,3.5e-09,NA,"NO2","P1E5"
"8280","cg11813441",-0.00057,9.7e-05,3.5e-09,NA,"NO2","P1E5"
"8281","cg04264002",-0.00043,7.3e-05,3.5e-09,NA,"NO2","P1E5"
"8282","cg14443472",-0.00033,5.6e-05,3.5e-09,NA,"NO2","P1E5"
"8283","cg02525597",-0.00032,5.5e-05,3.5e-09,NA,"NO2","P1E5"
"8284","cg02821150",-0.00031,5.2e-05,3.5e-09,NA,"NO2","P1E5"
"8285","cg09649486",-0.00028,4.8e-05,3.5e-09,NA,"NO2","P1E5"
"8286","cg06578111",-0.00037,6.2e-05,3.5e-09,NA,"NO2","P1E5"
"8287","cg12209937",-0.00042,7.1e-05,3.5e-09,NA,"NO2","P1E5"
"8288","cg17609330",-0.00028,4.8e-05,3.5e-09,NA,"NO2","P1E5"
"8289","cg11783815",-0.00032,5.4e-05,3.5e-09,NA,"NO2","P1E5"
"8290","cg14625040",-0.00059,1e-04,3.5e-09,NA,"NO2","P1E5"
"8291","cg16171858",-0.00036,6.1e-05,3.5e-09,NA,"NO2","P1E5"
"8292","cg26189021",-4e-04,6.8e-05,3.5e-09,NA,"NO2","P1E5"
"8293","cg20749932",-0.00039,6.7e-05,3.6e-09,NA,"NO2","P1E5"
"8294","cg21368479",-0.00026,4.4e-05,3.6e-09,NA,"NO2","P1E5"
"8295","cg15162660",-0.00026,4.5e-05,3.6e-09,NA,"NO2","P1E5"
"8296","cg02862121",-0.00043,7.3e-05,3.6e-09,NA,"NO2","P1E5"
"8297","cg05842548",-0.00038,6.4e-05,3.6e-09,NA,"NO2","P1E5"
"8298","cg14500776",-0.00046,7.8e-05,3.6e-09,NA,"NO2","P1E5"
"8299","cg20370281",-0.00031,5.3e-05,3.6e-09,NA,"NO2","P1E5"
"8300","cg23577865",-0.00028,4.7e-05,3.6e-09,NA,"NO2","P1E5"
"8301","cg04637007",-0.00027,4.6e-05,3.6e-09,NA,"NO2","P1E5"
"8302","cg06182261",-0.00035,6e-05,3.6e-09,NA,"NO2","P1E5"
"8303","cg19192065",-6e-04,1e-04,3.6e-09,NA,"NO2","P1E5"
"8304","cg24677220",-0.00027,4.6e-05,3.6e-09,NA,"NO2","P1E5"
"8305","cg15783800",-0.00031,5.2e-05,3.7e-09,NA,"NO2","P1E5"
"8306","cg23780488",-0.00034,5.8e-05,3.7e-09,NA,"NO2","P1E5"
"8307","cg27392551",-0.00055,9.4e-05,3.7e-09,NA,"NO2","P1E5"
"8308","cg00016892",-0.00034,5.8e-05,3.7e-09,NA,"NO2","P1E5"
"8309","cg05707236",-0.00043,7.3e-05,3.7e-09,NA,"NO2","P1E5"
"8310","cg06459378",-0.00024,4.1e-05,3.7e-09,NA,"NO2","P1E5"
"8311","cg16330786",-0.00044,7.5e-05,3.7e-09,NA,"NO2","P1E5"
"8312","cg18026359",-0.00035,5.9e-05,3.7e-09,NA,"NO2","P1E5"
"8313","cg23946364",-3e-04,5.1e-05,3.7e-09,NA,"NO2","P1E5"
"8314","cg04261277",-0.00022,3.8e-05,3.7e-09,NA,"NO2","P1E5"
"8315","cg08837355",-0.00046,7.8e-05,3.7e-09,NA,"NO2","P1E5"
"8316","cg16558925",-0.00037,6.3e-05,3.7e-09,NA,"NO2","P1E5"
"8317","cg07008478",-4e-04,6.7e-05,3.7e-09,NA,"NO2","P1E5"
"8318","cg03179496",-0.00042,7.1e-05,3.7e-09,NA,"NO2","P1E5"
"8319","cg26690138",-0.00033,5.6e-05,3.7e-09,NA,"NO2","P1E5"
"8320","cg13856126",-0.00045,7.7e-05,3.7e-09,NA,"NO2","P1E5"
"8321","cg23463335",-0.00031,5.2e-05,3.7e-09,NA,"NO2","P1E5"
"8322","cg03447366",-0.00032,5.5e-05,3.7e-09,NA,"NO2","P1E5"
"8323","cg08811259",-0.00024,4.1e-05,3.7e-09,NA,"NO2","P1E5"
"8324","cg09320703",-0.00026,4.4e-05,3.7e-09,NA,"NO2","P1E5"
"8325","cg15824741",-0.00031,5.2e-05,3.7e-09,NA,"NO2","P1E5"
"8326","cg23642929",-0.00036,6e-05,3.7e-09,NA,"NO2","P1E5"
"8327","cg27431587",-0.00029,5e-05,3.7e-09,NA,"NO2","P1E5"
"8328","cg12495731",-0.00033,5.6e-05,3.7e-09,NA,"NO2","P1E5"
"8329","cg20427378",-4e-04,6.8e-05,3.7e-09,NA,"NO2","P1E5"
"8330","cg01502743",-0.00041,7e-05,3.7e-09,NA,"NO2","P1E5"
"8331","cg06271561",-0.00045,7.7e-05,3.8e-09,NA,"NO2","P1E5"
"8332","cg15676544",-3e-04,5.2e-05,3.8e-09,NA,"NO2","P1E5"
"8333","cg00238662",-0.00037,6.2e-05,3.8e-09,NA,"NO2","P1E5"
"8334","cg14790876",-0.00044,7.5e-05,3.8e-09,NA,"NO2","P1E5"
"8335","cg05366475",-0.00025,4.2e-05,3.8e-09,NA,"NO2","P1E5"
"8336","cg14641596",-0.00024,4e-05,3.8e-09,NA,"NO2","P1E5"
"8337","cg21859455",-0.00039,6.7e-05,3.8e-09,NA,"NO2","P1E5"
"8338","cg08225137",-0.00033,5.7e-05,3.8e-09,NA,"NO2","P1E5"
"8339","cg08262002",-0.00036,6.1e-05,3.8e-09,NA,"NO2","P1E5"
"8340","cg17651760",-0.00027,4.6e-05,3.8e-09,NA,"NO2","P1E5"
"8341","cg00014667",-0.00041,6.9e-05,3.8e-09,NA,"NO2","P1E5"
"8342","cg12154110",-0.00059,1e-04,3.8e-09,NA,"NO2","P1E5"
"8343","cg17748092",-0.00039,6.6e-05,3.8e-09,NA,"NO2","P1E5"
"8344","cg22718169",-0.00022,3.7e-05,3.8e-09,NA,"NO2","P1E5"
"8345","cg02204441",-0.00041,7e-05,3.8e-09,NA,"NO2","P1E5"
"8346","cg14101500",-0.00044,7.4e-05,3.8e-09,NA,"NO2","P1E5"
"8347","cg23351327",-0.00062,0.00011,3.8e-09,NA,"NO2","P1E5"
"8348","cg00160262",-0.00024,4.1e-05,3.8e-09,NA,"NO2","P1E5"
"8349","cg03016867",-5e-04,8.6e-05,3.8e-09,NA,"NO2","P1E5"
"8350","cg05419854",-0.00032,5.4e-05,3.8e-09,NA,"NO2","P1E5"
"8351","cg15585478",-0.00019,3.2e-05,3.8e-09,NA,"NO2","P1E5"
"8352","cg19275133",-0.00032,5.4e-05,3.8e-09,NA,"NO2","P1E5"
"8353","cg19851009",-0.00028,4.7e-05,3.8e-09,NA,"NO2","P1E5"
"8354","cg23785114",-0.00026,4.5e-05,3.8e-09,NA,"NO2","P1E5"
"8355","cg04875821",-0.00022,3.7e-05,3.8e-09,NA,"NO2","P1E5"
"8356","cg16313944",-0.00039,6.7e-05,3.8e-09,NA,"NO2","P1E5"
"8357","cg17588713",-0.00033,5.7e-05,3.8e-09,NA,"NO2","P1E5"
"8358","cg24609402",-0.00026,4.4e-05,3.8e-09,NA,"NO2","P1E5"
"8359","cg04910662",-0.00032,5.5e-05,3.8e-09,NA,"NO2","P1E5"
"8360","cg13255629",-0.00029,4.9e-05,3.8e-09,NA,"NO2","P1E5"
"8361","cg01077795",-0.00023,4e-05,3.8e-09,NA,"NO2","P1E5"
"8362","cg15257489",-0.00035,5.9e-05,3.8e-09,NA,"NO2","P1E5"
"8363","cg19184449",-0.00021,3.5e-05,3.8e-09,NA,"NO2","P1E5"
"8364","cg00940007",-0.00032,5.4e-05,3.9e-09,NA,"NO2","P1E5"
"8365","cg22668249",-0.00038,6.4e-05,3.9e-09,NA,"NO2","P1E5"
"8366","cg26805224",-0.00021,3.6e-05,3.9e-09,NA,"NO2","P1E5"
"8367","cg03896940",-0.00036,6.2e-05,3.9e-09,NA,"NO2","P1E5"
"8368","cg23314514",-0.00038,6.5e-05,3.9e-09,NA,"NO2","P1E5"
"8369","cg00308618",-0.00026,4.4e-05,3.9e-09,NA,"NO2","P1E5"
"8370","cg08929103",-0.00041,7e-05,3.9e-09,NA,"NO2","P1E5"
"8371","cg05848785",-0.00035,5.9e-05,3.9e-09,NA,"NO2","P1E5"
"8372","cg05978707",-0.00032,5.4e-05,3.9e-09,NA,"NO2","P1E5"
"8373","cg08575860",-0.00037,6.4e-05,3.9e-09,NA,"NO2","P1E5"
"8374","cg06857900",-0.00027,4.6e-05,3.9e-09,NA,"NO2","P1E5"
"8375","cg06871798",-0.00021,3.6e-05,3.9e-09,NA,"NO2","P1E5"
"8376","cg19234894",-0.00043,7.3e-05,3.9e-09,NA,"NO2","P1E5"
"8377","cg19480937",-0.00029,4.9e-05,3.9e-09,NA,"NO2","P1E5"
"8378","cg04610985",-0.00022,3.7e-05,3.9e-09,NA,"NO2","P1E5"
"8379","cg21165051",-0.00034,5.7e-05,3.9e-09,NA,"NO2","P1E5"
"8380","cg04561503",-2e-04,3.4e-05,3.9e-09,NA,"NO2","P1E5"
"8381","cg06848073",-0.00035,6e-05,3.9e-09,NA,"NO2","P1E5"
"8382","cg12754722",-0.00037,6.3e-05,3.9e-09,NA,"NO2","P1E5"
"8383","cg03756522",-0.00025,4.2e-05,4e-09,NA,"NO2","P1E5"
"8384","cg08945850",-0.00057,9.6e-05,4e-09,NA,"NO2","P1E5"
"8385","cg13592247",-0.00033,5.6e-05,4e-09,NA,"NO2","P1E5"
"8386","cg03178404",-0.00025,4.3e-05,4e-09,NA,"NO2","P1E5"
"8387","cg09975367",-0.00031,5.3e-05,4e-09,NA,"NO2","P1E5"
"8388","cg13467292",-0.00026,4.5e-05,4e-09,NA,"NO2","P1E5"
"8389","cg01166219",-3e-04,5.2e-05,4e-09,NA,"NO2","P1E5"
"8390","cg08876508",-0.00056,9.5e-05,4e-09,NA,"NO2","P1E5"
"8391","cg17640485",-0.00027,4.6e-05,4e-09,NA,"NO2","P1E5"
"8392","cg26262033",-0.00032,5.4e-05,4e-09,NA,"NO2","P1E5"
"8393","cg00591471",-0.00036,6.2e-05,4e-09,NA,"NO2","P1E5"
"8394","cg06159384",-0.00032,5.5e-05,4e-09,NA,"NO2","P1E5"
"8395","cg13724550",-0.00038,6.4e-05,4e-09,NA,"NO2","P1E5"
"8396","cg02750850",-2e-04,3.4e-05,4e-09,NA,"NO2","P1E5"
"8397","cg01986263",-0.00046,7.8e-05,4e-09,NA,"NO2","P1E5"
"8398","cg00369372",-0.00036,6.1e-05,4e-09,NA,"NO2","P1E5"
"8399","cg07604043",-0.00027,4.5e-05,4e-09,NA,"NO2","P1E5"
"8400","cg11467440",-3e-04,5.1e-05,4e-09,NA,"NO2","P1E5"
"8401","cg11837749",-0.00049,8.3e-05,4e-09,NA,"NO2","P1E5"
"8402","cg21142904",-0.00038,6.4e-05,4e-09,NA,"NO2","P1E5"
"8403","cg26256104",-0.00032,5.4e-05,4e-09,NA,"NO2","P1E5"
"8404","cg10200001",-0.00018,3.1e-05,4e-09,NA,"NO2","P1E5"
"8405","cg15035956",-0.00037,6.2e-05,4e-09,NA,"NO2","P1E5"
"8406","cg26265820",-0.00045,7.6e-05,4e-09,NA,"NO2","P1E5"
"8407","cg06527050",-0.00033,5.5e-05,4e-09,NA,"NO2","P1E5"
"8408","cg13606255",-0.00042,7.1e-05,4e-09,NA,"NO2","P1E5"
"8409","cg17199481",-0.00034,5.7e-05,4.1e-09,NA,"NO2","P1E5"
"8410","cg25665697",-0.00032,5.5e-05,4.1e-09,NA,"NO2","P1E5"
"8411","cg03368787",-0.00029,5e-05,4.1e-09,NA,"NO2","P1E5"
"8412","cg09274864",-0.00033,5.6e-05,4.1e-09,NA,"NO2","P1E5"
"8413","cg03720195",-0.00028,4.7e-05,4.1e-09,NA,"NO2","P1E5"
"8414","cg19257514",-0.00021,3.6e-05,4.1e-09,NA,"NO2","P1E5"
"8415","cg00118229",-4e-04,6.8e-05,4.1e-09,NA,"NO2","P1E5"
"8416","cg03421358",-0.00024,4e-05,4.1e-09,NA,"NO2","P1E5"
"8417","cg04437845",-0.00028,4.7e-05,4.1e-09,NA,"NO2","P1E5"
"8418","cg01032220",-0.00027,4.6e-05,4.1e-09,NA,"NO2","P1E5"
"8419","cg06348826",-0.00041,7.1e-05,4.1e-09,NA,"NO2","P1E5"
"8420","cg03014634",-0.00053,9.1e-05,4.1e-09,NA,"NO2","P1E5"
"8421","cg05358404",-0.00067,0.00011,4.1e-09,NA,"NO2","P1E5"
"8422","cg25051233",-0.00023,3.9e-05,4.1e-09,NA,"NO2","P1E5"
"8423","cg27095388",-0.00034,5.7e-05,4.1e-09,NA,"NO2","P1E5"
"8424","cg00392677",-0.00033,5.6e-05,4.1e-09,NA,"NO2","P1E5"
"8425","cg26589069",-0.00042,7.1e-05,4.1e-09,NA,"NO2","P1E5"
"8426","cg07305000",-0.00026,4.3e-05,4.1e-09,NA,"NO2","P1E5"
"8427","cg23994025",-0.00038,6.5e-05,4.1e-09,NA,"NO2","P1E5"
"8428","cg26031742",-0.00024,4.1e-05,4.1e-09,NA,"NO2","P1E5"
"8429","cg27101899",-0.00029,4.9e-05,4.1e-09,NA,"NO2","P1E5"
"8430","cg08317891",-0.00031,5.3e-05,4.2e-09,NA,"NO2","P1E5"
"8431","cg12931620",-0.00044,7.6e-05,4.2e-09,NA,"NO2","P1E5"
"8432","cg15499560",-0.00031,5.2e-05,4.2e-09,NA,"NO2","P1E5"
"8433","cg08679403",-0.00032,5.5e-05,4.2e-09,NA,"NO2","P1E5"
"8434","cg19347288",-0.00041,6.9e-05,4.2e-09,NA,"NO2","P1E5"
"8435","cg19594745",-0.00033,5.6e-05,4.2e-09,NA,"NO2","P1E5"
"8436","cg07384974",-0.00033,5.7e-05,4.2e-09,NA,"NO2","P1E5"
"8437","cg08437403",-0.00037,6.2e-05,4.2e-09,NA,"NO2","P1E5"
"8438","cg22484084",-0.00049,8.3e-05,4.2e-09,NA,"NO2","P1E5"
"8439","cg13802490",-0.00033,5.6e-05,4.2e-09,NA,"NO2","P1E5"
"8440","cg21806832",-0.00035,5.9e-05,4.2e-09,NA,"NO2","P1E5"
"8441","cg00282426",-3e-04,5e-05,4.2e-09,NA,"NO2","P1E5"
"8442","cg07670676",-0.00019,3.2e-05,4.2e-09,NA,"NO2","P1E5"
"8443","cg13506559",-0.00041,7e-05,4.2e-09,NA,"NO2","P1E5"
"8444","cg24855818",-0.00036,6.1e-05,4.2e-09,NA,"NO2","P1E5"
"8445","cg27250283",-0.00054,9.1e-05,4.2e-09,NA,"NO2","P1E5"
"8446","cg02088166",-0.00028,4.8e-05,4.2e-09,NA,"NO2","P1E5"
"8447","cg16879608",-0.00043,7.3e-05,4.2e-09,NA,"NO2","P1E5"
"8448","cg23642446",-0.00041,6.9e-05,4.2e-09,NA,"NO2","P1E5"
"8449","cg00996588",-0.00036,6.1e-05,4.2e-09,NA,"NO2","P1E5"
"8450","cg09268963",-0.00038,6.4e-05,4.2e-09,NA,"NO2","P1E5"
"8451","cg10807894",-0.00053,9.1e-05,4.3e-09,NA,"NO2","P1E5"
"8452","cg11465372",-0.00032,5.4e-05,4.3e-09,NA,"NO2","P1E5"
"8453","cg21752601",-0.00059,1e-04,4.3e-09,NA,"NO2","P1E5"
"8454","cg12124767",-0.00042,7.2e-05,4.3e-09,NA,"NO2","P1E5"
"8455","cg13675278",-0.00026,4.4e-05,4.3e-09,NA,"NO2","P1E5"
"8456","cg26655542",-0.00062,0.00011,4.3e-09,NA,"NO2","P1E5"
"8457","cg08379158",-0.00024,4.1e-05,4.3e-09,NA,"NO2","P1E5"
"8458","cg16208258",-4e-04,6.9e-05,4.3e-09,NA,"NO2","P1E5"
"8459","cg25059541",-4e-04,6.9e-05,4.3e-09,NA,"NO2","P1E5"
"8460","cg02774705",-0.00026,4.4e-05,4.3e-09,NA,"NO2","P1E5"
"8461","cg13487156",-0.00036,6.1e-05,4.3e-09,NA,"NO2","P1E5"
"8462","cg13973942",-0.00029,5e-05,4.3e-09,NA,"NO2","P1E5"
"8463","cg20653717",-0.00016,2.8e-05,4.3e-09,NA,"NO2","P1E5"
"8464","cg10600536",-0.00033,5.6e-05,4.3e-09,NA,"NO2","P1E5"
"8465","cg04216235",-0.00031,5.3e-05,4.3e-09,NA,"NO2","P1E5"
"8466","cg13808223",-0.00036,6.1e-05,4.3e-09,NA,"NO2","P1E5"
"8467","cg04963575",-0.00027,4.6e-05,4.3e-09,NA,"NO2","P1E5"
"8468","cg24427302",-0.00048,8.2e-05,4.3e-09,NA,"NO2","P1E5"
"8469","cg07620968",-0.00033,5.6e-05,4.3e-09,NA,"NO2","P1E5"
"8470","cg03053980",-0.00037,6.3e-05,4.3e-09,NA,"NO2","P1E5"
"8471","cg00915858",-0.00033,5.6e-05,4.4e-09,NA,"NO2","P1E5"
"8472","cg01754790",-2e-04,3.3e-05,4.4e-09,NA,"NO2","P1E5"
"8473","cg04028450",-0.00033,5.6e-05,4.4e-09,NA,"NO2","P1E5"
"8474","cg12030788",-0.00033,5.7e-05,4.4e-09,NA,"NO2","P1E5"
"8475","cg13941292",-0.00039,6.6e-05,4.4e-09,NA,"NO2","P1E5"
"8476","cg09850418",-0.00025,4.3e-05,4.4e-09,NA,"NO2","P1E5"
"8477","cg26841309",-0.00026,4.4e-05,4.4e-09,NA,"NO2","P1E5"
"8478","cg00906060",-0.00028,4.7e-05,4.4e-09,NA,"NO2","P1E5"
"8479","cg05927274",-0.00053,9e-05,4.4e-09,NA,"NO2","P1E5"
"8480","cg17017272",-5e-04,8.5e-05,4.4e-09,NA,"NO2","P1E5"
"8481","cg18274320",-0.00034,5.8e-05,4.4e-09,NA,"NO2","P1E5"
"8482","cg06122825",-4e-04,6.9e-05,4.5e-09,NA,"NO2","P1E5"
"8483","cg02624984",-0.00026,4.5e-05,4.5e-09,NA,"NO2","P1E5"
"8484","cg05380808",-0.00017,2.9e-05,4.5e-09,NA,"NO2","P1E5"
"8485","cg23146632",-0.00031,5.3e-05,4.5e-09,NA,"NO2","P1E5"
"8486","cg23879400",-0.00031,5.3e-05,4.5e-09,NA,"NO2","P1E5"
"8487","cg00812831",-0.00036,6.2e-05,4.5e-09,NA,"NO2","P1E5"
"8488","cg06459293",-0.00023,3.9e-05,4.5e-09,NA,"NO2","P1E5"
"8489","cg18388084",-0.00039,6.7e-05,4.5e-09,NA,"NO2","P1E5"
"8490","cg11580525",-0.00046,7.8e-05,4.5e-09,NA,"NO2","P1E5"
"8491","cg15771200",-5e-04,8.6e-05,4.5e-09,NA,"NO2","P1E5"
"8492","cg21101386",-0.00028,4.9e-05,4.5e-09,NA,"NO2","P1E5"
"8493","cg03211828",-0.00034,5.8e-05,4.5e-09,NA,"NO2","P1E5"
"8494","cg02551234",-0.00035,6.1e-05,4.5e-09,NA,"NO2","P1E5"
"8495","cg16299159",-0.00029,5e-05,4.5e-09,NA,"NO2","P1E5"
"8496","cg19721802",-0.00022,3.8e-05,4.5e-09,NA,"NO2","P1E5"
"8497","cg07145783",-0.00073,0.00013,4.5e-09,NA,"NO2","P1E5"
"8498","cg17344420",-0.00025,4.3e-05,4.5e-09,NA,"NO2","P1E5"
"8499","cg07643942",-0.00029,4.9e-05,4.5e-09,NA,"NO2","P1E5"
"8500","cg13152651",-0.00023,3.9e-05,4.5e-09,NA,"NO2","P1E5"
"8501","cg22880933",-0.00032,5.5e-05,4.5e-09,NA,"NO2","P1E5"
"8502","cg03599257",-0.00045,7.7e-05,4.5e-09,NA,"NO2","P1E5"
"8503","cg15944856",-0.00037,6.3e-05,4.5e-09,NA,"NO2","P1E5"
"8504","cg01628467",-0.00048,8.2e-05,4.6e-09,NA,"NO2","P1E5"
"8505","cg05571645",-0.00034,5.9e-05,4.6e-09,NA,"NO2","P1E5"
"8506","cg10670376",-0.00024,4.1e-05,4.6e-09,NA,"NO2","P1E5"
"8507","cg18946533",-0.00052,8.9e-05,4.6e-09,NA,"NO2","P1E5"
"8508","cg22660196",-0.00025,4.3e-05,4.6e-09,NA,"NO2","P1E5"
"8509","cg02807786",-0.00026,4.5e-05,4.6e-09,NA,"NO2","P1E5"
"8510","cg12808596",0.00065,0.00011,4.6e-09,NA,"NO2","P1E5"
"8511","cg03549532",-0.00031,5.3e-05,4.6e-09,NA,"NO2","P1E5"
"8512","cg15155209",-0.00037,6.3e-05,4.6e-09,NA,"NO2","P1E5"
"8513","cg14466251",-0.00021,3.6e-05,4.6e-09,NA,"NO2","P1E5"
"8514","cg03879594",-0.00048,8.2e-05,4.6e-09,NA,"NO2","P1E5"
"8515","cg04785187",-0.00043,7.3e-05,4.6e-09,NA,"NO2","P1E5"
"8516","cg08516083",-0.00026,4.5e-05,4.6e-09,NA,"NO2","P1E5"
"8517","cg01388565",-0.00033,5.7e-05,4.7e-09,NA,"NO2","P1E5"
"8518","cg03118510",-0.00027,4.6e-05,4.7e-09,NA,"NO2","P1E5"
"8519","cg05207067",-0.00033,5.6e-05,4.7e-09,NA,"NO2","P1E5"
"8520","cg09346383",-0.00086,0.00015,4.7e-09,NA,"NO2","P1E5"
"8521","cg13996514",-0.00032,5.4e-05,4.7e-09,NA,"NO2","P1E5"
"8522","cg17935233",-0.00032,5.4e-05,4.7e-09,NA,"NO2","P1E5"
"8523","cg20480334",-0.00033,5.6e-05,4.7e-09,NA,"NO2","P1E5"
"8524","cg02024466",-0.00027,4.6e-05,4.7e-09,NA,"NO2","P1E5"
"8525","cg04056774",-0.00044,7.5e-05,4.7e-09,NA,"NO2","P1E5"
"8526","cg17430268",-0.00032,5.5e-05,4.7e-09,NA,"NO2","P1E5"
"8527","cg26574247",-0.00038,6.4e-05,4.7e-09,NA,"NO2","P1E5"
"8528","cg25706898",-0.00036,6.1e-05,4.7e-09,NA,"NO2","P1E5"
"8529","cg15240733",-0.00044,7.5e-05,4.7e-09,NA,"NO2","P1E5"
"8530","cg23232891",-0.00031,5.3e-05,4.7e-09,NA,"NO2","P1E5"
"8531","cg25896785",-0.00031,5.2e-05,4.7e-09,NA,"NO2","P1E5"
"8532","cg01824618",-4e-04,6.8e-05,4.7e-09,NA,"NO2","P1E5"
"8533","cg01951477",-0.00037,6.3e-05,4.7e-09,NA,"NO2","P1E5"
"8534","cg06176471",-0.00028,4.8e-05,4.7e-09,NA,"NO2","P1E5"
"8535","cg12597839",-0.00045,7.7e-05,4.7e-09,NA,"NO2","P1E5"
"8536","cg00445755",-0.00027,4.6e-05,4.7e-09,NA,"NO2","P1E5"
"8537","cg06314969",-0.00031,5.3e-05,4.7e-09,NA,"NO2","P1E5"
"8538","cg06740049",-0.00026,4.4e-05,4.7e-09,NA,"NO2","P1E5"
"8539","cg20897949",-0.00026,4.4e-05,4.7e-09,NA,"NO2","P1E5"
"8540","cg07047963",-0.00041,7e-05,4.7e-09,NA,"NO2","P1E5"
"8541","cg21450654",-0.00026,4.5e-05,4.7e-09,NA,"NO2","P1E5"
"8542","cg03130530",-0.00039,6.7e-05,4.8e-09,NA,"NO2","P1E5"
"8543","cg00661018",-0.00046,7.9e-05,4.8e-09,NA,"NO2","P1E5"
"8544","cg00983482",-0.00041,7e-05,4.8e-09,NA,"NO2","P1E5"
"8545","cg08126560",-0.00038,6.5e-05,4.8e-09,NA,"NO2","P1E5"
"8546","cg05223396",-0.00035,5.9e-05,4.8e-09,NA,"NO2","P1E5"
"8547","cg14870682",-0.00026,4.5e-05,4.8e-09,NA,"NO2","P1E5"
"8548","cg18222865",0.00064,0.00011,4.8e-09,NA,"NO2","P1E5"
"8549","cg05322019",-3e-04,5.1e-05,4.8e-09,NA,"NO2","P1E5"
"8550","cg18522415",-0.00023,3.9e-05,4.8e-09,NA,"NO2","P1E5"
"8551","cg24736764",-0.00039,6.7e-05,4.8e-09,NA,"NO2","P1E5"
"8552","cg05349159",-0.00025,4.4e-05,4.8e-09,NA,"NO2","P1E5"
"8553","cg10791278",-0.00035,6e-05,4.8e-09,NA,"NO2","P1E5"
"8554","cg11264098",-0.00043,7.3e-05,4.8e-09,NA,"NO2","P1E5"
"8555","cg21997465",-0.00033,5.6e-05,4.8e-09,NA,"NO2","P1E5"
"8556","cg06736444",-0.00062,0.00011,4.8e-09,NA,"NO2","P1E5"
"8557","cg17176676",-0.00025,4.3e-05,4.8e-09,NA,"NO2","P1E5"
"8558","cg19402314",-0.00039,6.6e-05,4.8e-09,NA,"NO2","P1E5"
"8559","cg20705236",-3e-04,5.2e-05,4.8e-09,NA,"NO2","P1E5"
"8560","cg26739233",-0.00023,4e-05,4.8e-09,NA,"NO2","P1E5"
"8561","cg00654657",-0.00041,6.9e-05,4.9e-09,NA,"NO2","P1E5"
"8562","cg01590787",-0.00043,7.3e-05,4.9e-09,NA,"NO2","P1E5"
"8563","cg01174786",-0.00036,6.1e-05,4.9e-09,NA,"NO2","P1E5"
"8564","cg09725286",-0.00034,5.9e-05,4.9e-09,NA,"NO2","P1E5"
"8565","cg09839177",-0.00043,7.4e-05,4.9e-09,NA,"NO2","P1E5"
"8566","cg14428733",-0.00042,7.1e-05,4.9e-09,NA,"NO2","P1E5"
"8567","cg03064642",-3e-04,5.2e-05,4.9e-09,NA,"NO2","P1E5"
"8568","cg22541400",-0.00033,5.6e-05,4.9e-09,NA,"NO2","P1E5"
"8569","cg13269555",-0.00056,9.6e-05,4.9e-09,NA,"NO2","P1E5"
"8570","cg15688070",-0.00033,5.6e-05,4.9e-09,NA,"NO2","P1E5"
"8571","cg01643624",-0.00029,5e-05,4.9e-09,NA,"NO2","P1E5"
"8572","cg00347746",-0.00041,7e-05,4.9e-09,NA,"NO2","P1E5"
"8573","cg11995137",-0.00038,6.5e-05,4.9e-09,NA,"NO2","P1E5"
"8574","cg17472786",-4e-04,6.9e-05,4.9e-09,NA,"NO2","P1E5"
"8575","cg01747591",-0.00027,4.6e-05,4.9e-09,NA,"NO2","P1E5"
"8576","cg05667097",-0.00052,9e-05,4.9e-09,NA,"NO2","P1E5"
"8577","cg00101940",-6e-04,1e-04,4.9e-09,NA,"NO2","P1E5"
"8578","cg09916030",-0.00029,5e-05,4.9e-09,NA,"NO2","P1E5"
"8579","cg14527645",-0.00041,6.9e-05,4.9e-09,NA,"NO2","P1E5"
"8580","cg04986236",-0.00027,4.6e-05,5e-09,NA,"NO2","P1E5"
"8581","cg03481488",-0.00032,5.5e-05,5e-09,NA,"NO2","P1E5"
"8582","cg19323901",-4e-04,6.9e-05,5e-09,NA,"NO2","P1E5"
"8583","cg27598340",-0.00031,5.3e-05,5e-09,NA,"NO2","P1E5"
"8584","cg00802510",-0.00036,6.2e-05,5e-09,NA,"NO2","P1E5"
"8585","cg13468149",-3e-04,5.2e-05,5e-09,NA,"NO2","P1E5"
"8586","cg21857843",-0.00018,3.1e-05,5e-09,NA,"NO2","P1E5"
"8587","cg26819783",-0.00029,5e-05,5e-09,NA,"NO2","P1E5"
"8588","cg10065210",-3e-04,5.1e-05,5e-09,NA,"NO2","P1E5"
"8589","cg11304682",-0.00047,8e-05,5e-09,NA,"NO2","P1E5"
"8590","cg23911970",-0.00044,7.4e-05,5e-09,NA,"NO2","P1E5"
"8591","cg03523685",-2e-04,3.5e-05,5e-09,NA,"NO2","P1E5"
"8592","cg07163719",-0.00027,4.7e-05,5e-09,NA,"NO2","P1E5"
"8593","cg19944367",-3e-04,5.1e-05,5e-09,NA,"NO2","P1E5"
"8594","cg24123824",-0.00024,4.1e-05,5e-09,NA,"NO2","P1E5"
"8595","cg21334510",-7e-04,0.00012,5e-09,NA,"NO2","P1E5"
"8596","cg23978062",-0.00028,4.8e-05,5e-09,NA,"NO2","P1E5"
"8597","cg21882808",-0.00041,7e-05,5.1e-09,NA,"NO2","P1E5"
"8598","cg23990303",-0.00034,5.8e-05,5.1e-09,NA,"NO2","P1E5"
"8599","cg07719617",-0.00026,4.5e-05,5.1e-09,NA,"NO2","P1E5"
"8600","cg09873584",-0.00035,5.9e-05,5.1e-09,NA,"NO2","P1E5"
"8601","cg18322822",-0.00026,4.5e-05,5.1e-09,NA,"NO2","P1E5"
"8602","cg23944572",-0.00051,8.6e-05,5.1e-09,NA,"NO2","P1E5"
"8603","cg05948962",-0.00023,3.9e-05,5.1e-09,NA,"NO2","P1E5"
"8604","cg07085287",-3e-04,5.2e-05,5.1e-09,NA,"NO2","P1E5"
"8605","cg10962490",-0.00029,5.1e-05,5.1e-09,NA,"NO2","P1E5"
"8606","cg19950097",-0.00024,4.2e-05,5.1e-09,NA,"NO2","P1E5"
"8607","cg09063765",-0.00028,4.9e-05,5.1e-09,NA,"NO2","P1E5"
"8608","cg14337785",-0.00031,5.2e-05,5.1e-09,NA,"NO2","P1E5"
"8609","cg09075610",-0.00052,8.9e-05,5.2e-09,NA,"NO2","P1E5"
"8610","cg13558462",-0.00028,4.8e-05,5.2e-09,NA,"NO2","P1E5"
"8611","cg08989558",-0.00022,3.8e-05,5.2e-09,NA,"NO2","P1E5"
"8612","cg16523158",-0.00035,6e-05,5.2e-09,NA,"NO2","P1E5"
"8613","cg01808968",-0.00036,6.2e-05,5.2e-09,NA,"NO2","P1E5"
"8614","cg07468655",-0.00032,5.6e-05,5.2e-09,NA,"NO2","P1E5"
"8615","cg22238104",-0.00025,4.3e-05,5.2e-09,NA,"NO2","P1E5"
"8616","cg26046072",-0.00042,7.2e-05,5.2e-09,NA,"NO2","P1E5"
"8617","cg08961187",-0.00038,6.4e-05,5.2e-09,NA,"NO2","P1E5"
"8618","cg00516678",-4e-04,6.9e-05,5.2e-09,NA,"NO2","P1E5"
"8619","cg08100284",-4e-04,6.8e-05,5.2e-09,NA,"NO2","P1E5"
"8620","cg16651286",-0.00026,4.4e-05,5.2e-09,NA,"NO2","P1E5"
"8621","cg03410790",-3e-04,5.1e-05,5.2e-09,NA,"NO2","P1E5"
"8622","cg11957248",-0.00038,6.5e-05,5.2e-09,NA,"NO2","P1E5"
"8623","cg15485378",-0.00035,6e-05,5.2e-09,NA,"NO2","P1E5"
"8624","cg06931253",-0.00035,6e-05,5.3e-09,NA,"NO2","P1E5"
"8625","cg07572773",-0.00036,6.2e-05,5.3e-09,NA,"NO2","P1E5"
"8626","cg22767461",-0.00021,3.6e-05,5.3e-09,NA,"NO2","P1E5"
"8627","cg09671119",-0.00033,5.6e-05,5.3e-09,NA,"NO2","P1E5"
"8628","cg19759804",0.00013,2.3e-05,5.3e-09,NA,"NO2","P1E5"
"8629","cg00527653",-3e-04,5.1e-05,5.3e-09,NA,"NO2","P1E5"
"8630","cg19234171",-0.00027,4.6e-05,5.3e-09,NA,"NO2","P1E5"
"8631","cg24000087",-3e-04,5.1e-05,5.3e-09,NA,"NO2","P1E5"
"8632","cg18369034",-0.00043,7.4e-05,5.3e-09,NA,"NO2","P1E5"
"8633","cg08751438",-0.00032,5.6e-05,5.3e-09,NA,"NO2","P1E5"
"8634","cg16177633",-3e-04,5.1e-05,5.3e-09,NA,"NO2","P1E5"
"8635","cg19981982",-0.00036,6.2e-05,5.3e-09,NA,"NO2","P1E5"
"8636","cg21771125",-0.00047,8.1e-05,5.3e-09,NA,"NO2","P1E5"
"8637","cg14919643",-0.00028,4.7e-05,5.4e-09,NA,"NO2","P1E5"
"8638","cg15446115",-4e-04,6.9e-05,5.4e-09,NA,"NO2","P1E5"
"8639","cg16527703",-0.00032,5.5e-05,5.4e-09,NA,"NO2","P1E5"
"8640","cg14866866",-0.00022,3.8e-05,5.4e-09,NA,"NO2","P1E5"
"8641","cg22585988",-0.00049,8.4e-05,5.4e-09,NA,"NO2","P1E5"
"8642","cg04570910",-2e-04,3.5e-05,5.4e-09,NA,"NO2","P1E5"
"8643","cg09795523",-3e-04,5.1e-05,5.4e-09,NA,"NO2","P1E5"
"8644","cg16829244",-3e-04,5.1e-05,5.4e-09,NA,"NO2","P1E5"
"8645","cg26284544",-0.00084,0.00014,5.4e-09,NA,"NO2","P1E5"
"8646","cg26924480",-0.00034,5.8e-05,5.4e-09,NA,"NO2","P1E5"
"8647","cg09996971",-0.00044,7.6e-05,5.4e-09,NA,"NO2","P1E5"
"8648","cg09274392",-0.00026,4.5e-05,5.4e-09,NA,"NO2","P1E5"
"8649","cg13123578",-0.00034,5.9e-05,5.4e-09,NA,"NO2","P1E5"
"8650","cg23546343",-0.00026,4.4e-05,5.4e-09,NA,"NO2","P1E5"
"8651","cg01059747",-0.00025,4.3e-05,5.4e-09,NA,"NO2","P1E5"
"8652","cg00036585",-0.00035,6e-05,5.4e-09,NA,"NO2","P1E5"
"8653","cg09616787",-0.00033,5.6e-05,5.4e-09,NA,"NO2","P1E5"
"8654","cg25930644",-0.00035,6.1e-05,5.4e-09,NA,"NO2","P1E5"
"8655","cg03719642",-0.00069,0.00012,5.5e-09,NA,"NO2","P1E5"
"8656","cg04491808",-0.00044,7.6e-05,5.5e-09,NA,"NO2","P1E5"
"8657","cg24639535",-0.00034,5.9e-05,5.5e-09,NA,"NO2","P1E5"
"8658","cg09972052",-0.00041,7.1e-05,5.5e-09,NA,"NO2","P1E5"
"8659","cg04674495",-0.00032,5.5e-05,5.5e-09,NA,"NO2","P1E5"
"8660","cg12305588",-5e-04,8.5e-05,5.5e-09,NA,"NO2","P1E5"
"8661","cg19510663",-0.00027,4.7e-05,5.5e-09,NA,"NO2","P1E5"
"8662","cg09447450",-0.00042,7.2e-05,5.5e-09,NA,"NO2","P1E5"
"8663","cg18325799",-0.00025,4.3e-05,5.5e-09,NA,"NO2","P1E5"
"8664","cg18699439",-0.00031,5.4e-05,5.5e-09,NA,"NO2","P1E5"
"8665","cg16515815",-0.00028,4.8e-05,5.5e-09,NA,"NO2","P1E5"
"8666","cg23919111",-0.00042,7.3e-05,5.5e-09,NA,"NO2","P1E5"
"8667","cg02181220",-3e-04,5.1e-05,5.5e-09,NA,"NO2","P1E5"
"8668","cg06706876",-0.00051,8.7e-05,5.5e-09,NA,"NO2","P1E5"
"8669","cg08870143",-0.00063,0.00011,5.5e-09,NA,"NO2","P1E5"
"8670","cg10907582",-0.00026,4.5e-05,5.5e-09,NA,"NO2","P1E5"
"8671","cg07821909",-0.00029,5e-05,5.6e-09,NA,"NO2","P1E5"
"8672","cg12364136",-0.00045,7.8e-05,5.6e-09,NA,"NO2","P1E5"
"8673","cg15352186",-0.00037,6.4e-05,5.6e-09,NA,"NO2","P1E5"
"8674","cg03850730",-0.00021,3.7e-05,5.6e-09,NA,"NO2","P1E5"
"8675","cg11986980",-0.00032,5.5e-05,5.6e-09,NA,"NO2","P1E5"
"8676","cg12976145",-0.00045,7.7e-05,5.6e-09,NA,"NO2","P1E5"
"8677","cg03599224",-0.00041,7.1e-05,5.6e-09,NA,"NO2","P1E5"
"8678","cg10986043",-0.00066,0.00011,5.6e-09,NA,"NO2","P1E5"
"8679","cg20414082",-0.00033,5.6e-05,5.6e-09,NA,"NO2","P1E5"
"8680","cg09120267",-0.00039,6.6e-05,5.6e-09,NA,"NO2","P1E5"
"8681","cg04630908",-0.00023,3.9e-05,5.6e-09,NA,"NO2","P1E5"
"8682","cg05991902",-0.00021,3.5e-05,5.6e-09,NA,"NO2","P1E5"
"8683","cg18283321",-0.00035,6e-05,5.6e-09,NA,"NO2","P1E5"
"8684","cg02338271",-0.00033,5.7e-05,5.6e-09,NA,"NO2","P1E5"
"8685","cg06550248",-0.00035,6e-05,5.6e-09,NA,"NO2","P1E5"
"8686","cg16892812",-0.00053,9.1e-05,5.6e-09,NA,"NO2","P1E5"
"8687","cg05096777",-0.00038,6.5e-05,5.6e-09,NA,"NO2","P1E5"
"8688","cg07024656",-0.00026,4.5e-05,5.6e-09,NA,"NO2","P1E5"
"8689","cg15602741",-3e-04,5.2e-05,5.6e-09,NA,"NO2","P1E5"
"8690","cg22266072",-0.00037,6.4e-05,5.6e-09,NA,"NO2","P1E5"
"8691","cg12324283",-0.00028,4.8e-05,5.7e-09,NA,"NO2","P1E5"
"8692","cg00921097",-0.00045,7.8e-05,5.7e-09,NA,"NO2","P1E5"
"8693","cg05256179",-0.00038,6.6e-05,5.7e-09,NA,"NO2","P1E5"
"8694","cg13784460",-0.00037,6.4e-05,5.7e-09,NA,"NO2","P1E5"
"8695","cg14286140",-4e-04,6.9e-05,5.7e-09,NA,"NO2","P1E5"
"8696","cg05062192",-0.00022,3.8e-05,5.7e-09,NA,"NO2","P1E5"
"8697","cg08678202",-0.00028,4.8e-05,5.7e-09,NA,"NO2","P1E5"
"8698","cg25435643",-0.00036,6.2e-05,5.7e-09,NA,"NO2","P1E5"
"8699","cg13277254",-0.00058,9.9e-05,5.7e-09,NA,"NO2","P1E5"
"8700","cg21971807",0.00045,7.7e-05,5.7e-09,NA,"NO2","P1E5"
"8701","cg05327967",-0.00028,4.7e-05,5.7e-09,NA,"NO2","P1E5"
"8702","cg08240592",-0.00036,6.1e-05,5.7e-09,NA,"NO2","P1E5"
"8703","cg15179499",-0.00025,4.3e-05,5.7e-09,NA,"NO2","P1E5"
"8704","cg04242898",-0.00053,9.1e-05,5.8e-09,NA,"NO2","P1E5"
"8705","cg07496078",-0.00026,4.4e-05,5.8e-09,NA,"NO2","P1E5"
"8706","cg11816081",-0.00039,6.7e-05,5.8e-09,NA,"NO2","P1E5"
"8707","cg06159980",-0.00038,6.5e-05,5.8e-09,NA,"NO2","P1E5"
"8708","cg21624165",-0.00053,9.2e-05,5.8e-09,NA,"NO2","P1E5"
"8709","cg06340836",-0.00039,6.8e-05,5.8e-09,NA,"NO2","P1E5"
"8710","cg20982052",-0.00026,4.4e-05,5.8e-09,NA,"NO2","P1E5"
"8711","cg13375457",-0.00018,3.2e-05,5.8e-09,NA,"NO2","P1E5"
"8712","cg24722886",-0.00033,5.7e-05,5.8e-09,NA,"NO2","P1E5"
"8713","cg01272202",-0.00035,5.9e-05,5.9e-09,NA,"NO2","P1E5"
"8714","cg10985970",-3e-04,5.2e-05,5.9e-09,NA,"NO2","P1E5"
"8715","cg11982577",-0.00036,6.2e-05,5.9e-09,NA,"NO2","P1E5"
"8716","cg26607673",-0.00025,4.2e-05,5.9e-09,NA,"NO2","P1E5"
"8717","cg09076077",0.00075,0.00013,5.9e-09,NA,"NO2","P1E5"
"8718","cg18450130",-0.00023,3.9e-05,5.9e-09,NA,"NO2","P1E5"
"8719","cg00994323",-0.00035,5.9e-05,5.9e-09,NA,"NO2","P1E5"
"8720","cg08655664",-0.00035,6e-05,5.9e-09,NA,"NO2","P1E5"
"8721","cg09617441",-0.00033,5.7e-05,5.9e-09,NA,"NO2","P1E5"
"8722","cg14941895",-0.00031,5.3e-05,5.9e-09,NA,"NO2","P1E5"
"8723","cg27313147",-0.00049,8.4e-05,5.9e-09,NA,"NO2","P1E5"
"8724","cg02590088",-0.00039,6.6e-05,5.9e-09,NA,"NO2","P1E5"
"8725","cg07967254",-3e-04,5.2e-05,5.9e-09,NA,"NO2","P1E5"
"8726","cg09810961",-0.00019,3.2e-05,5.9e-09,NA,"NO2","P1E5"
"8727","cg10796568",-0.00029,5.1e-05,5.9e-09,NA,"NO2","P1E5"
"8728","cg11202914",-0.00025,4.2e-05,5.9e-09,NA,"NO2","P1E5"
"8729","cg16662477",0.00079,0.00014,5.9e-09,NA,"NO2","P1E5"
"8730","cg05832070",-0.00036,6.2e-05,5.9e-09,NA,"NO2","P1E5"
"8731","cg09159290",-0.00026,4.4e-05,6e-09,NA,"NO2","P1E5"
"8732","cg11932891",-0.00037,6.4e-05,6e-09,NA,"NO2","P1E5"
"8733","cg12684175",-0.00036,6.2e-05,6e-09,NA,"NO2","P1E5"
"8734","cg05447343",-0.00045,7.7e-05,6e-09,NA,"NO2","P1E5"
"8735","cg18761252",-0.00028,4.7e-05,6e-09,NA,"NO2","P1E5"
"8736","cg06403921",-0.00028,4.7e-05,6e-09,NA,"NO2","P1E5"
"8737","cg09696120",-0.00034,5.9e-05,6e-09,NA,"NO2","P1E5"
"8738","cg15003194",-0.00037,6.4e-05,6e-09,NA,"NO2","P1E5"
"8739","cg04582295",-0.00037,6.3e-05,6e-09,NA,"NO2","P1E5"
"8740","cg27168737",-0.00032,5.4e-05,6e-09,NA,"NO2","P1E5"
"8741","cg04828792",-3e-04,5.1e-05,6e-09,NA,"NO2","P1E5"
"8742","cg13870426",-0.00038,6.6e-05,6e-09,NA,"NO2","P1E5"
"8743","cg07271253",-0.00032,5.5e-05,6e-09,NA,"NO2","P1E5"
"8744","cg13805730",-3e-04,5.1e-05,6e-09,NA,"NO2","P1E5"
"8745","cg08995595",-0.00027,4.7e-05,6e-09,NA,"NO2","P1E5"
"8746","cg25238382",-0.00031,5.3e-05,6e-09,NA,"NO2","P1E5"
"8747","cg25748868",-3e-04,5.2e-05,6e-09,NA,"NO2","P1E5"
"8748","cg00982400",-0.00028,4.9e-05,6.1e-09,NA,"NO2","P1E5"
"8749","cg14247635",-0.00039,6.8e-05,6.1e-09,NA,"NO2","P1E5"
"8750","cg21924070",-0.00024,4.1e-05,6.1e-09,NA,"NO2","P1E5"
"8751","cg26292895",-0.00032,5.5e-05,6.1e-09,NA,"NO2","P1E5"
"8752","cg10307904",-0.00038,6.6e-05,6.1e-09,NA,"NO2","P1E5"
"8753","cg12933431",-0.00037,6.4e-05,6.1e-09,NA,"NO2","P1E5"
"8754","cg19122460",-0.00028,4.9e-05,6.1e-09,NA,"NO2","P1E5"
"8755","cg19982893",-0.00062,0.00011,6.1e-09,NA,"NO2","P1E5"
"8756","cg24230355",-0.00029,4.9e-05,6.1e-09,NA,"NO2","P1E5"
"8757","cg27109056",-0.00037,6.3e-05,6.1e-09,NA,"NO2","P1E5"
"8758","cg18217706",-0.00026,4.5e-05,6.1e-09,NA,"NO2","P1E5"
"8759","cg07994487",-0.00023,3.9e-05,6.1e-09,NA,"NO2","P1E5"
"8760","cg08455916",-0.00032,5.4e-05,6.1e-09,NA,"NO2","P1E5"
"8761","cg23701012",-0.00037,6.4e-05,6.1e-09,NA,"NO2","P1E5"
"8762","cg01170591",-0.00018,3.1e-05,6.1e-09,NA,"NO2","P1E5"
"8763","cg02311794",-0.00053,9.2e-05,6.1e-09,NA,"NO2","P1E5"
"8764","cg16292586",-0.00033,5.7e-05,6.1e-09,NA,"NO2","P1E5"
"8765","cg16361915",-0.00027,4.7e-05,6.1e-09,NA,"NO2","P1E5"
"8766","cg08010546",-0.00043,7.3e-05,6.2e-09,NA,"NO2","P1E5"
"8767","cg11490276",-0.00027,4.7e-05,6.2e-09,NA,"NO2","P1E5"
"8768","cg00463239",-0.00028,4.7e-05,6.2e-09,NA,"NO2","P1E5"
"8769","cg04260891",-0.00025,4.3e-05,6.2e-09,NA,"NO2","P1E5"
"8770","cg07285248",-0.00034,5.9e-05,6.2e-09,NA,"NO2","P1E5"
"8771","cg07457213",-0.00031,5.3e-05,6.2e-09,NA,"NO2","P1E5"
"8772","cg18249027",-0.00039,6.6e-05,6.2e-09,NA,"NO2","P1E5"
"8773","cg00473916",-0.00042,7.2e-05,6.2e-09,NA,"NO2","P1E5"
"8774","cg14913688",-0.00025,4.3e-05,6.2e-09,NA,"NO2","P1E5"
"8775","cg06810461",-0.00029,5e-05,6.2e-09,NA,"NO2","P1E5"
"8776","cg06752633",-0.00031,5.3e-05,6.2e-09,NA,"NO2","P1E5"
"8777","cg06952577",-0.00036,6.3e-05,6.2e-09,NA,"NO2","P1E5"
"8778","cg24311933",-0.00019,3.3e-05,6.3e-09,NA,"NO2","P1E5"
"8779","cg10613706",-0.00037,6.4e-05,6.3e-09,NA,"NO2","P1E5"
"8780","cg00390253",-0.00044,7.6e-05,6.3e-09,NA,"NO2","P1E5"
"8781","cg03734104",-3e-04,5.2e-05,6.3e-09,NA,"NO2","P1E5"
"8782","cg13352518",-0.00048,8.3e-05,6.3e-09,NA,"NO2","P1E5"
"8783","cg04218209",-0.00027,4.6e-05,6.3e-09,NA,"NO2","P1E5"
"8784","cg13212362",-3e-04,5.1e-05,6.3e-09,NA,"NO2","P1E5"
"8785","cg16549809",-0.00051,8.7e-05,6.3e-09,NA,"NO2","P1E5"
"8786","cg00565263",-0.00032,5.5e-05,6.3e-09,NA,"NO2","P1E5"
"8787","cg16746362",-0.00026,4.5e-05,6.3e-09,NA,"NO2","P1E5"
"8788","cg26735071",-0.00049,8.5e-05,6.3e-09,NA,"NO2","P1E5"
"8789","cg14958018",-0.00039,6.7e-05,6.3e-09,NA,"NO2","P1E5"
"8790","cg01224451",-0.00029,5e-05,6.3e-09,NA,"NO2","P1E5"
"8791","cg07713135",-0.00034,5.8e-05,6.4e-09,NA,"NO2","P1E5"
"8792","cg14019464",-0.00028,4.9e-05,6.4e-09,NA,"NO2","P1E5"
"8793","cg26806603",-0.00034,5.9e-05,6.4e-09,NA,"NO2","P1E5"
"8794","cg06834035",-0.00024,4.2e-05,6.4e-09,NA,"NO2","P1E5"
"8795","cg11043251",-0.00047,8.1e-05,6.4e-09,NA,"NO2","P1E5"
"8796","cg14188840",-0.00041,7.1e-05,6.4e-09,NA,"NO2","P1E5"
"8797","cg17522369",-0.00039,6.7e-05,6.4e-09,NA,"NO2","P1E5"
"8798","cg05470166",-0.00041,7.1e-05,6.4e-09,NA,"NO2","P1E5"
"8799","cg12547943",-0.00024,4.2e-05,6.4e-09,NA,"NO2","P1E5"
"8800","cg23154272",-0.00052,8.9e-05,6.4e-09,NA,"NO2","P1E5"
"8801","cg10888031",-4e-04,6.9e-05,6.4e-09,NA,"NO2","P1E5"
"8802","cg00379377",-0.00025,4.3e-05,6.4e-09,NA,"NO2","P1E5"
"8803","cg18566313",-0.00043,7.3e-05,6.4e-09,NA,"NO2","P1E5"
"8804","cg03825810",-0.00036,6.2e-05,6.4e-09,NA,"NO2","P1E5"
"8805","cg04350066",-0.00018,3.1e-05,6.4e-09,NA,"NO2","P1E5"
"8806","cg09047390",-0.00051,8.8e-05,6.4e-09,NA,"NO2","P1E5"
"8807","cg11912202",-2e-04,3.5e-05,6.4e-09,NA,"NO2","P1E5"
"8808","cg02145220",-0.00033,5.6e-05,6.5e-09,NA,"NO2","P1E5"
"8809","cg06122697",-0.00035,6.1e-05,6.5e-09,NA,"NO2","P1E5"
"8810","cg03531543",-3e-04,5.1e-05,6.5e-09,NA,"NO2","P1E5"
"8811","cg19975645",-0.00026,4.6e-05,6.5e-09,NA,"NO2","P1E5"
"8812","cg12575674",-0.00034,5.8e-05,6.5e-09,NA,"NO2","P1E5"
"8813","cg17397548",-0.00044,7.6e-05,6.5e-09,NA,"NO2","P1E5"
"8814","cg22903848",-0.00034,5.9e-05,6.5e-09,NA,"NO2","P1E5"
"8815","cg04674421",-0.00031,5.4e-05,6.5e-09,NA,"NO2","P1E5"
"8816","cg19798170",-0.00028,4.8e-05,6.5e-09,NA,"NO2","P1E5"
"8817","cg21506565",-0.00059,1e-04,6.5e-09,NA,"NO2","P1E5"
"8818","cg02571198",-2e-04,3.4e-05,6.5e-09,NA,"NO2","P1E5"
"8819","cg08854008",0.00015,2.6e-05,6.5e-09,NA,"NO2","P1E5"
"8820","cg09389824",-0.00041,7e-05,6.5e-09,NA,"NO2","P1E5"
"8821","cg24793228",-0.00038,6.6e-05,6.5e-09,NA,"NO2","P1E5"
"8822","cg14356530",-0.00038,6.6e-05,6.5e-09,NA,"NO2","P1E5"
"8823","cg26101767",-0.00037,6.3e-05,6.5e-09,NA,"NO2","P1E5"
"8824","cg18143317",-0.00043,7.4e-05,6.5e-09,NA,"NO2","P1E5"
"8825","cg08029189",-0.00026,4.4e-05,6.5e-09,NA,"NO2","P1E5"
"8826","cg15877915",-5e-04,8.6e-05,6.5e-09,NA,"NO2","P1E5"
"8827","cg05446923",-0.00023,3.9e-05,6.6e-09,NA,"NO2","P1E5"
"8828","cg24687543",-0.00034,5.9e-05,6.6e-09,NA,"NO2","P1E5"
"8829","cg04586299",-4e-04,6.8e-05,6.6e-09,NA,"NO2","P1E5"
"8830","cg06417624",-0.00023,4e-05,6.6e-09,NA,"NO2","P1E5"
"8831","cg07562926",-0.00037,6.3e-05,6.6e-09,NA,"NO2","P1E5"
"8832","cg09204631",-3e-04,5.2e-05,6.6e-09,NA,"NO2","P1E5"
"8833","cg09380594",-0.00031,5.3e-05,6.6e-09,NA,"NO2","P1E5"
"8834","cg23230362",-2e-04,3.5e-05,6.6e-09,NA,"NO2","P1E5"
"8835","cg01255646",-0.00028,4.9e-05,6.6e-09,NA,"NO2","P1E5"
"8836","cg04500879",-0.00068,0.00012,6.6e-09,NA,"NO2","P1E5"
"8837","cg14422315",-0.00043,7.5e-05,6.6e-09,NA,"NO2","P1E5"
"8838","cg24502933",-0.00026,4.4e-05,6.6e-09,NA,"NO2","P1E5"
"8839","cg00873953",-0.00025,4.3e-05,6.6e-09,NA,"NO2","P1E5"
"8840","cg18380349",-0.00023,3.9e-05,6.6e-09,NA,"NO2","P1E5"
"8841","cg03521625",-0.00036,6.2e-05,6.6e-09,NA,"NO2","P1E5"
"8842","cg12050054",-0.00026,4.5e-05,6.7e-09,NA,"NO2","P1E5"
"8843","cg14669607",-0.00044,7.6e-05,6.7e-09,NA,"NO2","P1E5"
"8844","cg15524224",-0.00041,7.1e-05,6.7e-09,NA,"NO2","P1E5"
"8845","cg17072368",-0.00035,6.1e-05,6.7e-09,NA,"NO2","P1E5"
"8846","cg23247337",-0.00019,3.2e-05,6.7e-09,NA,"NO2","P1E5"
"8847","cg25976434",-4e-04,6.8e-05,6.7e-09,NA,"NO2","P1E5"
"8848","cg00611614",-0.00033,5.6e-05,6.7e-09,NA,"NO2","P1E5"
"8849","cg05839533",-0.00035,6.1e-05,6.7e-09,NA,"NO2","P1E5"
"8850","cg06547175",-0.00032,5.5e-05,6.7e-09,NA,"NO2","P1E5"
"8851","cg00303606",-0.00038,6.5e-05,6.7e-09,NA,"NO2","P1E5"
"8852","cg26544188",-0.00033,5.6e-05,6.7e-09,NA,"NO2","P1E5"
"8853","cg27596729",-0.00018,3.1e-05,6.7e-09,NA,"NO2","P1E5"
"8854","cg06643951",-0.00037,6.4e-05,6.7e-09,NA,"NO2","P1E5"
"8855","cg07341224",-2e-04,3.4e-05,6.7e-09,NA,"NO2","P1E5"
"8856","cg12989498",-0.00035,6.1e-05,6.7e-09,NA,"NO2","P1E5"
"8857","cg01942654",-4e-04,6.8e-05,6.7e-09,NA,"NO2","P1E5"
"8858","cg04186249",-0.00035,6.1e-05,6.7e-09,NA,"NO2","P1E5"
"8859","cg06915270",-0.00017,2.9e-05,6.7e-09,NA,"NO2","P1E5"
"8860","cg18875453",-0.00044,7.6e-05,6.7e-09,NA,"NO2","P1E5"
"8861","cg07014591",-0.00023,4e-05,6.8e-09,NA,"NO2","P1E5"
"8862","cg09195868",-0.00031,5.3e-05,6.8e-09,NA,"NO2","P1E5"
"8863","cg12500876",-0.00058,1e-04,6.8e-09,NA,"NO2","P1E5"
"8864","cg15137396",-2e-04,3.5e-05,6.8e-09,NA,"NO2","P1E5"
"8865","cg01669948",-0.00033,5.8e-05,6.8e-09,NA,"NO2","P1E5"
"8866","cg04747824",-0.00046,7.9e-05,6.8e-09,NA,"NO2","P1E5"
"8867","cg09938275",-0.00038,6.6e-05,6.8e-09,NA,"NO2","P1E5"
"8868","cg18129282",-0.00038,6.6e-05,6.8e-09,NA,"NO2","P1E5"
"8869","cg07441278",-0.00033,5.7e-05,6.8e-09,NA,"NO2","P1E5"
"8870","cg04776860",-0.00025,4.4e-05,6.9e-09,NA,"NO2","P1E5"
"8871","cg15392457",-0.00059,1e-04,6.9e-09,NA,"NO2","P1E5"
"8872","cg12626036",-0.00052,9.1e-05,6.9e-09,NA,"NO2","P1E5"
"8873","cg16201762",-0.00034,5.9e-05,6.9e-09,NA,"NO2","P1E5"
"8874","cg05596756",0.00044,7.7e-05,6.9e-09,NA,"NO2","P1E5"
"8875","cg07150719",-0.00021,3.6e-05,6.9e-09,NA,"NO2","P1E5"
"8876","cg07385388",-0.00052,9e-05,6.9e-09,NA,"NO2","P1E5"
"8877","cg21838329",-0.00028,4.9e-05,6.9e-09,NA,"NO2","P1E5"
"8878","cg11642324",0.00033,5.7e-05,7e-09,NA,"NO2","P1E5"
"8879","cg12855851",-0.00031,5.4e-05,7e-09,NA,"NO2","P1E5"
"8880","cg15854394",-0.00027,4.6e-05,7e-09,NA,"NO2","P1E5"
"8881","cg17650622",-3e-04,5.1e-05,7e-09,NA,"NO2","P1E5"
"8882","cg01999399",-4e-04,6.9e-05,7e-09,NA,"NO2","P1E5"
"8883","cg16419526",-0.00031,5.3e-05,7e-09,NA,"NO2","P1E5"
"8884","cg20567067",-3e-04,5.2e-05,7e-09,NA,"NO2","P1E5"
"8885","cg21584710",-0.00039,6.8e-05,7e-09,NA,"NO2","P1E5"
"8886","cg27657489",-0.00051,8.8e-05,7e-09,NA,"NO2","P1E5"
"8887","cg11003012",-0.00034,5.8e-05,7e-09,NA,"NO2","P1E5"
"8888","cg18555746",-0.00021,3.6e-05,7e-09,NA,"NO2","P1E5"
"8889","cg21595233",-3e-04,5.1e-05,7e-09,NA,"NO2","P1E5"
"8890","cg20481720",-0.00038,6.5e-05,7e-09,NA,"NO2","P1E5"
"8891","cg17137063",-0.00041,7e-05,7e-09,NA,"NO2","P1E5"
"8892","cg00306395",-2e-04,3.5e-05,7e-09,NA,"NO2","P1E5"
"8893","cg00538923",-0.00036,6.3e-05,7e-09,NA,"NO2","P1E5"
"8894","cg22883332",-0.00035,6.1e-05,7e-09,NA,"NO2","P1E5"
"8895","cg23013034",-0.00032,5.5e-05,7e-09,NA,"NO2","P1E5"
"8896","cg27175509",-0.00051,8.8e-05,7e-09,NA,"NO2","P1E5"
"8897","cg11050086",-0.00037,6.4e-05,7.1e-09,NA,"NO2","P1E5"
"8898","cg04146405",-0.00024,4.1e-05,7.1e-09,NA,"NO2","P1E5"
"8899","cg24989193",-0.00036,6.2e-05,7.1e-09,NA,"NO2","P1E5"
"8900","cg04857172",-0.00038,6.5e-05,7.1e-09,NA,"NO2","P1E5"
"8901","cg07020453",-0.00028,4.9e-05,7.1e-09,NA,"NO2","P1E5"
"8902","cg26656452",-0.00023,3.9e-05,7.1e-09,NA,"NO2","P1E5"
"8903","cg27623948",-4e-04,7e-05,7.1e-09,NA,"NO2","P1E5"
"8904","cg14789214",-0.00047,8.1e-05,7.1e-09,NA,"NO2","P1E5"
"8905","cg25027584",-0.00029,4.9e-05,7.1e-09,NA,"NO2","P1E5"
"8906","cg00654296",-0.00038,6.5e-05,7.1e-09,NA,"NO2","P1E5"
"8907","cg17622131",-0.00042,7.3e-05,7.1e-09,NA,"NO2","P1E5"
"8908","cg09088437",-0.00029,5.1e-05,7.1e-09,NA,"NO2","P1E5"
"8909","cg06154903",0.00031,5.4e-05,7.1e-09,NA,"NO2","P1E5"
"8910","cg10585962",-0.00058,9.9e-05,7.2e-09,NA,"NO2","P1E5"
"8911","cg24935031",-0.00032,5.6e-05,7.2e-09,NA,"NO2","P1E5"
"8912","cg13429145",-0.00036,6.2e-05,7.2e-09,NA,"NO2","P1E5"
"8913","cg02268584",-0.00024,4.1e-05,7.2e-09,NA,"NO2","P1E5"
"8914","cg12427039",-0.00029,5e-05,7.2e-09,NA,"NO2","P1E5"
"8915","cg27055365",-0.00037,6.4e-05,7.2e-09,NA,"NO2","P1E5"
"8916","cg13771227",-0.00037,6.4e-05,7.2e-09,NA,"NO2","P1E5"
"8917","cg03022541",-4e-04,7e-05,7.2e-09,NA,"NO2","P1E5"
"8918","cg25015043",-4e-04,7e-05,7.2e-09,NA,"NO2","P1E5"
"8919","cg15138109",-0.00048,8.4e-05,7.2e-09,NA,"NO2","P1E5"
"8920","cg24453664",-0.00072,0.00013,7.2e-09,NA,"NO2","P1E5"
"8921","cg21543067",-0.00024,4.2e-05,7.2e-09,NA,"NO2","P1E5"
"8922","cg26913669",-0.00038,6.5e-05,7.3e-09,NA,"NO2","P1E5"
"8923","cg02516419",-0.00029,5.1e-05,7.3e-09,NA,"NO2","P1E5"
"8924","cg18129961",-0.00034,5.9e-05,7.3e-09,NA,"NO2","P1E5"
"8925","cg23668445",-3e-04,5.2e-05,7.3e-09,NA,"NO2","P1E5"
"8926","cg00400126",-0.00031,5.4e-05,7.3e-09,NA,"NO2","P1E5"
"8927","cg06527919",-0.00041,7.1e-05,7.3e-09,NA,"NO2","P1E5"
"8928","cg20548182",-0.00039,6.8e-05,7.3e-09,NA,"NO2","P1E5"
"8929","cg24947456",0.00051,8.8e-05,7.3e-09,NA,"NO2","P1E5"
"8930","cg13881452",-0.00028,4.8e-05,7.3e-09,NA,"NO2","P1E5"
"8931","cg20336460",-0.00028,4.8e-05,7.3e-09,NA,"NO2","P1E5"
"8932","cg19092322",-0.00031,5.4e-05,7.3e-09,NA,"NO2","P1E5"
"8933","cg02973354",-0.00053,9.2e-05,7.4e-09,NA,"NO2","P1E5"
"8934","cg25331309",-3e-04,5.2e-05,7.4e-09,NA,"NO2","P1E5"
"8935","cg16349160",-0.00025,4.3e-05,7.4e-09,NA,"NO2","P1E5"
"8936","cg00216804",-0.00029,5e-05,7.4e-09,NA,"NO2","P1E5"
"8937","cg05036103",-3e-04,5.2e-05,7.4e-09,NA,"NO2","P1E5"
"8938","cg16209873",-0.00035,6e-05,7.4e-09,NA,"NO2","P1E5"
"8939","cg19420604",-0.00027,4.7e-05,7.4e-09,NA,"NO2","P1E5"
"8940","cg12634957",-0.00027,4.6e-05,7.4e-09,NA,"NO2","P1E5"
"8941","cg22116457",-0.00028,4.9e-05,7.4e-09,NA,"NO2","P1E5"
"8942","cg25990848",-0.00027,4.7e-05,7.4e-09,NA,"NO2","P1E5"
"8943","cg26292028",-0.00027,4.6e-05,7.4e-09,NA,"NO2","P1E5"
"8944","cg06720713",-0.00028,4.8e-05,7.4e-09,NA,"NO2","P1E5"
"8945","cg26246840",-0.00041,7e-05,7.4e-09,NA,"NO2","P1E5"
"8946","cg07552374",-0.00024,4.1e-05,7.5e-09,NA,"NO2","P1E5"
"8947","cg23167594",-0.00045,7.8e-05,7.5e-09,NA,"NO2","P1E5"
"8948","cg21460729",-0.00036,6.2e-05,7.5e-09,NA,"NO2","P1E5"
"8949","cg00634573",-0.00027,4.7e-05,7.5e-09,NA,"NO2","P1E5"
"8950","cg06368978",-0.00022,3.7e-05,7.5e-09,NA,"NO2","P1E5"
"8951","cg21182715",-0.00044,7.6e-05,7.5e-09,NA,"NO2","P1E5"
"8952","cg08703151",-0.00032,5.6e-05,7.5e-09,NA,"NO2","P1E5"
"8953","cg05667838",-0.00046,8e-05,7.5e-09,NA,"NO2","P1E5"
"8954","cg00583291",-0.00039,6.7e-05,7.5e-09,NA,"NO2","P1E5"
"8955","cg05991539",-0.00024,4.2e-05,7.5e-09,NA,"NO2","P1E5"
"8956","cg00790255",-0.00031,5.5e-05,7.6e-09,NA,"NO2","P1E5"
"8957","cg05368724",-0.00066,0.00011,7.6e-09,NA,"NO2","P1E5"
"8958","cg24126880",-0.00034,5.9e-05,7.6e-09,NA,"NO2","P1E5"
"8959","cg02807882",-0.00032,5.6e-05,7.6e-09,NA,"NO2","P1E5"
"8960","cg08065063",-0.00032,5.6e-05,7.6e-09,NA,"NO2","P1E5"
"8961","cg05976166",-0.00056,9.6e-05,7.6e-09,NA,"NO2","P1E5"
"8962","cg08273672",-0.00037,6.3e-05,7.6e-09,NA,"NO2","P1E5"
"8963","cg13001012",-0.00036,6.2e-05,7.6e-09,NA,"NO2","P1E5"
"8964","cg27557790",-0.00027,4.6e-05,7.6e-09,NA,"NO2","P1E5"
"8965","cg26038697",-0.00032,5.6e-05,7.6e-09,NA,"NO2","P1E5"
"8966","cg00001269",-0.00032,5.5e-05,7.6e-09,NA,"NO2","P1E5"
"8967","cg11191955",-0.00036,6.2e-05,7.6e-09,NA,"NO2","P1E5"
"8968","cg15265853",-0.00026,4.4e-05,7.6e-09,NA,"NO2","P1E5"
"8969","cg23384027",-0.00061,0.00011,7.6e-09,NA,"NO2","P1E5"
"8970","cg01321034",-0.00035,6.1e-05,7.6e-09,NA,"NO2","P1E5"
"8971","cg26517140",-0.00022,3.8e-05,7.6e-09,NA,"NO2","P1E5"
"8972","cg11876177",-0.00021,3.6e-05,7.7e-09,NA,"NO2","P1E5"
"8973","cg08404427",-0.00035,6e-05,7.7e-09,NA,"NO2","P1E5"
"8974","cg11019835",-3e-04,5.1e-05,7.7e-09,NA,"NO2","P1E5"
"8975","cg14978637",-0.00029,5e-05,7.7e-09,NA,"NO2","P1E5"
"8976","cg17749374",-0.00039,6.8e-05,7.7e-09,NA,"NO2","P1E5"
"8977","cg03632278",-0.00034,5.9e-05,7.7e-09,NA,"NO2","P1E5"
"8978","cg11086410",-0.00023,4e-05,7.7e-09,NA,"NO2","P1E5"
"8979","cg24760165",-0.00032,5.6e-05,7.7e-09,NA,"NO2","P1E5"
"8980","cg08652808",-0.00027,4.7e-05,7.7e-09,NA,"NO2","P1E5"
"8981","cg18546384",-0.00046,8e-05,7.7e-09,NA,"NO2","P1E5"
"8982","cg21810733",-0.00042,7.3e-05,7.7e-09,NA,"NO2","P1E5"
"8983","cg05389731",-0.00027,4.8e-05,7.7e-09,NA,"NO2","P1E5"
"8984","cg06866140",-0.00035,6.1e-05,7.7e-09,NA,"NO2","P1E5"
"8985","cg07911084",-0.00025,4.3e-05,7.7e-09,NA,"NO2","P1E5"
"8986","cg26575173",-0.00032,5.5e-05,7.7e-09,NA,"NO2","P1E5"
"8987","cg02451443",-0.00023,4e-05,7.7e-09,NA,"NO2","P1E5"
"8988","cg15641565",-0.00034,5.9e-05,7.7e-09,NA,"NO2","P1E5"
"8989","cg23250795",-0.00034,5.8e-05,7.7e-09,NA,"NO2","P1E5"
"8990","cg05766107",-4e-04,6.9e-05,7.8e-09,NA,"NO2","P1E5"
"8991","cg25058957",-0.00029,5.1e-05,7.8e-09,NA,"NO2","P1E5"
"8992","cg02539274",-0.00028,4.9e-05,7.8e-09,NA,"NO2","P1E5"
"8993","cg02907524",-0.00048,8.3e-05,7.8e-09,NA,"NO2","P1E5"
"8994","cg06394082",-0.00038,6.6e-05,7.8e-09,NA,"NO2","P1E5"
"8995","cg19034890",-0.00017,2.9e-05,7.8e-09,NA,"NO2","P1E5"
"8996","cg23375781",-0.00033,5.7e-05,7.8e-09,NA,"NO2","P1E5"
"8997","cg09260048",-0.00017,2.9e-05,7.8e-09,NA,"NO2","P1E5"
"8998","cg09558463",-0.00033,5.7e-05,7.8e-09,NA,"NO2","P1E5"
"8999","cg12674975",-0.00026,4.4e-05,7.8e-09,NA,"NO2","P1E5"
"9000","cg19971025",-0.00036,6.3e-05,7.9e-09,NA,"NO2","P1E5"
"9001","cg02814858",-0.00042,7.3e-05,7.9e-09,NA,"NO2","P1E5"
"9002","cg20482274",-0.00029,5e-05,7.9e-09,NA,"NO2","P1E5"
"9003","cg21295678",-3e-04,5.2e-05,7.9e-09,NA,"NO2","P1E5"
"9004","cg24476722",-0.00021,3.7e-05,7.9e-09,NA,"NO2","P1E5"
"9005","cg14712657",-0.00031,5.4e-05,7.9e-09,NA,"NO2","P1E5"
"9006","cg00862408",0.00023,3.9e-05,7.9e-09,NA,"NO2","P1E5"
"9007","cg14093792",-0.00048,8.3e-05,7.9e-09,NA,"NO2","P1E5"
"9008","cg08861449",-0.00035,6e-05,7.9e-09,NA,"NO2","P1E5"
"9009","cg11188666",-0.00024,4.1e-05,7.9e-09,NA,"NO2","P1E5"
"9010","cg12196406",-0.00035,6.1e-05,7.9e-09,NA,"NO2","P1E5"
"9011","cg09321019",-4e-04,6.9e-05,7.9e-09,NA,"NO2","P1E5"
"9012","cg16443009",-0.00039,6.7e-05,7.9e-09,NA,"NO2","P1E5"
"9013","cg09406989",-0.00057,9.8e-05,7.9e-09,NA,"NO2","P1E5"
"9014","cg10673192",-0.00022,3.7e-05,8e-09,NA,"NO2","P1E5"
"9015","cg27624229",-0.00035,6e-05,8e-09,NA,"NO2","P1E5"
"9016","cg00236249",-0.00023,4e-05,8e-09,NA,"NO2","P1E5"
"9017","cg15331633",-0.00032,5.5e-05,8e-09,NA,"NO2","P1E5"
"9018","cg04304054",-0.00029,5e-05,8e-09,NA,"NO2","P1E5"
"9019","cg11300208",-0.00045,7.9e-05,8e-09,NA,"NO2","P1E5"
"9020","cg10007222",-0.00027,4.6e-05,8e-09,NA,"NO2","P1E5"
"9021","cg15131848",-0.00025,4.3e-05,8e-09,NA,"NO2","P1E5"
"9022","cg25844612",-0.00027,4.6e-05,8e-09,NA,"NO2","P1E5"
"9023","cg11443170",-0.00048,8.3e-05,8e-09,NA,"NO2","P1E5"
"9024","cg23594208",-0.00025,4.3e-05,8e-09,NA,"NO2","P1E5"
"9025","cg16146076",-0.00027,4.7e-05,8e-09,NA,"NO2","P1E5"
"9026","cg26813796",-0.00025,4.3e-05,8e-09,NA,"NO2","P1E5"
"9027","cg14228460",-0.00032,5.5e-05,8e-09,NA,"NO2","P1E5"
"9028","cg08033551",-0.00029,5.1e-05,8e-09,NA,"NO2","P1E5"
"9029","cg04547393",-0.00022,3.9e-05,8.1e-09,NA,"NO2","P1E5"
"9030","cg01533082",-3e-04,5.2e-05,8.1e-09,NA,"NO2","P1E5"
"9031","cg08029969",-0.00038,6.6e-05,8.1e-09,NA,"NO2","P1E5"
"9032","cg09898793",-0.00037,6.4e-05,8.1e-09,NA,"NO2","P1E5"
"9033","cg11200568",-0.00029,5e-05,8.1e-09,NA,"NO2","P1E5"
"9034","cg12827283",-0.00058,1e-04,8.1e-09,NA,"NO2","P1E5"
"9035","cg14988790",-0.00028,4.9e-05,8.1e-09,NA,"NO2","P1E5"
"9036","cg01411912",-0.00044,7.6e-05,8.1e-09,NA,"NO2","P1E5"
"9037","cg20671150",-0.00024,4.2e-05,8.1e-09,NA,"NO2","P1E5"
"9038","cg16001202",-0.00038,6.7e-05,8.2e-09,NA,"NO2","P1E5"
"9039","cg12738718",-3e-04,5.1e-05,8.2e-09,NA,"NO2","P1E5"
"9040","cg21057494",-3e-04,5.2e-05,8.2e-09,NA,"NO2","P1E5"
"9041","cg26822572",-0.00041,7.1e-05,8.2e-09,NA,"NO2","P1E5"
"9042","cg07144318",-0.00033,5.8e-05,8.2e-09,NA,"NO2","P1E5"
"9043","cg11369862",-0.00034,6e-05,8.2e-09,NA,"NO2","P1E5"
"9044","cg19817882",-3e-04,5.1e-05,8.2e-09,NA,"NO2","P1E5"
"9045","cg26607867",-0.00022,3.8e-05,8.2e-09,NA,"NO2","P1E5"
"9046","cg23943684",-0.00034,5.8e-05,8.2e-09,NA,"NO2","P1E5"
"9047","cg22129111",-0.00035,6e-05,8.2e-09,NA,"NO2","P1E5"
"9048","cg26013235",-0.00022,3.9e-05,8.2e-09,NA,"NO2","P1E5"
"9049","cg04471192",-0.00018,3.1e-05,8.2e-09,NA,"NO2","P1E5"
"9050","cg01718646",-0.00027,4.8e-05,8.2e-09,NA,"NO2","P1E5"
"9051","cg08321867",-0.00038,6.7e-05,8.2e-09,NA,"NO2","P1E5"
"9052","cg06471073",-0.00038,6.7e-05,8.2e-09,NA,"NO2","P1E5"
"9053","cg17867889",-0.00026,4.6e-05,8.2e-09,NA,"NO2","P1E5"
"9054","cg07712478",-0.00032,5.5e-05,8.3e-09,NA,"NO2","P1E5"
"9055","cg07599366",0.00057,9.9e-05,8.3e-09,NA,"NO2","P1E5"
"9056","cg24645896",-0.00032,5.5e-05,8.3e-09,NA,"NO2","P1E5"
"9057","cg17317266",-0.00042,7.4e-05,8.3e-09,NA,"NO2","P1E5"
"9058","cg13236257",-0.00044,7.6e-05,8.3e-09,NA,"NO2","P1E5"
"9059","cg03694598",-0.00011,1.8e-05,8.3e-09,NA,"NO2","P1E5"
"9060","cg15302379",-0.00055,9.5e-05,8.3e-09,NA,"NO2","P1E5"
"9061","cg07122553",-0.00042,7.3e-05,8.3e-09,NA,"NO2","P1E5"
"9062","cg21885638",-0.00042,7.3e-05,8.3e-09,NA,"NO2","P1E5"
"9063","cg23733568",-4e-04,7e-05,8.3e-09,NA,"NO2","P1E5"
"9064","cg07671622",-0.00052,9.1e-05,8.3e-09,NA,"NO2","P1E5"
"9065","cg10695180",-0.00031,5.4e-05,8.3e-09,NA,"NO2","P1E5"
"9066","cg16309224",-0.00037,6.4e-05,8.3e-09,NA,"NO2","P1E5"
"9067","cg18526332",-0.00032,5.5e-05,8.3e-09,NA,"NO2","P1E5"
"9068","cg04146962",-0.00026,4.4e-05,8.4e-09,NA,"NO2","P1E5"
"9069","cg03897125",-3e-04,5.3e-05,8.4e-09,NA,"NO2","P1E5"
"9070","cg05908960",-0.00055,9.5e-05,8.4e-09,NA,"NO2","P1E5"
"9071","cg08536911",-0.00044,7.7e-05,8.4e-09,NA,"NO2","P1E5"
"9072","cg08156927",-0.00023,3.9e-05,8.4e-09,NA,"NO2","P1E5"
"9073","cg05014721",-0.00091,0.00016,8.4e-09,NA,"NO2","P1E5"
"9074","cg06619077",-0.00067,0.00012,8.4e-09,NA,"NO2","P1E5"
"9075","cg06986657",-3e-04,5.3e-05,8.4e-09,NA,"NO2","P1E5"
"9076","cg23580945",-0.00036,6.3e-05,8.4e-09,NA,"NO2","P1E5"
"9077","cg14969332",-0.00037,6.4e-05,8.4e-09,NA,"NO2","P1E5"
"9078","cg01629722",-0.00036,6.3e-05,8.5e-09,NA,"NO2","P1E5"
"9079","cg06981073",-5e-04,8.7e-05,8.5e-09,NA,"NO2","P1E5"
"9080","cg20865151",0.00014,2.5e-05,8.5e-09,NA,"NO2","P1E5"
"9081","cg02500042",-0.00047,8.1e-05,8.5e-09,NA,"NO2","P1E5"
"9082","cg14792548",-0.00017,2.9e-05,8.5e-09,NA,"NO2","P1E5"
"9083","cg01152130",-0.00028,4.9e-05,8.5e-09,NA,"NO2","P1E5"
"9084","cg08783499",-0.00043,7.4e-05,8.5e-09,NA,"NO2","P1E5"
"9085","cg10013998",-0.00046,7.9e-05,8.5e-09,NA,"NO2","P1E5"
"9086","cg10310700",-0.00065,0.00011,8.5e-09,NA,"NO2","P1E5"
"9087","cg00267296",-0.00028,4.9e-05,8.5e-09,NA,"NO2","P1E5"
"9088","cg00860372",-0.00046,7.9e-05,8.5e-09,NA,"NO2","P1E5"
"9089","cg04262505",-0.00033,5.6e-05,8.5e-09,NA,"NO2","P1E5"
"9090","cg14244251",-0.00032,5.5e-05,8.5e-09,NA,"NO2","P1E5"
"9091","cg24362824",-0.00031,5.4e-05,8.5e-09,NA,"NO2","P1E5"
"9092","cg11721366",-0.00027,4.6e-05,8.5e-09,NA,"NO2","P1E5"
"9093","cg04343361",-0.00025,4.4e-05,8.6e-09,NA,"NO2","P1E5"
"9094","cg01178703",-0.00016,2.8e-05,8.6e-09,NA,"NO2","P1E5"
"9095","cg12252328",-4e-04,6.9e-05,8.6e-09,NA,"NO2","P1E5"
"9096","cg22374146",-0.00027,4.7e-05,8.6e-09,NA,"NO2","P1E5"
"9097","cg23895220",-0.00041,7.1e-05,8.6e-09,NA,"NO2","P1E5"
"9098","cg16792706",-0.00031,5.4e-05,8.6e-09,NA,"NO2","P1E5"
"9099","cg07307789",-0.00032,5.5e-05,8.6e-09,NA,"NO2","P1E5"
"9100","cg10963664",-0.00041,7.1e-05,8.6e-09,NA,"NO2","P1E5"
"9101","cg16290720",-0.00035,6.1e-05,8.6e-09,NA,"NO2","P1E5"
"9102","cg19712813",-0.00016,2.8e-05,8.6e-09,NA,"NO2","P1E5"
"9103","cg14674802",-0.00041,7.1e-05,8.7e-09,NA,"NO2","P1E5"
"9104","cg23282441",0.00064,0.00011,8.7e-09,NA,"NO2","P1E5"
"9105","cg19513004",-0.00024,4.1e-05,8.7e-09,NA,"NO2","P1E5"
"9106","cg18842310",-0.00029,5e-05,8.7e-09,NA,"NO2","P1E5"
"9107","cg23885965",-0.00034,5.8e-05,8.7e-09,NA,"NO2","P1E5"
"9108","cg21998869",-0.00023,4e-05,8.7e-09,NA,"NO2","P1E5"
"9109","cg16397028",-0.00026,4.6e-05,8.7e-09,NA,"NO2","P1E5"
"9110","cg06070229",-0.00032,5.6e-05,8.7e-09,NA,"NO2","P1E5"
"9111","cg09869595",-0.00029,5.1e-05,8.7e-09,NA,"NO2","P1E5"
"9112","cg11791452",-0.00033,5.7e-05,8.7e-09,NA,"NO2","P1E5"
"9113","cg13587449",-0.00024,4.3e-05,8.7e-09,NA,"NO2","P1E5"
"9114","cg00289362",-0.00026,4.6e-05,8.8e-09,NA,"NO2","P1E5"
"9115","cg09035127",-5e-04,8.7e-05,8.8e-09,NA,"NO2","P1E5"
"9116","cg06371014",-0.00026,4.6e-05,8.8e-09,NA,"NO2","P1E5"
"9117","cg10130497",-0.00038,6.6e-05,8.8e-09,NA,"NO2","P1E5"
"9118","cg19946641",-3e-04,5.1e-05,8.8e-09,NA,"NO2","P1E5"
"9119","cg26304119",-2e-04,3.6e-05,8.8e-09,NA,"NO2","P1E5"
"9120","cg01458088",-0.00041,7.1e-05,8.8e-09,NA,"NO2","P1E5"
"9121","cg08083700",-0.00026,4.5e-05,8.8e-09,NA,"NO2","P1E5"
"9122","cg09327855",-0.00047,8.1e-05,8.8e-09,NA,"NO2","P1E5"
"9123","cg13451416",-0.00031,5.4e-05,8.8e-09,NA,"NO2","P1E5"
"9124","cg25992016",-3e-04,5.3e-05,8.8e-09,NA,"NO2","P1E5"
"9125","cg10318670",-0.00027,4.7e-05,8.8e-09,NA,"NO2","P1E5"
"9126","cg23228450",-0.00045,7.9e-05,8.8e-09,NA,"NO2","P1E5"
"9127","cg19088634",-0.00036,6.3e-05,8.8e-09,NA,"NO2","P1E5"
"9128","cg01120776",-0.00036,6.3e-05,8.8e-09,NA,"NO2","P1E5"
"9129","cg26968767",-0.00023,3.9e-05,8.8e-09,NA,"NO2","P1E5"
"9130","cg07164722",-0.00019,3.4e-05,8.9e-09,NA,"NO2","P1E5"
"9131","cg19895185",-0.00028,4.8e-05,8.9e-09,NA,"NO2","P1E5"
"9132","cg23598424",-3e-04,5.2e-05,8.9e-09,NA,"NO2","P1E5"
"9133","cg01994994",-0.00028,4.9e-05,8.9e-09,NA,"NO2","P1E5"
"9134","cg27607126",-0.00032,5.6e-05,8.9e-09,NA,"NO2","P1E5"
"9135","cg04712892",-0.00022,3.9e-05,8.9e-09,NA,"NO2","P1E5"
"9136","cg09409484",-0.00039,6.8e-05,8.9e-09,NA,"NO2","P1E5"
"9137","cg16423337",-0.00026,4.6e-05,8.9e-09,NA,"NO2","P1E5"
"9138","cg18306516",-0.00062,0.00011,8.9e-09,NA,"NO2","P1E5"
"9139","cg25625514",-0.00057,9.8e-05,8.9e-09,NA,"NO2","P1E5"
"9140","cg04021672",-0.00046,8e-05,9e-09,NA,"NO2","P1E5"
"9141","cg16002887",-0.00023,4e-05,9e-09,NA,"NO2","P1E5"
"9142","cg16691158",-0.00054,9.5e-05,9e-09,NA,"NO2","P1E5"
"9143","cg25140133",-0.00035,6.1e-05,9e-09,NA,"NO2","P1E5"
"9144","cg00781388",-3e-04,5.3e-05,9e-09,NA,"NO2","P1E5"
"9145","cg02912371",-0.00042,7.4e-05,9e-09,NA,"NO2","P1E5"
"9146","cg09612463",-0.00034,5.9e-05,9e-09,NA,"NO2","P1E5"
"9147","cg04273148",-0.00029,5.1e-05,9e-09,NA,"NO2","P1E5"
"9148","cg06986158",-0.00029,5e-05,9e-09,NA,"NO2","P1E5"
"9149","cg23378722",-0.00026,4.5e-05,9e-09,NA,"NO2","P1E5"
"9150","cg00433050",-0.00026,4.4e-05,9e-09,NA,"NO2","P1E5"
"9151","cg06643056",-0.00046,8e-05,9e-09,NA,"NO2","P1E5"
"9152","cg23427406",-0.00034,5.9e-05,9e-09,NA,"NO2","P1E5"
"9153","cg26838900",-0.00045,7.8e-05,9e-09,NA,"NO2","P1E5"
"9154","cg01184194",-0.00029,5e-05,9e-09,NA,"NO2","P1E5"
"9155","cg21922523",-0.00026,4.5e-05,9e-09,NA,"NO2","P1E5"
"9156","cg22542177",-3e-04,5.3e-05,9e-09,NA,"NO2","P1E5"
"9157","cg05884572",-0.00036,6.3e-05,9e-09,NA,"NO2","P1E5"
"9158","cg10612282",-0.00039,6.7e-05,9e-09,NA,"NO2","P1E5"
"9159","cg12508258",-0.00034,5.9e-05,9e-09,NA,"NO2","P1E5"
"9160","cg24759237",-0.00024,4.2e-05,9e-09,NA,"NO2","P1E5"
"9161","cg08326674",-0.00038,6.7e-05,9.1e-09,NA,"NO2","P1E5"
"9162","cg01122167",-2e-04,3.5e-05,9.1e-09,NA,"NO2","P1E5"
"9163","cg07008784",-0.00077,0.00013,9.1e-09,NA,"NO2","P1E5"
"9164","cg13995621",-0.00032,5.6e-05,9.1e-09,NA,"NO2","P1E5"
"9165","cg21394778",-4e-04,7e-05,9.1e-09,NA,"NO2","P1E5"
"9166","cg05235344",-0.00051,8.8e-05,9.1e-09,NA,"NO2","P1E5"
"9167","cg21935742",-0.00036,6.3e-05,9.1e-09,NA,"NO2","P1E5"
"9168","cg16579908",-0.00038,6.7e-05,9.1e-09,NA,"NO2","P1E5"
"9169","cg20441046",-0.00019,3.4e-05,9.1e-09,NA,"NO2","P1E5"
"9170","cg26217572",-0.00023,4e-05,9.1e-09,NA,"NO2","P1E5"
"9171","cg26325174",-0.00043,7.4e-05,9.1e-09,NA,"NO2","P1E5"
"9172","cg04817908",-0.00022,3.7e-05,9.1e-09,NA,"NO2","P1E5"
"9173","cg18469917",-0.00028,4.8e-05,9.1e-09,NA,"NO2","P1E5"
"9174","cg02672332",-0.00033,5.8e-05,9.1e-09,NA,"NO2","P1E5"
"9175","cg19318098",-0.00052,9e-05,9.1e-09,NA,"NO2","P1E5"
"9176","cg03185622",-0.00032,5.6e-05,9.1e-09,NA,"NO2","P1E5"
"9177","cg01477546",-0.00023,4e-05,9.1e-09,NA,"NO2","P1E5"
"9178","cg04842790",-0.00037,6.4e-05,9.1e-09,NA,"NO2","P1E5"
"9179","cg27360992",-0.00018,3.1e-05,9.2e-09,NA,"NO2","P1E5"
"9180","cg12134291",-0.00023,4.1e-05,9.2e-09,NA,"NO2","P1E5"
"9181","cg02525719",-3e-04,5.2e-05,9.2e-09,NA,"NO2","P1E5"
"9182","cg01400685",-0.00056,9.7e-05,9.2e-09,NA,"NO2","P1E5"
"9183","cg07685977",-0.00035,6.2e-05,9.2e-09,NA,"NO2","P1E5"
"9184","cg17355719",-0.00044,7.6e-05,9.2e-09,NA,"NO2","P1E5"
"9185","cg24160312",-0.00024,4.2e-05,9.2e-09,NA,"NO2","P1E5"
"9186","cg27625732",-0.00058,1e-04,9.2e-09,NA,"NO2","P1E5"
"9187","cg00390143",-0.00034,5.8e-05,9.2e-09,NA,"NO2","P1E5"
"9188","cg07740071",-0.00035,6.2e-05,9.2e-09,NA,"NO2","P1E5"
"9189","cg11486359",-0.00028,4.8e-05,9.3e-09,NA,"NO2","P1E5"
"9190","cg20198684",-0.00048,8.3e-05,9.3e-09,NA,"NO2","P1E5"
"9191","cg01044179",-0.00036,6.3e-05,9.3e-09,NA,"NO2","P1E5"
"9192","cg20801711",-0.00045,7.9e-05,9.3e-09,NA,"NO2","P1E5"
"9193","cg16051656",-3e-04,5.1e-05,9.3e-09,NA,"NO2","P1E5"
"9194","cg19400601",-0.00031,5.4e-05,9.3e-09,NA,"NO2","P1E5"
"9195","cg15017226",-0.00024,4.2e-05,9.3e-09,NA,"NO2","P1E5"
"9196","cg07618409",-0.00032,5.5e-05,9.4e-09,NA,"NO2","P1E5"
"9197","cg24067046",-0.00036,6.2e-05,9.4e-09,NA,"NO2","P1E5"
"9198","cg07518851",-0.00045,7.9e-05,9.4e-09,NA,"NO2","P1E5"
"9199","cg09996597",-0.00023,4e-05,9.4e-09,NA,"NO2","P1E5"
"9200","cg10575369",-3e-04,5.2e-05,9.4e-09,NA,"NO2","P1E5"
"9201","cg14391896",-0.00031,5.4e-05,9.4e-09,NA,"NO2","P1E5"
"9202","cg26539631",-0.00043,7.5e-05,9.4e-09,NA,"NO2","P1E5"
"9203","cg19791143",-0.00023,4.1e-05,9.4e-09,NA,"NO2","P1E5"
"9204","cg26604359",-0.00039,6.7e-05,9.4e-09,NA,"NO2","P1E5"
"9205","cg06490951",-0.00031,5.5e-05,9.4e-09,NA,"NO2","P1E5"
"9206","cg23209302",-0.00029,5e-05,9.5e-09,NA,"NO2","P1E5"
"9207","cg04171665",-0.00026,4.5e-05,9.5e-09,NA,"NO2","P1E5"
"9208","cg25806591",-0.00043,7.6e-05,9.5e-09,NA,"NO2","P1E5"
"9209","cg18967021",-0.00041,7.1e-05,9.5e-09,NA,"NO2","P1E5"
"9210","cg26142972",-0.00038,6.6e-05,9.5e-09,NA,"NO2","P1E5"
"9211","cg02634222",-0.00034,5.9e-05,9.5e-09,NA,"NO2","P1E5"
"9212","cg14080298",-0.00029,5.1e-05,9.5e-09,NA,"NO2","P1E5"
"9213","cg17028831",-0.00043,7.5e-05,9.5e-09,NA,"NO2","P1E5"
"9214","cg26253577",-0.00033,5.8e-05,9.5e-09,NA,"NO2","P1E5"
"9215","cg26978611",-0.00017,3e-05,9.5e-09,NA,"NO2","P1E5"
"9216","cg00004562",-0.00035,6e-05,9.5e-09,NA,"NO2","P1E5"
"9217","cg09344740",-0.00037,6.4e-05,9.5e-09,NA,"NO2","P1E5"
"9218","cg11226100",-0.00027,4.8e-05,9.5e-09,NA,"NO2","P1E5"
"9219","cg00912772",-0.00035,6.2e-05,9.6e-09,NA,"NO2","P1E5"
"9220","cg11531997",-0.00026,4.6e-05,9.6e-09,NA,"NO2","P1E5"
"9221","cg13911690",-0.00036,6.3e-05,9.6e-09,NA,"NO2","P1E5"
"9222","cg15614653",-0.00035,6.2e-05,9.6e-09,NA,"NO2","P1E5"
"9223","cg03370261",-4e-04,7e-05,9.6e-09,NA,"NO2","P1E5"
"9224","cg12498094",-0.00035,6.2e-05,9.6e-09,NA,"NO2","P1E5"
"9225","cg24613957",-3e-04,5.2e-05,9.6e-09,NA,"NO2","P1E5"
"9226","cg24830730",-0.001,0.00018,9.6e-09,NA,"NO2","P1E5"
"9227","cg13187188",-0.00037,6.4e-05,9.6e-09,NA,"NO2","P1E5"
"9228","cg14926715",-0.00035,6.1e-05,9.6e-09,NA,"NO2","P1E5"
"9229","cg05900538",-0.00028,4.8e-05,9.6e-09,NA,"NO2","P1E5"
"9230","cg12942878",-0.00041,7.2e-05,9.6e-09,NA,"NO2","P1E5"
"9231","cg03748476",-0.00047,8.3e-05,9.7e-09,NA,"NO2","P1E5"
"9232","cg11205173",-0.00051,8.9e-05,9.7e-09,NA,"NO2","P1E5"
"9233","cg24987622",-0.00048,8.3e-05,9.7e-09,NA,"NO2","P1E5"
"9234","cg06902929",-0.00039,6.8e-05,9.7e-09,NA,"NO2","P1E5"
"9235","cg03915682",-0.00041,7.1e-05,9.7e-09,NA,"NO2","P1E5"
"9236","cg00474500",-0.00058,1e-04,9.7e-09,NA,"NO2","P1E5"
"9237","cg11799480",-0.00037,6.4e-05,9.7e-09,NA,"NO2","P1E5"
"9238","cg18936283",-0.00031,5.3e-05,9.7e-09,NA,"NO2","P1E5"
"9239","cg12730562",-0.00041,7.2e-05,9.7e-09,NA,"NO2","P1E5"
"9240","cg20487548",-0.00029,5.1e-05,9.7e-09,NA,"NO2","P1E5"
"9241","cg13209113",-0.00034,6e-05,9.7e-09,NA,"NO2","P1E5"
"9242","cg20676572",-0.00027,4.7e-05,9.7e-09,NA,"NO2","P1E5"
"9243","cg14522150",-0.00024,4.1e-05,9.8e-09,NA,"NO2","P1E5"
"9244","cg15036894",-0.00036,6.3e-05,9.8e-09,NA,"NO2","P1E5"
"9245","cg10416668",-0.00026,4.5e-05,9.8e-09,NA,"NO2","P1E5"
"9246","cg19061112",-0.00031,5.3e-05,9.8e-09,NA,"NO2","P1E5"
"9247","cg10321263",-0.00019,3.4e-05,9.8e-09,NA,"NO2","P1E5"
"9248","cg26520739",-0.00022,3.8e-05,9.8e-09,NA,"NO2","P1E5"
"9249","cg08371706",-0.00019,3.4e-05,9.8e-09,NA,"NO2","P1E5"
"9250","cg06204101",-0.00046,8e-05,9.8e-09,NA,"NO2","P1E5"
"9251","cg10964472",-0.00022,3.8e-05,9.8e-09,NA,"NO2","P1E5"
"9252","cg12845021",-0.00038,6.6e-05,9.8e-09,NA,"NO2","P1E5"
"9253","cg13557773",-0.001,0.00017,9.8e-09,NA,"NO2","P1E5"
"9254","cg25189873",-0.00041,7.1e-05,9.8e-09,NA,"NO2","P1E5"
"9255","cg08533364",-0.00037,6.5e-05,9.8e-09,NA,"NO2","P1E5"
"9256","cg26661640",-0.00041,7.2e-05,9.9e-09,NA,"NO2","P1E5"
"9257","cg10257673",-0.00042,7.3e-05,9.9e-09,NA,"NO2","P1E5"
"9258","cg16333374",-0.00024,4.2e-05,9.9e-09,NA,"NO2","P1E5"
"9259","cg24741066",-0.00031,5.4e-05,9.9e-09,NA,"NO2","P1E5"
"9260","cg17142039",-0.00031,5.3e-05,9.9e-09,NA,"NO2","P1E5"
"9261","cg23243857",-0.00034,5.9e-05,9.9e-09,NA,"NO2","P1E5"
"9262","cg02077766",-0.00032,5.6e-05,9.9e-09,NA,"NO2","P1E5"
"9263","cg04100395",-0.00028,4.9e-05,9.9e-09,NA,"NO2","P1E5"
"9264","cg02534072",-0.00037,6.4e-05,9.9e-09,NA,"NO2","P1E5"
"9265","cg03671266",-0.00029,5e-05,9.9e-09,NA,"NO2","P1E5"
"9266","cg07319613",-0.00033,5.8e-05,9.9e-09,NA,"NO2","P1E5"
"9267","cg11612905",0.00069,0.00012,1e-08,NA,"NO2","P1E5"
"9268","cg16431978",-0.00035,6.1e-05,1e-08,NA,"NO2","P1E5"
"9269","cg01198887",-0.00038,6.6e-05,1e-08,NA,"NO2","P1E5"
"9270","cg02757179",-0.00049,8.6e-05,1e-08,NA,"NO2","P1E5"
"9271","cg04157272",-0.00031,5.4e-05,1e-08,NA,"NO2","P1E5"
"9272","cg05850404",-0.00033,5.7e-05,1e-08,NA,"NO2","P1E5"
"9273","cg11219883",-0.00033,5.7e-05,1e-08,NA,"NO2","P1E5"
"9274","cg22996783",-0.00056,9.7e-05,1e-08,NA,"NO2","P1E5"
"9275","cg00370022",-0.00043,7.6e-05,1e-08,NA,"NO2","P1E5"
"9276","cg02396253",-0.00027,4.7e-05,1e-08,NA,"NO2","P1E5"
"9277","cg06042608",-0.00038,6.7e-05,1e-08,NA,"NO2","P1E5"
"9278","cg14037246",-0.00023,3.9e-05,1e-08,NA,"NO2","P1E5"
"9279","cg14475913",-0.00036,6.3e-05,1e-08,NA,"NO2","P1E5"
"9280","cg16420308",-0.00023,3.9e-05,1e-08,NA,"NO2","P1E5"
"9281","cg18283926",-2e-04,3.5e-05,1e-08,NA,"NO2","P1E5"
"9282","cg19242568",-0.00041,7.2e-05,1e-08,NA,"NO2","P1E5"
"9283","cg20136460",-0.00037,6.5e-05,1e-08,NA,"NO2","P1E5"
"9284","cg22025454",-0.00031,5.4e-05,1e-08,NA,"NO2","P1E5"
"9285","cg23049823",-0.00038,6.6e-05,1e-08,NA,"NO2","P1E5"
"9286","cg25117091",-0.00045,7.8e-05,1e-08,NA,"NO2","P1E5"
"9287","cg25613478",-0.00065,0.00011,1e-08,NA,"NO2","P1E5"
"9288","cg26073060",-0.00028,4.9e-05,1e-08,NA,"NO2","P1E5"
"9289","cg00578354",-0.00028,5e-05,1e-08,NA,"NO2","P1E5"
"9290","cg02389091",-0.00032,5.5e-05,1e-08,NA,"NO2","P1E5"
"9291","cg06203307",-0.00027,4.6e-05,1e-08,NA,"NO2","P1E5"
"9292","cg13675280",-0.00048,8.3e-05,1e-08,NA,"NO2","P1E5"
"9293","cg14947846",-4e-04,7.1e-05,1e-08,NA,"NO2","P1E5"
"9294","cg16774160",-0.00043,7.4e-05,1e-08,NA,"NO2","P1E5"
"9295","cg20437660",-3e-04,5.2e-05,1e-08,NA,"NO2","P1E5"
"9296","cg23691771",-0.00021,3.7e-05,1e-08,NA,"NO2","P1E5"
"9297","cg26876101",-0.00064,0.00011,1e-08,NA,"NO2","P1E5"
"9298","cg26938014",-0.00033,5.8e-05,1e-08,NA,"NO2","P1E5"
"9299","cg00514186",-3e-04,5.3e-05,1e-08,NA,"NO2","P1E5"
"9300","cg02456804",-3e-04,5.3e-05,1e-08,NA,"NO2","P1E5"
"9301","cg03406011",-4e-04,7e-05,1e-08,NA,"NO2","P1E5"
"9302","cg03519967",-0.00051,8.9e-05,1e-08,NA,"NO2","P1E5"
"9303","cg03883640",-0.00033,5.8e-05,1e-08,NA,"NO2","P1E5"
"9304","cg05140593",-0.00031,5.4e-05,1e-08,NA,"NO2","P1E5"
"9305","cg07317449",-0.00035,6e-05,1e-08,NA,"NO2","P1E5"
"9306","cg10574843",-4e-04,7e-05,1e-08,NA,"NO2","P1E5"
"9307","cg11851411",-2e-04,3.5e-05,1e-08,NA,"NO2","P1E5"
"9308","cg12335056",-0.00026,4.6e-05,1e-08,NA,"NO2","P1E5"
"9309","cg12563184",-2e-04,3.4e-05,1e-08,NA,"NO2","P1E5"
"9310","cg15908324",-0.00039,6.9e-05,1e-08,NA,"NO2","P1E5"
"9311","cg22911462",-0.00046,8e-05,1e-08,NA,"NO2","P1E5"
"9312","cg25832084",-0.00041,7.2e-05,1e-08,NA,"NO2","P1E5"
"9313","cg00946316",-2e-04,3.5e-05,1e-08,NA,"NO2","P1E5"
"9314","cg03686402",-0.00062,0.00011,1e-08,NA,"NO2","P1E5"
"9315","cg06466796",-0.00041,7.1e-05,1e-08,NA,"NO2","P1E5"
"9316","cg06772753",-0.00021,3.7e-05,1e-08,NA,"NO2","P1E5"
"9317","cg07146073",-0.00046,8.1e-05,1e-08,NA,"NO2","P1E5"
"9318","cg07688836",-0.00019,3.4e-05,1e-08,NA,"NO2","P1E5"
"9319","cg11736544",-0.00036,6.3e-05,1e-08,NA,"NO2","P1E5"
"9320","cg13923669",-0.00067,0.00012,1e-08,NA,"NO2","P1E5"
"9321","cg17325866",-0.00027,4.7e-05,1e-08,NA,"NO2","P1E5"
"9322","cg19509663",-0.00026,4.5e-05,1e-08,NA,"NO2","P1E5"
"9323","cg21591452",-0.00028,4.9e-05,1e-08,NA,"NO2","P1E5"
"9324","cg02100848",-0.00034,6e-05,1e-08,NA,"NO2","P1E5"
"9325","cg02933228",-0.00044,7.7e-05,1e-08,NA,"NO2","P1E5"
"9326","cg03937361",-0.00042,7.3e-05,1e-08,NA,"NO2","P1E5"
"9327","cg04934867",-0.00025,4.4e-05,1e-08,NA,"NO2","P1E5"
"9328","cg05999628",-0.00032,5.6e-05,1e-08,NA,"NO2","P1E5"
"9329","cg12843033",-0.00052,9.1e-05,1e-08,NA,"NO2","P1E5"
"9330","cg13723731",-0.00045,7.8e-05,1e-08,NA,"NO2","P1E5"
"9331","cg14071307",-0.00036,6.3e-05,1e-08,NA,"NO2","P1E5"
"9332","cg19949550",-0.00036,6.3e-05,1e-08,NA,"NO2","P1E5"
"9333","cg02573551",-3e-04,5.3e-05,1.1e-08,NA,"NO2","P1E5"
"9334","cg03806261",-0.00036,6.2e-05,1.1e-08,NA,"NO2","P1E5"
"9335","cg10246871",-0.00036,6.4e-05,1.1e-08,NA,"NO2","P1E5"
"9336","cg13946806",-0.00034,6e-05,1.1e-08,NA,"NO2","P1E5"
"9337","cg14041921",-0.00029,5.1e-05,1.1e-08,NA,"NO2","P1E5"
"9338","cg14095744",-0.00024,4.2e-05,1.1e-08,NA,"NO2","P1E5"
"9339","cg14511417",-0.00029,5.1e-05,1.1e-08,NA,"NO2","P1E5"
"9340","cg16947791",-0.00024,4.3e-05,1.1e-08,NA,"NO2","P1E5"
"9341","cg16973715",-0.00044,7.6e-05,1.1e-08,NA,"NO2","P1E5"
"9342","cg19511386",-0.00041,7.2e-05,1.1e-08,NA,"NO2","P1E5"
"9343","cg19902591",-0.00022,3.9e-05,1.1e-08,NA,"NO2","P1E5"
"9344","cg20689362",-3e-04,5.2e-05,1.1e-08,NA,"NO2","P1E5"
"9345","cg21407055",-0.00024,4.2e-05,1.1e-08,NA,"NO2","P1E5"
"9346","cg01178601",-0.00025,4.3e-05,1.1e-08,NA,"NO2","P1E5"
"9347","cg01437998",-2e-04,3.5e-05,1.1e-08,NA,"NO2","P1E5"
"9348","cg02105247",-0.00015,2.7e-05,1.1e-08,NA,"NO2","P1E5"
"9349","cg10588503",-0.00032,5.5e-05,1.1e-08,NA,"NO2","P1E5"
"9350","cg11505533",-0.00028,5e-05,1.1e-08,NA,"NO2","P1E5"
"9351","cg11800802",-0.00044,7.7e-05,1.1e-08,NA,"NO2","P1E5"
"9352","cg13061469",-0.00033,5.8e-05,1.1e-08,NA,"NO2","P1E5"
"9353","cg14537179",-0.00022,3.9e-05,1.1e-08,NA,"NO2","P1E5"
"9354","cg20000107",-0.00024,4.1e-05,1.1e-08,NA,"NO2","P1E5"
"9355","cg24057701",-0.00035,6e-05,1.1e-08,NA,"NO2","P1E5"
"9356","cg25145360",-0.00049,8.6e-05,1.1e-08,NA,"NO2","P1E5"
"9357","cg01753241",-0.00026,4.6e-05,1.1e-08,NA,"NO2","P1E5"
"9358","cg02616368",-0.00037,6.4e-05,1.1e-08,NA,"NO2","P1E5"
"9359","cg03978192",-0.00032,5.6e-05,1.1e-08,NA,"NO2","P1E5"
"9360","cg10968815",-0.00026,4.5e-05,1.1e-08,NA,"NO2","P1E5"
"9361","cg13126790",-0.00048,8.3e-05,1.1e-08,NA,"NO2","P1E5"
"9362","cg13482375",-0.00024,4.2e-05,1.1e-08,NA,"NO2","P1E5"
"9363","cg21243717",-0.00041,7.1e-05,1.1e-08,NA,"NO2","P1E5"
"9364","cg22846876",-0.00033,5.7e-05,1.1e-08,NA,"NO2","P1E5"
"9365","cg26897909",-0.00028,4.9e-05,1.1e-08,NA,"NO2","P1E5"
"9366","cg00344445",-0.0011,0.00019,1.1e-08,NA,"NO2","P1E5"
"9367","cg01965950",-0.00027,4.7e-05,1.1e-08,NA,"NO2","P1E5"
"9368","cg03719978",-3e-04,5.3e-05,1.1e-08,NA,"NO2","P1E5"
"9369","cg04027612",-0.00035,6.1e-05,1.1e-08,NA,"NO2","P1E5"
"9370","cg05672569",-0.00017,3e-05,1.1e-08,NA,"NO2","P1E5"
"9371","cg06371291",-0.00039,6.8e-05,1.1e-08,NA,"NO2","P1E5"
"9372","cg10030504",-0.00049,8.6e-05,1.1e-08,NA,"NO2","P1E5"
"9373","cg15073708",-0.00046,8e-05,1.1e-08,NA,"NO2","P1E5"
"9374","cg15740385",-0.00026,4.6e-05,1.1e-08,NA,"NO2","P1E5"
"9375","cg19820287",-0.00036,6.4e-05,1.1e-08,NA,"NO2","P1E5"
"9376","cg26638341",-0.00029,5.1e-05,1.1e-08,NA,"NO2","P1E5"
"9377","cg01282725",-0.00041,7.2e-05,1.1e-08,NA,"NO2","P1E5"
"9378","cg01771201",-0.00028,4.8e-05,1.1e-08,NA,"NO2","P1E5"
"9379","cg01793368",-0.00027,4.7e-05,1.1e-08,NA,"NO2","P1E5"
"9380","cg01816186",-0.00036,6.3e-05,1.1e-08,NA,"NO2","P1E5"
"9381","cg04909432",-0.00036,6.3e-05,1.1e-08,NA,"NO2","P1E5"
"9382","cg08301307",-0.00028,4.9e-05,1.1e-08,NA,"NO2","P1E5"
"9383","cg09033227",-0.00027,4.6e-05,1.1e-08,NA,"NO2","P1E5"
"9384","cg11164441",-0.00039,6.8e-05,1.1e-08,NA,"NO2","P1E5"
"9385","cg11784742",-0.00016,2.9e-05,1.1e-08,NA,"NO2","P1E5"
"9386","cg14059959",-0.00036,6.3e-05,1.1e-08,NA,"NO2","P1E5"
"9387","cg14977608",-0.00071,0.00012,1.1e-08,NA,"NO2","P1E5"
"9388","cg18760496",-0.00043,7.6e-05,1.1e-08,NA,"NO2","P1E5"
"9389","cg20900829",-0.00027,4.8e-05,1.1e-08,NA,"NO2","P1E5"
"9390","cg23448390",-0.00037,6.5e-05,1.1e-08,NA,"NO2","P1E5"
"9391","cg23507131",-0.00058,1e-04,1.1e-08,NA,"NO2","P1E5"
"9392","cg24186459",-0.00025,4.4e-05,1.1e-08,NA,"NO2","P1E5"
"9393","cg26963641",-0.00022,3.9e-05,1.1e-08,NA,"NO2","P1E5"
"9394","cg27391399",-3e-04,5.3e-05,1.1e-08,NA,"NO2","P1E5"
"9395","cg00981060",-0.00038,6.7e-05,1.1e-08,NA,"NO2","P1E5"
"9396","cg03972838",-5e-04,8.8e-05,1.1e-08,NA,"NO2","P1E5"
"9397","cg05111155",-0.00036,6.2e-05,1.1e-08,NA,"NO2","P1E5"
"9398","cg07872947",-0.00024,4.3e-05,1.1e-08,NA,"NO2","P1E5"
"9399","cg14495443",-0.00037,6.5e-05,1.1e-08,NA,"NO2","P1E5"
"9400","cg18414033",-0.00043,7.5e-05,1.1e-08,NA,"NO2","P1E5"
"9401","cg19035181",-0.00027,4.7e-05,1.1e-08,NA,"NO2","P1E5"
"9402","cg20047076",-0.00024,4.2e-05,1.1e-08,NA,"NO2","P1E5"
"9403","cg25907686",-0.00027,4.8e-05,1.1e-08,NA,"NO2","P1E5"
"9404","cg26918723",-0.00027,4.8e-05,1.1e-08,NA,"NO2","P1E5"
"9405","cg01259329",-0.00021,3.6e-05,1.1e-08,NA,"NO2","P1E5"
"9406","cg03170343",-0.00033,5.7e-05,1.1e-08,NA,"NO2","P1E5"
"9407","cg04241844",-0.00029,5.2e-05,1.1e-08,NA,"NO2","P1E5"
"9408","cg08089567",-0.00088,0.00015,1.1e-08,NA,"NO2","P1E5"
"9409","cg12405684",-0.00027,4.8e-05,1.1e-08,NA,"NO2","P1E5"
"9410","cg16420340",-0.00036,6.4e-05,1.1e-08,NA,"NO2","P1E5"
"9411","cg17073859",-0.00038,6.7e-05,1.1e-08,NA,"NO2","P1E5"
"9412","cg00625443",-0.00023,4e-05,1.1e-08,NA,"NO2","P1E5"
"9413","cg05562203",-0.00031,5.5e-05,1.1e-08,NA,"NO2","P1E5"
"9414","cg05798501",-0.00014,2.4e-05,1.1e-08,NA,"NO2","P1E5"
"9415","cg18181787",-0.00026,4.5e-05,1.1e-08,NA,"NO2","P1E5"
"9416","cg18893528",-0.00031,5.4e-05,1.1e-08,NA,"NO2","P1E5"
"9417","cg19222784",-0.00051,8.9e-05,1.1e-08,NA,"NO2","P1E5"
"9418","cg19946742",-0.00037,6.4e-05,1.1e-08,NA,"NO2","P1E5"
"9419","cg23719877",-0.00042,7.3e-05,1.1e-08,NA,"NO2","P1E5"
"9420","cg00267839",-0.00051,8.9e-05,1.1e-08,NA,"NO2","P1E5"
"9421","cg03308038",-0.00034,6e-05,1.1e-08,NA,"NO2","P1E5"
"9422","cg04990850",-0.00039,6.9e-05,1.1e-08,NA,"NO2","P1E5"
"9423","cg06324507",-0.00037,6.5e-05,1.1e-08,NA,"NO2","P1E5"
"9424","cg07234388",-0.00041,7.2e-05,1.1e-08,NA,"NO2","P1E5"
"9425","cg08788438",-0.00024,4.1e-05,1.1e-08,NA,"NO2","P1E5"
"9426","cg09397087",-6e-04,0.00011,1.1e-08,NA,"NO2","P1E5"
"9427","cg11120194",-0.00032,5.5e-05,1.1e-08,NA,"NO2","P1E5"
"9428","cg16579351",-0.00027,4.6e-05,1.1e-08,NA,"NO2","P1E5"
"9429","cg22533099",-0.00027,4.8e-05,1.1e-08,NA,"NO2","P1E5"
"9430","cg26561362",-0.00037,6.5e-05,1.1e-08,NA,"NO2","P1E5"
"9431","cg00290218",-0.00032,5.6e-05,1.2e-08,NA,"NO2","P1E5"
"9432","cg00394581",-0.00038,6.7e-05,1.2e-08,NA,"NO2","P1E5"
"9433","cg00670060",-0.00022,3.9e-05,1.2e-08,NA,"NO2","P1E5"
"9434","cg03271173",-0.00027,4.7e-05,1.2e-08,NA,"NO2","P1E5"
"9435","cg04400653",-4e-04,7e-05,1.2e-08,NA,"NO2","P1E5"
"9436","cg05311611",-0.00037,6.5e-05,1.2e-08,NA,"NO2","P1E5"
"9437","cg14443301",-0.00052,9.1e-05,1.2e-08,NA,"NO2","P1E5"
"9438","cg20141398",-0.00023,4e-05,1.2e-08,NA,"NO2","P1E5"
"9439","cg24356530",-0.00028,4.9e-05,1.2e-08,NA,"NO2","P1E5"
"9440","cg25148572",-4e-04,7.1e-05,1.2e-08,NA,"NO2","P1E5"
"9441","cg00491523",-0.00044,7.7e-05,1.2e-08,NA,"NO2","P1E5"
"9442","cg07047815",-5e-04,8.8e-05,1.2e-08,NA,"NO2","P1E5"
"9443","cg11869499",0.00077,0.00014,1.2e-08,NA,"NO2","P1E5"
"9444","cg16690753",-0.00048,8.4e-05,1.2e-08,NA,"NO2","P1E5"
"9445","cg18805469",-0.00029,5.1e-05,1.2e-08,NA,"NO2","P1E5"
"9446","cg23385575",-0.00037,6.4e-05,1.2e-08,NA,"NO2","P1E5"
"9447","cg25120513",-5e-04,8.8e-05,1.2e-08,NA,"NO2","P1E5"
"9448","cg00648184",-2e-04,3.6e-05,1.2e-08,NA,"NO2","P1E5"
"9449","cg00677334",-0.00059,1e-04,1.2e-08,NA,"NO2","P1E5"
"9450","cg03046424",-0.00042,7.4e-05,1.2e-08,NA,"NO2","P1E5"
"9451","cg04811540",-0.00037,6.4e-05,1.2e-08,NA,"NO2","P1E5"
"9452","cg05370555",-0.00037,6.5e-05,1.2e-08,NA,"NO2","P1E5"
"9453","cg11319403",-0.00035,6.1e-05,1.2e-08,NA,"NO2","P1E5"
"9454","cg18917486",-0.00032,5.6e-05,1.2e-08,NA,"NO2","P1E5"
"9455","cg21407451",-0.00026,4.5e-05,1.2e-08,NA,"NO2","P1E5"
"9456","cg22932677",-0.00082,0.00014,1.2e-08,NA,"NO2","P1E5"
"9457","cg23058719",-0.00049,8.5e-05,1.2e-08,NA,"NO2","P1E5"
"9458","cg23229110",-0.00023,4e-05,1.2e-08,NA,"NO2","P1E5"
"9459","cg23283187",-0.00043,7.6e-05,1.2e-08,NA,"NO2","P1E5"
"9460","cg23631930",-0.00034,6e-05,1.2e-08,NA,"NO2","P1E5"
"9461","cg26387848",-0.00025,4.3e-05,1.2e-08,NA,"NO2","P1E5"
"9462","cg00332882",-0.00021,3.7e-05,1.2e-08,NA,"NO2","P1E5"
"9463","cg11673964",-0.00037,6.6e-05,1.2e-08,NA,"NO2","P1E5"
"9464","cg17848546",-0.00042,7.4e-05,1.2e-08,NA,"NO2","P1E5"
"9465","cg18878351",-0.00041,7.3e-05,1.2e-08,NA,"NO2","P1E5"
"9466","cg20227471",-0.00032,5.6e-05,1.2e-08,NA,"NO2","P1E5"
"9467","cg21030300",-3e-04,5.3e-05,1.2e-08,NA,"NO2","P1E5"
"9468","cg22218806",-0.00031,5.5e-05,1.2e-08,NA,"NO2","P1E5"
"9469","cg22400703",-0.00096,0.00017,1.2e-08,NA,"NO2","P1E5"
"9470","cg27651070",-0.00031,5.5e-05,1.2e-08,NA,"NO2","P1E5"
"9471","cg05300156",-0.00023,4.1e-05,1.2e-08,NA,"NO2","P1E5"
"9472","cg05785988",-0.00039,6.8e-05,1.2e-08,NA,"NO2","P1E5"
"9473","cg10169364",-0.00036,6.3e-05,1.2e-08,NA,"NO2","P1E5"
"9474","cg10988075",-0.00025,4.4e-05,1.2e-08,NA,"NO2","P1E5"
"9475","cg12178431",-0.00028,5e-05,1.2e-08,NA,"NO2","P1E5"
"9476","cg13119928",-0.00031,5.5e-05,1.2e-08,NA,"NO2","P1E5"
"9477","cg24813857",-4e-04,6.9e-05,1.2e-08,NA,"NO2","P1E5"
"9478","cg26055840",-0.00031,5.5e-05,1.2e-08,NA,"NO2","P1E5"
"9479","cg04642669",0.00039,6.9e-05,1.2e-08,NA,"NO2","P1E5"
"9480","cg04902929",-0.00052,9.1e-05,1.2e-08,NA,"NO2","P1E5"
"9481","cg10230900",-0.00032,5.7e-05,1.2e-08,NA,"NO2","P1E5"
"9482","cg13184077",-0.00031,5.5e-05,1.2e-08,NA,"NO2","P1E5"
"9483","cg13491317",-0.00037,6.5e-05,1.2e-08,NA,"NO2","P1E5"
"9484","cg16209303",-0.00021,3.7e-05,1.2e-08,NA,"NO2","P1E5"
"9485","cg16637813",-0.00045,7.9e-05,1.2e-08,NA,"NO2","P1E5"
"9486","cg17837076",-0.00041,7.2e-05,1.2e-08,NA,"NO2","P1E5"
"9487","cg21044104",-0.00032,5.6e-05,1.2e-08,NA,"NO2","P1E5"
"9488","cg25891069",-0.00035,6.1e-05,1.2e-08,NA,"NO2","P1E5"
"9489","cg01252398",-0.00022,3.8e-05,1.2e-08,NA,"NO2","P1E5"
"9490","cg06700234",-0.00038,6.7e-05,1.2e-08,NA,"NO2","P1E5"
"9491","cg07501955",-0.00035,6.1e-05,1.2e-08,NA,"NO2","P1E5"
"9492","cg09330834",-0.00036,6.3e-05,1.2e-08,NA,"NO2","P1E5"
"9493","cg10151196",-0.00037,6.6e-05,1.2e-08,NA,"NO2","P1E5"
"9494","cg12958891",-0.00044,7.7e-05,1.2e-08,NA,"NO2","P1E5"
"9495","cg20774676",-0.00036,6.4e-05,1.2e-08,NA,"NO2","P1E5"
"9496","cg23596244",-0.00041,7.3e-05,1.2e-08,NA,"NO2","P1E5"
"9497","cg23944102",-0.00037,6.5e-05,1.2e-08,NA,"NO2","P1E5"
"9498","cg25417936",-0.00044,7.7e-05,1.2e-08,NA,"NO2","P1E5"
"9499","cg26648725",-0.00025,4.4e-05,1.2e-08,NA,"NO2","P1E5"
"9500","cg26886268",-4e-04,7.1e-05,1.2e-08,NA,"NO2","P1E5"
"9501","cg00691598",-0.00041,7.3e-05,1.2e-08,NA,"NO2","P1E5"
"9502","cg01220822",-3e-04,5.2e-05,1.2e-08,NA,"NO2","P1E5"
"9503","cg02581587",-0.00041,7.1e-05,1.2e-08,NA,"NO2","P1E5"
"9504","cg03376481",-2e-04,3.5e-05,1.2e-08,NA,"NO2","P1E5"
"9505","cg03603018",-0.00024,4.1e-05,1.2e-08,NA,"NO2","P1E5"
"9506","cg03848074",-0.00033,5.8e-05,1.2e-08,NA,"NO2","P1E5"
"9507","cg04999329",-0.00026,4.6e-05,1.2e-08,NA,"NO2","P1E5"
"9508","cg05496229",-0.00054,9.5e-05,1.2e-08,NA,"NO2","P1E5"
"9509","cg07439704",-0.00039,6.9e-05,1.2e-08,NA,"NO2","P1E5"
"9510","cg08331163",-0.00039,6.9e-05,1.2e-08,NA,"NO2","P1E5"
"9511","cg09603409",-0.00033,5.8e-05,1.2e-08,NA,"NO2","P1E5"
"9512","cg11820913",-0.00037,6.5e-05,1.2e-08,NA,"NO2","P1E5"
"9513","cg13416598",-0.00024,4.3e-05,1.2e-08,NA,"NO2","P1E5"
"9514","cg13714791",-0.00026,4.5e-05,1.2e-08,NA,"NO2","P1E5"
"9515","cg19798224",-0.00035,6.1e-05,1.2e-08,NA,"NO2","P1E5"
"9516","cg23892390",-0.00033,5.7e-05,1.2e-08,NA,"NO2","P1E5"
"9517","cg25624690",-0.00029,5.1e-05,1.2e-08,NA,"NO2","P1E5"
"9518","cg27380813",-0.00057,1e-04,1.2e-08,NA,"NO2","P1E5"
"9519","cg03350493",-0.00037,6.4e-05,1.2e-08,NA,"NO2","P1E5"
"9520","cg03589259",-0.00035,6.1e-05,1.2e-08,NA,"NO2","P1E5"
"9521","cg09235185",-0.00027,4.8e-05,1.2e-08,NA,"NO2","P1E5"
"9522","cg09265762",-0.00035,6.2e-05,1.2e-08,NA,"NO2","P1E5"
"9523","cg14188401",-0.00038,6.7e-05,1.2e-08,NA,"NO2","P1E5"
"9524","cg19356624",-0.00043,7.5e-05,1.2e-08,NA,"NO2","P1E5"
"9525","cg27635271",-0.00034,6.1e-05,1.2e-08,NA,"NO2","P1E5"
"9526","cg00251678",-0.00042,7.4e-05,1.2e-08,NA,"NO2","P1E5"
"9527","cg00664093",-4e-04,7e-05,1.2e-08,NA,"NO2","P1E5"
"9528","cg06166427",-0.00031,5.5e-05,1.2e-08,NA,"NO2","P1E5"
"9529","cg08079166",-0.00024,4.3e-05,1.2e-08,NA,"NO2","P1E5"
"9530","cg15677883",-0.00022,3.9e-05,1.2e-08,NA,"NO2","P1E5"
"9531","cg17470231",-0.00031,5.4e-05,1.2e-08,NA,"NO2","P1E5"
"9532","cg19596509",-2e-04,3.6e-05,1.2e-08,NA,"NO2","P1E5"
"9533","cg20535254",-0.00026,4.6e-05,1.2e-08,NA,"NO2","P1E5"
"9534","cg22737154",-3e-04,5.3e-05,1.2e-08,NA,"NO2","P1E5"
"9535","cg03613178",-0.00052,9.1e-05,1.2e-08,NA,"NO2","P1E5"
"9536","cg05257772",-0.00024,4.2e-05,1.2e-08,NA,"NO2","P1E5"
"9537","cg12684999",-0.00035,6.2e-05,1.2e-08,NA,"NO2","P1E5"
"9538","cg26109423",-0.00024,4.2e-05,1.2e-08,NA,"NO2","P1E5"
"9539","cg26129353",-0.00066,0.00012,1.2e-08,NA,"NO2","P1E5"
"9540","cg02658528",-0.00033,5.8e-05,1.3e-08,NA,"NO2","P1E5"
"9541","cg03044344",-0.00042,7.4e-05,1.3e-08,NA,"NO2","P1E5"
"9542","cg05712125",-0.00027,4.8e-05,1.3e-08,NA,"NO2","P1E5"
"9543","cg09858951",-0.00041,7.2e-05,1.3e-08,NA,"NO2","P1E5"
"9544","cg10055431",-0.00027,4.7e-05,1.3e-08,NA,"NO2","P1E5"
"9545","cg20676317",-0.00031,5.5e-05,1.3e-08,NA,"NO2","P1E5"
"9546","cg23475135",-0.00034,6e-05,1.3e-08,NA,"NO2","P1E5"
"9547","cg08369943",-0.00041,7.2e-05,1.3e-08,NA,"NO2","P1E5"
"9548","cg10087771",-0.00032,5.7e-05,1.3e-08,NA,"NO2","P1E5"
"9549","cg11761176",-0.00026,4.6e-05,1.3e-08,NA,"NO2","P1E5"
"9550","cg14114282",-0.00028,4.9e-05,1.3e-08,NA,"NO2","P1E5"
"9551","cg22471112",-0.00076,0.00013,1.3e-08,NA,"NO2","P1E5"
"9552","cg22874188",-0.00023,4e-05,1.3e-08,NA,"NO2","P1E5"
"9553","cg23931734",-0.00039,6.9e-05,1.3e-08,NA,"NO2","P1E5"
"9554","cg03242028",-0.00032,5.6e-05,1.3e-08,NA,"NO2","P1E5"
"9555","cg03276484",-0.00035,6.2e-05,1.3e-08,NA,"NO2","P1E5"
"9556","cg06103412",-0.00032,5.5e-05,1.3e-08,NA,"NO2","P1E5"
"9557","cg13884995",-0.00041,7.2e-05,1.3e-08,NA,"NO2","P1E5"
"9558","cg16588297",-0.00032,5.6e-05,1.3e-08,NA,"NO2","P1E5"
"9559","cg19838107",-0.00024,4.1e-05,1.3e-08,NA,"NO2","P1E5"
"9560","cg20152413",-0.00042,7.3e-05,1.3e-08,NA,"NO2","P1E5"
"9561","cg02319094",-0.00039,6.9e-05,1.3e-08,NA,"NO2","P1E5"
"9562","cg02757488",-0.00065,0.00011,1.3e-08,NA,"NO2","P1E5"
"9563","cg07429629",-0.00021,3.6e-05,1.3e-08,NA,"NO2","P1E5"
"9564","cg16296797",-0.00035,6.1e-05,1.3e-08,NA,"NO2","P1E5"
"9565","cg18036998",-0.00033,5.8e-05,1.3e-08,NA,"NO2","P1E5"
"9566","cg26405913",-0.00041,7.3e-05,1.3e-08,NA,"NO2","P1E5"
"9567","cg01090565",-0.00045,7.8e-05,1.3e-08,NA,"NO2","P1E5"
"9568","cg02806802",-0.00048,8.5e-05,1.3e-08,NA,"NO2","P1E5"
"9569","cg02868521",-0.00034,5.9e-05,1.3e-08,NA,"NO2","P1E5"
"9570","cg08868213",-0.00034,5.9e-05,1.3e-08,NA,"NO2","P1E5"
"9571","cg09516958",-0.00036,6.3e-05,1.3e-08,NA,"NO2","P1E5"
"9572","cg11348653",-0.00047,8.2e-05,1.3e-08,NA,"NO2","P1E5"
"9573","cg14803762",-0.00043,7.6e-05,1.3e-08,NA,"NO2","P1E5"
"9574","cg15816119",-0.00042,7.4e-05,1.3e-08,NA,"NO2","P1E5"
"9575","cg22357679",-0.00043,7.5e-05,1.3e-08,NA,"NO2","P1E5"
"9576","cg23687971",-0.00059,1e-04,1.3e-08,NA,"NO2","P1E5"
"9577","cg06328100",-0.00032,5.6e-05,1.3e-08,NA,"NO2","P1E5"
"9578","cg15977904",-0.00037,6.4e-05,1.3e-08,NA,"NO2","P1E5"
"9579","cg17018349",-3e-04,5.3e-05,1.3e-08,NA,"NO2","P1E5"
"9580","cg23251122",-0.00029,5.1e-05,1.3e-08,NA,"NO2","P1E5"
"9581","cg23632109",-0.00033,5.8e-05,1.3e-08,NA,"NO2","P1E5"
"9582","cg25730237",-0.00041,7.2e-05,1.3e-08,NA,"NO2","P1E5"
"9583","cg27576971",-0.00022,3.8e-05,1.3e-08,NA,"NO2","P1E5"
"9584","cg03110787",-0.00028,4.9e-05,1.3e-08,NA,"NO2","P1E5"
"9585","cg03258475",-0.00049,8.6e-05,1.3e-08,NA,"NO2","P1E5"
"9586","cg07985864",-0.00021,3.7e-05,1.3e-08,NA,"NO2","P1E5"
"9587","cg09484214",-0.00033,5.8e-05,1.3e-08,NA,"NO2","P1E5"
"9588","cg12031375",-0.00027,4.8e-05,1.3e-08,NA,"NO2","P1E5"
"9589","cg13408046",-3e-04,5.3e-05,1.3e-08,NA,"NO2","P1E5"
"9590","cg14178428",-0.00033,5.8e-05,1.3e-08,NA,"NO2","P1E5"
"9591","cg18161711",-0.00025,4.4e-05,1.3e-08,NA,"NO2","P1E5"
"9592","cg21230565",-3e-04,5.2e-05,1.3e-08,NA,"NO2","P1E5"
"9593","cg22764851",-0.00022,3.9e-05,1.3e-08,NA,"NO2","P1E5"
"9594","cg01473038",-4e-04,7.1e-05,1.3e-08,NA,"NO2","P1E5"
"9595","cg02485642",-0.00019,3.3e-05,1.3e-08,NA,"NO2","P1E5"
"9596","cg03018001",-0.00033,5.8e-05,1.3e-08,NA,"NO2","P1E5"
"9597","cg03729204",-0.00043,7.6e-05,1.3e-08,NA,"NO2","P1E5"
"9598","cg06948937",-0.00031,5.5e-05,1.3e-08,NA,"NO2","P1E5"
"9599","cg07762347",-3e-04,5.2e-05,1.3e-08,NA,"NO2","P1E5"
"9600","cg08279035",-0.00025,4.3e-05,1.3e-08,NA,"NO2","P1E5"
"9601","cg16916688",-0.00044,7.7e-05,1.3e-08,NA,"NO2","P1E5"
"9602","cg17463655",-3e-04,5.3e-05,1.3e-08,NA,"NO2","P1E5"
"9603","cg20198183",-0.00029,5.2e-05,1.3e-08,NA,"NO2","P1E5"
"9604","cg23975425",-0.00018,3.1e-05,1.3e-08,NA,"NO2","P1E5"
"9605","cg24773770",-0.00029,5.1e-05,1.3e-08,NA,"NO2","P1E5"
"9606","cg27558876",-0.00032,5.6e-05,1.3e-08,NA,"NO2","P1E5"
"9607","cg00149734",-0.00021,3.7e-05,1.3e-08,NA,"NO2","P1E5"
"9608","cg04299028",-0.00044,7.7e-05,1.3e-08,NA,"NO2","P1E5"
"9609","cg08044634",-0.00024,4.2e-05,1.3e-08,NA,"NO2","P1E5"
"9610","cg13267140",-0.00021,3.8e-05,1.3e-08,NA,"NO2","P1E5"
"9611","cg13938187",-0.00031,5.5e-05,1.3e-08,NA,"NO2","P1E5"
"9612","cg17192315",-0.00027,4.8e-05,1.3e-08,NA,"NO2","P1E5"
"9613","cg25080973",-0.00042,7.5e-05,1.3e-08,NA,"NO2","P1E5"
"9614","cg27040709",-0.00048,8.4e-05,1.3e-08,NA,"NO2","P1E5"
"9615","cg00599402",-0.00031,5.4e-05,1.4e-08,NA,"NO2","P1E5"
"9616","cg06347582",-0.00031,5.4e-05,1.4e-08,NA,"NO2","P1E5"
"9617","cg06966083",-0.00035,6.2e-05,1.4e-08,NA,"NO2","P1E5"
"9618","cg08097359",0.00037,6.4e-05,1.4e-08,NA,"NO2","P1E5"
"9619","cg15674514",-0.00045,8e-05,1.4e-08,NA,"NO2","P1E5"
"9620","cg16948465",-3e-04,5.3e-05,1.4e-08,NA,"NO2","P1E5"
"9621","cg20695760",-0.00033,5.8e-05,1.4e-08,NA,"NO2","P1E5"
"9622","cg02389195",-0.00034,6.1e-05,1.4e-08,NA,"NO2","P1E5"
"9623","cg04487600",-0.00033,5.9e-05,1.4e-08,NA,"NO2","P1E5"
"9624","cg05989672",-0.00026,4.6e-05,1.4e-08,NA,"NO2","P1E5"
"9625","cg15793417",-0.00022,3.9e-05,1.4e-08,NA,"NO2","P1E5"
"9626","cg18869244",-0.00025,4.4e-05,1.4e-08,NA,"NO2","P1E5"
"9627","cg24864639",-0.00026,4.6e-05,1.4e-08,NA,"NO2","P1E5"
"9628","cg25943661",-0.00023,4.1e-05,1.4e-08,NA,"NO2","P1E5"
"9629","cg00085061",-4e-04,7e-05,1.4e-08,NA,"NO2","P1E5"
"9630","cg00684075",-0.00056,1e-04,1.4e-08,NA,"NO2","P1E5"
"9631","cg05630208",-0.00028,4.9e-05,1.4e-08,NA,"NO2","P1E5"
"9632","cg12797879",-0.00033,5.7e-05,1.4e-08,NA,"NO2","P1E5"
"9633","cg14206626",-0.00015,2.7e-05,1.4e-08,NA,"NO2","P1E5"
"9634","cg15460584",-0.00048,8.4e-05,1.4e-08,NA,"NO2","P1E5"
"9635","cg19599066",-0.00027,4.7e-05,1.4e-08,NA,"NO2","P1E5"
"9636","cg20050237",-0.00027,4.8e-05,1.4e-08,NA,"NO2","P1E5"
"9637","cg20543183",-0.00044,7.8e-05,1.4e-08,NA,"NO2","P1E5"
"9638","cg23612492",-0.00042,7.5e-05,1.4e-08,NA,"NO2","P1E5"
"9639","cg24780966",-0.00017,3.1e-05,1.4e-08,NA,"NO2","P1E5"
"9640","cg04913118",-0.00028,5e-05,1.4e-08,NA,"NO2","P1E5"
"9641","cg05603908",-5e-04,8.7e-05,1.4e-08,NA,"NO2","P1E5"
"9642","cg08951891",-0.00033,5.8e-05,1.4e-08,NA,"NO2","P1E5"
"9643","cg10210076",-0.00032,5.6e-05,1.4e-08,NA,"NO2","P1E5"
"9644","cg11336987",-3e-04,5.4e-05,1.4e-08,NA,"NO2","P1E5"
"9645","cg11520866",-0.00021,3.6e-05,1.4e-08,NA,"NO2","P1E5"
"9646","cg15419183",-0.00026,4.6e-05,1.4e-08,NA,"NO2","P1E5"
"9647","cg20402658",-0.00037,6.5e-05,1.4e-08,NA,"NO2","P1E5"
"9648","cg21439129",-0.00027,4.8e-05,1.4e-08,NA,"NO2","P1E5"
"9649","cg22495921",-0.00029,5.1e-05,1.4e-08,NA,"NO2","P1E5"
"9650","cg23273758",-3e-04,5.3e-05,1.4e-08,NA,"NO2","P1E5"
"9651","cg23971806",-0.00026,4.6e-05,1.4e-08,NA,"NO2","P1E5"
"9652","cg00519829",-0.00041,7.2e-05,1.4e-08,NA,"NO2","P1E5"
"9653","cg01498700",-0.00032,5.7e-05,1.4e-08,NA,"NO2","P1E5"
"9654","cg02036494",-0.00036,6.4e-05,1.4e-08,NA,"NO2","P1E5"
"9655","cg03945663",-0.00034,5.9e-05,1.4e-08,NA,"NO2","P1E5"
"9656","cg05119686",-0.00032,5.7e-05,1.4e-08,NA,"NO2","P1E5"
"9657","cg07800959",-0.00023,4.1e-05,1.4e-08,NA,"NO2","P1E5"
"9658","cg11749059",-0.00026,4.6e-05,1.4e-08,NA,"NO2","P1E5"
"9659","cg12386698",-0.00022,3.9e-05,1.4e-08,NA,"NO2","P1E5"
"9660","cg14955531",-0.00026,4.6e-05,1.4e-08,NA,"NO2","P1E5"
"9661","cg15165927",-0.00019,3.4e-05,1.4e-08,NA,"NO2","P1E5"
"9662","cg18366882",-0.00026,4.5e-05,1.4e-08,NA,"NO2","P1E5"
"9663","cg00909242",-0.00021,3.6e-05,1.4e-08,NA,"NO2","P1E5"
"9664","cg03791150",-0.00038,6.7e-05,1.4e-08,NA,"NO2","P1E5"
"9665","cg04511411",-0.00033,5.8e-05,1.4e-08,NA,"NO2","P1E5"
"9666","cg04942107",-0.00033,5.7e-05,1.4e-08,NA,"NO2","P1E5"
"9667","cg07915635",-4e-04,7e-05,1.4e-08,NA,"NO2","P1E5"
"9668","cg13895322",-0.00038,6.8e-05,1.4e-08,NA,"NO2","P1E5"
"9669","cg14443637",-4e-04,7.1e-05,1.4e-08,NA,"NO2","P1E5"
"9670","cg26049379",-3e-04,5.4e-05,1.4e-08,NA,"NO2","P1E5"
"9671","cg26706317",-0.00032,5.6e-05,1.4e-08,NA,"NO2","P1E5"
"9672","cg27133959",-0.00033,5.8e-05,1.4e-08,NA,"NO2","P1E5"
"9673","cg27655168",-0.00022,3.9e-05,1.4e-08,NA,"NO2","P1E5"
"9674","cg02413874",0.00027,4.8e-05,1.4e-08,NA,"NO2","P1E5"
"9675","cg05573829",-0.00024,4.2e-05,1.4e-08,NA,"NO2","P1E5"
"9676","cg11015353",-0.00015,2.6e-05,1.4e-08,NA,"NO2","P1E5"
"9677","cg11079426",-0.00023,4.1e-05,1.4e-08,NA,"NO2","P1E5"
"9678","cg11250170",-3e-04,5.4e-05,1.4e-08,NA,"NO2","P1E5"
"9679","cg22992966",-0.00048,8.4e-05,1.4e-08,NA,"NO2","P1E5"
"9680","cg26343761",-0.00029,5.1e-05,1.4e-08,NA,"NO2","P1E5"
"9681","cg26371310",-0.00039,6.9e-05,1.4e-08,NA,"NO2","P1E5"
"9682","cg00402222",-0.00032,5.6e-05,1.4e-08,NA,"NO2","P1E5"
"9683","cg02650779",-4e-04,7.1e-05,1.4e-08,NA,"NO2","P1E5"
"9684","cg03169242",-0.00038,6.7e-05,1.4e-08,NA,"NO2","P1E5"
"9685","cg04161137",-0.00024,4.3e-05,1.4e-08,NA,"NO2","P1E5"
"9686","cg08692478",-0.00029,5.1e-05,1.4e-08,NA,"NO2","P1E5"
"9687","cg13551706",-0.00026,4.5e-05,1.4e-08,NA,"NO2","P1E5"
"9688","cg13912753",-0.00026,4.5e-05,1.4e-08,NA,"NO2","P1E5"
"9689","cg18248273",-4e-04,7.1e-05,1.4e-08,NA,"NO2","P1E5"
"9690","cg21004358",-0.00095,0.00017,1.4e-08,NA,"NO2","P1E5"
"9691","cg26645237",-0.00042,7.3e-05,1.4e-08,NA,"NO2","P1E5"
"9692","cg05944661",-0.00047,8.3e-05,1.4e-08,NA,"NO2","P1E5"
"9693","cg07956012",-0.00034,6.1e-05,1.4e-08,NA,"NO2","P1E5"
"9694","cg08804207",-0.00042,7.3e-05,1.4e-08,NA,"NO2","P1E5"
"9695","cg09926046",-0.00031,5.6e-05,1.4e-08,NA,"NO2","P1E5"
"9696","cg16176095",-0.00026,4.6e-05,1.4e-08,NA,"NO2","P1E5"
"9697","cg16717267",-0.00029,5.1e-05,1.4e-08,NA,"NO2","P1E5"
"9698","cg18355311",-0.00025,4.4e-05,1.4e-08,NA,"NO2","P1E5"
"9699","cg18465834",-0.00044,7.7e-05,1.4e-08,NA,"NO2","P1E5"
"9700","cg21614107",-0.00047,8.3e-05,1.4e-08,NA,"NO2","P1E5"
"9701","cg23098051",-0.00058,1e-04,1.4e-08,NA,"NO2","P1E5"
"9702","cg24346204",-0.00046,8.1e-05,1.4e-08,NA,"NO2","P1E5"
"9703","cg02011124",-0.00039,6.8e-05,1.4e-08,NA,"NO2","P1E5"
"9704","cg04006984",-0.00032,5.7e-05,1.4e-08,NA,"NO2","P1E5"
"9705","cg04237618",-0.00033,5.8e-05,1.4e-08,NA,"NO2","P1E5"
"9706","cg05501419",-0.00045,8e-05,1.4e-08,NA,"NO2","P1E5"
"9707","cg07614448",-0.00048,8.5e-05,1.4e-08,NA,"NO2","P1E5"
"9708","cg07795325",-0.00053,9.3e-05,1.4e-08,NA,"NO2","P1E5"
"9709","cg13106156",-0.00032,5.7e-05,1.4e-08,NA,"NO2","P1E5"
"9710","cg13655385",-0.00033,5.8e-05,1.4e-08,NA,"NO2","P1E5"
"9711","cg22378583",-0.00023,4e-05,1.4e-08,NA,"NO2","P1E5"
"9712","cg24330746",-0.00011,1.9e-05,1.4e-08,NA,"NO2","P1E5"
"9713","cg25932761",-0.00034,6e-05,1.4e-08,NA,"NO2","P1E5"
"9714","cg26354398",-0.00027,4.7e-05,1.4e-08,NA,"NO2","P1E5"
"9715","cg27590742",-3e-04,5.3e-05,1.4e-08,NA,"NO2","P1E5"
"9716","cg00611192",-5e-04,8.9e-05,1.5e-08,NA,"NO2","P1E5"
"9717","cg03690080",-0.00025,4.4e-05,1.5e-08,NA,"NO2","P1E5"
"9718","cg11099899",-0.00032,5.7e-05,1.5e-08,NA,"NO2","P1E5"
"9719","cg12521267",-0.00033,5.8e-05,1.5e-08,NA,"NO2","P1E5"
"9720","cg20213479",-0.00026,4.6e-05,1.5e-08,NA,"NO2","P1E5"
"9721","cg23162647",-0.00031,5.5e-05,1.5e-08,NA,"NO2","P1E5"
"9722","cg25152404",-0.00057,1e-04,1.5e-08,NA,"NO2","P1E5"
"9723","cg26575622",-0.00022,3.8e-05,1.5e-08,NA,"NO2","P1E5"
"9724","cg01380747",-0.00034,5.9e-05,1.5e-08,NA,"NO2","P1E5"
"9725","cg06082596",-0.00032,5.6e-05,1.5e-08,NA,"NO2","P1E5"
"9726","cg06991148",-4e-04,7.1e-05,1.5e-08,NA,"NO2","P1E5"
"9727","cg08942929",-0.00027,4.8e-05,1.5e-08,NA,"NO2","P1E5"
"9728","cg12663490",-3e-04,5.3e-05,1.5e-08,NA,"NO2","P1E5"
"9729","cg18879198",-0.00037,6.6e-05,1.5e-08,NA,"NO2","P1E5"
"9730","cg00540363",-0.00023,4e-05,1.5e-08,NA,"NO2","P1E5"
"9731","cg10508138",-0.00031,5.6e-05,1.5e-08,NA,"NO2","P1E5"
"9732","cg12127149",0.00074,0.00013,1.5e-08,NA,"NO2","P1E5"
"9733","cg17142931",-0.00039,6.9e-05,1.5e-08,NA,"NO2","P1E5"
"9734","cg18281418",-3e-04,5.2e-05,1.5e-08,NA,"NO2","P1E5"
"9735","cg20961940",-0.00032,5.7e-05,1.5e-08,NA,"NO2","P1E5"
"9736","cg25526759",-2e-04,3.5e-05,1.5e-08,NA,"NO2","P1E5"
"9737","cg27534833",-0.00038,6.7e-05,1.5e-08,NA,"NO2","P1E5"
"9738","cg00135371",-0.00035,6.2e-05,1.5e-08,NA,"NO2","P1E5"
"9739","cg00829600",-0.00036,6.4e-05,1.5e-08,NA,"NO2","P1E5"
"9740","cg04742587",-0.00023,4.1e-05,1.5e-08,NA,"NO2","P1E5"
"9741","cg09138028",-0.00028,4.9e-05,1.5e-08,NA,"NO2","P1E5"
"9742","cg20411547",-2e-04,3.5e-05,1.5e-08,NA,"NO2","P1E5"
"9743","cg22988566",-4e-04,7.1e-05,1.5e-08,NA,"NO2","P1E5"
"9744","cg23521507",-0.00028,4.9e-05,1.5e-08,NA,"NO2","P1E5"
"9745","cg24806326",-0.00031,5.5e-05,1.5e-08,NA,"NO2","P1E5"
"9746","cg00777375",-0.00023,4.1e-05,1.5e-08,NA,"NO2","P1E5"
"9747","cg00872676",-0.00024,4.3e-05,1.5e-08,NA,"NO2","P1E5"
"9748","cg06549863",-0.00029,5.2e-05,1.5e-08,NA,"NO2","P1E5"
"9749","cg08424966",-0.00036,6.4e-05,1.5e-08,NA,"NO2","P1E5"
"9750","cg15889548",-0.00039,6.9e-05,1.5e-08,NA,"NO2","P1E5"
"9751","cg16171392",-0.00035,6.2e-05,1.5e-08,NA,"NO2","P1E5"
"9752","cg22563376",-0.00026,4.6e-05,1.5e-08,NA,"NO2","P1E5"
"9753","cg23096144",-0.00052,9.3e-05,1.5e-08,NA,"NO2","P1E5"
"9754","cg23549693",-0.00023,4.1e-05,1.5e-08,NA,"NO2","P1E5"
"9755","cg24191176",-0.00035,6.3e-05,1.5e-08,NA,"NO2","P1E5"
"9756","cg04037044",-3e-04,5.3e-05,1.5e-08,NA,"NO2","P1E5"
"9757","cg10618882",-0.00031,5.5e-05,1.5e-08,NA,"NO2","P1E5"
"9758","cg12126344",-0.00039,6.9e-05,1.5e-08,NA,"NO2","P1E5"
"9759","cg17861161",-0.00042,7.4e-05,1.5e-08,NA,"NO2","P1E5"
"9760","cg17962547",-0.00032,5.6e-05,1.5e-08,NA,"NO2","P1E5"
"9761","cg02233459",-0.00038,6.7e-05,1.5e-08,NA,"NO2","P1E5"
"9762","cg02373627",-0.00024,4.3e-05,1.5e-08,NA,"NO2","P1E5"
"9763","cg05380127",-0.00046,8.1e-05,1.5e-08,NA,"NO2","P1E5"
"9764","cg06681532",-0.00026,4.6e-05,1.5e-08,NA,"NO2","P1E5"
"9765","cg08568550",-0.00058,1e-04,1.5e-08,NA,"NO2","P1E5"
"9766","cg09895514",-0.00037,6.5e-05,1.5e-08,NA,"NO2","P1E5"
"9767","cg10097045",-0.00032,5.6e-05,1.5e-08,NA,"NO2","P1E5"
"9768","cg16290522",-0.00034,6e-05,1.5e-08,NA,"NO2","P1E5"
"9769","cg17341170",-3e-04,5.3e-05,1.5e-08,NA,"NO2","P1E5"
"9770","cg17840469",-0.00025,4.4e-05,1.5e-08,NA,"NO2","P1E5"
"9771","cg18598117",-0.00093,0.00016,1.5e-08,NA,"NO2","P1E5"
"9772","cg19820705",-0.00059,0.00011,1.5e-08,NA,"NO2","P1E5"
"9773","cg21871080",-0.00017,3e-05,1.5e-08,NA,"NO2","P1E5"
"9774","cg22430565",-0.00035,6.2e-05,1.5e-08,NA,"NO2","P1E5"
"9775","cg24875250",-0.00023,4.1e-05,1.5e-08,NA,"NO2","P1E5"
"9776","cg06119296",-0.00038,6.8e-05,1.5e-08,NA,"NO2","P1E5"
"9777","cg16028012",-0.00027,4.8e-05,1.5e-08,NA,"NO2","P1E5"
"9778","cg16679378",-0.00029,5.1e-05,1.5e-08,NA,"NO2","P1E5"
"9779","cg20144359",-0.00034,6e-05,1.5e-08,NA,"NO2","P1E5"
"9780","cg20494635",-0.00054,9.6e-05,1.5e-08,NA,"NO2","P1E5"
"9781","cg06422261",-0.00032,5.7e-05,1.5e-08,NA,"NO2","P1E5"
"9782","cg26230601",-0.00033,5.8e-05,1.5e-08,NA,"NO2","P1E5"
"9783","cg08330217",-4e-04,7e-05,1.5e-08,NA,"NO2","P1E5"
"9784","cg12442871",-0.00025,4.3e-05,1.5e-08,NA,"NO2","P1E5"
"9785","cg14252164",-0.00028,4.9e-05,1.5e-08,NA,"NO2","P1E5"
"9786","cg19043798",-0.00068,0.00012,1.5e-08,NA,"NO2","P1E5"
"9787","cg22238882",-0.00029,5.1e-05,1.5e-08,NA,"NO2","P1E5"
"9788","cg24784036",-0.00033,5.8e-05,1.5e-08,NA,"NO2","P1E5"
"9789","cg00306578",-0.00036,6.4e-05,1.5e-08,NA,"NO2","P1E5"
"9790","cg12902436",-0.00021,3.7e-05,1.5e-08,NA,"NO2","P1E5"
"9791","cg17051042",-0.00018,3.2e-05,1.5e-08,NA,"NO2","P1E5"
"9792","cg01397968",-0.00031,5.5e-05,1.6e-08,NA,"NO2","P1E5"
"9793","cg20817257",-0.00032,5.6e-05,1.6e-08,NA,"NO2","P1E5"
"9794","cg21704502",-0.00046,8.2e-05,1.6e-08,NA,"NO2","P1E5"
"9795","cg23417677",-0.00011,2e-05,1.6e-08,NA,"NO2","P1E5"
"9796","cg01420931",-0.00029,5.1e-05,1.6e-08,NA,"NO2","P1E5"
"9797","cg03214325",-4e-04,7.1e-05,1.6e-08,NA,"NO2","P1E5"
"9798","cg03487430",-0.00044,7.8e-05,1.6e-08,NA,"NO2","P1E5"
"9799","cg03778108",-0.00036,6.3e-05,1.6e-08,NA,"NO2","P1E5"
"9800","cg09469812",-0.00044,7.8e-05,1.6e-08,NA,"NO2","P1E5"
"9801","cg12426313",-0.00035,6.2e-05,1.6e-08,NA,"NO2","P1E5"
"9802","cg12658400",-0.00027,4.8e-05,1.6e-08,NA,"NO2","P1E5"
"9803","cg20110504",-0.00025,4.5e-05,1.6e-08,NA,"NO2","P1E5"
"9804","cg00043949",-0.00021,3.7e-05,1.6e-08,NA,"NO2","P1E5"
"9805","cg00987743",-0.00033,5.8e-05,1.6e-08,NA,"NO2","P1E5"
"9806","cg08453008",-0.00025,4.3e-05,1.6e-08,NA,"NO2","P1E5"
"9807","cg13476072",-0.00058,1e-04,1.6e-08,NA,"NO2","P1E5"
"9808","cg16323231",-0.00032,5.6e-05,1.6e-08,NA,"NO2","P1E5"
"9809","cg17497536",-0.00042,7.4e-05,1.6e-08,NA,"NO2","P1E5"
"9810","cg23155089",-4e-04,7.2e-05,1.6e-08,NA,"NO2","P1E5"
"9811","cg03240663",-0.00038,6.8e-05,1.6e-08,NA,"NO2","P1E5"
"9812","cg11237215",-2e-04,3.6e-05,1.6e-08,NA,"NO2","P1E5"
"9813","cg16912319",-0.00031,5.5e-05,1.6e-08,NA,"NO2","P1E5"
"9814","cg19407889",-0.00023,4e-05,1.6e-08,NA,"NO2","P1E5"
"9815","cg22693055",-0.00041,7.2e-05,1.6e-08,NA,"NO2","P1E5"
"9816","cg25386579",-0.00046,8.1e-05,1.6e-08,NA,"NO2","P1E5"
"9817","cg26464186",-0.00026,4.6e-05,1.6e-08,NA,"NO2","P1E5"
"9818","cg26638069",-0.00031,5.4e-05,1.6e-08,NA,"NO2","P1E5"
"9819","cg01434679",-3e-04,5.3e-05,1.6e-08,NA,"NO2","P1E5"
"9820","cg01534887",-0.00034,5.9e-05,1.6e-08,NA,"NO2","P1E5"
"9821","cg02695062",-0.00046,8.2e-05,1.6e-08,NA,"NO2","P1E5"
"9822","cg06292198",-0.00055,9.7e-05,1.6e-08,NA,"NO2","P1E5"
"9823","cg07145531",-2e-04,3.6e-05,1.6e-08,NA,"NO2","P1E5"
"9824","cg11960229",-0.00028,5e-05,1.6e-08,NA,"NO2","P1E5"
"9825","cg19211186",-3e-04,5.3e-05,1.6e-08,NA,"NO2","P1E5"
"9826","cg25800926",-0.00028,4.9e-05,1.6e-08,NA,"NO2","P1E5"
"9827","cg27185976",-0.00023,4.1e-05,1.6e-08,NA,"NO2","P1E5"
"9828","cg03084214",-0.00038,6.8e-05,1.6e-08,NA,"NO2","P1E5"
"9829","cg04963153",-0.00047,8.4e-05,1.6e-08,NA,"NO2","P1E5"
"9830","cg06954759",-0.00025,4.4e-05,1.6e-08,NA,"NO2","P1E5"
"9831","cg07041720",-0.00038,6.7e-05,1.6e-08,NA,"NO2","P1E5"
"9832","cg08792542",-0.00024,4.3e-05,1.6e-08,NA,"NO2","P1E5"
"9833","cg18004235",-0.00023,4.1e-05,1.6e-08,NA,"NO2","P1E5"
"9834","cg01131388",-0.00021,3.6e-05,1.6e-08,NA,"NO2","P1E5"
"9835","cg01882113",-0.00045,8e-05,1.6e-08,NA,"NO2","P1E5"
"9836","cg02748293",-0.00025,4.4e-05,1.6e-08,NA,"NO2","P1E5"
"9837","cg11770664",-0.00041,7.2e-05,1.6e-08,NA,"NO2","P1E5"
"9838","cg14130039",-0.00049,8.6e-05,1.6e-08,NA,"NO2","P1E5"
"9839","cg17172569",-0.00041,7.2e-05,1.6e-08,NA,"NO2","P1E5"
"9840","cg20436086",-0.00029,5.1e-05,1.6e-08,NA,"NO2","P1E5"
"9841","cg27063969",-0.00028,4.9e-05,1.6e-08,NA,"NO2","P1E5"
"9842","cg00643651",-0.00045,8e-05,1.6e-08,NA,"NO2","P1E5"
"9843","cg01658047",-0.00028,5e-05,1.6e-08,NA,"NO2","P1E5"
"9844","cg03309350",-0.00039,6.9e-05,1.6e-08,NA,"NO2","P1E5"
"9845","cg27552711",-0.00042,7.5e-05,1.6e-08,NA,"NO2","P1E5"
"9846","cg27658026",-0.00044,7.8e-05,1.6e-08,NA,"NO2","P1E5"
"9847","cg09374673",-0.00032,5.7e-05,1.6e-08,NA,"NO2","P1E5"
"9848","cg19977363",-0.00022,3.9e-05,1.6e-08,NA,"NO2","P1E5"
"9849","cg20451455",-0.00031,5.5e-05,1.6e-08,NA,"NO2","P1E5"
"9850","cg00660096",-0.00032,5.7e-05,1.6e-08,NA,"NO2","P1E5"
"9851","cg01434025",-0.00038,6.8e-05,1.6e-08,NA,"NO2","P1E5"
"9852","cg03789498",-0.00026,4.6e-05,1.6e-08,NA,"NO2","P1E5"
"9853","cg04948060",-0.00025,4.5e-05,1.6e-08,NA,"NO2","P1E5"
"9854","cg05645398",-0.00035,6.2e-05,1.6e-08,NA,"NO2","P1E5"
"9855","cg09850012",-0.00043,7.6e-05,1.6e-08,NA,"NO2","P1E5"
"9856","cg14379108",-0.00031,5.5e-05,1.6e-08,NA,"NO2","P1E5"
"9857","cg16210461",-0.00027,4.8e-05,1.6e-08,NA,"NO2","P1E5"
"9858","cg20178075",-0.00036,6.3e-05,1.6e-08,NA,"NO2","P1E5"
"9859","cg21139368",-0.00026,4.5e-05,1.6e-08,NA,"NO2","P1E5"
"9860","cg21463518",-0.00031,5.5e-05,1.6e-08,NA,"NO2","P1E5"
"9861","cg24278841",-0.00048,8.4e-05,1.6e-08,NA,"NO2","P1E5"
"9862","cg25471740",-0.00019,3.4e-05,1.6e-08,NA,"NO2","P1E5"
"9863","cg00060649",-0.00029,5.2e-05,1.7e-08,NA,"NO2","P1E5"
"9864","cg00910844",-0.00027,4.8e-05,1.7e-08,NA,"NO2","P1E5"
"9865","cg03177392",-0.00029,5.2e-05,1.7e-08,NA,"NO2","P1E5"
"9866","cg03265991",-3e-04,5.4e-05,1.7e-08,NA,"NO2","P1E5"
"9867","cg03405473",-0.00037,6.6e-05,1.7e-08,NA,"NO2","P1E5"
"9868","cg07867012",-0.00024,4.3e-05,1.7e-08,NA,"NO2","P1E5"
"9869","cg12085226",-0.00024,4.2e-05,1.7e-08,NA,"NO2","P1E5"
"9870","cg12761626",-0.00025,4.4e-05,1.7e-08,NA,"NO2","P1E5"
"9871","cg14349201",-0.00018,3.2e-05,1.7e-08,NA,"NO2","P1E5"
"9872","cg14390252",-0.00033,5.8e-05,1.7e-08,NA,"NO2","P1E5"
"9873","cg21227274",-0.00024,4.3e-05,1.7e-08,NA,"NO2","P1E5"
"9874","cg22400068",-0.00025,4.4e-05,1.7e-08,NA,"NO2","P1E5"
"9875","cg27636612",-0.00032,5.8e-05,1.7e-08,NA,"NO2","P1E5"
"9876","cg00166915",-0.00027,4.7e-05,1.7e-08,NA,"NO2","P1E5"
"9877","cg02529500",-0.00032,5.7e-05,1.7e-08,NA,"NO2","P1E5"
"9878","cg07297777",-0.00039,6.9e-05,1.7e-08,NA,"NO2","P1E5"
"9879","cg11666770",-0.00064,0.00011,1.7e-08,NA,"NO2","P1E5"
"9880","cg12797044",-4e-04,7.1e-05,1.7e-08,NA,"NO2","P1E5"
"9881","cg17022577",-0.00031,5.5e-05,1.7e-08,NA,"NO2","P1E5"
"9882","cg17775016",-0.00031,5.4e-05,1.7e-08,NA,"NO2","P1E5"
"9883","cg18399427",-0.00041,7.3e-05,1.7e-08,NA,"NO2","P1E5"
"9884","cg20706597",-0.00021,3.8e-05,1.7e-08,NA,"NO2","P1E5"
"9885","cg23016726",-0.00041,7.3e-05,1.7e-08,NA,"NO2","P1E5"
"9886","cg24695849",-0.00038,6.8e-05,1.7e-08,NA,"NO2","P1E5"
"9887","cg03234813",-0.00081,0.00014,1.7e-08,NA,"NO2","P1E5"
"9888","cg10758369",-0.00032,5.7e-05,1.7e-08,NA,"NO2","P1E5"
"9889","cg14213101",-0.00015,2.7e-05,1.7e-08,NA,"NO2","P1E5"
"9890","cg15913671",-0.00038,6.7e-05,1.7e-08,NA,"NO2","P1E5"
"9891","cg16107528",-0.00078,0.00014,1.7e-08,NA,"NO2","P1E5"
"9892","cg22137471",-0.00023,4e-05,1.7e-08,NA,"NO2","P1E5"
"9893","cg22664425",-0.00052,9.2e-05,1.7e-08,NA,"NO2","P1E5"
"9894","cg00259019",-0.00019,3.4e-05,1.7e-08,NA,"NO2","P1E5"
"9895","cg01303141",-0.00037,6.7e-05,1.7e-08,NA,"NO2","P1E5"
"9896","cg05596552",-0.00037,6.6e-05,1.7e-08,NA,"NO2","P1E5"
"9897","cg07377936",-0.00035,6.2e-05,1.7e-08,NA,"NO2","P1E5"
"9898","cg13978156",-0.00034,6.1e-05,1.7e-08,NA,"NO2","P1E5"
"9899","cg17514558",-0.00061,0.00011,1.7e-08,NA,"NO2","P1E5"
"9900","cg20688791",-0.00034,6e-05,1.7e-08,NA,"NO2","P1E5"
"9901","cg23513211",-0.00028,4.9e-05,1.7e-08,NA,"NO2","P1E5"
"9902","cg27383865",-0.00032,5.8e-05,1.7e-08,NA,"NO2","P1E5"
"9903","cg18190832",-0.00022,3.9e-05,1.7e-08,NA,"NO2","P1E5"
"9904","cg24307601",-0.00032,5.7e-05,1.7e-08,NA,"NO2","P1E5"
"9905","cg01295539",-0.00031,5.6e-05,1.7e-08,NA,"NO2","P1E5"
"9906","cg06835509",-0.00035,6.2e-05,1.7e-08,NA,"NO2","P1E5"
"9907","cg10717869",-0.00069,0.00012,1.7e-08,NA,"NO2","P1E5"
"9908","cg10813720",-0.00026,4.5e-05,1.7e-08,NA,"NO2","P1E5"
"9909","cg14579118",-0.00045,7.9e-05,1.7e-08,NA,"NO2","P1E5"
"9910","cg17260180",-0.00037,6.6e-05,1.7e-08,NA,"NO2","P1E5"
"9911","cg25418210",-0.00026,4.6e-05,1.7e-08,NA,"NO2","P1E5"
"9912","cg00514486",-0.00053,9.3e-05,1.7e-08,NA,"NO2","P1E5"
"9913","cg03896542",-0.00033,5.8e-05,1.7e-08,NA,"NO2","P1E5"
"9914","cg04409509",-0.00033,5.8e-05,1.7e-08,NA,"NO2","P1E5"
"9915","cg06949778",-0.00032,5.8e-05,1.7e-08,NA,"NO2","P1E5"
"9916","cg11937797",-0.00037,6.6e-05,1.7e-08,NA,"NO2","P1E5"
"9917","cg12973315",-0.00033,5.8e-05,1.7e-08,NA,"NO2","P1E5"
"9918","cg17273588",-0.00053,9.4e-05,1.7e-08,NA,"NO2","P1E5"
"9919","cg17787502",-0.00026,4.6e-05,1.7e-08,NA,"NO2","P1E5"
"9920","cg21083928",-0.00033,5.8e-05,1.7e-08,NA,"NO2","P1E5"
"9921","cg21201357",-0.00024,4.3e-05,1.7e-08,NA,"NO2","P1E5"
"9922","cg26202964",-0.00028,5e-05,1.7e-08,NA,"NO2","P1E5"
"9923","cg04609090",-0.00019,3.4e-05,1.7e-08,NA,"NO2","P1E5"
"9924","cg04790154",-0.00044,7.8e-05,1.7e-08,NA,"NO2","P1E5"
"9925","cg12065442",-0.00033,5.9e-05,1.7e-08,NA,"NO2","P1E5"
"9926","cg16206931",-0.00014,2.4e-05,1.7e-08,NA,"NO2","P1E5"
"9927","cg19731612",-6e-04,0.00011,1.7e-08,NA,"NO2","P1E5"
"9928","cg01788029",-0.00019,3.4e-05,1.7e-08,NA,"NO2","P1E5"
"9929","cg01934674",-0.00033,5.9e-05,1.7e-08,NA,"NO2","P1E5"
"9930","cg05768747",-0.00023,4.1e-05,1.7e-08,NA,"NO2","P1E5"
"9931","cg08728118",-0.00016,2.8e-05,1.7e-08,NA,"NO2","P1E5"
"9932","cg16702725",-0.00028,5e-05,1.7e-08,NA,"NO2","P1E5"
"9933","cg00168240",-0.00031,5.4e-05,1.8e-08,NA,"NO2","P1E5"
"9934","cg06956052",-0.00047,8.2e-05,1.8e-08,NA,"NO2","P1E5"
"9935","cg09011574",-0.00048,8.5e-05,1.8e-08,NA,"NO2","P1E5"
"9936","cg09411597",0.00056,1e-04,1.8e-08,NA,"NO2","P1E5"
"9937","cg09671481",-0.00026,4.6e-05,1.8e-08,NA,"NO2","P1E5"
"9938","cg14546062",-0.00028,5e-05,1.8e-08,NA,"NO2","P1E5"
"9939","cg15938989",-0.00032,5.6e-05,1.8e-08,NA,"NO2","P1E5"
"9940","cg17886303",-0.00035,6.1e-05,1.8e-08,NA,"NO2","P1E5"
"9941","cg25343280",-0.00058,1e-04,1.8e-08,NA,"NO2","P1E5"
"9942","cg26159090",-0.00029,5.1e-05,1.8e-08,NA,"NO2","P1E5"
"9943","cg26906251",-0.00026,4.6e-05,1.8e-08,NA,"NO2","P1E5"
"9944","cg27118986",-0.00029,5.1e-05,1.8e-08,NA,"NO2","P1E5"
"9945","cg27170002",-0.00025,4.5e-05,1.8e-08,NA,"NO2","P1E5"
"9946","cg00811377",-0.00035,6.3e-05,1.8e-08,NA,"NO2","P1E5"
"9947","cg00933538",-0.00036,6.4e-05,1.8e-08,NA,"NO2","P1E5"
"9948","cg01311802",-0.00024,4.3e-05,1.8e-08,NA,"NO2","P1E5"
"9949","cg01960096",-0.00029,5.2e-05,1.8e-08,NA,"NO2","P1E5"
"9950","cg08038291",-0.00046,8.1e-05,1.8e-08,NA,"NO2","P1E5"
"9951","cg08108679",-0.00033,5.8e-05,1.8e-08,NA,"NO2","P1E5"
"9952","cg10635895",-0.00099,0.00017,1.8e-08,NA,"NO2","P1E5"
"9953","cg19356179",-0.00022,3.8e-05,1.8e-08,NA,"NO2","P1E5"
"9954","cg26255996",-0.00027,4.8e-05,1.8e-08,NA,"NO2","P1E5"
"9955","cg26794883",-0.00029,5.2e-05,1.8e-08,NA,"NO2","P1E5"
"9956","cg00077904",-0.00037,6.6e-05,1.8e-08,NA,"NO2","P1E5"
"9957","cg00713435",-0.00031,5.5e-05,1.8e-08,NA,"NO2","P1E5"
"9958","cg07695566",-0.00054,9.6e-05,1.8e-08,NA,"NO2","P1E5"
"9959","cg08268274",-0.00026,4.7e-05,1.8e-08,NA,"NO2","P1E5"
"9960","cg12009697",-0.00031,5.5e-05,1.8e-08,NA,"NO2","P1E5"
"9961","cg14206962",-0.00032,5.7e-05,1.8e-08,NA,"NO2","P1E5"
"9962","cg18568570",-0.00044,7.7e-05,1.8e-08,NA,"NO2","P1E5"
"9963","cg21617859",-0.00041,7.4e-05,1.8e-08,NA,"NO2","P1E5"
"9964","cg23588029",-0.00033,5.9e-05,1.8e-08,NA,"NO2","P1E5"
"9965","cg26468693",-0.00038,6.7e-05,1.8e-08,NA,"NO2","P1E5"
"9966","cg04836214",-0.00044,7.9e-05,1.8e-08,NA,"NO2","P1E5"
"9967","cg06827779",-0.00027,4.8e-05,1.8e-08,NA,"NO2","P1E5"
"9968","cg07175554",-3e-04,5.4e-05,1.8e-08,NA,"NO2","P1E5"
"9969","cg11724085",-0.00026,4.6e-05,1.8e-08,NA,"NO2","P1E5"
"9970","cg13189434",-0.00034,6.1e-05,1.8e-08,NA,"NO2","P1E5"
"9971","cg15228983",-0.00033,5.8e-05,1.8e-08,NA,"NO2","P1E5"
"9972","cg26689077",0.00052,9.3e-05,1.8e-08,NA,"NO2","P1E5"
"9973","cg04958654",-0.00029,5.2e-05,1.8e-08,NA,"NO2","P1E5"
"9974","cg05372828",-3e-04,5.3e-05,1.8e-08,NA,"NO2","P1E5"
"9975","cg10590220",-0.00024,4.3e-05,1.8e-08,NA,"NO2","P1E5"
"9976","cg15606914",-4e-04,7.1e-05,1.8e-08,NA,"NO2","P1E5"
"9977","cg22169680",-0.00038,6.7e-05,1.8e-08,NA,"NO2","P1E5"
"9978","cg22882093",-0.00031,5.4e-05,1.8e-08,NA,"NO2","P1E5"
"9979","cg27506442",0.00058,1e-04,1.8e-08,NA,"NO2","P1E5"
"9980","cg00909706",-0.00031,5.5e-05,1.8e-08,NA,"NO2","P1E5"
"9981","cg02637031",-0.00061,0.00011,1.8e-08,NA,"NO2","P1E5"
"9982","cg03628800",-4e-04,7.1e-05,1.8e-08,NA,"NO2","P1E5"
"9983","cg06969777",-3e-04,5.4e-05,1.8e-08,NA,"NO2","P1E5"
"9984","cg09538633",-0.00037,6.5e-05,1.8e-08,NA,"NO2","P1E5"
"9985","cg10691109",-0.00038,6.7e-05,1.8e-08,NA,"NO2","P1E5"
"9986","cg17969662",-0.00038,6.7e-05,1.8e-08,NA,"NO2","P1E5"
"9987","cg26348847",-0.00028,5.1e-05,1.8e-08,NA,"NO2","P1E5"
"9988","cg01052428",-4e-04,7.1e-05,1.8e-08,NA,"NO2","P1E5"
"9989","cg01085830",-0.00025,4.4e-05,1.8e-08,NA,"NO2","P1E5"
"9990","cg04517343",-0.00025,4.5e-05,1.8e-08,NA,"NO2","P1E5"
"9991","cg06325088",-0.00027,4.8e-05,1.8e-08,NA,"NO2","P1E5"
"9992","cg08872064",-0.00039,6.9e-05,1.8e-08,NA,"NO2","P1E5"
"9993","cg12470092",-0.00049,8.7e-05,1.8e-08,NA,"NO2","P1E5"
"9994","cg18371750",-0.00021,3.8e-05,1.8e-08,NA,"NO2","P1E5"
"9995","cg20140201",-0.00035,6.2e-05,1.8e-08,NA,"NO2","P1E5"
"9996","cg20351495",-0.00048,8.6e-05,1.8e-08,NA,"NO2","P1E5"
"9997","cg20471562",-0.00026,4.6e-05,1.8e-08,NA,"NO2","P1E5"
"9998","cg23068989",-0.00026,4.6e-05,1.8e-08,NA,"NO2","P1E5"
"9999","cg23569968",-0.00038,6.7e-05,1.8e-08,NA,"NO2","P1E5"
"10000","cg01792616",-0.00029,5.2e-05,1.8e-08,NA,"NO2","P1E5"
"10001","cg03139388",-3e-04,5.4e-05,1.8e-08,NA,"NO2","P1E5"
"10002","cg03346706",-0.00027,4.9e-05,1.8e-08,NA,"NO2","P1E5"
"10003","cg08770647",-0.00035,6.3e-05,1.8e-08,NA,"NO2","P1E5"
"10004","cg13128117",-0.00039,7e-05,1.8e-08,NA,"NO2","P1E5"
"10005","cg13641993",-0.00031,5.4e-05,1.8e-08,NA,"NO2","P1E5"
"10006","cg16347629",-0.00033,5.9e-05,1.8e-08,NA,"NO2","P1E5"
"10007","cg18497925",-4e-04,7.1e-05,1.8e-08,NA,"NO2","P1E5"
"10008","cg21386766",-0.00024,4.3e-05,1.8e-08,NA,"NO2","P1E5"
"10009","cg25583367",-2e-04,3.5e-05,1.8e-08,NA,"NO2","P1E5"
"10010","cg05113927",-0.00062,0.00011,1.8e-08,NA,"NO2","P1E5"
"10011","cg06815308",-0.00027,4.8e-05,1.8e-08,NA,"NO2","P1E5"
"10012","cg08197956",-0.00037,6.5e-05,1.8e-08,NA,"NO2","P1E5"
"10013","cg10238445",-0.00035,6.1e-05,1.8e-08,NA,"NO2","P1E5"
"10014","cg13420089",-0.00045,8e-05,1.8e-08,NA,"NO2","P1E5"
"10015","cg18014842",-0.00038,6.7e-05,1.8e-08,NA,"NO2","P1E5"
"10016","cg23916504",-0.00028,4.9e-05,1.8e-08,NA,"NO2","P1E5"
"10017","cg24811472",-0.00022,3.9e-05,1.8e-08,NA,"NO2","P1E5"
"10018","cg24842753",-0.00032,5.6e-05,1.8e-08,NA,"NO2","P1E5"
"10019","cg00771346",-0.00025,4.4e-05,1.9e-08,NA,"NO2","P1E5"
"10020","cg01278564",-0.00043,7.7e-05,1.9e-08,NA,"NO2","P1E5"
"10021","cg05023168",-0.00019,3.4e-05,1.9e-08,NA,"NO2","P1E5"
"10022","cg10589330",-0.00026,4.6e-05,1.9e-08,NA,"NO2","P1E5"
"10023","cg14334794",-0.00036,6.5e-05,1.9e-08,NA,"NO2","P1E5"
"10024","cg15554401",-0.00035,6.2e-05,1.9e-08,NA,"NO2","P1E5"
"10025","cg16927606",0.00015,2.6e-05,1.9e-08,NA,"NO2","P1E5"
"10026","cg21221873",-0.00023,4.1e-05,1.9e-08,NA,"NO2","P1E5"
"10027","cg21879716",-0.00025,4.5e-05,1.9e-08,NA,"NO2","P1E5"
"10028","cg07539108",-0.00024,4.3e-05,1.9e-08,NA,"NO2","P1E5"
"10029","cg09399878",-0.00038,6.8e-05,1.9e-08,NA,"NO2","P1E5"
"10030","cg09686390",-0.00027,4.9e-05,1.9e-08,NA,"NO2","P1E5"
"10031","cg14556868",-0.00033,5.8e-05,1.9e-08,NA,"NO2","P1E5"
"10032","cg16386719",-0.00035,6.2e-05,1.9e-08,NA,"NO2","P1E5"
"10033","cg17861206",-0.00049,8.6e-05,1.9e-08,NA,"NO2","P1E5"
"10034","cg26987613",-0.00052,9.3e-05,1.9e-08,NA,"NO2","P1E5"
"10035","cg00365670",-2e-04,3.5e-05,1.9e-08,NA,"NO2","P1E5"
"10036","cg08123903",-0.00021,3.7e-05,1.9e-08,NA,"NO2","P1E5"
"10037","cg14555045",-0.00021,3.7e-05,1.9e-08,NA,"NO2","P1E5"
"10038","cg15489799",-0.00053,9.4e-05,1.9e-08,NA,"NO2","P1E5"
"10039","cg17473656",-0.00034,6e-05,1.9e-08,NA,"NO2","P1E5"
"10040","cg17915125",-0.00025,4.4e-05,1.9e-08,NA,"NO2","P1E5"
"10041","cg20943095",-2e-04,3.6e-05,1.9e-08,NA,"NO2","P1E5"
"10042","cg26504906",-0.00045,8.1e-05,1.9e-08,NA,"NO2","P1E5"
"10043","cg04307853",-0.00033,6e-05,1.9e-08,NA,"NO2","P1E5"
"10044","cg04803856",-0.00025,4.5e-05,1.9e-08,NA,"NO2","P1E5"
"10045","cg06233930",-0.00031,5.6e-05,1.9e-08,NA,"NO2","P1E5"
"10046","cg07217030",-0.00065,0.00011,1.9e-08,NA,"NO2","P1E5"
"10047","cg08063452",-0.00039,6.9e-05,1.9e-08,NA,"NO2","P1E5"
"10048","cg15100501",-0.00018,3.1e-05,1.9e-08,NA,"NO2","P1E5"
"10049","cg19855215",-0.00028,5e-05,1.9e-08,NA,"NO2","P1E5"
"10050","cg21580016",-0.00044,7.8e-05,1.9e-08,NA,"NO2","P1E5"
"10051","cg23998391",-0.00038,6.7e-05,1.9e-08,NA,"NO2","P1E5"
"10052","cg06607679",-0.00045,8.1e-05,1.9e-08,NA,"NO2","P1E5"
"10053","cg08832782",-0.00025,4.5e-05,1.9e-08,NA,"NO2","P1E5"
"10054","cg13464995",-0.00033,5.8e-05,1.9e-08,NA,"NO2","P1E5"
"10055","cg13593758",-0.00026,4.6e-05,1.9e-08,NA,"NO2","P1E5"
"10056","cg17728125",-0.00046,8.2e-05,1.9e-08,NA,"NO2","P1E5"
"10057","cg17918280",-3e-04,5.3e-05,1.9e-08,NA,"NO2","P1E5"
"10058","cg18403569",-0.00015,2.7e-05,1.9e-08,NA,"NO2","P1E5"
"10059","cg20186588",-3e-04,5.3e-05,1.9e-08,NA,"NO2","P1E5"
"10060","cg01436315",-0.00034,6.1e-05,1.9e-08,NA,"NO2","P1E5"
"10061","cg02618049",-0.00027,4.9e-05,1.9e-08,NA,"NO2","P1E5"
"10062","cg11792186",-0.00025,4.4e-05,1.9e-08,NA,"NO2","P1E5"
"10063","cg12022630",-0.00032,5.7e-05,1.9e-08,NA,"NO2","P1E5"
"10064","cg17527435",-0.00029,5.2e-05,1.9e-08,NA,"NO2","P1E5"
"10065","cg06993255",-0.00033,5.9e-05,1.9e-08,NA,"NO2","P1E5"
"10066","cg14737287",-0.00034,6e-05,1.9e-08,NA,"NO2","P1E5"
"10067","cg17825400",0.00055,9.8e-05,1.9e-08,NA,"NO2","P1E5"
"10068","cg27614215",-0.00034,6.1e-05,1.9e-08,NA,"NO2","P1E5"
"10069","cg04836987",-0.00026,4.6e-05,1.9e-08,NA,"NO2","P1E5"
"10070","cg05074732",-0.00026,4.7e-05,1.9e-08,NA,"NO2","P1E5"
"10071","cg12435792",-0.00031,5.4e-05,1.9e-08,NA,"NO2","P1E5"
"10072","cg15391389",-0.00014,2.5e-05,1.9e-08,NA,"NO2","P1E5"
"10073","cg26998842",-0.00024,4.3e-05,1.9e-08,NA,"NO2","P1E5"
"10074","cg02509000",-0.00032,5.6e-05,1.9e-08,NA,"NO2","P1E5"
"10075","cg07287508",-0.00051,9e-05,1.9e-08,NA,"NO2","P1E5"
"10076","cg19586709",-0.00035,6.2e-05,1.9e-08,NA,"NO2","P1E5"
"10077","cg26954729",-0.00021,3.7e-05,1.9e-08,NA,"NO2","P1E5"
"10078","cg00387200",-0.00042,7.6e-05,1.9e-08,NA,"NO2","P1E5"
"10079","cg00682158",-0.00029,5.2e-05,1.9e-08,NA,"NO2","P1E5"
"10080","cg16391608",-4e-04,7.1e-05,1.9e-08,NA,"NO2","P1E5"
"10081","cg24503449",-0.00031,5.6e-05,1.9e-08,NA,"NO2","P1E5"
"10082","cg26956007",-0.00027,4.8e-05,1.9e-08,NA,"NO2","P1E5"
"10083","cg07680649",-0.00028,5e-05,1.9e-08,NA,"NO2","P1E5"
"10084","cg13570904",-0.00024,4.4e-05,1.9e-08,NA,"NO2","P1E5"
"10085","cg19846168",-0.00023,4.1e-05,1.9e-08,NA,"NO2","P1E5"
"10086","cg21052677",-0.00038,6.8e-05,1.9e-08,NA,"NO2","P1E5"
"10087","cg26447747",-0.00038,6.7e-05,1.9e-08,NA,"NO2","P1E5"
"10088","cg03922479",-0.00048,8.6e-05,2e-08,NA,"NO2","P1E5"
"10089","cg09521809",-0.00022,4e-05,2e-08,NA,"NO2","P1E5"
"10090","cg14121301",-0.00031,5.6e-05,2e-08,NA,"NO2","P1E5"
"10091","cg14256699",-0.00025,4.5e-05,2e-08,NA,"NO2","P1E5"
"10092","cg15121959",-0.00017,3e-05,2e-08,NA,"NO2","P1E5"
"10093","cg22971720",-0.00023,4.1e-05,2e-08,NA,"NO2","P1E5"
"10094","cg00398500",-5e-04,8.9e-05,2e-08,NA,"NO2","P1E5"
"10095","cg05461420",-2e-04,3.5e-05,2e-08,NA,"NO2","P1E5"
"10096","cg09109133",-0.00024,4.2e-05,2e-08,NA,"NO2","P1E5"
"10097","cg10087374",-0.00028,5e-05,2e-08,NA,"NO2","P1E5"
"10098","cg10727935",-0.00025,4.5e-05,2e-08,NA,"NO2","P1E5"
"10099","cg14818960",-0.00036,6.4e-05,2e-08,NA,"NO2","P1E5"
"10100","cg20275928",-0.00082,0.00015,2e-08,NA,"NO2","P1E5"
"10101","cg20488341",-3e-04,5.3e-05,2e-08,NA,"NO2","P1E5"
"10102","cg22709966",-3e-04,5.3e-05,2e-08,NA,"NO2","P1E5"
"10103","cg01560185",-0.00025,4.4e-05,2e-08,NA,"NO2","P1E5"
"10104","cg02658319",-0.00028,5e-05,2e-08,NA,"NO2","P1E5"
"10105","cg04891924",-3e-04,5.4e-05,2e-08,NA,"NO2","P1E5"
"10106","cg12426612",-4e-04,7.1e-05,2e-08,NA,"NO2","P1E5"
"10107","cg23011324",-0.00015,2.7e-05,2e-08,NA,"NO2","P1E5"
"10108","cg01566831",-0.00023,4e-05,2e-08,NA,"NO2","P1E5"
"10109","cg13474719",-0.00028,4.9e-05,2e-08,NA,"NO2","P1E5"
"10110","cg17426905",-0.00023,4e-05,2e-08,NA,"NO2","P1E5"
"10111","cg01890075",-0.00034,6e-05,2e-08,NA,"NO2","P1E5"
"10112","cg03923850",-0.00027,4.8e-05,2e-08,NA,"NO2","P1E5"
"10113","cg04112417",-0.00038,6.8e-05,2e-08,NA,"NO2","P1E5"
"10114","cg04526858",-0.00057,1e-04,2e-08,NA,"NO2","P1E5"
"10115","cg04815959",-0.00042,7.5e-05,2e-08,NA,"NO2","P1E5"
"10116","cg05152713",-0.00034,6.1e-05,2e-08,NA,"NO2","P1E5"
"10117","cg08753469",-0.00023,4.1e-05,2e-08,NA,"NO2","P1E5"
"10118","cg14125542",-0.00021,3.7e-05,2e-08,NA,"NO2","P1E5"
"10119","cg20707195",-0.00049,8.7e-05,2e-08,NA,"NO2","P1E5"
"10120","cg07264818",-0.00027,4.9e-05,2e-08,NA,"NO2","P1E5"
"10121","cg09316544",-0.00037,6.6e-05,2e-08,NA,"NO2","P1E5"
"10122","cg20537760",-0.00028,5e-05,2e-08,NA,"NO2","P1E5"
"10123","cg02488870",-0.00025,4.4e-05,2e-08,NA,"NO2","P1E5"
"10124","cg06359302",-0.00038,6.7e-05,2e-08,NA,"NO2","P1E5"
"10125","cg06787622",-0.00035,6.3e-05,2e-08,NA,"NO2","P1E5"
"10126","cg08345701",-0.00028,4.9e-05,2e-08,NA,"NO2","P1E5"
"10127","cg13074908",-0.00021,3.7e-05,2e-08,NA,"NO2","P1E5"
"10128","cg13561792",-0.00022,4e-05,2e-08,NA,"NO2","P1E5"
"10129","cg15470344",-0.00021,3.7e-05,2e-08,NA,"NO2","P1E5"
"10130","cg22147917",-0.00032,5.8e-05,2e-08,NA,"NO2","P1E5"
"10131","cg23110353",-0.00023,4.1e-05,2e-08,NA,"NO2","P1E5"
"10132","cg15761414",-0.00037,6.7e-05,2e-08,NA,"NO2","P1E5"
"10133","cg23268290",-0.00036,6.4e-05,2e-08,NA,"NO2","P1E5"
"10134","cg01714756",-0.00035,6.3e-05,2e-08,NA,"NO2","P1E5"
"10135","cg03147598",-0.00034,6e-05,2e-08,NA,"NO2","P1E5"
"10136","cg04488487",-0.00037,6.6e-05,2e-08,NA,"NO2","P1E5"
"10137","cg05376017",-0.00029,5.2e-05,2e-08,NA,"NO2","P1E5"
"10138","cg14642222",-0.00025,4.4e-05,2e-08,NA,"NO2","P1E5"
"10139","cg16124934",-0.00046,8.2e-05,2e-08,NA,"NO2","P1E5"
"10140","cg19513232",-0.00041,7.2e-05,2e-08,NA,"NO2","P1E5"
"10141","cg19864002",-2e-04,3.6e-05,2e-08,NA,"NO2","P1E5"
"10142","cg24664929",-0.00037,6.6e-05,2e-08,NA,"NO2","P1E5"
"10143","cg25569300",-0.00027,4.8e-05,2e-08,NA,"NO2","P1E5"
"10144","cg05514136",-0.00028,4.9e-05,2.1e-08,NA,"NO2","P1E5"
"10145","cg05645422",-3e-04,5.4e-05,2.1e-08,NA,"NO2","P1E5"
"10146","cg12155036",-0.00068,0.00012,2.1e-08,NA,"NO2","P1E5"
"10147","cg15207091",-0.00033,5.9e-05,2.1e-08,NA,"NO2","P1E5"
"10148","cg15423315",-0.00039,6.9e-05,2.1e-08,NA,"NO2","P1E5"
"10149","cg20200742",-3e-04,5.4e-05,2.1e-08,NA,"NO2","P1E5"
"10150","cg25583264",-0.00034,6.1e-05,2.1e-08,NA,"NO2","P1E5"
"10151","cg01459389",-0.00023,4.1e-05,2.1e-08,NA,"NO2","P1E5"
"10152","cg05260714",-0.00028,4.9e-05,2.1e-08,NA,"NO2","P1E5"
"10153","cg07617120",-0.00028,4.9e-05,2.1e-08,NA,"NO2","P1E5"
"10154","cg10122252",-0.00032,5.8e-05,2.1e-08,NA,"NO2","P1E5"
"10155","cg11195689",-0.00024,4.3e-05,2.1e-08,NA,"NO2","P1E5"
"10156","cg12565057",0.00034,6.1e-05,2.1e-08,NA,"NO2","P1E5"
"10157","cg15805567",-0.00034,6.1e-05,2.1e-08,NA,"NO2","P1E5"
"10158","cg20903926",-0.00043,7.6e-05,2.1e-08,NA,"NO2","P1E5"
"10159","cg02082083",-0.00038,6.8e-05,2.1e-08,NA,"NO2","P1E5"
"10160","cg02704949",-0.00041,7.3e-05,2.1e-08,NA,"NO2","P1E5"
"10161","cg09807856",-0.00026,4.6e-05,2.1e-08,NA,"NO2","P1E5"
"10162","cg20872981",-0.00036,6.5e-05,2.1e-08,NA,"NO2","P1E5"
"10163","cg23440520",-3e-04,5.4e-05,2.1e-08,NA,"NO2","P1E5"
"10164","cg24878594",-0.00037,6.7e-05,2.1e-08,NA,"NO2","P1E5"
"10165","cg00093695",-0.00027,4.9e-05,2.1e-08,NA,"NO2","P1E5"
"10166","cg01822600",-0.00025,4.5e-05,2.1e-08,NA,"NO2","P1E5"
"10167","cg03128860",-0.00035,6.3e-05,2.1e-08,NA,"NO2","P1E5"
"10168","cg04556646",-0.00038,6.8e-05,2.1e-08,NA,"NO2","P1E5"
"10169","cg07285148",-0.00018,3.2e-05,2.1e-08,NA,"NO2","P1E5"
"10170","cg15906692",0.00019,3.4e-05,2.1e-08,NA,"NO2","P1E5"
"10171","cg25876319",-0.00027,4.9e-05,2.1e-08,NA,"NO2","P1E5"
"10172","cg08460875",-6e-04,0.00011,2.1e-08,NA,"NO2","P1E5"
"10173","cg20784098",-0.00036,6.4e-05,2.1e-08,NA,"NO2","P1E5"
"10174","cg04590303",-0.00023,4.2e-05,2.1e-08,NA,"NO2","P1E5"
"10175","cg10143883",-0.00029,5.3e-05,2.1e-08,NA,"NO2","P1E5"
"10176","cg11773537",-0.00022,3.9e-05,2.1e-08,NA,"NO2","P1E5"
"10177","cg13153540",-3e-04,5.3e-05,2.1e-08,NA,"NO2","P1E5"
"10178","cg13991631",-0.00035,6.3e-05,2.1e-08,NA,"NO2","P1E5"
"10179","cg15871157",-0.00023,4.1e-05,2.1e-08,NA,"NO2","P1E5"
"10180","cg16559302",-0.00029,5.1e-05,2.1e-08,NA,"NO2","P1E5"
"10181","cg17518776",-0.00035,6.3e-05,2.1e-08,NA,"NO2","P1E5"
"10182","cg19641315",-0.00034,6.1e-05,2.1e-08,NA,"NO2","P1E5"
"10183","cg20759600",-0.00024,4.3e-05,2.1e-08,NA,"NO2","P1E5"
"10184","cg01732465",-0.00032,5.6e-05,2.1e-08,NA,"NO2","P1E5"
"10185","cg02696830",-3e-04,5.4e-05,2.1e-08,NA,"NO2","P1E5"
"10186","cg15505276",-0.00046,8.2e-05,2.1e-08,NA,"NO2","P1E5"
"10187","cg23998083",-0.00035,6.2e-05,2.1e-08,NA,"NO2","P1E5"
"10188","cg24719241",-0.00019,3.4e-05,2.1e-08,NA,"NO2","P1E5"
"10189","cg25804447",-0.00032,5.7e-05,2.1e-08,NA,"NO2","P1E5"
"10190","cg00154557",-0.00026,4.7e-05,2.1e-08,NA,"NO2","P1E5"
"10191","cg01004363",-0.00041,7.3e-05,2.1e-08,NA,"NO2","P1E5"
"10192","cg03302801",-0.00024,4.2e-05,2.1e-08,NA,"NO2","P1E5"
"10193","cg04369651",-0.00035,6.2e-05,2.1e-08,NA,"NO2","P1E5"
"10194","cg05971321",-0.00015,2.6e-05,2.1e-08,NA,"NO2","P1E5"
"10195","cg06634179",-0.00024,4.2e-05,2.1e-08,NA,"NO2","P1E5"
"10196","cg11639612",-0.00031,5.6e-05,2.1e-08,NA,"NO2","P1E5"
"10197","cg15421520",-4e-04,7.2e-05,2.1e-08,NA,"NO2","P1E5"
"10198","cg20627652",-0.00043,7.7e-05,2.1e-08,NA,"NO2","P1E5"
"10199","cg26253070",-0.00025,4.5e-05,2.1e-08,NA,"NO2","P1E5"
"10200","cg15430169",-0.00019,3.3e-05,2.1e-08,NA,"NO2","P1E5"
"10201","cg19241690",-0.00037,6.5e-05,2.1e-08,NA,"NO2","P1E5"
"10202","cg22735302",-0.00036,6.5e-05,2.1e-08,NA,"NO2","P1E5"
"10203","cg24058446",-0.00028,4.9e-05,2.1e-08,NA,"NO2","P1E5"
"10204","cg01703971",-0.00029,5.1e-05,2.1e-08,NA,"NO2","P1E5"
"10205","cg03008241",-0.00033,5.9e-05,2.1e-08,NA,"NO2","P1E5"
"10206","cg04618277",-0.00027,4.9e-05,2.1e-08,NA,"NO2","P1E5"
"10207","cg06276653",-2e-04,3.6e-05,2.1e-08,NA,"NO2","P1E5"
"10208","cg06521653",-0.00065,0.00012,2.1e-08,NA,"NO2","P1E5"
"10209","cg14531310",-0.00024,4.3e-05,2.1e-08,NA,"NO2","P1E5"
"10210","cg16208395",-0.00024,4.4e-05,2.1e-08,NA,"NO2","P1E5"
"10211","cg16875500",-4e-04,7.2e-05,2.1e-08,NA,"NO2","P1E5"
"10212","cg17489871",-0.00028,5e-05,2.1e-08,NA,"NO2","P1E5"
"10213","cg26702670",-0.00023,4e-05,2.1e-08,NA,"NO2","P1E5"
"10214","cg00515756",-0.00031,5.5e-05,2.2e-08,NA,"NO2","P1E5"
"10215","cg06542140",-0.00026,4.6e-05,2.2e-08,NA,"NO2","P1E5"
"10216","cg08118599",-0.00027,4.8e-05,2.2e-08,NA,"NO2","P1E5"
"10217","cg09064095",-0.00031,5.6e-05,2.2e-08,NA,"NO2","P1E5"
"10218","cg11765913",-0.00041,7.3e-05,2.2e-08,NA,"NO2","P1E5"
"10219","cg14446494",-0.00035,6.3e-05,2.2e-08,NA,"NO2","P1E5"
"10220","cg19720753",-0.00038,6.7e-05,2.2e-08,NA,"NO2","P1E5"
"10221","cg01108710",-3e-04,5.4e-05,2.2e-08,NA,"NO2","P1E5"
"10222","cg10985158",-0.00033,5.8e-05,2.2e-08,NA,"NO2","P1E5"
"10223","cg00888336",-0.00025,4.4e-05,2.2e-08,NA,"NO2","P1E5"
"10224","cg02508743",0.00073,0.00013,2.2e-08,NA,"NO2","P1E5"
"10225","cg09837648",-3e-04,5.3e-05,2.2e-08,NA,"NO2","P1E5"
"10226","cg09890989",-0.00038,6.9e-05,2.2e-08,NA,"NO2","P1E5"
"10227","cg14353506",-0.00034,6.1e-05,2.2e-08,NA,"NO2","P1E5"
"10228","cg19249107",-0.00035,6.3e-05,2.2e-08,NA,"NO2","P1E5"
"10229","cg20100668",-0.00018,3.2e-05,2.2e-08,NA,"NO2","P1E5"
"10230","cg20957755",-0.00019,3.4e-05,2.2e-08,NA,"NO2","P1E5"
"10231","cg22296593",-0.00027,4.8e-05,2.2e-08,NA,"NO2","P1E5"
"10232","cg22484397",-3e-04,5.3e-05,2.2e-08,NA,"NO2","P1E5"
"10233","cg23181035",-0.00032,5.8e-05,2.2e-08,NA,"NO2","P1E5"
"10234","cg03352346",-0.00035,6.2e-05,2.2e-08,NA,"NO2","P1E5"
"10235","cg04813711",-0.00022,3.9e-05,2.2e-08,NA,"NO2","P1E5"
"10236","cg05982504",-0.00044,7.8e-05,2.2e-08,NA,"NO2","P1E5"
"10237","cg11852843",-3e-04,5.4e-05,2.2e-08,NA,"NO2","P1E5"
"10238","cg16527339",-2e-04,3.5e-05,2.2e-08,NA,"NO2","P1E5"
"10239","cg21752637",-0.00022,3.9e-05,2.2e-08,NA,"NO2","P1E5"
"10240","cg01259126",-4e-04,7.2e-05,2.2e-08,NA,"NO2","P1E5"
"10241","cg01428678",-0.00019,3.4e-05,2.2e-08,NA,"NO2","P1E5"
"10242","cg02341670",-0.00025,4.4e-05,2.2e-08,NA,"NO2","P1E5"
"10243","cg06742778",-0.00036,6.4e-05,2.2e-08,NA,"NO2","P1E5"
"10244","cg08482926",-0.00036,6.5e-05,2.2e-08,NA,"NO2","P1E5"
"10245","cg08710564",-0.00024,4.2e-05,2.2e-08,NA,"NO2","P1E5"
"10246","cg14661969",-0.00024,4.3e-05,2.2e-08,NA,"NO2","P1E5"
"10247","cg21214566",-0.00043,7.7e-05,2.2e-08,NA,"NO2","P1E5"
"10248","cg04234540",-0.00022,3.9e-05,2.2e-08,NA,"NO2","P1E5"
"10249","cg05589691",-0.00031,5.5e-05,2.2e-08,NA,"NO2","P1E5"
"10250","cg13497268",-0.00032,5.6e-05,2.2e-08,NA,"NO2","P1E5"
"10251","cg15207999",-0.00028,5e-05,2.2e-08,NA,"NO2","P1E5"
"10252","cg18330370",-0.00034,6.1e-05,2.2e-08,NA,"NO2","P1E5"
"10253","cg27616543",-0.00031,5.5e-05,2.2e-08,NA,"NO2","P1E5"
"10254","cg13956167",-0.00027,4.9e-05,2.2e-08,NA,"NO2","P1E5"
"10255","cg15006681",-0.00077,0.00014,2.2e-08,NA,"NO2","P1E5"
"10256","cg18353741",-0.00033,5.8e-05,2.2e-08,NA,"NO2","P1E5"
"10257","cg19602370",-0.00027,4.8e-05,2.2e-08,NA,"NO2","P1E5"
"10258","cg27215916",-0.00034,6.1e-05,2.2e-08,NA,"NO2","P1E5"
"10259","cg00322201",-0.00036,6.3e-05,2.2e-08,NA,"NO2","P1E5"
"10260","cg00757420",-3e-04,5.3e-05,2.2e-08,NA,"NO2","P1E5"
"10261","cg04903829",-0.00031,5.5e-05,2.2e-08,NA,"NO2","P1E5"
"10262","cg07841831",-0.00034,6.2e-05,2.2e-08,NA,"NO2","P1E5"
"10263","cg10192145",-2e-04,3.6e-05,2.2e-08,NA,"NO2","P1E5"
"10264","cg10628785",-0.00035,6.3e-05,2.2e-08,NA,"NO2","P1E5"
"10265","cg12417807",-0.00024,4.3e-05,2.2e-08,NA,"NO2","P1E5"
"10266","cg16126291",-0.00025,4.5e-05,2.2e-08,NA,"NO2","P1E5"
"10267","cg23048698",-0.00022,3.9e-05,2.2e-08,NA,"NO2","P1E5"
"10268","cg25518571",-0.00015,2.8e-05,2.2e-08,NA,"NO2","P1E5"
"10269","cg00349948",-0.00029,5.2e-05,2.2e-08,NA,"NO2","P1E5"
"10270","cg12800200",-0.00029,5.1e-05,2.2e-08,NA,"NO2","P1E5"
"10271","cg16360432",-0.00038,6.8e-05,2.2e-08,NA,"NO2","P1E5"
"10272","cg18346576",-6e-04,0.00011,2.2e-08,NA,"NO2","P1E5"
"10273","cg22434835",-0.00013,2.4e-05,2.2e-08,NA,"NO2","P1E5"
"10274","cg24698488",-0.00018,3.2e-05,2.2e-08,NA,"NO2","P1E5"
"10275","cg01162915",-0.00041,7.4e-05,2.2e-08,NA,"NO2","P1E5"
"10276","cg07185165",-0.00038,6.9e-05,2.2e-08,NA,"NO2","P1E5"
"10277","cg15474711",-0.00039,6.9e-05,2.2e-08,NA,"NO2","P1E5"
"10278","cg25357706",-4e-04,7.2e-05,2.2e-08,NA,"NO2","P1E5"
"10279","cg03072195",-3e-04,5.3e-05,2.2e-08,NA,"NO2","P1E5"
"10280","cg17401106",-0.00044,7.9e-05,2.2e-08,NA,"NO2","P1E5"
"10281","cg22717825",-0.00032,5.8e-05,2.2e-08,NA,"NO2","P1E5"
"10282","cg24950402",-0.00026,4.7e-05,2.2e-08,NA,"NO2","P1E5"
"10283","cg25315503",-0.00037,6.6e-05,2.2e-08,NA,"NO2","P1E5"
"10284","cg02180737",-0.00026,4.7e-05,2.3e-08,NA,"NO2","P1E5"
"10285","cg03432085",-0.00026,4.6e-05,2.3e-08,NA,"NO2","P1E5"
"10286","cg05492113",-3e-04,5.4e-05,2.3e-08,NA,"NO2","P1E5"
"10287","cg09322655",-0.00037,6.6e-05,2.3e-08,NA,"NO2","P1E5"
"10288","cg16960396",-0.00029,5.2e-05,2.3e-08,NA,"NO2","P1E5"
"10289","cg24571899",-0.00031,5.5e-05,2.3e-08,NA,"NO2","P1E5"
"10290","cg00988175",-0.00025,4.5e-05,2.3e-08,NA,"NO2","P1E5"
"10291","cg12608881",-3e-04,5.4e-05,2.3e-08,NA,"NO2","P1E5"
"10292","cg13130338",-0.00038,6.8e-05,2.3e-08,NA,"NO2","P1E5"
"10293","cg06407390",-0.00033,5.8e-05,2.3e-08,NA,"NO2","P1E5"
"10294","cg09023584",-0.00027,4.9e-05,2.3e-08,NA,"NO2","P1E5"
"10295","cg09754110",-0.00015,2.8e-05,2.3e-08,NA,"NO2","P1E5"
"10296","cg15907480",-0.00051,9.2e-05,2.3e-08,NA,"NO2","P1E5"
"10297","cg21561124",-0.00029,5.2e-05,2.3e-08,NA,"NO2","P1E5"
"10298","cg22450045",-0.00024,4.3e-05,2.3e-08,NA,"NO2","P1E5"
"10299","cg05667101",-0.00021,3.7e-05,2.3e-08,NA,"NO2","P1E5"
"10300","cg06646112",-0.00034,6.2e-05,2.3e-08,NA,"NO2","P1E5"
"10301","cg09380688",-0.00026,4.6e-05,2.3e-08,NA,"NO2","P1E5"
"10302","cg16010467",-3e-04,5.4e-05,2.3e-08,NA,"NO2","P1E5"
"10303","cg02055351",-0.00029,5.3e-05,2.3e-08,NA,"NO2","P1E5"
"10304","cg08301965",-0.00024,4.4e-05,2.3e-08,NA,"NO2","P1E5"
"10305","cg15450098",-0.00021,3.8e-05,2.3e-08,NA,"NO2","P1E5"
"10306","cg17499324",-0.00038,6.7e-05,2.3e-08,NA,"NO2","P1E5"
"10307","cg20677982",-2e-04,3.6e-05,2.3e-08,NA,"NO2","P1E5"
"10308","cg09420510",-0.00023,4.1e-05,2.3e-08,NA,"NO2","P1E5"
"10309","cg25273707",-0.00058,1e-04,2.3e-08,NA,"NO2","P1E5"
"10310","cg01244775",-0.00039,7e-05,2.3e-08,NA,"NO2","P1E5"
"10311","cg03678566",-0.00046,8.2e-05,2.3e-08,NA,"NO2","P1E5"
"10312","cg07705739",-0.00037,6.6e-05,2.3e-08,NA,"NO2","P1E5"
"10313","cg09508556",-3e-04,5.4e-05,2.3e-08,NA,"NO2","P1E5"
"10314","cg18786891",-0.00026,4.7e-05,2.3e-08,NA,"NO2","P1E5"
"10315","cg18823272",-0.00028,5.1e-05,2.3e-08,NA,"NO2","P1E5"
"10316","cg01732875",-0.00025,4.4e-05,2.3e-08,NA,"NO2","P1E5"
"10317","cg08822118",-0.00043,7.7e-05,2.3e-08,NA,"NO2","P1E5"
"10318","cg11597185",-0.00022,3.9e-05,2.3e-08,NA,"NO2","P1E5"
"10319","cg17917750",-0.00024,4.3e-05,2.3e-08,NA,"NO2","P1E5"
"10320","cg19305718",-0.00026,4.7e-05,2.3e-08,NA,"NO2","P1E5"
"10321","cg00674681",-3e-04,5.4e-05,2.3e-08,NA,"NO2","P1E5"
"10322","cg02253586",-0.00034,6.1e-05,2.3e-08,NA,"NO2","P1E5"
"10323","cg07087779",-0.00035,6.3e-05,2.3e-08,NA,"NO2","P1E5"
"10324","cg13985639",-0.00036,6.5e-05,2.3e-08,NA,"NO2","P1E5"
"10325","cg21071138",-0.00029,5.1e-05,2.3e-08,NA,"NO2","P1E5"
"10326","cg00512454",-0.00034,6.1e-05,2.4e-08,NA,"NO2","P1E5"
"10327","cg03917100",-0.00035,6.2e-05,2.4e-08,NA,"NO2","P1E5"
"10328","cg20069972",-2e-04,3.7e-05,2.4e-08,NA,"NO2","P1E5"
"10329","cg22847608",-0.00035,6.3e-05,2.4e-08,NA,"NO2","P1E5"
"10330","cg26114457",-0.00028,5e-05,2.4e-08,NA,"NO2","P1E5"
"10331","cg02350785",-0.00026,4.6e-05,2.4e-08,NA,"NO2","P1E5"
"10332","cg03291548",-0.00054,9.7e-05,2.4e-08,NA,"NO2","P1E5"
"10333","cg03674552",-3e-04,5.5e-05,2.4e-08,NA,"NO2","P1E5"
"10334","cg05225089",-0.00027,4.8e-05,2.4e-08,NA,"NO2","P1E5"
"10335","cg05624623",-4e-04,7.1e-05,2.4e-08,NA,"NO2","P1E5"
"10336","cg12434085",-4e-04,7.2e-05,2.4e-08,NA,"NO2","P1E5"
"10337","cg13676763",-0.00062,0.00011,2.4e-08,NA,"NO2","P1E5"
"10338","cg04207306",-0.00044,7.9e-05,2.4e-08,NA,"NO2","P1E5"
"10339","cg05886689",-0.00046,8.2e-05,2.4e-08,NA,"NO2","P1E5"
"10340","cg09245192",-0.00031,5.5e-05,2.4e-08,NA,"NO2","P1E5"
"10341","cg09745791",-0.00048,8.6e-05,2.4e-08,NA,"NO2","P1E5"
"10342","cg09827071",-0.00057,1e-04,2.4e-08,NA,"NO2","P1E5"
"10343","cg16089796",-0.00027,4.8e-05,2.4e-08,NA,"NO2","P1E5"
"10344","cg17007693",-0.00028,5.1e-05,2.4e-08,NA,"NO2","P1E5"
"10345","cg18684755",-0.00032,5.7e-05,2.4e-08,NA,"NO2","P1E5"
"10346","cg10525372",-2e-04,3.6e-05,2.4e-08,NA,"NO2","P1E5"
"10347","cg13750214",-0.00027,4.8e-05,2.4e-08,NA,"NO2","P1E5"
"10348","cg15157974",-0.00026,4.7e-05,2.4e-08,NA,"NO2","P1E5"
"10349","cg16586594",-7e-04,0.00013,2.4e-08,NA,"NO2","P1E5"
"10350","cg20686001",-0.00036,6.4e-05,2.4e-08,NA,"NO2","P1E5"
"10351","cg03748310",-0.00016,2.8e-05,2.4e-08,NA,"NO2","P1E5"
"10352","cg04627093",-0.00028,5.1e-05,2.4e-08,NA,"NO2","P1E5"
"10353","cg15196820",-0.00042,7.6e-05,2.4e-08,NA,"NO2","P1E5"
"10354","cg18057618",0.00046,8.3e-05,2.4e-08,NA,"NO2","P1E5"
"10355","cg26574904",-0.00036,6.4e-05,2.4e-08,NA,"NO2","P1E5"
"10356","cg00275126",-3e-04,5.5e-05,2.4e-08,NA,"NO2","P1E5"
"10357","cg00357494",-0.00031,5.5e-05,2.4e-08,NA,"NO2","P1E5"
"10358","cg01072658",-0.00037,6.7e-05,2.4e-08,NA,"NO2","P1E5"
"10359","cg04173397",-0.00054,9.7e-05,2.4e-08,NA,"NO2","P1E5"
"10360","cg14601053",-4e-04,7.2e-05,2.4e-08,NA,"NO2","P1E5"
"10361","cg19130630",-0.00026,4.6e-05,2.4e-08,NA,"NO2","P1E5"
"10362","cg22820426",-0.00024,4.2e-05,2.4e-08,NA,"NO2","P1E5"
"10363","cg10601821",-0.00037,6.7e-05,2.4e-08,NA,"NO2","P1E5"
"10364","cg13607179",-0.00038,6.8e-05,2.4e-08,NA,"NO2","P1E5"
"10365","cg16805557",-0.00028,4.9e-05,2.4e-08,NA,"NO2","P1E5"
"10366","cg21616626",-0.00035,6.2e-05,2.4e-08,NA,"NO2","P1E5"
"10367","cg03695433",-3e-04,5.3e-05,2.4e-08,NA,"NO2","P1E5"
"10368","cg04048249",-0.00034,6.1e-05,2.4e-08,NA,"NO2","P1E5"
"10369","cg19927661",-0.00025,4.4e-05,2.4e-08,NA,"NO2","P1E5"
"10370","cg04444942",-0.00028,5.1e-05,2.4e-08,NA,"NO2","P1E5"
"10371","cg11105029",-0.00034,6.1e-05,2.4e-08,NA,"NO2","P1E5"
"10372","cg21304454",-0.00027,4.8e-05,2.4e-08,NA,"NO2","P1E5"
"10373","cg25206280",-3e-04,5.3e-05,2.4e-08,NA,"NO2","P1E5"
"10374","cg02819808",-0.00021,3.8e-05,2.5e-08,NA,"NO2","P1E5"
"10375","cg03728674",-0.00042,7.5e-05,2.5e-08,NA,"NO2","P1E5"
"10376","cg10888244",-0.00055,9.9e-05,2.5e-08,NA,"NO2","P1E5"
"10377","cg19375336",-0.00021,3.8e-05,2.5e-08,NA,"NO2","P1E5"
"10378","cg23345697",-0.00052,9.3e-05,2.5e-08,NA,"NO2","P1E5"
"10379","cg25747670",-0.00038,6.8e-05,2.5e-08,NA,"NO2","P1E5"
"10380","cg03623111",-0.00039,7e-05,2.5e-08,NA,"NO2","P1E5"
"10381","cg03742132",-0.00021,3.7e-05,2.5e-08,NA,"NO2","P1E5"
"10382","cg10211744",-0.00044,7.8e-05,2.5e-08,NA,"NO2","P1E5"
"10383","cg14826211",-0.00031,5.5e-05,2.5e-08,NA,"NO2","P1E5"
"10384","cg16399624",-0.00041,7.4e-05,2.5e-08,NA,"NO2","P1E5"
"10385","cg18695221",-0.00018,3.2e-05,2.5e-08,NA,"NO2","P1E5"
"10386","cg21587375",-0.00041,7.3e-05,2.5e-08,NA,"NO2","P1E5"
"10387","cg26535547",-0.00029,5.2e-05,2.5e-08,NA,"NO2","P1E5"
"10388","cg00986350",-0.00061,0.00011,2.5e-08,NA,"NO2","P1E5"
"10389","cg08940490",-0.00036,6.4e-05,2.5e-08,NA,"NO2","P1E5"
"10390","cg10097464",-0.00051,9.2e-05,2.5e-08,NA,"NO2","P1E5"
"10391","cg17126250",-0.00035,6.2e-05,2.5e-08,NA,"NO2","P1E5"
"10392","cg27303933",-0.00033,6e-05,2.5e-08,NA,"NO2","P1E5"
"10393","cg05162358",-0.00032,5.8e-05,2.5e-08,NA,"NO2","P1E5"
"10394","cg08553452",-0.00029,5.2e-05,2.5e-08,NA,"NO2","P1E5"
"10395","cg12069042",-0.00026,4.6e-05,2.5e-08,NA,"NO2","P1E5"
"10396","cg15439078",-0.00036,6.4e-05,2.5e-08,NA,"NO2","P1E5"
"10397","cg08835403",-0.00039,7e-05,2.5e-08,NA,"NO2","P1E5"
"10398","cg09085201",-4e-04,7.2e-05,2.5e-08,NA,"NO2","P1E5"
"10399","cg09694272",-0.00022,4e-05,2.5e-08,NA,"NO2","P1E5"
"10400","cg09990539",-0.00024,4.4e-05,2.5e-08,NA,"NO2","P1E5"
"10401","cg15955655",-0.00032,5.8e-05,2.5e-08,NA,"NO2","P1E5"
"10402","cg17445625",-0.00033,5.9e-05,2.5e-08,NA,"NO2","P1E5"
"10403","cg25754852",-0.00022,3.9e-05,2.5e-08,NA,"NO2","P1E5"
"10404","cg25882240",-0.00032,5.8e-05,2.5e-08,NA,"NO2","P1E5"
"10405","cg26766694",-0.00047,8.4e-05,2.5e-08,NA,"NO2","P1E5"
"10406","cg00819141",-0.00035,6.3e-05,2.5e-08,NA,"NO2","P1E5"
"10407","cg04578149",-0.00034,6.1e-05,2.5e-08,NA,"NO2","P1E5"
"10408","cg04743510",-0.00042,7.5e-05,2.5e-08,NA,"NO2","P1E5"
"10409","cg10006979",-0.00025,4.5e-05,2.5e-08,NA,"NO2","P1E5"
"10410","cg22226680",-0.00026,4.6e-05,2.5e-08,NA,"NO2","P1E5"
"10411","cg12342003",-0.00038,6.9e-05,2.5e-08,NA,"NO2","P1E5"
"10412","cg13510520",-0.00017,3e-05,2.5e-08,NA,"NO2","P1E5"
"10413","cg16257559",-0.00032,5.7e-05,2.5e-08,NA,"NO2","P1E5"
"10414","cg16630369",-0.00034,6e-05,2.5e-08,NA,"NO2","P1E5"
"10415","cg23688350",-5e-04,9e-05,2.5e-08,NA,"NO2","P1E5"
"10416","cg25320169",-0.00052,9.3e-05,2.5e-08,NA,"NO2","P1E5"
"10417","cg03103944",-0.00027,4.8e-05,2.5e-08,NA,"NO2","P1E5"
"10418","cg17024482",-3e-04,5.3e-05,2.5e-08,NA,"NO2","P1E5"
"10419","cg26758340",-0.00032,5.7e-05,2.5e-08,NA,"NO2","P1E5"
"10420","cg00165360",-0.00029,5.2e-05,2.5e-08,NA,"NO2","P1E5"
"10421","cg07925311",-0.00032,5.7e-05,2.5e-08,NA,"NO2","P1E5"
"10422","cg13792913",-0.00046,8.2e-05,2.5e-08,NA,"NO2","P1E5"
"10423","cg16123211",-0.00038,6.8e-05,2.5e-08,NA,"NO2","P1E5"
"10424","cg26172342",-0.00059,0.00011,2.5e-08,NA,"NO2","P1E5"
"10425","cg27652869",-0.00043,7.7e-05,2.5e-08,NA,"NO2","P1E5"
"10426","cg13718686",-0.00037,6.6e-05,2.6e-08,NA,"NO2","P1E5"
"10427","cg13726563",-0.00035,6.2e-05,2.6e-08,NA,"NO2","P1E5"
"10428","cg15148394",-4e-04,7.1e-05,2.6e-08,NA,"NO2","P1E5"
"10429","cg18593210",-0.00035,6.2e-05,2.6e-08,NA,"NO2","P1E5"
"10430","cg05718035",-0.00033,5.9e-05,2.6e-08,NA,"NO2","P1E5"
"10431","cg20716202",-0.00025,4.6e-05,2.6e-08,NA,"NO2","P1E5"
"10432","cg21151017",-2e-04,3.7e-05,2.6e-08,NA,"NO2","P1E5"
"10433","cg00339331",-0.00035,6.3e-05,2.6e-08,NA,"NO2","P1E5"
"10434","cg04116432",-0.00048,8.6e-05,2.6e-08,NA,"NO2","P1E5"
"10435","cg16203491",-0.00041,7.3e-05,2.6e-08,NA,"NO2","P1E5"
"10436","cg08149865",-0.00052,9.3e-05,2.6e-08,NA,"NO2","P1E5"
"10437","cg08599085",-0.00029,5.1e-05,2.6e-08,NA,"NO2","P1E5"
"10438","cg12235260",-0.00024,4.2e-05,2.6e-08,NA,"NO2","P1E5"
"10439","cg21096141",-2e-04,3.6e-05,2.6e-08,NA,"NO2","P1E5"
"10440","cg23398109",-0.00021,3.7e-05,2.6e-08,NA,"NO2","P1E5"
"10441","cg01748414",-0.00022,3.9e-05,2.6e-08,NA,"NO2","P1E5"
"10442","cg04003772",-0.00031,5.5e-05,2.6e-08,NA,"NO2","P1E5"
"10443","cg07160540",-0.00031,5.6e-05,2.6e-08,NA,"NO2","P1E5"
"10444","cg13530039",-0.00042,7.6e-05,2.6e-08,NA,"NO2","P1E5"
"10445","cg22733580",-0.00036,6.4e-05,2.6e-08,NA,"NO2","P1E5"
"10446","cg23228279",-0.00031,5.5e-05,2.6e-08,NA,"NO2","P1E5"
"10447","cg02599626",-0.00025,4.5e-05,2.6e-08,NA,"NO2","P1E5"
"10448","cg04617428",-5e-04,9e-05,2.6e-08,NA,"NO2","P1E5"
"10449","cg06689049",-0.00041,7.4e-05,2.6e-08,NA,"NO2","P1E5"
"10450","cg10583392",-0.00031,5.6e-05,2.6e-08,NA,"NO2","P1E5"
"10451","cg19781696",-0.00024,4.2e-05,2.6e-08,NA,"NO2","P1E5"
"10452","cg00978848",-0.00041,7.3e-05,2.6e-08,NA,"NO2","P1E5"
"10453","cg02284278",-3e-04,5.3e-05,2.6e-08,NA,"NO2","P1E5"
"10454","cg14590637",-0.00032,5.7e-05,2.6e-08,NA,"NO2","P1E5"
"10455","cg14630099",-0.00029,5.2e-05,2.6e-08,NA,"NO2","P1E5"
"10456","cg15347348",-0.00044,7.8e-05,2.6e-08,NA,"NO2","P1E5"
"10457","cg17001194",-0.00039,7.1e-05,2.6e-08,NA,"NO2","P1E5"
"10458","cg22542859",-0.00024,4.3e-05,2.6e-08,NA,"NO2","P1E5"
"10459","cg25229467",-0.00032,5.8e-05,2.6e-08,NA,"NO2","P1E5"
"10460","cg00872683",-0.00028,5e-05,2.6e-08,NA,"NO2","P1E5"
"10461","cg11945096",-0.00024,4.3e-05,2.6e-08,NA,"NO2","P1E5"
"10462","cg22972318",-0.00032,5.8e-05,2.6e-08,NA,"NO2","P1E5"
"10463","cg03458229",-0.00028,5.1e-05,2.6e-08,NA,"NO2","P1E5"
"10464","cg05309280",-0.00056,1e-04,2.6e-08,NA,"NO2","P1E5"
"10465","cg08117126",-0.00029,5.2e-05,2.6e-08,NA,"NO2","P1E5"
"10466","cg10021786",-0.00023,4.2e-05,2.6e-08,NA,"NO2","P1E5"
"10467","cg10143416",-0.00025,4.6e-05,2.6e-08,NA,"NO2","P1E5"
"10468","cg13975404",-2e-04,3.6e-05,2.6e-08,NA,"NO2","P1E5"
"10469","cg21384691",-0.00032,5.7e-05,2.6e-08,NA,"NO2","P1E5"
"10470","cg26060665",-0.00022,3.9e-05,2.6e-08,NA,"NO2","P1E5"
"10471","cg27512316",-0.00041,7.3e-05,2.6e-08,NA,"NO2","P1E5"
"10472","cg02648589",0.00097,0.00018,2.6e-08,NA,"NO2","P1E5"
"10473","cg10045909",0.00054,9.7e-05,2.6e-08,NA,"NO2","P1E5"
"10474","cg13051970",-0.00044,7.9e-05,2.6e-08,NA,"NO2","P1E5"
"10475","cg14572705",-0.00019,3.4e-05,2.6e-08,NA,"NO2","P1E5"
"10476","cg26371327",-0.00082,0.00015,2.6e-08,NA,"NO2","P1E5"
"10477","cg08603768",-0.00029,5.3e-05,2.7e-08,NA,"NO2","P1E5"
"10478","cg13649658",-0.00027,4.8e-05,2.7e-08,NA,"NO2","P1E5"
"10479","cg16360861",-0.00023,4.2e-05,2.7e-08,NA,"NO2","P1E5"
"10480","cg18438187",-0.00036,6.5e-05,2.7e-08,NA,"NO2","P1E5"
"10481","cg21464975",-0.00022,3.9e-05,2.7e-08,NA,"NO2","P1E5"
"10482","cg23388392",-0.00034,6.2e-05,2.7e-08,NA,"NO2","P1E5"
"10483","cg27263063",-2e-04,3.6e-05,2.7e-08,NA,"NO2","P1E5"
"10484","cg06302818",-0.00027,4.9e-05,2.7e-08,NA,"NO2","P1E5"
"10485","cg15320272",-0.00022,3.9e-05,2.7e-08,NA,"NO2","P1E5"
"10486","cg17165475",-0.00033,5.9e-05,2.7e-08,NA,"NO2","P1E5"
"10487","cg18120259",-0.00067,0.00012,2.7e-08,NA,"NO2","P1E5"
"10488","cg04326348",-4e-04,7.2e-05,2.7e-08,NA,"NO2","P1E5"
"10489","cg09491068",-0.00031,5.6e-05,2.7e-08,NA,"NO2","P1E5"
"10490","cg09730689",-3e-04,5.4e-05,2.7e-08,NA,"NO2","P1E5"
"10491","cg11516031",-0.00048,8.6e-05,2.7e-08,NA,"NO2","P1E5"
"10492","cg11766283",-0.00036,6.4e-05,2.7e-08,NA,"NO2","P1E5"
"10493","cg13031367",-2e-04,3.7e-05,2.7e-08,NA,"NO2","P1E5"
"10494","cg21049809",-0.00039,7.1e-05,2.7e-08,NA,"NO2","P1E5"
"10495","cg23239344",-0.00026,4.6e-05,2.7e-08,NA,"NO2","P1E5"
"10496","cg23619217",-0.00037,6.7e-05,2.7e-08,NA,"NO2","P1E5"
"10497","cg08755622",-0.00026,4.7e-05,2.7e-08,NA,"NO2","P1E5"
"10498","cg14372635",-0.00027,4.9e-05,2.7e-08,NA,"NO2","P1E5"
"10499","cg20438324",-0.00024,4.4e-05,2.7e-08,NA,"NO2","P1E5"
"10500","cg01181932",-0.00021,3.8e-05,2.7e-08,NA,"NO2","P1E5"
"10501","cg11065467",-0.00036,6.4e-05,2.7e-08,NA,"NO2","P1E5"
"10502","cg20329486",-0.00029,5.3e-05,2.7e-08,NA,"NO2","P1E5"
"10503","cg24676755",-0.00022,4e-05,2.7e-08,NA,"NO2","P1E5"
"10504","cg26286082",-0.00038,6.8e-05,2.7e-08,NA,"NO2","P1E5"
"10505","cg08096381",-0.00066,0.00012,2.7e-08,NA,"NO2","P1E5"
"10506","cg17945140",-2e-04,3.6e-05,2.7e-08,NA,"NO2","P1E5"
"10507","cg22020813",-0.00031,5.6e-05,2.7e-08,NA,"NO2","P1E5"
"10508","cg00134415",-0.00038,6.8e-05,2.7e-08,NA,"NO2","P1E5"
"10509","cg00425827",-0.00045,8.1e-05,2.7e-08,NA,"NO2","P1E5"
"10510","cg07442487",-0.00021,3.9e-05,2.7e-08,NA,"NO2","P1E5"
"10511","cg09228949",-3e-04,5.4e-05,2.7e-08,NA,"NO2","P1E5"
"10512","cg15833565",-0.00028,5.1e-05,2.7e-08,NA,"NO2","P1E5"
"10513","cg20076442",-0.00093,0.00017,2.7e-08,NA,"NO2","P1E5"
"10514","cg21622536",-0.00044,7.9e-05,2.7e-08,NA,"NO2","P1E5"
"10515","cg00643123",-0.00042,7.5e-05,2.7e-08,NA,"NO2","P1E5"
"10516","cg07106615",-0.00022,4.1e-05,2.7e-08,NA,"NO2","P1E5"
"10517","cg09535963",-0.00034,6.1e-05,2.7e-08,NA,"NO2","P1E5"
"10518","cg22410826",-0.00026,4.6e-05,2.7e-08,NA,"NO2","P1E5"
"10519","cg22870280",-3e-04,5.5e-05,2.7e-08,NA,"NO2","P1E5"
"10520","cg25718132",-0.00037,6.7e-05,2.7e-08,NA,"NO2","P1E5"
"10521","cg00145911",-0.00027,4.9e-05,2.7e-08,NA,"NO2","P1E5"
"10522","cg01633093",-0.00025,4.4e-05,2.7e-08,NA,"NO2","P1E5"
"10523","cg02993944",-0.00016,2.9e-05,2.7e-08,NA,"NO2","P1E5"
"10524","cg11941929",-0.00034,6.1e-05,2.7e-08,NA,"NO2","P1E5"
"10525","cg12800915",-0.00038,6.8e-05,2.7e-08,NA,"NO2","P1E5"
"10526","cg13234732",-0.00022,3.9e-05,2.7e-08,NA,"NO2","P1E5"
"10527","cg16313758",-0.00038,6.8e-05,2.7e-08,NA,"NO2","P1E5"
"10528","cg21149811",-0.00034,6.1e-05,2.7e-08,NA,"NO2","P1E5"
"10529","cg27454789",-0.00019,3.4e-05,2.7e-08,NA,"NO2","P1E5"
"10530","cg16061228",-0.00028,5.1e-05,2.8e-08,NA,"NO2","P1E5"
"10531","cg17939432",-0.00027,4.8e-05,2.8e-08,NA,"NO2","P1E5"
"10532","cg18589504",-0.00022,4e-05,2.8e-08,NA,"NO2","P1E5"
"10533","cg22794775",-0.00019,3.4e-05,2.8e-08,NA,"NO2","P1E5"
"10534","cg24082440",-0.00034,6.1e-05,2.8e-08,NA,"NO2","P1E5"
"10535","cg25921357",-0.00076,0.00014,2.8e-08,NA,"NO2","P1E5"
"10536","cg26876703",-0.00027,4.9e-05,2.8e-08,NA,"NO2","P1E5"
"10537","cg26878999",-3e-04,5.5e-05,2.8e-08,NA,"NO2","P1E5"
"10538","cg26902130",-0.00024,4.3e-05,2.8e-08,NA,"NO2","P1E5"
"10539","cg04125710",-0.00031,5.6e-05,2.8e-08,NA,"NO2","P1E5"
"10540","cg15232214",-0.00015,2.6e-05,2.8e-08,NA,"NO2","P1E5"
"10541","cg02221115",-0.00025,4.6e-05,2.8e-08,NA,"NO2","P1E5"
"10542","cg08608126",0.00047,8.5e-05,2.8e-08,NA,"NO2","P1E5"
"10543","cg22166739",0.00038,6.8e-05,2.8e-08,NA,"NO2","P1E5"
"10544","cg24216555",-0.00031,5.6e-05,2.8e-08,NA,"NO2","P1E5"
"10545","cg00689772",-0.00027,4.9e-05,2.8e-08,NA,"NO2","P1E5"
"10546","cg11724942",-0.00032,5.8e-05,2.8e-08,NA,"NO2","P1E5"
"10547","cg20023356",-0.00023,4.1e-05,2.8e-08,NA,"NO2","P1E5"
"10548","cg23330668",-0.00024,4.3e-05,2.8e-08,NA,"NO2","P1E5"
"10549","cg02045981",-0.00034,6e-05,2.8e-08,NA,"NO2","P1E5"
"10550","cg15010616",-0.00035,6.3e-05,2.8e-08,NA,"NO2","P1E5"
"10551","cg00453808",-0.00036,6.5e-05,2.8e-08,NA,"NO2","P1E5"
"10552","cg01733928",-0.00035,6.3e-05,2.8e-08,NA,"NO2","P1E5"
"10553","cg03156651",-3e-04,5.3e-05,2.8e-08,NA,"NO2","P1E5"
"10554","cg06911110",-0.00031,5.6e-05,2.8e-08,NA,"NO2","P1E5"
"10555","cg13698865",-0.00025,4.5e-05,2.8e-08,NA,"NO2","P1E5"
"10556","cg20061971",-0.00041,7.4e-05,2.8e-08,NA,"NO2","P1E5"
"10557","cg21764043",-0.00032,5.7e-05,2.8e-08,NA,"NO2","P1E5"
"10558","cg18226169",-0.00059,0.00011,2.8e-08,NA,"NO2","P1E5"
"10559","cg20752695",-0.00039,7e-05,2.8e-08,NA,"NO2","P1E5"
"10560","cg06363034",-0.00025,4.5e-05,2.8e-08,NA,"NO2","P1E5"
"10561","cg06617528",-0.00019,3.4e-05,2.8e-08,NA,"NO2","P1E5"
"10562","cg04843690",-0.00028,5e-05,2.8e-08,NA,"NO2","P1E5"
"10563","cg23214395",-0.00029,5.3e-05,2.8e-08,NA,"NO2","P1E5"
"10564","cg23629393",-0.00037,6.6e-05,2.8e-08,NA,"NO2","P1E5"
"10565","cg25033144",-0.00022,4e-05,2.8e-08,NA,"NO2","P1E5"
"10566","cg02361013",-0.00029,5.2e-05,2.8e-08,NA,"NO2","P1E5"
"10567","cg07177789",-0.00048,8.6e-05,2.8e-08,NA,"NO2","P1E5"
"10568","cg11335179",-0.00024,4.3e-05,2.8e-08,NA,"NO2","P1E5"
"10569","cg15442746",-2e-04,3.7e-05,2.8e-08,NA,"NO2","P1E5"
"10570","cg04926767",-0.00039,7e-05,2.9e-08,NA,"NO2","P1E5"
"10571","cg08154887",-0.00025,4.4e-05,2.9e-08,NA,"NO2","P1E5"
"10572","cg13617561",-0.00045,8e-05,2.9e-08,NA,"NO2","P1E5"
"10573","cg14289738",-0.00026,4.8e-05,2.9e-08,NA,"NO2","P1E5"
"10574","cg06979680",-0.00022,3.9e-05,2.9e-08,NA,"NO2","P1E5"
"10575","cg10570544",-0.00018,3.2e-05,2.9e-08,NA,"NO2","P1E5"
"10576","cg14328683",-0.00027,4.9e-05,2.9e-08,NA,"NO2","P1E5"
"10577","cg17052783",-3e-04,5.3e-05,2.9e-08,NA,"NO2","P1E5"
"10578","cg18739166",-0.00025,4.6e-05,2.9e-08,NA,"NO2","P1E5"
"10579","cg19974131",-4e-04,7.2e-05,2.9e-08,NA,"NO2","P1E5"
"10580","cg25738070",-0.00025,4.5e-05,2.9e-08,NA,"NO2","P1E5"
"10581","cg25754143",-4e-04,7.2e-05,2.9e-08,NA,"NO2","P1E5"
"10582","cg26798688",-0.00018,3.3e-05,2.9e-08,NA,"NO2","P1E5"
"10583","cg03825175",-0.00037,6.7e-05,2.9e-08,NA,"NO2","P1E5"
"10584","cg13430552",-0.00063,0.00011,2.9e-08,NA,"NO2","P1E5"
"10585","cg26924127",-0.00033,5.9e-05,2.9e-08,NA,"NO2","P1E5"
"10586","cg27390201",-0.00027,4.8e-05,2.9e-08,NA,"NO2","P1E5"
"10587","cg00192275",-0.00019,3.5e-05,2.9e-08,NA,"NO2","P1E5"
"10588","cg00828836",-0.00031,5.5e-05,2.9e-08,NA,"NO2","P1E5"
"10589","cg03420389",-0.00036,6.5e-05,2.9e-08,NA,"NO2","P1E5"
"10590","cg07226802",-0.00033,5.9e-05,2.9e-08,NA,"NO2","P1E5"
"10591","cg00745693",-3e-04,5.4e-05,2.9e-08,NA,"NO2","P1E5"
"10592","cg15495417",-0.00024,4.4e-05,2.9e-08,NA,"NO2","P1E5"
"10593","cg21021469",-0.00032,5.8e-05,2.9e-08,NA,"NO2","P1E5"
"10594","cg21810793",-0.00024,4.3e-05,2.9e-08,NA,"NO2","P1E5"
"10595","cg24016995",-0.00028,5.1e-05,2.9e-08,NA,"NO2","P1E5"
"10596","cg24358771",-0.00033,5.9e-05,2.9e-08,NA,"NO2","P1E5"
"10597","cg24591279",-0.00025,4.6e-05,2.9e-08,NA,"NO2","P1E5"
"10598","cg26038547",-0.00028,5.1e-05,2.9e-08,NA,"NO2","P1E5"
"10599","cg00008819",-0.00025,4.6e-05,2.9e-08,NA,"NO2","P1E5"
"10600","cg01721544",-0.00032,5.8e-05,2.9e-08,NA,"NO2","P1E5"
"10601","cg03442254",-3e-04,5.4e-05,2.9e-08,NA,"NO2","P1E5"
"10602","cg24658737",-3e-04,5.4e-05,2.9e-08,NA,"NO2","P1E5"
"10603","cg00625425",-0.00038,6.8e-05,2.9e-08,NA,"NO2","P1E5"
"10604","cg03549503",-0.00024,4.4e-05,2.9e-08,NA,"NO2","P1E5"
"10605","cg07276118",-0.00042,7.6e-05,2.9e-08,NA,"NO2","P1E5"
"10606","cg25672027",-0.00027,4.9e-05,2.9e-08,NA,"NO2","P1E5"
"10607","cg01826025",-0.00031,5.6e-05,2.9e-08,NA,"NO2","P1E5"
"10608","cg04099767",-0.00041,7.3e-05,2.9e-08,NA,"NO2","P1E5"
"10609","cg07392358",-0.00032,5.8e-05,2.9e-08,NA,"NO2","P1E5"
"10610","cg08858220",-0.00046,8.3e-05,2.9e-08,NA,"NO2","P1E5"
"10611","cg10210094",-0.00027,4.8e-05,2.9e-08,NA,"NO2","P1E5"
"10612","cg14507845",-0.00046,8.3e-05,2.9e-08,NA,"NO2","P1E5"
"10613","cg23594135",-0.00027,4.9e-05,2.9e-08,NA,"NO2","P1E5"
"10614","cg00437166",-0.00025,4.4e-05,2.9e-08,NA,"NO2","P1E5"
"10615","cg04564515",-0.00031,5.6e-05,2.9e-08,NA,"NO2","P1E5"
"10616","cg06521145",-0.00055,9.8e-05,2.9e-08,NA,"NO2","P1E5"
"10617","cg15467085",-0.00022,3.9e-05,2.9e-08,NA,"NO2","P1E5"
"10618","cg26103526",-0.00018,3.3e-05,2.9e-08,NA,"NO2","P1E5"
"10619","cg00617691",-0.00031,5.6e-05,2.9e-08,NA,"NO2","P1E5"
"10620","cg10080966",-0.00028,5e-05,2.9e-08,NA,"NO2","P1E5"
"10621","cg20634074",-0.00023,4.2e-05,2.9e-08,NA,"NO2","P1E5"
"10622","cg27450010",-4e-04,7.2e-05,2.9e-08,NA,"NO2","P1E5"
"10623","cg20241270",-0.00027,4.9e-05,2.9e-08,NA,"NO2","P1E5"
"10624","cg21325475",-0.00035,6.4e-05,2.9e-08,NA,"NO2","P1E5"
"10625","cg26981781",-3e-04,5.4e-05,2.9e-08,NA,"NO2","P1E5"
"10626","cg27624334",-0.00045,8.2e-05,2.9e-08,NA,"NO2","P1E5"
"10627","cg08888487",-2e-04,3.6e-05,3e-08,NA,"NO2","P1E5"
"10628","cg18777448",-0.00017,3.1e-05,3e-08,NA,"NO2","P1E5"
"10629","cg03892714",-0.00024,4.4e-05,3e-08,NA,"NO2","P1E5"
"10630","cg04436690",-0.00023,4.2e-05,3e-08,NA,"NO2","P1E5"
"10631","cg06543055",-0.00017,3.1e-05,3e-08,NA,"NO2","P1E5"
"10632","cg26176348",-0.00032,5.8e-05,3e-08,NA,"NO2","P1E5"
"10633","cg02352370",-5e-04,9e-05,3e-08,NA,"NO2","P1E5"
"10634","cg16686174",-0.00033,6e-05,3e-08,NA,"NO2","P1E5"
"10635","cg18183701",-0.00031,5.5e-05,3e-08,NA,"NO2","P1E5"
"10636","cg18703066",-2e-04,3.7e-05,3e-08,NA,"NO2","P1E5"
"10637","cg20931951",-0.00021,3.8e-05,3e-08,NA,"NO2","P1E5"
"10638","cg02743136",-0.00028,5e-05,3e-08,NA,"NO2","P1E5"
"10639","cg04958227",-2e-04,3.5e-05,3e-08,NA,"NO2","P1E5"
"10640","cg11074315",-0.00025,4.5e-05,3e-08,NA,"NO2","P1E5"
"10641","cg11940804",-0.00029,5.2e-05,3e-08,NA,"NO2","P1E5"
"10642","cg12242474",-3e-04,5.4e-05,3e-08,NA,"NO2","P1E5"
"10643","cg15579376",-2e-04,3.7e-05,3e-08,NA,"NO2","P1E5"
"10644","cg17980610",-0.00029,5.3e-05,3e-08,NA,"NO2","P1E5"
"10645","cg21825443",-0.00029,5.2e-05,3e-08,NA,"NO2","P1E5"
"10646","cg00647246",-0.00027,4.9e-05,3e-08,NA,"NO2","P1E5"
"10647","cg02643834",-0.00028,5.1e-05,3e-08,NA,"NO2","P1E5"
"10648","cg07642499",-0.00039,7e-05,3e-08,NA,"NO2","P1E5"
"10649","cg09618974",-0.00031,5.5e-05,3e-08,NA,"NO2","P1E5"
"10650","cg15861156",-0.00039,7.1e-05,3e-08,NA,"NO2","P1E5"
"10651","cg01509809",-0.00022,4.1e-05,3e-08,NA,"NO2","P1E5"
"10652","cg15259031",-0.00028,5.1e-05,3e-08,NA,"NO2","P1E5"
"10653","cg27217474",-0.00069,0.00012,3e-08,NA,"NO2","P1E5"
"10654","cg04017310",-0.00032,5.8e-05,3e-08,NA,"NO2","P1E5"
"10655","cg04772948",-0.00038,6.9e-05,3e-08,NA,"NO2","P1E5"
"10656","cg06457577",-0.00027,4.9e-05,3e-08,NA,"NO2","P1E5"
"10657","cg08074477",-0.00048,8.6e-05,3e-08,NA,"NO2","P1E5"
"10658","cg12806121",-0.00035,6.2e-05,3e-08,NA,"NO2","P1E5"
"10659","cg24502766",-0.00031,5.6e-05,3e-08,NA,"NO2","P1E5"
"10660","cg06194960",-0.00049,8.8e-05,3e-08,NA,"NO2","P1E5"
"10661","cg08624445",-0.00038,6.8e-05,3e-08,NA,"NO2","P1E5"
"10662","cg18017383",-0.00042,7.6e-05,3e-08,NA,"NO2","P1E5"
"10663","cg18981979",-0.00032,5.8e-05,3e-08,NA,"NO2","P1E5"
"10664","cg27027655",-0.00023,4.2e-05,3e-08,NA,"NO2","P1E5"
"10665","cg03940776",-0.00065,0.00012,3e-08,NA,"NO2","P1E5"
"10666","cg15934368",-0.00026,4.7e-05,3e-08,NA,"NO2","P1E5"
"10667","cg19066682",-0.00035,6.4e-05,3e-08,NA,"NO2","P1E5"
"10668","cg00405043",-0.00024,4.3e-05,3.1e-08,NA,"NO2","P1E5"
"10669","cg00988396",-0.00023,4.1e-05,3.1e-08,NA,"NO2","P1E5"
"10670","cg01518113",-0.00034,6.1e-05,3.1e-08,NA,"NO2","P1E5"
"10671","cg02339465",-0.00019,3.4e-05,3.1e-08,NA,"NO2","P1E5"
"10672","cg08270613",-0.00033,6e-05,3.1e-08,NA,"NO2","P1E5"
"10673","cg10187674",-3e-04,5.4e-05,3.1e-08,NA,"NO2","P1E5"
"10674","cg23999080",-0.00042,7.5e-05,3.1e-08,NA,"NO2","P1E5"
"10675","cg08450080",-0.00025,4.5e-05,3.1e-08,NA,"NO2","P1E5"
"10676","cg08884928",-0.00026,4.8e-05,3.1e-08,NA,"NO2","P1E5"
"10677","cg18331022",-0.00022,4e-05,3.1e-08,NA,"NO2","P1E5"
"10678","cg21210529",-0.00033,5.9e-05,3.1e-08,NA,"NO2","P1E5"
"10679","cg25183263",-0.00037,6.7e-05,3.1e-08,NA,"NO2","P1E5"
"10680","cg00289558",-0.00029,5.2e-05,3.1e-08,NA,"NO2","P1E5"
"10681","cg01105938",-0.00029,5.2e-05,3.1e-08,NA,"NO2","P1E5"
"10682","cg06485139",-0.00033,5.9e-05,3.1e-08,NA,"NO2","P1E5"
"10683","cg09824558",-0.00027,4.8e-05,3.1e-08,NA,"NO2","P1E5"
"10684","cg22339313",-0.00023,4.1e-05,3.1e-08,NA,"NO2","P1E5"
"10685","cg25585279",-0.00071,0.00013,3.1e-08,NA,"NO2","P1E5"
"10686","cg01519195",-0.00032,5.7e-05,3.1e-08,NA,"NO2","P1E5"
"10687","cg03391436",-3e-04,5.4e-05,3.1e-08,NA,"NO2","P1E5"
"10688","cg06768019",-0.00014,2.6e-05,3.1e-08,NA,"NO2","P1E5"
"10689","cg15414773",-0.00062,0.00011,3.1e-08,NA,"NO2","P1E5"
"10690","cg23674788",-0.00031,5.7e-05,3.1e-08,NA,"NO2","P1E5"
"10691","cg24699021",-0.00021,3.9e-05,3.1e-08,NA,"NO2","P1E5"
"10692","cg00913879",-0.00024,4.3e-05,3.1e-08,NA,"NO2","P1E5"
"10693","cg06029792",-0.00057,1e-04,3.1e-08,NA,"NO2","P1E5"
"10694","cg04952072",-0.00034,6.1e-05,3.1e-08,NA,"NO2","P1E5"
"10695","cg06762395",-0.00036,6.4e-05,3.1e-08,NA,"NO2","P1E5"
"10696","cg12562418",-0.00017,3e-05,3.1e-08,NA,"NO2","P1E5"
"10697","cg24159636",-0.00029,5.3e-05,3.1e-08,NA,"NO2","P1E5"
"10698","cg01229506",-0.00026,4.8e-05,3.1e-08,NA,"NO2","P1E5"
"10699","cg05616355",-0.00034,6.1e-05,3.1e-08,NA,"NO2","P1E5"
"10700","cg11090529",-0.00031,5.6e-05,3.1e-08,NA,"NO2","P1E5"
"10701","cg16061528",-0.00031,5.6e-05,3.1e-08,NA,"NO2","P1E5"
"10702","cg06830148",-0.00045,8.2e-05,3.1e-08,NA,"NO2","P1E5"
"10703","cg07955887",-0.00025,4.6e-05,3.1e-08,NA,"NO2","P1E5"
"10704","cg24707311",-0.00024,4.4e-05,3.1e-08,NA,"NO2","P1E5"
"10705","cg04146982",-0.00034,6.2e-05,3.1e-08,NA,"NO2","P1E5"
"10706","cg05181989",-0.00017,3e-05,3.1e-08,NA,"NO2","P1E5"
"10707","cg06145862",-0.00026,4.6e-05,3.1e-08,NA,"NO2","P1E5"
"10708","cg13426775",-0.00021,3.8e-05,3.1e-08,NA,"NO2","P1E5"
"10709","cg25376310",-0.00053,9.6e-05,3.1e-08,NA,"NO2","P1E5"
"10710","cg00619188",-0.00037,6.8e-05,3.1e-08,NA,"NO2","P1E5"
"10711","cg01898433",-0.00036,6.5e-05,3.1e-08,NA,"NO2","P1E5"
"10712","cg23489023",-0.00028,5.1e-05,3.1e-08,NA,"NO2","P1E5"
"10713","cg24122364",-0.00026,4.7e-05,3.1e-08,NA,"NO2","P1E5"
"10714","cg04455265",-0.00022,4e-05,3.2e-08,NA,"NO2","P1E5"
"10715","cg04500312",-0.00012,2.1e-05,3.2e-08,NA,"NO2","P1E5"
"10716","cg03874471",-0.00023,4.3e-05,3.2e-08,NA,"NO2","P1E5"
"10717","cg08166214",-0.00037,6.6e-05,3.2e-08,NA,"NO2","P1E5"
"10718","cg04003690",-0.00025,4.5e-05,3.2e-08,NA,"NO2","P1E5"
"10719","cg06165761",-0.00023,4.1e-05,3.2e-08,NA,"NO2","P1E5"
"10720","cg06378617",-0.00029,5.3e-05,3.2e-08,NA,"NO2","P1E5"
"10721","cg12612445",-0.00041,7.5e-05,3.2e-08,NA,"NO2","P1E5"
"10722","cg25285236",-0.00024,4.4e-05,3.2e-08,NA,"NO2","P1E5"
"10723","cg26317834",-0.00045,8.1e-05,3.2e-08,NA,"NO2","P1E5"
"10724","cg00316921",-0.00043,7.7e-05,3.2e-08,NA,"NO2","P1E5"
"10725","cg15198344",-0.00043,7.8e-05,3.2e-08,NA,"NO2","P1E5"
"10726","cg17477818",-0.00044,8e-05,3.2e-08,NA,"NO2","P1E5"
"10727","cg03077953",-0.00023,4.1e-05,3.2e-08,NA,"NO2","P1E5"
"10728","cg06398643",-0.00024,4.4e-05,3.2e-08,NA,"NO2","P1E5"
"10729","cg07719142",-0.00025,4.6e-05,3.2e-08,NA,"NO2","P1E5"
"10730","cg08516217",-0.00031,5.5e-05,3.2e-08,NA,"NO2","P1E5"
"10731","cg11067964",-0.00037,6.7e-05,3.2e-08,NA,"NO2","P1E5"
"10732","cg01875018",-0.00019,3.4e-05,3.2e-08,NA,"NO2","P1E5"
"10733","cg19600023",-3e-04,5.4e-05,3.2e-08,NA,"NO2","P1E5"
"10734","cg21126020",-5e-04,9e-05,3.2e-08,NA,"NO2","P1E5"
"10735","cg25358903",-0.00024,4.4e-05,3.2e-08,NA,"NO2","P1E5"
"10736","cg02720566",0.00038,6.8e-05,3.2e-08,NA,"NO2","P1E5"
"10737","cg09969989",-0.00032,5.8e-05,3.2e-08,NA,"NO2","P1E5"
"10738","cg14075881",-0.00033,5.9e-05,3.2e-08,NA,"NO2","P1E5"
"10739","cg15109172",-0.00029,5.3e-05,3.2e-08,NA,"NO2","P1E5"
"10740","cg18965684",-0.00022,4e-05,3.2e-08,NA,"NO2","P1E5"
"10741","cg21874829",-0.00011,2e-05,3.2e-08,NA,"NO2","P1E5"
"10742","cg26962533",-0.00019,3.5e-05,3.2e-08,NA,"NO2","P1E5"
"10743","cg01827999",-0.00036,6.5e-05,3.2e-08,NA,"NO2","P1E5"
"10744","cg14037553",-0.00028,5.1e-05,3.2e-08,NA,"NO2","P1E5"
"10745","cg16829674",-0.00025,4.6e-05,3.2e-08,NA,"NO2","P1E5"
"10746","cg19257102",-0.00036,6.5e-05,3.2e-08,NA,"NO2","P1E5"
"10747","cg22308970",-0.00022,4e-05,3.2e-08,NA,"NO2","P1E5"
"10748","cg25663892",-0.00048,8.6e-05,3.2e-08,NA,"NO2","P1E5"
"10749","cg05296180",-0.00027,4.9e-05,3.2e-08,NA,"NO2","P1E5"
"10750","cg11852149",-0.00024,4.3e-05,3.2e-08,NA,"NO2","P1E5"
"10751","cg13575205",-0.00025,4.5e-05,3.2e-08,NA,"NO2","P1E5"
"10752","cg26943731",-0.00056,1e-04,3.2e-08,NA,"NO2","P1E5"
"10753","cg08139512",-0.00042,7.6e-05,3.2e-08,NA,"NO2","P1E5"
"10754","cg17924366",-0.00033,6e-05,3.2e-08,NA,"NO2","P1E5"
"10755","cg21934273",-0.00042,7.7e-05,3.2e-08,NA,"NO2","P1E5"
"10756","cg00804934",-0.00041,7.4e-05,3.3e-08,NA,"NO2","P1E5"
"10757","cg02730990",-0.00036,6.5e-05,3.3e-08,NA,"NO2","P1E5"
"10758","cg12101615",-3e-04,5.4e-05,3.3e-08,NA,"NO2","P1E5"
"10759","cg13754355",-0.00026,4.7e-05,3.3e-08,NA,"NO2","P1E5"
"10760","cg23878205",-2e-04,3.7e-05,3.3e-08,NA,"NO2","P1E5"
"10761","cg27189723",-0.00031,5.6e-05,3.3e-08,NA,"NO2","P1E5"
"10762","cg08679011",-0.00031,5.6e-05,3.3e-08,NA,"NO2","P1E5"
"10763","cg14560240",-0.00017,3.1e-05,3.3e-08,NA,"NO2","P1E5"
"10764","cg19566879",-0.00026,4.6e-05,3.3e-08,NA,"NO2","P1E5"
"10765","cg20513725",-0.00025,4.6e-05,3.3e-08,NA,"NO2","P1E5"
"10766","cg23913876",-0.00039,7e-05,3.3e-08,NA,"NO2","P1E5"
"10767","cg01124530",-0.00034,6.2e-05,3.3e-08,NA,"NO2","P1E5"
"10768","cg12594635",-0.00042,7.6e-05,3.3e-08,NA,"NO2","P1E5"
"10769","cg19234736",-0.00039,7.1e-05,3.3e-08,NA,"NO2","P1E5"
"10770","cg24930218",-0.00028,5.1e-05,3.3e-08,NA,"NO2","P1E5"
"10771","cg02846316",-0.00045,8.1e-05,3.3e-08,NA,"NO2","P1E5"
"10772","cg03184368",-0.00035,6.4e-05,3.3e-08,NA,"NO2","P1E5"
"10773","cg07316313",-0.00039,7.1e-05,3.3e-08,NA,"NO2","P1E5"
"10774","cg08533934",-0.00027,4.9e-05,3.3e-08,NA,"NO2","P1E5"
"10775","cg13453139",-0.00024,4.4e-05,3.3e-08,NA,"NO2","P1E5"
"10776","cg15034413",-0.00021,3.9e-05,3.3e-08,NA,"NO2","P1E5"
"10777","cg05917165",-0.00026,4.8e-05,3.3e-08,NA,"NO2","P1E5"
"10778","cg09999977",-4e-04,7.3e-05,3.3e-08,NA,"NO2","P1E5"
"10779","cg12233100",-3e-04,5.4e-05,3.3e-08,NA,"NO2","P1E5"
"10780","cg24074448",-0.00057,1e-04,3.3e-08,NA,"NO2","P1E5"
"10781","cg02110411",-0.00036,6.5e-05,3.3e-08,NA,"NO2","P1E5"
"10782","cg09101258",-0.00027,4.8e-05,3.3e-08,NA,"NO2","P1E5"
"10783","cg15920335",-4e-04,7.3e-05,3.3e-08,NA,"NO2","P1E5"
"10784","cg20977769",-0.00029,5.3e-05,3.3e-08,NA,"NO2","P1E5"
"10785","cg21230284",-0.00025,4.6e-05,3.3e-08,NA,"NO2","P1E5"
"10786","cg00059662",-0.00025,4.6e-05,3.3e-08,NA,"NO2","P1E5"
"10787","cg02868123",-0.00041,7.5e-05,3.3e-08,NA,"NO2","P1E5"
"10788","cg06924081",-0.00029,5.3e-05,3.3e-08,NA,"NO2","P1E5"
"10789","cg19191600",-0.00023,4.2e-05,3.3e-08,NA,"NO2","P1E5"
"10790","cg22950982",-0.00034,6.2e-05,3.3e-08,NA,"NO2","P1E5"
"10791","cg00410650",-0.00031,5.5e-05,3.3e-08,NA,"NO2","P1E5"
"10792","cg00608779",-0.00034,6.1e-05,3.3e-08,NA,"NO2","P1E5"
"10793","cg26880216",-0.00034,6.2e-05,3.3e-08,NA,"NO2","P1E5"
"10794","cg00834858",-0.00024,4.4e-05,3.4e-08,NA,"NO2","P1E5"
"10795","cg07116337",-0.00024,4.3e-05,3.4e-08,NA,"NO2","P1E5"
"10796","cg26370016",-2e-04,3.6e-05,3.4e-08,NA,"NO2","P1E5"
"10797","cg03616130",-0.00044,8e-05,3.4e-08,NA,"NO2","P1E5"
"10798","cg06159548",-0.00039,7.1e-05,3.4e-08,NA,"NO2","P1E5"
"10799","cg06540198",-0.00027,4.9e-05,3.4e-08,NA,"NO2","P1E5"
"10800","cg22501449",-0.00022,4e-05,3.4e-08,NA,"NO2","P1E5"
"10801","cg22845855",-0.00022,4e-05,3.4e-08,NA,"NO2","P1E5"
"10802","cg27449973",-0.00026,4.7e-05,3.4e-08,NA,"NO2","P1E5"
"10803","cg02035348",-0.00026,4.7e-05,3.4e-08,NA,"NO2","P1E5"
"10804","cg04975227",-0.00023,4.1e-05,3.4e-08,NA,"NO2","P1E5"
"10805","cg06800301",-0.00028,5e-05,3.4e-08,NA,"NO2","P1E5"
"10806","cg10769767",-6e-04,0.00011,3.4e-08,NA,"NO2","P1E5"
"10807","cg12183741",-0.00031,5.6e-05,3.4e-08,NA,"NO2","P1E5"
"10808","cg16109680",-0.00048,8.7e-05,3.4e-08,NA,"NO2","P1E5"
"10809","cg20165520",-0.00026,4.7e-05,3.4e-08,NA,"NO2","P1E5"
"10810","cg11690983",-0.00045,8.1e-05,3.4e-08,NA,"NO2","P1E5"
"10811","cg22294181",-0.00044,7.9e-05,3.4e-08,NA,"NO2","P1E5"
"10812","cg02393907",-0.00038,6.8e-05,3.4e-08,NA,"NO2","P1E5"
"10813","cg17142066",-0.00022,4e-05,3.4e-08,NA,"NO2","P1E5"
"10814","cg25112002",-0.00029,5.2e-05,3.4e-08,NA,"NO2","P1E5"
"10815","cg08867399",-0.00075,0.00014,3.4e-08,NA,"NO2","P1E5"
"10816","cg16736989",-0.00024,4.3e-05,3.4e-08,NA,"NO2","P1E5"
"10817","cg02167399",-0.00038,6.9e-05,3.4e-08,NA,"NO2","P1E5"
"10818","cg10825530",0.00091,0.00017,3.4e-08,NA,"NO2","P1E5"
"10819","cg18045155",-0.00045,8.2e-05,3.4e-08,NA,"NO2","P1E5"
"10820","cg21052104",-4e-04,7.3e-05,3.4e-08,NA,"NO2","P1E5"
"10821","cg01373505",-0.00031,5.6e-05,3.4e-08,NA,"NO2","P1E5"
"10822","cg05089527",-0.00032,5.8e-05,3.4e-08,NA,"NO2","P1E5"
"10823","cg07224114",-0.00036,6.6e-05,3.4e-08,NA,"NO2","P1E5"
"10824","cg24843511",-0.00033,6e-05,3.4e-08,NA,"NO2","P1E5"
"10825","cg10823804",-0.00013,2.4e-05,3.4e-08,NA,"NO2","P1E5"
"10826","cg13300744",-0.00036,6.5e-05,3.4e-08,NA,"NO2","P1E5"
"10827","cg14314369",-0.00031,5.6e-05,3.4e-08,NA,"NO2","P1E5"
"10828","cg16236228",-0.00021,3.8e-05,3.4e-08,NA,"NO2","P1E5"
"10829","cg18498684",-0.00016,2.9e-05,3.4e-08,NA,"NO2","P1E5"
"10830","cg19700035",-3e-04,5.5e-05,3.4e-08,NA,"NO2","P1E5"
"10831","cg20961637",-0.00027,5e-05,3.4e-08,NA,"NO2","P1E5"
"10832","cg03464896",-3e-04,5.4e-05,3.4e-08,NA,"NO2","P1E5"
"10833","cg04219552",-0.00044,7.9e-05,3.4e-08,NA,"NO2","P1E5"
"10834","cg04800788",-0.00028,5e-05,3.4e-08,NA,"NO2","P1E5"
"10835","cg05590982",-0.00026,4.7e-05,3.4e-08,NA,"NO2","P1E5"
"10836","cg08709672",-0.00039,7.1e-05,3.4e-08,NA,"NO2","P1E5"
"10837","cg01026196",-0.00038,7e-05,3.4e-08,NA,"NO2","P1E5"
"10838","cg02447239",-0.00039,7.1e-05,3.4e-08,NA,"NO2","P1E5"
"10839","cg06377222",-0.00031,5.7e-05,3.4e-08,NA,"NO2","P1E5"
"10840","cg10320856",-0.00041,7.4e-05,3.4e-08,NA,"NO2","P1E5"
"10841","cg12598025",-0.00032,5.7e-05,3.4e-08,NA,"NO2","P1E5"
"10842","cg16707262",-0.00026,4.6e-05,3.4e-08,NA,"NO2","P1E5"
"10843","cg20791593",-0.00026,4.8e-05,3.4e-08,NA,"NO2","P1E5"
"10844","cg27484582",-0.00027,5e-05,3.4e-08,NA,"NO2","P1E5"
"10845","cg18755595",-3e-04,5.5e-05,3.5e-08,NA,"NO2","P1E5"
"10846","cg05122910",-2e-04,3.6e-05,3.5e-08,NA,"NO2","P1E5"
"10847","cg05228361",-0.00036,6.5e-05,3.5e-08,NA,"NO2","P1E5"
"10848","cg26873392",-0.00025,4.5e-05,3.5e-08,NA,"NO2","P1E5"
"10849","cg10508185",-0.00024,4.4e-05,3.5e-08,NA,"NO2","P1E5"
"10850","cg15994182",-0.00032,5.9e-05,3.5e-08,NA,"NO2","P1E5"
"10851","cg16826504",-0.00019,3.5e-05,3.5e-08,NA,"NO2","P1E5"
"10852","cg26725397",-0.00027,4.8e-05,3.5e-08,NA,"NO2","P1E5"
"10853","cg27585557",-0.00026,4.6e-05,3.5e-08,NA,"NO2","P1E5"
"10854","cg01671881",-0.00037,6.7e-05,3.5e-08,NA,"NO2","P1E5"
"10855","cg07450633",-0.00057,1e-04,3.5e-08,NA,"NO2","P1E5"
"10856","cg13079837",-0.00027,4.9e-05,3.5e-08,NA,"NO2","P1E5"
"10857","cg17475085",-2e-04,3.6e-05,3.5e-08,NA,"NO2","P1E5"
"10858","cg21302594",-0.00017,3.1e-05,3.5e-08,NA,"NO2","P1E5"
"10859","cg05486650",-0.00024,4.4e-05,3.5e-08,NA,"NO2","P1E5"
"10860","cg06277472",-0.00038,6.9e-05,3.5e-08,NA,"NO2","P1E5"
"10861","cg11407328",-0.00019,3.4e-05,3.5e-08,NA,"NO2","P1E5"
"10862","cg01003390",-0.00038,6.9e-05,3.5e-08,NA,"NO2","P1E5"
"10863","cg08260025",-0.00026,4.8e-05,3.5e-08,NA,"NO2","P1E5"
"10864","cg12236702",-0.00037,6.7e-05,3.5e-08,NA,"NO2","P1E5"
"10865","cg14627091",-0.00021,3.8e-05,3.5e-08,NA,"NO2","P1E5"
"10866","cg19133973",-0.00028,5e-05,3.5e-08,NA,"NO2","P1E5"
"10867","cg25626992",-0.00024,4.4e-05,3.5e-08,NA,"NO2","P1E5"
"10868","cg07589381",-0.00059,0.00011,3.5e-08,NA,"NO2","P1E5"
"10869","cg11624328",-4e-04,7.2e-05,3.5e-08,NA,"NO2","P1E5"
"10870","cg16427743",-0.00025,4.6e-05,3.5e-08,NA,"NO2","P1E5"
"10871","cg16461102",-0.00026,4.7e-05,3.5e-08,NA,"NO2","P1E5"
"10872","cg23385208",-0.00025,4.5e-05,3.5e-08,NA,"NO2","P1E5"
"10873","cg12031740",-0.00024,4.3e-05,3.5e-08,NA,"NO2","P1E5"
"10874","cg27082474",-0.00023,4.1e-05,3.5e-08,NA,"NO2","P1E5"
"10875","cg00978855",-0.00028,5e-05,3.6e-08,NA,"NO2","P1E5"
"10876","cg06718369",-0.00022,4e-05,3.6e-08,NA,"NO2","P1E5"
"10877","cg10718938",-0.00019,3.5e-05,3.6e-08,NA,"NO2","P1E5"
"10878","cg23639134",-0.00032,5.9e-05,3.6e-08,NA,"NO2","P1E5"
"10879","cg01190317",-0.00047,8.6e-05,3.6e-08,NA,"NO2","P1E5"
"10880","cg03770108",-0.00036,6.5e-05,3.6e-08,NA,"NO2","P1E5"
"10881","cg14336665",-0.00039,7e-05,3.6e-08,NA,"NO2","P1E5"
"10882","cg23317787",-4e-04,7.3e-05,3.6e-08,NA,"NO2","P1E5"
"10883","cg24662867",-4e-04,7.3e-05,3.6e-08,NA,"NO2","P1E5"
"10884","cg26757503",-0.00028,5e-05,3.6e-08,NA,"NO2","P1E5"
"10885","cg02305353",-0.00016,2.9e-05,3.6e-08,NA,"NO2","P1E5"
"10886","cg24337193",-0.00026,4.8e-05,3.6e-08,NA,"NO2","P1E5"
"10887","cg01790144",-0.00024,4.4e-05,3.6e-08,NA,"NO2","P1E5"
"10888","cg14024502",-0.00024,4.3e-05,3.6e-08,NA,"NO2","P1E5"
"10889","cg20498637",-0.00047,8.5e-05,3.6e-08,NA,"NO2","P1E5"
"10890","cg17406412",-0.00023,4.2e-05,3.6e-08,NA,"NO2","P1E5"
"10891","cg21360867",-0.00026,4.7e-05,3.6e-08,NA,"NO2","P1E5"
"10892","cg25778166",-0.00021,3.9e-05,3.6e-08,NA,"NO2","P1E5"
"10893","cg27347412",-0.00025,4.5e-05,3.6e-08,NA,"NO2","P1E5"
"10894","cg00968382",-0.00021,3.9e-05,3.6e-08,NA,"NO2","P1E5"
"10895","cg01449266",-4e-04,7.2e-05,3.6e-08,NA,"NO2","P1E5"
"10896","cg02150262",-0.00037,6.7e-05,3.6e-08,NA,"NO2","P1E5"
"10897","cg18440818",-0.00037,6.7e-05,3.6e-08,NA,"NO2","P1E5"
"10898","cg23331238",-0.00018,3.2e-05,3.6e-08,NA,"NO2","P1E5"
"10899","cg06028975",-0.00032,5.9e-05,3.6e-08,NA,"NO2","P1E5"
"10900","cg26146562",-0.00038,6.8e-05,3.6e-08,NA,"NO2","P1E5"
"10901","cg26322711",-0.00028,5.1e-05,3.6e-08,NA,"NO2","P1E5"
"10902","cg06836872",-0.00023,4.1e-05,3.6e-08,NA,"NO2","P1E5"
"10903","cg07089276",-0.00028,5e-05,3.6e-08,NA,"NO2","P1E5"
"10904","cg09290893",-0.00021,3.9e-05,3.6e-08,NA,"NO2","P1E5"
"10905","cg02189760",-0.00032,5.9e-05,3.6e-08,NA,"NO2","P1E5"
"10906","cg19089383",-0.00033,6.1e-05,3.6e-08,NA,"NO2","P1E5"
"10907","cg04293778",-0.00043,7.8e-05,3.6e-08,NA,"NO2","P1E5"
"10908","cg07811421",-0.00036,6.5e-05,3.6e-08,NA,"NO2","P1E5"
"10909","cg08836729",-0.00028,5.1e-05,3.6e-08,NA,"NO2","P1E5"
"10910","cg22505006",0.00065,0.00012,3.6e-08,NA,"NO2","P1E5"
"10911","cg00715811",-2e-04,3.6e-05,3.7e-08,NA,"NO2","P1E5"
"10912","cg03557770",-2e-04,3.6e-05,3.7e-08,NA,"NO2","P1E5"
"10913","cg14125530",-0.00029,5.2e-05,3.7e-08,NA,"NO2","P1E5"
"10914","cg16174225",-0.00027,4.9e-05,3.7e-08,NA,"NO2","P1E5"
"10915","cg24128806",-0.00042,7.6e-05,3.7e-08,NA,"NO2","P1E5"
"10916","cg05989861",-0.00025,4.5e-05,3.7e-08,NA,"NO2","P1E5"
"10917","cg09111484",-0.00031,5.7e-05,3.7e-08,NA,"NO2","P1E5"
"10918","cg17920197",-2e-04,3.7e-05,3.7e-08,NA,"NO2","P1E5"
"10919","cg02846715",-0.00019,3.4e-05,3.7e-08,NA,"NO2","P1E5"
"10920","cg02858159",-0.00032,5.8e-05,3.7e-08,NA,"NO2","P1E5"
"10921","cg04086239",-0.00034,6.3e-05,3.7e-08,NA,"NO2","P1E5"
"10922","cg05861291",-0.00043,7.7e-05,3.7e-08,NA,"NO2","P1E5"
"10923","cg26373051",-0.00035,6.4e-05,3.7e-08,NA,"NO2","P1E5"
"10924","cg03649356",-0.00032,5.8e-05,3.7e-08,NA,"NO2","P1E5"
"10925","cg11086773",-0.00039,7.1e-05,3.7e-08,NA,"NO2","P1E5"
"10926","cg20204921",-0.00038,6.9e-05,3.7e-08,NA,"NO2","P1E5"
"10927","cg26735478",-0.00028,5.1e-05,3.7e-08,NA,"NO2","P1E5"
"10928","cg06556929",-4e-04,7.3e-05,3.7e-08,NA,"NO2","P1E5"
"10929","cg12042590",-0.00022,4.1e-05,3.7e-08,NA,"NO2","P1E5"
"10930","cg19726343",-3e-04,5.4e-05,3.7e-08,NA,"NO2","P1E5"
"10931","cg21615663",-0.00017,3.1e-05,3.7e-08,NA,"NO2","P1E5"
"10932","cg22862961",-0.00031,5.6e-05,3.7e-08,NA,"NO2","P1E5"
"10933","cg00449767",-0.00071,0.00013,3.7e-08,NA,"NO2","P1E5"
"10934","cg01444643",-0.00041,7.4e-05,3.7e-08,NA,"NO2","P1E5"
"10935","cg03450096",-4e-04,7.2e-05,3.7e-08,NA,"NO2","P1E5"
"10936","cg13997765",-0.00028,5.1e-05,3.7e-08,NA,"NO2","P1E5"
"10937","cg15125012",-0.00023,4.1e-05,3.7e-08,NA,"NO2","P1E5"
"10938","cg21929875",-0.00043,7.7e-05,3.7e-08,NA,"NO2","P1E5"
"10939","cg13850695",-0.00026,4.8e-05,3.7e-08,NA,"NO2","P1E5"
"10940","cg17866692",-0.00045,8.2e-05,3.7e-08,NA,"NO2","P1E5"
"10941","cg21126844",-3e-04,5.4e-05,3.7e-08,NA,"NO2","P1E5"
"10942","cg22414499",-0.00022,4.1e-05,3.7e-08,NA,"NO2","P1E5"
"10943","cg25865368",-0.00047,8.6e-05,3.7e-08,NA,"NO2","P1E5"
"10944","cg04350571",-0.00026,4.7e-05,3.7e-08,NA,"NO2","P1E5"
"10945","cg13298379",-0.00032,5.8e-05,3.7e-08,NA,"NO2","P1E5"
"10946","cg22667358",-0.00028,5.2e-05,3.7e-08,NA,"NO2","P1E5"
"10947","cg24461814",-0.00027,4.8e-05,3.7e-08,NA,"NO2","P1E5"
"10948","cg07224067",-0.00034,6.2e-05,3.7e-08,NA,"NO2","P1E5"
"10949","cg07979348",-3e-04,5.5e-05,3.7e-08,NA,"NO2","P1E5"
"10950","cg08816988",-0.00043,7.9e-05,3.7e-08,NA,"NO2","P1E5"
"10951","cg21814290",-0.00034,6.1e-05,3.7e-08,NA,"NO2","P1E5"
"10952","cg22331165",-0.00019,3.5e-05,3.7e-08,NA,"NO2","P1E5"
"10953","cg12058501",-0.00039,7.1e-05,3.7e-08,NA,"NO2","P1E5"
"10954","cg13473117",-0.00031,5.6e-05,3.7e-08,NA,"NO2","P1E5"
"10955","cg14209949",-0.00037,6.7e-05,3.7e-08,NA,"NO2","P1E5"
"10956","cg17353895",-0.00022,4.1e-05,3.7e-08,NA,"NO2","P1E5"
"10957","cg19243252",-0.00022,4e-05,3.7e-08,NA,"NO2","P1E5"
"10958","cg02045294",-0.00056,1e-04,3.7e-08,NA,"NO2","P1E5"
"10959","cg03677924",-0.00048,8.7e-05,3.7e-08,NA,"NO2","P1E5"
"10960","cg05392530",-0.00021,3.8e-05,3.7e-08,NA,"NO2","P1E5"
"10961","cg22877639",-0.00027,4.9e-05,3.7e-08,NA,"NO2","P1E5"
"10962","cg03994891",-0.00035,6.3e-05,3.8e-08,NA,"NO2","P1E5"
"10963","cg05260236",-0.00034,6.2e-05,3.8e-08,NA,"NO2","P1E5"
"10964","cg12632315",-0.00027,4.8e-05,3.8e-08,NA,"NO2","P1E5"
"10965","cg12633911",-3e-04,5.5e-05,3.8e-08,NA,"NO2","P1E5"
"10966","cg20348298",-0.00014,2.5e-05,3.8e-08,NA,"NO2","P1E5"
"10967","cg24884217",-0.00029,5.3e-05,3.8e-08,NA,"NO2","P1E5"
"10968","cg26137267",-0.00034,6.2e-05,3.8e-08,NA,"NO2","P1E5"
"10969","cg02193425",-0.00021,3.9e-05,3.8e-08,NA,"NO2","P1E5"
"10970","cg04006520",-0.00042,7.7e-05,3.8e-08,NA,"NO2","P1E5"
"10971","cg08033838",-0.00026,4.7e-05,3.8e-08,NA,"NO2","P1E5"
"10972","cg25721806",-2e-04,3.7e-05,3.8e-08,NA,"NO2","P1E5"
"10973","cg01313176",-0.00032,5.8e-05,3.8e-08,NA,"NO2","P1E5"
"10974","cg03098981",-0.00021,3.8e-05,3.8e-08,NA,"NO2","P1E5"
"10975","cg03960589",-0.00029,5.2e-05,3.8e-08,NA,"NO2","P1E5"
"10976","cg09746044",-0.00035,6.3e-05,3.8e-08,NA,"NO2","P1E5"
"10977","cg01689354",-0.00027,5e-05,3.8e-08,NA,"NO2","P1E5"
"10978","cg01889899",-0.00028,5.1e-05,3.8e-08,NA,"NO2","P1E5"
"10979","cg11740398",-0.00021,3.7e-05,3.8e-08,NA,"NO2","P1E5"
"10980","cg15016481",-0.00023,4.2e-05,3.8e-08,NA,"NO2","P1E5"
"10981","cg27643890",-0.00041,7.5e-05,3.8e-08,NA,"NO2","P1E5"
"10982","cg01062113",-0.00014,2.6e-05,3.8e-08,NA,"NO2","P1E5"
"10983","cg05547500",-0.00045,8.2e-05,3.8e-08,NA,"NO2","P1E5"
"10984","cg07814318",0.00057,1e-04,3.8e-08,NA,"NO2","P1E5"
"10985","cg09501963",-3e-04,5.4e-05,3.8e-08,NA,"NO2","P1E5"
"10986","cg09575756",-0.00026,4.7e-05,3.8e-08,NA,"NO2","P1E5"
"10987","cg22244286",-0.00031,5.6e-05,3.8e-08,NA,"NO2","P1E5"
"10988","cg02842377",-0.00025,4.5e-05,3.8e-08,NA,"NO2","P1E5"
"10989","cg11788598",-0.00041,7.5e-05,3.8e-08,NA,"NO2","P1E5"
"10990","cg26056527",-0.00034,6.1e-05,3.8e-08,NA,"NO2","P1E5"
"10991","cg00904122",-0.00029,5.2e-05,3.8e-08,NA,"NO2","P1E5"
"10992","cg03033111",-0.00023,4.3e-05,3.8e-08,NA,"NO2","P1E5"
"10993","cg04223832",-3e-04,5.5e-05,3.8e-08,NA,"NO2","P1E5"
"10994","cg09761550",-0.00027,5e-05,3.8e-08,NA,"NO2","P1E5"
"10995","cg22195512",-0.00031,5.7e-05,3.8e-08,NA,"NO2","P1E5"
"10996","cg22979433",-0.00022,4e-05,3.8e-08,NA,"NO2","P1E5"
"10997","cg07531398",-0.00022,3.9e-05,3.8e-08,NA,"NO2","P1E5"
"10998","cg16577823",-0.00036,6.5e-05,3.8e-08,NA,"NO2","P1E5"
"10999","cg00085430",-0.00038,6.9e-05,3.9e-08,NA,"NO2","P1E5"
"11000","cg10261641",-0.00021,3.8e-05,3.9e-08,NA,"NO2","P1E5"
"11001","cg22659922",-0.00027,4.9e-05,3.9e-08,NA,"NO2","P1E5"
"11002","cg00326642",-0.00024,4.4e-05,3.9e-08,NA,"NO2","P1E5"
"11003","cg00973876",-6e-04,0.00011,3.9e-08,NA,"NO2","P1E5"
"11004","cg03020485",-0.00033,6.1e-05,3.9e-08,NA,"NO2","P1E5"
"11005","cg03353445",-0.00044,8e-05,3.9e-08,NA,"NO2","P1E5"
"11006","cg08416638",-0.00018,3.2e-05,3.9e-08,NA,"NO2","P1E5"
"11007","cg12733154",-0.00036,6.5e-05,3.9e-08,NA,"NO2","P1E5"
"11008","cg24181510",-0.00026,4.8e-05,3.9e-08,NA,"NO2","P1E5"
"11009","cg07824497",-0.00026,4.7e-05,3.9e-08,NA,"NO2","P1E5"
"11010","cg08851782",-3e-04,5.6e-05,3.9e-08,NA,"NO2","P1E5"
"11011","cg09152259",-0.00063,0.00011,3.9e-08,NA,"NO2","P1E5"
"11012","cg17035132",-0.00027,4.8e-05,3.9e-08,NA,"NO2","P1E5"
"11013","cg23924326",-0.00021,3.8e-05,3.9e-08,NA,"NO2","P1E5"
"11014","cg24968931",-0.00034,6.1e-05,3.9e-08,NA,"NO2","P1E5"
"11015","cg27587307",-0.00035,6.4e-05,3.9e-08,NA,"NO2","P1E5"
"11016","cg03363342",-0.00024,4.3e-05,3.9e-08,NA,"NO2","P1E5"
"11017","cg13182816",-0.00027,5e-05,3.9e-08,NA,"NO2","P1E5"
"11018","cg15010109",-0.00018,3.3e-05,3.9e-08,NA,"NO2","P1E5"
"11019","cg23658684",-0.00032,5.9e-05,3.9e-08,NA,"NO2","P1E5"
"11020","cg02446487",-0.00045,8.2e-05,3.9e-08,NA,"NO2","P1E5"
"11021","cg08587321",-0.00035,6.3e-05,3.9e-08,NA,"NO2","P1E5"
"11022","cg12466599",-0.00033,6e-05,3.9e-08,NA,"NO2","P1E5"
"11023","cg17556389",-0.00038,6.9e-05,3.9e-08,NA,"NO2","P1E5"
"11024","cg19543317",-0.00039,7.1e-05,3.9e-08,NA,"NO2","P1E5"
"11025","cg23211468",-0.00031,5.6e-05,3.9e-08,NA,"NO2","P1E5"
"11026","cg06854842",-0.00042,7.7e-05,3.9e-08,NA,"NO2","P1E5"
"11027","cg09553232",-0.00029,5.2e-05,3.9e-08,NA,"NO2","P1E5"
"11028","cg18132964",-0.00025,4.6e-05,3.9e-08,NA,"NO2","P1E5"
"11029","cg22492271",-0.00022,3.9e-05,3.9e-08,NA,"NO2","P1E5"
"11030","cg25682009",-2e-04,3.6e-05,3.9e-08,NA,"NO2","P1E5"
"11031","cg00744739",-0.00044,8e-05,4e-08,NA,"NO2","P1E5"
"11032","cg02497046",-0.00025,4.6e-05,4e-08,NA,"NO2","P1E5"
"11033","cg12932306",-0.00038,6.8e-05,4e-08,NA,"NO2","P1E5"
"11034","cg13426637",-0.00027,4.9e-05,4e-08,NA,"NO2","P1E5"
"11035","cg20277781",-0.00022,3.9e-05,4e-08,NA,"NO2","P1E5"
"11036","cg02280644",-0.00034,6.1e-05,4e-08,NA,"NO2","P1E5"
"11037","cg02637469",-0.00043,7.9e-05,4e-08,NA,"NO2","P1E5"
"11038","cg00140112",-0.00039,7.1e-05,4e-08,NA,"NO2","P1E5"
"11039","cg00894252",-0.00041,7.4e-05,4e-08,NA,"NO2","P1E5"
"11040","cg03453549",-0.00031,5.7e-05,4e-08,NA,"NO2","P1E5"
"11041","cg06885583",-0.00019,3.5e-05,4e-08,NA,"NO2","P1E5"
"11042","cg09054960",-0.00033,6.1e-05,4e-08,NA,"NO2","P1E5"
"11043","cg24744014",-0.00042,7.7e-05,4e-08,NA,"NO2","P1E5"
"11044","cg03741155",-0.00026,4.8e-05,4e-08,NA,"NO2","P1E5"
"11045","cg12389772",-0.00037,6.8e-05,4e-08,NA,"NO2","P1E5"
"11046","cg18538812",-0.00041,7.4e-05,4e-08,NA,"NO2","P1E5"
"11047","cg13852775",-0.00018,3.3e-05,4e-08,NA,"NO2","P1E5"
"11048","cg17946316",-0.00025,4.6e-05,4e-08,NA,"NO2","P1E5"
"11049","cg20355606",-0.00025,4.6e-05,4e-08,NA,"NO2","P1E5"
"11050","cg21809160",-0.00023,4.1e-05,4e-08,NA,"NO2","P1E5"
"11051","cg03925642",-0.00049,8.9e-05,4e-08,NA,"NO2","P1E5"
"11052","cg14204559",-0.00027,5e-05,4e-08,NA,"NO2","P1E5"
"11053","cg11106331",-0.00026,4.8e-05,4e-08,NA,"NO2","P1E5"
"11054","cg06372539",-0.00031,5.7e-05,4e-08,NA,"NO2","P1E5"
"11055","cg08430972",-0.00026,4.7e-05,4e-08,NA,"NO2","P1E5"
"11056","cg21653641",-0.00044,8e-05,4e-08,NA,"NO2","P1E5"
"11057","cg14333565",-0.00027,4.9e-05,4e-08,NA,"NO2","P1E5"
"11058","cg25062251",-4e-04,7.3e-05,4e-08,NA,"NO2","P1E5"
"11059","cg04439600",-0.00034,6.1e-05,4e-08,NA,"NO2","P1E5"
"11060","cg08079266",-2e-04,3.7e-05,4e-08,NA,"NO2","P1E5"
"11061","cg03700253",-0.00025,4.5e-05,4e-08,NA,"NO2","P1E5"
"11062","cg03898832",-0.00029,5.2e-05,4e-08,NA,"NO2","P1E5"
"11063","cg12159215",-0.00031,5.6e-05,4e-08,NA,"NO2","P1E5"
"11064","cg20237264",-0.00031,5.7e-05,4e-08,NA,"NO2","P1E5"
"11065","cg23715045",-0.00049,9e-05,4e-08,NA,"NO2","P1E5"
"11066","cg25355291",-0.00036,6.5e-05,4e-08,NA,"NO2","P1E5"
"11067","cg06779421",-0.00029,5.3e-05,4.1e-08,NA,"NO2","P1E5"
"11068","cg07157951",-0.00037,6.7e-05,4.1e-08,NA,"NO2","P1E5"
"11069","cg07188665",-0.00041,7.4e-05,4.1e-08,NA,"NO2","P1E5"
"11070","cg10885139",-0.00019,3.5e-05,4.1e-08,NA,"NO2","P1E5"
"11071","cg14726117",-0.00033,6e-05,4.1e-08,NA,"NO2","P1E5"
"11072","cg03834023",-0.00027,5e-05,4.1e-08,NA,"NO2","P1E5"
"11073","cg07647677",-0.00031,5.6e-05,4.1e-08,NA,"NO2","P1E5"
"11074","cg13008935",-0.00026,4.7e-05,4.1e-08,NA,"NO2","P1E5"
"11075","cg14359934",-0.00025,4.6e-05,4.1e-08,NA,"NO2","P1E5"
"11076","cg19610519",-0.00021,3.8e-05,4.1e-08,NA,"NO2","P1E5"
"11077","cg21879791",-0.00042,7.7e-05,4.1e-08,NA,"NO2","P1E5"
"11078","cg27511413",-0.00039,7e-05,4.1e-08,NA,"NO2","P1E5"
"11079","cg06832359",-0.00033,5.9e-05,4.1e-08,NA,"NO2","P1E5"
"11080","cg27159096",-0.00034,6.1e-05,4.1e-08,NA,"NO2","P1E5"
"11081","cg06785060",-0.00037,6.7e-05,4.1e-08,NA,"NO2","P1E5"
"11082","cg14413700",-0.00038,7e-05,4.1e-08,NA,"NO2","P1E5"
"11083","cg19516374",-0.00026,4.7e-05,4.1e-08,NA,"NO2","P1E5"
"11084","cg10604258",-0.00012,2.2e-05,4.1e-08,NA,"NO2","P1E5"
"11085","cg15551881",0.00085,0.00015,4.1e-08,NA,"NO2","P1E5"
"11086","cg14302973",-0.00016,2.9e-05,4.1e-08,NA,"NO2","P1E5"
"11087","cg18786718",-0.00033,6.1e-05,4.1e-08,NA,"NO2","P1E5"
"11088","cg19912337",-0.00036,6.6e-05,4.1e-08,NA,"NO2","P1E5"
"11089","cg21697667",-0.00041,7.5e-05,4.1e-08,NA,"NO2","P1E5"
"11090","cg27385959",-0.00039,7.1e-05,4.1e-08,NA,"NO2","P1E5"
"11091","cg14349956",-0.00021,3.9e-05,4.1e-08,NA,"NO2","P1E5"
"11092","cg23624016",-0.00021,3.8e-05,4.1e-08,NA,"NO2","P1E5"
"11093","cg12179641",-0.00038,7e-05,4.1e-08,NA,"NO2","P1E5"
"11094","cg24067788",-0.00019,3.4e-05,4.1e-08,NA,"NO2","P1E5"
"11095","cg01699293",-0.00021,3.8e-05,4.1e-08,NA,"NO2","P1E5"
"11096","cg08108315",-0.00031,5.6e-05,4.1e-08,NA,"NO2","P1E5"
"11097","cg14281144",-0.00026,4.7e-05,4.1e-08,NA,"NO2","P1E5"
"11098","cg16767590",-0.00012,2.2e-05,4.1e-08,NA,"NO2","P1E5"
"11099","cg19370346",-0.00025,4.5e-05,4.1e-08,NA,"NO2","P1E5"
"11100","cg06419732",-8e-04,0.00015,4.2e-08,NA,"NO2","P1E5"
"11101","cg25950036",-0.00022,4.1e-05,4.2e-08,NA,"NO2","P1E5"
"11102","cg00689534",-0.00024,4.4e-05,4.2e-08,NA,"NO2","P1E5"
"11103","cg01613048",-0.00037,6.8e-05,4.2e-08,NA,"NO2","P1E5"
"11104","cg04539240",-0.00042,7.7e-05,4.2e-08,NA,"NO2","P1E5"
"11105","cg15988261",-0.00029,5.3e-05,4.2e-08,NA,"NO2","P1E5"
"11106","cg23209878",-0.00029,5.3e-05,4.2e-08,NA,"NO2","P1E5"
"11107","cg23457518",-0.00019,3.6e-05,4.2e-08,NA,"NO2","P1E5"
"11108","cg27548429",-0.00026,4.7e-05,4.2e-08,NA,"NO2","P1E5"
"11109","cg02134022",-0.00027,5e-05,4.2e-08,NA,"NO2","P1E5"
"11110","cg15186584",-0.00022,4.1e-05,4.2e-08,NA,"NO2","P1E5"
"11111","cg18970338",-0.00029,5.3e-05,4.2e-08,NA,"NO2","P1E5"
"11112","cg23679992",-0.00036,6.6e-05,4.2e-08,NA,"NO2","P1E5"
"11113","cg23762657",-0.00032,5.8e-05,4.2e-08,NA,"NO2","P1E5"
"11114","cg24795867",-3e-04,5.4e-05,4.2e-08,NA,"NO2","P1E5"
"11115","cg02205073",-0.00028,5.1e-05,4.2e-08,NA,"NO2","P1E5"
"11116","cg11485655",-0.00034,6.2e-05,4.2e-08,NA,"NO2","P1E5"
"11117","cg17104700",-0.00041,7.5e-05,4.2e-08,NA,"NO2","P1E5"
"11118","cg17386181",-0.00037,6.8e-05,4.2e-08,NA,"NO2","P1E5"
"11119","cg26835506",-0.00034,6.2e-05,4.2e-08,NA,"NO2","P1E5"
"11120","cg09283120",-2e-04,3.7e-05,4.2e-08,NA,"NO2","P1E5"
"11121","cg13777668",-0.00028,5.1e-05,4.2e-08,NA,"NO2","P1E5"
"11122","cg18957070",-0.00028,5e-05,4.2e-08,NA,"NO2","P1E5"
"11123","cg05122957",-0.00028,5.2e-05,4.2e-08,NA,"NO2","P1E5"
"11124","cg07168274",-0.00029,5.3e-05,4.2e-08,NA,"NO2","P1E5"
"11125","cg13188382",-4e-04,7.3e-05,4.2e-08,NA,"NO2","P1E5"
"11126","cg17093466",-0.00057,1e-04,4.2e-08,NA,"NO2","P1E5"
"11127","cg20306694",0.00071,0.00013,4.2e-08,NA,"NO2","P1E5"
"11128","cg03710353",-0.00027,5e-05,4.2e-08,NA,"NO2","P1E5"
"11129","cg03758732",-0.00025,4.6e-05,4.2e-08,NA,"NO2","P1E5"
"11130","cg11462459",-0.00022,4e-05,4.2e-08,NA,"NO2","P1E5"
"11131","cg13594863",-0.00028,5.2e-05,4.2e-08,NA,"NO2","P1E5"
"11132","cg14074944",-0.00026,4.8e-05,4.2e-08,NA,"NO2","P1E5"
"11133","cg19542131",-0.00027,5e-05,4.2e-08,NA,"NO2","P1E5"
"11134","cg20992180",-0.00036,6.7e-05,4.2e-08,NA,"NO2","P1E5"
"11135","cg23703089",-0.00049,8.9e-05,4.2e-08,NA,"NO2","P1E5"
"11136","cg26983744",-0.00027,4.9e-05,4.2e-08,NA,"NO2","P1E5"
"11137","cg02726957",-0.00023,4.2e-05,4.2e-08,NA,"NO2","P1E5"
"11138","cg13677859",-0.00035,6.4e-05,4.2e-08,NA,"NO2","P1E5"
"11139","cg07311363",-0.00021,3.9e-05,4.2e-08,NA,"NO2","P1E5"
"11140","cg15651204",-0.00016,3e-05,4.2e-08,NA,"NO2","P1E5"
"11141","cg08890627",-0.00045,8.3e-05,4.2e-08,NA,"NO2","P1E5"
"11142","cg15318176",-0.00037,6.7e-05,4.3e-08,NA,"NO2","P1E5"
"11143","cg08451325",-0.00033,6.1e-05,4.3e-08,NA,"NO2","P1E5"
"11144","cg09862303",-0.00027,5e-05,4.3e-08,NA,"NO2","P1E5"
"11145","cg11994229",-0.00028,5.2e-05,4.3e-08,NA,"NO2","P1E5"
"11146","cg12536809",-0.00029,5.4e-05,4.3e-08,NA,"NO2","P1E5"
"11147","cg19547929",-0.00035,6.4e-05,4.3e-08,NA,"NO2","P1E5"
"11148","cg05995361",-0.00035,6.4e-05,4.3e-08,NA,"NO2","P1E5"
"11149","cg14729456",-3e-04,5.5e-05,4.3e-08,NA,"NO2","P1E5"
"11150","cg10890346",-0.00039,7.2e-05,4.3e-08,NA,"NO2","P1E5"
"11151","cg20748397",-0.00037,6.8e-05,4.3e-08,NA,"NO2","P1E5"
"11152","cg24233679",-4e-04,7.4e-05,4.3e-08,NA,"NO2","P1E5"
"11153","cg03874201",-0.00029,5.2e-05,4.3e-08,NA,"NO2","P1E5"
"11154","cg14515614",-0.00024,4.4e-05,4.3e-08,NA,"NO2","P1E5"
"11155","cg14850730",-0.00024,4.3e-05,4.3e-08,NA,"NO2","P1E5"
"11156","cg19583934",-3e-04,5.5e-05,4.3e-08,NA,"NO2","P1E5"
"11157","cg03901281",-4e-04,7.3e-05,4.3e-08,NA,"NO2","P1E5"
"11158","cg05207068",-0.00031,5.6e-05,4.3e-08,NA,"NO2","P1E5"
"11159","cg17855390",-3e-04,5.4e-05,4.3e-08,NA,"NO2","P1E5"
"11160","cg17975177",-0.00018,3.3e-05,4.3e-08,NA,"NO2","P1E5"
"11161","cg22304705",-0.00021,3.9e-05,4.3e-08,NA,"NO2","P1E5"
"11162","cg25375569",-0.00034,6.3e-05,4.3e-08,NA,"NO2","P1E5"
"11163","cg02355339",-0.00038,6.9e-05,4.3e-08,NA,"NO2","P1E5"
"11164","cg04346637",-0.00029,5.3e-05,4.3e-08,NA,"NO2","P1E5"
"11165","cg13910174",-0.00027,4.9e-05,4.3e-08,NA,"NO2","P1E5"
"11166","cg08255017",-0.00036,6.6e-05,4.3e-08,NA,"NO2","P1E5"
"11167","cg15677985",-3e-04,5.5e-05,4.3e-08,NA,"NO2","P1E5"
"11168","cg20154816",-0.00026,4.8e-05,4.3e-08,NA,"NO2","P1E5"
"11169","cg21862529",-0.00039,7.1e-05,4.3e-08,NA,"NO2","P1E5"
"11170","cg00791548",-0.00027,4.9e-05,4.3e-08,NA,"NO2","P1E5"
"11171","cg04105876",-0.00022,4.1e-05,4.3e-08,NA,"NO2","P1E5"
"11172","cg09407712",-0.00016,3e-05,4.3e-08,NA,"NO2","P1E5"
"11173","cg13454199",-4e-04,7.3e-05,4.3e-08,NA,"NO2","P1E5"
"11174","cg03852045",-0.00014,2.5e-05,4.4e-08,NA,"NO2","P1E5"
"11175","cg06043617",-0.00027,4.9e-05,4.4e-08,NA,"NO2","P1E5"
"11176","cg10338848",-0.00025,4.6e-05,4.4e-08,NA,"NO2","P1E5"
"11177","cg11250194",-0.00065,0.00012,4.4e-08,NA,"NO2","P1E5"
"11178","cg13180252",-3e-04,5.4e-05,4.4e-08,NA,"NO2","P1E5"
"11179","cg16004056",-0.00022,4.1e-05,4.4e-08,NA,"NO2","P1E5"
"11180","cg17434901",-0.00036,6.6e-05,4.4e-08,NA,"NO2","P1E5"
"11181","cg23879743",-0.00026,4.8e-05,4.4e-08,NA,"NO2","P1E5"
"11182","cg15965094",-0.00019,3.4e-05,4.4e-08,NA,"NO2","P1E5"
"11183","cg27303272",-0.00028,5.1e-05,4.4e-08,NA,"NO2","P1E5"
"11184","cg18741166",-0.00032,5.8e-05,4.4e-08,NA,"NO2","P1E5"
"11185","cg21125112",-0.00043,7.9e-05,4.4e-08,NA,"NO2","P1E5"
"11186","cg26615188",-0.00027,5e-05,4.4e-08,NA,"NO2","P1E5"
"11187","cg00389446",-0.00025,4.5e-05,4.4e-08,NA,"NO2","P1E5"
"11188","cg01523600",-0.00039,7e-05,4.4e-08,NA,"NO2","P1E5"
"11189","cg22059438",-0.00053,9.7e-05,4.4e-08,NA,"NO2","P1E5"
"11190","cg04204669",-4e-04,7.4e-05,4.4e-08,NA,"NO2","P1E5"
"11191","cg17071731",-0.00047,8.6e-05,4.4e-08,NA,"NO2","P1E5"
"11192","cg02102456",-0.00044,8.1e-05,4.4e-08,NA,"NO2","P1E5"
"11193","cg10380643",-0.00046,8.3e-05,4.4e-08,NA,"NO2","P1E5"
"11194","cg21711008",-0.00024,4.4e-05,4.4e-08,NA,"NO2","P1E5"
"11195","cg22939113",-0.00034,6.2e-05,4.4e-08,NA,"NO2","P1E5"
"11196","cg23627828",-0.00039,7.1e-05,4.4e-08,NA,"NO2","P1E5"
"11197","cg19564264",-0.00021,3.7e-05,4.4e-08,NA,"NO2","P1E5"
"11198","cg04875020",-0.00042,7.7e-05,4.4e-08,NA,"NO2","P1E5"
"11199","cg14361586",-0.00027,4.9e-05,4.4e-08,NA,"NO2","P1E5"
"11200","cg17332369",-2e-04,3.7e-05,4.4e-08,NA,"NO2","P1E5"
"11201","cg15919689",-0.00029,5.3e-05,4.5e-08,NA,"NO2","P1E5"
"11202","cg01606878",-0.00026,4.7e-05,4.5e-08,NA,"NO2","P1E5"
"11203","cg06622994",-0.00045,8.3e-05,4.5e-08,NA,"NO2","P1E5"
"11204","cg07317843",-0.00033,6e-05,4.5e-08,NA,"NO2","P1E5"
"11205","cg20505457",-0.00036,6.6e-05,4.5e-08,NA,"NO2","P1E5"
"11206","cg03411082",3e-04,5.5e-05,4.5e-08,NA,"NO2","P1E5"
"11207","cg09167414",-4e-04,7.2e-05,4.5e-08,NA,"NO2","P1E5"
"11208","cg16764362",-0.00045,8.2e-05,4.5e-08,NA,"NO2","P1E5"
"11209","cg25032968",-0.00017,3e-05,4.5e-08,NA,"NO2","P1E5"
"11210","cg25114611",-0.00044,8e-05,4.5e-08,NA,"NO2","P1E5"
"11211","cg04912984",-0.00032,5.9e-05,4.5e-08,NA,"NO2","P1E5"
"11212","cg06524162",-0.00028,5.1e-05,4.5e-08,NA,"NO2","P1E5"
"11213","cg19401519",-0.00038,6.9e-05,4.5e-08,NA,"NO2","P1E5"
"11214","cg24855780",-0.00034,6.2e-05,4.5e-08,NA,"NO2","P1E5"
"11215","cg05298088",-0.00063,0.00012,4.5e-08,NA,"NO2","P1E5"
"11216","cg14591419",-0.00024,4.3e-05,4.5e-08,NA,"NO2","P1E5"
"11217","cg26569800",-0.00032,5.8e-05,4.5e-08,NA,"NO2","P1E5"
"11218","cg15908877",-0.00026,4.8e-05,4.5e-08,NA,"NO2","P1E5"
"11219","cg01536956",-0.00065,0.00012,4.5e-08,NA,"NO2","P1E5"
"11220","cg15113803",-0.00031,5.7e-05,4.5e-08,NA,"NO2","P1E5"
"11221","cg26365147",-0.00035,6.3e-05,4.5e-08,NA,"NO2","P1E5"
"11222","cg06582512",-0.00027,4.9e-05,4.5e-08,NA,"NO2","P1E5"
"11223","cg08934660",-0.00032,5.8e-05,4.5e-08,NA,"NO2","P1E5"
"11224","cg11846580",-6e-04,0.00011,4.5e-08,NA,"NO2","P1E5"
"11225","cg02708003",-0.00032,5.9e-05,4.5e-08,NA,"NO2","P1E5"
"11226","cg11253913",-4e-04,7.2e-05,4.5e-08,NA,"NO2","P1E5"
"11227","cg25664813",-0.00033,6e-05,4.5e-08,NA,"NO2","P1E5"
"11228","cg01756647",-0.00031,5.7e-05,4.6e-08,NA,"NO2","P1E5"
"11229","cg04573564",-3e-04,5.5e-05,4.6e-08,NA,"NO2","P1E5"
"11230","cg21275801",-0.00041,7.4e-05,4.6e-08,NA,"NO2","P1E5"
"11231","cg01459162",-0.00033,6e-05,4.6e-08,NA,"NO2","P1E5"
"11232","cg02146026",-0.00039,7.2e-05,4.6e-08,NA,"NO2","P1E5"
"11233","cg05656812",-3e-04,5.5e-05,4.6e-08,NA,"NO2","P1E5"
"11234","cg09291217",-0.00025,4.5e-05,4.6e-08,NA,"NO2","P1E5"
"11235","cg14299743",-0.00025,4.5e-05,4.6e-08,NA,"NO2","P1E5"
"11236","cg20615910",-0.00026,4.7e-05,4.6e-08,NA,"NO2","P1E5"
"11237","cg00976340",-0.00035,6.3e-05,4.6e-08,NA,"NO2","P1E5"
"11238","cg17009679",-0.00032,5.9e-05,4.6e-08,NA,"NO2","P1E5"
"11239","cg09895354",-0.00035,6.3e-05,4.6e-08,NA,"NO2","P1E5"
"11240","cg09913882",-0.00033,6e-05,4.6e-08,NA,"NO2","P1E5"
"11241","cg11014380",-5e-04,9.2e-05,4.6e-08,NA,"NO2","P1E5"
"11242","cg11183227",0.00032,5.8e-05,4.6e-08,NA,"NO2","P1E5"
"11243","cg16529323",-0.00063,0.00011,4.6e-08,NA,"NO2","P1E5"
"11244","cg16645907",-0.00024,4.5e-05,4.6e-08,NA,"NO2","P1E5"
"11245","cg19932080",-0.00026,4.8e-05,4.6e-08,NA,"NO2","P1E5"
"11246","cg04697953",-3e-04,5.5e-05,4.6e-08,NA,"NO2","P1E5"
"11247","cg08797704",-0.00036,6.6e-05,4.6e-08,NA,"NO2","P1E5"
"11248","cg00090737",-0.00042,7.7e-05,4.6e-08,NA,"NO2","P1E5"
"11249","cg06069030",-0.00033,6.1e-05,4.6e-08,NA,"NO2","P1E5"
"11250","cg12617473",-0.00022,4.1e-05,4.6e-08,NA,"NO2","P1E5"
"11251","cg05041511",-0.00033,6.1e-05,4.6e-08,NA,"NO2","P1E5"
"11252","cg17260660",-0.00042,7.8e-05,4.6e-08,NA,"NO2","P1E5"
"11253","cg26952188",-3e-04,5.4e-05,4.6e-08,NA,"NO2","P1E5"
"11254","cg00903452",-0.00036,6.7e-05,4.6e-08,NA,"NO2","P1E5"
"11255","cg02254605",-0.00035,6.5e-05,4.6e-08,NA,"NO2","P1E5"
"11256","cg03183618",-0.00024,4.4e-05,4.6e-08,NA,"NO2","P1E5"
"11257","cg03958863",-0.00031,5.6e-05,4.6e-08,NA,"NO2","P1E5"
"11258","cg04400620",-0.00029,5.3e-05,4.6e-08,NA,"NO2","P1E5"
"11259","cg11494699",-3e-04,5.5e-05,4.6e-08,NA,"NO2","P1E5"
"11260","cg06063714",-0.00052,9.5e-05,4.6e-08,NA,"NO2","P1E5"
"11261","cg06489289",-0.00032,5.9e-05,4.6e-08,NA,"NO2","P1E5"
"11262","cg07116947",-0.00051,9.4e-05,4.6e-08,NA,"NO2","P1E5"
"11263","cg16239218",-0.00026,4.8e-05,4.6e-08,NA,"NO2","P1E5"
"11264","cg00578039",-0.00052,9.5e-05,4.6e-08,NA,"NO2","P1E5"
"11265","cg15458801",-0.00021,3.9e-05,4.6e-08,NA,"NO2","P1E5"
"11266","cg18523666",-0.00026,4.7e-05,4.6e-08,NA,"NO2","P1E5"
"11267","cg06643284",-0.00031,5.7e-05,4.7e-08,NA,"NO2","P1E5"
"11268","cg20212823",-4e-04,7.4e-05,4.7e-08,NA,"NO2","P1E5"
"11269","cg22075924",-0.00031,5.6e-05,4.7e-08,NA,"NO2","P1E5"
"11270","cg22714033",-3e-04,5.5e-05,4.7e-08,NA,"NO2","P1E5"
"11271","cg27418204",-0.00023,4.2e-05,4.7e-08,NA,"NO2","P1E5"
"11272","cg05359207",3e-04,5.5e-05,4.7e-08,NA,"NO2","P1E5"
"11273","cg07071839",-0.00027,5e-05,4.7e-08,NA,"NO2","P1E5"
"11274","cg24039102",-0.00042,7.6e-05,4.7e-08,NA,"NO2","P1E5"
"11275","cg00667048",-0.00037,6.8e-05,4.7e-08,NA,"NO2","P1E5"
"11276","cg03991411",-0.00026,4.7e-05,4.7e-08,NA,"NO2","P1E5"
"11277","cg04142661",-0.00036,6.6e-05,4.7e-08,NA,"NO2","P1E5"
"11278","cg05853782",-0.00025,4.6e-05,4.7e-08,NA,"NO2","P1E5"
"11279","cg15871086",-0.00047,8.6e-05,4.7e-08,NA,"NO2","P1E5"
"11280","cg12699728",-0.00053,9.7e-05,4.7e-08,NA,"NO2","P1E5"
"11281","cg14304496",-0.00027,5e-05,4.7e-08,NA,"NO2","P1E5"
"11282","cg03341233",-0.00033,6e-05,4.7e-08,NA,"NO2","P1E5"
"11283","cg03441713",-0.00039,7.1e-05,4.7e-08,NA,"NO2","P1E5"
"11284","cg08720250",-0.00038,7e-05,4.7e-08,NA,"NO2","P1E5"
"11285","cg22347686",-0.00068,0.00012,4.7e-08,NA,"NO2","P1E5"
"11286","cg23343309",-0.00039,7.1e-05,4.7e-08,NA,"NO2","P1E5"
"11287","cg01432753",-0.00036,6.5e-05,4.7e-08,NA,"NO2","P1E5"
"11288","cg03860250",-0.00025,4.6e-05,4.7e-08,NA,"NO2","P1E5"
"11289","cg12804104",-0.00023,4.3e-05,4.7e-08,NA,"NO2","P1E5"
"11290","cg24697648",-4e-04,7.3e-05,4.7e-08,NA,"NO2","P1E5"
"11291","cg24747537",-0.00037,6.7e-05,4.7e-08,NA,"NO2","P1E5"
"11292","cg00199065",-0.00021,3.9e-05,4.7e-08,NA,"NO2","P1E5"
"11293","cg00532502",-0.00033,6.1e-05,4.7e-08,NA,"NO2","P1E5"
"11294","cg04274990",-0.00033,6e-05,4.7e-08,NA,"NO2","P1E5"
"11295","cg13614229",-0.00024,4.4e-05,4.7e-08,NA,"NO2","P1E5"
"11296","cg19023592",-0.00032,5.8e-05,4.7e-08,NA,"NO2","P1E5"
"11297","cg11391828",-0.00027,4.9e-05,4.7e-08,NA,"NO2","P1E5"
"11298","cg27189465",0.00043,7.8e-05,4.7e-08,NA,"NO2","P1E5"
"11299","cg07296387",-8e-04,0.00015,4.7e-08,NA,"NO2","P1E5"
"11300","cg01559597",-0.00033,6e-05,4.8e-08,NA,"NO2","P1E5"
"11301","cg05026785",-0.00026,4.8e-05,4.8e-08,NA,"NO2","P1E5"
"11302","cg09203802",-0.00028,5.1e-05,4.8e-08,NA,"NO2","P1E5"
"11303","cg12051613",-0.00023,4.2e-05,4.8e-08,NA,"NO2","P1E5"
"11304","cg24741888",-0.00024,4.4e-05,4.8e-08,NA,"NO2","P1E5"
"11305","cg25557306",-0.00024,4.4e-05,4.8e-08,NA,"NO2","P1E5"
"11306","cg25576227",-0.00034,6.3e-05,4.8e-08,NA,"NO2","P1E5"
"11307","cg12178900",-0.00036,6.6e-05,4.8e-08,NA,"NO2","P1E5"
"11308","cg12191232",-0.00043,7.9e-05,4.8e-08,NA,"NO2","P1E5"
"11309","cg01960128",-0.00031,5.7e-05,4.8e-08,NA,"NO2","P1E5"
"11310","cg04497390",-0.00022,4.1e-05,4.8e-08,NA,"NO2","P1E5"
"11311","cg19600528",-0.00024,4.5e-05,4.8e-08,NA,"NO2","P1E5"
"11312","cg20066792",0.00081,0.00015,4.8e-08,NA,"NO2","P1E5"
"11313","cg09891807",-0.00027,5e-05,4.8e-08,NA,"NO2","P1E5"
"11314","cg10311602",-0.00025,4.5e-05,4.8e-08,NA,"NO2","P1E5"
"11315","cg11583041",-0.00027,5e-05,4.8e-08,NA,"NO2","P1E5"
"11316","cg14051336",-0.00029,5.3e-05,4.8e-08,NA,"NO2","P1E5"
"11317","cg25820084",-0.00028,5e-05,4.8e-08,NA,"NO2","P1E5"
"11318","cg01558777",-0.00029,5.3e-05,4.8e-08,NA,"NO2","P1E5"
"11319","cg22563697",-0.00029,5.4e-05,4.8e-08,NA,"NO2","P1E5"
"11320","cg14053575",-0.00031,5.6e-05,4.8e-08,NA,"NO2","P1E5"
"11321","cg18427856",3e-04,5.6e-05,4.8e-08,NA,"NO2","P1E5"
"11322","cg01038738",-0.00029,5.3e-05,4.8e-08,NA,"NO2","P1E5"
"11323","cg13095091",-0.00042,7.7e-05,4.8e-08,NA,"NO2","P1E5"
"11324","cg21218820",-0.00037,6.7e-05,4.8e-08,NA,"NO2","P1E5"
"11325","cg04872399",-0.00045,8.3e-05,4.8e-08,NA,"NO2","P1E5"
"11326","cg06093920",-0.00017,3.2e-05,4.8e-08,NA,"NO2","P1E5"
"11327","cg09712902",-0.00035,6.3e-05,4.8e-08,NA,"NO2","P1E5"
"11328","cg14961117",-0.00031,5.7e-05,4.8e-08,NA,"NO2","P1E5"
"11329","cg26540630",-0.00034,6.2e-05,4.8e-08,NA,"NO2","P1E5"
"11330","cg05318361",-5e-04,9.1e-05,4.8e-08,NA,"NO2","P1E5"
"11331","cg13954213",-0.00048,8.7e-05,4.8e-08,NA,"NO2","P1E5"
"11332","cg20944701",-0.00037,6.7e-05,4.8e-08,NA,"NO2","P1E5"
"11333","cg01531915",-0.00025,4.6e-05,4.8e-08,NA,"NO2","P1E5"
"11334","cg05767015",-0.00024,4.5e-05,4.8e-08,NA,"NO2","P1E5"
"11335","cg08227353",-5e-04,9.2e-05,4.8e-08,NA,"NO2","P1E5"
"11336","cg00252733",-0.00038,6.9e-05,4.9e-08,NA,"NO2","P1E5"
"11337","cg00900242",-0.00039,7.2e-05,4.9e-08,NA,"NO2","P1E5"
"11338","cg02992617",-3e-04,5.5e-05,4.9e-08,NA,"NO2","P1E5"
"11339","cg01209987",-0.00039,7.1e-05,4.9e-08,NA,"NO2","P1E5"
"11340","cg08991210",-0.00048,8.7e-05,4.9e-08,NA,"NO2","P1E5"
"11341","cg10187703",-0.00022,4.1e-05,4.9e-08,NA,"NO2","P1E5"
"11342","cg23166970",-0.00013,2.4e-05,4.9e-08,NA,"NO2","P1E5"
"11343","cg14549849",-0.00018,3.3e-05,4.9e-08,NA,"NO2","P1E5"
"11344","cg23274689",-0.00029,5.3e-05,4.9e-08,NA,"NO2","P1E5"
"11345","cg03054541",-0.00023,4.3e-05,4.9e-08,NA,"NO2","P1E5"
"11346","cg07470341",-0.00031,5.7e-05,4.9e-08,NA,"NO2","P1E5"
"11347","cg10479063",-0.00023,4.3e-05,4.9e-08,NA,"NO2","P1E5"
"11348","cg11856932",-0.00027,4.9e-05,4.9e-08,NA,"NO2","P1E5"
"11349","cg01639256",-0.00022,4.1e-05,4.9e-08,NA,"NO2","P1E5"
"11350","cg27278470",-0.00037,6.8e-05,4.9e-08,NA,"NO2","P1E5"
"11351","cg08828723",-0.00052,9.5e-05,4.9e-08,NA,"NO2","P1E5"
"11352","cg15630743",-0.00032,5.9e-05,4.9e-08,NA,"NO2","P1E5"
"11353","cg24447890",-3e-04,5.6e-05,4.9e-08,NA,"NO2","P1E5"
"11354","cg26478079",-0.00033,6.1e-05,4.9e-08,NA,"NO2","P1E5"
"11355","cg05131034",-0.00036,6.5e-05,4.9e-08,NA,"NO2","P1E5"
"11356","cg01085328",-0.00036,6.7e-05,4.9e-08,NA,"NO2","P1E5"
"11357","cg03284640",-0.00025,4.6e-05,4.9e-08,NA,"NO2","P1E5"
"11358","cg11724750",-0.00012,2.3e-05,4.9e-08,NA,"NO2","P1E5"
"11359","cg18778347",-0.00026,4.7e-05,4.9e-08,NA,"NO2","P1E5"
"11360","cg26345218",-0.00024,4.4e-05,4.9e-08,NA,"NO2","P1E5"
"11361","cg27172557",-0.00023,4.3e-05,4.9e-08,NA,"NO2","P1E5"
"11362","cg03295107",-4e-04,7.3e-05,4.9e-08,NA,"NO2","P1E5"
"11363","cg03313659",-0.00025,4.5e-05,4.9e-08,NA,"NO2","P1E5"
"11364","cg19906973",-0.00014,2.6e-05,4.9e-08,NA,"NO2","P1E5"
"11365","cg07985164",-0.00026,4.7e-05,4.9e-08,NA,"NO2","P1E5"
"11366","cg08719081",-0.00019,3.5e-05,4.9e-08,NA,"NO2","P1E5"
"11367","cg09018558",-0.00029,5.3e-05,4.9e-08,NA,"NO2","P1E5"
"11368","cg09108073",-0.00034,6.2e-05,4.9e-08,NA,"NO2","P1E5"
"11369","cg15232654",-0.00026,4.8e-05,5e-08,NA,"NO2","P1E5"
"11370","cg00954391",-0.00034,6.2e-05,5e-08,NA,"NO2","P1E5"
"11371","cg03078141",-2e-04,3.7e-05,5e-08,NA,"NO2","P1E5"
"11372","cg06139166",-0.00014,2.6e-05,5e-08,NA,"NO2","P1E5"
"11373","cg14211837",-0.00029,5.3e-05,5e-08,NA,"NO2","P1E5"
"11374","cg07300559",-0.00035,6.4e-05,5e-08,NA,"NO2","P1E5"
"11375","cg01359015",-0.00027,5e-05,5e-08,NA,"NO2","P1E5"
"11376","cg10288525",-0.00031,5.8e-05,5e-08,NA,"NO2","P1E5"
"11377","cg18499001",-2e-04,3.7e-05,5e-08,NA,"NO2","P1E5"
"11378","cg00383020",-0.00027,5e-05,5e-08,NA,"NO2","P1E5"
"11379","cg19734830",-0.00029,5.3e-05,5e-08,NA,"NO2","P1E5"
"11380","cg20297979",-0.00013,2.3e-05,5e-08,NA,"NO2","P1E5"
"11381","cg05065078",-0.00025,4.6e-05,5e-08,NA,"NO2","P1E5"
"11382","cg05395852",-0.00035,6.4e-05,5e-08,NA,"NO2","P1E5"
"11383","cg09077319",-0.00064,0.00012,5e-08,NA,"NO2","P1E5"
"11384","cg13186599",-0.00028,5.1e-05,5e-08,NA,"NO2","P1E5"
"11385","cg19269520",-0.00026,4.8e-05,5e-08,NA,"NO2","P1E5"
"11386","cg01227558",-4e-04,7.3e-05,5e-08,NA,"NO2","P1E5"
"11387","cg09098720",-0.00053,9.6e-05,5e-08,NA,"NO2","P1E5"
"11388","cg19052164",-0.00041,7.5e-05,5e-08,NA,"NO2","P1E5"
"11389","cg10090386",-0.00028,5.2e-05,5e-08,NA,"NO2","P1E5"
"11390","cg20033619",-0.00028,5.2e-05,5e-08,NA,"NO2","P1E5"
"11391","cg21887373",-0.00045,8.3e-05,5e-08,NA,"NO2","P1E5"
"11392","cg01428928",-0.00028,5.1e-05,5e-08,NA,"NO2","P1E5"
"11393","cg22894276",-0.00035,6.4e-05,5e-08,NA,"NO2","P1E5"
"11394","cg22909759",-3e-04,5.5e-05,5e-08,NA,"NO2","P1E5"
"11395","cg03493668",-0.00033,6e-05,5.1e-08,NA,"NO2","P1E5"
"11396","cg23248729",-2e-04,3.6e-05,5.1e-08,NA,"NO2","P1E5"
"11397","cg23696712",-0.00043,7.9e-05,5.1e-08,NA,"NO2","P1E5"
"11398","cg23716692",-0.00018,3.3e-05,5.1e-08,NA,"NO2","P1E5"
"11399","cg25373430",-0.00026,4.8e-05,5.1e-08,NA,"NO2","P1E5"
"11400","cg05860566",-0.00037,6.9e-05,5.1e-08,NA,"NO2","P1E5"
"11401","cg07819010",-0.00051,9.4e-05,5.1e-08,NA,"NO2","P1E5"
"11402","cg16328896",-0.00022,4.1e-05,5.1e-08,NA,"NO2","P1E5"
"11403","cg18884942",-3e-04,5.5e-05,5.1e-08,NA,"NO2","P1E5"
"11404","cg21474257",-0.00043,7.8e-05,5.1e-08,NA,"NO2","P1E5"
"11405","cg01072609",-0.00028,5.2e-05,5.1e-08,NA,"NO2","P1E5"
"11406","cg05187797",-0.00023,4.3e-05,5.1e-08,NA,"NO2","P1E5"
"11407","cg08845329",-0.00011,1.9e-05,5.1e-08,NA,"NO2","P1E5"
"11408","cg21857200",-0.00021,3.8e-05,5.1e-08,NA,"NO2","P1E5"
"11409","cg24219128",-0.00026,4.7e-05,5.1e-08,NA,"NO2","P1E5"
"11410","cg13683667",-4e-04,7.3e-05,5.1e-08,NA,"NO2","P1E5"
"11411","cg26619894",-0.00026,4.8e-05,5.1e-08,NA,"NO2","P1E5"
"11412","cg00449384",-0.00031,5.6e-05,5.1e-08,NA,"NO2","P1E5"
"11413","cg03393607",-0.00022,4e-05,5.1e-08,NA,"NO2","P1E5"
"11414","cg09155025",-0.00042,7.7e-05,5.1e-08,NA,"NO2","P1E5"
"11415","cg18635207",-0.00014,2.6e-05,5.1e-08,NA,"NO2","P1E5"
"11416","cg20874044",-0.00041,7.5e-05,5.1e-08,NA,"NO2","P1E5"
"11417","cg20998481",-0.00026,4.8e-05,5.1e-08,NA,"NO2","P1E5"
"11418","cg07673376",-0.00024,4.4e-05,5.1e-08,NA,"NO2","P1E5"
"11419","cg27558312",-0.00027,4.9e-05,5.1e-08,NA,"NO2","P1E5"
"11420","cg04455639",-0.00029,5.3e-05,5.1e-08,NA,"NO2","P1E5"
"11421","cg08263398",-3e-04,5.5e-05,5.1e-08,NA,"NO2","P1E5"
"11422","cg08496162",-0.00024,4.4e-05,5.1e-08,NA,"NO2","P1E5"
"11423","cg15329642",-0.00048,8.8e-05,5.1e-08,NA,"NO2","P1E5"
"11424","cg21211730",-0.00029,5.3e-05,5.1e-08,NA,"NO2","P1E5"
"11425","cg22079271",-0.00025,4.6e-05,5.1e-08,NA,"NO2","P1E5"
"11426","cg06255609",-0.00033,6.1e-05,5.1e-08,NA,"NO2","P1E5"
"11427","cg18331412",-0.00071,0.00013,5.1e-08,NA,"NO2","P1E5"
"11428","cg18999360",-2e-04,3.6e-05,5.1e-08,NA,"NO2","P1E5"
"11429","cg00781749",-0.00035,6.5e-05,5.1e-08,NA,"NO2","P1E5"
"11430","cg09675824",-3e-04,5.5e-05,5.1e-08,NA,"NO2","P1E5"
"11431","cg11551577",-0.00023,4.3e-05,5.1e-08,NA,"NO2","P1E5"
"11432","cg14893935",-0.00027,5e-05,5.1e-08,NA,"NO2","P1E5"
"11433","cg23652123",-0.00028,5.2e-05,5.1e-08,NA,"NO2","P1E5"
"11434","cg00233779",-0.00037,6.8e-05,5.2e-08,NA,"NO2","P1E5"
"11435","cg05314799",-0.00034,6.2e-05,5.2e-08,NA,"NO2","P1E5"
"11436","cg09968361",-3e-04,5.6e-05,5.2e-08,NA,"NO2","P1E5"
"11437","cg19805160",-5e-04,9.1e-05,5.2e-08,NA,"NO2","P1E5"
"11438","cg23321524",-0.00039,7.2e-05,5.2e-08,NA,"NO2","P1E5"
"11439","cg06181064",-0.00037,6.8e-05,5.2e-08,NA,"NO2","P1E5"
"11440","cg11113753",-0.00031,5.7e-05,5.2e-08,NA,"NO2","P1E5"
"11441","cg15771416",-0.00029,5.3e-05,5.2e-08,NA,"NO2","P1E5"
"11442","cg00643876",-0.00028,5.1e-05,5.2e-08,NA,"NO2","P1E5"
"11443","cg03336706",-0.00039,7.2e-05,5.2e-08,NA,"NO2","P1E5"
"11444","cg11034122",-0.00035,6.3e-05,5.2e-08,NA,"NO2","P1E5"
"11445","cg00621197",-0.00027,5e-05,5.2e-08,NA,"NO2","P1E5"
"11446","cg13324701",-0.00035,6.4e-05,5.2e-08,NA,"NO2","P1E5"
"11447","cg17642774",-3e-04,5.5e-05,5.2e-08,NA,"NO2","P1E5"
"11448","cg01800884",-0.00037,6.7e-05,5.2e-08,NA,"NO2","P1E5"
"11449","cg03935060",-0.00047,8.7e-05,5.2e-08,NA,"NO2","P1E5"
"11450","cg05011238",-0.00027,4.9e-05,5.2e-08,NA,"NO2","P1E5"
"11451","cg11158374",-0.00024,4.3e-05,5.2e-08,NA,"NO2","P1E5"
"11452","cg19504184",-0.00059,0.00011,5.2e-08,NA,"NO2","P1E5"
"11453","cg19554281",-0.00028,5.2e-05,5.2e-08,NA,"NO2","P1E5"
"11454","cg23469878",-0.00039,7.2e-05,5.2e-08,NA,"NO2","P1E5"
"11455","cg04665565",-0.00019,3.5e-05,5.2e-08,NA,"NO2","P1E5"
"11456","cg01164686",-0.00031,5.7e-05,5.2e-08,NA,"NO2","P1E5"
"11457","cg12046837",-0.00045,8.3e-05,5.2e-08,NA,"NO2","P1E5"
"11458","cg03607648",-0.00027,4.9e-05,5.2e-08,NA,"NO2","P1E5"
"11459","cg08973950",-0.00085,0.00016,5.2e-08,NA,"NO2","P1E5"
"11460","cg14451882",-0.00037,6.8e-05,5.2e-08,NA,"NO2","P1E5"
"11461","cg17616453",-0.00025,4.5e-05,5.2e-08,NA,"NO2","P1E5"
"11462","cg06397345",-0.00034,6.2e-05,5.2e-08,NA,"NO2","P1E5"
"11463","cg10819050",-4e-04,7.4e-05,5.2e-08,NA,"NO2","P1E5"
"11464","cg13677577",-0.00019,3.4e-05,5.2e-08,NA,"NO2","P1E5"
"11465","cg15280185",-0.00047,8.7e-05,5.2e-08,NA,"NO2","P1E5"
"11466","cg17151560",-0.00035,6.4e-05,5.2e-08,NA,"NO2","P1E5"
"11467","cg05740775",-0.00031,5.7e-05,5.3e-08,NA,"NO2","P1E5"
"11468","cg12073440",-3e-04,5.5e-05,5.3e-08,NA,"NO2","P1E5"
"11469","cg25194470",-0.00045,8.2e-05,5.3e-08,NA,"NO2","P1E5"
"11470","cg23053537",-0.00024,4.4e-05,5.3e-08,NA,"NO2","P1E5"
"11471","cg03206569",-0.00035,6.4e-05,5.3e-08,NA,"NO2","P1E5"
"11472","cg06953703",-0.00037,6.9e-05,5.3e-08,NA,"NO2","P1E5"
"11473","cg16404903",-0.00037,6.9e-05,5.3e-08,NA,"NO2","P1E5"
"11474","cg19547124",-0.00029,5.3e-05,5.3e-08,NA,"NO2","P1E5"
"11475","cg06033949",-0.00054,9.9e-05,5.3e-08,NA,"NO2","P1E5"
"11476","cg10207656",-0.00027,4.9e-05,5.3e-08,NA,"NO2","P1E5"
"11477","cg21923317",-0.00036,6.6e-05,5.3e-08,NA,"NO2","P1E5"
"11478","cg24778004",-3e-04,5.5e-05,5.3e-08,NA,"NO2","P1E5"
"11479","cg02128417",-0.00019,3.6e-05,5.3e-08,NA,"NO2","P1E5"
"11480","cg14545570",-0.00034,6.3e-05,5.3e-08,NA,"NO2","P1E5"
"11481","cg18148375",-0.00034,6.3e-05,5.3e-08,NA,"NO2","P1E5"
"11482","cg20768506",-0.00036,6.6e-05,5.3e-08,NA,"NO2","P1E5"
"11483","cg24001728",-0.00045,8.2e-05,5.3e-08,NA,"NO2","P1E5"
"11484","cg01295785",-0.00022,4.1e-05,5.3e-08,NA,"NO2","P1E5"
"11485","cg05708167",-0.00024,4.5e-05,5.3e-08,NA,"NO2","P1E5"
"11486","cg26365013",-0.00027,5e-05,5.3e-08,NA,"NO2","P1E5"
"11487","cg06347338",-0.00017,3.1e-05,5.3e-08,NA,"NO2","P1E5"
"11488","cg26017484",-3e-04,5.6e-05,5.3e-08,NA,"NO2","P1E5"
"11489","cg01002891",-0.00019,3.5e-05,5.3e-08,NA,"NO2","P1E5"
"11490","cg09940677",0.00046,8.5e-05,5.3e-08,NA,"NO2","P1E5"
"11491","cg22125754",-0.00028,5.1e-05,5.3e-08,NA,"NO2","P1E5"
"11492","cg03076130",-0.00041,7.6e-05,5.3e-08,NA,"NO2","P1E5"
"11493","cg09676390",-0.00083,0.00015,5.3e-08,NA,"NO2","P1E5"
"11494","cg00654637",-0.00039,7.2e-05,5.4e-08,NA,"NO2","P1E5"
"11495","cg08454125",-0.00049,9e-05,5.4e-08,NA,"NO2","P1E5"
"11496","cg21529778",-0.00015,2.7e-05,5.4e-08,NA,"NO2","P1E5"
"11497","cg15343797",-0.00027,5e-05,5.4e-08,NA,"NO2","P1E5"
"11498","cg19467203",-0.00026,4.8e-05,5.4e-08,NA,"NO2","P1E5"
"11499","cg08722996",-0.00042,7.7e-05,5.4e-08,NA,"NO2","P1E5"
"11500","cg00832644",-0.00025,4.6e-05,5.4e-08,NA,"NO2","P1E5"
"11501","cg07721042",-0.00032,5.8e-05,5.4e-08,NA,"NO2","P1E5"
"11502","cg21042179",-0.00028,5.2e-05,5.4e-08,NA,"NO2","P1E5"
"11503","cg00005083",-0.00031,5.7e-05,5.4e-08,NA,"NO2","P1E5"
"11504","cg01575601",-0.00032,5.9e-05,5.4e-08,NA,"NO2","P1E5"
"11505","cg08279879",-0.00033,6.1e-05,5.4e-08,NA,"NO2","P1E5"
"11506","cg14356362",-0.00037,6.8e-05,5.4e-08,NA,"NO2","P1E5"
"11507","cg27292667",-0.00032,5.8e-05,5.4e-08,NA,"NO2","P1E5"
"11508","cg02742969",-0.00048,8.7e-05,5.4e-08,NA,"NO2","P1E5"
"11509","cg06953865",-0.00085,0.00016,5.4e-08,NA,"NO2","P1E5"
"11510","cg12421966",-0.00041,7.6e-05,5.4e-08,NA,"NO2","P1E5"
"11511","cg12739914",-0.00032,5.9e-05,5.4e-08,NA,"NO2","P1E5"
"11512","cg13420004",-0.00027,5e-05,5.4e-08,NA,"NO2","P1E5"
"11513","cg16598680",-0.00035,6.4e-05,5.4e-08,NA,"NO2","P1E5"
"11514","cg23496571",-0.00037,6.9e-05,5.4e-08,NA,"NO2","P1E5"
"11515","cg04210392",-2e-04,3.6e-05,5.4e-08,NA,"NO2","P1E5"
"11516","cg08372713",-0.00021,3.8e-05,5.4e-08,NA,"NO2","P1E5"
"11517","cg13436417",-0.00027,5e-05,5.4e-08,NA,"NO2","P1E5"
"11518","cg03179542",-0.00059,0.00011,5.4e-08,NA,"NO2","P1E5"
"11519","cg04177635",-0.00018,3.3e-05,5.4e-08,NA,"NO2","P1E5"
"11520","cg06554935",-0.00025,4.6e-05,5.4e-08,NA,"NO2","P1E5"
"11521","cg03773731",-0.00029,5.4e-05,5.4e-08,NA,"NO2","P1E5"
"11522","cg15228639",-0.00037,6.8e-05,5.4e-08,NA,"NO2","P1E5"
"11523","cg18081104",-0.00037,6.8e-05,5.4e-08,NA,"NO2","P1E5"
"11524","cg24290948",-0.00042,7.7e-05,5.4e-08,NA,"NO2","P1E5"
"11525","cg16986661",-0.00021,3.8e-05,5.5e-08,NA,"NO2","P1E5"
"11526","cg21490635",-4e-04,7.3e-05,5.5e-08,NA,"NO2","P1E5"
"11527","cg10608858",-0.00018,3.3e-05,5.5e-08,NA,"NO2","P1E5"
"11528","cg17174893",-4e-04,7.3e-05,5.5e-08,NA,"NO2","P1E5"
"11529","cg01035771",-0.00038,7e-05,5.5e-08,NA,"NO2","P1E5"
"11530","cg03339560",-0.00038,7e-05,5.5e-08,NA,"NO2","P1E5"
"11531","cg05381795",-0.00047,8.6e-05,5.5e-08,NA,"NO2","P1E5"
"11532","cg07036035",-0.00042,7.8e-05,5.5e-08,NA,"NO2","P1E5"
"11533","cg10091487",-0.00022,4e-05,5.5e-08,NA,"NO2","P1E5"
"11534","cg17896897",-0.00026,4.8e-05,5.5e-08,NA,"NO2","P1E5"
"11535","cg23390871",-4e-04,7.3e-05,5.5e-08,NA,"NO2","P1E5"
"11536","cg14069306",-0.00035,6.4e-05,5.5e-08,NA,"NO2","P1E5"
"11537","cg01799507",-0.00022,4e-05,5.5e-08,NA,"NO2","P1E5"
"11538","cg09140593",-0.00025,4.6e-05,5.5e-08,NA,"NO2","P1E5"
"11539","cg13656408",-4e-04,7.4e-05,5.5e-08,NA,"NO2","P1E5"
"11540","cg21067775",-0.00059,0.00011,5.5e-08,NA,"NO2","P1E5"
"11541","cg27629317",-0.00024,4.5e-05,5.5e-08,NA,"NO2","P1E5"
"11542","cg04172049",-0.00051,9.4e-05,5.5e-08,NA,"NO2","P1E5"
"11543","cg07971745",-0.00031,5.7e-05,5.5e-08,NA,"NO2","P1E5"
"11544","cg13654103",-0.00022,4e-05,5.5e-08,NA,"NO2","P1E5"
"11545","cg18894781",-0.00025,4.7e-05,5.5e-08,NA,"NO2","P1E5"
"11546","cg00703120",-3e-04,5.6e-05,5.5e-08,NA,"NO2","P1E5"
"11547","cg16895493",-0.00021,3.8e-05,5.5e-08,NA,"NO2","P1E5"
"11548","cg18663307",0.00075,0.00014,5.5e-08,NA,"NO2","P1E5"
"11549","cg27562840",-0.00027,5e-05,5.5e-08,NA,"NO2","P1E5"
"11550","cg11035304",-0.00029,5.3e-05,5.5e-08,NA,"NO2","P1E5"
"11551","cg20265953",-0.00032,6e-05,5.6e-08,NA,"NO2","P1E5"
"11552","cg23921031",-0.00024,4.5e-05,5.6e-08,NA,"NO2","P1E5"
"11553","cg27292099",-0.00025,4.6e-05,5.6e-08,NA,"NO2","P1E5"
"11554","cg03628871",-7.3e-05,1.3e-05,5.6e-08,NA,"NO2","P1E5"
"11555","cg06700060",-0.00029,5.4e-05,5.6e-08,NA,"NO2","P1E5"
"11556","cg08550260",-0.00023,4.3e-05,5.6e-08,NA,"NO2","P1E5"
"11557","cg25890679",-0.00022,4e-05,5.6e-08,NA,"NO2","P1E5"
"11558","cg08515989",-0.00067,0.00012,5.6e-08,NA,"NO2","P1E5"
"11559","cg13905252",-0.00035,6.5e-05,5.6e-08,NA,"NO2","P1E5"
"11560","cg15434292",-0.00035,6.4e-05,5.6e-08,NA,"NO2","P1E5"
"11561","cg11153057",-0.00032,5.9e-05,5.6e-08,NA,"NO2","P1E5"
"11562","cg16698623",-0.00045,8.2e-05,5.6e-08,NA,"NO2","P1E5"
"11563","cg17277248",-0.00024,4.5e-05,5.6e-08,NA,"NO2","P1E5"
"11564","cg18281102",-0.00025,4.6e-05,5.6e-08,NA,"NO2","P1E5"
"11565","cg23893346",-0.00036,6.6e-05,5.6e-08,NA,"NO2","P1E5"
"11566","cg00004089",-0.00035,6.5e-05,5.6e-08,NA,"NO2","P1E5"
"11567","cg02874145",-0.00029,5.3e-05,5.6e-08,NA,"NO2","P1E5"
"11568","cg13694876",-0.00031,5.7e-05,5.6e-08,NA,"NO2","P1E5"
"11569","cg23740940",-0.00088,0.00016,5.6e-08,NA,"NO2","P1E5"
"11570","cg01040890",-0.00043,7.8e-05,5.6e-08,NA,"NO2","P1E5"
"11571","cg03102386",-0.00019,3.6e-05,5.6e-08,NA,"NO2","P1E5"
"11572","cg26074326",-0.00032,5.9e-05,5.6e-08,NA,"NO2","P1E5"
"11573","cg03160788",-0.00032,6e-05,5.6e-08,NA,"NO2","P1E5"
"11574","cg09249980",-0.00042,7.7e-05,5.6e-08,NA,"NO2","P1E5"
"11575","cg09843829",-0.00022,4e-05,5.6e-08,NA,"NO2","P1E5"
"11576","cg26581982",-0.00033,6e-05,5.6e-08,NA,"NO2","P1E5"
"11577","cg01189604",-0.00027,4.9e-05,5.6e-08,NA,"NO2","P1E5"
"11578","cg03860650",-0.00022,4.1e-05,5.6e-08,NA,"NO2","P1E5"
"11579","cg07890238",-2e-04,3.8e-05,5.6e-08,NA,"NO2","P1E5"
"11580","cg08352148",-0.00039,7.3e-05,5.6e-08,NA,"NO2","P1E5"
"11581","cg21587211",-2e-04,3.7e-05,5.6e-08,NA,"NO2","P1E5"
"11582","cg09301462",-0.00027,5e-05,5.7e-08,NA,"NO2","P1E5"
"11583","cg18154417",-0.00032,5.8e-05,5.7e-08,NA,"NO2","P1E5"
"11584","cg07323399",-0.00041,7.6e-05,5.7e-08,NA,"NO2","P1E5"
"11585","cg18360111",-0.00022,4e-05,5.7e-08,NA,"NO2","P1E5"
"11586","cg15620250",-0.00025,4.6e-05,5.7e-08,NA,"NO2","P1E5"
"11587","cg23390118",-0.00061,0.00011,5.7e-08,NA,"NO2","P1E5"
"11588","cg25755740",-0.00023,4.2e-05,5.7e-08,NA,"NO2","P1E5"
"11589","cg01477908",-0.00031,5.8e-05,5.7e-08,NA,"NO2","P1E5"
"11590","cg04153489",-0.00052,9.7e-05,5.7e-08,NA,"NO2","P1E5"
"11591","cg11096675",-2e-04,3.7e-05,5.7e-08,NA,"NO2","P1E5"
"11592","cg17561452",-0.00039,7.2e-05,5.7e-08,NA,"NO2","P1E5"
"11593","cg23548374",-0.00031,5.7e-05,5.7e-08,NA,"NO2","P1E5"
"11594","cg04401067",-0.00026,4.8e-05,5.7e-08,NA,"NO2","P1E5"
"11595","cg01044025",0.00068,0.00013,5.7e-08,NA,"NO2","P1E5"
"11596","cg02272429",-0.00038,7e-05,5.7e-08,NA,"NO2","P1E5"
"11597","cg26090072",-0.00052,9.6e-05,5.7e-08,NA,"NO2","P1E5"
"11598","cg01590699",-0.00034,6.2e-05,5.7e-08,NA,"NO2","P1E5"
"11599","cg02046017",-0.00028,5.2e-05,5.7e-08,NA,"NO2","P1E5"
"11600","cg09953710",-0.00025,4.6e-05,5.7e-08,NA,"NO2","P1E5"
"11601","cg11611932",-0.00031,5.8e-05,5.7e-08,NA,"NO2","P1E5"
"11602","cg16476048",-0.00042,7.7e-05,5.7e-08,NA,"NO2","P1E5"
"11603","cg23752152",-0.00024,4.4e-05,5.7e-08,NA,"NO2","P1E5"
"11604","cg15679098",-0.00025,4.5e-05,5.7e-08,NA,"NO2","P1E5"
"11605","cg24694329",-0.00034,6.2e-05,5.7e-08,NA,"NO2","P1E5"
"11606","cg00966522",-0.00043,7.9e-05,5.7e-08,NA,"NO2","P1E5"
"11607","cg01822289",-0.00024,4.4e-05,5.7e-08,NA,"NO2","P1E5"
"11608","cg03164969",-0.00044,8.1e-05,5.7e-08,NA,"NO2","P1E5"
"11609","cg23737263",-0.00039,7.3e-05,5.7e-08,NA,"NO2","P1E5"
"11610","cg16204289",-0.00024,4.4e-05,5.7e-08,NA,"NO2","P1E5"
"11611","cg21637843",-0.00042,7.7e-05,5.7e-08,NA,"NO2","P1E5"
"11612","cg06002638",-0.00043,7.9e-05,5.8e-08,NA,"NO2","P1E5"
"11613","cg10520740",-0.00041,7.6e-05,5.8e-08,NA,"NO2","P1E5"
"11614","cg12751948",-0.00041,7.6e-05,5.8e-08,NA,"NO2","P1E5"
"11615","cg24874277",-2e-04,3.7e-05,5.8e-08,NA,"NO2","P1E5"
"11616","cg26510500",-2e-04,3.8e-05,5.8e-08,NA,"NO2","P1E5"
"11617","cg03755825",-0.00025,4.7e-05,5.8e-08,NA,"NO2","P1E5"
"11618","cg24337225",-0.00025,4.6e-05,5.8e-08,NA,"NO2","P1E5"
"11619","cg24486540",-0.00043,7.9e-05,5.8e-08,NA,"NO2","P1E5"
"11620","cg10773249",-0.00033,6e-05,5.8e-08,NA,"NO2","P1E5"
"11621","cg12920963",-0.00029,5.4e-05,5.8e-08,NA,"NO2","P1E5"
"11622","cg16069359",-0.00025,4.5e-05,5.8e-08,NA,"NO2","P1E5"
"11623","cg02904800",-0.00019,3.5e-05,5.8e-08,NA,"NO2","P1E5"
"11624","cg14093720",-0.00028,5.3e-05,5.8e-08,NA,"NO2","P1E5"
"11625","cg23894563",-0.00018,3.3e-05,5.8e-08,NA,"NO2","P1E5"
"11626","cg26754664",-0.00039,7.2e-05,5.8e-08,NA,"NO2","P1E5"
"11627","cg00115549",-0.00017,3.2e-05,5.8e-08,NA,"NO2","P1E5"
"11628","cg16437547",-4e-04,7.4e-05,5.8e-08,NA,"NO2","P1E5"
"11629","cg23587288",-0.00023,4.2e-05,5.8e-08,NA,"NO2","P1E5"
"11630","cg24331162",-0.00029,5.3e-05,5.8e-08,NA,"NO2","P1E5"
"11631","cg24977541",-0.00029,5.3e-05,5.8e-08,NA,"NO2","P1E5"
"11632","cg25344194",-0.00047,8.7e-05,5.8e-08,NA,"NO2","P1E5"
"11633","cg01550397",-0.00037,6.9e-05,5.8e-08,NA,"NO2","P1E5"
"11634","cg05988291",-0.00021,3.9e-05,5.8e-08,NA,"NO2","P1E5"
"11635","cg06770683",-0.00039,7.1e-05,5.8e-08,NA,"NO2","P1E5"
"11636","cg14825743",-0.00021,3.8e-05,5.8e-08,NA,"NO2","P1E5"
"11637","cg10894991",-0.00039,7.2e-05,5.8e-08,NA,"NO2","P1E5"
"11638","cg00476872",-0.00017,3.1e-05,5.9e-08,NA,"NO2","P1E5"
"11639","cg00955413",-0.00026,4.7e-05,5.9e-08,NA,"NO2","P1E5"
"11640","cg07551200",-3e-04,5.5e-05,5.9e-08,NA,"NO2","P1E5"
"11641","cg09543635",-0.00021,3.9e-05,5.9e-08,NA,"NO2","P1E5"
"11642","cg15976883",-0.00042,7.8e-05,5.9e-08,NA,"NO2","P1E5"
"11643","cg01965425",-0.00018,3.4e-05,5.9e-08,NA,"NO2","P1E5"
"11644","cg04167867",-0.00021,3.8e-05,5.9e-08,NA,"NO2","P1E5"
"11645","cg07025432",-0.00029,5.4e-05,5.9e-08,NA,"NO2","P1E5"
"11646","cg07839536",-0.00026,4.8e-05,5.9e-08,NA,"NO2","P1E5"
"11647","cg11999331",-0.00015,2.7e-05,5.9e-08,NA,"NO2","P1E5"
"11648","cg23690808",-0.00038,7.1e-05,5.9e-08,NA,"NO2","P1E5"
"11649","cg27123166",-0.00026,4.8e-05,5.9e-08,NA,"NO2","P1E5"
"11650","cg03984866",-0.00036,6.7e-05,5.9e-08,NA,"NO2","P1E5"
"11651","cg21478437",-0.00034,6.3e-05,5.9e-08,NA,"NO2","P1E5"
"11652","cg00553107",-0.00026,4.9e-05,5.9e-08,NA,"NO2","P1E5"
"11653","cg26544499",-0.00029,5.3e-05,5.9e-08,NA,"NO2","P1E5"
"11654","cg04132651",-0.00022,4e-05,5.9e-08,NA,"NO2","P1E5"
"11655","cg18817158",-0.00022,4.1e-05,5.9e-08,NA,"NO2","P1E5"
"11656","cg23114262",-0.00013,2.4e-05,5.9e-08,NA,"NO2","P1E5"
"11657","cg26073865",-0.00029,5.3e-05,5.9e-08,NA,"NO2","P1E5"
"11658","cg19366986",-3e-04,5.5e-05,5.9e-08,NA,"NO2","P1E5"
"11659","cg27573593",-0.00013,2.4e-05,5.9e-08,NA,"NO2","P1E5"
"11660","cg00864770",-0.00033,6.1e-05,5.9e-08,NA,"NO2","P1E5"
"11661","cg01703993",-0.00018,3.4e-05,5.9e-08,NA,"NO2","P1E5"
"11662","cg05777594",-0.00024,4.5e-05,5.9e-08,NA,"NO2","P1E5"
"11663","cg19344881",-0.00021,3.9e-05,5.9e-08,NA,"NO2","P1E5"
"11664","cg02182592",-0.00046,8.5e-05,5.9e-08,NA,"NO2","P1E5"
"11665","cg06541938",-0.00033,6.2e-05,5.9e-08,NA,"NO2","P1E5"
"11666","cg13540805",-0.00028,5.2e-05,5.9e-08,NA,"NO2","P1E5"
"11667","cg27531490",-0.00061,0.00011,5.9e-08,NA,"NO2","P1E5"
"11668","cg02306229",-0.00038,7e-05,5.9e-08,NA,"NO2","P1E5"
"11669","cg07433154",-0.00034,6.3e-05,5.9e-08,NA,"NO2","P1E5"
"11670","cg24802745",-0.00031,5.8e-05,5.9e-08,NA,"NO2","P1E5"
"11671","cg25285646",-0.00037,6.8e-05,5.9e-08,NA,"NO2","P1E5"
"11672","cg26923045",-0.00017,3.2e-05,5.9e-08,NA,"NO2","P1E5"
"11673","cg14038731",-0.00035,6.5e-05,6e-08,NA,"NO2","P1E5"
"11674","cg06830319",-0.00033,6e-05,6e-08,NA,"NO2","P1E5"
"11675","cg19015961",-0.00028,5.3e-05,6e-08,NA,"NO2","P1E5"
"11676","cg01210622",-0.00019,3.4e-05,6e-08,NA,"NO2","P1E5"
"11677","cg03395993",-0.00027,5e-05,6e-08,NA,"NO2","P1E5"
"11678","cg11205312",-5e-04,9.2e-05,6e-08,NA,"NO2","P1E5"
"11679","cg13200739",-0.00017,3.1e-05,6e-08,NA,"NO2","P1E5"
"11680","cg14762454",-0.00024,4.5e-05,6e-08,NA,"NO2","P1E5"
"11681","cg03145815",-3e-04,5.5e-05,6e-08,NA,"NO2","P1E5"
"11682","cg06960700",-0.00026,4.8e-05,6e-08,NA,"NO2","P1E5"
"11683","cg24164786",-0.00024,4.4e-05,6e-08,NA,"NO2","P1E5"
"11684","cg07019099",-0.00027,4.9e-05,6e-08,NA,"NO2","P1E5"
"11685","cg20277740",-0.00028,5.1e-05,6e-08,NA,"NO2","P1E5"
"11686","cg22318991",-0.00024,4.5e-05,6e-08,NA,"NO2","P1E5"
"11687","cg25368116",-0.00027,4.9e-05,6e-08,NA,"NO2","P1E5"
"11688","cg14741236",-0.00035,6.5e-05,6e-08,NA,"NO2","P1E5"
"11689","cg14744022",-0.00028,5.1e-05,6e-08,NA,"NO2","P1E5"
"11690","cg04577162",0.00074,0.00014,6e-08,NA,"NO2","P1E5"
"11691","cg21302133",-0.00033,6e-05,6e-08,NA,"NO2","P1E5"
"11692","cg16794961",-0.00031,5.8e-05,6e-08,NA,"NO2","P1E5"
"11693","cg03734302",-0.00031,5.8e-05,6.1e-08,NA,"NO2","P1E5"
"11694","cg21433085",-0.00023,4.3e-05,6.1e-08,NA,"NO2","P1E5"
"11695","cg24213433",-0.00024,4.5e-05,6.1e-08,NA,"NO2","P1E5"
"11696","cg01265637",-2e-04,3.7e-05,6.1e-08,NA,"NO2","P1E5"
"11697","cg01864825",-0.00031,5.8e-05,6.1e-08,NA,"NO2","P1E5"
"11698","cg19707326",-0.00033,6.1e-05,6.1e-08,NA,"NO2","P1E5"
"11699","cg08228995",-0.00029,5.4e-05,6.1e-08,NA,"NO2","P1E5"
"11700","cg17793608",-0.00024,4.5e-05,6.1e-08,NA,"NO2","P1E5"
"11701","cg00012529",-0.00019,3.4e-05,6.1e-08,NA,"NO2","P1E5"
"11702","cg08678851",-0.00025,4.5e-05,6.1e-08,NA,"NO2","P1E5"
"11703","cg08878802",-0.00029,5.3e-05,6.1e-08,NA,"NO2","P1E5"
"11704","cg24871165",-7e-04,0.00013,6.1e-08,NA,"NO2","P1E5"
"11705","cg00605763",-0.00033,6.1e-05,6.1e-08,NA,"NO2","P1E5"
"11706","cg08447934",-0.00057,1e-04,6.1e-08,NA,"NO2","P1E5"
"11707","cg16465129",-0.00017,3.2e-05,6.1e-08,NA,"NO2","P1E5"
"11708","cg02147980",-0.00032,5.8e-05,6.1e-08,NA,"NO2","P1E5"
"11709","cg01660001",-0.00021,3.8e-05,6.1e-08,NA,"NO2","P1E5"
"11710","cg09781936",-0.00032,5.9e-05,6.1e-08,NA,"NO2","P1E5"
"11711","cg15841728",-0.00022,4.1e-05,6.1e-08,NA,"NO2","P1E5"
"11712","cg01577760",-0.00053,9.8e-05,6.1e-08,NA,"NO2","P1E5"
"11713","cg03700669",-0.00036,6.6e-05,6.1e-08,NA,"NO2","P1E5"
"11714","cg14468741",-0.00035,6.5e-05,6.1e-08,NA,"NO2","P1E5"
"11715","cg16749930",0.00019,3.4e-05,6.2e-08,NA,"NO2","P1E5"
"11716","cg02717470",-0.00028,5.2e-05,6.2e-08,NA,"NO2","P1E5"
"11717","cg06437052",-0.00034,6.2e-05,6.2e-08,NA,"NO2","P1E5"
"11718","cg00015639",-0.00025,4.6e-05,6.2e-08,NA,"NO2","P1E5"
"11719","cg12715395",-0.00022,4.1e-05,6.2e-08,NA,"NO2","P1E5"
"11720","cg27232482",-0.00054,1e-04,6.2e-08,NA,"NO2","P1E5"
"11721","cg14198873",-0.00033,6.2e-05,6.2e-08,NA,"NO2","P1E5"
"11722","cg22872064",-0.00026,4.8e-05,6.2e-08,NA,"NO2","P1E5"
"11723","cg10626107",-0.00031,5.7e-05,6.2e-08,NA,"NO2","P1E5"
"11724","cg11147442",-0.00041,7.6e-05,6.2e-08,NA,"NO2","P1E5"
"11725","cg13730600",-0.00039,7.2e-05,6.2e-08,NA,"NO2","P1E5"
"11726","cg22588850",-0.00031,5.7e-05,6.2e-08,NA,"NO2","P1E5"
"11727","cg23640664",-0.00029,5.4e-05,6.2e-08,NA,"NO2","P1E5"
"11728","cg26787381",-0.00087,0.00016,6.2e-08,NA,"NO2","P1E5"
"11729","cg27629782",-0.00031,5.6e-05,6.2e-08,NA,"NO2","P1E5"
"11730","cg10469906",-0.00018,3.4e-05,6.2e-08,NA,"NO2","P1E5"
"11731","cg22012476",-0.00046,8.6e-05,6.2e-08,NA,"NO2","P1E5"
"11732","cg10821320",-0.00026,4.7e-05,6.2e-08,NA,"NO2","P1E5"
"11733","cg03748042",-0.00031,5.8e-05,6.2e-08,NA,"NO2","P1E5"
"11734","cg05548478",-0.00039,7.2e-05,6.2e-08,NA,"NO2","P1E5"
"11735","cg24011307",-0.00023,4.2e-05,6.2e-08,NA,"NO2","P1E5"
"11736","cg05623781",-0.00022,4.1e-05,6.2e-08,NA,"NO2","P1E5"
"11737","cg06797734",-0.00037,6.9e-05,6.2e-08,NA,"NO2","P1E5"
"11738","cg16681310",-0.00028,5.1e-05,6.2e-08,NA,"NO2","P1E5"
"11739","cg18411941",-0.00021,3.9e-05,6.2e-08,NA,"NO2","P1E5"
"11740","cg09026038",-0.00024,4.4e-05,6.3e-08,NA,"NO2","P1E5"
"11741","cg11675225",-0.00041,7.7e-05,6.3e-08,NA,"NO2","P1E5"
"11742","cg17068417",-0.00022,4.1e-05,6.3e-08,NA,"NO2","P1E5"
"11743","cg20605103",-0.00016,2.9e-05,6.3e-08,NA,"NO2","P1E5"
"11744","cg21845794",-0.00031,5.7e-05,6.3e-08,NA,"NO2","P1E5"
"11745","cg02959551",-0.00034,6.3e-05,6.3e-08,NA,"NO2","P1E5"
"11746","cg06406536",-0.00032,5.8e-05,6.3e-08,NA,"NO2","P1E5"
"11747","cg09403494",-0.00021,3.9e-05,6.3e-08,NA,"NO2","P1E5"
"11748","cg11080456",-0.00037,6.8e-05,6.3e-08,NA,"NO2","P1E5"
"11749","cg13916469",-0.00032,5.9e-05,6.3e-08,NA,"NO2","P1E5"
"11750","cg16421653",-3e-04,5.5e-05,6.3e-08,NA,"NO2","P1E5"
"11751","cg17388678",-0.00028,5.1e-05,6.3e-08,NA,"NO2","P1E5"
"11752","cg03950121",-0.00036,6.7e-05,6.3e-08,NA,"NO2","P1E5"
"11753","cg25692002",-0.00019,3.4e-05,6.3e-08,NA,"NO2","P1E5"
"11754","cg00465277",-0.00039,7.3e-05,6.3e-08,NA,"NO2","P1E5"
"11755","cg06346929",-0.00024,4.4e-05,6.3e-08,NA,"NO2","P1E5"
"11756","cg02608656",-0.00021,3.8e-05,6.3e-08,NA,"NO2","P1E5"
"11757","cg05928537",0.00035,6.5e-05,6.3e-08,NA,"NO2","P1E5"
"11758","cg22981153",-0.00028,5.1e-05,6.3e-08,NA,"NO2","P1E5"
"11759","cg10147096",-0.00022,4.1e-05,6.3e-08,NA,"NO2","P1E5"
"11760","cg16637224",-0.00045,8.4e-05,6.3e-08,NA,"NO2","P1E5"
"11761","cg20847090",-0.00038,7.1e-05,6.3e-08,NA,"NO2","P1E5"
"11762","cg04033857",-0.00036,6.6e-05,6.3e-08,NA,"NO2","P1E5"
"11763","cg06241689",-0.00043,8e-05,6.3e-08,NA,"NO2","P1E5"
"11764","cg17627328",-0.00027,4.9e-05,6.3e-08,NA,"NO2","P1E5"
"11765","cg07660378",-0.00037,6.8e-05,6.3e-08,NA,"NO2","P1E5"
"11766","cg07972459",-0.00032,5.9e-05,6.3e-08,NA,"NO2","P1E5"
"11767","cg08065983",-0.00019,3.6e-05,6.3e-08,NA,"NO2","P1E5"
"11768","cg12973548",-0.00017,3.2e-05,6.3e-08,NA,"NO2","P1E5"
"11769","cg01344914",-0.00031,5.7e-05,6.3e-08,NA,"NO2","P1E5"
"11770","cg08284993",6e-04,0.00011,6.3e-08,NA,"NO2","P1E5"
"11771","cg24903589",-0.00043,7.9e-05,6.3e-08,NA,"NO2","P1E5"
"11772","cg01036735",-0.00023,4.3e-05,6.4e-08,NA,"NO2","P1E5"
"11773","cg11988128",-1e-04,1.9e-05,6.4e-08,NA,"NO2","P1E5"
"11774","cg23392804",-0.00021,3.9e-05,6.4e-08,NA,"NO2","P1E5"
"11775","cg17772789",-0.00031,5.7e-05,6.4e-08,NA,"NO2","P1E5"
"11776","cg02796478",-0.00026,4.8e-05,6.4e-08,NA,"NO2","P1E5"
"11777","cg17400559",-3e-04,5.5e-05,6.4e-08,NA,"NO2","P1E5"
"11778","cg00119053",-0.00022,4.1e-05,6.4e-08,NA,"NO2","P1E5"
"11779","cg24982697",-0.00034,6.3e-05,6.4e-08,NA,"NO2","P1E5"
"11780","cg04761177",-0.00025,4.7e-05,6.4e-08,NA,"NO2","P1E5"
"11781","cg10762038",-3e-04,5.5e-05,6.4e-08,NA,"NO2","P1E5"
"11782","cg15809352",-2e-04,3.7e-05,6.4e-08,NA,"NO2","P1E5"
"11783","cg18412889",-0.00047,8.8e-05,6.4e-08,NA,"NO2","P1E5"
"11784","cg21670983",-0.00039,7.3e-05,6.4e-08,NA,"NO2","P1E5"
"11785","cg09221269",-0.00016,3e-05,6.4e-08,NA,"NO2","P1E5"
"11786","cg18153437",-0.00039,7.3e-05,6.4e-08,NA,"NO2","P1E5"
"11787","cg21828173",-0.00025,4.6e-05,6.4e-08,NA,"NO2","P1E5"
"11788","cg13816466",-0.00042,7.7e-05,6.4e-08,NA,"NO2","P1E5"
"11789","cg26341453",-0.00035,6.4e-05,6.4e-08,NA,"NO2","P1E5"
"11790","cg00540850",-0.00027,5e-05,6.4e-08,NA,"NO2","P1E5"
"11791","cg08495088",-0.00032,5.9e-05,6.4e-08,NA,"NO2","P1E5"
"11792","cg17400113",-0.00069,0.00013,6.4e-08,NA,"NO2","P1E5"
"11793","cg26017679",-0.00018,3.3e-05,6.5e-08,NA,"NO2","P1E5"
"11794","cg10630051",-0.00028,5.2e-05,6.5e-08,NA,"NO2","P1E5"
"11795","cg12256803",-0.00034,6.3e-05,6.5e-08,NA,"NO2","P1E5"
"11796","cg21546300",-0.00034,6.3e-05,6.5e-08,NA,"NO2","P1E5"
"11797","cg26957150",-0.00049,9.1e-05,6.5e-08,NA,"NO2","P1E5"
"11798","cg04815242",-0.00021,3.9e-05,6.5e-08,NA,"NO2","P1E5"
"11799","cg08109646",-0.00032,5.9e-05,6.5e-08,NA,"NO2","P1E5"
"11800","cg13614477",-0.00037,6.8e-05,6.5e-08,NA,"NO2","P1E5"
"11801","cg19316647",-0.00031,5.7e-05,6.5e-08,NA,"NO2","P1E5"
"11802","cg20103311",-0.00039,7.1e-05,6.5e-08,NA,"NO2","P1E5"
"11803","cg22004422",-0.00036,6.6e-05,6.5e-08,NA,"NO2","P1E5"
"11804","cg10209670",-0.00032,6e-05,6.5e-08,NA,"NO2","P1E5"
"11805","cg23184690",-0.00038,7.1e-05,6.5e-08,NA,"NO2","P1E5"
"11806","cg02504690",-0.00029,5.3e-05,6.5e-08,NA,"NO2","P1E5"
"11807","cg05209330",-0.00036,6.7e-05,6.5e-08,NA,"NO2","P1E5"
"11808","cg05785102",-0.00038,7e-05,6.5e-08,NA,"NO2","P1E5"
"11809","cg17633463",-0.00025,4.6e-05,6.5e-08,NA,"NO2","P1E5"
"11810","cg12340519",-0.00028,5.1e-05,6.5e-08,NA,"NO2","P1E5"
"11811","cg14418609",-0.00022,4.1e-05,6.5e-08,NA,"NO2","P1E5"
"11812","cg24990400",-0.00031,5.8e-05,6.5e-08,NA,"NO2","P1E5"
"11813","cg00245746",-0.00027,5.1e-05,6.5e-08,NA,"NO2","P1E5"
"11814","cg08932665",-0.00018,3.2e-05,6.5e-08,NA,"NO2","P1E5"
"11815","cg16650212",-2e-04,3.8e-05,6.5e-08,NA,"NO2","P1E5"
"11816","cg05395156",-0.00027,4.9e-05,6.5e-08,NA,"NO2","P1E5"
"11817","cg15921228",-0.00031,5.8e-05,6.5e-08,NA,"NO2","P1E5"
"11818","cg19814100",-0.00026,4.9e-05,6.5e-08,NA,"NO2","P1E5"
"11819","cg21505231",-0.00035,6.5e-05,6.5e-08,NA,"NO2","P1E5"
"11820","cg23852994",-0.00023,4.2e-05,6.5e-08,NA,"NO2","P1E5"
"11821","cg27364242",-4e-04,7.4e-05,6.5e-08,NA,"NO2","P1E5"
"11822","cg05286196",-0.00037,6.9e-05,6.5e-08,NA,"NO2","P1E5"
"11823","cg05652547",-0.00028,5.2e-05,6.5e-08,NA,"NO2","P1E5"
"11824","cg18154954",-0.00063,0.00012,6.5e-08,NA,"NO2","P1E5"
"11825","cg23843022",-0.00033,6.2e-05,6.5e-08,NA,"NO2","P1E5"
"11826","cg09969797",-0.00027,5.1e-05,6.5e-08,NA,"NO2","P1E5"
"11827","cg21995931",-2e-04,3.7e-05,6.5e-08,NA,"NO2","P1E5"
"11828","cg05032934",-0.00057,1e-04,6.6e-08,NA,"NO2","P1E5"
"11829","cg15795544",-0.00033,6.1e-05,6.6e-08,NA,"NO2","P1E5"
"11830","cg20818265",-0.00034,6.3e-05,6.6e-08,NA,"NO2","P1E5"
"11831","cg11539664",-0.00025,4.7e-05,6.6e-08,NA,"NO2","P1E5"
"11832","cg26528298",-0.00025,4.6e-05,6.6e-08,NA,"NO2","P1E5"
"11833","cg26207837",-0.00034,6.2e-05,6.6e-08,NA,"NO2","P1E5"
"11834","cg26474043",-0.00049,9.2e-05,6.6e-08,NA,"NO2","P1E5"
"11835","cg27076536",-0.00048,8.8e-05,6.6e-08,NA,"NO2","P1E5"
"11836","cg22864689",-0.00026,4.9e-05,6.6e-08,NA,"NO2","P1E5"
"11837","cg10209089",-3e-04,5.5e-05,6.6e-08,NA,"NO2","P1E5"
"11838","cg22749051",-0.00023,4.3e-05,6.6e-08,NA,"NO2","P1E5"
"11839","cg27485075",-0.00044,8.1e-05,6.6e-08,NA,"NO2","P1E5"
"11840","cg14104626",-0.00024,4.5e-05,6.6e-08,NA,"NO2","P1E5"
"11841","cg26273539",-2e-04,3.6e-05,6.6e-08,NA,"NO2","P1E5"
"11842","cg15849445",-0.00032,5.8e-05,6.6e-08,NA,"NO2","P1E5"
"11843","cg16746355",-0.00038,7.1e-05,6.6e-08,NA,"NO2","P1E5"
"11844","cg20901684",-0.00025,4.6e-05,6.6e-08,NA,"NO2","P1E5"
"11845","cg27009501",-4e-04,7.4e-05,6.6e-08,NA,"NO2","P1E5"
"11846","cg03879823",-0.00029,5.3e-05,6.6e-08,NA,"NO2","P1E5"
"11847","cg06454982",-0.00033,6.1e-05,6.6e-08,NA,"NO2","P1E5"
"11848","cg15868425",-0.00032,6e-05,6.6e-08,NA,"NO2","P1E5"
"11849","cg13688770",-0.00075,0.00014,6.7e-08,NA,"NO2","P1E5"
"11850","cg21474062",-0.00073,0.00013,6.7e-08,NA,"NO2","P1E5"
"11851","cg02585563",-0.00034,6.4e-05,6.7e-08,NA,"NO2","P1E5"
"11852","cg14368247",-0.00036,6.7e-05,6.7e-08,NA,"NO2","P1E5"
"11853","cg16434156",-1e-04,1.9e-05,6.7e-08,NA,"NO2","P1E5"
"11854","cg21358444",-0.00028,5.2e-05,6.7e-08,NA,"NO2","P1E5"
"11855","cg09589308",-0.00041,7.6e-05,6.7e-08,NA,"NO2","P1E5"
"11856","cg03635225",-0.00028,5.1e-05,6.7e-08,NA,"NO2","P1E5"
"11857","cg05603944",-0.00023,4.2e-05,6.7e-08,NA,"NO2","P1E5"
"11858","cg06627009",-0.00023,4.2e-05,6.7e-08,NA,"NO2","P1E5"
"11859","cg16201780",-0.00026,4.9e-05,6.7e-08,NA,"NO2","P1E5"
"11860","cg18912120",-0.00031,5.7e-05,6.7e-08,NA,"NO2","P1E5"
"11861","cg25196088",-0.00032,5.8e-05,6.7e-08,NA,"NO2","P1E5"
"11862","cg01232511",-0.0011,2e-04,6.7e-08,NA,"NO2","P1E5"
"11863","cg06504162",-0.00023,4.3e-05,6.7e-08,NA,"NO2","P1E5"
"11864","cg20746101",-0.00032,6e-05,6.7e-08,NA,"NO2","P1E5"
"11865","cg03197835",-0.00029,5.4e-05,6.7e-08,NA,"NO2","P1E5"
"11866","cg20246820",-0.00022,4.1e-05,6.7e-08,NA,"NO2","P1E5"
"11867","cg21532103",-0.00035,6.5e-05,6.7e-08,NA,"NO2","P1E5"
"11868","cg02343182",-0.00032,5.9e-05,6.7e-08,NA,"NO2","P1E5"
"11869","cg16453224",-0.00024,4.4e-05,6.7e-08,NA,"NO2","P1E5"
"11870","cg23756265",-3e-04,5.5e-05,6.7e-08,NA,"NO2","P1E5"
"11871","cg03402630",-0.00036,6.7e-05,6.8e-08,NA,"NO2","P1E5"
"11872","cg05157541",-0.00027,5e-05,6.8e-08,NA,"NO2","P1E5"
"11873","cg13490729",-0.00024,4.4e-05,6.8e-08,NA,"NO2","P1E5"
"11874","cg21874005",-0.00024,4.4e-05,6.8e-08,NA,"NO2","P1E5"
"11875","cg23670188",-0.00035,6.5e-05,6.8e-08,NA,"NO2","P1E5"
"11876","cg24206872",-0.00019,3.5e-05,6.8e-08,NA,"NO2","P1E5"
"11877","cg26424967",-0.00026,4.9e-05,6.8e-08,NA,"NO2","P1E5"
"11878","cg05122213",-0.00044,8.1e-05,6.8e-08,NA,"NO2","P1E5"
"11879","cg23627248",-0.00023,4.2e-05,6.8e-08,NA,"NO2","P1E5"
"11880","cg24643187",-0.00023,4.2e-05,6.8e-08,NA,"NO2","P1E5"
"11881","cg02391615",-0.00047,8.8e-05,6.8e-08,NA,"NO2","P1E5"
"11882","cg17869161",-0.00042,7.8e-05,6.8e-08,NA,"NO2","P1E5"
"11883","cg04038150",-0.00021,3.9e-05,6.8e-08,NA,"NO2","P1E5"
"11884","cg07037223",-0.00032,5.9e-05,6.8e-08,NA,"NO2","P1E5"
"11885","cg13194638",-2e-04,3.8e-05,6.8e-08,NA,"NO2","P1E5"
"11886","cg13454226",0.00034,6.3e-05,6.8e-08,NA,"NO2","P1E5"
"11887","cg13605327",-4e-04,7.4e-05,6.8e-08,NA,"NO2","P1E5"
"11888","cg19724910",-0.00017,3.1e-05,6.8e-08,NA,"NO2","P1E5"
"11889","cg05137103",-0.00032,5.9e-05,6.8e-08,NA,"NO2","P1E5"
"11890","cg06503824",-0.00022,4.2e-05,6.8e-08,NA,"NO2","P1E5"
"11891","cg12624747",-0.00041,7.6e-05,6.8e-08,NA,"NO2","P1E5"
"11892","cg14560093",-0.00037,6.9e-05,6.8e-08,NA,"NO2","P1E5"
"11893","cg24746444",-0.00036,6.8e-05,6.8e-08,NA,"NO2","P1E5"
"11894","cg06277697",-0.00034,6.2e-05,6.8e-08,NA,"NO2","P1E5"
"11895","cg08801446",-0.00024,4.4e-05,6.8e-08,NA,"NO2","P1E5"
"11896","cg09368704",-0.00023,4.3e-05,6.8e-08,NA,"NO2","P1E5"
"11897","cg13833437",-0.00056,1e-04,6.8e-08,NA,"NO2","P1E5"
"11898","cg15094353",-0.00036,6.7e-05,6.8e-08,NA,"NO2","P1E5"
"11899","cg21084702",-0.00051,9.5e-05,6.8e-08,NA,"NO2","P1E5"
"11900","cg24096415",-0.00047,8.8e-05,6.8e-08,NA,"NO2","P1E5"
"11901","cg04008557",-0.00032,5.8e-05,6.9e-08,NA,"NO2","P1E5"
"11902","cg12350474",-5e-04,9.2e-05,6.9e-08,NA,"NO2","P1E5"
"11903","cg21238743",-0.00025,4.6e-05,6.9e-08,NA,"NO2","P1E5"
"11904","cg23129463",-0.00034,6.3e-05,6.9e-08,NA,"NO2","P1E5"
"11905","cg25380151",-0.00023,4.2e-05,6.9e-08,NA,"NO2","P1E5"
"11906","cg21703255",-0.00027,5.1e-05,6.9e-08,NA,"NO2","P1E5"
"11907","cg01275566",-2e-04,3.7e-05,6.9e-08,NA,"NO2","P1E5"
"11908","cg03650550",-0.00036,6.8e-05,6.9e-08,NA,"NO2","P1E5"
"11909","cg14962616",-0.00023,4.3e-05,6.9e-08,NA,"NO2","P1E5"
"11910","cg15954235",-5e-04,9.3e-05,6.9e-08,NA,"NO2","P1E5"
"11911","cg01197864",-2e-04,3.8e-05,6.9e-08,NA,"NO2","P1E5"
"11912","cg09142858",-0.00029,5.3e-05,6.9e-08,NA,"NO2","P1E5"
"11913","cg03019844",-0.00037,6.9e-05,6.9e-08,NA,"NO2","P1E5"
"11914","cg04222307",-0.00027,5e-05,6.9e-08,NA,"NO2","P1E5"
"11915","cg09049451",-0.00021,3.9e-05,6.9e-08,NA,"NO2","P1E5"
"11916","cg23886141",-3e-04,5.6e-05,6.9e-08,NA,"NO2","P1E5"
"11917","cg01903654",-0.00044,8.1e-05,6.9e-08,NA,"NO2","P1E5"
"11918","cg27354094",-0.00033,6.2e-05,6.9e-08,NA,"NO2","P1E5"
"11919","cg00748226",-0.00033,6.2e-05,6.9e-08,NA,"NO2","P1E5"
"11920","cg02630819",-0.00023,4.2e-05,6.9e-08,NA,"NO2","P1E5"
"11921","cg06708198",-0.00022,4.1e-05,6.9e-08,NA,"NO2","P1E5"
"11922","cg07612991",-0.00031,5.8e-05,6.9e-08,NA,"NO2","P1E5"
"11923","cg10802414",-0.00036,6.7e-05,6.9e-08,NA,"NO2","P1E5"
"11924","cg17229371",-0.00041,7.7e-05,6.9e-08,NA,"NO2","P1E5"
"11925","cg08479294",-0.00047,8.6e-05,6.9e-08,NA,"NO2","P1E5"
"11926","cg12915834",-3e-04,5.6e-05,6.9e-08,NA,"NO2","P1E5"
"11927","cg16167013",-2e-04,3.8e-05,6.9e-08,NA,"NO2","P1E5"
"11928","cg06823681",-0.00038,7e-05,6.9e-08,NA,"NO2","P1E5"
"11929","cg25149125",-0.00029,5.4e-05,6.9e-08,NA,"NO2","P1E5"
"11930","cg11216832",-0.00032,5.9e-05,7e-08,NA,"NO2","P1E5"
"11931","cg06878311",-0.00044,8.1e-05,7e-08,NA,"NO2","P1E5"
"11932","cg07857267",-0.00023,4.3e-05,7e-08,NA,"NO2","P1E5"
"11933","cg08362283",-0.00045,8.3e-05,7e-08,NA,"NO2","P1E5"
"11934","cg11435943",-0.00031,5.8e-05,7e-08,NA,"NO2","P1E5"
"11935","cg14326644",-0.00036,6.6e-05,7e-08,NA,"NO2","P1E5"
"11936","cg16218715",-0.00038,7e-05,7e-08,NA,"NO2","P1E5"
"11937","cg19471040",-0.00042,7.7e-05,7e-08,NA,"NO2","P1E5"
"11938","cg27119815",-0.00031,5.7e-05,7e-08,NA,"NO2","P1E5"
"11939","cg19033906",-0.00045,8.3e-05,7e-08,NA,"NO2","P1E5"
"11940","cg16145799",-0.00017,3.2e-05,7e-08,NA,"NO2","P1E5"
"11941","cg20269729",-0.00019,3.6e-05,7e-08,NA,"NO2","P1E5"
"11942","cg00563932",-0.00047,8.7e-05,7e-08,NA,"NO2","P1E5"
"11943","cg01314439",-0.00027,5e-05,7e-08,NA,"NO2","P1E5"
"11944","cg13291611",-0.00029,5.4e-05,7e-08,NA,"NO2","P1E5"
"11945","cg25706810",-2e-04,3.6e-05,7e-08,NA,"NO2","P1E5"
"11946","cg22211008",-0.00038,7.1e-05,7e-08,NA,"NO2","P1E5"
"11947","cg01614915",-0.00028,5.1e-05,7e-08,NA,"NO2","P1E5"
"11948","cg05048685",-3e-04,5.5e-05,7e-08,NA,"NO2","P1E5"
"11949","cg14794480",-0.00024,4.4e-05,7e-08,NA,"NO2","P1E5"
"11950","cg08091771",-4e-04,7.4e-05,7.1e-08,NA,"NO2","P1E5"
"11951","cg18036535",-0.00025,4.6e-05,7.1e-08,NA,"NO2","P1E5"
"11952","cg25832303",-0.00026,4.9e-05,7.1e-08,NA,"NO2","P1E5"
"11953","cg27493772",-3e-04,5.6e-05,7.1e-08,NA,"NO2","P1E5"
"11954","cg02108198",-0.00022,4e-05,7.1e-08,NA,"NO2","P1E5"
"11955","cg24119225",-0.00066,0.00012,7.1e-08,NA,"NO2","P1E5"
"11956","cg03166324",-0.00033,6.1e-05,7.1e-08,NA,"NO2","P1E5"
"11957","cg04496108",-0.00024,4.5e-05,7.1e-08,NA,"NO2","P1E5"
"11958","cg06055229",-0.00019,3.6e-05,7.1e-08,NA,"NO2","P1E5"
"11959","cg10199121",-3e-04,5.6e-05,7.1e-08,NA,"NO2","P1E5"
"11960","cg12078033",-0.00036,6.8e-05,7.1e-08,NA,"NO2","P1E5"
"11961","cg24395386",-2e-04,3.7e-05,7.1e-08,NA,"NO2","P1E5"
"11962","cg03552025",-0.00038,7e-05,7.1e-08,NA,"NO2","P1E5"
"11963","cg16051582",-0.00018,3.3e-05,7.1e-08,NA,"NO2","P1E5"
"11964","cg05350607",-0.00047,8.6e-05,7.1e-08,NA,"NO2","P1E5"
"11965","cg08292058",-0.00018,3.4e-05,7.1e-08,NA,"NO2","P1E5"
"11966","cg20017877",-0.00026,4.8e-05,7.1e-08,NA,"NO2","P1E5"
"11967","cg11075234",-0.00025,4.6e-05,7.1e-08,NA,"NO2","P1E5"
"11968","cg13236649",-0.00047,8.8e-05,7.1e-08,NA,"NO2","P1E5"
"11969","cg22036605",-0.00035,6.6e-05,7.1e-08,NA,"NO2","P1E5"
"11970","cg25625127",-0.00036,6.7e-05,7.1e-08,NA,"NO2","P1E5"
"11971","cg01458336",-0.00034,6.3e-05,7.1e-08,NA,"NO2","P1E5"
"11972","cg06094607",-0.00046,8.5e-05,7.1e-08,NA,"NO2","P1E5"
"11973","cg15153118",-0.00028,5.2e-05,7.1e-08,NA,"NO2","P1E5"
"11974","cg23794848",-0.00023,4.3e-05,7.1e-08,NA,"NO2","P1E5"
"11975","cg24448870",-0.00035,6.5e-05,7.1e-08,NA,"NO2","P1E5"
"11976","cg24917641",-0.00031,5.7e-05,7.1e-08,NA,"NO2","P1E5"
"11977","cg19909679",-3e-04,5.6e-05,7.1e-08,NA,"NO2","P1E5"
"11978","cg05851887",-0.00041,7.6e-05,7.1e-08,NA,"NO2","P1E5"
"11979","cg18720533",-0.00031,5.7e-05,7.1e-08,NA,"NO2","P1E5"
"11980","cg23892856",-0.00019,3.4e-05,7.1e-08,NA,"NO2","P1E5"
"11981","cg26857192",-0.00033,6.2e-05,7.1e-08,NA,"NO2","P1E5"
"11982","cg27511824",-4e-04,7.4e-05,7.1e-08,NA,"NO2","P1E5"
"11983","cg09467487",-0.00034,6.3e-05,7.1e-08,NA,"NO2","P1E5"
"11984","cg18185980",-0.00024,4.4e-05,7.1e-08,NA,"NO2","P1E5"
"11985","cg22696984",-0.00022,4e-05,7.1e-08,NA,"NO2","P1E5"
"11986","cg06330735",-0.00025,4.6e-05,7.2e-08,NA,"NO2","P1E5"
"11987","cg24075760",-0.00037,6.9e-05,7.2e-08,NA,"NO2","P1E5"
"11988","cg26748477",-0.00046,8.6e-05,7.2e-08,NA,"NO2","P1E5"
"11989","cg08221669",-0.00026,4.9e-05,7.2e-08,NA,"NO2","P1E5"
"11990","cg10977643",-3e-04,5.6e-05,7.2e-08,NA,"NO2","P1E5"
"11991","cg15102224",-0.00024,4.4e-05,7.2e-08,NA,"NO2","P1E5"
"11992","cg21653489",-0.00019,3.5e-05,7.2e-08,NA,"NO2","P1E5"
"11993","cg26156085",-0.00026,4.8e-05,7.2e-08,NA,"NO2","P1E5"
"11994","cg27376872",-0.00035,6.6e-05,7.2e-08,NA,"NO2","P1E5"
"11995","cg01331461",-0.00051,9.5e-05,7.2e-08,NA,"NO2","P1E5"
"11996","cg09121378",-0.00032,6e-05,7.2e-08,NA,"NO2","P1E5"
"11997","cg09457121",-0.00027,4.9e-05,7.2e-08,NA,"NO2","P1E5"
"11998","cg22118017",-0.00036,6.6e-05,7.2e-08,NA,"NO2","P1E5"
"11999","cg22790835",-0.00038,7.1e-05,7.2e-08,NA,"NO2","P1E5"
"12000","cg26974444",-3e-04,5.7e-05,7.2e-08,NA,"NO2","P1E5"
"12001","cg00321007",-0.00031,5.7e-05,7.2e-08,NA,"NO2","P1E5"
"12002","cg10943179",-0.00017,3.1e-05,7.2e-08,NA,"NO2","P1E5"
"12003","cg08826080",-0.00024,4.5e-05,7.2e-08,NA,"NO2","P1E5"
"12004","cg01441865",-0.00046,8.5e-05,7.2e-08,NA,"NO2","P1E5"
"12005","cg15968932",-0.00034,6.3e-05,7.2e-08,NA,"NO2","P1E5"
"12006","cg20942219",-0.00023,4.3e-05,7.3e-08,NA,"NO2","P1E5"
"12007","cg18244362",-0.00043,8e-05,7.3e-08,NA,"NO2","P1E5"
"12008","cg18753619",-0.00036,6.7e-05,7.3e-08,NA,"NO2","P1E5"
"12009","cg27183386",-2e-04,3.8e-05,7.3e-08,NA,"NO2","P1E5"
"12010","cg02129382",-4e-04,7.4e-05,7.3e-08,NA,"NO2","P1E5"
"12011","cg06566239",-0.00035,6.6e-05,7.3e-08,NA,"NO2","P1E5"
"12012","cg22170621",-2e-04,3.7e-05,7.3e-08,NA,"NO2","P1E5"
"12013","cg23382741",-0.00017,3.2e-05,7.3e-08,NA,"NO2","P1E5"
"12014","cg20164016",-0.00085,0.00016,7.3e-08,NA,"NO2","P1E5"
"12015","cg27297318",-0.00027,5e-05,7.3e-08,NA,"NO2","P1E5"
"12016","cg01359236",-0.00039,7.3e-05,7.3e-08,NA,"NO2","P1E5"
"12017","cg02871021",-0.00031,5.8e-05,7.3e-08,NA,"NO2","P1E5"
"12018","cg03666028",-0.00028,5.2e-05,7.3e-08,NA,"NO2","P1E5"
"12019","cg14218275",-0.00027,5.1e-05,7.3e-08,NA,"NO2","P1E5"
"12020","cg14789963",-0.00038,7.1e-05,7.3e-08,NA,"NO2","P1E5"
"12021","cg18635791",-0.00024,4.5e-05,7.3e-08,NA,"NO2","P1E5"
"12022","cg08314660",-0.00032,6e-05,7.3e-08,NA,"NO2","P1E5"
"12023","cg18082979",-0.00046,8.6e-05,7.3e-08,NA,"NO2","P1E5"
"12024","cg26901096",-0.00024,4.5e-05,7.3e-08,NA,"NO2","P1E5"
"12025","cg07156115",-2e-04,3.8e-05,7.3e-08,NA,"NO2","P1E5"
"12026","cg22670329",-0.00043,8e-05,7.3e-08,NA,"NO2","P1E5"
"12027","cg07226964",-2e-04,3.7e-05,7.3e-08,NA,"NO2","P1E5"
"12028","cg09018824",-0.00033,6.1e-05,7.3e-08,NA,"NO2","P1E5"
"12029","cg09798033",-2e-04,3.7e-05,7.3e-08,NA,"NO2","P1E5"
"12030","cg02917601",-0.00025,4.7e-05,7.3e-08,NA,"NO2","P1E5"
"12031","cg09180512",-0.00015,2.8e-05,7.3e-08,NA,"NO2","P1E5"
"12032","cg09939344",-0.00016,2.9e-05,7.3e-08,NA,"NO2","P1E5"
"12033","cg19267213",-0.00029,5.3e-05,7.3e-08,NA,"NO2","P1E5"
"12034","cg00235336",-0.00026,4.8e-05,7.4e-08,NA,"NO2","P1E5"
"12035","cg02736560",-0.00032,6e-05,7.4e-08,NA,"NO2","P1E5"
"12036","cg03230858",-0.00045,8.3e-05,7.4e-08,NA,"NO2","P1E5"
"12037","cg07903001",-0.00028,5.1e-05,7.4e-08,NA,"NO2","P1E5"
"12038","cg11670969",-0.00024,4.5e-05,7.4e-08,NA,"NO2","P1E5"
"12039","cg12835599",-0.00024,4.5e-05,7.4e-08,NA,"NO2","P1E5"
"12040","cg14282850",-0.00053,9.9e-05,7.4e-08,NA,"NO2","P1E5"
"12041","cg08954352",-0.00021,3.8e-05,7.4e-08,NA,"NO2","P1E5"
"12042","cg21337120",-0.00038,7.1e-05,7.4e-08,NA,"NO2","P1E5"
"12043","cg19321695",-0.00043,7.9e-05,7.4e-08,NA,"NO2","P1E5"
"12044","cg24084782",-0.00048,8.9e-05,7.4e-08,NA,"NO2","P1E5"
"12045","cg04896620",-0.00037,6.9e-05,7.4e-08,NA,"NO2","P1E5"
"12046","cg10271186",-0.00017,3.2e-05,7.4e-08,NA,"NO2","P1E5"
"12047","cg24530271",-0.00032,5.9e-05,7.4e-08,NA,"NO2","P1E5"
"12048","cg10627429",-0.00018,3.4e-05,7.4e-08,NA,"NO2","P1E5"
"12049","cg11425977",-2e-04,3.8e-05,7.4e-08,NA,"NO2","P1E5"
"12050","cg03700135",-0.00046,8.5e-05,7.4e-08,NA,"NO2","P1E5"
"12051","cg21188731",-0.00036,6.6e-05,7.4e-08,NA,"NO2","P1E5"
"12052","cg04723239",-0.00024,4.5e-05,7.4e-08,NA,"NO2","P1E5"
"12053","cg13842262",-0.00025,4.7e-05,7.4e-08,NA,"NO2","P1E5"
"12054","cg14466923",-0.00033,6.1e-05,7.4e-08,NA,"NO2","P1E5"
"12055","cg15618525",-0.00023,4.3e-05,7.4e-08,NA,"NO2","P1E5"
"12056","cg16031528",-0.00024,4.4e-05,7.4e-08,NA,"NO2","P1E5"
"12057","cg04729655",-0.00038,7.1e-05,7.4e-08,NA,"NO2","P1E5"
"12058","cg12114584",-0.00041,7.6e-05,7.5e-08,NA,"NO2","P1E5"
"12059","cg14391016",-0.00025,4.7e-05,7.5e-08,NA,"NO2","P1E5"
"12060","cg00031063",-0.00021,3.9e-05,7.5e-08,NA,"NO2","P1E5"
"12061","cg01130991",0.00072,0.00013,7.5e-08,NA,"NO2","P1E5"
"12062","cg12002119",-0.00028,5.3e-05,7.5e-08,NA,"NO2","P1E5"
"12063","cg18057306",-0.00035,6.5e-05,7.5e-08,NA,"NO2","P1E5"
"12064","cg19499581",-0.00041,7.6e-05,7.5e-08,NA,"NO2","P1E5"
"12065","cg00232831",-0.00023,4.2e-05,7.5e-08,NA,"NO2","P1E5"
"12066","cg18940439",-0.00027,5.1e-05,7.5e-08,NA,"NO2","P1E5"
"12067","cg08153408",-0.00023,4.2e-05,7.5e-08,NA,"NO2","P1E5"
"12068","cg25420839",-0.00061,0.00011,7.5e-08,NA,"NO2","P1E5"
"12069","cg15104031",-0.00031,5.8e-05,7.5e-08,NA,"NO2","P1E5"
"12070","cg01571491",-0.00021,3.9e-05,7.5e-08,NA,"NO2","P1E5"
"12071","cg16287734",-0.00039,7.2e-05,7.5e-08,NA,"NO2","P1E5"
"12072","cg03196669",-0.00027,5.1e-05,7.5e-08,NA,"NO2","P1E5"
"12073","cg16780771",-0.00031,5.7e-05,7.5e-08,NA,"NO2","P1E5"
"12074","cg25225756",-3e-04,5.5e-05,7.5e-08,NA,"NO2","P1E5"
"12075","cg04784898",-0.00032,6e-05,7.5e-08,NA,"NO2","P1E5"
"12076","cg24844785",-0.00026,4.8e-05,7.5e-08,NA,"NO2","P1E5"
"12077","cg03506316",-0.00041,7.6e-05,7.5e-08,NA,"NO2","P1E5"
"12078","cg06539116",-0.00046,8.5e-05,7.5e-08,NA,"NO2","P1E5"
"12079","cg12118708",-0.00024,4.5e-05,7.5e-08,NA,"NO2","P1E5"
"12080","cg23508184",-0.00036,6.7e-05,7.5e-08,NA,"NO2","P1E5"
"12081","cg04472685",-0.00033,6.1e-05,7.5e-08,NA,"NO2","P1E5"
"12082","cg08936897",-0.00018,3.3e-05,7.5e-08,NA,"NO2","P1E5"
"12083","cg05509696",-0.00039,7.3e-05,7.6e-08,NA,"NO2","P1E5"
"12084","cg09357795",-0.00023,4.3e-05,7.6e-08,NA,"NO2","P1E5"
"12085","cg11825436",-0.00028,5.2e-05,7.6e-08,NA,"NO2","P1E5"
"12086","cg25140751",-0.00038,7.1e-05,7.6e-08,NA,"NO2","P1E5"
"12087","cg26225406",-0.00035,6.5e-05,7.6e-08,NA,"NO2","P1E5"
"12088","cg06155697",-0.00027,5e-05,7.6e-08,NA,"NO2","P1E5"
"12089","cg02168186",-0.00026,4.8e-05,7.6e-08,NA,"NO2","P1E5"
"12090","cg06869212",-0.00027,4.9e-05,7.6e-08,NA,"NO2","P1E5"
"12091","cg12100956",-0.00019,3.6e-05,7.6e-08,NA,"NO2","P1E5"
"12092","cg03572680",-0.00027,5.1e-05,7.6e-08,NA,"NO2","P1E5"
"12093","cg05755441",-0.00023,4.3e-05,7.6e-08,NA,"NO2","P1E5"
"12094","cg21618455",-0.00027,5e-05,7.6e-08,NA,"NO2","P1E5"
"12095","cg13446070",-0.00031,5.8e-05,7.6e-08,NA,"NO2","P1E5"
"12096","cg18098187",-0.00026,4.8e-05,7.6e-08,NA,"NO2","P1E5"
"12097","cg00271204",-0.00032,5.9e-05,7.6e-08,NA,"NO2","P1E5"
"12098","cg10350251",-0.00018,3.3e-05,7.6e-08,NA,"NO2","P1E5"
"12099","cg10599507",-0.00024,4.5e-05,7.6e-08,NA,"NO2","P1E5"
"12100","cg19847945",-0.00034,6.2e-05,7.6e-08,NA,"NO2","P1E5"
"12101","cg05970021",-0.00046,8.5e-05,7.6e-08,NA,"NO2","P1E5"
"12102","cg19190016",-0.00033,6.2e-05,7.6e-08,NA,"NO2","P1E5"
"12103","cg13209298",-0.00026,4.8e-05,7.7e-08,NA,"NO2","P1E5"
"12104","cg15839752",-0.00031,5.8e-05,7.7e-08,NA,"NO2","P1E5"
"12105","cg09690597",-2e-04,3.7e-05,7.7e-08,NA,"NO2","P1E5"
"12106","cg13934301",-0.00028,5.2e-05,7.7e-08,NA,"NO2","P1E5"
"12107","cg22229828",-3e-04,5.5e-05,7.7e-08,NA,"NO2","P1E5"
"12108","cg08121164",-0.00031,5.8e-05,7.7e-08,NA,"NO2","P1E5"
"12109","cg13594957",-0.00036,6.6e-05,7.7e-08,NA,"NO2","P1E5"
"12110","cg03496533",-4e-04,7.4e-05,7.7e-08,NA,"NO2","P1E5"
"12111","cg06165655",-3e-04,5.6e-05,7.7e-08,NA,"NO2","P1E5"
"12112","cg00238593",-0.00019,3.5e-05,7.7e-08,NA,"NO2","P1E5"
"12113","cg04988487",-0.00033,6.1e-05,7.7e-08,NA,"NO2","P1E5"
"12114","cg18558108",-2e-04,3.7e-05,7.7e-08,NA,"NO2","P1E5"
"12115","cg21195277",-0.00048,9e-05,7.7e-08,NA,"NO2","P1E5"
"12116","cg12248358",-0.00026,4.8e-05,7.7e-08,NA,"NO2","P1E5"
"12117","cg02672321",-0.00018,3.3e-05,7.7e-08,NA,"NO2","P1E5"
"12118","cg18855732",-0.00025,4.7e-05,7.7e-08,NA,"NO2","P1E5"
"12119","cg24832498",-0.00037,6.9e-05,7.7e-08,NA,"NO2","P1E5"
"12120","cg01323263",-0.00022,4.2e-05,7.7e-08,NA,"NO2","P1E5"
"12121","cg10793234",-0.00029,5.4e-05,7.7e-08,NA,"NO2","P1E5"
"12122","cg00460793",-0.00017,3.2e-05,7.7e-08,NA,"NO2","P1E5"
"12123","cg18087256",-0.00022,4.2e-05,7.7e-08,NA,"NO2","P1E5"
"12124","cg10384570",-4e-04,7.5e-05,7.7e-08,NA,"NO2","P1E5"
"12125","cg18543142",-0.00036,6.8e-05,7.7e-08,NA,"NO2","P1E5"
"12126","cg27447495",-0.00031,5.8e-05,7.7e-08,NA,"NO2","P1E5"
"12127","cg00466425",-0.00043,8e-05,7.8e-08,NA,"NO2","P1E5"
"12128","cg06620972",-0.00023,4.3e-05,7.8e-08,NA,"NO2","P1E5"
"12129","cg18009710",-0.00028,5.2e-05,7.8e-08,NA,"NO2","P1E5"
"12130","cg17497824",-0.00034,6.4e-05,7.8e-08,NA,"NO2","P1E5"
"12131","cg01998763",-0.00035,6.5e-05,7.8e-08,NA,"NO2","P1E5"
"12132","cg01302240",-0.00033,6.1e-05,7.8e-08,NA,"NO2","P1E5"
"12133","cg02047286",-0.00032,6e-05,7.8e-08,NA,"NO2","P1E5"
"12134","cg00505762",-0.00024,4.4e-05,7.8e-08,NA,"NO2","P1E5"
"12135","cg14632899",-0.00031,5.8e-05,7.8e-08,NA,"NO2","P1E5"
"12136","cg17509956",-4e-04,7.4e-05,7.8e-08,NA,"NO2","P1E5"
"12137","cg19618438",-0.00029,5.5e-05,7.8e-08,NA,"NO2","P1E5"
"12138","cg04773926",-0.00028,5.3e-05,7.8e-08,NA,"NO2","P1E5"
"12139","cg04903691",-0.00034,6.3e-05,7.8e-08,NA,"NO2","P1E5"
"12140","cg25793597",-0.00023,4.3e-05,7.8e-08,NA,"NO2","P1E5"
"12141","cg08821738",-0.00025,4.7e-05,7.8e-08,NA,"NO2","P1E5"
"12142","cg22220722",-0.00045,8.5e-05,7.8e-08,NA,"NO2","P1E5"
"12143","cg04471890",-0.00026,4.8e-05,7.9e-08,NA,"NO2","P1E5"
"12144","cg26881591",-0.00025,4.6e-05,7.9e-08,NA,"NO2","P1E5"
"12145","cg11617818",-3e-04,5.6e-05,7.9e-08,NA,"NO2","P1E5"
"12146","cg16492417",-0.00024,4.4e-05,7.9e-08,NA,"NO2","P1E5"
"12147","cg23289456",-0.00045,8.3e-05,7.9e-08,NA,"NO2","P1E5"
"12148","cg25344265",-0.00037,6.8e-05,7.9e-08,NA,"NO2","P1E5"
"12149","cg02433979",-0.00023,4.4e-05,7.9e-08,NA,"NO2","P1E5"
"12150","cg08827110",-0.00034,6.3e-05,7.9e-08,NA,"NO2","P1E5"
"12151","cg00647810",-0.00028,5.3e-05,7.9e-08,NA,"NO2","P1E5"
"12152","cg06590074",-5e-04,9.4e-05,7.9e-08,NA,"NO2","P1E5"
"12153","cg04636920",-0.00022,4.1e-05,7.9e-08,NA,"NO2","P1E5"
"12154","cg14263575",-0.00028,5.2e-05,7.9e-08,NA,"NO2","P1E5"
"12155","cg23518532",-0.00034,6.3e-05,7.9e-08,NA,"NO2","P1E5"
"12156","cg06003429",-0.00025,4.8e-05,7.9e-08,NA,"NO2","P1E5"
"12157","cg02960016",-0.00026,4.8e-05,7.9e-08,NA,"NO2","P1E5"
"12158","cg24114545",-0.00026,4.8e-05,7.9e-08,NA,"NO2","P1E5"
"12159","cg27387993",-0.00033,6.2e-05,7.9e-08,NA,"NO2","P1E5"
"12160","cg01066157",-0.00045,8.4e-05,7.9e-08,NA,"NO2","P1E5"
"12161","cg08326468",-0.00027,5e-05,7.9e-08,NA,"NO2","P1E5"
"12162","cg24400630",-0.00024,4.4e-05,7.9e-08,NA,"NO2","P1E5"
"12163","cg10610181",-0.00038,7.1e-05,8e-08,NA,"NO2","P1E5"
"12164","cg21636577",-0.00031,5.7e-05,8e-08,NA,"NO2","P1E5"
"12165","cg11513002",-0.00024,4.6e-05,8e-08,NA,"NO2","P1E5"
"12166","cg15914239",-0.00024,4.5e-05,8e-08,NA,"NO2","P1E5"
"12167","cg25532751",-0.00018,3.3e-05,8e-08,NA,"NO2","P1E5"
"12168","cg00746844",-0.00033,6.2e-05,8e-08,NA,"NO2","P1E5"
"12169","cg21075900",-0.00034,6.3e-05,8e-08,NA,"NO2","P1E5"
"12170","cg14541462",-0.00024,4.5e-05,8e-08,NA,"NO2","P1E5"
"12171","cg17080740",-0.00029,5.4e-05,8e-08,NA,"NO2","P1E5"
"12172","cg06619706",-0.00031,5.7e-05,8e-08,NA,"NO2","P1E5"
"12173","cg07390459",-0.00032,6e-05,8e-08,NA,"NO2","P1E5"
"12174","cg14329889",-0.00026,4.9e-05,8e-08,NA,"NO2","P1E5"
"12175","cg19954537",0.00019,3.5e-05,8e-08,NA,"NO2","P1E5"
"12176","cg17478203",-0.00044,8.1e-05,8e-08,NA,"NO2","P1E5"
"12177","cg03459202",-0.00022,4e-05,8e-08,NA,"NO2","P1E5"
"12178","cg18338460",-0.00025,4.6e-05,8e-08,NA,"NO2","P1E5"
"12179","cg23449659",-0.00034,6.3e-05,8e-08,NA,"NO2","P1E5"
"12180","cg02149658",-0.00028,5.2e-05,8e-08,NA,"NO2","P1E5"
"12181","cg08756008",-0.00038,7.1e-05,8e-08,NA,"NO2","P1E5"
"12182","cg09247779",-0.00029,5.4e-05,8e-08,NA,"NO2","P1E5"
"12183","cg14285881",-0.00028,5.3e-05,8e-08,NA,"NO2","P1E5"
"12184","cg07809909",-0.00034,6.3e-05,8e-08,NA,"NO2","P1E5"
"12185","cg20426881",-0.00022,4.1e-05,8e-08,NA,"NO2","P1E5"
"12186","cg23015468",-0.00046,8.5e-05,8e-08,NA,"NO2","P1E5"
"12187","cg02262037",-0.00027,5e-05,8e-08,NA,"NO2","P1E5"
"12188","cg10146186",-0.00033,6.1e-05,8e-08,NA,"NO2","P1E5"
"12189","cg18099749",-0.00021,4e-05,8e-08,NA,"NO2","P1E5"
"12190","cg20167471",-0.00027,5e-05,8e-08,NA,"NO2","P1E5"
"12191","cg01984798",-0.00034,6.3e-05,8.1e-08,NA,"NO2","P1E5"
"12192","cg05721839",-0.00023,4.3e-05,8.1e-08,NA,"NO2","P1E5"
"12193","cg14330585",-0.00063,0.00012,8.1e-08,NA,"NO2","P1E5"
"12194","cg02059512",-0.00041,7.6e-05,8.1e-08,NA,"NO2","P1E5"
"12195","cg11294364",-0.00019,3.5e-05,8.1e-08,NA,"NO2","P1E5"
"12196","cg23030903",-0.00037,6.8e-05,8.1e-08,NA,"NO2","P1E5"
"12197","cg04691576",-0.00023,4.3e-05,8.1e-08,NA,"NO2","P1E5"
"12198","cg27182923",-0.00039,7.2e-05,8.1e-08,NA,"NO2","P1E5"
"12199","cg03334077",-0.00025,4.7e-05,8.1e-08,NA,"NO2","P1E5"
"12200","cg09754932",-4e-04,7.4e-05,8.1e-08,NA,"NO2","P1E5"
"12201","cg11391428",-0.00025,4.7e-05,8.1e-08,NA,"NO2","P1E5"
"12202","cg16957940",-3e-04,5.6e-05,8.1e-08,NA,"NO2","P1E5"
"12203","cg22763136",-0.00023,4.2e-05,8.1e-08,NA,"NO2","P1E5"
"12204","cg08143192",-0.00016,3e-05,8.1e-08,NA,"NO2","P1E5"
"12205","cg11114141",-0.00034,6.4e-05,8.1e-08,NA,"NO2","P1E5"
"12206","cg19440115",-0.00025,4.7e-05,8.1e-08,NA,"NO2","P1E5"
"12207","cg00966557",-0.00028,5.2e-05,8.1e-08,NA,"NO2","P1E5"
"12208","cg03953069",-0.00034,6.3e-05,8.1e-08,NA,"NO2","P1E5"
"12209","cg19069039",-0.00031,5.8e-05,8.1e-08,NA,"NO2","P1E5"
"12210","cg24385652",-0.00039,7.2e-05,8.1e-08,NA,"NO2","P1E5"
"12211","cg07142285",-6e-04,0.00011,8.1e-08,NA,"NO2","P1E5"
"12212","cg06344571",-0.00031,5.8e-05,8.2e-08,NA,"NO2","P1E5"
"12213","cg11723280",-0.00047,8.7e-05,8.2e-08,NA,"NO2","P1E5"
"12214","cg17463527",-3e-04,5.6e-05,8.2e-08,NA,"NO2","P1E5"
"12215","cg26312353",-0.00024,4.5e-05,8.2e-08,NA,"NO2","P1E5"
"12216","cg17881910",-0.00014,2.5e-05,8.2e-08,NA,"NO2","P1E5"
"12217","cg25472539",-0.00024,4.4e-05,8.2e-08,NA,"NO2","P1E5"
"12218","cg27267617",-0.00037,6.8e-05,8.2e-08,NA,"NO2","P1E5"
"12219","cg04938107",-0.00018,3.4e-05,8.2e-08,NA,"NO2","P1E5"
"12220","cg06817736",-2e-04,3.7e-05,8.2e-08,NA,"NO2","P1E5"
"12221","cg13683194",-0.00031,5.7e-05,8.2e-08,NA,"NO2","P1E5"
"12222","cg22699052",-3e-04,5.5e-05,8.2e-08,NA,"NO2","P1E5"
"12223","cg00064080",-0.00023,4.3e-05,8.2e-08,NA,"NO2","P1E5"
"12224","cg05077865",-0.00017,3.1e-05,8.2e-08,NA,"NO2","P1E5"
"12225","cg12472022",-3e-04,5.5e-05,8.2e-08,NA,"NO2","P1E5"
"12226","cg14960373",-0.00033,6.2e-05,8.2e-08,NA,"NO2","P1E5"
"12227","cg23416002",-0.00033,6.2e-05,8.2e-08,NA,"NO2","P1E5"
"12228","cg20156353",-0.00029,5.3e-05,8.3e-08,NA,"NO2","P1E5"
"12229","cg26318206",-2e-04,3.7e-05,8.3e-08,NA,"NO2","P1E5"
"12230","cg22805308",-0.00033,6.2e-05,8.3e-08,NA,"NO2","P1E5"
"12231","cg07570181",-0.00023,4.4e-05,8.3e-08,NA,"NO2","P1E5"
"12232","cg12821636",-0.00026,4.9e-05,8.3e-08,NA,"NO2","P1E5"
"12233","cg27642928",-0.00028,5.3e-05,8.3e-08,NA,"NO2","P1E5"
"12234","cg01359469",-0.00027,4.9e-05,8.3e-08,NA,"NO2","P1E5"
"12235","cg03095103",-0.00032,6e-05,8.3e-08,NA,"NO2","P1E5"
"12236","cg04392284",-3e-04,5.7e-05,8.3e-08,NA,"NO2","P1E5"
"12237","cg23404435",-4e-04,7.5e-05,8.3e-08,NA,"NO2","P1E5"
"12238","cg19694770",-0.00025,4.8e-05,8.3e-08,NA,"NO2","P1E5"
"12239","cg11461236",-0.00029,5.3e-05,8.3e-08,NA,"NO2","P1E5"
"12240","cg14421582",-0.00047,8.7e-05,8.3e-08,NA,"NO2","P1E5"
"12241","cg18115248",-0.00027,5e-05,8.3e-08,NA,"NO2","P1E5"
"12242","cg26024530",-0.00021,3.9e-05,8.3e-08,NA,"NO2","P1E5"
"12243","cg01780984",-0.00033,6.1e-05,8.3e-08,NA,"NO2","P1E5"
"12244","cg12400790",-0.00038,7.1e-05,8.3e-08,NA,"NO2","P1E5"
"12245","cg01765641",0.00042,7.7e-05,8.3e-08,NA,"NO2","P1E5"
"12246","cg27045264",-0.00043,7.9e-05,8.3e-08,NA,"NO2","P1E5"
"12247","cg09695592",-0.00027,5.1e-05,8.4e-08,NA,"NO2","P1E5"
"12248","cg13671374",-3e-04,5.5e-05,8.4e-08,NA,"NO2","P1E5"
"12249","cg14615807",-0.00035,6.5e-05,8.4e-08,NA,"NO2","P1E5"
"12250","cg01399319",-0.00024,4.5e-05,8.4e-08,NA,"NO2","P1E5"
"12251","cg13590843",-0.00023,4.3e-05,8.4e-08,NA,"NO2","P1E5"
"12252","cg08048720",-4e-04,7.5e-05,8.4e-08,NA,"NO2","P1E5"
"12253","cg17311022",-0.00022,4.1e-05,8.4e-08,NA,"NO2","P1E5"
"12254","cg20406747",-0.00022,4.1e-05,8.4e-08,NA,"NO2","P1E5"
"12255","cg20490088",-0.00032,6e-05,8.4e-08,NA,"NO2","P1E5"
"12256","cg14774180",-0.00026,4.9e-05,8.4e-08,NA,"NO2","P1E5"
"12257","cg11886002",-0.00047,8.8e-05,8.4e-08,NA,"NO2","P1E5"
"12258","cg00348900",-0.00099,0.00018,8.4e-08,NA,"NO2","P1E5"
"12259","cg10016872",-0.00026,4.9e-05,8.4e-08,NA,"NO2","P1E5"
"12260","cg02411582",-0.00031,5.8e-05,8.4e-08,NA,"NO2","P1E5"
"12261","cg14550153",-0.00033,6.2e-05,8.4e-08,NA,"NO2","P1E5"
"12262","cg14973055",-0.00041,7.7e-05,8.4e-08,NA,"NO2","P1E5"
"12263","cg06967436",-0.00017,3.2e-05,8.4e-08,NA,"NO2","P1E5"
"12264","cg12577411",-0.00048,9e-05,8.4e-08,NA,"NO2","P1E5"
"12265","cg02623028",-0.00063,0.00012,8.4e-08,NA,"NO2","P1E5"
"12266","cg11716578",-0.00035,6.5e-05,8.4e-08,NA,"NO2","P1E5"
"12267","cg12467435",-0.00031,5.8e-05,8.4e-08,NA,"NO2","P1E5"
"12268","cg23185774",-0.00038,7.2e-05,8.4e-08,NA,"NO2","P1E5"
"12269","cg09338302",-0.00024,4.5e-05,8.5e-08,NA,"NO2","P1E5"
"12270","cg16051352",-0.00025,4.7e-05,8.5e-08,NA,"NO2","P1E5"
"12271","cg06825166",-4e-04,7.5e-05,8.5e-08,NA,"NO2","P1E5"
"12272","cg11868595",-0.00033,6.2e-05,8.5e-08,NA,"NO2","P1E5"
"12273","cg26788812",-0.00032,6e-05,8.5e-08,NA,"NO2","P1E5"
"12274","cg07483413",-0.00016,3e-05,8.5e-08,NA,"NO2","P1E5"
"12275","cg24131452",-0.00019,3.5e-05,8.5e-08,NA,"NO2","P1E5"
"12276","cg26498574",-0.00052,9.7e-05,8.5e-08,NA,"NO2","P1E5"
"12277","cg01025690",-3e-04,5.6e-05,8.5e-08,NA,"NO2","P1E5"
"12278","cg03490766",-0.00028,5.2e-05,8.5e-08,NA,"NO2","P1E5"
"12279","cg07852840",-0.00036,6.6e-05,8.5e-08,NA,"NO2","P1E5"
"12280","cg04885574",-0.00042,7.8e-05,8.5e-08,NA,"NO2","P1E5"
"12281","cg13830329",-0.00032,6e-05,8.5e-08,NA,"NO2","P1E5"
"12282","cg18605349",-0.00025,4.7e-05,8.5e-08,NA,"NO2","P1E5"
"12283","cg24715680",-0.00097,0.00018,8.5e-08,NA,"NO2","P1E5"
"12284","cg03758021",-0.00037,6.9e-05,8.6e-08,NA,"NO2","P1E5"
"12285","cg07463519",-0.00033,6.2e-05,8.6e-08,NA,"NO2","P1E5"
"12286","cg08760753",-0.00022,4.1e-05,8.6e-08,NA,"NO2","P1E5"
"12287","cg17659382",-0.00026,4.8e-05,8.6e-08,NA,"NO2","P1E5"
"12288","cg25044306",-0.00025,4.6e-05,8.6e-08,NA,"NO2","P1E5"
"12289","cg08737189",-0.00023,4.3e-05,8.6e-08,NA,"NO2","P1E5"
"12290","cg17013303",-0.00036,6.8e-05,8.6e-08,NA,"NO2","P1E5"
"12291","cg27648556",-0.00024,4.5e-05,8.6e-08,NA,"NO2","P1E5"
"12292","cg02574484",-0.00021,3.9e-05,8.6e-08,NA,"NO2","P1E5"
"12293","cg05714396",-0.00027,5e-05,8.6e-08,NA,"NO2","P1E5"
"12294","cg12578250",-0.00029,5.4e-05,8.6e-08,NA,"NO2","P1E5"
"12295","cg12858416",-0.00023,4.3e-05,8.6e-08,NA,"NO2","P1E5"
"12296","cg16146060",-0.00035,6.6e-05,8.6e-08,NA,"NO2","P1E5"
"12297","cg24463476",-0.00034,6.4e-05,8.6e-08,NA,"NO2","P1E5"
"12298","cg22693435",-0.00024,4.6e-05,8.6e-08,NA,"NO2","P1E5"
"12299","cg03723270",-0.00029,5.4e-05,8.6e-08,NA,"NO2","P1E5"
"12300","cg16171105",-0.00037,6.8e-05,8.6e-08,NA,"NO2","P1E5"
"12301","cg25706861",-0.00026,4.8e-05,8.6e-08,NA,"NO2","P1E5"
"12302","cg08354053",-0.00035,6.5e-05,8.6e-08,NA,"NO2","P1E5"
"12303","cg13412615",-0.00033,6.2e-05,8.6e-08,NA,"NO2","P1E5"
"12304","cg00002449",-0.00026,4.9e-05,8.6e-08,NA,"NO2","P1E5"
"12305","cg09140851",-0.00035,6.5e-05,8.6e-08,NA,"NO2","P1E5"
"12306","cg05674602",-0.00068,0.00013,8.7e-08,NA,"NO2","P1E5"
"12307","cg07069844",0.00035,6.5e-05,8.7e-08,NA,"NO2","P1E5"
"12308","cg07665466",-0.00029,5.4e-05,8.7e-08,NA,"NO2","P1E5"
"12309","cg12404313",-0.00034,6.4e-05,8.7e-08,NA,"NO2","P1E5"
"12310","cg15320349",-0.00027,4.9e-05,8.7e-08,NA,"NO2","P1E5"
"12311","cg20478261",-0.00023,4.2e-05,8.7e-08,NA,"NO2","P1E5"
"12312","cg24230696",-0.00021,3.9e-05,8.7e-08,NA,"NO2","P1E5"
"12313","cg23262973",-0.00031,5.8e-05,8.7e-08,NA,"NO2","P1E5"
"12314","cg20054385",-0.00032,6e-05,8.7e-08,NA,"NO2","P1E5"
"12315","cg07344172",-0.00023,4.3e-05,8.7e-08,NA,"NO2","P1E5"
"12316","cg05075579",-0.00042,7.9e-05,8.7e-08,NA,"NO2","P1E5"
"12317","cg06894011",-0.00025,4.7e-05,8.7e-08,NA,"NO2","P1E5"
"12318","cg17212502",-0.00031,5.9e-05,8.7e-08,NA,"NO2","P1E5"
"12319","cg00602245",-0.00024,4.4e-05,8.7e-08,NA,"NO2","P1E5"
"12320","cg01178538",-0.00032,5.9e-05,8.7e-08,NA,"NO2","P1E5"
"12321","cg00393340",-2e-04,3.7e-05,8.7e-08,NA,"NO2","P1E5"
"12322","cg05034471",-0.00038,7.1e-05,8.7e-08,NA,"NO2","P1E5"
"12323","cg10057218",-2e-04,3.8e-05,8.7e-08,NA,"NO2","P1E5"
"12324","cg25522046",-0.00039,7.3e-05,8.7e-08,NA,"NO2","P1E5"
"12325","cg25590444",-0.00027,5.1e-05,8.7e-08,NA,"NO2","P1E5"
"12326","cg00668592",-0.00013,2.5e-05,8.7e-08,NA,"NO2","P1E5"
"12327","cg12502079",-0.00034,6.4e-05,8.7e-08,NA,"NO2","P1E5"
"12328","cg04970014",-0.00033,6.3e-05,8.8e-08,NA,"NO2","P1E5"
"12329","cg06389950",-0.00036,6.7e-05,8.8e-08,NA,"NO2","P1E5"
"12330","cg08801479",-0.00073,0.00014,8.8e-08,NA,"NO2","P1E5"
"12331","cg12203525",-0.00024,4.6e-05,8.8e-08,NA,"NO2","P1E5"
"12332","cg13580827",-0.00036,6.8e-05,8.8e-08,NA,"NO2","P1E5"
"12333","cg25205121",-0.00041,7.6e-05,8.8e-08,NA,"NO2","P1E5"
"12334","cg02943595",-0.00039,7.2e-05,8.8e-08,NA,"NO2","P1E5"
"12335","cg11175032",-0.00026,4.8e-05,8.8e-08,NA,"NO2","P1E5"
"12336","cg13192714",-0.00041,7.6e-05,8.8e-08,NA,"NO2","P1E5"
"12337","cg13820205",-0.00037,6.9e-05,8.8e-08,NA,"NO2","P1E5"
"12338","cg09801548",-0.00027,5.1e-05,8.8e-08,NA,"NO2","P1E5"
"12339","cg17590486",-3e-04,5.6e-05,8.8e-08,NA,"NO2","P1E5"
"12340","cg09906233",-0.00065,0.00012,8.8e-08,NA,"NO2","P1E5"
"12341","cg10431652",-0.00023,4.4e-05,8.8e-08,NA,"NO2","P1E5"
"12342","cg12502929",-0.00028,5.3e-05,8.8e-08,NA,"NO2","P1E5"
"12343","cg08859635",-1e-04,1.9e-05,8.8e-08,NA,"NO2","P1E5"
"12344","cg16076486",-0.00029,5.3e-05,8.8e-08,NA,"NO2","P1E5"
"12345","cg27447219",-2e-04,3.8e-05,8.8e-08,NA,"NO2","P1E5"
"12346","cg00095629",-0.00039,7.3e-05,8.8e-08,NA,"NO2","P1E5"
"12347","cg03245159",-0.00017,3.3e-05,8.8e-08,NA,"NO2","P1E5"
"12348","cg11469769",-0.00037,6.9e-05,8.8e-08,NA,"NO2","P1E5"
"12349","cg18287310",-0.00038,7e-05,8.8e-08,NA,"NO2","P1E5"
"12350","cg06943197",-0.00028,5.1e-05,8.8e-08,NA,"NO2","P1E5"
"12351","cg10377690",-0.00031,5.9e-05,8.8e-08,NA,"NO2","P1E5"
"12352","cg14086826",-0.00022,4.1e-05,8.8e-08,NA,"NO2","P1E5"
"12353","cg15885274",-0.00055,1e-04,8.8e-08,NA,"NO2","P1E5"
"12354","cg24198996",-0.00028,5.3e-05,8.8e-08,NA,"NO2","P1E5"
"12355","cg01196336",-0.00027,5e-05,8.9e-08,NA,"NO2","P1E5"
"12356","cg18085435",-0.00029,5.5e-05,8.9e-08,NA,"NO2","P1E5"
"12357","cg04973839",-0.00022,4.1e-05,8.9e-08,NA,"NO2","P1E5"
"12358","cg17387670",-0.00034,6.3e-05,8.9e-08,NA,"NO2","P1E5"
"12359","cg09430445",-0.00053,1e-04,8.9e-08,NA,"NO2","P1E5"
"12360","cg11571790",-0.00033,6.2e-05,8.9e-08,NA,"NO2","P1E5"
"12361","cg15750705",-0.00017,3.1e-05,8.9e-08,NA,"NO2","P1E5"
"12362","cg11500790",-0.00028,5.2e-05,8.9e-08,NA,"NO2","P1E5"
"12363","cg23367089",-0.00023,4.3e-05,8.9e-08,NA,"NO2","P1E5"
"12364","cg18258397",-0.00025,4.7e-05,8.9e-08,NA,"NO2","P1E5"
"12365","cg12655251",-3e-04,5.6e-05,8.9e-08,NA,"NO2","P1E5"
"12366","cg18930444",-0.00025,4.7e-05,8.9e-08,NA,"NO2","P1E5"
"12367","cg05600609",-0.00034,6.3e-05,8.9e-08,NA,"NO2","P1E5"
"12368","cg07073662",-0.00025,4.6e-05,8.9e-08,NA,"NO2","P1E5"
"12369","cg23017574",-0.00023,4.3e-05,8.9e-08,NA,"NO2","P1E5"
"12370","cg11598561",-0.00031,5.8e-05,8.9e-08,NA,"NO2","P1E5"
"12371","cg14030836",-0.00038,7e-05,8.9e-08,NA,"NO2","P1E5"
"12372","cg15039853",-0.00043,8e-05,8.9e-08,NA,"NO2","P1E5"
"12373","cg23021059",-2e-04,3.8e-05,8.9e-08,NA,"NO2","P1E5"
"12374","cg04969203",-0.00018,3.3e-05,8.9e-08,NA,"NO2","P1E5"
"12375","cg09259581",-0.00021,3.9e-05,8.9e-08,NA,"NO2","P1E5"
"12376","cg01293740",-0.00047,8.9e-05,9e-08,NA,"NO2","P1E5"
"12377","cg05184607",-5e-04,9.4e-05,9e-08,NA,"NO2","P1E5"
"12378","cg14992273",-0.00029,5.5e-05,9e-08,NA,"NO2","P1E5"
"12379","cg09353345",-0.00024,4.6e-05,9e-08,NA,"NO2","P1E5"
"12380","cg18285492",-3e-04,5.6e-05,9e-08,NA,"NO2","P1E5"
"12381","cg01727764",-0.00037,6.9e-05,9e-08,NA,"NO2","P1E5"
"12382","cg04422019",-0.00027,5e-05,9e-08,NA,"NO2","P1E5"
"12383","cg07597386",-0.00021,3.9e-05,9e-08,NA,"NO2","P1E5"
"12384","cg23235067",-0.00023,4.3e-05,9e-08,NA,"NO2","P1E5"
"12385","cg24857040",-0.00033,6.1e-05,9e-08,NA,"NO2","P1E5"
"12386","cg16992627",-0.00025,4.6e-05,9e-08,NA,"NO2","P1E5"
"12387","cg17499251",-0.00038,7.2e-05,9e-08,NA,"NO2","P1E5"
"12388","cg01723252",-0.00031,5.9e-05,9e-08,NA,"NO2","P1E5"
"12389","cg07268726",-0.00029,5.4e-05,9e-08,NA,"NO2","P1E5"
"12390","cg12220703",-0.00026,4.9e-05,9e-08,NA,"NO2","P1E5"
"12391","cg14302904",-0.00021,3.9e-05,9e-08,NA,"NO2","P1E5"
"12392","cg18633340",-0.00039,7.4e-05,9e-08,NA,"NO2","P1E5"
"12393","cg04591709",-0.00045,8.4e-05,9e-08,NA,"NO2","P1E5"
"12394","cg10497023",-0.00025,4.6e-05,9e-08,NA,"NO2","P1E5"
"12395","cg01464484",-0.00046,8.7e-05,9.1e-08,NA,"NO2","P1E5"
"12396","cg01500115",-0.00023,4.3e-05,9.1e-08,NA,"NO2","P1E5"
"12397","cg12510221",-0.00036,6.8e-05,9.1e-08,NA,"NO2","P1E5"
"12398","cg20856893",-0.00037,7e-05,9.1e-08,NA,"NO2","P1E5"
"12399","cg02299909",-0.00029,5.5e-05,9.1e-08,NA,"NO2","P1E5"
"12400","cg06768670",-4e-04,7.6e-05,9.1e-08,NA,"NO2","P1E5"
"12401","cg09906857",-0.00037,7e-05,9.1e-08,NA,"NO2","P1E5"
"12402","cg16480662",-0.00025,4.7e-05,9.1e-08,NA,"NO2","P1E5"
"12403","cg21932513",0.00038,7.1e-05,9.1e-08,NA,"NO2","P1E5"
"12404","cg13134802",-0.00033,6.3e-05,9.1e-08,NA,"NO2","P1E5"
"12405","cg14477514",-0.00038,7e-05,9.1e-08,NA,"NO2","P1E5"
"12406","cg19539182",-0.00028,5.3e-05,9.1e-08,NA,"NO2","P1E5"
"12407","cg24592782",-0.00019,3.6e-05,9.1e-08,NA,"NO2","P1E5"
"12408","cg24960118",-0.00019,3.5e-05,9.1e-08,NA,"NO2","P1E5"
"12409","cg20767910",-0.00027,5.1e-05,9.1e-08,NA,"NO2","P1E5"
"12410","cg26393791",-0.00017,3.2e-05,9.1e-08,NA,"NO2","P1E5"
"12411","cg26421308",-0.00018,3.3e-05,9.1e-08,NA,"NO2","P1E5"
"12412","cg04019076",-0.00022,4.2e-05,9.1e-08,NA,"NO2","P1E5"
"12413","cg06849167",-0.00022,4.2e-05,9.1e-08,NA,"NO2","P1E5"
"12414","cg06821010",-0.00025,4.7e-05,9.2e-08,NA,"NO2","P1E5"
"12415","cg09831614",-0.00033,6.2e-05,9.2e-08,NA,"NO2","P1E5"
"12416","cg13080606",-0.00032,5.9e-05,9.2e-08,NA,"NO2","P1E5"
"12417","cg15673069",-0.00041,7.7e-05,9.2e-08,NA,"NO2","P1E5"
"12418","cg17304168",-0.00018,3.4e-05,9.2e-08,NA,"NO2","P1E5"
"12419","cg27261412",-0.00025,4.7e-05,9.2e-08,NA,"NO2","P1E5"
"12420","cg17751366",-0.00035,6.5e-05,9.2e-08,NA,"NO2","P1E5"
"12421","cg05526698",-0.00023,4.3e-05,9.2e-08,NA,"NO2","P1E5"
"12422","cg07314983",-0.00025,4.6e-05,9.2e-08,NA,"NO2","P1E5"
"12423","cg22525701",-0.00045,8.5e-05,9.2e-08,NA,"NO2","P1E5"
"12424","cg03111715",-0.00035,6.6e-05,9.2e-08,NA,"NO2","P1E5"
"12425","cg14037937",-0.00029,5.5e-05,9.2e-08,NA,"NO2","P1E5"
"12426","cg10511357",-0.00035,6.5e-05,9.2e-08,NA,"NO2","P1E5"
"12427","cg15417654",-0.00044,8.2e-05,9.2e-08,NA,"NO2","P1E5"
"12428","cg04398861",-0.00036,6.8e-05,9.2e-08,NA,"NO2","P1E5"
"12429","cg16093065",0.00082,0.00015,9.2e-08,NA,"NO2","P1E5"
"12430","cg07405771",-0.00031,5.7e-05,9.2e-08,NA,"NO2","P1E5"
"12431","cg19678774",-0.00027,5.1e-05,9.2e-08,NA,"NO2","P1E5"
"12432","cg23508701",-0.00026,4.9e-05,9.2e-08,NA,"NO2","P1E5"
"12433","cg02788264",-0.00029,5.4e-05,9.3e-08,NA,"NO2","P1E5"
"12434","cg03739877",-0.00039,7.4e-05,9.3e-08,NA,"NO2","P1E5"
"12435","cg08473660",-0.00035,6.6e-05,9.3e-08,NA,"NO2","P1E5"
"12436","cg20610605",-0.00022,4.1e-05,9.3e-08,NA,"NO2","P1E5"
"12437","cg24533864",-0.00022,4.2e-05,9.3e-08,NA,"NO2","P1E5"
"12438","cg14058736",-0.00036,6.7e-05,9.3e-08,NA,"NO2","P1E5"
"12439","cg07601645",-0.00043,8e-05,9.3e-08,NA,"NO2","P1E5"
"12440","cg24926042",-0.00037,6.9e-05,9.3e-08,NA,"NO2","P1E5"
"12441","cg27134827",-0.00028,5.2e-05,9.3e-08,NA,"NO2","P1E5"
"12442","cg03267139",-0.00034,6.4e-05,9.3e-08,NA,"NO2","P1E5"
"12443","cg04648451",-0.00016,2.9e-05,9.3e-08,NA,"NO2","P1E5"
"12444","cg24935810",-0.00035,6.6e-05,9.3e-08,NA,"NO2","P1E5"
"12445","cg07420416",-0.00035,6.6e-05,9.3e-08,NA,"NO2","P1E5"
"12446","cg09899041",-0.00026,4.8e-05,9.3e-08,NA,"NO2","P1E5"
"12447","cg21776524",-0.00022,4.1e-05,9.3e-08,NA,"NO2","P1E5"
"12448","cg19126426",-0.00026,4.9e-05,9.3e-08,NA,"NO2","P1E5"
"12449","cg08904151",-0.00027,5e-05,9.3e-08,NA,"NO2","P1E5"
"12450","cg00920337",-0.00026,4.8e-05,9.3e-08,NA,"NO2","P1E5"
"12451","cg25087341",-0.00035,6.6e-05,9.4e-08,NA,"NO2","P1E5"
"12452","cg11300838",-0.00029,5.4e-05,9.4e-08,NA,"NO2","P1E5"
"12453","cg11526943",-0.00027,5e-05,9.4e-08,NA,"NO2","P1E5"
"12454","cg11646505",-0.00029,5.4e-05,9.4e-08,NA,"NO2","P1E5"
"12455","cg15711521",-0.00032,6e-05,9.4e-08,NA,"NO2","P1E5"
"12456","cg17891906",-0.00037,6.9e-05,9.4e-08,NA,"NO2","P1E5"
"12457","cg20010341",-0.00024,4.5e-05,9.4e-08,NA,"NO2","P1E5"
"12458","cg00742963",-0.00027,5e-05,9.4e-08,NA,"NO2","P1E5"
"12459","cg01274812",-0.00028,5.2e-05,9.4e-08,NA,"NO2","P1E5"
"12460","cg05856677",-0.00033,6.1e-05,9.4e-08,NA,"NO2","P1E5"
"12461","cg02171804",-0.00029,5.3e-05,9.4e-08,NA,"NO2","P1E5"
"12462","cg12157619",-0.00026,4.9e-05,9.4e-08,NA,"NO2","P1E5"
"12463","cg14036856",-0.00053,9.9e-05,9.4e-08,NA,"NO2","P1E5"
"12464","cg17842189",-0.00028,5.2e-05,9.4e-08,NA,"NO2","P1E5"
"12465","cg21407818",-0.00031,5.8e-05,9.4e-08,NA,"NO2","P1E5"
"12466","cg08432971",-0.00046,8.6e-05,9.4e-08,NA,"NO2","P1E5"
"12467","cg10549986",0.00076,0.00014,9.4e-08,NA,"NO2","P1E5"
"12468","cg20025824",-0.00031,5.8e-05,9.4e-08,NA,"NO2","P1E5"
"12469","cg23602832",-3e-04,5.6e-05,9.4e-08,NA,"NO2","P1E5"
"12470","cg04745771",-0.00045,8.4e-05,9.4e-08,NA,"NO2","P1E5"
"12471","cg08104733",-0.00031,5.8e-05,9.4e-08,NA,"NO2","P1E5"
"12472","cg18990899",-3e-04,5.6e-05,9.4e-08,NA,"NO2","P1E5"
"12473","cg00126946",-0.00026,4.8e-05,9.5e-08,NA,"NO2","P1E5"
"12474","cg25619461",-0.00023,4.4e-05,9.5e-08,NA,"NO2","P1E5"
"12475","cg07252200",-0.0015,0.00028,9.5e-08,NA,"NO2","P1E5"
"12476","cg27282206",-0.00026,4.9e-05,9.5e-08,NA,"NO2","P1E5"
"12477","cg27356162",-0.00021,3.9e-05,9.5e-08,NA,"NO2","P1E5"
"12478","cg04096305",-3e-04,5.7e-05,9.5e-08,NA,"NO2","P1E5"
"12479","cg19712123",-0.00032,5.9e-05,9.5e-08,NA,"NO2","P1E5"
"12480","cg20850800",-0.00034,6.4e-05,9.5e-08,NA,"NO2","P1E5"
"12481","cg04742334",-0.00032,5.9e-05,9.5e-08,NA,"NO2","P1E5"
"12482","cg08490624",-0.00034,6.3e-05,9.5e-08,NA,"NO2","P1E5"
"12483","cg17873048",-3e-04,5.7e-05,9.5e-08,NA,"NO2","P1E5"
"12484","cg00242098",-0.00038,7e-05,9.5e-08,NA,"NO2","P1E5"
"12485","cg02748582",-0.00021,4e-05,9.5e-08,NA,"NO2","P1E5"
"12486","cg09529783",-0.00028,5.2e-05,9.5e-08,NA,"NO2","P1E5"
"12487","cg16021847",-0.00036,6.7e-05,9.5e-08,NA,"NO2","P1E5"
"12488","cg18912172",-3e-04,5.7e-05,9.5e-08,NA,"NO2","P1E5"
"12489","cg26831409",0.00024,4.4e-05,9.5e-08,NA,"NO2","P1E5"
"12490","cg01713348",-0.00055,1e-04,9.5e-08,NA,"NO2","P1E5"
"12491","cg05083067",-0.00032,6.1e-05,9.5e-08,NA,"NO2","P1E5"
"12492","cg05358397",-0.00018,3.3e-05,9.5e-08,NA,"NO2","P1E5"
"12493","cg07090539",-0.00044,8.3e-05,9.5e-08,NA,"NO2","P1E5"
"12494","cg24755931",-0.00033,6.2e-05,9.5e-08,NA,"NO2","P1E5"
"12495","cg25705266",-0.00025,4.8e-05,9.5e-08,NA,"NO2","P1E5"
"12496","cg04865220",-0.00024,4.4e-05,9.5e-08,NA,"NO2","P1E5"
"12497","cg09732498",-0.00046,8.6e-05,9.5e-08,NA,"NO2","P1E5"
"12498","cg11324650",-0.00086,0.00016,9.5e-08,NA,"NO2","P1E5"
"12499","cg07327435",-0.00024,4.5e-05,9.6e-08,NA,"NO2","P1E5"
"12500","cg00271177",-0.00024,4.5e-05,9.6e-08,NA,"NO2","P1E5"
"12501","cg04173919",-0.00038,7.1e-05,9.6e-08,NA,"NO2","P1E5"
"12502","cg27326224",-0.00024,4.5e-05,9.6e-08,NA,"NO2","P1E5"
"12503","cg07005905",-0.00032,6e-05,9.6e-08,NA,"NO2","P1E5"
"12504","cg17458604",-0.00026,4.9e-05,9.6e-08,NA,"NO2","P1E5"
"12505","cg01196079",-0.00037,6.9e-05,9.6e-08,NA,"NO2","P1E5"
"12506","cg05389266",-0.00038,7.1e-05,9.6e-08,NA,"NO2","P1E5"
"12507","cg08676510",-0.00039,7.4e-05,9.6e-08,NA,"NO2","P1E5"
"12508","cg26283480",-0.00022,4.1e-05,9.6e-08,NA,"NO2","P1E5"
"12509","cg04394390",-5e-04,9.4e-05,9.6e-08,NA,"NO2","P1E5"
"12510","cg07289618",-0.00043,8.1e-05,9.6e-08,NA,"NO2","P1E5"
"12511","cg14678744",-0.00029,5.5e-05,9.6e-08,NA,"NO2","P1E5"
"12512","cg21337881",0.00064,0.00012,9.6e-08,NA,"NO2","P1E5"
"12513","cg15649702",-0.00033,6.2e-05,9.6e-08,NA,"NO2","P1E5"
"12514","cg03827772",-0.00025,4.6e-05,9.6e-08,NA,"NO2","P1E5"
"12515","cg17678038",-0.00041,7.7e-05,9.6e-08,NA,"NO2","P1E5"
"12516","cg25485805",-0.00036,6.7e-05,9.6e-08,NA,"NO2","P1E5"
"12517","cg17883035",-0.00025,4.7e-05,9.7e-08,NA,"NO2","P1E5"
"12518","cg19855618",-0.00024,4.6e-05,9.7e-08,NA,"NO2","P1E5"
"12519","cg01695620",-0.00028,5.3e-05,9.7e-08,NA,"NO2","P1E5"
"12520","cg07051221",-0.00038,7.2e-05,9.7e-08,NA,"NO2","P1E5"
"12521","cg09738881",-0.00026,4.9e-05,9.7e-08,NA,"NO2","P1E5"
"12522","cg10210371",-0.00034,6.3e-05,9.7e-08,NA,"NO2","P1E5"
"12523","cg11650925",-0.00043,8.1e-05,9.7e-08,NA,"NO2","P1E5"
"12524","cg04825588",-0.00029,5.4e-05,9.7e-08,NA,"NO2","P1E5"
"12525","cg08968830",-0.00031,5.8e-05,9.7e-08,NA,"NO2","P1E5"
"12526","cg08931849",-0.00029,5.5e-05,9.7e-08,NA,"NO2","P1E5"
"12527","cg09558281",-0.00047,8.7e-05,9.7e-08,NA,"NO2","P1E5"
"12528","cg01198364",-0.00033,6.2e-05,9.7e-08,NA,"NO2","P1E5"
"12529","cg06648812",-0.00025,4.8e-05,9.7e-08,NA,"NO2","P1E5"
"12530","cg16262392",-0.00029,5.3e-05,9.7e-08,NA,"NO2","P1E5"
"12531","cg03222374",-0.00041,7.6e-05,9.7e-08,NA,"NO2","P1E5"
"12532","cg17938220",-0.00038,7.1e-05,9.7e-08,NA,"NO2","P1E5"
"12533","cg20278503",-0.00022,4.2e-05,9.7e-08,NA,"NO2","P1E5"
"12534","cg04982488",-0.00028,5.3e-05,9.8e-08,NA,"NO2","P1E5"
"12535","cg08116113",-0.00036,6.7e-05,9.8e-08,NA,"NO2","P1E5"
"12536","cg13748570",-0.00029,5.5e-05,9.8e-08,NA,"NO2","P1E5"
"12537","cg05197164",-0.00023,4.2e-05,9.8e-08,NA,"NO2","P1E5"
"12538","cg07584558",0.00022,4.1e-05,9.8e-08,NA,"NO2","P1E5"
"12539","cg08087668",-0.00037,6.9e-05,9.8e-08,NA,"NO2","P1E5"
"12540","cg10802927",-0.00026,4.8e-05,9.8e-08,NA,"NO2","P1E5"
"12541","cg23121728",-0.00026,5e-05,9.8e-08,NA,"NO2","P1E5"
"12542","cg11890622",-0.00034,6.3e-05,9.8e-08,NA,"NO2","P1E5"
"12543","cg19765175",-0.00034,6.4e-05,9.8e-08,NA,"NO2","P1E5"
"12544","cg04360233",-0.00034,6.3e-05,9.8e-08,NA,"NO2","P1E5"
"12545","cg11985116",-0.00024,4.6e-05,9.8e-08,NA,"NO2","P1E5"
"12546","cg22843146",-0.00037,7e-05,9.8e-08,NA,"NO2","P1E5"
"12547","cg27005935",-0.00052,9.7e-05,9.8e-08,NA,"NO2","P1E5"
"12548","cg03316934",-0.00021,4e-05,9.8e-08,NA,"NO2","P1E5"
"12549","cg06009497",-0.00042,8e-05,9.8e-08,NA,"NO2","P1E5"
"12550","cg22584718",-0.00028,5.3e-05,9.8e-08,NA,"NO2","P1E5"
"12551","cg27645228",-0.00021,4e-05,9.8e-08,NA,"NO2","P1E5"
"12552","cg01182683",-0.00025,4.7e-05,9.8e-08,NA,"NO2","P1E5"
"12553","cg02674639",-0.00043,8e-05,9.8e-08,NA,"NO2","P1E5"
"12554","cg15097634",-0.00034,6.3e-05,9.8e-08,NA,"NO2","P1E5"
"12555","cg22576236",-0.00051,9.5e-05,9.8e-08,NA,"NO2","P1E5"
"12556","cg24158157",-0.00038,7.2e-05,9.8e-08,NA,"NO2","P1E5"
"12557","cg26869617",-0.00025,4.8e-05,9.8e-08,NA,"NO2","P1E5"
"12558","cg11632685",-0.00065,0.00012,9.8e-08,NA,"NO2","P1E5"
"12559","cg16288354",-3e-04,5.6e-05,9.8e-08,NA,"NO2","P1E5"
"12560","cg06931267",-0.00021,4e-05,9.8e-08,NA,"NO2","P1E5"
"12561","cg21607236",-0.00031,5.8e-05,9.8e-08,NA,"NO2","P1E5"
"12562","cg07720646",-0.00023,4.4e-05,9.8e-08,NA,"NO2","P1E5"
"12563","cg19935909",-3e-04,5.7e-05,9.9e-08,NA,"NO2","P1E5"
"12564","cg04188937",-0.00049,9.2e-05,9.9e-08,NA,"NO2","P1E5"
"12565","cg10469980",-4e-04,7.4e-05,9.9e-08,NA,"NO2","P1E5"
"12566","cg00381442",-0.00032,6.1e-05,9.9e-08,NA,"NO2","P1E5"
"12567","cg10626728",-0.00026,4.8e-05,9.9e-08,NA,"NO2","P1E5"
"12568","cg17891928",-0.00035,6.6e-05,9.9e-08,NA,"NO2","P1E5"
"12569","cg24148663",-0.00019,3.5e-05,9.9e-08,NA,"NO2","P1E5"
"12570","cg01586952",-0.00035,6.6e-05,9.9e-08,NA,"NO2","P1E5"
"12571","cg26189283",-0.00072,0.00013,9.9e-08,NA,"NO2","P1E5"
"12572","cg26663590",0.00077,0.00014,9.9e-08,NA,"NO2","P1E5"
"12573","cg02183001",-0.00031,5.9e-05,9.9e-08,NA,"NO2","P1E5"
"12574","cg10419556",-0.00032,5.9e-05,9.9e-08,NA,"NO2","P1E5"
"12575","cg13431028",-0.00021,4e-05,9.9e-08,NA,"NO2","P1E5"
"12576","cg13732093",-0.00023,4.3e-05,9.9e-08,NA,"NO2","P1E5"
"12577","cg13736279",-0.00041,7.8e-05,9.9e-08,NA,"NO2","P1E5"
"12578","cg05654361",-3e-04,5.6e-05,9.9e-08,NA,"NO2","P1E5"
"12579","cg09789650",-0.00043,8.1e-05,9.9e-08,NA,"NO2","P1E5"
"12580","cg23143104",-0.00039,7.3e-05,9.9e-08,NA,"NO2","P1E5"
"12581","cg23980760",-0.00028,5.2e-05,9.9e-08,NA,"NO2","P1E5"
"12582","cg05735432",-0.00037,7e-05,9.9e-08,NA,"NO2","P1E5"
"12583","cg20407868",-0.00021,3.9e-05,9.9e-08,NA,"NO2","P1E5"
"12584","cg21767036",-0.00022,4.1e-05,9.9e-08,NA,"NO2","P1E5"
"12585","cg04011474",-0.00033,6.1e-05,1e-07,NA,"NO2","P1E5"
"12586","cg08683791",-0.00021,3.9e-05,1e-07,NA,"NO2","P1E5"
"12587","cg10177827",-3e-04,5.6e-05,1e-07,NA,"NO2","P1E5"
"12588","cg20911165",-0.00026,4.9e-05,1e-07,NA,"NO2","P1E5"
"12589","cg11750034",-0.00029,5.5e-05,1e-07,NA,"NO2","P1E5"
"12590","cg00116658",-0.00035,6.6e-05,1e-07,NA,"NO2","P1E5"
"12591","cg06960881",-0.00023,4.2e-05,1e-07,NA,"NO2","P1E5"
"12592","cg04307702",-0.00028,5.2e-05,1e-07,NA,"NO2","P1E5"
"12593","cg15800776",-0.00026,4.9e-05,1e-07,NA,"NO2","P1E5"
"12594","cg18483902",-0.00029,5.5e-05,1e-07,NA,"NO2","P1E5"
"12595","cg26875665",-0.00046,8.6e-05,1e-07,NA,"NO2","P1E5"
"12596","cg02399008",-3e-04,5.7e-05,1e-07,NA,"NO2","P1E5"
"12597","cg03803102",-0.00024,4.6e-05,1e-07,NA,"NO2","P1E5"
"12598","cg09280095",-0.00032,6.1e-05,1e-07,NA,"NO2","P1E5"
"12599","cg10526223",-0.00032,5.9e-05,1e-07,NA,"NO2","P1E5"
"12600","cg10985430",-0.00025,4.7e-05,1e-07,NA,"NO2","P1E5"
"12601","cg11410920",0.00077,0.00014,1e-07,NA,"NO2","P1E5"
"12602","cg13482073",-0.00032,5.9e-05,1e-07,NA,"NO2","P1E5"
"12603","cg02261408",-0.00024,4.4e-05,1e-07,NA,"NO2","P1E5"
"12604","cg03732506",-0.00034,6.4e-05,1e-07,NA,"NO2","P1E5"
"12605","cg05879419",-0.00036,6.7e-05,1e-07,NA,"NO2","P1E5"
"12606","cg06213360",-0.00028,5.3e-05,1e-07,NA,"NO2","P1E5"
"12607","cg08083757",-0.00016,3e-05,1e-07,NA,"NO2","P1E5"
"12608","cg08695452",-0.00026,4.9e-05,1e-07,NA,"NO2","P1E5"
"12609","cg08732466",-0.00032,6e-05,1e-07,NA,"NO2","P1E5"
"12610","cg09926488",-0.00033,6.2e-05,1e-07,NA,"NO2","P1E5"
"12611","cg10147982",-0.00018,3.4e-05,1e-07,NA,"NO2","P1E5"
"12612","cg10928426",-0.00036,6.8e-05,1e-07,NA,"NO2","P1E5"
"12613","cg12190521",-4e-04,7.4e-05,1e-07,NA,"NO2","P1E5"
"12614","cg14407962",-0.00026,4.9e-05,1e-07,NA,"NO2","P1E5"
"12615","cg14990643",-0.00045,8.5e-05,1e-07,NA,"NO2","P1E5"
"12616","cg15102387",-3e-04,5.7e-05,1e-07,NA,"NO2","P1E5"
"12617","cg15395560",-0.00036,6.8e-05,1e-07,NA,"NO2","P1E5"
"12618","cg16420089",-0.00017,3.3e-05,1e-07,NA,"NO2","P1E5"
"12619","cg16468280",-0.00026,4.9e-05,1e-07,NA,"NO2","P1E5"
"12620","cg20744654",-0.00025,4.6e-05,1e-07,NA,"NO2","P1E5"
"12621","cg22366001",-0.00028,5.3e-05,1e-07,NA,"NO2","P1E5"
"12622","cg26366616",-0.00032,6.1e-05,1e-07,NA,"NO2","P1E5"
"12623","cg00540819",-1e-04,1.9e-05,1e-07,NA,"NO2","P1E5"
"12624","cg00900226",-0.00022,4.2e-05,1e-07,NA,"NO2","P1E5"
"12625","cg05605603",-3e-04,5.6e-05,1e-07,NA,"NO2","P1E5"
"12626","cg08156844",-0.00037,6.9e-05,1e-07,NA,"NO2","P1E5"
"12627","cg08463231",-0.00037,7e-05,1e-07,NA,"NO2","P1E5"
"12628","cg09180566",-0.00047,8.8e-05,1e-07,NA,"NO2","P1E5"
"12629","cg09449905",-0.00048,9e-05,1e-07,NA,"NO2","P1E5"
"12630","cg10838469",-0.00028,5.2e-05,1e-07,NA,"NO2","P1E5"
"12631","cg11684541",-0.00036,6.7e-05,1e-07,NA,"NO2","P1E5"
"12632","cg16570917",-0.00025,4.6e-05,1e-07,NA,"NO2","P1E5"
"12633","cg16764147",-0.00034,6.4e-05,1e-07,NA,"NO2","P1E5"
"12634","cg19196414",-0.00037,7e-05,1e-07,NA,"NO2","P1E5"
"12635","cg19515081",0.00037,6.9e-05,1e-07,NA,"NO2","P1E5"
"12636","cg24069188",-0.00031,5.8e-05,1e-07,NA,"NO2","P1E5"
"12637","cg24283270",-0.00019,3.6e-05,1e-07,NA,"NO2","P1E5"
"12638","cg26982892",-0.00025,4.7e-05,1e-07,NA,"NO2","P1E5"
"12639","cg00808175",-0.00034,6.3e-05,1e-07,NA,"NO2","P1E5"
"12640","cg01649266",-0.00024,4.6e-05,1e-07,NA,"NO2","P1E5"
"12641","cg03147861",-0.00022,4.2e-05,1e-07,NA,"NO2","P1E5"
"12642","cg06401614",-0.00044,8.2e-05,1e-07,NA,"NO2","P1E5"
"12643","cg06891815",-0.00068,0.00013,1e-07,NA,"NO2","P1E5"
"12644","cg07886398",-0.00021,3.9e-05,1e-07,NA,"NO2","P1E5"
"12645","cg09431318",-0.00044,8.2e-05,1e-07,NA,"NO2","P1E5"
"12646","cg10464076",-0.00035,6.6e-05,1e-07,NA,"NO2","P1E5"
"12647","cg11180638",-0.00026,4.8e-05,1e-07,NA,"NO2","P1E5"
"12648","cg14466863",-0.00035,6.6e-05,1e-07,NA,"NO2","P1E5"
"12649","cg15371881",-0.00028,5.2e-05,1e-07,NA,"NO2","P1E5"
"12650","cg16814719",-0.00023,4.2e-05,1e-07,NA,"NO2","P1E5"
"12651","cg17201947",-0.00049,9.2e-05,1e-07,NA,"NO2","P1E5"
"12652","cg19689211",-0.00026,4.9e-05,1e-07,NA,"NO2","P1E5"
"12653","cg22590032",0.00032,6.1e-05,1e-07,NA,"NO2","P1E5"
"12654","cg22765612",-0.00026,4.9e-05,1e-07,NA,"NO2","P1E5"
"12655","cg24040989",-0.00021,4e-05,1e-07,NA,"NO2","P1E5"
"12656","cg24624520",-0.00021,4e-05,1e-07,NA,"NO2","P1E5"
"12657","cg24894531",-0.00017,3.3e-05,1e-07,NA,"NO2","P1E5"
"12658","cg26413192",-0.00027,5e-05,1e-07,NA,"NO2","P1E5"
"12659","cg26680428",-0.00031,5.8e-05,1e-07,NA,"NO2","P1E5"
"12660","cg05133814",-3e-04,5.7e-05,1e-07,NA,"NO2","P1E5"
"12661","cg05941292",-0.00022,4.1e-05,1e-07,NA,"NO2","P1E5"
"12662","cg05976481",0.00073,0.00014,1e-07,NA,"NO2","P1E5"
"12663","cg06180729",-2e-04,3.7e-05,1e-07,NA,"NO2","P1E5"
"12664","cg08201421",-0.00033,6.2e-05,1e-07,NA,"NO2","P1E5"
"12665","cg10868873",-0.00034,6.5e-05,1e-07,NA,"NO2","P1E5"
"12666","cg11146023",-0.00025,4.8e-05,1e-07,NA,"NO2","P1E5"
"12667","cg13379822",-0.00023,4.3e-05,1e-07,NA,"NO2","P1E5"
"12668","cg13420364",-0.00039,7.4e-05,1e-07,NA,"NO2","P1E5"
"12669","cg13811168",-0.00038,7.2e-05,1e-07,NA,"NO2","P1E5"
"12670","cg14934821",-0.00027,5.1e-05,1e-07,NA,"NO2","P1E5"
"12671","cg16760172",-0.00023,4.3e-05,1e-07,NA,"NO2","P1E5"
"12672","cg17290213",-0.00041,7.7e-05,1e-07,NA,"NO2","P1E5"
"12673","cg18252855",-0.00022,4.2e-05,1e-07,NA,"NO2","P1E5"
"12674","cg21424090",-0.00038,7.2e-05,1e-07,NA,"NO2","P1E5"
"12675","cg21467850",-0.00055,1e-04,1e-07,NA,"NO2","P1E5"
"12676","cg24605046",0.00044,8.3e-05,1e-07,NA,"NO2","P1E5"
"12677","cg01876619",-0.00027,5.1e-05,1.1e-07,NA,"NO2","P1E5"
"12678","cg02566359",-0.00032,6.1e-05,1.1e-07,NA,"NO2","P1E5"
"12679","cg02587120",-0.00025,4.8e-05,1.1e-07,NA,"NO2","P1E5"
"12680","cg04563718",-0.00041,7.6e-05,1.1e-07,NA,"NO2","P1E5"
"12681","cg05146658",-0.00039,7.4e-05,1.1e-07,NA,"NO2","P1E5"
"12682","cg05407714",-0.00037,7e-05,1.1e-07,NA,"NO2","P1E5"
"12683","cg06265809",-0.00034,6.3e-05,1.1e-07,NA,"NO2","P1E5"
"12684","cg06471656",-0.00025,4.7e-05,1.1e-07,NA,"NO2","P1E5"
"12685","cg09093858",-0.00034,6.4e-05,1.1e-07,NA,"NO2","P1E5"
"12686","cg09458931",-0.00027,5.1e-05,1.1e-07,NA,"NO2","P1E5"
"12687","cg14321522",-0.00018,3.3e-05,1.1e-07,NA,"NO2","P1E5"
"12688","cg15578332",-4e-04,7.5e-05,1.1e-07,NA,"NO2","P1E5"
"12689","cg16272420",-0.00028,5.3e-05,1.1e-07,NA,"NO2","P1E5"
"12690","cg17227621",-0.00021,3.9e-05,1.1e-07,NA,"NO2","P1E5"
"12691","cg17291858",-0.00028,5.3e-05,1.1e-07,NA,"NO2","P1E5"
"12692","cg18606843",-0.00054,1e-04,1.1e-07,NA,"NO2","P1E5"
"12693","cg18618815",-0.00053,9.9e-05,1.1e-07,NA,"NO2","P1E5"
"12694","cg19805748",-4e-04,7.5e-05,1.1e-07,NA,"NO2","P1E5"
"12695","cg00741656",-0.00021,4e-05,1.1e-07,NA,"NO2","P1E5"
"12696","cg06970772",-0.00029,5.5e-05,1.1e-07,NA,"NO2","P1E5"
"12697","cg17130481",-0.00038,7.1e-05,1.1e-07,NA,"NO2","P1E5"
"12698","cg15973234",-0.0081,0.0015,3.3e-08,NA,"cannabis","P1E5"
"12699","cg17464820",-0.0073,0.0015,2.5e-06,NA,"cannabis","P1E5"
"12700","cg16516691",-0.002,5e-04,9.4e-06,NA,"cannabis","P1E5"
"12701","cg13898357",-0.0012,3e-04,1.5e-06,NA,"cannabis","P1E5"
"12702","cg27076525",8e-04,2e-04,3.8e-06,NA,"cannabis","P1E5"
"12703","cg05096161",-0.0038,9e-04,8.8e-06,NA,"cannabis","P1E5"
