"Estimate","Std. Error","z value","Pr(>|z|)","CI_l","CI_H","study","N","name"
-0.453306972838475,0.318529694165292,-1.42312312208872,0.154700466589241,-1.12081063607742,0.168370769825204,"GSE101764",1,"NO2"
-0.383870158915253,0.344668795656346,-1.11373632818793,0.265392319491855,-1.10445764265043,0.274732414468484,"GSE101764",1,"METOLACHLOR"
-0.336152482388091,0.334284405766058,-1.00558828527389,0.314613661437918,-1.02556980722335,0.307762692800317,"GSE101764",1,"pm2_5"
0.308570937030915,0.338204289167963,0.912380318386998,0.361568546566945,-0.336828543056024,1.01340174668634,"GSE101764",1,"PICLORAM"
-0.355124118338327,0.402155284385645,-0.883052224169664,0.37720805558771,-1.23908071342161,0.376629817812451,"GSE101764",1,"HEPTACHLOR"
-0.272505479228212,0.328114434769637,-0.830519630809699,0.406245053490661,-0.935758409315784,0.372136579929996,"GSE101764",1,"ACETOCHLOR"
0.216538719704212,0.343017154378894,0.631276648820383,0.527859652407915,-0.435408233967658,0.939761251292449,"GSE101764",1,"MALATHION"
-0.0923324124979922,0.325617484368854,-0.283560978541925,0.776746844672453,-0.733662786274285,0.594106333902471,"GSE101764",1,"smoking"
0.0684200811962548,0.317237345631831,0.215674737348419,0.829241294454028,-0.596821596681444,0.697735286272422,"GSE101764",1,"MESOTRIONE"
