"Pesticide1","Pesticide2","SES_Adjusted","Effect","P_value","Significant","Included_SES","N_obs","N_years","N_SC","Filter_Description"
"XACETOCHLOR","XATRAZINE","NULL",0.357196389583638,0.000210322804704152,TRUE,"None",1453,19,87,"SC≥10|Top5%"
"XACETOCHLOR","XATRAZINE","NULL+Pesti2",-0.0436423969297433,0.857247575464638,FALSE,"None",1453,19,87,"SC≥10|Top5%"
"XACETOCHLOR","XATRAZINE","Education.index",-0.0229216660151632,0.92451675308182,FALSE,"Education.index",1453,19,87,"SC≥10|Top5%"
"XACETOCHLOR","XATRAZINE","Income",-0.0414824474328754,0.864498343596532,FALSE,"Income",1453,19,87,"SC≥10|Top5%"
"XACETOCHLOR","XATRAZINE","home_value",-0.036030518396612,0.883397109370896,FALSE,"home_value",1453,19,87,"SC≥10|Top5%"
"XACETOCHLOR","XATRAZINE","rent",-0.0835180722202138,0.736537705963774,FALSE,"rent",1453,19,87,"SC≥10|Top5%"
"XACETOCHLOR","XATRAZINE","Poverty_150",-0.0429088056065692,0.861172109972802,FALSE,"Poverty_150",1453,19,87,"SC≥10|Top5%"
"XACETOCHLOR","XATRAZINE","Unemployed",0.0387466138708086,0.87759724680188,FALSE,"Unemployed",1453,19,87,"SC≥10|Top5%"
"XACETOCHLOR","XATRAZINE","Working_class",-0.0675359209595897,0.785527904982328,FALSE,"Working_class",1453,19,87,"SC≥10|Top5%"
"XACETOCHLOR","XDIAZINON","NULL",0.369029199836452,0.000688040251559322,TRUE,"None",1168,19,87,"SC≥10|Top5%"
"XACETOCHLOR","XDIAZINON","NULL+Pesti2",0.29915537159607,0.0089533615981618,TRUE,"None",1168,19,87,"SC≥10|Top5%"
"XACETOCHLOR","XDIAZINON","Education.index",0.285688718982715,0.0109073895091408,TRUE,"Education.index",1168,19,87,"SC≥10|Top5%"
"XACETOCHLOR","XDIAZINON","Income",0.297663296671235,0.0095331446839976,TRUE,"Income",1168,19,87,"SC≥10|Top5%"
"XACETOCHLOR","XDIAZINON","home_value",0.287504047090871,0.0186285865780341,TRUE,"home_value",1168,19,87,"SC≥10|Top5%"
"XACETOCHLOR","XDIAZINON","rent",0.261356320901658,0.0335069559707215,TRUE,"rent",1168,19,87,"SC≥10|Top5%"
"XACETOCHLOR","XDIAZINON","Poverty_150",0.328017955636108,0.00954941140490034,TRUE,"Poverty_150",1168,19,87,"SC≥10|Top5%"
"XACETOCHLOR","XDIAZINON","Unemployed",0.420681081056874,0.00230864949237848,TRUE,"Unemployed",1168,19,87,"SC≥10|Top5%"
"XACETOCHLOR","XDIAZINON","Working_class",0.286269766112106,0.0170454518463847,TRUE,"Working_class",1168,19,87,"SC≥10|Top5%"
"XACETOCHLOR","XESFENVALERATE","NULL",0.329967118980064,0.000942958412482444,TRUE,"None",1417,19,87,"SC≥10|Top5%"
"XACETOCHLOR","XESFENVALERATE","NULL+Pesti2",0.256532576312194,0.0726157949438095,FALSE,"None",1417,19,87,"SC≥10|Top5%"
"XACETOCHLOR","XESFENVALERATE","Education.index",0.248328348941763,0.0795749213038672,FALSE,"Education.index",1417,19,87,"SC≥10|Top5%"
"XACETOCHLOR","XESFENVALERATE","Income",0.257006394400241,0.0757502682459904,FALSE,"Income",1417,19,87,"SC≥10|Top5%"
"XACETOCHLOR","XESFENVALERATE","home_value",0.257940418330874,0.0879372747062731,FALSE,"home_value",1417,19,87,"SC≥10|Top5%"
"XACETOCHLOR","XESFENVALERATE","rent",0.202204188674072,0.192064185180442,FALSE,"rent",1417,19,87,"SC≥10|Top5%"
"XACETOCHLOR","XESFENVALERATE","Poverty_150",0.250594278039669,0.0950199601502969,FALSE,"Poverty_150",1417,19,87,"SC≥10|Top5%"
"XACETOCHLOR","XESFENVALERATE","Unemployed",0.345102653648559,0.0362947479058001,TRUE,"Unemployed",1417,19,87,"SC≥10|Top5%"
"XACETOCHLOR","XESFENVALERATE","Working_class",0.226184044476263,0.136905490566809,FALSE,"Working_class",1417,19,87,"SC≥10|Top5%"
"XACETOCHLOR","XFENBUCONAZOLE","NULL",0.0695751046436119,0.718624914372456,FALSE,"None",260,18,16,"SC≥10|Top5%"
"XACETOCHLOR","XFENBUCONAZOLE","NULL+Pesti2",-0.0278062274352319,0.872132460190754,FALSE,"None",260,18,16,"SC≥10|Top5%"
"XACETOCHLOR","XFENBUCONAZOLE","Education.index",0.0850981899220862,0.590020218081847,FALSE,"Education.index",260,18,16,"SC≥10|Top5%"
"XACETOCHLOR","XFENBUCONAZOLE","Income",0.0218595811349613,0.88628676900886,FALSE,"Income",260,18,16,"SC≥10|Top5%"
"XACETOCHLOR","XFENBUCONAZOLE","home_value",0.0495825860265304,0.749030942442607,FALSE,"home_value",260,18,16,"SC≥10|Top5%"
"XACETOCHLOR","XFENBUCONAZOLE","rent",0.0411674996613269,0.792209147464997,FALSE,"rent",260,18,16,"SC≥10|Top5%"
"XACETOCHLOR","XFENBUCONAZOLE","Poverty_150",-0.0331815675128145,0.828387912688468,FALSE,"Poverty_150",260,18,16,"SC≥10|Top5%"
"XACETOCHLOR","XFENBUCONAZOLE","Unemployed",-0.0611180191377416,0.707935390097016,FALSE,"Unemployed",260,18,16,"SC≥10|Top5%"
"XACETOCHLOR","XFENBUCONAZOLE","Working_class",0.102751579763933,0.524225876806051,FALSE,"Working_class",260,18,16,"SC≥10|Top5%"
"XACETOCHLOR","XFENBUCONAZOLE","Combined_SES",-0.0331815675128145,0.828387912688468,FALSE,"Poverty_150",260,18,16,"SC≥10|Top5%"
"XACETOCHLOR","XFLUMIOXAZIN","NULL",0.482291879593152,0.0206089305208645,TRUE,"None",660,12,74,"SC≥10|Top5%"
"XACETOCHLOR","XFLUMIOXAZIN","NULL+Pesti2",-0.0675889237035751,0.853456299740268,FALSE,"None",660,12,74,"SC≥10|Top5%"
"XACETOCHLOR","XFLUMIOXAZIN","Education.index",-0.0837518641783083,0.819527847798437,FALSE,"Education.index",660,12,74,"SC≥10|Top5%"
"XACETOCHLOR","XFLUMIOXAZIN","Income",-0.0617475300032768,0.869253819722811,FALSE,"Income",660,12,74,"SC≥10|Top5%"
"XACETOCHLOR","XFLUMIOXAZIN","home_value",0.0416199488295506,0.918508997509913,FALSE,"home_value",660,12,74,"SC≥10|Top5%"
"XACETOCHLOR","XFLUMIOXAZIN","rent",-0.156252942900255,0.704319920467784,FALSE,"rent",660,12,74,"SC≥10|Top5%"
"XACETOCHLOR","XFLUMIOXAZIN","Poverty_150",-0.0668525587277272,0.855432597724064,FALSE,"Poverty_150",660,12,74,"SC≥10|Top5%"
"XACETOCHLOR","XFLUMIOXAZIN","Unemployed",0.201179483834953,0.614301987213392,FALSE,"Unemployed",660,12,74,"SC≥10|Top5%"
"XACETOCHLOR","XFLUMIOXAZIN","Working_class",-0.0665736561608014,0.86172028994915,FALSE,"Working_class",660,12,74,"SC≥10|Top5%"
"XACETOCHLOR","XGLYPHOSATE","NULL",0.357196389583638,0.000210322804704152,TRUE,"None",1453,19,87,"SC≥10|Top5%"
"XACETOCHLOR","XGLYPHOSATE","NULL+Pesti2",-0.0595294156641387,0.77909710776088,FALSE,"None",1453,19,87,"SC≥10|Top5%"
"XACETOCHLOR","XGLYPHOSATE","Education.index",-0.0634694132282197,0.763789638447119,FALSE,"Education.index",1453,19,87,"SC≥10|Top5%"
"XACETOCHLOR","XGLYPHOSATE","Income",-0.0726465635812076,0.733865126046914,FALSE,"Income",1453,19,87,"SC≥10|Top5%"
"XACETOCHLOR","XGLYPHOSATE","home_value",-0.0622475651071238,0.769545881583495,FALSE,"home_value",1453,19,87,"SC≥10|Top5%"
"XACETOCHLOR","XGLYPHOSATE","rent",-0.0606178846581286,0.77541132699054,FALSE,"rent",1453,19,87,"SC≥10|Top5%"
"XACETOCHLOR","XGLYPHOSATE","Poverty_150",-0.0713998622560603,0.745268340021982,FALSE,"Poverty_150",1453,19,87,"SC≥10|Top5%"
"XACETOCHLOR","XGLYPHOSATE","Unemployed",0.0199004727555665,0.92795908973654,FALSE,"Unemployed",1453,19,87,"SC≥10|Top5%"
"XACETOCHLOR","XGLYPHOSATE","Working_class",-0.0612173807194808,0.77340183706623,FALSE,"Working_class",1453,19,87,"SC≥10|Top5%"
"XACETOCHLOR","XIMIDACLOPRID","NULL",0.34167015335712,0.00100930229092033,TRUE,"None",1138,18,87,"SC≥10|Top5%"
"XACETOCHLOR","XIMIDACLOPRID","NULL+Pesti2",0.355794830141866,0.00194373421326631,TRUE,"None",1138,18,87,"SC≥10|Top5%"
"XACETOCHLOR","XIMIDACLOPRID","Education.index",0.352486823852748,0.00177773062300967,TRUE,"Education.index",1138,18,87,"SC≥10|Top5%"
"XACETOCHLOR","XIMIDACLOPRID","Income",0.354028827691208,0.0021420935185778,TRUE,"Income",1138,18,87,"SC≥10|Top5%"
"XACETOCHLOR","XIMIDACLOPRID","home_value",0.350377366595339,0.00403782986942058,TRUE,"home_value",1138,18,87,"SC≥10|Top5%"
"XACETOCHLOR","XIMIDACLOPRID","rent",0.311848367645518,0.0112149928977873,TRUE,"rent",1138,18,87,"SC≥10|Top5%"
"XACETOCHLOR","XIMIDACLOPRID","Poverty_150",0.38021119805557,0.0027156582372354,TRUE,"Poverty_150",1138,18,87,"SC≥10|Top5%"
"XACETOCHLOR","XIMIDACLOPRID","Unemployed",0.477316476581537,0.000554628026579683,TRUE,"Unemployed",1138,18,87,"SC≥10|Top5%"
"XACETOCHLOR","XIMIDACLOPRID","Working_class",0.358037986981992,0.00297362650773525,TRUE,"Working_class",1138,18,87,"SC≥10|Top5%"
"XACETOCHLOR","XNICOSULFURON","NULL",0.369303603113007,0.00081364086037503,TRUE,"None",1350,19,87,"SC≥10|Top5%"
"XACETOCHLOR","XNICOSULFURON","NULL+Pesti2",0.0485131416937626,0.842863228460013,FALSE,"None",1350,19,87,"SC≥10|Top5%"
"XACETOCHLOR","XNICOSULFURON","Education.index",0.0651096501707593,0.789754310221055,FALSE,"Education.index",1350,19,87,"SC≥10|Top5%"
"XACETOCHLOR","XNICOSULFURON","Income",0.04684983262044,0.848394125507476,FALSE,"Income",1350,19,87,"SC≥10|Top5%"
"XACETOCHLOR","XNICOSULFURON","home_value",0.0515882126868371,0.834729129166104,FALSE,"home_value",1350,19,87,"SC≥10|Top5%"
"XACETOCHLOR","XNICOSULFURON","rent",0.0229121906707463,0.926064907455631,FALSE,"rent",1350,19,87,"SC≥10|Top5%"
"XACETOCHLOR","XNICOSULFURON","Poverty_150",0.0527967446425205,0.831280675076299,FALSE,"Poverty_150",1350,19,87,"SC≥10|Top5%"
"XACETOCHLOR","XNICOSULFURON","Unemployed",0.120827469646872,0.630196098775448,FALSE,"Unemployed",1350,19,87,"SC≥10|Top5%"
"XACETOCHLOR","XNICOSULFURON","Working_class",0.0366572054444776,0.882072655584757,FALSE,"Working_class",1350,19,87,"SC≥10|Top5%"
"XACETOCHLOR","XPICLORAM","NULL",0.389749519684321,0.000182936838047319,TRUE,"None",1301,19,79,"SC≥10|Top5%"
"XACETOCHLOR","XPICLORAM","NULL+Pesti2",0.375428724774737,0.000401958847914886,TRUE,"None",1301,19,79,"SC≥10|Top5%"
"XACETOCHLOR","XPICLORAM","Education.index",0.375487661778357,0.000295405217636055,TRUE,"Education.index",1301,19,79,"SC≥10|Top5%"
"XACETOCHLOR","XPICLORAM","Income",0.388513164821483,0.00030144626105226,TRUE,"Income",1301,19,79,"SC≥10|Top5%"
"XACETOCHLOR","XPICLORAM","home_value",0.34726540287503,0.00173432693811875,TRUE,"home_value",1301,19,79,"SC≥10|Top5%"
"XACETOCHLOR","XPICLORAM","rent",0.314211033793186,0.00412140044640531,TRUE,"rent",1301,19,79,"SC≥10|Top5%"
"XACETOCHLOR","XPICLORAM","Poverty_150",0.416549433770208,0.00119239278359427,TRUE,"Poverty_150",1301,19,79,"SC≥10|Top5%"
"XACETOCHLOR","XPICLORAM","Unemployed",0.490793593140065,0.000258629551627315,TRUE,"Unemployed",1301,19,79,"SC≥10|Top5%"
"XACETOCHLOR","XPICLORAM","Working_class",0.351979976605556,0.00119769555403221,TRUE,"Working_class",1301,19,79,"SC≥10|Top5%"
"XACETOCHLOR","XPROPARGITE","NULL",0.10008966677152,0.385503547969267,FALSE,"None",569,17,79,"SC≥10|Top5%"
"XACETOCHLOR","XPROPARGITE","NULL+Pesti2",0.159499893268485,0.164995981534342,FALSE,"None",569,17,79,"SC≥10|Top5%"
"XACETOCHLOR","XPROPARGITE","Education.index",0.165229268791356,0.135227196570057,FALSE,"Education.index",569,17,79,"SC≥10|Top5%"
"XACETOCHLOR","XPROPARGITE","Income",0.179864951657868,0.123973534190117,FALSE,"Income",569,17,79,"SC≥10|Top5%"
"XACETOCHLOR","XPROPARGITE","home_value",0.15373241085356,0.186897062963609,FALSE,"home_value",569,17,79,"SC≥10|Top5%"
"XACETOCHLOR","XPROPARGITE","rent",0.155152569706074,0.179651131509048,FALSE,"rent",569,17,79,"SC≥10|Top5%"
"XACETOCHLOR","XPROPARGITE","Poverty_150",0.217380853757764,0.0916332984854133,FALSE,"Poverty_150",569,17,79,"SC≥10|Top5%"
"XACETOCHLOR","XPROPARGITE","Unemployed",0.343041954548174,0.0107382130103561,TRUE,"Unemployed",569,17,79,"SC≥10|Top5%"
"XACETOCHLOR","XPROPARGITE","Working_class",0.154926480643531,0.183107388300613,FALSE,"Working_class",569,17,79,"SC≥10|Top5%"
"XACETOCHLOR","XPROPARGITE","Combined_SES",0.343041954548174,0.0107382130103561,TRUE,"Unemployed",569,17,79,"SC≥10|Top5%"
"XACETOCHLOR","XSIMAZINE","NULL",0.372761793324782,0.00152890305755422,TRUE,"None",1285,19,87,"SC≥10|Top5%"
"XACETOCHLOR","XSIMAZINE","NULL+Pesti2",0.299857723720614,0.0914671345257176,FALSE,"None",1285,19,87,"SC≥10|Top5%"
"XACETOCHLOR","XSIMAZINE","Education.index",0.240641699936229,0.174216233732155,FALSE,"Education.index",1285,19,87,"SC≥10|Top5%"
"XACETOCHLOR","XSIMAZINE","Income",0.335439244717302,0.0760400776858986,FALSE,"Income",1285,19,87,"SC≥10|Top5%"
"XACETOCHLOR","XSIMAZINE","home_value",0.332813054107238,0.104778069857102,FALSE,"home_value",1285,19,87,"SC≥10|Top5%"
"XACETOCHLOR","XSIMAZINE","rent",0.249165688588262,0.227893065966973,FALSE,"rent",1285,19,87,"SC≥10|Top5%"
"XACETOCHLOR","XSIMAZINE","Poverty_150",0.300246775046301,0.091946450186033,FALSE,"Poverty_150",1285,19,87,"SC≥10|Top5%"
"XACETOCHLOR","XSIMAZINE","Unemployed",0.353578652464574,0.0597700684731179,FALSE,"Unemployed",1285,19,87,"SC≥10|Top5%"
"XACETOCHLOR","XSIMAZINE","Working_class",0.281324223223125,0.147755330197522,FALSE,"Working_class",1285,19,87,"SC≥10|Top5%"
"XACETOCHLOR","XTEBUPIRIMPHOS","NULL",0.446318666369056,0.000605259776759779,TRUE,"None",1042,17,79,"SC≥10|Top5%"
"XACETOCHLOR","XTEBUPIRIMPHOS","NULL+Pesti2",0.373977842980136,0.205279269731866,FALSE,"None",1042,17,79,"SC≥10|Top5%"
"XACETOCHLOR","XTEBUPIRIMPHOS","Education.index",0.42016622321255,0.153547138374011,FALSE,"Education.index",1042,17,79,"SC≥10|Top5%"
"XACETOCHLOR","XTEBUPIRIMPHOS","Income",0.449262977966804,0.135168631390707,FALSE,"Income",1042,17,79,"SC≥10|Top5%"
"XACETOCHLOR","XTEBUPIRIMPHOS","home_value",0.349346811232301,0.236970397437468,FALSE,"home_value",1042,17,79,"SC≥10|Top5%"
"XACETOCHLOR","XTEBUPIRIMPHOS","rent",0.407559200940728,0.165270682312973,FALSE,"rent",1042,17,79,"SC≥10|Top5%"
"XACETOCHLOR","XTEBUPIRIMPHOS","Poverty_150",0.423818383076557,0.157582350682701,FALSE,"Poverty_150",1042,17,79,"SC≥10|Top5%"
"XACETOCHLOR","XTEBUPIRIMPHOS","Unemployed",0.43076173545841,0.150083780124884,FALSE,"Unemployed",1042,17,79,"SC≥10|Top5%"
"XACETOCHLOR","XTEBUPIRIMPHOS","Working_class",0.374215095676748,0.205204659570328,FALSE,"Working_class",1042,17,79,"SC≥10|Top5%"
"XACETOCHLOR","XTEBUPIRIMPHOS","Combined_SES",0.419162551195449,0.15421828229791,FALSE,"Education.index, rent",1042,17,79,"SC≥10|Top5%"
"XATRAZINE","XACETOCHLOR","NULL",0.41401583201571,6.11014333352403e-05,TRUE,"None",1526,19,101,"SC≥10|Top5%"
"XATRAZINE","XACETOCHLOR","NULL+Pesti2",0.486853432977557,0.0357427127848111,TRUE,"None",1526,19,101,"SC≥10|Top5%"
"XATRAZINE","XACETOCHLOR","Education.index",0.475060609125316,0.0401670334542567,TRUE,"Education.index",1526,19,101,"SC≥10|Top5%"
"XATRAZINE","XACETOCHLOR","Income",0.485259205027493,0.0365784562745733,TRUE,"Income",1526,19,101,"SC≥10|Top5%"
"XATRAZINE","XACETOCHLOR","home_value",0.48935503375591,0.0355130641661569,TRUE,"home_value",1526,19,101,"SC≥10|Top5%"
"XATRAZINE","XACETOCHLOR","rent",0.48564702450213,0.0363044170087782,TRUE,"rent",1526,19,101,"SC≥10|Top5%"
"XATRAZINE","XACETOCHLOR","Poverty_150",0.48369417881352,0.0383801655137239,TRUE,"Poverty_150",1526,19,101,"SC≥10|Top5%"
"XATRAZINE","XACETOCHLOR","Unemployed",0.52633093732566,0.0239659081265824,TRUE,"Unemployed",1526,19,101,"SC≥10|Top5%"
"XATRAZINE","XACETOCHLOR","Working_class",0.489906370181767,0.034983265735684,TRUE,"Working_class",1526,19,101,"SC≥10|Top5%"
"XATRAZINE","XDIAZINON","NULL",0.310357760799556,0.000989243375616071,TRUE,"None",1682,21,102,"SC≥10|Top5%"
"XATRAZINE","XDIAZINON","NULL+Pesti2",0.27740739861652,0.00483537640177996,TRUE,"None",1682,21,102,"SC≥10|Top5%"
"XATRAZINE","XDIAZINON","Education.index",0.227504946372994,0.0196002246803203,TRUE,"Education.index",1682,21,102,"SC≥10|Top5%"
"XATRAZINE","XDIAZINON","Income",0.271462275724851,0.00587742984027023,TRUE,"Income",1682,21,102,"SC≥10|Top5%"
"XATRAZINE","XDIAZINON","home_value",0.241057019096678,0.0241072863710168,TRUE,"home_value",1682,21,102,"SC≥10|Top5%"
"XATRAZINE","XDIAZINON","rent",0.221660337368811,0.0369888937669204,TRUE,"rent",1682,21,102,"SC≥10|Top5%"
"XATRAZINE","XDIAZINON","Poverty_150",0.303239574505641,0.00336083504693739,TRUE,"Poverty_150",1682,21,102,"SC≥10|Top5%"
"XATRAZINE","XDIAZINON","Unemployed",0.337258539221648,0.00281883379162069,TRUE,"Unemployed",1682,21,102,"SC≥10|Top5%"
"XATRAZINE","XDIAZINON","Working_class",0.265436359915031,0.00893411450838423,TRUE,"Working_class",1682,21,102,"SC≥10|Top5%"
"XATRAZINE","XDIAZINON","Combined_SES",0.227504946372994,0.0196002246803203,TRUE,"Education.index",1682,21,102,"SC≥10|Top5%"
"XATRAZINE","XESFENVALERATE","NULL",0.272347191763708,0.00159207940223368,TRUE,"None",1937,21,100,"SC≥10|Top5%"
"XATRAZINE","XESFENVALERATE","NULL+Pesti2",0.185606428703539,0.155184477274791,FALSE,"None",1937,21,100,"SC≥10|Top5%"
"XATRAZINE","XESFENVALERATE","Education.index",0.13943349718363,0.281600172007951,FALSE,"Education.index",1937,21,100,"SC≥10|Top5%"
"XATRAZINE","XESFENVALERATE","Income",0.165299352814788,0.209832091744674,FALSE,"Income",1937,21,100,"SC≥10|Top5%"
"XATRAZINE","XESFENVALERATE","home_value",0.137019145872471,0.32841321247612,FALSE,"home_value",1937,21,100,"SC≥10|Top5%"
"XATRAZINE","XESFENVALERATE","rent",0.101174612735948,0.470769015203808,FALSE,"rent",1937,21,100,"SC≥10|Top5%"
"XATRAZINE","XESFENVALERATE","Poverty_150",0.204541003072748,0.125510471263764,FALSE,"Poverty_150",1937,21,100,"SC≥10|Top5%"
"XATRAZINE","XESFENVALERATE","Unemployed",0.25495005256554,0.0740454016589692,FALSE,"Unemployed",1937,21,100,"SC≥10|Top5%"
"XATRAZINE","XESFENVALERATE","Working_class",0.160987827401559,0.232722857172338,FALSE,"Working_class",1937,21,100,"SC≥10|Top5%"
"XATRAZINE","XESFENVALERATE","Combined_SES",0.13943349718363,0.281600172007951,FALSE,"Education.index",1937,21,100,"SC≥10|Top5%"
"XATRAZINE","XFENBUCONAZOLE","NULL",0.0113450795115801,0.936092013686228,FALSE,"None",408,18,29,"SC≥10|Top5%"
"XATRAZINE","XFENBUCONAZOLE","NULL+Pesti2",-0.0342274420957813,0.804791419492165,FALSE,"None",408,18,29,"SC≥10|Top5%"
"XATRAZINE","XFENBUCONAZOLE","Education.index",0.0357327503836807,0.784083586498817,FALSE,"Education.index",408,18,29,"SC≥10|Top5%"
"XATRAZINE","XFENBUCONAZOLE","Income",-0.0550192837176054,0.666322334796262,FALSE,"Income",408,18,29,"SC≥10|Top5%"
"XATRAZINE","XFENBUCONAZOLE","home_value",0.00247180060651805,0.985176627945936,FALSE,"home_value",408,18,29,"SC≥10|Top5%"
"XATRAZINE","XFENBUCONAZOLE","rent",-0.0242347953116607,0.854840467226543,FALSE,"rent",408,18,29,"SC≥10|Top5%"
"XATRAZINE","XFENBUCONAZOLE","Poverty_150",-0.0708421055372048,0.574715967012749,FALSE,"Poverty_150",408,18,29,"SC≥10|Top5%"
"XATRAZINE","XFENBUCONAZOLE","Unemployed",-0.0856661761499018,0.532279567886732,FALSE,"Unemployed",408,18,29,"SC≥10|Top5%"
"XATRAZINE","XFENBUCONAZOLE","Working_class",-0.00827683481972475,0.95092440460992,FALSE,"Working_class",408,18,29,"SC≥10|Top5%"
"XATRAZINE","XFENBUCONAZOLE","Combined_SES",-0.0154660935443477,0.909869303095924,FALSE,"Education.index, Income, Poverty_150",408,18,29,"SC≥10|Top5%"
"XATRAZINE","XFLUMIOXAZIN","NULL",0.278141499405763,0.102559065503234,FALSE,"None",745,12,90,"SC≥10|Top5%"
"XATRAZINE","XFLUMIOXAZIN","NULL+Pesti2",-0.214170313808762,0.502601467493725,FALSE,"None",745,12,90,"SC≥10|Top5%"
"XATRAZINE","XFLUMIOXAZIN","Education.index",-0.274916924084467,0.394015724640303,FALSE,"Education.index",745,12,90,"SC≥10|Top5%"
"XATRAZINE","XFLUMIOXAZIN","Income",-0.259546064061382,0.42652677366434,FALSE,"Income",745,12,90,"SC≥10|Top5%"
"XATRAZINE","XFLUMIOXAZIN","home_value",-0.271364488015135,0.452665464676523,FALSE,"home_value",745,12,90,"SC≥10|Top5%"
"XATRAZINE","XFLUMIOXAZIN","rent",-0.344139676093709,0.325397436946052,FALSE,"rent",745,12,90,"SC≥10|Top5%"
"XATRAZINE","XFLUMIOXAZIN","Poverty_150",-0.249176159041185,0.438200611355321,FALSE,"Poverty_150",745,12,90,"SC≥10|Top5%"
"XATRAZINE","XFLUMIOXAZIN","Unemployed",-0.0267490172378891,0.93561749467873,FALSE,"Unemployed",745,12,90,"SC≥10|Top5%"
"XATRAZINE","XFLUMIOXAZIN","Working_class",-0.249653573511059,0.445494269105665,FALSE,"Working_class",745,12,90,"SC≥10|Top5%"
"XATRAZINE","XFLUMIOXAZIN","Combined_SES",-0.0267490172378891,0.93561749467873,FALSE,"Unemployed",745,12,90,"SC≥10|Top5%"
"XATRAZINE","XGLYPHOSATE","NULL",0.270727764104402,0.000895024585174511,TRUE,"None",2013,21,102,"SC≥10|Top5%"
"XATRAZINE","XGLYPHOSATE","NULL+Pesti2",0.00293322531666869,0.985571164779035,FALSE,"None",2013,21,102,"SC≥10|Top5%"
"XATRAZINE","XGLYPHOSATE","Education.index",-0.0540234535588806,0.739010778771265,FALSE,"Education.index",2013,21,102,"SC≥10|Top5%"
"XATRAZINE","XGLYPHOSATE","Income",0.00549401660914908,0.973001376406677,FALSE,"Income",2013,21,102,"SC≥10|Top5%"
"XATRAZINE","XGLYPHOSATE","home_value",-0.00191812816996395,0.990594468225905,FALSE,"home_value",2013,21,102,"SC≥10|Top5%"
"XATRAZINE","XGLYPHOSATE","rent",-0.000567435801722322,0.997207451552538,FALSE,"rent",2013,21,102,"SC≥10|Top5%"
"XATRAZINE","XGLYPHOSATE","Poverty_150",0.0175627661993345,0.914948597862312,FALSE,"Poverty_150",2013,21,102,"SC≥10|Top5%"
"XATRAZINE","XGLYPHOSATE","Unemployed",0.047834423548603,0.770611533167026,FALSE,"Unemployed",2013,21,102,"SC≥10|Top5%"
"XATRAZINE","XGLYPHOSATE","Working_class",0.00285862105467311,0.985952044146378,FALSE,"Working_class",2013,21,102,"SC≥10|Top5%"
"XATRAZINE","XGLYPHOSATE","Combined_SES",-0.0540234535588806,0.739010778771265,FALSE,"Education.index",2013,21,102,"SC≥10|Top5%"
"XATRAZINE","XIMIDACLOPRID","NULL",0.239118177733752,0.0101374199848756,TRUE,"None",1492,19,101,"SC≥10|Top5%"
"XATRAZINE","XIMIDACLOPRID","NULL+Pesti2",0.278982807224393,0.0113252060848427,TRUE,"None",1492,19,101,"SC≥10|Top5%"
"XATRAZINE","XIMIDACLOPRID","Education.index",0.246512375762878,0.0225928458466602,TRUE,"Education.index",1492,19,101,"SC≥10|Top5%"
"XATRAZINE","XIMIDACLOPRID","Income",0.272806988680632,0.0132545449965944,TRUE,"Income",1492,19,101,"SC≥10|Top5%"
"XATRAZINE","XIMIDACLOPRID","home_value",0.248532566546498,0.034089532447525,TRUE,"home_value",1492,19,101,"SC≥10|Top5%"
"XATRAZINE","XIMIDACLOPRID","rent",0.221773569487141,0.0584806349410997,FALSE,"rent",1492,19,101,"SC≥10|Top5%"
"XATRAZINE","XIMIDACLOPRID","Poverty_150",0.316256384977998,0.00629063754282775,TRUE,"Poverty_150",1492,19,101,"SC≥10|Top5%"
"XATRAZINE","XIMIDACLOPRID","Unemployed",0.387641398486495,0.0016965320884847,TRUE,"Unemployed",1492,19,101,"SC≥10|Top5%"
"XATRAZINE","XIMIDACLOPRID","Working_class",0.271620299945072,0.0170752305456447,TRUE,"Working_class",1492,19,101,"SC≥10|Top5%"
"XATRAZINE","XIMIDACLOPRID","Combined_SES",0.246512375762878,0.0225928458466602,TRUE,"Education.index",1492,19,101,"SC≥10|Top5%"
"XATRAZINE","XNICOSULFURON","NULL",0.42034830730204,2.43647927032064e-05,TRUE,"None",1704,21,100,"SC≥10|Top5%"
"XATRAZINE","XNICOSULFURON","NULL+Pesti2",0.136971327268918,0.517974550098701,FALSE,"None",1704,21,100,"SC≥10|Top5%"
"XATRAZINE","XNICOSULFURON","Education.index",0.0910569671181217,0.66808285241183,FALSE,"Education.index",1704,21,100,"SC≥10|Top5%"
"XATRAZINE","XNICOSULFURON","Income",0.135799485836416,0.521922880421378,FALSE,"Income",1704,21,100,"SC≥10|Top5%"
"XATRAZINE","XNICOSULFURON","home_value",0.128387007770178,0.549955985778502,FALSE,"home_value",1704,21,100,"SC≥10|Top5%"
"XATRAZINE","XNICOSULFURON","rent",0.117902313961687,0.579931338011214,FALSE,"rent",1704,21,100,"SC≥10|Top5%"
"XATRAZINE","XNICOSULFURON","Poverty_150",0.145927599265825,0.492840777109568,FALSE,"Poverty_150",1704,21,100,"SC≥10|Top5%"
"XATRAZINE","XNICOSULFURON","Unemployed",0.180752258633898,0.397663212561204,FALSE,"Unemployed",1704,21,100,"SC≥10|Top5%"
"XATRAZINE","XNICOSULFURON","Working_class",0.13576486350267,0.522235987644183,FALSE,"Working_class",1704,21,100,"SC≥10|Top5%"
"XATRAZINE","XNICOSULFURON","Combined_SES",0.0910569671181217,0.66808285241183,FALSE,"Education.index",1704,21,100,"SC≥10|Top5%"
"XATRAZINE","XPICLORAM","NULL",0.276005618729831,0.00139464836359529,TRUE,"None",1831,21,102,"SC≥10|Top5%"
"XATRAZINE","XPICLORAM","NULL+Pesti2",0.260051745059139,0.00470462800535419,TRUE,"None",1831,21,102,"SC≥10|Top5%"
"XATRAZINE","XPICLORAM","Education.index",0.238038858649289,0.00773715320911302,TRUE,"Education.index",1831,21,102,"SC≥10|Top5%"
"XATRAZINE","XPICLORAM","Income",0.264535724870585,0.00377913319056682,TRUE,"Income",1831,21,102,"SC≥10|Top5%"
"XATRAZINE","XPICLORAM","home_value",0.229171988130826,0.018380753855922,TRUE,"home_value",1831,21,102,"SC≥10|Top5%"
"XATRAZINE","XPICLORAM","rent",0.203566919729294,0.0352354503745103,TRUE,"rent",1831,21,102,"SC≥10|Top5%"
"XATRAZINE","XPICLORAM","Poverty_150",0.293120615401729,0.00384314513679355,TRUE,"Poverty_150",1831,21,102,"SC≥10|Top5%"
"XATRAZINE","XPICLORAM","Unemployed",0.333167062774904,0.00213103468354927,TRUE,"Unemployed",1831,21,102,"SC≥10|Top5%"
"XATRAZINE","XPICLORAM","Working_class",0.240481416853838,0.0103064949202028,TRUE,"Working_class",1831,21,102,"SC≥10|Top5%"
"XATRAZINE","XPICLORAM","Combined_SES",0.238038858649289,0.00773715320911302,TRUE,"Education.index",1831,21,102,"SC≥10|Top5%"
"XATRAZINE","XPROPARGITE","NULL",0.0667036316880231,0.503392441854475,FALSE,"None",1040,21,92,"SC≥10|Top5%"
"XATRAZINE","XPROPARGITE","NULL+Pesti2",0.105848672240813,0.275247043998414,FALSE,"None",1040,21,92,"SC≥10|Top5%"
"XATRAZINE","XPROPARGITE","Education.index",0.0854025912050462,0.366836987461199,FALSE,"Education.index",1040,21,92,"SC≥10|Top5%"
"XATRAZINE","XPROPARGITE","Income",0.111712183187163,0.251707278263128,FALSE,"Income",1040,21,92,"SC≥10|Top5%"
"XATRAZINE","XPROPARGITE","home_value",0.101781698358443,0.298632708808274,FALSE,"home_value",1040,21,92,"SC≥10|Top5%"
"XATRAZINE","XPROPARGITE","rent",0.102268548877206,0.293869411106082,FALSE,"rent",1040,21,92,"SC≥10|Top5%"
"XATRAZINE","XPROPARGITE","Poverty_150",0.142285100070361,0.161816247333754,FALSE,"Poverty_150",1040,21,92,"SC≥10|Top5%"
"XATRAZINE","XPROPARGITE","Unemployed",0.198692763383004,0.0595052224355049,FALSE,"Unemployed",1040,21,92,"SC≥10|Top5%"
"XATRAZINE","XPROPARGITE","Working_class",0.105547956573435,0.280944888224796,FALSE,"Working_class",1040,21,92,"SC≥10|Top5%"
"XATRAZINE","XPROPARGITE","Combined_SES",0.145479683207085,0.197295713038955,FALSE,"Education.index, Unemployed",1040,21,92,"SC≥10|Top5%"
"XATRAZINE","XSIMAZINE","NULL",0.35471549171842,9.7601712573805e-05,TRUE,"None",1737,21,102,"SC≥10|Top5%"
"XATRAZINE","XSIMAZINE","NULL+Pesti2",0.224431121326242,0.113425692243277,FALSE,"None",1737,21,102,"SC≥10|Top5%"
"XATRAZINE","XSIMAZINE","Education.index",0.12547090374838,0.392399886881688,FALSE,"Education.index",1737,21,102,"SC≥10|Top5%"
"XATRAZINE","XSIMAZINE","Income",0.222139462756305,0.137432358446164,FALSE,"Income",1737,21,102,"SC≥10|Top5%"
"XATRAZINE","XSIMAZINE","home_value",0.240734861294141,0.145563813994563,FALSE,"home_value",1737,21,102,"SC≥10|Top5%"
"XATRAZINE","XSIMAZINE","rent",0.175288635124752,0.274046768897775,FALSE,"rent",1737,21,102,"SC≥10|Top5%"
"XATRAZINE","XSIMAZINE","Poverty_150",0.22006562667961,0.123710872542236,FALSE,"Poverty_150",1737,21,102,"SC≥10|Top5%"
"XATRAZINE","XSIMAZINE","Unemployed",0.258633249288826,0.0742811850918228,FALSE,"Unemployed",1737,21,102,"SC≥10|Top5%"
"XATRAZINE","XSIMAZINE","Working_class",0.219768265251052,0.138422028984133,FALSE,"Working_class",1737,21,102,"SC≥10|Top5%"
"XATRAZINE","XSIMAZINE","Combined_SES",0.12547090374838,0.392399886881688,FALSE,"Education.index",1737,21,102,"SC≥10|Top5%"
"XATRAZINE","XTEBUPIRIMPHOS","NULL",0.482005665115745,0.000657436248806652,TRUE,"None",1045,17,79,"SC≥10|Top5%"
"XATRAZINE","XTEBUPIRIMPHOS","NULL+Pesti2",0.40403692792859,0.14165551210525,FALSE,"None",1045,17,79,"SC≥10|Top5%"
"XATRAZINE","XTEBUPIRIMPHOS","Education.index",0.378796581005901,0.165919059041471,FALSE,"Education.index",1045,17,79,"SC≥10|Top5%"
"XATRAZINE","XTEBUPIRIMPHOS","Income",0.450785321876062,0.102733236885461,FALSE,"Income",1045,17,79,"SC≥10|Top5%"
"XATRAZINE","XTEBUPIRIMPHOS","home_value",0.347954868981199,0.209266136109057,FALSE,"home_value",1045,17,79,"SC≥10|Top5%"
"XATRAZINE","XTEBUPIRIMPHOS","rent",0.435603039287463,0.109475736653952,FALSE,"rent",1045,17,79,"SC≥10|Top5%"
"XATRAZINE","XTEBUPIRIMPHOS","Poverty_150",0.429726554722039,0.120725474257934,FALSE,"Poverty_150",1045,17,79,"SC≥10|Top5%"
"XATRAZINE","XTEBUPIRIMPHOS","Unemployed",0.446066730216427,0.106675708476403,FALSE,"Unemployed",1045,17,79,"SC≥10|Top5%"
"XATRAZINE","XTEBUPIRIMPHOS","Working_class",0.405225701565417,0.140864506070086,FALSE,"Working_class",1045,17,79,"SC≥10|Top5%"
"XATRAZINE","XTEBUPIRIMPHOS","Combined_SES",0.421240878902533,0.124844420062892,FALSE,"Education.index, rent",1045,17,79,"SC≥10|Top5%"
"XDIAZINON","XACETOCHLOR","NULL",0.514619446437784,0.00297048001001172,TRUE,"None",1247,19,99,"SC≥10|Top5%"
"XDIAZINON","XACETOCHLOR","NULL+Pesti2",0.38822095679849,0.026702651194475,TRUE,"None",1247,19,99,"SC≥10|Top5%"
"XDIAZINON","XACETOCHLOR","Education.index",0.448408652302306,0.0121311585877856,TRUE,"Education.index",1247,19,99,"SC≥10|Top5%"
"XDIAZINON","XACETOCHLOR","Income",0.401963000247494,0.0255689907075561,TRUE,"Income",1247,19,99,"SC≥10|Top5%"
"XDIAZINON","XACETOCHLOR","home_value",0.400909559451888,0.0239388115079332,TRUE,"home_value",1247,19,99,"SC≥10|Top5%"
"XDIAZINON","XACETOCHLOR","rent",0.418160035566956,0.0190370039649359,TRUE,"rent",1247,19,99,"SC≥10|Top5%"
"XDIAZINON","XACETOCHLOR","Poverty_150",0.405199822597461,0.0243410216844847,TRUE,"Poverty_150",1247,19,99,"SC≥10|Top5%"
"XDIAZINON","XACETOCHLOR","Unemployed",0.425573299477601,0.0161249397602233,TRUE,"Unemployed",1247,19,99,"SC≥10|Top5%"
"XDIAZINON","XACETOCHLOR","Working_class",0.389980210207266,0.0267355716455238,TRUE,"Working_class",1247,19,99,"SC≥10|Top5%"
"XDIAZINON","XATRAZINE","NULL",0.350126914284232,0.0157505721757691,TRUE,"None",1697,21,102,"SC≥10|Top5%"
"XDIAZINON","XATRAZINE","NULL+Pesti2",0.217405933266055,0.140680078092652,FALSE,"None",1697,21,102,"SC≥10|Top5%"
"XDIAZINON","XATRAZINE","Education.index",0.291441378117075,0.052398709271676,FALSE,"Education.index",1697,21,102,"SC≥10|Top5%"
"XDIAZINON","XATRAZINE","Income",0.25129482518008,0.0971201306784747,FALSE,"Income",1697,21,102,"SC≥10|Top5%"
"XDIAZINON","XATRAZINE","home_value",0.24107805480753,0.107554714518238,FALSE,"home_value",1697,21,102,"SC≥10|Top5%"
"XDIAZINON","XATRAZINE","rent",0.261324156354041,0.0819811801586173,FALSE,"rent",1697,21,102,"SC≥10|Top5%"
"XDIAZINON","XATRAZINE","Poverty_150",0.248057438193815,0.100415435155091,FALSE,"Poverty_150",1697,21,102,"SC≥10|Top5%"
"XDIAZINON","XATRAZINE","Unemployed",0.234960431392963,0.113008699417407,FALSE,"Unemployed",1697,21,102,"SC≥10|Top5%"
"XDIAZINON","XATRAZINE","Working_class",0.220788105631518,0.136057918590157,FALSE,"Working_class",1697,21,102,"SC≥10|Top5%"
"XDIAZINON","XATRAZINE","Combined_SES",0.291441378117075,0.052398709271676,FALSE,"Education.index",1697,21,102,"SC≥10|Top5%"
"XDIAZINON","XESFENVALERATE","NULL",0.300901962287556,0.0398265502817233,TRUE,"None",1670,21,102,"SC≥10|Top5%"
"XDIAZINON","XESFENVALERATE","NULL+Pesti2",0.167933738843284,0.272127417728609,FALSE,"None",1670,21,102,"SC≥10|Top5%"
"XDIAZINON","XESFENVALERATE","Education.index",0.261652879915403,0.0953665994327653,FALSE,"Education.index",1670,21,102,"SC≥10|Top5%"
"XDIAZINON","XESFENVALERATE","Income",0.220299840777583,0.160564592729788,FALSE,"Income",1670,21,102,"SC≥10|Top5%"
"XDIAZINON","XESFENVALERATE","home_value",0.215249369564778,0.165683471234022,FALSE,"home_value",1670,21,102,"SC≥10|Top5%"
"XDIAZINON","XESFENVALERATE","rent",0.231484221946871,0.135871789745593,FALSE,"rent",1670,21,102,"SC≥10|Top5%"
"XDIAZINON","XESFENVALERATE","Poverty_150",0.182681682516417,0.244567243483624,FALSE,"Poverty_150",1670,21,102,"SC≥10|Top5%"
"XDIAZINON","XESFENVALERATE","Unemployed",0.171349963599124,0.265888045504439,FALSE,"Unemployed",1670,21,102,"SC≥10|Top5%"
"XDIAZINON","XESFENVALERATE","Working_class",0.175930573628332,0.251041934706349,FALSE,"Working_class",1670,21,102,"SC≥10|Top5%"
"XDIAZINON","XESFENVALERATE","Combined_SES",0.27246740490252,0.0831362600220102,FALSE,"Education.index, rent",1670,21,102,"SC≥10|Top5%"
"XDIAZINON","XFENBUCONAZOLE","NULL",0.227996966914722,0.123909682892597,FALSE,"None",367,18,29,"SC≥10|Top5%"
"XDIAZINON","XFENBUCONAZOLE","NULL+Pesti2",0.230538085900434,0.11052403159379,FALSE,"None",367,18,29,"SC≥10|Top5%"
"XDIAZINON","XFENBUCONAZOLE","Education.index",0.151549937894788,0.29567669771955,FALSE,"Education.index",367,18,29,"SC≥10|Top5%"
"XDIAZINON","XFENBUCONAZOLE","Income",0.164470231937214,0.26688236741374,FALSE,"Income",367,18,29,"SC≥10|Top5%"
"XDIAZINON","XFENBUCONAZOLE","home_value",0.192192748325923,0.196330578164886,FALSE,"home_value",367,18,29,"SC≥10|Top5%"
"XDIAZINON","XFENBUCONAZOLE","rent",0.193028738342065,0.194882115993148,FALSE,"rent",367,18,29,"SC≥10|Top5%"
"XDIAZINON","XFENBUCONAZOLE","Poverty_150",0.093674066749054,0.528811975696148,FALSE,"Poverty_150",367,18,29,"SC≥10|Top5%"
"XDIAZINON","XFENBUCONAZOLE","Unemployed",0.208996953196861,0.160964531590402,FALSE,"Unemployed",367,18,29,"SC≥10|Top5%"
"XDIAZINON","XFENBUCONAZOLE","Working_class",0.18915877640743,0.191237805462263,FALSE,"Working_class",367,18,29,"SC≥10|Top5%"
"XDIAZINON","XFENBUCONAZOLE","Combined_SES",0.0981146553284642,0.512198262620904,FALSE,"Education.index, Poverty_150",367,18,29,"SC≥10|Top5%"
"XDIAZINON","XFLUMIOXAZIN","NULL",0.108761362783524,0.677039363323532,FALSE,"None",571,12,91,"SC≥10|Top5%"
"XDIAZINON","XFLUMIOXAZIN","NULL+Pesti2",-0.055580970798655,0.834452394578346,FALSE,"None",571,12,91,"SC≥10|Top5%"
"XDIAZINON","XFLUMIOXAZIN","Education.index",-0.00443886125924572,0.986821773889163,FALSE,"Education.index",571,12,91,"SC≥10|Top5%"
"XDIAZINON","XFLUMIOXAZIN","Income",-0.0383329780078005,0.885728308059588,FALSE,"Income",571,12,91,"SC≥10|Top5%"
"XDIAZINON","XFLUMIOXAZIN","home_value",-0.0418259684932676,0.875347754839431,FALSE,"home_value",571,12,91,"SC≥10|Top5%"
"XDIAZINON","XFLUMIOXAZIN","rent",-0.0406585024343631,0.878752829344473,FALSE,"rent",571,12,91,"SC≥10|Top5%"
"XDIAZINON","XFLUMIOXAZIN","Poverty_150",-0.0193247675673762,0.942673290434781,FALSE,"Poverty_150",571,12,91,"SC≥10|Top5%"
"XDIAZINON","XFLUMIOXAZIN","Unemployed",-0.0289172349486314,0.913512649444473,FALSE,"Unemployed",571,12,91,"SC≥10|Top5%"
"XDIAZINON","XFLUMIOXAZIN","Working_class",-0.051261097456294,0.847274175266244,FALSE,"Working_class",571,12,91,"SC≥10|Top5%"
"XDIAZINON","XGLYPHOSATE","NULL",0.342638936503305,0.0151632874132242,TRUE,"None",1730,21,103,"SC≥10|Top5%"
"XDIAZINON","XGLYPHOSATE","NULL+Pesti2",0.17335039255715,0.228195911474043,FALSE,"None",1730,21,103,"SC≥10|Top5%"
"XDIAZINON","XGLYPHOSATE","Education.index",0.24946541215632,0.0873947791675749,FALSE,"Education.index",1730,21,103,"SC≥10|Top5%"
"XDIAZINON","XGLYPHOSATE","Income",0.212687809303579,0.153269566130892,FALSE,"Income",1730,21,103,"SC≥10|Top5%"
"XDIAZINON","XGLYPHOSATE","home_value",0.199549632151103,0.175361891909322,FALSE,"home_value",1730,21,103,"SC≥10|Top5%"
"XDIAZINON","XGLYPHOSATE","rent",0.22114695903617,0.136329555745299,FALSE,"rent",1730,21,103,"SC≥10|Top5%"
"XDIAZINON","XGLYPHOSATE","Poverty_150",0.206881659435097,0.161133677206111,FALSE,"Poverty_150",1730,21,103,"SC≥10|Top5%"
"XDIAZINON","XGLYPHOSATE","Unemployed",0.191099095640999,0.184881542759627,FALSE,"Unemployed",1730,21,103,"SC≥10|Top5%"
"XDIAZINON","XGLYPHOSATE","Working_class",0.173956379990075,0.230203105449825,FALSE,"Working_class",1730,21,103,"SC≥10|Top5%"
"XDIAZINON","XGLYPHOSATE","Combined_SES",0.24946541215632,0.0873947791675749,FALSE,"Education.index",1730,21,103,"SC≥10|Top5%"
"XDIAZINON","XIMIDACLOPRID","NULL",0.257555496341161,0.084265880194431,FALSE,"None",1294,19,102,"SC≥10|Top5%"
"XDIAZINON","XIMIDACLOPRID","NULL+Pesti2",0.228230286977053,0.145125557429071,FALSE,"None",1294,19,102,"SC≥10|Top5%"
"XDIAZINON","XIMIDACLOPRID","Education.index",0.299123616911785,0.0586567245957347,FALSE,"Education.index",1294,19,102,"SC≥10|Top5%"
"XDIAZINON","XIMIDACLOPRID","Income",0.268375653426997,0.0928377973027763,FALSE,"Income",1294,19,102,"SC≥10|Top5%"
"XDIAZINON","XIMIDACLOPRID","home_value",0.264846162736887,0.0934819120148024,FALSE,"home_value",1294,19,102,"SC≥10|Top5%"
"XDIAZINON","XIMIDACLOPRID","rent",0.274688156012178,0.0812541376338121,FALSE,"rent",1294,19,102,"SC≥10|Top5%"
"XDIAZINON","XIMIDACLOPRID","Poverty_150",0.242973849409836,0.130688319876479,FALSE,"Poverty_150",1294,19,102,"SC≥10|Top5%"
"XDIAZINON","XIMIDACLOPRID","Unemployed",0.227872171784377,0.149077607143483,FALSE,"Unemployed",1294,19,102,"SC≥10|Top5%"
"XDIAZINON","XIMIDACLOPRID","Working_class",0.235746337574746,0.132434915722947,FALSE,"Working_class",1294,19,102,"SC≥10|Top5%"
"XDIAZINON","XIMIDACLOPRID","Combined_SES",0.305067513045771,0.054085984676088,FALSE,"Education.index, rent",1294,19,102,"SC≥10|Top5%"
"XDIAZINON","XNICOSULFURON","NULL",0.47296184801518,0.00477411448471484,TRUE,"None",1440,21,100,"SC≥10|Top5%"
"XDIAZINON","XNICOSULFURON","NULL+Pesti2",0.333550717503197,0.0463977909840678,TRUE,"None",1440,21,100,"SC≥10|Top5%"
"XDIAZINON","XNICOSULFURON","Education.index",0.420607408213891,0.0138041628538721,TRUE,"Education.index",1440,21,100,"SC≥10|Top5%"
"XDIAZINON","XNICOSULFURON","Income",0.367227439250912,0.0331976080892058,TRUE,"Income",1440,21,100,"SC≥10|Top5%"
"XDIAZINON","XNICOSULFURON","home_value",0.363609686373931,0.0324682673069768,TRUE,"home_value",1440,21,100,"SC≥10|Top5%"
"XDIAZINON","XNICOSULFURON","rent",0.385821539462208,0.0237350244795912,TRUE,"rent",1440,21,100,"SC≥10|Top5%"
"XDIAZINON","XNICOSULFURON","Poverty_150",0.376753247287199,0.0287250243255642,TRUE,"Poverty_150",1440,21,100,"SC≥10|Top5%"
"XDIAZINON","XNICOSULFURON","Unemployed",0.366692872621888,0.0304161641086684,TRUE,"Unemployed",1440,21,100,"SC≥10|Top5%"
"XDIAZINON","XNICOSULFURON","Working_class",0.333399390106397,0.0475163474425525,TRUE,"Working_class",1440,21,100,"SC≥10|Top5%"
"XDIAZINON","XNICOSULFURON","Combined_SES",0.420607408213891,0.0138041628538721,TRUE,"Education.index",1440,21,100,"SC≥10|Top5%"
"XDIAZINON","XPICLORAM","NULL",0.376347550853368,0.0182455017918221,TRUE,"None",1524,21,101,"SC≥10|Top5%"
"XDIAZINON","XPICLORAM","NULL+Pesti2",0.360653499335026,0.0232089187762963,TRUE,"None",1524,21,101,"SC≥10|Top5%"
"XDIAZINON","XPICLORAM","Education.index",0.428708049960101,0.00697300121451821,TRUE,"Education.index",1524,21,101,"SC≥10|Top5%"
"XDIAZINON","XPICLORAM","Income",0.408494721844911,0.0118631568130271,TRUE,"Income",1524,21,101,"SC≥10|Top5%"
"XDIAZINON","XPICLORAM","home_value",0.378515716726531,0.0167682331983274,TRUE,"home_value",1524,21,101,"SC≥10|Top5%"
"XDIAZINON","XPICLORAM","rent",0.389421752208393,0.0133479209594358,TRUE,"rent",1524,21,101,"SC≥10|Top5%"
"XDIAZINON","XPICLORAM","Poverty_150",0.362943482069917,0.0283127659803037,TRUE,"Poverty_150",1524,21,101,"SC≥10|Top5%"
"XDIAZINON","XPICLORAM","Unemployed",0.360276532739492,0.0270194098085808,TRUE,"Unemployed",1524,21,101,"SC≥10|Top5%"
"XDIAZINON","XPICLORAM","Working_class",0.356977068798081,0.0245464660551,TRUE,"Working_class",1524,21,101,"SC≥10|Top5%"
"XDIAZINON","XPICLORAM","Combined_SES",0.424302591850255,0.00750719105995854,TRUE,"Education.index, rent",1524,21,101,"SC≥10|Top5%"
"XDIAZINON","XPROPARGITE","NULL",0.317272159116109,0.0428849040499684,TRUE,"None",989,21,94,"SC≥10|Top5%"
"XDIAZINON","XPROPARGITE","NULL+Pesti2",0.356185695928645,0.0196781067986733,TRUE,"None",989,21,94,"SC≥10|Top5%"
"XDIAZINON","XPROPARGITE","Education.index",0.484554437162702,0.00179609923647328,TRUE,"Education.index",989,21,94,"SC≥10|Top5%"
"XDIAZINON","XPROPARGITE","Income",0.437560956616136,0.0077467004363099,TRUE,"Income",989,21,94,"SC≥10|Top5%"
"XDIAZINON","XPROPARGITE","home_value",0.409836312687926,0.0109017142889928,TRUE,"home_value",989,21,94,"SC≥10|Top5%"
"XDIAZINON","XPROPARGITE","rent",0.453527367342077,0.00547194442072332,TRUE,"rent",989,21,94,"SC≥10|Top5%"
"XDIAZINON","XPROPARGITE","Poverty_150",0.427722831282157,0.00770838243057436,TRUE,"Poverty_150",989,21,94,"SC≥10|Top5%"
"XDIAZINON","XPROPARGITE","Unemployed",0.402844656044281,0.00870310546357654,TRUE,"Unemployed",989,21,94,"SC≥10|Top5%"
"XDIAZINON","XPROPARGITE","Working_class",0.358589232200199,0.0201601519733649,TRUE,"Working_class",989,21,94,"SC≥10|Top5%"
"XDIAZINON","XPROPARGITE","Combined_SES",0.484554437162702,0.00179609923647328,TRUE,"Education.index",989,21,94,"SC≥10|Top5%"
"XDIAZINON","XSIMAZINE","NULL",0.428133722363762,0.00940289433878255,TRUE,"None",1489,21,103,"SC≥10|Top5%"
"XDIAZINON","XSIMAZINE","NULL+Pesti2",0.249670270849889,0.134966304110209,FALSE,"None",1489,21,103,"SC≥10|Top5%"
"XDIAZINON","XSIMAZINE","Education.index",0.304148162262016,0.0698444438024566,FALSE,"Education.index",1489,21,103,"SC≥10|Top5%"
"XDIAZINON","XSIMAZINE","Income",0.280696839529882,0.0967745953925293,FALSE,"Income",1489,21,103,"SC≥10|Top5%"
"XDIAZINON","XSIMAZINE","home_value",0.274456394934009,0.102837171428317,FALSE,"home_value",1489,21,103,"SC≥10|Top5%"
"XDIAZINON","XSIMAZINE","rent",0.291727523382183,0.0832424960938909,FALSE,"rent",1489,21,103,"SC≥10|Top5%"
"XDIAZINON","XSIMAZINE","Poverty_150",0.269908218813454,0.108227709706009,FALSE,"Poverty_150",1489,21,103,"SC≥10|Top5%"
"XDIAZINON","XSIMAZINE","Unemployed",0.257608243146993,0.123647737564546,FALSE,"Unemployed",1489,21,103,"SC≥10|Top5%"
"XDIAZINON","XSIMAZINE","Working_class",0.254555554113958,0.128338444889757,FALSE,"Working_class",1489,21,103,"SC≥10|Top5%"
"XDIAZINON","XSIMAZINE","Combined_SES",0.304148162262016,0.0698444438024566,FALSE,"Education.index",1489,21,103,"SC≥10|Top5%"
"XDIAZINON","XTEBUPIRIMPHOS","NULL",0.619377320047431,0.00695788581357065,TRUE,"None",810,14,79,"SC≥10|Top5%"
"XDIAZINON","XTEBUPIRIMPHOS","NULL+Pesti2",0.445003943406961,0.0650503537497122,FALSE,"None",810,14,79,"SC≥10|Top5%"
"XDIAZINON","XTEBUPIRIMPHOS","Education.index",0.509465762590045,0.0358462131077205,TRUE,"Education.index",810,14,79,"SC≥10|Top5%"
"XDIAZINON","XTEBUPIRIMPHOS","Income",0.493150389874864,0.0434597728764034,TRUE,"Income",810,14,79,"SC≥10|Top5%"
"XDIAZINON","XTEBUPIRIMPHOS","home_value",0.483613922194353,0.047053747249759,TRUE,"home_value",810,14,79,"SC≥10|Top5%"
"XDIAZINON","XTEBUPIRIMPHOS","rent",0.503795384525615,0.038531557887994,TRUE,"rent",810,14,79,"SC≥10|Top5%"
"XDIAZINON","XTEBUPIRIMPHOS","Poverty_150",0.480715815971967,0.0475378695613336,TRUE,"Poverty_150",810,14,79,"SC≥10|Top5%"
"XDIAZINON","XTEBUPIRIMPHOS","Unemployed",0.472066942405467,0.0506304427556701,FALSE,"Unemployed",810,14,79,"SC≥10|Top5%"
"XDIAZINON","XTEBUPIRIMPHOS","Working_class",0.449742850064764,0.0629107323180668,FALSE,"Working_class",810,14,79,"SC≥10|Top5%"
"XDIAZINON","XTEBUPIRIMPHOS","Combined_SES",0.509465762590045,0.0358462131077205,TRUE,"Education.index",810,14,79,"SC≥10|Top5%"
"XESFENVALERATE","XACETOCHLOR","NULL",0.556321730946498,0.00023655956010091,TRUE,"None",1463,19,98,"SC≥10|Top5%"
"XESFENVALERATE","XACETOCHLOR","NULL+Pesti2",0.376676778970182,0.0808216288935103,FALSE,"None",1463,19,98,"SC≥10|Top5%"
"XESFENVALERATE","XACETOCHLOR","Education.index",0.380977123321062,0.0759410313694682,FALSE,"Education.index",1463,19,98,"SC≥10|Top5%"
"XESFENVALERATE","XACETOCHLOR","Income",0.387894277590742,0.0781930598913515,FALSE,"Income",1463,19,98,"SC≥10|Top5%"
"XESFENVALERATE","XACETOCHLOR","home_value",0.386358852324564,0.0749687095720653,FALSE,"home_value",1463,19,98,"SC≥10|Top5%"
"XESFENVALERATE","XACETOCHLOR","rent",0.430848430022272,0.0495219960538999,TRUE,"rent",1463,19,98,"SC≥10|Top5%"
"XESFENVALERATE","XACETOCHLOR","Poverty_150",0.373969250932108,0.0853360364937989,FALSE,"Poverty_150",1463,19,98,"SC≥10|Top5%"
"XESFENVALERATE","XACETOCHLOR","Unemployed",0.369964227236028,0.086289214837403,FALSE,"Unemployed",1463,19,98,"SC≥10|Top5%"
"XESFENVALERATE","XACETOCHLOR","Working_class",0.403665816541323,0.0647809360613359,FALSE,"Working_class",1463,19,98,"SC≥10|Top5%"
"XESFENVALERATE","XATRAZINE","NULL",0.447530693605014,0.000311961977715076,TRUE,"None",1931,21,99,"SC≥10|Top5%"
"XESFENVALERATE","XATRAZINE","NULL+Pesti2",0.239312585820384,0.194560560689794,FALSE,"None",1931,21,99,"SC≥10|Top5%"
"XESFENVALERATE","XATRAZINE","Education.index",0.260987538680995,0.151970531169689,FALSE,"Education.index",1931,21,99,"SC≥10|Top5%"
"XESFENVALERATE","XATRAZINE","Income",0.284420838741824,0.130687215320175,FALSE,"Income",1931,21,99,"SC≥10|Top5%"
"XESFENVALERATE","XATRAZINE","home_value",0.276519744646326,0.137872050075431,FALSE,"home_value",1931,21,99,"SC≥10|Top5%"
"XESFENVALERATE","XATRAZINE","rent",0.312820714500223,0.0940710261965823,FALSE,"rent",1931,21,99,"SC≥10|Top5%"
"XESFENVALERATE","XATRAZINE","Poverty_150",0.254628669742603,0.169586668764283,FALSE,"Poverty_150",1931,21,99,"SC≥10|Top5%"
"XESFENVALERATE","XATRAZINE","Unemployed",0.244243289172336,0.184646266703355,FALSE,"Unemployed",1931,21,99,"SC≥10|Top5%"
"XESFENVALERATE","XATRAZINE","Working_class",0.258243380683821,0.16428676565299,FALSE,"Working_class",1931,21,99,"SC≥10|Top5%"
"XESFENVALERATE","XATRAZINE","Combined_SES",0.275978287420059,0.139655218442916,FALSE,"Education.index, rent",1931,21,99,"SC≥10|Top5%"
"XESFENVALERATE","XDIAZINON","NULL",0.415189585441139,0.00191646979132545,TRUE,"None",1698,21,100,"SC≥10|Top5%"
"XESFENVALERATE","XDIAZINON","NULL+Pesti2",0.369779242224784,0.00982668230857991,TRUE,"None",1698,21,100,"SC≥10|Top5%"
"XESFENVALERATE","XDIAZINON","Education.index",0.304098262032643,0.0305820607069476,TRUE,"Education.index",1698,21,100,"SC≥10|Top5%"
"XESFENVALERATE","XDIAZINON","Income",0.384610925359397,0.00688516478577235,TRUE,"Income",1698,21,100,"SC≥10|Top5%"
"XESFENVALERATE","XDIAZINON","home_value",0.319969910876474,0.0266226836811049,TRUE,"home_value",1698,21,100,"SC≥10|Top5%"
"XESFENVALERATE","XDIAZINON","rent",0.306175088814792,0.032120960753742,TRUE,"rent",1698,21,100,"SC≥10|Top5%"
"XESFENVALERATE","XDIAZINON","Poverty_150",0.385616093747676,0.00975009478999622,TRUE,"Poverty_150",1698,21,100,"SC≥10|Top5%"
"XESFENVALERATE","XDIAZINON","Unemployed",0.374559268197831,0.0148488196672132,TRUE,"Unemployed",1698,21,100,"SC≥10|Top5%"
"XESFENVALERATE","XDIAZINON","Working_class",0.350178128457683,0.0150419735753483,TRUE,"Working_class",1698,21,100,"SC≥10|Top5%"
"XESFENVALERATE","XDIAZINON","Combined_SES",0.286106431285226,0.0433618782496627,TRUE,"Education.index, rent",1698,21,100,"SC≥10|Top5%"
"XESFENVALERATE","XFENBUCONAZOLE","NULL",0.0917778878983143,0.623352500838165,FALSE,"None",405,18,29,"SC≥10|Top5%"
"XESFENVALERATE","XFENBUCONAZOLE","NULL+Pesti2",-0.0461471752547824,0.810913254849134,FALSE,"None",405,18,29,"SC≥10|Top5%"
"XESFENVALERATE","XFENBUCONAZOLE","Education.index",-0.0140698611422948,0.936737371304355,FALSE,"Education.index",405,18,29,"SC≥10|Top5%"
"XESFENVALERATE","XFENBUCONAZOLE","Income",-0.0927746136775209,0.610336969899316,FALSE,"Income",405,18,29,"SC≥10|Top5%"
"XESFENVALERATE","XFENBUCONAZOLE","home_value",-0.0662246109677882,0.720715200384793,FALSE,"home_value",405,18,29,"SC≥10|Top5%"
"XESFENVALERATE","XFENBUCONAZOLE","rent",-0.0627730914604173,0.737369465469194,FALSE,"rent",405,18,29,"SC≥10|Top5%"
"XESFENVALERATE","XFENBUCONAZOLE","Poverty_150",-0.113578059816141,0.520482715704801,FALSE,"Poverty_150",405,18,29,"SC≥10|Top5%"
"XESFENVALERATE","XFENBUCONAZOLE","Unemployed",-0.0927266586447423,0.626712891590838,FALSE,"Unemployed",405,18,29,"SC≥10|Top5%"
"XESFENVALERATE","XFENBUCONAZOLE","Working_class",-0.0387331638660776,0.834689507421213,FALSE,"Working_class",405,18,29,"SC≥10|Top5%"
"XESFENVALERATE","XFENBUCONAZOLE","Combined_SES",-0.0755971941107101,0.675644352887454,FALSE,"Education.index, Poverty_150",405,18,29,"SC≥10|Top5%"
"XESFENVALERATE","XFLUMIOXAZIN","NULL",0.523321271377104,0.04884522572851,TRUE,"None",703,12,92,"SC≥10|Top5%"
"XESFENVALERATE","XFLUMIOXAZIN","NULL+Pesti2",0.0727166628415185,0.846285145909992,FALSE,"None",703,12,92,"SC≥10|Top5%"
"XESFENVALERATE","XFLUMIOXAZIN","Education.index",0.116606455029646,0.756142910972561,FALSE,"Education.index",703,12,92,"SC≥10|Top5%"
"XESFENVALERATE","XFLUMIOXAZIN","Income",0.0977102945585884,0.795130878330146,FALSE,"Income",703,12,92,"SC≥10|Top5%"
"XESFENVALERATE","XFLUMIOXAZIN","home_value",0.0657868908306627,0.860992129358558,FALSE,"home_value",703,12,92,"SC≥10|Top5%"
"XESFENVALERATE","XFLUMIOXAZIN","rent",0.0575951105024224,0.877994353886289,FALSE,"rent",703,12,92,"SC≥10|Top5%"
"XESFENVALERATE","XFLUMIOXAZIN","Poverty_150",0.0947988773490101,0.800788959536768,FALSE,"Poverty_150",703,12,92,"SC≥10|Top5%"
"XESFENVALERATE","XFLUMIOXAZIN","Unemployed",0.165823664585663,0.661207309393018,FALSE,"Unemployed",703,12,92,"SC≥10|Top5%"
"XESFENVALERATE","XFLUMIOXAZIN","Working_class",0.050406387052986,0.893288834771482,FALSE,"Working_class",703,12,92,"SC≥10|Top5%"
"XESFENVALERATE","XGLYPHOSATE","NULL",0.445085019274502,0.000295946305952609,TRUE,"None",1961,21,100,"SC≥10|Top5%"
"XESFENVALERATE","XGLYPHOSATE","NULL+Pesti2",0.156772784526079,0.353300233361214,FALSE,"None",1961,21,100,"SC≥10|Top5%"
"XESFENVALERATE","XGLYPHOSATE","Education.index",0.152231714596336,0.359112826742763,FALSE,"Education.index",1961,21,100,"SC≥10|Top5%"
"XESFENVALERATE","XGLYPHOSATE","Income",0.197127032499143,0.257422072144608,FALSE,"Income",1961,21,100,"SC≥10|Top5%"
"XESFENVALERATE","XGLYPHOSATE","home_value",0.177071665082018,0.301118845961389,FALSE,"home_value",1961,21,100,"SC≥10|Top5%"
"XESFENVALERATE","XGLYPHOSATE","rent",0.216281112205649,0.210673354919769,FALSE,"rent",1961,21,100,"SC≥10|Top5%"
"XESFENVALERATE","XGLYPHOSATE","Poverty_150",0.183830450098071,0.28497677664756,FALSE,"Poverty_150",1961,21,100,"SC≥10|Top5%"
"XESFENVALERATE","XGLYPHOSATE","Unemployed",0.181012688392332,0.283817906653292,FALSE,"Unemployed",1961,21,100,"SC≥10|Top5%"
"XESFENVALERATE","XGLYPHOSATE","Working_class",0.171930979348423,0.315026248930279,FALSE,"Working_class",1961,21,100,"SC≥10|Top5%"
"XESFENVALERATE","XGLYPHOSATE","Combined_SES",0.152231714596336,0.359112826742763,FALSE,"Education.index",1961,21,100,"SC≥10|Top5%"
"XESFENVALERATE","XIMIDACLOPRID","NULL",0.400890991172451,0.00527772435466006,TRUE,"None",1438,19,100,"SC≥10|Top5%"
"XESFENVALERATE","XIMIDACLOPRID","NULL+Pesti2",0.530524181852595,0.00280905495027819,TRUE,"None",1438,19,100,"SC≥10|Top5%"
"XESFENVALERATE","XIMIDACLOPRID","Education.index",0.520758745587048,0.00258909249314785,TRUE,"Education.index",1438,19,100,"SC≥10|Top5%"
"XESFENVALERATE","XIMIDACLOPRID","Income",0.568515834575499,0.00140800716375066,TRUE,"Income",1438,19,100,"SC≥10|Top5%"
"XESFENVALERATE","XIMIDACLOPRID","home_value",0.510132316879805,0.00403420503008282,TRUE,"home_value",1438,19,100,"SC≥10|Top5%"
"XESFENVALERATE","XIMIDACLOPRID","rent",0.498714096069087,0.00468209907435112,TRUE,"rent",1438,19,100,"SC≥10|Top5%"
"XESFENVALERATE","XIMIDACLOPRID","Poverty_150",0.589694672260824,0.00157901885552709,TRUE,"Poverty_150",1438,19,100,"SC≥10|Top5%"
"XESFENVALERATE","XIMIDACLOPRID","Unemployed",0.575296050154233,0.00203659974930697,TRUE,"Unemployed",1438,19,100,"SC≥10|Top5%"
"XESFENVALERATE","XIMIDACLOPRID","Working_class",0.508345600384876,0.00433466079418014,TRUE,"Working_class",1438,19,100,"SC≥10|Top5%"
"XESFENVALERATE","XIMIDACLOPRID","Combined_SES",0.509062637399244,0.00343368126887452,TRUE,"Education.index, rent",1438,19,100,"SC≥10|Top5%"
"XESFENVALERATE","XNICOSULFURON","NULL",0.572387426689823,5.48525122990848e-05,TRUE,"None",1680,21,98,"SC≥10|Top5%"
"XESFENVALERATE","XNICOSULFURON","NULL+Pesti2",0.234844082347792,0.228955331007436,FALSE,"None",1680,21,98,"SC≥10|Top5%"
"XESFENVALERATE","XNICOSULFURON","Education.index",0.213204402250134,0.27117895251931,FALSE,"Education.index",1680,21,98,"SC≥10|Top5%"
"XESFENVALERATE","XNICOSULFURON","Income",0.251740086508286,0.204001307510917,FALSE,"Income",1680,21,98,"SC≥10|Top5%"
"XESFENVALERATE","XNICOSULFURON","home_value",0.247296305955583,0.20670444941753,FALSE,"home_value",1680,21,98,"SC≥10|Top5%"
"XESFENVALERATE","XNICOSULFURON","rent",0.280421730212815,0.154192897980603,FALSE,"rent",1680,21,98,"SC≥10|Top5%"
"XESFENVALERATE","XNICOSULFURON","Poverty_150",0.244210019199414,0.212739066540335,FALSE,"Poverty_150",1680,21,98,"SC≥10|Top5%"
"XESFENVALERATE","XNICOSULFURON","Unemployed",0.234784597693309,0.228860782457226,FALSE,"Unemployed",1680,21,98,"SC≥10|Top5%"
"XESFENVALERATE","XNICOSULFURON","Working_class",0.242908656279025,0.216122240922889,FALSE,"Working_class",1680,21,98,"SC≥10|Top5%"
"XESFENVALERATE","XNICOSULFURON","Combined_SES",0.213204402250134,0.27117895251931,FALSE,"Education.index",1680,21,98,"SC≥10|Top5%"
"XESFENVALERATE","XPICLORAM","NULL",0.448356950497783,0.000620959233196137,TRUE,"None",1752,21,99,"SC≥10|Top5%"
"XESFENVALERATE","XPICLORAM","NULL+Pesti2",0.4182391292717,0.00217762574176463,TRUE,"None",1752,21,99,"SC≥10|Top5%"
"XESFENVALERATE","XPICLORAM","Education.index",0.400842172810635,0.00230323096033,TRUE,"Education.index",1752,21,99,"SC≥10|Top5%"
"XESFENVALERATE","XPICLORAM","Income",0.466947873272981,0.000658851611481135,TRUE,"Income",1752,21,99,"SC≥10|Top5%"
"XESFENVALERATE","XPICLORAM","home_value",0.382531522745678,0.00484702686778005,TRUE,"home_value",1752,21,99,"SC≥10|Top5%"
"XESFENVALERATE","XPICLORAM","rent",0.373371714872204,0.00513936035574344,TRUE,"rent",1752,21,99,"SC≥10|Top5%"
"XESFENVALERATE","XPICLORAM","Poverty_150",0.448290042347865,0.00244182682069678,TRUE,"Poverty_150",1752,21,99,"SC≥10|Top5%"
"XESFENVALERATE","XPICLORAM","Unemployed",0.456726615865436,0.0022482921181853,TRUE,"Unemployed",1752,21,99,"SC≥10|Top5%"
"XESFENVALERATE","XPICLORAM","Working_class",0.394057364098556,0.00400404266077517,TRUE,"Working_class",1752,21,99,"SC≥10|Top5%"
"XESFENVALERATE","XPICLORAM","Combined_SES",0.382024794028433,0.00389214457607958,TRUE,"Education.index, rent",1752,21,99,"SC≥10|Top5%"
"XESFENVALERATE","XPROPARGITE","NULL",0.207978122019539,0.131247630428068,FALSE,"None",1020,21,92,"SC≥10|Top5%"
"XESFENVALERATE","XPROPARGITE","NULL+Pesti2",0.236867699769508,0.0764738945680077,FALSE,"None",1020,21,92,"SC≥10|Top5%"
"XESFENVALERATE","XPROPARGITE","Education.index",0.22408700770066,0.0871923043325716,FALSE,"Education.index",1020,21,92,"SC≥10|Top5%"
"XESFENVALERATE","XPROPARGITE","Income",0.252563250421978,0.0672525947911108,FALSE,"Income",1020,21,92,"SC≥10|Top5%"
"XESFENVALERATE","XPROPARGITE","home_value",0.238608041635449,0.0760787765711524,FALSE,"home_value",1020,21,92,"SC≥10|Top5%"
"XESFENVALERATE","XPROPARGITE","rent",0.246826830092237,0.0670699023766544,FALSE,"rent",1020,21,92,"SC≥10|Top5%"
"XESFENVALERATE","XPROPARGITE","Poverty_150",0.273131698448431,0.0549541963530555,FALSE,"Poverty_150",1020,21,92,"SC≥10|Top5%"
"XESFENVALERATE","XPROPARGITE","Unemployed",0.30372795641161,0.029470932472274,TRUE,"Unemployed",1020,21,92,"SC≥10|Top5%"
"XESFENVALERATE","XPROPARGITE","Working_class",0.236555553579066,0.0784674644100786,FALSE,"Working_class",1020,21,92,"SC≥10|Top5%"
"XESFENVALERATE","XSIMAZINE","NULL",0.58202775056524,3.64489063290528e-05,TRUE,"None",1719,21,100,"SC≥10|Top5%"
"XESFENVALERATE","XSIMAZINE","NULL+Pesti2",0.334264445839226,0.0844522706963204,FALSE,"None",1719,21,100,"SC≥10|Top5%"
"XESFENVALERATE","XSIMAZINE","Education.index",0.232393497444432,0.22992983941803,FALSE,"Education.index",1719,21,100,"SC≥10|Top5%"
"XESFENVALERATE","XSIMAZINE","Income",0.329744981001921,0.0885942320895651,FALSE,"Income",1719,21,100,"SC≥10|Top5%"
"XESFENVALERATE","XSIMAZINE","home_value",0.321396358063125,0.0983510370360011,FALSE,"home_value",1719,21,100,"SC≥10|Top5%"
"XESFENVALERATE","XSIMAZINE","rent",0.312928927832664,0.105494264670702,FALSE,"rent",1719,21,100,"SC≥10|Top5%"
"XESFENVALERATE","XSIMAZINE","Poverty_150",0.32416221579666,0.096192067774286,FALSE,"Poverty_150",1719,21,100,"SC≥10|Top5%"
"XESFENVALERATE","XSIMAZINE","Unemployed",0.334927936883494,0.0837573754505206,FALSE,"Unemployed",1719,21,100,"SC≥10|Top5%"
"XESFENVALERATE","XSIMAZINE","Working_class",0.3277734387198,0.0908703561690514,FALSE,"Working_class",1719,21,100,"SC≥10|Top5%"
"XESFENVALERATE","XSIMAZINE","Combined_SES",0.232393497444432,0.22992983941803,FALSE,"Education.index",1719,21,100,"SC≥10|Top5%"
"XESFENVALERATE","XTEBUPIRIMPHOS","NULL",0.794183771107792,9.63314460545284e-05,TRUE,"None",995,17,78,"SC≥10|Top5%"
"XESFENVALERATE","XTEBUPIRIMPHOS","NULL+Pesti2",0.693384197983665,0.0122209627251774,TRUE,"None",995,17,78,"SC≥10|Top5%"
"XESFENVALERATE","XTEBUPIRIMPHOS","Education.index",0.705809888487881,0.0102636806959368,TRUE,"Education.index",995,17,78,"SC≥10|Top5%"
"XESFENVALERATE","XTEBUPIRIMPHOS","Income",0.853896528658342,0.00308837309327336,TRUE,"Income",995,17,78,"SC≥10|Top5%"
"XESFENVALERATE","XTEBUPIRIMPHOS","home_value",0.685478819020349,0.0130888237417016,TRUE,"home_value",995,17,78,"SC≥10|Top5%"
"XESFENVALERATE","XTEBUPIRIMPHOS","rent",0.819864441545854,0.0031570647349654,TRUE,"rent",995,17,78,"SC≥10|Top5%"
"XESFENVALERATE","XTEBUPIRIMPHOS","Poverty_150",0.729954494547526,0.00888196876685127,TRUE,"Poverty_150",995,17,78,"SC≥10|Top5%"
"XESFENVALERATE","XTEBUPIRIMPHOS","Unemployed",0.704549193691654,0.0109492605519308,TRUE,"Unemployed",995,17,78,"SC≥10|Top5%"
"XESFENVALERATE","XTEBUPIRIMPHOS","Working_class",0.697958707433069,0.0116890275608339,TRUE,"Working_class",995,17,78,"SC≥10|Top5%"
"XESFENVALERATE","XTEBUPIRIMPHOS","Combined_SES",0.800849970514964,0.00435531162990637,TRUE,"Education.index, rent",995,17,78,"SC≥10|Top5%"
"XFENBUCONAZOLE","XACETOCHLOR","NULL",0.817953400444506,0.00134644196438246,TRUE,"None",270,18,24,"SC≥10|Top5%"
"XFENBUCONAZOLE","XACETOCHLOR","NULL+Pesti2",0.887417115346615,0.000913556503131814,TRUE,"None",270,18,24,"SC≥10|Top5%"
"XFENBUCONAZOLE","XACETOCHLOR","Education.index",0.894683735358873,0.000458520309746926,TRUE,"Education.index",270,18,24,"SC≥10|Top5%"
"XFENBUCONAZOLE","XACETOCHLOR","Income",0.722063240692263,0.0032796812899467,TRUE,"Income",270,18,24,"SC≥10|Top5%"
"XFENBUCONAZOLE","XACETOCHLOR","home_value",0.808779513831619,0.00121064698315454,TRUE,"home_value",270,18,24,"SC≥10|Top5%"
"XFENBUCONAZOLE","XACETOCHLOR","rent",0.832619781061185,0.00135199717782097,TRUE,"rent",270,18,24,"SC≥10|Top5%"
"XFENBUCONAZOLE","XACETOCHLOR","Poverty_150",0.711646366946557,0.00167796846941198,TRUE,"Poverty_150",270,18,24,"SC≥10|Top5%"
"XFENBUCONAZOLE","XACETOCHLOR","Unemployed",0.888933941289469,0.000961595307908893,TRUE,"Unemployed",270,18,24,"SC≥10|Top5%"
"XFENBUCONAZOLE","XACETOCHLOR","Working_class",0.838369597396263,0.00225377198214317,TRUE,"Working_class",270,18,24,"SC≥10|Top5%"
"XFENBUCONAZOLE","XACETOCHLOR","Combined_SES",0.81435218575456,0.000737277551168519,TRUE,"Education.index, Income, Poverty_150",270,18,24,"SC≥10|Top5%"
"XFENBUCONAZOLE","XATRAZINE","NULL",0.524075057209766,0.0137888418763351,TRUE,"None",359,18,24,"SC≥10|Top5%"
"XFENBUCONAZOLE","XATRAZINE","NULL+Pesti2",0.528874790621788,0.0132588239287362,TRUE,"None",359,18,24,"SC≥10|Top5%"
"XFENBUCONAZOLE","XATRAZINE","Education.index",0.623756192315419,0.00234786632134939,TRUE,"Education.index",359,18,24,"SC≥10|Top5%"
"XFENBUCONAZOLE","XATRAZINE","Income",0.447553389492954,0.026890728067266,TRUE,"Income",359,18,24,"SC≥10|Top5%"
"XFENBUCONAZOLE","XATRAZINE","home_value",0.518706729289333,0.0110953575692368,TRUE,"home_value",359,18,24,"SC≥10|Top5%"
"XFENBUCONAZOLE","XATRAZINE","rent",0.515676665729108,0.0131383097092738,TRUE,"rent",359,18,24,"SC≥10|Top5%"
"XFENBUCONAZOLE","XATRAZINE","Poverty_150",0.436628967137853,0.0120884643581799,TRUE,"Poverty_150",359,18,24,"SC≥10|Top5%"
"XFENBUCONAZOLE","XATRAZINE","Unemployed",0.521704209872645,0.0140103409292268,TRUE,"Unemployed",359,18,24,"SC≥10|Top5%"
"XFENBUCONAZOLE","XATRAZINE","Working_class",0.462965452467686,0.0299540550903002,TRUE,"Working_class",359,18,24,"SC≥10|Top5%"
"XFENBUCONAZOLE","XATRAZINE","Combined_SES",0.523537161628486,0.00909962552615738,TRUE,"Education.index, Poverty_150",359,18,24,"SC≥10|Top5%"
"XFENBUCONAZOLE","XDIAZINON","NULL",0.443427372061595,0.0383286351378915,TRUE,"None",330,18,24,"SC≥10|Top5%"
"XFENBUCONAZOLE","XDIAZINON","NULL+Pesti2",0.483943448505422,0.0219513021560888,TRUE,"None",330,18,24,"SC≥10|Top5%"
"XFENBUCONAZOLE","XDIAZINON","Education.index",0.599830553168269,0.00399420680689555,TRUE,"Education.index",330,18,24,"SC≥10|Top5%"
"XFENBUCONAZOLE","XDIAZINON","Income",0.43060959086253,0.0386777808862094,TRUE,"Income",330,18,24,"SC≥10|Top5%"
"XFENBUCONAZOLE","XDIAZINON","home_value",0.486957060836992,0.0198816990082156,TRUE,"home_value",330,18,24,"SC≥10|Top5%"
"XFENBUCONAZOLE","XDIAZINON","rent",0.481817368113158,0.0204076643356963,TRUE,"rent",330,18,24,"SC≥10|Top5%"
"XFENBUCONAZOLE","XDIAZINON","Poverty_150",0.418473623793552,0.0302539545969329,TRUE,"Poverty_150",330,18,24,"SC≥10|Top5%"
"XFENBUCONAZOLE","XDIAZINON","Unemployed",0.487212359831149,0.0224686332092693,TRUE,"Unemployed",330,18,24,"SC≥10|Top5%"
"XFENBUCONAZOLE","XDIAZINON","Working_class",0.428105124797878,0.0436791558457535,TRUE,"Working_class",330,18,24,"SC≥10|Top5%"
"XFENBUCONAZOLE","XDIAZINON","Combined_SES",0.539476599834611,0.0123220192911344,TRUE,"Education.index, Poverty_150",330,18,24,"SC≥10|Top5%"
"XFENBUCONAZOLE","XESFENVALERATE","NULL",0.502097386195829,0.0175567756890396,TRUE,"None",358,18,24,"SC≥10|Top5%"
"XFENBUCONAZOLE","XESFENVALERATE","NULL+Pesti2",0.498070708072243,0.0202231191686628,TRUE,"None",358,18,24,"SC≥10|Top5%"
"XFENBUCONAZOLE","XESFENVALERATE","Education.index",0.594231494372053,0.00372119084111234,TRUE,"Education.index",358,18,24,"SC≥10|Top5%"
"XFENBUCONAZOLE","XESFENVALERATE","Income",0.424688784851954,0.0369292551430229,TRUE,"Income",358,18,24,"SC≥10|Top5%"
"XFENBUCONAZOLE","XESFENVALERATE","home_value",0.493658093237765,0.0161964069286103,TRUE,"home_value",358,18,24,"SC≥10|Top5%"
"XFENBUCONAZOLE","XESFENVALERATE","rent",0.486714672304772,0.0197241524609818,TRUE,"rent",358,18,24,"SC≥10|Top5%"
"XFENBUCONAZOLE","XESFENVALERATE","Poverty_150",0.414616320482429,0.0180232162138905,TRUE,"Poverty_150",358,18,24,"SC≥10|Top5%"
"XFENBUCONAZOLE","XESFENVALERATE","Unemployed",0.49528285934232,0.0208483009794747,TRUE,"Unemployed",358,18,24,"SC≥10|Top5%"
"XFENBUCONAZOLE","XESFENVALERATE","Working_class",0.433327704265182,0.0423662935554677,TRUE,"Working_class",358,18,24,"SC≥10|Top5%"
"XFENBUCONAZOLE","XESFENVALERATE","Combined_SES",0.51224170846485,0.0109473802999616,TRUE,"Education.index, Poverty_150",358,18,24,"SC≥10|Top5%"
"XFENBUCONAZOLE","XFLUMIOXAZIN","NULL",0.858236837308695,0.0205377072197074,TRUE,"None",115,11,24,"SC≥10|Top5%"
"XFENBUCONAZOLE","XFLUMIOXAZIN","NULL+Pesti2",0.856088839133518,0.0294014113149654,TRUE,"None",115,11,24,"SC≥10|Top5%"
"XFENBUCONAZOLE","XFLUMIOXAZIN","Education.index",0.793165688346354,0.0248683915409417,TRUE,"Education.index",115,11,24,"SC≥10|Top5%"
"XFENBUCONAZOLE","XFLUMIOXAZIN","Income",0.726739472185153,0.066021751245282,FALSE,"Income",115,11,24,"SC≥10|Top5%"
"XFENBUCONAZOLE","XFLUMIOXAZIN","home_value",0.785725713094659,0.0367315130079418,TRUE,"home_value",115,11,24,"SC≥10|Top5%"
"XFENBUCONAZOLE","XFLUMIOXAZIN","rent",0.768283789429804,0.043202621724201,TRUE,"rent",115,11,24,"SC≥10|Top5%"
"XFENBUCONAZOLE","XFLUMIOXAZIN","Poverty_150",0.611882399941105,0.104910620152654,FALSE,"Poverty_150",115,11,24,"SC≥10|Top5%"
"XFENBUCONAZOLE","XFLUMIOXAZIN","Unemployed",0.816677766529298,0.0354437245536523,TRUE,"Unemployed",115,11,24,"SC≥10|Top5%"
"XFENBUCONAZOLE","XFLUMIOXAZIN","Working_class",0.707424415765748,0.0791581907528727,FALSE,"Working_class",115,11,24,"SC≥10|Top5%"
"XFENBUCONAZOLE","XFLUMIOXAZIN","Combined_SES",0.767362885302133,0.0267655349051309,TRUE,"Education.index, Unemployed",115,11,24,"SC≥10|Top5%"
"XFENBUCONAZOLE","XGLYPHOSATE","NULL",0.524075057209766,0.0137888418763351,TRUE,"None",359,18,24,"SC≥10|Top5%"
"XFENBUCONAZOLE","XGLYPHOSATE","NULL+Pesti2",0.536331175801288,0.012170578095177,TRUE,"None",359,18,24,"SC≥10|Top5%"
"XFENBUCONAZOLE","XGLYPHOSATE","Education.index",0.627419554471988,0.00232488303304676,TRUE,"Education.index",359,18,24,"SC≥10|Top5%"
"XFENBUCONAZOLE","XGLYPHOSATE","Income",0.45903247130609,0.0246945450996109,TRUE,"Income",359,18,24,"SC≥10|Top5%"
"XFENBUCONAZOLE","XGLYPHOSATE","home_value",0.527012453520661,0.010340810713426,TRUE,"home_value",359,18,24,"SC≥10|Top5%"
"XFENBUCONAZOLE","XGLYPHOSATE","rent",0.52455917090336,0.0122056674936844,TRUE,"rent",359,18,24,"SC≥10|Top5%"
"XFENBUCONAZOLE","XGLYPHOSATE","Poverty_150",0.433356958125813,0.0126654601860549,TRUE,"Poverty_150",359,18,24,"SC≥10|Top5%"
"XFENBUCONAZOLE","XGLYPHOSATE","Unemployed",0.528701056512048,0.0129131675657715,TRUE,"Unemployed",359,18,24,"SC≥10|Top5%"
"XFENBUCONAZOLE","XGLYPHOSATE","Working_class",0.476040240915564,0.0268455517859201,TRUE,"Working_class",359,18,24,"SC≥10|Top5%"
"XFENBUCONAZOLE","XGLYPHOSATE","Combined_SES",0.532196613388503,0.00852643866958091,TRUE,"Education.index, Poverty_150",359,18,24,"SC≥10|Top5%"
"XFENBUCONAZOLE","XIMIDACLOPRID","NULL",0.522419773698258,0.0152056151404367,TRUE,"None",352,18,24,"SC≥10|Top5%"
"XFENBUCONAZOLE","XIMIDACLOPRID","NULL+Pesti2",0.546711634500479,0.0131530642967917,TRUE,"None",352,18,24,"SC≥10|Top5%"
"XFENBUCONAZOLE","XIMIDACLOPRID","Education.index",0.63800843961641,0.00235376294353605,TRUE,"Education.index",352,18,24,"SC≥10|Top5%"
"XFENBUCONAZOLE","XIMIDACLOPRID","Income",0.462007609167095,0.0272815488886591,TRUE,"Income",352,18,24,"SC≥10|Top5%"
"XFENBUCONAZOLE","XIMIDACLOPRID","home_value",0.534151592115583,0.0112423192229807,TRUE,"home_value",352,18,24,"SC≥10|Top5%"
"XFENBUCONAZOLE","XIMIDACLOPRID","rent",0.529984808256792,0.0133678283385571,TRUE,"rent",352,18,24,"SC≥10|Top5%"
"XFENBUCONAZOLE","XIMIDACLOPRID","Poverty_150",0.456424797809364,0.0119881055306056,TRUE,"Poverty_150",352,18,24,"SC≥10|Top5%"
"XFENBUCONAZOLE","XIMIDACLOPRID","Unemployed",0.543343774273703,0.0132481995362911,TRUE,"Unemployed",352,18,24,"SC≥10|Top5%"
"XFENBUCONAZOLE","XIMIDACLOPRID","Working_class",0.47067652315248,0.0328629400699701,TRUE,"Working_class",352,18,24,"SC≥10|Top5%"
"XFENBUCONAZOLE","XIMIDACLOPRID","Combined_SES",0.5466196763804,0.00508337187443508,TRUE,"Education.index, Poverty_150",352,18,24,"SC≥10|Top5%"
"XFENBUCONAZOLE","XNICOSULFURON","NULL",0.637288976699503,0.00435669362437561,TRUE,"None",296,18,24,"SC≥10|Top5%"
"XFENBUCONAZOLE","XNICOSULFURON","NULL+Pesti2",0.665423410026254,0.00229892270508668,TRUE,"None",296,18,24,"SC≥10|Top5%"
"XFENBUCONAZOLE","XNICOSULFURON","Education.index",0.762467646143732,0.000334140517039732,TRUE,"Education.index",296,18,24,"SC≥10|Top5%"
"XFENBUCONAZOLE","XNICOSULFURON","Income",0.555888832775165,0.00316321523138558,TRUE,"Income",296,18,24,"SC≥10|Top5%"
"XFENBUCONAZOLE","XNICOSULFURON","home_value",0.65433184943979,0.00128407276036584,TRUE,"home_value",296,18,24,"SC≥10|Top5%"
"XFENBUCONAZOLE","XNICOSULFURON","rent",0.639116061823328,0.00200536841557092,TRUE,"rent",296,18,24,"SC≥10|Top5%"
"XFENBUCONAZOLE","XNICOSULFURON","Poverty_150",0.591142837924446,0.00137222642291041,TRUE,"Poverty_150",296,18,24,"SC≥10|Top5%"
"XFENBUCONAZOLE","XNICOSULFURON","Unemployed",0.661803652242939,0.00244379576852096,TRUE,"Unemployed",296,18,24,"SC≥10|Top5%"
"XFENBUCONAZOLE","XNICOSULFURON","Working_class",0.581520486516646,0.00664827049813521,TRUE,"Working_class",296,18,24,"SC≥10|Top5%"
"XFENBUCONAZOLE","XNICOSULFURON","Combined_SES",0.81006873965321,0.000378275622579015,TRUE,"Education.index, Income, home_value, Poverty_150",296,18,24,"SC≥10|Top5%"
"XFENBUCONAZOLE","XPICLORAM","NULL",0.282563532621071,0.365540006115163,FALSE,"None",230,18,16,"SC≥10|Top5%"
"XFENBUCONAZOLE","XPICLORAM","NULL+Pesti2",0.453391716063202,0.193252613475959,FALSE,"None",230,18,16,"SC≥10|Top5%"
"XFENBUCONAZOLE","XPICLORAM","Education.index",0.644343541649018,0.044681135665806,TRUE,"Education.index",230,18,16,"SC≥10|Top5%"
"XFENBUCONAZOLE","XPICLORAM","Income",0.503312155238903,0.14243542242837,FALSE,"Income",230,18,16,"SC≥10|Top5%"
"XFENBUCONAZOLE","XPICLORAM","home_value",0.59876342792637,0.080572070381746,FALSE,"home_value",230,18,16,"SC≥10|Top5%"
"XFENBUCONAZOLE","XPICLORAM","rent",0.511529249456167,0.128346162570069,FALSE,"rent",230,18,16,"SC≥10|Top5%"
"XFENBUCONAZOLE","XPICLORAM","Poverty_150",0.556861772794946,0.0863662027788047,FALSE,"Poverty_150",230,18,16,"SC≥10|Top5%"
"XFENBUCONAZOLE","XPICLORAM","Unemployed",0.462116959890096,0.203321858322368,FALSE,"Unemployed",230,18,16,"SC≥10|Top5%"
"XFENBUCONAZOLE","XPICLORAM","Working_class",0.397504650221391,0.227947072775022,FALSE,"Working_class",230,18,16,"SC≥10|Top5%"
"XFENBUCONAZOLE","XPICLORAM","Combined_SES",0.634317766354441,0.0517561130413472,FALSE,"Education.index, home_value, Poverty_150",230,18,16,"SC≥10|Top5%"
"XFENBUCONAZOLE","XPROPARGITE","NULL",0.214270061056419,0.475590607636658,FALSE,"None",200,18,24,"SC≥10|Top5%"
"XFENBUCONAZOLE","XPROPARGITE","NULL+Pesti2",0.383343173774304,0.154699125250307,FALSE,"None",200,18,24,"SC≥10|Top5%"
"XFENBUCONAZOLE","XPROPARGITE","Education.index",0.550962269583184,0.0713097828984026,FALSE,"Education.index",200,18,24,"SC≥10|Top5%"
"XFENBUCONAZOLE","XPROPARGITE","Income",0.392034549882123,0.161470831388706,FALSE,"Income",200,18,24,"SC≥10|Top5%"
"XFENBUCONAZOLE","XPROPARGITE","home_value",0.44465176655455,0.118202011659311,FALSE,"home_value",200,18,24,"SC≥10|Top5%"
"XFENBUCONAZOLE","XPROPARGITE","rent",0.404996253343932,0.161661400768253,FALSE,"rent",200,18,24,"SC≥10|Top5%"
"XFENBUCONAZOLE","XPROPARGITE","Poverty_150",0.408093265591911,0.156973964198188,FALSE,"Poverty_150",200,18,24,"SC≥10|Top5%"
"XFENBUCONAZOLE","XPROPARGITE","Unemployed",0.364911125924549,0.183844117075857,FALSE,"Unemployed",200,18,24,"SC≥10|Top5%"
"XFENBUCONAZOLE","XPROPARGITE","Working_class",0.39617555995358,0.146050247047508,FALSE,"Working_class",200,18,24,"SC≥10|Top5%"
"XFENBUCONAZOLE","XSIMAZINE","NULL",0.341938987963167,0.0865389091781924,FALSE,"None",289,18,24,"SC≥10|Top5%"
"XFENBUCONAZOLE","XSIMAZINE","NULL+Pesti2",0.184410445185922,0.358553915409757,FALSE,"None",289,18,24,"SC≥10|Top5%"
"XFENBUCONAZOLE","XSIMAZINE","Education.index",0.228375311565057,0.276103743510175,FALSE,"Education.index",289,18,24,"SC≥10|Top5%"
"XFENBUCONAZOLE","XSIMAZINE","Income",0.152090011042933,0.462824231924259,FALSE,"Income",289,18,24,"SC≥10|Top5%"
"XFENBUCONAZOLE","XSIMAZINE","home_value",0.180787532574836,0.376899090621846,FALSE,"home_value",289,18,24,"SC≥10|Top5%"
"XFENBUCONAZOLE","XSIMAZINE","rent",0.183670722599091,0.365988054961834,FALSE,"rent",289,18,24,"SC≥10|Top5%"
"XFENBUCONAZOLE","XSIMAZINE","Poverty_150",0.155289221765528,0.420543031055076,FALSE,"Poverty_150",289,18,24,"SC≥10|Top5%"
"XFENBUCONAZOLE","XSIMAZINE","Unemployed",0.185611278577721,0.35615061976056,FALSE,"Unemployed",289,18,24,"SC≥10|Top5%"
"XFENBUCONAZOLE","XSIMAZINE","Working_class",0.172624294746588,0.422801943305841,FALSE,"Working_class",289,18,24,"SC≥10|Top5%"
"XFENBUCONAZOLE","XTEBUPIRIMPHOS","NULL",1.47185252487964,0.0272152594451039,TRUE,"None",84,16,7,"SC≥10|Top5%"
"XFENBUCONAZOLE","XTEBUPIRIMPHOS","NULL+Pesti2",1.64454742196413,0.0265071783463861,TRUE,"None",84,16,7,"SC≥10|Top5%"
"XFENBUCONAZOLE","XTEBUPIRIMPHOS","Education.index",1.60626063169316,0.0349642971192388,TRUE,"Education.index",84,16,7,"SC≥10|Top5%"
"XFENBUCONAZOLE","XTEBUPIRIMPHOS","Income",1.55242746835195,0.0378857214966309,TRUE,"Income",84,16,7,"SC≥10|Top5%"
"XFENBUCONAZOLE","XTEBUPIRIMPHOS","home_value",1.58856949634685,0.0346522682632095,TRUE,"home_value",84,16,7,"SC≥10|Top5%"
"XFENBUCONAZOLE","XTEBUPIRIMPHOS","rent",1.50235776527827,0.0465950412028663,TRUE,"rent",84,16,7,"SC≥10|Top5%"
"XFENBUCONAZOLE","XTEBUPIRIMPHOS","Poverty_150",1.61642316451267,0.0297116537495161,TRUE,"Poverty_150",84,16,7,"SC≥10|Top5%"
"XFENBUCONAZOLE","XTEBUPIRIMPHOS","Unemployed",1.62777026609225,0.0303328267355868,TRUE,"Unemployed",84,16,7,"SC≥10|Top5%"
"XFENBUCONAZOLE","XTEBUPIRIMPHOS","Working_class",1.64275506786247,0.0274185390592682,TRUE,"Working_class",84,16,7,"SC≥10|Top5%"
"XFLUMIOXAZIN","XACETOCHLOR","NULL",1.23239413119704,0.0199390185995059,TRUE,"None",579,12,51,"SC≥10|Top5%"
"XFLUMIOXAZIN","XACETOCHLOR","NULL+Pesti2",1.20524413771567,0.049837338692369,TRUE,"None",579,12,51,"SC≥10|Top5%"
"XFLUMIOXAZIN","XACETOCHLOR","Education.index",1.25036240389728,0.0418912611395425,TRUE,"Education.index",579,12,51,"SC≥10|Top5%"
"XFLUMIOXAZIN","XACETOCHLOR","Income",1.25826813226011,0.0410105020417503,TRUE,"Income",579,12,51,"SC≥10|Top5%"
"XFLUMIOXAZIN","XACETOCHLOR","home_value",1.22696993235371,0.0462850158697269,TRUE,"home_value",579,12,51,"SC≥10|Top5%"
"XFLUMIOXAZIN","XACETOCHLOR","rent",1.25629223700092,0.0403387980753661,TRUE,"rent",579,12,51,"SC≥10|Top5%"
"XFLUMIOXAZIN","XACETOCHLOR","Poverty_150",1.37233463546509,0.0275250436785297,TRUE,"Poverty_150",579,12,51,"SC≥10|Top5%"
"XFLUMIOXAZIN","XACETOCHLOR","Unemployed",1.23896609057447,0.0440068669660533,TRUE,"Unemployed",579,12,51,"SC≥10|Top5%"
"XFLUMIOXAZIN","XACETOCHLOR","Working_class",1.21988179852643,0.0473285234811917,TRUE,"Working_class",579,12,51,"SC≥10|Top5%"
"XFLUMIOXAZIN","XATRAZINE","NULL",1.23239413119704,0.0199390185995059,TRUE,"None",579,12,51,"SC≥10|Top5%"
"XFLUMIOXAZIN","XATRAZINE","NULL+Pesti2",1.28527871889814,0.0423198339344459,TRUE,"None",579,12,51,"SC≥10|Top5%"
"XFLUMIOXAZIN","XATRAZINE","Education.index",1.29935090451264,0.0398557166673074,TRUE,"Education.index",579,12,51,"SC≥10|Top5%"
"XFLUMIOXAZIN","XATRAZINE","Income",1.29772058376807,0.0402896193683624,TRUE,"Income",579,12,51,"SC≥10|Top5%"
"XFLUMIOXAZIN","XATRAZINE","home_value",1.26870287745123,0.0453465834257405,TRUE,"home_value",579,12,51,"SC≥10|Top5%"
"XFLUMIOXAZIN","XATRAZINE","rent",1.21643250236688,0.0541319114463139,FALSE,"rent",579,12,51,"SC≥10|Top5%"
"XFLUMIOXAZIN","XATRAZINE","Poverty_150",1.45215123250298,0.0238946557204076,TRUE,"Poverty_150",579,12,51,"SC≥10|Top5%"
"XFLUMIOXAZIN","XATRAZINE","Unemployed",1.36834036980372,0.031711213818539,TRUE,"Unemployed",579,12,51,"SC≥10|Top5%"
"XFLUMIOXAZIN","XATRAZINE","Working_class",1.29333156291459,0.0411349962065156,TRUE,"Working_class",579,12,51,"SC≥10|Top5%"
"XFLUMIOXAZIN","XDIAZINON","NULL",0.929250989084366,0.122981143835661,FALSE,"None",403,10,51,"SC≥10|Top5%"
"XFLUMIOXAZIN","XDIAZINON","NULL+Pesti2",0.925735863056166,0.125623802428428,FALSE,"None",403,10,51,"SC≥10|Top5%"
"XFLUMIOXAZIN","XDIAZINON","Education.index",1.01321298137575,0.0978603284724504,FALSE,"Education.index",403,10,51,"SC≥10|Top5%"
"XFLUMIOXAZIN","XDIAZINON","Income",0.948404424915663,0.118779058200936,FALSE,"Income",403,10,51,"SC≥10|Top5%"
"XFLUMIOXAZIN","XDIAZINON","home_value",0.922095867393243,0.12862534578015,FALSE,"home_value",403,10,51,"SC≥10|Top5%"
"XFLUMIOXAZIN","XDIAZINON","rent",0.891168353111576,0.139636700201813,FALSE,"rent",403,10,51,"SC≥10|Top5%"
"XFLUMIOXAZIN","XDIAZINON","Poverty_150",1.12422569653019,0.0845951521466661,FALSE,"Poverty_150",403,10,51,"SC≥10|Top5%"
"XFLUMIOXAZIN","XDIAZINON","Unemployed",1.0069565769885,0.105255350110522,FALSE,"Unemployed",403,10,51,"SC≥10|Top5%"
"XFLUMIOXAZIN","XDIAZINON","Working_class",0.937871930445249,0.123265697425875,FALSE,"Working_class",403,10,51,"SC≥10|Top5%"
"XFLUMIOXAZIN","XESFENVALERATE","NULL",1.22270654268193,0.0210746678933518,TRUE,"None",578,12,51,"SC≥10|Top5%"
"XFLUMIOXAZIN","XESFENVALERATE","NULL+Pesti2",1.24839483784196,0.0202119615934821,TRUE,"None",578,12,51,"SC≥10|Top5%"
"XFLUMIOXAZIN","XESFENVALERATE","Education.index",1.35371288446847,0.0127847107056426,TRUE,"Education.index",578,12,51,"SC≥10|Top5%"
"XFLUMIOXAZIN","XESFENVALERATE","Income",1.31048416462441,0.0151883514830599,TRUE,"Income",578,12,51,"SC≥10|Top5%"
"XFLUMIOXAZIN","XESFENVALERATE","home_value",1.27151766720273,0.0183961050358272,TRUE,"home_value",578,12,51,"SC≥10|Top5%"
"XFLUMIOXAZIN","XESFENVALERATE","rent",1.20673332982765,0.0236398512936611,TRUE,"rent",578,12,51,"SC≥10|Top5%"
"XFLUMIOXAZIN","XESFENVALERATE","Poverty_150",1.5433086892526,0.0068997743696564,TRUE,"Poverty_150",578,12,51,"SC≥10|Top5%"
"XFLUMIOXAZIN","XESFENVALERATE","Unemployed",1.38240812006838,0.0118157425103113,TRUE,"Unemployed",578,12,51,"SC≥10|Top5%"
"XFLUMIOXAZIN","XESFENVALERATE","Working_class",1.27755740407749,0.017901174577134,TRUE,"Working_class",578,12,51,"SC≥10|Top5%"
"XFLUMIOXAZIN","XGLYPHOSATE","NULL",1.23239413119704,0.0199390185995059,TRUE,"None",579,12,51,"SC≥10|Top5%"
"XFLUMIOXAZIN","XGLYPHOSATE","NULL+Pesti2",1.38977191658919,0.0328800481757196,TRUE,"None",579,12,51,"SC≥10|Top5%"
"XFLUMIOXAZIN","XGLYPHOSATE","Education.index",1.39826370076433,0.0317011420129377,TRUE,"Education.index",579,12,51,"SC≥10|Top5%"
"XFLUMIOXAZIN","XGLYPHOSATE","Income",1.38986734808975,0.0328183147295183,TRUE,"Income",579,12,51,"SC≥10|Top5%"
"XFLUMIOXAZIN","XGLYPHOSATE","home_value",1.39629421923028,0.0322055833318369,TRUE,"home_value",579,12,51,"SC≥10|Top5%"
"XFLUMIOXAZIN","XGLYPHOSATE","rent",1.39326090876506,0.0318202746449,TRUE,"rent",579,12,51,"SC≥10|Top5%"
"XFLUMIOXAZIN","XGLYPHOSATE","Poverty_150",1.46927320087353,0.0247612091811573,TRUE,"Poverty_150",579,12,51,"SC≥10|Top5%"
"XFLUMIOXAZIN","XGLYPHOSATE","Unemployed",1.38090864973954,0.0341140272397761,TRUE,"Unemployed",579,12,51,"SC≥10|Top5%"
"XFLUMIOXAZIN","XGLYPHOSATE","Working_class",1.39729186035963,0.0320491794384695,TRUE,"Working_class",579,12,51,"SC≥10|Top5%"
"XFLUMIOXAZIN","XIMIDACLOPRID","NULL",1.41267102541702,0.0116339236946701,TRUE,"None",512,12,51,"SC≥10|Top5%"
"XFLUMIOXAZIN","XIMIDACLOPRID","NULL+Pesti2",1.46058393862668,0.00878501947187554,TRUE,"None",512,12,51,"SC≥10|Top5%"
"XFLUMIOXAZIN","XIMIDACLOPRID","Education.index",1.57690759128642,0.00535263091161106,TRUE,"Education.index",512,12,51,"SC≥10|Top5%"
"XFLUMIOXAZIN","XIMIDACLOPRID","Income",1.56998764141468,0.00505478311467554,TRUE,"Income",512,12,51,"SC≥10|Top5%"
"XFLUMIOXAZIN","XIMIDACLOPRID","home_value",1.50665069340906,0.00698074646063987,TRUE,"home_value",512,12,51,"SC≥10|Top5%"
"XFLUMIOXAZIN","XIMIDACLOPRID","rent",1.42493886762146,0.00926587327315217,TRUE,"rent",512,12,51,"SC≥10|Top5%"
"XFLUMIOXAZIN","XIMIDACLOPRID","Poverty_150",1.84840845094927,0.00215847685710406,TRUE,"Poverty_150",512,12,51,"SC≥10|Top5%"
"XFLUMIOXAZIN","XIMIDACLOPRID","Unemployed",1.63256635098858,0.00437982029866886,TRUE,"Unemployed",512,12,51,"SC≥10|Top5%"
"XFLUMIOXAZIN","XIMIDACLOPRID","Working_class",1.49888225097059,0.00741555317527946,TRUE,"Working_class",512,12,51,"SC≥10|Top5%"
"XFLUMIOXAZIN","XNICOSULFURON","NULL",1.22691092300951,0.0210814593874343,TRUE,"None",578,12,51,"SC≥10|Top5%"
"XFLUMIOXAZIN","XNICOSULFURON","NULL+Pesti2",1.0620959748744,0.0583825722487659,FALSE,"None",578,12,51,"SC≥10|Top5%"
"XFLUMIOXAZIN","XNICOSULFURON","Education.index",1.17246228787223,0.038585764594912,TRUE,"Education.index",578,12,51,"SC≥10|Top5%"
"XFLUMIOXAZIN","XNICOSULFURON","Income",1.14402643398579,0.0428666368118258,TRUE,"Income",578,12,51,"SC≥10|Top5%"
"XFLUMIOXAZIN","XNICOSULFURON","home_value",1.0881068060007,0.0531128550412256,FALSE,"home_value",578,12,51,"SC≥10|Top5%"
"XFLUMIOXAZIN","XNICOSULFURON","rent",1.07113097669994,0.0549080057621478,FALSE,"rent",578,12,51,"SC≥10|Top5%"
"XFLUMIOXAZIN","XNICOSULFURON","Poverty_150",1.35312367198246,0.0205504516901262,TRUE,"Poverty_150",578,12,51,"SC≥10|Top5%"
"XFLUMIOXAZIN","XNICOSULFURON","Unemployed",1.17006140371883,0.0386027750850688,TRUE,"Unemployed",578,12,51,"SC≥10|Top5%"
"XFLUMIOXAZIN","XNICOSULFURON","Working_class",1.09301382731771,0.0522999025370671,FALSE,"Working_class",578,12,51,"SC≥10|Top5%"
"XFLUMIOXAZIN","XPICLORAM","NULL",1.23239413119704,0.0199390185995059,TRUE,"None",579,12,51,"SC≥10|Top5%"
"XFLUMIOXAZIN","XPICLORAM","NULL+Pesti2",1.25451754211264,0.0182346520626278,TRUE,"None",579,12,51,"SC≥10|Top5%"
"XFLUMIOXAZIN","XPICLORAM","Education.index",1.37266447996248,0.0109264219747471,TRUE,"Education.index",579,12,51,"SC≥10|Top5%"
"XFLUMIOXAZIN","XPICLORAM","Income",1.34353929959913,0.0120453163991741,TRUE,"Income",579,12,51,"SC≥10|Top5%"
"XFLUMIOXAZIN","XPICLORAM","home_value",1.29074230582957,0.015588309772544,TRUE,"home_value",579,12,51,"SC≥10|Top5%"
"XFLUMIOXAZIN","XPICLORAM","rent",1.21688170920831,0.0205611458881442,TRUE,"rent",579,12,51,"SC≥10|Top5%"
"XFLUMIOXAZIN","XPICLORAM","Poverty_150",1.57102816893829,0.00574556067106246,TRUE,"Poverty_150",579,12,51,"SC≥10|Top5%"
"XFLUMIOXAZIN","XPICLORAM","Unemployed",1.39881649873183,0.0101646759905831,TRUE,"Unemployed",579,12,51,"SC≥10|Top5%"
"XFLUMIOXAZIN","XPICLORAM","Working_class",1.28778081880469,0.0158987536426645,TRUE,"Working_class",579,12,51,"SC≥10|Top5%"
"XFLUMIOXAZIN","XSIMAZINE","NULL",1.43317830601744,0.0260368356442239,TRUE,"None",564,12,50,"SC≥10|Top5%"
"XFLUMIOXAZIN","XSIMAZINE","NULL+Pesti2",1.44758540473742,0.0253615434261569,TRUE,"None",564,12,50,"SC≥10|Top5%"
"XFLUMIOXAZIN","XSIMAZINE","Education.index",1.50058459725788,0.0203381727655617,TRUE,"Education.index",564,12,50,"SC≥10|Top5%"
"XFLUMIOXAZIN","XSIMAZINE","Income",1.47571611234919,0.0227817290953762,TRUE,"Income",564,12,50,"SC≥10|Top5%"
"XFLUMIOXAZIN","XSIMAZINE","home_value",1.44984697283219,0.0252190821758081,TRUE,"home_value",564,12,50,"SC≥10|Top5%"
"XFLUMIOXAZIN","XSIMAZINE","rent",1.42854845486683,0.0266435724487945,TRUE,"rent",564,12,50,"SC≥10|Top5%"
"XFLUMIOXAZIN","XSIMAZINE","Poverty_150",1.59112739146618,0.0155592626738619,TRUE,"Poverty_150",564,12,50,"SC≥10|Top5%"
"XFLUMIOXAZIN","XSIMAZINE","Unemployed",1.46147508660879,0.024153226037791,TRUE,"Unemployed",564,12,50,"SC≥10|Top5%"
"XFLUMIOXAZIN","XSIMAZINE","Working_class",1.46800979272661,0.0234954250839822,TRUE,"Working_class",564,12,50,"SC≥10|Top5%"
"XFLUMIOXAZIN","XTEBUPIRIMPHOS","NULL",1.24040210228304,0.0199508670473837,TRUE,"None",577,12,51,"SC≥10|Top5%"
"XFLUMIOXAZIN","XTEBUPIRIMPHOS","NULL+Pesti2",1.08009345488686,0.05042835474456,FALSE,"None",577,12,51,"SC≥10|Top5%"
"XFLUMIOXAZIN","XTEBUPIRIMPHOS","Education.index",1.2001620346898,0.0322593367150053,TRUE,"Education.index",577,12,51,"SC≥10|Top5%"
"XFLUMIOXAZIN","XTEBUPIRIMPHOS","Income",1.17196266574763,0.0361169759252955,TRUE,"Income",577,12,51,"SC≥10|Top5%"
"XFLUMIOXAZIN","XTEBUPIRIMPHOS","home_value",1.11447885433558,0.0447620513688321,TRUE,"home_value",577,12,51,"SC≥10|Top5%"
"XFLUMIOXAZIN","XTEBUPIRIMPHOS","rent",1.11576569282046,0.0424742366924086,TRUE,"rent",577,12,51,"SC≥10|Top5%"
"XFLUMIOXAZIN","XTEBUPIRIMPHOS","Poverty_150",1.38522354389808,0.0164481437453768,TRUE,"Poverty_150",577,12,51,"SC≥10|Top5%"
"XFLUMIOXAZIN","XTEBUPIRIMPHOS","Unemployed",1.19412023925255,0.0320073349195193,TRUE,"Unemployed",577,12,51,"SC≥10|Top5%"
"XFLUMIOXAZIN","XTEBUPIRIMPHOS","Working_class",1.11272978774292,0.0450371296708116,TRUE,"Working_class",577,12,51,"SC≥10|Top5%"
"XGLYPHOSATE","XACETOCHLOR","NULL",0.632541133108343,7.73623576654466e-06,TRUE,"None",1499,19,101,"SC≥10|Top5%"
"XGLYPHOSATE","XACETOCHLOR","NULL+Pesti2",0.656601487341722,0.0157048019224422,TRUE,"None",1499,19,101,"SC≥10|Top5%"
"XGLYPHOSATE","XACETOCHLOR","Education.index",0.671694105168646,0.0132119369875986,TRUE,"Education.index",1499,19,101,"SC≥10|Top5%"
"XGLYPHOSATE","XACETOCHLOR","Income",0.671868961090761,0.0138176061469977,TRUE,"Income",1499,19,101,"SC≥10|Top5%"
"XGLYPHOSATE","XACETOCHLOR","home_value",0.681244478983297,0.0141079765000481,TRUE,"home_value",1499,19,101,"SC≥10|Top5%"
"XGLYPHOSATE","XACETOCHLOR","rent",0.651079828678204,0.0190666836992938,TRUE,"rent",1499,19,101,"SC≥10|Top5%"
"XGLYPHOSATE","XACETOCHLOR","Poverty_150",0.654936007315041,0.016216223962197,TRUE,"Poverty_150",1499,19,101,"SC≥10|Top5%"
"XGLYPHOSATE","XACETOCHLOR","Unemployed",0.728547476110491,0.00839586151009828,TRUE,"Unemployed",1499,19,101,"SC≥10|Top5%"
"XGLYPHOSATE","XACETOCHLOR","Working_class",0.658397651414362,0.0160962539850353,TRUE,"Working_class",1499,19,101,"SC≥10|Top5%"
"XGLYPHOSATE","XATRAZINE","NULL",0.486662330625314,1.68496743449936e-05,TRUE,"None",2014,21,104,"SC≥10|Top5%"
"XGLYPHOSATE","XATRAZINE","NULL+Pesti2",0.47687111517912,0.0236419993165399,TRUE,"None",2014,21,104,"SC≥10|Top5%"
"XGLYPHOSATE","XATRAZINE","Education.index",0.521300728750011,0.0128761696791022,TRUE,"Education.index",2014,21,104,"SC≥10|Top5%"
"XGLYPHOSATE","XATRAZINE","Income",0.474643650387428,0.0244592126666639,TRUE,"Income",2014,21,104,"SC≥10|Top5%"
"XGLYPHOSATE","XATRAZINE","home_value",0.459046267311418,0.0311312079785817,TRUE,"home_value",2014,21,104,"SC≥10|Top5%"
"XGLYPHOSATE","XATRAZINE","rent",0.43399184763889,0.0431218064637967,TRUE,"rent",2014,21,104,"SC≥10|Top5%"
"XGLYPHOSATE","XATRAZINE","Poverty_150",0.483333184866918,0.0221076819235964,TRUE,"Poverty_150",2014,21,104,"SC≥10|Top5%"
"XGLYPHOSATE","XATRAZINE","Unemployed",0.523143467330105,0.0147361882486824,TRUE,"Unemployed",2014,21,104,"SC≥10|Top5%"
"XGLYPHOSATE","XATRAZINE","Working_class",0.471922690898447,0.0271132124111729,TRUE,"Working_class",2014,21,104,"SC≥10|Top5%"
"XGLYPHOSATE","XATRAZINE","Combined_SES",0.521300728750011,0.0128761696791022,TRUE,"Education.index",2014,21,104,"SC≥10|Top5%"
"XGLYPHOSATE","XDIAZINON","NULL",0.555136694403441,5.31560863305481e-06,TRUE,"None",1810,21,106,"SC≥10|Top5%"
"XGLYPHOSATE","XDIAZINON","NULL+Pesti2",0.528121298835569,3.28098705293108e-05,TRUE,"None",1810,21,106,"SC≥10|Top5%"
"XGLYPHOSATE","XDIAZINON","Education.index",0.459382070619699,0.000218858615218766,TRUE,"Education.index",1810,21,106,"SC≥10|Top5%"
"XGLYPHOSATE","XDIAZINON","Income",0.512176904506679,6.39895185917074e-05,TRUE,"Income",1810,21,106,"SC≥10|Top5%"
"XGLYPHOSATE","XDIAZINON","home_value",0.486743151185325,0.00038591931246857,TRUE,"home_value",1810,21,106,"SC≥10|Top5%"
"XGLYPHOSATE","XDIAZINON","rent",0.451026737369831,0.00129456808238822,TRUE,"rent",1810,21,106,"SC≥10|Top5%"
"XGLYPHOSATE","XDIAZINON","Poverty_150",0.555909010767291,2.14049159177037e-05,TRUE,"Poverty_150",1810,21,106,"SC≥10|Top5%"
"XGLYPHOSATE","XDIAZINON","Unemployed",0.624954237929945,1.0911339853245e-05,TRUE,"Unemployed",1810,21,106,"SC≥10|Top5%"
"XGLYPHOSATE","XDIAZINON","Working_class",0.524947644169705,9.27939796241561e-05,TRUE,"Working_class",1810,21,106,"SC≥10|Top5%"
"XGLYPHOSATE","XDIAZINON","Combined_SES",0.459382070619699,0.000218858615218766,TRUE,"Education.index",1810,21,106,"SC≥10|Top5%"
"XGLYPHOSATE","XESFENVALERATE","NULL",0.490700044188958,2.87903053682315e-05,TRUE,"None",1972,21,103,"SC≥10|Top5%"
"XGLYPHOSATE","XESFENVALERATE","NULL+Pesti2",0.365249804875866,0.0202429783375145,TRUE,"None",1972,21,103,"SC≥10|Top5%"
"XGLYPHOSATE","XESFENVALERATE","Education.index",0.321062688195322,0.0374584900280769,TRUE,"Education.index",1972,21,103,"SC≥10|Top5%"
"XGLYPHOSATE","XESFENVALERATE","Income",0.338614424064854,0.0349071368766246,TRUE,"Income",1972,21,103,"SC≥10|Top5%"
"XGLYPHOSATE","XESFENVALERATE","home_value",0.317854214568585,0.0596725548029885,FALSE,"home_value",1972,21,103,"SC≥10|Top5%"
"XGLYPHOSATE","XESFENVALERATE","rent",0.253237759122115,0.146177647191255,FALSE,"rent",1972,21,103,"SC≥10|Top5%"
"XGLYPHOSATE","XESFENVALERATE","Poverty_150",0.381168989054664,0.0164149050643983,TRUE,"Poverty_150",1972,21,103,"SC≥10|Top5%"
"XGLYPHOSATE","XESFENVALERATE","Unemployed",0.439495859426764,0.00993961422000226,TRUE,"Unemployed",1972,21,103,"SC≥10|Top5%"
"XGLYPHOSATE","XESFENVALERATE","Working_class",0.342460851186182,0.0407022647171859,TRUE,"Working_class",1972,21,103,"SC≥10|Top5%"
"XGLYPHOSATE","XESFENVALERATE","Combined_SES",0.321062688195322,0.0374584900280769,TRUE,"Education.index",1972,21,103,"SC≥10|Top5%"
"XGLYPHOSATE","XFENBUCONAZOLE","NULL",-0.0873716598703103,0.69690506919268,FALSE,"None",417,18,30,"SC≥10|Top5%"
"XGLYPHOSATE","XFENBUCONAZOLE","NULL+Pesti2",-0.232027857975214,0.299305222161447,FALSE,"None",417,18,30,"SC≥10|Top5%"
"XGLYPHOSATE","XFENBUCONAZOLE","Education.index",-0.146643195177115,0.481920461647561,FALSE,"Education.index",417,18,30,"SC≥10|Top5%"
"XGLYPHOSATE","XFENBUCONAZOLE","Income",-0.225574105124313,0.277953223886618,FALSE,"Income",417,18,30,"SC≥10|Top5%"
"XGLYPHOSATE","XFENBUCONAZOLE","home_value",-0.203317167698051,0.341126920365657,FALSE,"home_value",417,18,30,"SC≥10|Top5%"
"XGLYPHOSATE","XFENBUCONAZOLE","rent",-0.221371501562044,0.303976088102927,FALSE,"rent",417,18,30,"SC≥10|Top5%"
"XGLYPHOSATE","XFENBUCONAZOLE","Poverty_150",-0.19767921717259,0.330432201004622,FALSE,"Poverty_150",417,18,30,"SC≥10|Top5%"
"XGLYPHOSATE","XFENBUCONAZOLE","Unemployed",-0.283313620811012,0.19576525676322,FALSE,"Unemployed",417,18,30,"SC≥10|Top5%"
"XGLYPHOSATE","XFENBUCONAZOLE","Working_class",-0.16306104483098,0.458150266978717,FALSE,"Working_class",417,18,30,"SC≥10|Top5%"
"XGLYPHOSATE","XFENBUCONAZOLE","Combined_SES",-0.147557067766268,0.477394150387565,FALSE,"Education.index, Income, Poverty_150",417,18,30,"SC≥10|Top5%"
"XGLYPHOSATE","XFLUMIOXAZIN","NULL",0.582771815147441,0.0118591253280245,TRUE,"None",695,12,95,"SC≥10|Top5%"
"XGLYPHOSATE","XFLUMIOXAZIN","NULL+Pesti2",0.177320334253141,0.677578934529782,FALSE,"None",695,12,95,"SC≥10|Top5%"
"XGLYPHOSATE","XFLUMIOXAZIN","Education.index",0.0752823367170724,0.86055068379736,FALSE,"Education.index",695,12,95,"SC≥10|Top5%"
"XGLYPHOSATE","XFLUMIOXAZIN","Income",0.071999739563199,0.875290598286964,FALSE,"Income",695,12,95,"SC≥10|Top5%"
"XGLYPHOSATE","XFLUMIOXAZIN","home_value",0.0226567554691285,0.96393393849992,FALSE,"home_value",695,12,95,"SC≥10|Top5%"
"XGLYPHOSATE","XFLUMIOXAZIN","rent",-0.145519471073252,0.774090894425404,FALSE,"rent",695,12,95,"SC≥10|Top5%"
"XGLYPHOSATE","XFLUMIOXAZIN","Poverty_150",0.150719068838065,0.725133332912663,FALSE,"Poverty_150",695,12,95,"SC≥10|Top5%"
"XGLYPHOSATE","XFLUMIOXAZIN","Unemployed",0.361382811359076,0.423531847084308,FALSE,"Unemployed",695,12,95,"SC≥10|Top5%"
"XGLYPHOSATE","XFLUMIOXAZIN","Working_class",0.0432056998018859,0.925233206558996,FALSE,"Working_class",695,12,95,"SC≥10|Top5%"
"XGLYPHOSATE","XIMIDACLOPRID","NULL",0.441323527832714,0.000719694433637971,TRUE,"None",1488,19,105,"SC≥10|Top5%"
"XGLYPHOSATE","XIMIDACLOPRID","NULL+Pesti2",0.435531892568346,0.00320708073382561,TRUE,"None",1488,19,105,"SC≥10|Top5%"
"XGLYPHOSATE","XIMIDACLOPRID","Education.index",0.387373042399272,0.00697601287510689,TRUE,"Education.index",1488,19,105,"SC≥10|Top5%"
"XGLYPHOSATE","XIMIDACLOPRID","Income",0.41941262678463,0.00486629628020798,TRUE,"Income",1488,19,105,"SC≥10|Top5%"
"XGLYPHOSATE","XIMIDACLOPRID","home_value",0.39553702600364,0.0109472887844061,TRUE,"home_value",1488,19,105,"SC≥10|Top5%"
"XGLYPHOSATE","XIMIDACLOPRID","rent",0.350202698826243,0.0280209278876169,TRUE,"rent",1488,19,105,"SC≥10|Top5%"
"XGLYPHOSATE","XIMIDACLOPRID","Poverty_150",0.468767756289268,0.00216145737473222,TRUE,"Poverty_150",1488,19,105,"SC≥10|Top5%"
"XGLYPHOSATE","XIMIDACLOPRID","Unemployed",0.522554974840788,0.00142879936005539,TRUE,"Unemployed",1488,19,105,"SC≥10|Top5%"
"XGLYPHOSATE","XIMIDACLOPRID","Working_class",0.41538393724591,0.00787128117339028,TRUE,"Working_class",1488,19,105,"SC≥10|Top5%"
"XGLYPHOSATE","XIMIDACLOPRID","Combined_SES",0.387373042399272,0.00697601287510689,TRUE,"Education.index",1488,19,105,"SC≥10|Top5%"
"XGLYPHOSATE","XNICOSULFURON","NULL",0.652516457030398,1.14191443918445e-06,TRUE,"None",1703,21,102,"SC≥10|Top5%"
"XGLYPHOSATE","XNICOSULFURON","NULL+Pesti2",0.440976659280065,0.0505835390606703,FALSE,"None",1703,21,102,"SC≥10|Top5%"
"XGLYPHOSATE","XNICOSULFURON","Education.index",0.429536469245538,0.0551049382445226,FALSE,"Education.index",1703,21,102,"SC≥10|Top5%"
"XGLYPHOSATE","XNICOSULFURON","Income",0.443084580124379,0.0503059053990444,FALSE,"Income",1703,21,102,"SC≥10|Top5%"
"XGLYPHOSATE","XNICOSULFURON","home_value",0.434037771484445,0.0615776722906391,FALSE,"home_value",1703,21,102,"SC≥10|Top5%"
"XGLYPHOSATE","XNICOSULFURON","rent",0.398000274654183,0.0868145480243052,FALSE,"rent",1703,21,102,"SC≥10|Top5%"
"XGLYPHOSATE","XNICOSULFURON","Poverty_150",0.443041961131991,0.0497463015305045,TRUE,"Poverty_150",1703,21,102,"SC≥10|Top5%"
"XGLYPHOSATE","XNICOSULFURON","Unemployed",0.494312105693338,0.0307983075859631,TRUE,"Unemployed",1703,21,102,"SC≥10|Top5%"
"XGLYPHOSATE","XNICOSULFURON","Working_class",0.453679986754053,0.0472526656827294,TRUE,"Working_class",1703,21,102,"SC≥10|Top5%"
"XGLYPHOSATE","XNICOSULFURON","Combined_SES",0.429536469245538,0.0551049382445226,FALSE,"Education.index",1703,21,102,"SC≥10|Top5%"
"XGLYPHOSATE","XPICLORAM","NULL",0.501348268232109,1.7421787446159e-05,TRUE,"None",1860,21,103,"SC≥10|Top5%"
"XGLYPHOSATE","XPICLORAM","NULL+Pesti2",0.512569957761617,3.37308229105921e-05,TRUE,"None",1860,21,103,"SC≥10|Top5%"
"XGLYPHOSATE","XPICLORAM","Education.index",0.488974156863572,3.52551420202586e-05,TRUE,"Education.index",1860,21,103,"SC≥10|Top5%"
"XGLYPHOSATE","XPICLORAM","Income",0.518757870746518,2.39948767452072e-05,TRUE,"Income",1860,21,103,"SC≥10|Top5%"
"XGLYPHOSATE","XPICLORAM","home_value",0.469249209630993,0.000251057250556877,TRUE,"home_value",1860,21,103,"SC≥10|Top5%"
"XGLYPHOSATE","XPICLORAM","rent",0.433836187504071,0.000927326893628058,TRUE,"rent",1860,21,103,"SC≥10|Top5%"
"XGLYPHOSATE","XPICLORAM","Poverty_150",0.576393269084766,2.03704925761406e-05,TRUE,"Poverty_150",1860,21,103,"SC≥10|Top5%"
"XGLYPHOSATE","XPICLORAM","Unemployed",0.63358203995571,1.16980149480767e-05,TRUE,"Unemployed",1860,21,103,"SC≥10|Top5%"
"XGLYPHOSATE","XPICLORAM","Working_class",0.492107142932735,0.000111297718643909,TRUE,"Working_class",1860,21,103,"SC≥10|Top5%"
"XGLYPHOSATE","XPICLORAM","Combined_SES",0.488974156863572,3.52551420202586e-05,TRUE,"Education.index",1860,21,103,"SC≥10|Top5%"
"XGLYPHOSATE","XPROPARGITE","NULL",0.334524968693329,0.0473119821855748,TRUE,"None",1100,21,96,"SC≥10|Top5%"
"XGLYPHOSATE","XPROPARGITE","NULL+Pesti2",0.440004210143812,0.00783950696009933,TRUE,"None",1100,21,96,"SC≥10|Top5%"
"XGLYPHOSATE","XPROPARGITE","Education.index",0.426510138125163,0.00812517862572167,TRUE,"Education.index",1100,21,96,"SC≥10|Top5%"
"XGLYPHOSATE","XPROPARGITE","Income",0.450287874242226,0.00703345954533875,TRUE,"Income",1100,21,96,"SC≥10|Top5%"
"XGLYPHOSATE","XPROPARGITE","home_value",0.441240088043837,0.0080273823407767,TRUE,"home_value",1100,21,96,"SC≥10|Top5%"
"XGLYPHOSATE","XPROPARGITE","rent",0.437791625616143,0.00844459070557102,TRUE,"rent",1100,21,96,"SC≥10|Top5%"
"XGLYPHOSATE","XPROPARGITE","Poverty_150",0.492142966667434,0.0041658995275553,TRUE,"Poverty_150",1100,21,96,"SC≥10|Top5%"
"XGLYPHOSATE","XPROPARGITE","Unemployed",0.588923119509255,0.000890372596649573,TRUE,"Unemployed",1100,21,96,"SC≥10|Top5%"
"XGLYPHOSATE","XPROPARGITE","Working_class",0.444377213955843,0.00774034024170831,TRUE,"Working_class",1100,21,96,"SC≥10|Top5%"
"XGLYPHOSATE","XPROPARGITE","Combined_SES",0.535140859725613,0.00299224411971344,TRUE,"Education.index, Unemployed",1100,21,96,"SC≥10|Top5%"
"XGLYPHOSATE","XSIMAZINE","NULL",0.580884075758105,1.67461744950883e-06,TRUE,"None",1795,21,106,"SC≥10|Top5%"
"XGLYPHOSATE","XSIMAZINE","NULL+Pesti2",0.369442704033456,0.0244032356473231,TRUE,"None",1795,21,106,"SC≥10|Top5%"
"XGLYPHOSATE","XSIMAZINE","Education.index",0.267446046400047,0.103989471080422,FALSE,"Education.index",1795,21,106,"SC≥10|Top5%"
"XGLYPHOSATE","XSIMAZINE","Income",0.383642525437439,0.0282100999522697,TRUE,"Income",1795,21,106,"SC≥10|Top5%"
"XGLYPHOSATE","XSIMAZINE","home_value",0.384165586979147,0.0351727445918003,TRUE,"home_value",1795,21,106,"SC≥10|Top5%"
"XGLYPHOSATE","XSIMAZINE","rent",0.328262306380136,0.0840343105950081,FALSE,"rent",1795,21,106,"SC≥10|Top5%"
"XGLYPHOSATE","XSIMAZINE","Poverty_150",0.359913456125507,0.0302718227497608,TRUE,"Poverty_150",1795,21,106,"SC≥10|Top5%"
"XGLYPHOSATE","XSIMAZINE","Unemployed",0.416201275754749,0.013681187120997,TRUE,"Unemployed",1795,21,106,"SC≥10|Top5%"
"XGLYPHOSATE","XSIMAZINE","Working_class",0.390894228186843,0.0275132984826946,TRUE,"Working_class",1795,21,106,"SC≥10|Top5%"
"XGLYPHOSATE","XSIMAZINE","Combined_SES",0.267446046400047,0.103989471080422,FALSE,"Education.index",1795,21,106,"SC≥10|Top5%"
"XGLYPHOSATE","XTEBUPIRIMPHOS","NULL",0.739602875835082,0.000158919739158504,TRUE,"None",1004,17,79,"SC≥10|Top5%"
"XGLYPHOSATE","XTEBUPIRIMPHOS","NULL+Pesti2",0.776681500041669,0.0361796465091597,TRUE,"None",1004,17,79,"SC≥10|Top5%"
"XGLYPHOSATE","XTEBUPIRIMPHOS","Education.index",0.812990962488919,0.0268974627766458,TRUE,"Education.index",1004,17,79,"SC≥10|Top5%"
"XGLYPHOSATE","XTEBUPIRIMPHOS","Income",0.84262038807641,0.0246556997600502,TRUE,"Income",1004,17,79,"SC≥10|Top5%"
"XGLYPHOSATE","XTEBUPIRIMPHOS","home_value",0.735385772016591,0.0478956258397262,TRUE,"home_value",1004,17,79,"SC≥10|Top5%"
"XGLYPHOSATE","XTEBUPIRIMPHOS","rent",0.767156143968846,0.0364547551732925,TRUE,"rent",1004,17,79,"SC≥10|Top5%"
"XGLYPHOSATE","XTEBUPIRIMPHOS","Poverty_150",0.869736912695939,0.0221368901293155,TRUE,"Poverty_150",1004,17,79,"SC≥10|Top5%"
"XGLYPHOSATE","XTEBUPIRIMPHOS","Unemployed",0.905062017744091,0.0171124749832243,TRUE,"Unemployed",1004,17,79,"SC≥10|Top5%"
"XGLYPHOSATE","XTEBUPIRIMPHOS","Working_class",0.776975350716462,0.0363802847378702,TRUE,"Working_class",1004,17,79,"SC≥10|Top5%"
"XGLYPHOSATE","XTEBUPIRIMPHOS","Combined_SES",0.800121834716131,0.0296144457465102,TRUE,"Education.index, rent",1004,17,79,"SC≥10|Top5%"
"XIMIDACLOPRID","XACETOCHLOR","NULL",0.513640087524489,0.00138460766290774,TRUE,"None",1005,19,77,"SC≥10|Top5%"
"XIMIDACLOPRID","XACETOCHLOR","NULL+Pesti2",0.381075423953066,0.0193061567190731,TRUE,"None",1005,19,77,"SC≥10|Top5%"
"XIMIDACLOPRID","XACETOCHLOR","Education.index",0.398152501183656,0.0141135645404205,TRUE,"Education.index",1005,19,77,"SC≥10|Top5%"
"XIMIDACLOPRID","XACETOCHLOR","Income",0.39125792128848,0.0175967673498381,TRUE,"Income",1005,19,77,"SC≥10|Top5%"
"XIMIDACLOPRID","XACETOCHLOR","home_value",0.389676286638755,0.0169834598244116,TRUE,"home_value",1005,19,77,"SC≥10|Top5%"
"XIMIDACLOPRID","XACETOCHLOR","rent",0.401197864664674,0.0142498049761649,TRUE,"rent",1005,19,77,"SC≥10|Top5%"
"XIMIDACLOPRID","XACETOCHLOR","Poverty_150",0.384524757852909,0.0184726294956236,TRUE,"Poverty_150",1005,19,77,"SC≥10|Top5%"
"XIMIDACLOPRID","XACETOCHLOR","Unemployed",0.383914965506549,0.0184194618992953,TRUE,"Unemployed",1005,19,77,"SC≥10|Top5%"
"XIMIDACLOPRID","XACETOCHLOR","Working_class",0.39330589157429,0.0166284784975279,TRUE,"Working_class",1005,19,77,"SC≥10|Top5%"
"XIMIDACLOPRID","XACETOCHLOR","Combined_SES",0.398152501183656,0.0141135645404205,TRUE,"Education.index",1005,19,77,"SC≥10|Top5%"
"XIMIDACLOPRID","XATRAZINE","NULL",0.389457997025588,0.00506687154162281,TRUE,"None",1282,19,79,"SC≥10|Top5%"
"XIMIDACLOPRID","XATRAZINE","NULL+Pesti2",0.212214729236788,0.148166907624632,FALSE,"None",1282,19,79,"SC≥10|Top5%"
"XIMIDACLOPRID","XATRAZINE","Education.index",0.228754365784068,0.114892060189559,FALSE,"Education.index",1282,19,79,"SC≥10|Top5%"
"XIMIDACLOPRID","XATRAZINE","Income",0.236286160580917,0.111023085481814,FALSE,"Income",1282,19,79,"SC≥10|Top5%"
"XIMIDACLOPRID","XATRAZINE","home_value",0.221270562954072,0.131318435018778,FALSE,"home_value",1282,19,79,"SC≥10|Top5%"
"XIMIDACLOPRID","XATRAZINE","rent",0.239332603706716,0.103666276902954,FALSE,"rent",1282,19,79,"SC≥10|Top5%"
"XIMIDACLOPRID","XATRAZINE","Poverty_150",0.21531542025831,0.142171900626977,FALSE,"Poverty_150",1282,19,79,"SC≥10|Top5%"
"XIMIDACLOPRID","XATRAZINE","Unemployed",0.211274999790188,0.149116077442927,FALSE,"Unemployed",1282,19,79,"SC≥10|Top5%"
"XIMIDACLOPRID","XATRAZINE","Working_class",0.23217385292301,0.116976486889047,FALSE,"Working_class",1282,19,79,"SC≥10|Top5%"
"XIMIDACLOPRID","XATRAZINE","Combined_SES",0.228754365784068,0.114892060189559,FALSE,"Education.index",1282,19,79,"SC≥10|Top5%"
"XIMIDACLOPRID","XDIAZINON","NULL",0.239779086428073,0.0933296679283001,FALSE,"None",1213,19,80,"SC≥10|Top5%"
"XIMIDACLOPRID","XDIAZINON","NULL+Pesti2",0.150311571766427,0.318650496236633,FALSE,"None",1213,19,80,"SC≥10|Top5%"
"XIMIDACLOPRID","XDIAZINON","Education.index",0.153324238763787,0.300019310485158,FALSE,"Education.index",1213,19,80,"SC≥10|Top5%"
"XIMIDACLOPRID","XDIAZINON","Income",0.176074229489011,0.244365993654823,FALSE,"Income",1213,19,80,"SC≥10|Top5%"
"XIMIDACLOPRID","XDIAZINON","home_value",0.14116607630408,0.345400363593592,FALSE,"home_value",1213,19,80,"SC≥10|Top5%"
"XIMIDACLOPRID","XDIAZINON","rent",0.152554954792843,0.305593509888017,FALSE,"rent",1213,19,80,"SC≥10|Top5%"
"XIMIDACLOPRID","XDIAZINON","Poverty_150",0.153073389675942,0.312341305551099,FALSE,"Poverty_150",1213,19,80,"SC≥10|Top5%"
"XIMIDACLOPRID","XDIAZINON","Unemployed",0.139824387502576,0.358938443366505,FALSE,"Unemployed",1213,19,80,"SC≥10|Top5%"
"XIMIDACLOPRID","XDIAZINON","Working_class",0.168101796289691,0.263597544699838,FALSE,"Working_class",1213,19,80,"SC≥10|Top5%"
"XIMIDACLOPRID","XDIAZINON","Combined_SES",0.154272096644682,0.297906265900882,FALSE,"Education.index, home_value, rent",1213,19,80,"SC≥10|Top5%"
"XIMIDACLOPRID","XESFENVALERATE","NULL",0.351337402432493,0.011092820853878,TRUE,"None",1282,19,80,"SC≥10|Top5%"
"XIMIDACLOPRID","XESFENVALERATE","NULL+Pesti2",0.131206057835812,0.407852406115663,FALSE,"None",1282,19,80,"SC≥10|Top5%"
"XIMIDACLOPRID","XESFENVALERATE","Education.index",0.130822480325415,0.404155014655722,FALSE,"Education.index",1282,19,80,"SC≥10|Top5%"
"XIMIDACLOPRID","XESFENVALERATE","Income",0.147689720340111,0.351868826050587,FALSE,"Income",1282,19,80,"SC≥10|Top5%"
"XIMIDACLOPRID","XESFENVALERATE","home_value",0.136116618621877,0.388995277355722,FALSE,"home_value",1282,19,80,"SC≥10|Top5%"
"XIMIDACLOPRID","XESFENVALERATE","rent",0.143783150045993,0.361962602153712,FALSE,"rent",1282,19,80,"SC≥10|Top5%"
"XIMIDACLOPRID","XESFENVALERATE","Poverty_150",0.129213859527958,0.414994849032143,FALSE,"Poverty_150",1282,19,80,"SC≥10|Top5%"
"XIMIDACLOPRID","XESFENVALERATE","Unemployed",0.132313559952449,0.404363832596353,FALSE,"Unemployed",1282,19,80,"SC≥10|Top5%"
"XIMIDACLOPRID","XESFENVALERATE","Working_class",0.153893195966318,0.332825378826547,FALSE,"Working_class",1282,19,80,"SC≥10|Top5%"
"XIMIDACLOPRID","XESFENVALERATE","Combined_SES",0.142622480499546,0.364059349130384,FALSE,"Education.index, home_value, rent",1282,19,80,"SC≥10|Top5%"
"XIMIDACLOPRID","XFENBUCONAZOLE","NULL",0.0534815843853441,0.764247382085048,FALSE,"None",397,18,28,"SC≥10|Top5%"
"XIMIDACLOPRID","XFENBUCONAZOLE","NULL+Pesti2",-0.0962592970869447,0.598124244847935,FALSE,"None",397,18,28,"SC≥10|Top5%"
"XIMIDACLOPRID","XFENBUCONAZOLE","Education.index",-0.0187896092934711,0.912006106409373,FALSE,"Education.index",397,18,28,"SC≥10|Top5%"
"XIMIDACLOPRID","XFENBUCONAZOLE","Income",-0.104336036142587,0.536347129284747,FALSE,"Income",397,18,28,"SC≥10|Top5%"
"XIMIDACLOPRID","XFENBUCONAZOLE","home_value",-0.076989706854461,0.658706452561101,FALSE,"home_value",397,18,28,"SC≥10|Top5%"
"XIMIDACLOPRID","XFENBUCONAZOLE","rent",-0.0841221198503651,0.631346129500426,FALSE,"rent",397,18,28,"SC≥10|Top5%"
"XIMIDACLOPRID","XFENBUCONAZOLE","Poverty_150",-0.108058382704135,0.511277894029762,FALSE,"Poverty_150",397,18,28,"SC≥10|Top5%"
"XIMIDACLOPRID","XFENBUCONAZOLE","Unemployed",-0.149773703474169,0.411399928108125,FALSE,"Unemployed",397,18,28,"SC≥10|Top5%"
"XIMIDACLOPRID","XFENBUCONAZOLE","Working_class",-0.0683284186700677,0.699211096516908,FALSE,"Working_class",397,18,28,"SC≥10|Top5%"
"XIMIDACLOPRID","XFENBUCONAZOLE","Combined_SES",-0.0547847377688067,0.747713180354866,FALSE,"Education.index, Income, Poverty_150",397,18,28,"SC≥10|Top5%"
"XIMIDACLOPRID","XFLUMIOXAZIN","NULL",0.416386682325771,0.0892173455408392,FALSE,"None",472,12,71,"SC≥10|Top5%"
"XIMIDACLOPRID","XFLUMIOXAZIN","NULL+Pesti2",-0.197178977286971,0.49867223537763,FALSE,"None",472,12,71,"SC≥10|Top5%"
"XIMIDACLOPRID","XFLUMIOXAZIN","Education.index",-0.220270548715178,0.447902143291663,FALSE,"Education.index",472,12,71,"SC≥10|Top5%"
"XIMIDACLOPRID","XFLUMIOXAZIN","Income",-0.201501684003014,0.488500936899886,FALSE,"Income",472,12,71,"SC≥10|Top5%"
"XIMIDACLOPRID","XFLUMIOXAZIN","home_value",-0.232757790212632,0.424303641155341,FALSE,"home_value",472,12,71,"SC≥10|Top5%"
"XIMIDACLOPRID","XFLUMIOXAZIN","rent",-0.280096869868776,0.337009304050774,FALSE,"rent",472,12,71,"SC≥10|Top5%"
"XIMIDACLOPRID","XFLUMIOXAZIN","Poverty_150",-0.210273577381029,0.470570510158254,FALSE,"Poverty_150",472,12,71,"SC≥10|Top5%"
"XIMIDACLOPRID","XFLUMIOXAZIN","Unemployed",-0.181951813467884,0.538040356137623,FALSE,"Unemployed",472,12,71,"SC≥10|Top5%"
"XIMIDACLOPRID","XFLUMIOXAZIN","Working_class",-0.270648018802096,0.35381911622712,FALSE,"Working_class",472,12,71,"SC≥10|Top5%"
"XIMIDACLOPRID","XFLUMIOXAZIN","Combined_SES",-0.263393377589677,0.367468456623496,FALSE,"Education.index, rent",472,12,71,"SC≥10|Top5%"
"XIMIDACLOPRID","XGLYPHOSATE","NULL",0.367423110608427,0.00652259287245432,TRUE,"None",1325,19,80,"SC≥10|Top5%"
"XIMIDACLOPRID","XGLYPHOSATE","NULL+Pesti2",0.174918456643029,0.217218020151679,FALSE,"None",1325,19,80,"SC≥10|Top5%"
"XIMIDACLOPRID","XGLYPHOSATE","Education.index",0.194980436359063,0.161510608045057,FALSE,"Education.index",1325,19,80,"SC≥10|Top5%"
"XIMIDACLOPRID","XGLYPHOSATE","Income",0.210325091318546,0.146152589835807,FALSE,"Income",1325,19,80,"SC≥10|Top5%"
"XIMIDACLOPRID","XGLYPHOSATE","home_value",0.200851744454498,0.15938513386545,FALSE,"home_value",1325,19,80,"SC≥10|Top5%"
"XIMIDACLOPRID","XGLYPHOSATE","rent",0.221904140730095,0.122649471507572,FALSE,"rent",1325,19,80,"SC≥10|Top5%"
"XIMIDACLOPRID","XGLYPHOSATE","Poverty_150",0.185930134121813,0.190325467034004,FALSE,"Poverty_150",1325,19,80,"SC≥10|Top5%"
"XIMIDACLOPRID","XGLYPHOSATE","Unemployed",0.175926825426066,0.213115740016664,FALSE,"Unemployed",1325,19,80,"SC≥10|Top5%"
"XIMIDACLOPRID","XGLYPHOSATE","Working_class",0.202101247179454,0.161273686786152,FALSE,"Working_class",1325,19,80,"SC≥10|Top5%"
"XIMIDACLOPRID","XGLYPHOSATE","Combined_SES",0.194980436359063,0.161510608045057,FALSE,"Education.index",1325,19,80,"SC≥10|Top5%"
"XIMIDACLOPRID","XNICOSULFURON","NULL",0.43478061694168,0.00560629934634558,TRUE,"None",1029,19,78,"SC≥10|Top5%"
"XIMIDACLOPRID","XNICOSULFURON","NULL+Pesti2",0.295857336194144,0.0597609901051032,FALSE,"None",1029,19,78,"SC≥10|Top5%"
"XIMIDACLOPRID","XNICOSULFURON","Education.index",0.305391994783256,0.049603218689292,TRUE,"Education.index",1029,19,78,"SC≥10|Top5%"
"XIMIDACLOPRID","XNICOSULFURON","Income",0.314299899226363,0.0471761842486292,TRUE,"Income",1029,19,78,"SC≥10|Top5%"
"XIMIDACLOPRID","XNICOSULFURON","home_value",0.300858285980509,0.0552631234763667,FALSE,"home_value",1029,19,78,"SC≥10|Top5%"
"XIMIDACLOPRID","XNICOSULFURON","rent",0.321515023511703,0.0409164989596052,TRUE,"rent",1029,19,78,"SC≥10|Top5%"
"XIMIDACLOPRID","XNICOSULFURON","Poverty_150",0.298156753507842,0.0580882809611713,FALSE,"Poverty_150",1029,19,78,"SC≥10|Top5%"
"XIMIDACLOPRID","XNICOSULFURON","Unemployed",0.296022310477151,0.0595838016802173,FALSE,"Unemployed",1029,19,78,"SC≥10|Top5%"
"XIMIDACLOPRID","XNICOSULFURON","Working_class",0.307893211569463,0.0519841450580607,FALSE,"Working_class",1029,19,78,"SC≥10|Top5%"
"XIMIDACLOPRID","XNICOSULFURON","Combined_SES",0.305391994783256,0.049603218689292,TRUE,"Education.index",1029,19,78,"SC≥10|Top5%"
"XIMIDACLOPRID","XPICLORAM","NULL",0.408582357129632,0.00729498296447427,TRUE,"None",1119,19,70,"SC≥10|Top5%"
"XIMIDACLOPRID","XPICLORAM","NULL+Pesti2",0.342322449588392,0.026526351059475,TRUE,"None",1119,19,70,"SC≥10|Top5%"
"XIMIDACLOPRID","XPICLORAM","Education.index",0.362314169545703,0.017270857111618,TRUE,"Education.index",1119,19,70,"SC≥10|Top5%"
"XIMIDACLOPRID","XPICLORAM","Income",0.359207662598114,0.020520023674022,TRUE,"Income",1119,19,70,"SC≥10|Top5%"
"XIMIDACLOPRID","XPICLORAM","home_value",0.318728770207279,0.0385741774201062,TRUE,"home_value",1119,19,70,"SC≥10|Top5%"
"XIMIDACLOPRID","XPICLORAM","rent",0.325649949738431,0.0328755301012519,TRUE,"rent",1119,19,70,"SC≥10|Top5%"
"XIMIDACLOPRID","XPICLORAM","Poverty_150",0.342993057521891,0.0271706562401001,TRUE,"Poverty_150",1119,19,70,"SC≥10|Top5%"
"XIMIDACLOPRID","XPICLORAM","Unemployed",0.335888973727491,0.0318940271185308,TRUE,"Unemployed",1119,19,70,"SC≥10|Top5%"
"XIMIDACLOPRID","XPICLORAM","Working_class",0.341921397547457,0.0261691243484084,TRUE,"Working_class",1119,19,70,"SC≥10|Top5%"
"XIMIDACLOPRID","XPICLORAM","Combined_SES",0.349015077019082,0.0225934877709147,TRUE,"Education.index, rent",1119,19,70,"SC≥10|Top5%"
"XIMIDACLOPRID","XPROPARGITE","NULL",0.0420176709394833,0.799116422950014,FALSE,"None",730,19,73,"SC≥10|Top5%"
"XIMIDACLOPRID","XPROPARGITE","NULL+Pesti2",0.267169014302417,0.122766922244375,FALSE,"None",730,19,73,"SC≥10|Top5%"
"XIMIDACLOPRID","XPROPARGITE","Education.index",0.28437407333415,0.0921353142229945,FALSE,"Education.index",730,19,73,"SC≥10|Top5%"
"XIMIDACLOPRID","XPROPARGITE","Income",0.294993333234069,0.0951699661822601,FALSE,"Income",730,19,73,"SC≥10|Top5%"
"XIMIDACLOPRID","XPROPARGITE","home_value",0.273295192192803,0.120221877207352,FALSE,"home_value",730,19,73,"SC≥10|Top5%"
"XIMIDACLOPRID","XPROPARGITE","rent",0.307096094406291,0.0866841251014082,FALSE,"rent",730,19,73,"SC≥10|Top5%"
"XIMIDACLOPRID","XPROPARGITE","Poverty_150",0.294240221962769,0.0865760486522204,FALSE,"Poverty_150",730,19,73,"SC≥10|Top5%"
"XIMIDACLOPRID","XPROPARGITE","Unemployed",0.297963475609271,0.066260942149432,FALSE,"Unemployed",730,19,73,"SC≥10|Top5%"
"XIMIDACLOPRID","XPROPARGITE","Working_class",0.275485934936078,0.11726485989735,FALSE,"Working_class",730,19,73,"SC≥10|Top5%"
"XIMIDACLOPRID","XPROPARGITE","Combined_SES",0.300446767101309,0.0671138593474781,FALSE,"Education.index, Unemployed",730,19,73,"SC≥10|Top5%"
"XIMIDACLOPRID","XSIMAZINE","NULL",0.449967081549787,0.00249733162964404,TRUE,"None",1072,19,80,"SC≥10|Top5%"
"XIMIDACLOPRID","XSIMAZINE","NULL+Pesti2",0.305128150747124,0.0450482904726199,TRUE,"None",1072,19,80,"SC≥10|Top5%"
"XIMIDACLOPRID","XSIMAZINE","Education.index",0.301179317489723,0.0431348250434783,TRUE,"Education.index",1072,19,80,"SC≥10|Top5%"
"XIMIDACLOPRID","XSIMAZINE","Income",0.331868010223907,0.0300101909744569,TRUE,"Income",1072,19,80,"SC≥10|Top5%"
"XIMIDACLOPRID","XSIMAZINE","home_value",0.312303056785391,0.0394272361136647,TRUE,"home_value",1072,19,80,"SC≥10|Top5%"
"XIMIDACLOPRID","XSIMAZINE","rent",0.330484467433332,0.0291642033760938,TRUE,"rent",1072,19,80,"SC≥10|Top5%"
"XIMIDACLOPRID","XSIMAZINE","Poverty_150",0.303332839006347,0.0460789730510745,TRUE,"Poverty_150",1072,19,80,"SC≥10|Top5%"
"XIMIDACLOPRID","XSIMAZINE","Unemployed",0.306687472677947,0.0442084522595773,TRUE,"Unemployed",1072,19,80,"SC≥10|Top5%"
"XIMIDACLOPRID","XSIMAZINE","Working_class",0.327775390712514,0.0320982546723314,TRUE,"Working_class",1072,19,80,"SC≥10|Top5%"
"XIMIDACLOPRID","XSIMAZINE","Combined_SES",0.3123701752771,0.0373427294189006,TRUE,"Education.index, rent",1072,19,80,"SC≥10|Top5%"
"XIMIDACLOPRID","XTEBUPIRIMPHOS","NULL",0.574138352513056,0.0168519720781218,TRUE,"None",643,17,57,"SC≥10|Top5%"
"XIMIDACLOPRID","XTEBUPIRIMPHOS","NULL+Pesti2",0.419661865726759,0.0853737216927894,FALSE,"None",643,17,57,"SC≥10|Top5%"
"XIMIDACLOPRID","XTEBUPIRIMPHOS","Education.index",0.412205980204962,0.0881574081583122,FALSE,"Education.index",643,17,57,"SC≥10|Top5%"
"XIMIDACLOPRID","XTEBUPIRIMPHOS","Income",0.446006820602102,0.0687664180466405,FALSE,"Income",643,17,57,"SC≥10|Top5%"
"XIMIDACLOPRID","XTEBUPIRIMPHOS","home_value",0.416788394195158,0.0864684932183981,FALSE,"home_value",643,17,57,"SC≥10|Top5%"
"XIMIDACLOPRID","XTEBUPIRIMPHOS","rent",0.470115984340771,0.0535162560774304,FALSE,"rent",643,17,57,"SC≥10|Top5%"
"XIMIDACLOPRID","XTEBUPIRIMPHOS","Poverty_150",0.387524642956676,0.114950190798782,FALSE,"Poverty_150",643,17,57,"SC≥10|Top5%"
"XIMIDACLOPRID","XTEBUPIRIMPHOS","Unemployed",0.390516721157418,0.11166404274948,FALSE,"Unemployed",643,17,57,"SC≥10|Top5%"
"XIMIDACLOPRID","XTEBUPIRIMPHOS","Working_class",0.427983714405767,0.0798652558722295,FALSE,"Working_class",643,17,57,"SC≥10|Top5%"
"XIMIDACLOPRID","XTEBUPIRIMPHOS","Combined_SES",0.437275227118332,0.0743928427690547,FALSE,"Education.index, rent",643,17,57,"SC≥10|Top5%"
"XNICOSULFURON","XACETOCHLOR","NULL",0.495638337484227,4.34407894604215e-05,TRUE,"None",1382,19,94,"SC≥10|Top5%"
"XNICOSULFURON","XACETOCHLOR","NULL+Pesti2",0.424714842827413,0.0641105098316976,FALSE,"None",1382,19,94,"SC≥10|Top5%"
"XNICOSULFURON","XACETOCHLOR","Education.index",0.423707984059725,0.0644841217815479,FALSE,"Education.index",1382,19,94,"SC≥10|Top5%"
"XNICOSULFURON","XACETOCHLOR","Income",0.428477563525063,0.0620652922405712,FALSE,"Income",1382,19,94,"SC≥10|Top5%"
"XNICOSULFURON","XACETOCHLOR","home_value",0.426491594896483,0.0632700632695714,FALSE,"home_value",1382,19,94,"SC≥10|Top5%"
"XNICOSULFURON","XACETOCHLOR","rent",0.423248122150448,0.0654156835413916,FALSE,"rent",1382,19,94,"SC≥10|Top5%"
"XNICOSULFURON","XACETOCHLOR","Poverty_150",0.41955075936214,0.0709000419312215,FALSE,"Poverty_150",1382,19,94,"SC≥10|Top5%"
"XNICOSULFURON","XACETOCHLOR","Unemployed",0.500382246750055,0.0311907274500098,TRUE,"Unemployed",1382,19,94,"SC≥10|Top5%"
"XNICOSULFURON","XACETOCHLOR","Working_class",0.424936088034962,0.0642494092687097,FALSE,"Working_class",1382,19,94,"SC≥10|Top5%"
"XNICOSULFURON","XACETOCHLOR","Combined_SES",0.500382246750055,0.0311907274500098,TRUE,"Unemployed",1382,19,94,"SC≥10|Top5%"
"XNICOSULFURON","XATRAZINE","NULL",0.495609555846888,5.86252659504497e-07,TRUE,"None",1691,21,95,"SC≥10|Top5%"
"XNICOSULFURON","XATRAZINE","NULL+Pesti2",0.297588016901975,0.158593000578445,FALSE,"None",1691,21,95,"SC≥10|Top5%"
"XNICOSULFURON","XATRAZINE","Education.index",0.316502550716684,0.133587209919992,FALSE,"Education.index",1691,21,95,"SC≥10|Top5%"
"XNICOSULFURON","XATRAZINE","Income",0.300692780572911,0.154864592826277,FALSE,"Income",1691,21,95,"SC≥10|Top5%"
"XNICOSULFURON","XATRAZINE","home_value",0.299844382004153,0.156358909971104,FALSE,"home_value",1691,21,95,"SC≥10|Top5%"
"XNICOSULFURON","XATRAZINE","rent",0.28732471693753,0.176216503466083,FALSE,"rent",1691,21,95,"SC≥10|Top5%"
"XNICOSULFURON","XATRAZINE","Poverty_150",0.302354132810526,0.154590419559725,FALSE,"Poverty_150",1691,21,95,"SC≥10|Top5%"
"XNICOSULFURON","XATRAZINE","Unemployed",0.372065823340078,0.0846971706108765,FALSE,"Unemployed",1691,21,95,"SC≥10|Top5%"
"XNICOSULFURON","XATRAZINE","Working_class",0.304553326403259,0.150751397151829,FALSE,"Working_class",1691,21,95,"SC≥10|Top5%"
"XNICOSULFURON","XDIAZINON","NULL",0.501051861814864,2.86956634576832e-06,TRUE,"None",1408,21,95,"SC≥10|Top5%"
"XNICOSULFURON","XDIAZINON","NULL+Pesti2",0.46071750718575,3.20440178151066e-05,TRUE,"None",1408,21,95,"SC≥10|Top5%"
"XNICOSULFURON","XDIAZINON","Education.index",0.410156984867783,0.000211354620956799,TRUE,"Education.index",1408,21,95,"SC≥10|Top5%"
"XNICOSULFURON","XDIAZINON","Income",0.457264173412019,4.83171740693953e-05,TRUE,"Income",1408,21,95,"SC≥10|Top5%"
"XNICOSULFURON","XDIAZINON","home_value",0.430048795561929,0.00038321425996917,TRUE,"home_value",1408,21,95,"SC≥10|Top5%"
"XNICOSULFURON","XDIAZINON","rent",0.408593548173494,0.000797078779769304,TRUE,"rent",1408,21,95,"SC≥10|Top5%"
"XNICOSULFURON","XDIAZINON","Poverty_150",0.48069700950604,3.52882282711066e-05,TRUE,"Poverty_150",1408,21,95,"SC≥10|Top5%"
"XNICOSULFURON","XDIAZINON","Unemployed",0.558926542556372,1.48035770509463e-05,TRUE,"Unemployed",1408,21,95,"SC≥10|Top5%"
"XNICOSULFURON","XDIAZINON","Working_class",0.465615053470925,4.64803157124585e-05,TRUE,"Working_class",1408,21,95,"SC≥10|Top5%"
"XNICOSULFURON","XDIAZINON","Combined_SES",0.410156984867783,0.000211354620956799,TRUE,"Education.index",1408,21,95,"SC≥10|Top5%"
"XNICOSULFURON","XESFENVALERATE","NULL",0.503549790453695,7.48654399404916e-07,TRUE,"None",1671,21,95,"SC≥10|Top5%"
"XNICOSULFURON","XESFENVALERATE","NULL+Pesti2",0.430864738458598,0.00202408160276537,TRUE,"None",1671,21,95,"SC≥10|Top5%"
"XNICOSULFURON","XESFENVALERATE","Education.index",0.405914981321479,0.00358216281443073,TRUE,"Education.index",1671,21,95,"SC≥10|Top5%"
"XNICOSULFURON","XESFENVALERATE","Income",0.43558507226654,0.00230402093788962,TRUE,"Income",1671,21,95,"SC≥10|Top5%"
"XNICOSULFURON","XESFENVALERATE","home_value",0.424278757659069,0.00428823332858629,TRUE,"home_value",1671,21,95,"SC≥10|Top5%"
"XNICOSULFURON","XESFENVALERATE","rent",0.388723562005609,0.0104374217132462,TRUE,"rent",1671,21,95,"SC≥10|Top5%"
"XNICOSULFURON","XESFENVALERATE","Poverty_150",0.435889584124393,0.00222257585073158,TRUE,"Poverty_150",1671,21,95,"SC≥10|Top5%"
"XNICOSULFURON","XESFENVALERATE","Unemployed",0.532183072460282,0.000565681905607991,TRUE,"Unemployed",1671,21,95,"SC≥10|Top5%"
"XNICOSULFURON","XESFENVALERATE","Working_class",0.437250099615834,0.00244720072785659,TRUE,"Working_class",1671,21,95,"SC≥10|Top5%"
"XNICOSULFURON","XFENBUCONAZOLE","NULL",0.370791271026688,0.0334277758226323,TRUE,"None",329,18,27,"SC≥10|Top5%"
"XNICOSULFURON","XFENBUCONAZOLE","NULL+Pesti2",0.374604596184078,0.0250635537239063,TRUE,"None",329,18,27,"SC≥10|Top5%"
"XNICOSULFURON","XFENBUCONAZOLE","Education.index",0.35457959073227,0.0246305934779749,TRUE,"Education.index",329,18,27,"SC≥10|Top5%"
"XNICOSULFURON","XFENBUCONAZOLE","Income",0.361261885296733,0.021990363982238,TRUE,"Income",329,18,27,"SC≥10|Top5%"
"XNICOSULFURON","XFENBUCONAZOLE","home_value",0.398072100964376,0.0118600726612258,TRUE,"home_value",329,18,27,"SC≥10|Top5%"
"XNICOSULFURON","XFENBUCONAZOLE","rent",0.382483446033836,0.0155839443112557,TRUE,"rent",329,18,27,"SC≥10|Top5%"
"XNICOSULFURON","XFENBUCONAZOLE","Poverty_150",0.31202712260937,0.0481834880004599,TRUE,"Poverty_150",329,18,27,"SC≥10|Top5%"
"XNICOSULFURON","XFENBUCONAZOLE","Unemployed",0.343452170909443,0.0392820010023766,TRUE,"Unemployed",329,18,27,"SC≥10|Top5%"
"XNICOSULFURON","XFENBUCONAZOLE","Working_class",0.394892631800313,0.0146200361199304,TRUE,"Working_class",329,18,27,"SC≥10|Top5%"
"XNICOSULFURON","XFENBUCONAZOLE","Combined_SES",0.301518342421804,0.0629863120164927,FALSE,"Education.index, Income, home_value, Poverty_150",329,18,27,"SC≥10|Top5%"
"XNICOSULFURON","XFLUMIOXAZIN","NULL",0.516595390185525,0.0484083593853837,TRUE,"None",677,12,79,"SC≥10|Top5%"
"XNICOSULFURON","XFLUMIOXAZIN","NULL+Pesti2",0.174479095649993,0.647307469299393,FALSE,"None",677,12,79,"SC≥10|Top5%"
"XNICOSULFURON","XFLUMIOXAZIN","Education.index",0.173980414574563,0.649873230098045,FALSE,"Education.index",677,12,79,"SC≥10|Top5%"
"XNICOSULFURON","XFLUMIOXAZIN","Income",0.198942805143886,0.609709704742181,FALSE,"Income",677,12,79,"SC≥10|Top5%"
"XNICOSULFURON","XFLUMIOXAZIN","home_value",0.268819919500126,0.502912430072324,FALSE,"home_value",677,12,79,"SC≥10|Top5%"
"XNICOSULFURON","XFLUMIOXAZIN","rent",0.188312427231265,0.645209584150126,FALSE,"rent",677,12,79,"SC≥10|Top5%"
"XNICOSULFURON","XFLUMIOXAZIN","Poverty_150",0.174177117215687,0.649166447013179,FALSE,"Poverty_150",677,12,79,"SC≥10|Top5%"
"XNICOSULFURON","XFLUMIOXAZIN","Unemployed",0.363529560436048,0.358119980360487,FALSE,"Unemployed",677,12,79,"SC≥10|Top5%"
"XNICOSULFURON","XFLUMIOXAZIN","Working_class",0.170474938171958,0.659581520459051,FALSE,"Working_class",677,12,79,"SC≥10|Top5%"
"XNICOSULFURON","XGLYPHOSATE","NULL",0.495771095787605,5.64591385031844e-07,TRUE,"None",1693,21,95,"SC≥10|Top5%"
"XNICOSULFURON","XGLYPHOSATE","NULL+Pesti2",0.334670990031047,0.0547038612697935,FALSE,"None",1693,21,95,"SC≥10|Top5%"
"XNICOSULFURON","XGLYPHOSATE","Education.index",0.309353220318049,0.0758860415454405,FALSE,"Education.index",1693,21,95,"SC≥10|Top5%"
"XNICOSULFURON","XGLYPHOSATE","Income",0.333957643049002,0.0554519958895854,FALSE,"Income",1693,21,95,"SC≥10|Top5%"
"XNICOSULFURON","XGLYPHOSATE","home_value",0.33545766749995,0.0544249957279107,FALSE,"home_value",1693,21,95,"SC≥10|Top5%"
"XNICOSULFURON","XGLYPHOSATE","rent",0.332818605426853,0.0563640735359612,FALSE,"rent",1693,21,95,"SC≥10|Top5%"
"XNICOSULFURON","XGLYPHOSATE","Poverty_150",0.338761625003402,0.055993970653943,FALSE,"Poverty_150",1693,21,95,"SC≥10|Top5%"
"XNICOSULFURON","XGLYPHOSATE","Unemployed",0.398670127957442,0.0250142482499247,TRUE,"Unemployed",1693,21,95,"SC≥10|Top5%"
"XNICOSULFURON","XGLYPHOSATE","Working_class",0.335877052290172,0.0541267149500394,FALSE,"Working_class",1693,21,95,"SC≥10|Top5%"
"XNICOSULFURON","XIMIDACLOPRID","NULL",0.419106564891881,0.000525811095568734,TRUE,"None",1225,19,95,"SC≥10|Top5%"
"XNICOSULFURON","XIMIDACLOPRID","NULL+Pesti2",0.409138268502731,0.00141113146324834,TRUE,"None",1225,19,95,"SC≥10|Top5%"
"XNICOSULFURON","XIMIDACLOPRID","Education.index",0.39559569200636,0.00205274143764049,TRUE,"Education.index",1225,19,95,"SC≥10|Top5%"
"XNICOSULFURON","XIMIDACLOPRID","Income",0.409242833453366,0.00155974167463186,TRUE,"Income",1225,19,95,"SC≥10|Top5%"
"XNICOSULFURON","XIMIDACLOPRID","home_value",0.401520762464158,0.00320349660446927,TRUE,"home_value",1225,19,95,"SC≥10|Top5%"
"XNICOSULFURON","XIMIDACLOPRID","rent",0.379981389161396,0.00600124695705973,TRUE,"rent",1225,19,95,"SC≥10|Top5%"
"XNICOSULFURON","XIMIDACLOPRID","Poverty_150",0.425919589591482,0.00169022475712358,TRUE,"Poverty_150",1225,19,95,"SC≥10|Top5%"
"XNICOSULFURON","XIMIDACLOPRID","Unemployed",0.552492983111602,0.000166311871822523,TRUE,"Unemployed",1225,19,95,"SC≥10|Top5%"
"XNICOSULFURON","XIMIDACLOPRID","Working_class",0.416723208424983,0.00168665026582495,TRUE,"Working_class",1225,19,95,"SC≥10|Top5%"
"XNICOSULFURON","XIMIDACLOPRID","Combined_SES",0.552492983111602,0.000166311871822523,TRUE,"Unemployed",1225,19,95,"SC≥10|Top5%"
"XNICOSULFURON","XPICLORAM","NULL",0.528457259221785,7.41376911447514e-07,TRUE,"None",1535,21,94,"SC≥10|Top5%"
"XNICOSULFURON","XPICLORAM","NULL+Pesti2",0.486716913442059,1.12058923023063e-05,TRUE,"None",1535,21,94,"SC≥10|Top5%"
"XNICOSULFURON","XPICLORAM","Education.index",0.470683984731724,1.87023475847792e-05,TRUE,"Education.index",1535,21,94,"SC≥10|Top5%"
"XNICOSULFURON","XPICLORAM","Income",0.489114472451321,1.01582057568541e-05,TRUE,"Income",1535,21,94,"SC≥10|Top5%"
"XNICOSULFURON","XPICLORAM","home_value",0.471436971592165,4.23585129378726e-05,TRUE,"home_value",1535,21,94,"SC≥10|Top5%"
"XNICOSULFURON","XPICLORAM","rent",0.441095269520178,0.000131244157210581,TRUE,"rent",1535,21,94,"SC≥10|Top5%"
"XNICOSULFURON","XPICLORAM","Poverty_150",0.526730408921234,2.47778959614478e-05,TRUE,"Poverty_150",1535,21,94,"SC≥10|Top5%"
"XNICOSULFURON","XPICLORAM","Unemployed",0.617005712896918,4.32888492866305e-06,TRUE,"Unemployed",1535,21,94,"SC≥10|Top5%"
"XNICOSULFURON","XPICLORAM","Working_class",0.48034874332825,1.94791965455203e-05,TRUE,"Working_class",1535,21,94,"SC≥10|Top5%"
"XNICOSULFURON","XPROPARGITE","NULL",0.370094757341297,0.00171849646794919,TRUE,"None",797,21,87,"SC≥10|Top5%"
"XNICOSULFURON","XPROPARGITE","NULL+Pesti2",0.377587237932112,0.001257833657108,TRUE,"None",797,21,87,"SC≥10|Top5%"
"XNICOSULFURON","XPROPARGITE","Education.index",0.371441708700744,0.00127546492441648,TRUE,"Education.index",797,21,87,"SC≥10|Top5%"
"XNICOSULFURON","XPROPARGITE","Income",0.381797934955121,0.0012275944880028,TRUE,"Income",797,21,87,"SC≥10|Top5%"
"XNICOSULFURON","XPROPARGITE","home_value",0.376082442649049,0.00147676243845927,TRUE,"home_value",797,21,87,"SC≥10|Top5%"
"XNICOSULFURON","XPROPARGITE","rent",0.370377494362679,0.00168903319144519,TRUE,"rent",797,21,87,"SC≥10|Top5%"
"XNICOSULFURON","XPROPARGITE","Poverty_150",0.420479849052154,0.000705265246230689,TRUE,"Poverty_150",797,21,87,"SC≥10|Top5%"
"XNICOSULFURON","XPROPARGITE","Unemployed",0.455878031865484,0.000647517502038741,TRUE,"Unemployed",797,21,87,"SC≥10|Top5%"
"XNICOSULFURON","XPROPARGITE","Working_class",0.383168930886507,0.00121182408551211,TRUE,"Working_class",797,21,87,"SC≥10|Top5%"
"XNICOSULFURON","XSIMAZINE","NULL",0.537055953712512,8.06928537500005e-07,TRUE,"None",1578,21,95,"SC≥10|Top5%"
"XNICOSULFURON","XSIMAZINE","NULL+Pesti2",0.367227965182027,0.0168309053796495,TRUE,"None",1578,21,95,"SC≥10|Top5%"
"XNICOSULFURON","XSIMAZINE","Education.index",0.297456527389793,0.0575389877324144,FALSE,"Education.index",1578,21,95,"SC≥10|Top5%"
"XNICOSULFURON","XSIMAZINE","Income",0.39482140221949,0.0166165648922499,TRUE,"Income",1578,21,95,"SC≥10|Top5%"
"XNICOSULFURON","XSIMAZINE","home_value",0.379518497208681,0.0287824547276166,TRUE,"home_value",1578,21,95,"SC≥10|Top5%"
"XNICOSULFURON","XSIMAZINE","rent",0.343749024726819,0.0488697464780756,TRUE,"rent",1578,21,95,"SC≥10|Top5%"
"XNICOSULFURON","XSIMAZINE","Poverty_150",0.363839965475799,0.0188041505013326,TRUE,"Poverty_150",1578,21,95,"SC≥10|Top5%"
"XNICOSULFURON","XSIMAZINE","Unemployed",0.434626716445259,0.0060927976404631,TRUE,"Unemployed",1578,21,95,"SC≥10|Top5%"
"XNICOSULFURON","XSIMAZINE","Working_class",0.380702007401934,0.0187619160546425,TRUE,"Working_class",1578,21,95,"SC≥10|Top5%"
"XNICOSULFURON","XTEBUPIRIMPHOS","NULL",0.577963554812186,0.000210491388638572,TRUE,"None",1003,17,76,"SC≥10|Top5%"
"XNICOSULFURON","XTEBUPIRIMPHOS","NULL+Pesti2",0.273972736917154,0.377751172054074,FALSE,"None",1003,17,76,"SC≥10|Top5%"
"XNICOSULFURON","XTEBUPIRIMPHOS","Education.index",0.255783746514532,0.410029299708188,FALSE,"Education.index",1003,17,76,"SC≥10|Top5%"
"XNICOSULFURON","XTEBUPIRIMPHOS","Income",0.283045341325345,0.362612789865172,FALSE,"Income",1003,17,76,"SC≥10|Top5%"
"XNICOSULFURON","XTEBUPIRIMPHOS","home_value",0.228238112382269,0.466119559197793,FALSE,"home_value",1003,17,76,"SC≥10|Top5%"
"XNICOSULFURON","XTEBUPIRIMPHOS","rent",0.246531674122504,0.427014934478285,FALSE,"rent",1003,17,76,"SC≥10|Top5%"
"XNICOSULFURON","XTEBUPIRIMPHOS","Poverty_150",0.316794907973407,0.31327215797804,FALSE,"Poverty_150",1003,17,76,"SC≥10|Top5%"
"XNICOSULFURON","XTEBUPIRIMPHOS","Unemployed",0.389800109465925,0.214348629413842,FALSE,"Unemployed",1003,17,76,"SC≥10|Top5%"
"XNICOSULFURON","XTEBUPIRIMPHOS","Working_class",0.269477987670905,0.386163908975201,FALSE,"Working_class",1003,17,76,"SC≥10|Top5%"
"XNICOSULFURON","XTEBUPIRIMPHOS","Combined_SES",0.389800109465925,0.214348629413842,FALSE,"Unemployed",1003,17,76,"SC≥10|Top5%"
"XPICLORAM","XACETOCHLOR","NULL",0.77578178826342,0.000114916861752392,TRUE,"None",1381,19,93,"SC≥10|Top5%"
"XPICLORAM","XACETOCHLOR","NULL+Pesti2",0.628757765212211,0.00216609228911286,TRUE,"None",1381,19,93,"SC≥10|Top5%"
"XPICLORAM","XACETOCHLOR","Education.index",0.613897819356907,0.00266998068789429,TRUE,"Education.index",1381,19,93,"SC≥10|Top5%"
"XPICLORAM","XACETOCHLOR","Income",0.628131573673936,0.00218372932786934,TRUE,"Income",1381,19,93,"SC≥10|Top5%"
"XPICLORAM","XACETOCHLOR","home_value",0.62027071682784,0.00251457042788148,TRUE,"home_value",1381,19,93,"SC≥10|Top5%"
"XPICLORAM","XACETOCHLOR","rent",0.636608080969063,0.00186711454218907,TRUE,"rent",1381,19,93,"SC≥10|Top5%"
"XPICLORAM","XACETOCHLOR","Poverty_150",0.624591744683648,0.00237675045680885,TRUE,"Poverty_150",1381,19,93,"SC≥10|Top5%"
"XPICLORAM","XACETOCHLOR","Unemployed",0.619468596738013,0.00251270974312514,TRUE,"Unemployed",1381,19,93,"SC≥10|Top5%"
"XPICLORAM","XACETOCHLOR","Working_class",0.639692618306583,0.00183706096090348,TRUE,"Working_class",1381,19,93,"SC≥10|Top5%"
"XPICLORAM","XATRAZINE","NULL",0.525544856258449,0.000567657266009615,TRUE,"None",1830,21,94,"SC≥10|Top5%"
"XPICLORAM","XATRAZINE","NULL+Pesti2",0.362510495112073,0.0248696448821564,TRUE,"None",1830,21,94,"SC≥10|Top5%"
"XPICLORAM","XATRAZINE","Education.index",0.323826413305232,0.0438098337314256,TRUE,"Education.index",1830,21,94,"SC≥10|Top5%"
"XPICLORAM","XATRAZINE","Income",0.354093941206139,0.0284068426977114,TRUE,"Income",1830,21,94,"SC≥10|Top5%"
"XPICLORAM","XATRAZINE","home_value",0.348872841526185,0.0331784368991557,TRUE,"home_value",1830,21,94,"SC≥10|Top5%"
"XPICLORAM","XATRAZINE","rent",0.339537181861855,0.0353903397696302,TRUE,"rent",1830,21,94,"SC≥10|Top5%"
"XPICLORAM","XATRAZINE","Poverty_150",0.351176110436373,0.0309922374965231,TRUE,"Poverty_150",1830,21,94,"SC≥10|Top5%"
"XPICLORAM","XATRAZINE","Unemployed",0.361796404241466,0.0249800784075839,TRUE,"Unemployed",1830,21,94,"SC≥10|Top5%"
"XPICLORAM","XATRAZINE","Working_class",0.363677794103439,0.0243905410609764,TRUE,"Working_class",1830,21,94,"SC≥10|Top5%"
"XPICLORAM","XATRAZINE","Combined_SES",0.323826413305232,0.0438098337314256,TRUE,"Education.index",1830,21,94,"SC≥10|Top5%"
"XPICLORAM","XDIAZINON","NULL",0.509647867470592,0.00219197208678388,TRUE,"None",1505,21,94,"SC≥10|Top5%"
"XPICLORAM","XDIAZINON","NULL+Pesti2",0.488534013083847,0.00344742002218267,TRUE,"None",1505,21,94,"SC≥10|Top5%"
"XPICLORAM","XDIAZINON","Education.index",0.427439573878191,0.00993039243965875,TRUE,"Education.index",1505,21,94,"SC≥10|Top5%"
"XPICLORAM","XDIAZINON","Income",0.485343623714271,0.003575921090263,TRUE,"Income",1505,21,94,"SC≥10|Top5%"
"XPICLORAM","XDIAZINON","home_value",0.416469992227816,0.0156904274442959,TRUE,"home_value",1505,21,94,"SC≥10|Top5%"
"XPICLORAM","XDIAZINON","rent",0.408983590916242,0.0152174704271095,TRUE,"rent",1505,21,94,"SC≥10|Top5%"
"XPICLORAM","XDIAZINON","Poverty_150",0.487357725546034,0.00360533164598617,TRUE,"Poverty_150",1505,21,94,"SC≥10|Top5%"
"XPICLORAM","XDIAZINON","Unemployed",0.479348838452411,0.00487954677806976,TRUE,"Unemployed",1505,21,94,"SC≥10|Top5%"
"XPICLORAM","XDIAZINON","Working_class",0.476059631506553,0.00441810514387832,TRUE,"Working_class",1505,21,94,"SC≥10|Top5%"
"XPICLORAM","XDIAZINON","Combined_SES",0.40676549179443,0.0153684686578328,TRUE,"Education.index, rent",1505,21,94,"SC≥10|Top5%"
"XPICLORAM","XESFENVALERATE","NULL",0.549831189479806,0.000441147753691831,TRUE,"None",1750,21,92,"SC≥10|Top5%"
"XPICLORAM","XESFENVALERATE","NULL+Pesti2",0.443315921697585,0.00634661105373294,TRUE,"None",1750,21,92,"SC≥10|Top5%"
"XPICLORAM","XESFENVALERATE","Education.index",0.39179235548514,0.0151010410047081,TRUE,"Education.index",1750,21,92,"SC≥10|Top5%"
"XPICLORAM","XESFENVALERATE","Income",0.425128100545166,0.00866350773803828,TRUE,"Income",1750,21,92,"SC≥10|Top5%"
"XPICLORAM","XESFENVALERATE","home_value",0.391914320243452,0.0185703732958383,TRUE,"home_value",1750,21,92,"SC≥10|Top5%"
"XPICLORAM","XESFENVALERATE","rent",0.376736571917826,0.0208198291158081,TRUE,"rent",1750,21,92,"SC≥10|Top5%"
"XPICLORAM","XESFENVALERATE","Poverty_150",0.440670439043695,0.00677579685336323,TRUE,"Poverty_150",1750,21,92,"SC≥10|Top5%"
"XPICLORAM","XESFENVALERATE","Unemployed",0.450417349201113,0.00581410054515291,TRUE,"Unemployed",1750,21,92,"SC≥10|Top5%"
"XPICLORAM","XESFENVALERATE","Working_class",0.438027481470443,0.00694851088624366,TRUE,"Working_class",1750,21,92,"SC≥10|Top5%"
"XPICLORAM","XESFENVALERATE","Combined_SES",0.375101705806456,0.0209981682084195,TRUE,"Education.index, rent",1750,21,92,"SC≥10|Top5%"
"XPICLORAM","XFENBUCONAZOLE","NULL",-0.132270823483047,0.419722813753044,FALSE,"None",255,18,21,"SC≥10|Top5%"
"XPICLORAM","XFENBUCONAZOLE","NULL+Pesti2",-0.226850457867527,0.24956001889131,FALSE,"None",255,18,21,"SC≥10|Top5%"
"XPICLORAM","XFENBUCONAZOLE","Education.index",-0.157828727013673,0.413444898057684,FALSE,"Education.index",255,18,21,"SC≥10|Top5%"
"XPICLORAM","XFENBUCONAZOLE","Income",-0.204677570230034,0.287818950350051,FALSE,"Income",255,18,21,"SC≥10|Top5%"
"XPICLORAM","XFENBUCONAZOLE","home_value",-0.107077168571971,0.588946383062064,FALSE,"home_value",255,18,21,"SC≥10|Top5%"
"XPICLORAM","XFENBUCONAZOLE","rent",-0.197768146136047,0.30448550495031,FALSE,"rent",255,18,21,"SC≥10|Top5%"
"XPICLORAM","XFENBUCONAZOLE","Poverty_150",-0.158300296822973,0.422772465014474,FALSE,"Poverty_150",255,18,21,"SC≥10|Top5%"
"XPICLORAM","XFENBUCONAZOLE","Unemployed",-0.235001935746865,0.234384653846012,FALSE,"Unemployed",255,18,21,"SC≥10|Top5%"
"XPICLORAM","XFENBUCONAZOLE","Working_class",-0.243776240957836,0.203921909677143,FALSE,"Working_class",255,18,21,"SC≥10|Top5%"
"XPICLORAM","XFENBUCONAZOLE","Combined_SES",-0.124198320668643,0.533438423048161,FALSE,"Education.index, home_value",255,18,21,"SC≥10|Top5%"
"XPICLORAM","XFLUMIOXAZIN","NULL",0.822772321605755,0.0049618431051586,TRUE,"None",685,12,83,"SC≥10|Top5%"
"XPICLORAM","XFLUMIOXAZIN","NULL+Pesti2",0.610715921087204,0.050337461820793,FALSE,"None",685,12,83,"SC≥10|Top5%"
"XPICLORAM","XFLUMIOXAZIN","Education.index",0.581293744209534,0.063282292003462,FALSE,"Education.index",685,12,83,"SC≥10|Top5%"
"XPICLORAM","XFLUMIOXAZIN","Income",0.602246329896371,0.0537980019693288,FALSE,"Income",685,12,83,"SC≥10|Top5%"
"XPICLORAM","XFLUMIOXAZIN","home_value",0.618933022133764,0.0502659570032944,FALSE,"home_value",685,12,83,"SC≥10|Top5%"
"XPICLORAM","XFLUMIOXAZIN","rent",0.593859810477591,0.0581799174212277,FALSE,"rent",685,12,83,"SC≥10|Top5%"
"XPICLORAM","XFLUMIOXAZIN","Poverty_150",0.590547440256727,0.0587009870016027,FALSE,"Poverty_150",685,12,83,"SC≥10|Top5%"
"XPICLORAM","XFLUMIOXAZIN","Unemployed",0.64341190332734,0.0393404254024613,TRUE,"Unemployed",685,12,83,"SC≥10|Top5%"
"XPICLORAM","XFLUMIOXAZIN","Working_class",0.603296492001876,0.0537983770512458,FALSE,"Working_class",685,12,83,"SC≥10|Top5%"
"XPICLORAM","XGLYPHOSATE","NULL",0.530296010579696,0.000451921502249812,TRUE,"None",1857,21,94,"SC≥10|Top5%"
"XPICLORAM","XGLYPHOSATE","NULL+Pesti2",0.337855898995328,0.0351235519488226,TRUE,"None",1857,21,94,"SC≥10|Top5%"
"XPICLORAM","XGLYPHOSATE","Education.index",0.283226152970863,0.0755320536521957,FALSE,"Education.index",1857,21,94,"SC≥10|Top5%"
"XPICLORAM","XGLYPHOSATE","Income",0.326727554836869,0.0413794560294424,TRUE,"Income",1857,21,94,"SC≥10|Top5%"
"XPICLORAM","XGLYPHOSATE","home_value",0.322158353170173,0.0473102926422409,TRUE,"home_value",1857,21,94,"SC≥10|Top5%"
"XPICLORAM","XGLYPHOSATE","rent",0.324005689592362,0.042712951592984,TRUE,"rent",1857,21,94,"SC≥10|Top5%"
"XPICLORAM","XGLYPHOSATE","Poverty_150",0.319532970702424,0.0478538855373763,TRUE,"Poverty_150",1857,21,94,"SC≥10|Top5%"
"XPICLORAM","XGLYPHOSATE","Unemployed",0.333453201604766,0.0370468345374861,TRUE,"Unemployed",1857,21,94,"SC≥10|Top5%"
"XPICLORAM","XGLYPHOSATE","Working_class",0.340186434941927,0.0339081383815674,TRUE,"Working_class",1857,21,94,"SC≥10|Top5%"
"XPICLORAM","XGLYPHOSATE","Combined_SES",0.283226152970863,0.0755320536521957,FALSE,"Education.index",1857,21,94,"SC≥10|Top5%"
"XPICLORAM","XIMIDACLOPRID","NULL",0.598657392931744,0.000323978646976806,TRUE,"None",1320,19,93,"SC≥10|Top5%"
"XPICLORAM","XIMIDACLOPRID","NULL+Pesti2",0.595230985002763,0.000691181850878913,TRUE,"None",1320,19,93,"SC≥10|Top5%"
"XPICLORAM","XIMIDACLOPRID","Education.index",0.545178665009694,0.00184032516434321,TRUE,"Education.index",1320,19,93,"SC≥10|Top5%"
"XPICLORAM","XIMIDACLOPRID","Income",0.585966033383379,0.000818644538434633,TRUE,"Income",1320,19,93,"SC≥10|Top5%"
"XPICLORAM","XIMIDACLOPRID","home_value",0.547585914645917,0.0021888169336775,TRUE,"home_value",1320,19,93,"SC≥10|Top5%"
"XPICLORAM","XIMIDACLOPRID","rent",0.533081869920277,0.00245245210594322,TRUE,"rent",1320,19,93,"SC≥10|Top5%"
"XPICLORAM","XIMIDACLOPRID","Poverty_150",0.594069732831608,0.000721960065043,TRUE,"Poverty_150",1320,19,93,"SC≥10|Top5%"
"XPICLORAM","XIMIDACLOPRID","Unemployed",0.602571879719372,0.000639347493131474,TRUE,"Unemployed",1320,19,93,"SC≥10|Top5%"
"XPICLORAM","XIMIDACLOPRID","Working_class",0.587913775200519,0.000791393319984986,TRUE,"Working_class",1320,19,93,"SC≥10|Top5%"
"XPICLORAM","XIMIDACLOPRID","Combined_SES",0.528035068807151,0.00267103372891143,TRUE,"Education.index, rent",1320,19,93,"SC≥10|Top5%"
"XPICLORAM","XNICOSULFURON","NULL",0.662885002994,0.000154837828604892,TRUE,"None",1557,21,92,"SC≥10|Top5%"
"XPICLORAM","XNICOSULFURON","NULL+Pesti2",0.475269756780181,0.00748005624626793,TRUE,"None",1557,21,92,"SC≥10|Top5%"
"XPICLORAM","XNICOSULFURON","Education.index",0.432562650815526,0.0144490425945843,TRUE,"Education.index",1557,21,92,"SC≥10|Top5%"
"XPICLORAM","XNICOSULFURON","Income",0.463799089893903,0.00901694767325665,TRUE,"Income",1557,21,92,"SC≥10|Top5%"
"XPICLORAM","XNICOSULFURON","home_value",0.448363215610223,0.0132222779433016,TRUE,"home_value",1557,21,92,"SC≥10|Top5%"
"XPICLORAM","XNICOSULFURON","rent",0.44298829118697,0.0125187595020027,TRUE,"rent",1557,21,92,"SC≥10|Top5%"
"XPICLORAM","XNICOSULFURON","Poverty_150",0.448956097646824,0.0121681139710134,TRUE,"Poverty_150",1557,21,92,"SC≥10|Top5%"
"XPICLORAM","XNICOSULFURON","Unemployed",0.480036874241515,0.00685770478126975,TRUE,"Unemployed",1557,21,92,"SC≥10|Top5%"
"XPICLORAM","XNICOSULFURON","Working_class",0.479250430673438,0.00703844186025525,TRUE,"Working_class",1557,21,92,"SC≥10|Top5%"
"XPICLORAM","XNICOSULFURON","Combined_SES",0.432562650815526,0.0144490425945843,TRUE,"Education.index",1557,21,92,"SC≥10|Top5%"
"XPICLORAM","XPROPARGITE","NULL",0.303273252923303,0.064641543591132,FALSE,"None",972,21,85,"SC≥10|Top5%"
"XPICLORAM","XPROPARGITE","NULL+Pesti2",0.418228182080358,0.0101937955734796,TRUE,"None",972,21,85,"SC≥10|Top5%"
"XPICLORAM","XPROPARGITE","Education.index",0.366828581145434,0.0256915196348932,TRUE,"Education.index",972,21,85,"SC≥10|Top5%"
"XPICLORAM","XPROPARGITE","Income",0.416101306286512,0.011139156047987,TRUE,"Income",972,21,85,"SC≥10|Top5%"
"XPICLORAM","XPROPARGITE","home_value",0.428171144877625,0.011278168031422,TRUE,"home_value",972,21,85,"SC≥10|Top5%"
"XPICLORAM","XPROPARGITE","rent",0.398268632978122,0.0167432709511725,TRUE,"rent",972,21,85,"SC≥10|Top5%"
"XPICLORAM","XPROPARGITE","Poverty_150",0.415229182485591,0.0110076019435482,TRUE,"Poverty_150",972,21,85,"SC≥10|Top5%"
"XPICLORAM","XPROPARGITE","Unemployed",0.440821228446141,0.00686870240902157,TRUE,"Unemployed",972,21,85,"SC≥10|Top5%"
"XPICLORAM","XPROPARGITE","Working_class",0.417844830276716,0.010552977831518,TRUE,"Working_class",972,21,85,"SC≥10|Top5%"
"XPICLORAM","XSIMAZINE","NULL",0.580389259153635,0.000639616961800135,TRUE,"None",1580,21,94,"SC≥10|Top5%"
"XPICLORAM","XSIMAZINE","NULL+Pesti2",0.436261582049452,0.0112114921835355,TRUE,"None",1580,21,94,"SC≥10|Top5%"
"XPICLORAM","XSIMAZINE","Education.index",0.371096509577288,0.0297302921499524,TRUE,"Education.index",1580,21,94,"SC≥10|Top5%"
"XPICLORAM","XSIMAZINE","Income",0.42647868827697,0.0129747063610136,TRUE,"Income",1580,21,94,"SC≥10|Top5%"
"XPICLORAM","XSIMAZINE","home_value",0.41636472668662,0.0191442121014876,TRUE,"home_value",1580,21,94,"SC≥10|Top5%"
"XPICLORAM","XSIMAZINE","rent",0.39298560276515,0.0226489881709876,TRUE,"rent",1580,21,94,"SC≥10|Top5%"
"XPICLORAM","XSIMAZINE","Poverty_150",0.427652476525346,0.0132334468690288,TRUE,"Poverty_150",1580,21,94,"SC≥10|Top5%"
"XPICLORAM","XSIMAZINE","Unemployed",0.451422741550001,0.00894299470821439,TRUE,"Unemployed",1580,21,94,"SC≥10|Top5%"
"XPICLORAM","XSIMAZINE","Working_class",0.43701082915684,0.0110156249302462,TRUE,"Working_class",1580,21,94,"SC≥10|Top5%"
"XPICLORAM","XSIMAZINE","Combined_SES",0.371096509577288,0.0297302921499524,TRUE,"Education.index",1580,21,94,"SC≥10|Top5%"
"XPICLORAM","XTEBUPIRIMPHOS","NULL",0.725588913049888,0.00281155910761642,TRUE,"None",1051,17,79,"SC≥10|Top5%"
"XPICLORAM","XTEBUPIRIMPHOS","NULL+Pesti2",0.633392172374971,0.00910435833174031,TRUE,"None",1051,17,79,"SC≥10|Top5%"
"XPICLORAM","XTEBUPIRIMPHOS","Education.index",0.613632368944957,0.0112245732347125,TRUE,"Education.index",1051,17,79,"SC≥10|Top5%"
"XPICLORAM","XTEBUPIRIMPHOS","Income",0.650406628612714,0.00743787186924156,TRUE,"Income",1051,17,79,"SC≥10|Top5%"
"XPICLORAM","XTEBUPIRIMPHOS","home_value",0.633367240801961,0.00898103247018217,TRUE,"home_value",1051,17,79,"SC≥10|Top5%"
"XPICLORAM","XTEBUPIRIMPHOS","rent",0.669208040916285,0.005692155206184,TRUE,"rent",1051,17,79,"SC≥10|Top5%"
"XPICLORAM","XTEBUPIRIMPHOS","Poverty_150",0.629555260653844,0.00959726295627582,TRUE,"Poverty_150",1051,17,79,"SC≥10|Top5%"
"XPICLORAM","XTEBUPIRIMPHOS","Unemployed",0.63021708409623,0.00944605482547067,TRUE,"Unemployed",1051,17,79,"SC≥10|Top5%"
"XPICLORAM","XTEBUPIRIMPHOS","Working_class",0.637600350127091,0.00870351882243934,TRUE,"Working_class",1051,17,79,"SC≥10|Top5%"
"XPICLORAM","XTEBUPIRIMPHOS","Combined_SES",0.645298657805191,0.00809623769235366,TRUE,"Education.index, rent",1051,17,79,"SC≥10|Top5%"
"XPROPARGITE","XACETOCHLOR","NULL",-0.262672931261756,0.0969398449649945,FALSE,"None",437,18,40,"SC≥10|Top5%"
"XPROPARGITE","XACETOCHLOR","NULL+Pesti2",-0.227489197572354,0.303640901185255,FALSE,"None",437,18,40,"SC≥10|Top5%"
"XPROPARGITE","XACETOCHLOR","Education.index",-0.231232660370762,0.295420008223753,FALSE,"Education.index",437,18,40,"SC≥10|Top5%"
"XPROPARGITE","XACETOCHLOR","Income",-0.222425776428548,0.314904286205256,FALSE,"Income",437,18,40,"SC≥10|Top5%"
"XPROPARGITE","XACETOCHLOR","home_value",-0.228681802842612,0.301769639020484,FALSE,"home_value",437,18,40,"SC≥10|Top5%"
"XPROPARGITE","XACETOCHLOR","rent",-0.228743909070175,0.301660420689123,FALSE,"rent",437,18,40,"SC≥10|Top5%"
"XPROPARGITE","XACETOCHLOR","Poverty_150",-0.224823470289153,0.309053958761439,FALSE,"Poverty_150",437,18,40,"SC≥10|Top5%"
"XPROPARGITE","XACETOCHLOR","Unemployed",-0.241060055306495,0.273530546806468,FALSE,"Unemployed",437,18,40,"SC≥10|Top5%"
"XPROPARGITE","XACETOCHLOR","Working_class",-0.228359909187117,0.302523085053298,FALSE,"Working_class",437,18,40,"SC≥10|Top5%"
"XPROPARGITE","XACETOCHLOR","Combined_SES",-0.241060055306495,0.273530546806468,FALSE,"Unemployed",437,18,40,"SC≥10|Top5%"
"XPROPARGITE","XATRAZINE","NULL",-0.326042014898634,0.00231673156986464,TRUE,"None",758,21,42,"SC≥10|Top5%"
"XPROPARGITE","XATRAZINE","NULL+Pesti2",-0.283909115472677,0.0135759317157989,TRUE,"None",758,21,42,"SC≥10|Top5%"
"XPROPARGITE","XATRAZINE","Education.index",-0.284111320235037,0.0118886552462382,TRUE,"Education.index",758,21,42,"SC≥10|Top5%"
"XPROPARGITE","XATRAZINE","Income",-0.284110267746505,0.0133885687335502,TRUE,"Income",758,21,42,"SC≥10|Top5%"
"XPROPARGITE","XATRAZINE","home_value",-0.287827421532601,0.0129413781072055,TRUE,"home_value",758,21,42,"SC≥10|Top5%"
"XPROPARGITE","XATRAZINE","rent",-0.289404444844284,0.0130251662396215,TRUE,"rent",758,21,42,"SC≥10|Top5%"
"XPROPARGITE","XATRAZINE","Poverty_150",-0.296193985379292,0.00912979628043824,TRUE,"Poverty_150",758,21,42,"SC≥10|Top5%"
"XPROPARGITE","XATRAZINE","Unemployed",-0.24024387543309,0.0302746805961517,TRUE,"Unemployed",758,21,42,"SC≥10|Top5%"
"XPROPARGITE","XATRAZINE","Working_class",-0.284995940643941,0.013705036605852,TRUE,"Working_class",758,21,42,"SC≥10|Top5%"
"XPROPARGITE","XATRAZINE","Combined_SES",-0.24024387543309,0.0302746805961517,TRUE,"Unemployed",758,21,42,"SC≥10|Top5%"
"XPROPARGITE","XDIAZINON","NULL",-0.29588256710576,0.00641605593260083,TRUE,"None",732,21,42,"SC≥10|Top5%"
"XPROPARGITE","XDIAZINON","NULL+Pesti2",-0.323347041759969,0.00412794210578651,TRUE,"None",732,21,42,"SC≥10|Top5%"
"XPROPARGITE","XDIAZINON","Education.index",-0.333907258267208,0.00209965919526286,TRUE,"Education.index",732,21,42,"SC≥10|Top5%"
"XPROPARGITE","XDIAZINON","Income",-0.323123326631161,0.00368356077788533,TRUE,"Income",732,21,42,"SC≥10|Top5%"
"XPROPARGITE","XDIAZINON","home_value",-0.334805009432233,0.00329060991337805,TRUE,"home_value",732,21,42,"SC≥10|Top5%"
"XPROPARGITE","XDIAZINON","rent",-0.341276221063773,0.00276450225951911,TRUE,"rent",732,21,42,"SC≥10|Top5%"
"XPROPARGITE","XDIAZINON","Poverty_150",-0.342386894144658,0.00150726228101804,TRUE,"Poverty_150",732,21,42,"SC≥10|Top5%"
"XPROPARGITE","XDIAZINON","Unemployed",-0.253818021043702,0.0150598211206576,TRUE,"Unemployed",732,21,42,"SC≥10|Top5%"
"XPROPARGITE","XDIAZINON","Working_class",-0.322868688696362,0.00447604732111737,TRUE,"Working_class",732,21,42,"SC≥10|Top5%"
"XPROPARGITE","XDIAZINON","Combined_SES",-0.270262919975158,0.0128700506893705,TRUE,"Education.index, Poverty_150, Unemployed",732,21,42,"SC≥10|Top5%"
"XPROPARGITE","XESFENVALERATE","NULL",-0.272287628284067,0.0134934078440445,TRUE,"None",710,21,41,"SC≥10|Top5%"
"XPROPARGITE","XESFENVALERATE","NULL+Pesti2",-0.251367948421794,0.0273007146139717,TRUE,"None",710,21,41,"SC≥10|Top5%"
"XPROPARGITE","XESFENVALERATE","Education.index",-0.2538229520657,0.0237214797481849,TRUE,"Education.index",710,21,41,"SC≥10|Top5%"
"XPROPARGITE","XESFENVALERATE","Income",-0.25229624137349,0.0269055350807332,TRUE,"Income",710,21,41,"SC≥10|Top5%"
"XPROPARGITE","XESFENVALERATE","home_value",-0.244752545400583,0.0351524508339237,TRUE,"home_value",710,21,41,"SC≥10|Top5%"
"XPROPARGITE","XESFENVALERATE","rent",-0.246743652181607,0.0340959745076322,TRUE,"rent",710,21,41,"SC≥10|Top5%"
"XPROPARGITE","XESFENVALERATE","Poverty_150",-0.258936232616847,0.021365108391973,TRUE,"Poverty_150",710,21,41,"SC≥10|Top5%"
"XPROPARGITE","XESFENVALERATE","Unemployed",-0.20259786613908,0.0652681820878251,FALSE,"Unemployed",710,21,41,"SC≥10|Top5%"
"XPROPARGITE","XESFENVALERATE","Working_class",-0.250595268189952,0.0290027121716926,TRUE,"Working_class",710,21,41,"SC≥10|Top5%"
"XPROPARGITE","XESFENVALERATE","Combined_SES",-0.20259786613908,0.0652681820878251,FALSE,"Unemployed",710,21,41,"SC≥10|Top5%"
"XPROPARGITE","XFENBUCONAZOLE","NULL",-0.535709498211908,0.000373796093058087,TRUE,"None",197,18,19,"SC≥10|Top5%"
"XPROPARGITE","XFENBUCONAZOLE","NULL+Pesti2",-0.597587719363274,0.000212662647324229,TRUE,"None",197,18,19,"SC≥10|Top5%"
"XPROPARGITE","XFENBUCONAZOLE","Education.index",-0.551316687368632,0.00117481454530363,TRUE,"Education.index",197,18,19,"SC≥10|Top5%"
"XPROPARGITE","XFENBUCONAZOLE","Income",-0.589109262829146,0.000288361830857902,TRUE,"Income",197,18,19,"SC≥10|Top5%"
"XPROPARGITE","XFENBUCONAZOLE","home_value",-0.561352787203821,0.000649227441452652,TRUE,"home_value",197,18,19,"SC≥10|Top5%"
"XPROPARGITE","XFENBUCONAZOLE","rent",-0.584614985163315,0.000320141389304254,TRUE,"rent",197,18,19,"SC≥10|Top5%"
"XPROPARGITE","XFENBUCONAZOLE","Poverty_150",-0.593112806153622,0.000419382181131175,TRUE,"Poverty_150",197,18,19,"SC≥10|Top5%"
"XPROPARGITE","XFENBUCONAZOLE","Unemployed",-0.59871427055334,0.000215811993552209,TRUE,"Unemployed",197,18,19,"SC≥10|Top5%"
"XPROPARGITE","XFENBUCONAZOLE","Working_class",-0.568085323223189,0.000571054294022219,TRUE,"Working_class",197,18,19,"SC≥10|Top5%"
"XPROPARGITE","XFLUMIOXAZIN","NULL",-0.222462776724347,0.251145650453511,FALSE,"None",114,11,32,"SC≥10|Top5%"
"XPROPARGITE","XFLUMIOXAZIN","NULL+Pesti2",-0.234870058037994,0.239132166823515,FALSE,"None",114,11,32,"SC≥10|Top5%"
"XPROPARGITE","XFLUMIOXAZIN","Education.index",-0.228292557458097,0.306752268536818,FALSE,"Education.index",114,11,32,"SC≥10|Top5%"
"XPROPARGITE","XFLUMIOXAZIN","Income",-0.213492588261903,0.299734327597647,FALSE,"Income",114,11,32,"SC≥10|Top5%"
"XPROPARGITE","XFLUMIOXAZIN","home_value",-0.152381231514606,0.481643940430338,FALSE,"home_value",114,11,32,"SC≥10|Top5%"
"XPROPARGITE","XFLUMIOXAZIN","rent",-0.141643838518466,0.510369377918019,FALSE,"rent",114,11,32,"SC≥10|Top5%"
"XPROPARGITE","XFLUMIOXAZIN","Poverty_150",-0.280898437157042,0.193112988773932,FALSE,"Poverty_150",114,11,32,"SC≥10|Top5%"
"XPROPARGITE","XFLUMIOXAZIN","Unemployed",-0.161333529799067,0.429624210902426,FALSE,"Unemployed",114,11,32,"SC≥10|Top5%"
"XPROPARGITE","XFLUMIOXAZIN","Working_class",-0.179088706484635,0.393819036135841,FALSE,"Working_class",114,11,32,"SC≥10|Top5%"
"XPROPARGITE","XGLYPHOSATE","NULL",-0.319225952187112,0.00266876471518732,TRUE,"None",762,21,42,"SC≥10|Top5%"
"XPROPARGITE","XGLYPHOSATE","NULL+Pesti2",-0.29459878187746,0.0124438559560475,TRUE,"None",762,21,42,"SC≥10|Top5%"
"XPROPARGITE","XGLYPHOSATE","Education.index",-0.305827783983451,0.0085900158096038,TRUE,"Education.index",762,21,42,"SC≥10|Top5%"
"XPROPARGITE","XGLYPHOSATE","Income",-0.296043415003159,0.0119310036192973,TRUE,"Income",762,21,42,"SC≥10|Top5%"
"XPROPARGITE","XGLYPHOSATE","home_value",-0.298133496278308,0.0122800274180964,TRUE,"home_value",762,21,42,"SC≥10|Top5%"
"XPROPARGITE","XGLYPHOSATE","rent",-0.299163745135756,0.0122041763286207,TRUE,"rent",762,21,42,"SC≥10|Top5%"
"XPROPARGITE","XGLYPHOSATE","Poverty_150",-0.307177885514601,0.00836614982793345,TRUE,"Poverty_150",762,21,42,"SC≥10|Top5%"
"XPROPARGITE","XGLYPHOSATE","Unemployed",-0.251936003514729,0.0269063745490414,TRUE,"Unemployed",762,21,42,"SC≥10|Top5%"
"XPROPARGITE","XGLYPHOSATE","Working_class",-0.295642111265509,0.0125927715330825,TRUE,"Working_class",762,21,42,"SC≥10|Top5%"
"XPROPARGITE","XGLYPHOSATE","Combined_SES",-0.251936003514729,0.0269063745490414,TRUE,"Unemployed",762,21,42,"SC≥10|Top5%"
"XPROPARGITE","XIMIDACLOPRID","NULL",-0.344607244332043,0.00281075265191833,TRUE,"None",624,19,42,"SC≥10|Top5%"
"XPROPARGITE","XIMIDACLOPRID","NULL+Pesti2",-0.397212934629731,0.00115480477768018,TRUE,"None",624,19,42,"SC≥10|Top5%"
"XPROPARGITE","XIMIDACLOPRID","Education.index",-0.397287464528679,0.000799304432421352,TRUE,"Education.index",624,19,42,"SC≥10|Top5%"
"XPROPARGITE","XIMIDACLOPRID","Income",-0.39105916146606,0.00118881775330801,TRUE,"Income",624,19,42,"SC≥10|Top5%"
"XPROPARGITE","XIMIDACLOPRID","home_value",-0.404224963357146,0.00101277166522594,TRUE,"home_value",624,19,42,"SC≥10|Top5%"
"XPROPARGITE","XIMIDACLOPRID","rent",-0.41415664627524,0.000748803085757461,TRUE,"rent",624,19,42,"SC≥10|Top5%"
"XPROPARGITE","XIMIDACLOPRID","Poverty_150",-0.404952867062931,0.000586918995082419,TRUE,"Poverty_150",624,19,42,"SC≥10|Top5%"
"XPROPARGITE","XIMIDACLOPRID","Unemployed",-0.31781056966254,0.00588996243924138,TRUE,"Unemployed",624,19,42,"SC≥10|Top5%"
"XPROPARGITE","XIMIDACLOPRID","Working_class",-0.395033782800289,0.00139226449322454,TRUE,"Working_class",624,19,42,"SC≥10|Top5%"
"XPROPARGITE","XIMIDACLOPRID","Combined_SES",-0.327298571926282,0.00593041296536478,TRUE,"Education.index, Poverty_150, Unemployed",624,19,42,"SC≥10|Top5%"
"XPROPARGITE","XNICOSULFURON","NULL",-0.146317349154558,0.222160432496274,FALSE,"None",533,21,40,"SC≥10|Top5%"
"XPROPARGITE","XNICOSULFURON","NULL+Pesti2",-0.1501946932083,0.239063370887761,FALSE,"None",533,21,40,"SC≥10|Top5%"
"XPROPARGITE","XNICOSULFURON","Education.index",-0.16381153305133,0.194285532986943,FALSE,"Education.index",533,21,40,"SC≥10|Top5%"
"XPROPARGITE","XNICOSULFURON","Income",-0.161638676142428,0.206536890444617,FALSE,"Income",533,21,40,"SC≥10|Top5%"
"XPROPARGITE","XNICOSULFURON","home_value",-0.154878687747319,0.242059599538087,FALSE,"home_value",533,21,40,"SC≥10|Top5%"
"XPROPARGITE","XNICOSULFURON","rent",-0.173636234707283,0.192434370849076,FALSE,"rent",533,21,40,"SC≥10|Top5%"
"XPROPARGITE","XNICOSULFURON","Poverty_150",-0.1835723028608,0.14809056636982,FALSE,"Poverty_150",533,21,40,"SC≥10|Top5%"
"XPROPARGITE","XNICOSULFURON","Unemployed",-0.121288940927489,0.336141725901893,FALSE,"Unemployed",533,21,40,"SC≥10|Top5%"
"XPROPARGITE","XNICOSULFURON","Working_class",-0.144376816594515,0.26271723024933,FALSE,"Working_class",533,21,40,"SC≥10|Top5%"
"XPROPARGITE","XNICOSULFURON","Combined_SES",-0.121288940927489,0.336141725901893,FALSE,"Unemployed",533,21,40,"SC≥10|Top5%"
"XPROPARGITE","XPICLORAM","NULL",-0.343129234396127,0.00173990677444525,TRUE,"None",739,21,42,"SC≥10|Top5%"
"XPROPARGITE","XPICLORAM","NULL+Pesti2",-0.372596937689264,0.000986389571042228,TRUE,"None",739,21,42,"SC≥10|Top5%"
"XPROPARGITE","XPICLORAM","Education.index",-0.356054593123543,0.00135039458933931,TRUE,"Education.index",739,21,42,"SC≥10|Top5%"
"XPROPARGITE","XPICLORAM","Income",-0.361515640594628,0.00141537074324838,TRUE,"Income",739,21,42,"SC≥10|Top5%"
"XPROPARGITE","XPICLORAM","home_value",-0.373194677246451,0.00100164352376161,TRUE,"home_value",739,21,42,"SC≥10|Top5%"
"XPROPARGITE","XPICLORAM","rent",-0.374441602743811,0.000974818121770248,TRUE,"rent",739,21,42,"SC≥10|Top5%"
"XPROPARGITE","XPICLORAM","Poverty_150",-0.35488793628317,0.0014578039914573,TRUE,"Poverty_150",739,21,42,"SC≥10|Top5%"
"XPROPARGITE","XPICLORAM","Unemployed",-0.294278437933497,0.00824281730228514,TRUE,"Unemployed",739,21,42,"SC≥10|Top5%"
"XPROPARGITE","XPICLORAM","Working_class",-0.373530945014396,0.00102542154389895,TRUE,"Working_class",739,21,42,"SC≥10|Top5%"
"XPROPARGITE","XPICLORAM","Combined_SES",-0.294278437933497,0.00824281730228514,TRUE,"Unemployed",739,21,42,"SC≥10|Top5%"
"XPROPARGITE","XSIMAZINE","NULL",-0.247360162003437,0.0315814203301464,TRUE,"None",533,21,42,"SC≥10|Top5%"
"XPROPARGITE","XSIMAZINE","NULL+Pesti2",-0.265996024841223,0.0226226640675944,TRUE,"None",533,21,42,"SC≥10|Top5%"
"XPROPARGITE","XSIMAZINE","Education.index",-0.263943058047206,0.0238081041294452,TRUE,"Education.index",533,21,42,"SC≥10|Top5%"
"XPROPARGITE","XSIMAZINE","Income",-0.268848971555471,0.0242683917249897,TRUE,"Income",533,21,42,"SC≥10|Top5%"
"XPROPARGITE","XSIMAZINE","home_value",-0.232272730321128,0.0523223270245166,FALSE,"home_value",533,21,42,"SC≥10|Top5%"
"XPROPARGITE","XSIMAZINE","rent",-0.24443519489824,0.0419058055229047,TRUE,"rent",533,21,42,"SC≥10|Top5%"
"XPROPARGITE","XSIMAZINE","Poverty_150",-0.272825938237144,0.0196436732085168,TRUE,"Poverty_150",533,21,42,"SC≥10|Top5%"
"XPROPARGITE","XSIMAZINE","Unemployed",-0.231039145626178,0.0512529145824194,FALSE,"Unemployed",533,21,42,"SC≥10|Top5%"
"XPROPARGITE","XSIMAZINE","Working_class",-0.25254283193287,0.030304206792037,TRUE,"Working_class",533,21,42,"SC≥10|Top5%"
"XPROPARGITE","XTEBUPIRIMPHOS","NULL",-0.257327692351135,0.206646217789937,FALSE,"None",247,14,28,"SC≥10|Top5%"
"XPROPARGITE","XTEBUPIRIMPHOS","NULL+Pesti2",0.0574701070067181,0.888457197804126,FALSE,"None",247,14,28,"SC≥10|Top5%"
"XPROPARGITE","XTEBUPIRIMPHOS","Education.index",0.0159984109606899,0.968809060936639,FALSE,"Education.index",247,14,28,"SC≥10|Top5%"
"XPROPARGITE","XTEBUPIRIMPHOS","Income",0.0931785787730191,0.820475270435652,FALSE,"Income",247,14,28,"SC≥10|Top5%"
"XPROPARGITE","XTEBUPIRIMPHOS","home_value",0.0430497720180124,0.916422069291636,FALSE,"home_value",247,14,28,"SC≥10|Top5%"
"XPROPARGITE","XTEBUPIRIMPHOS","rent",0.090396809515365,0.825283054528216,FALSE,"rent",247,14,28,"SC≥10|Top5%"
"XPROPARGITE","XTEBUPIRIMPHOS","Poverty_150",0.0661937564355943,0.871618760885291,FALSE,"Poverty_150",247,14,28,"SC≥10|Top5%"
"XPROPARGITE","XTEBUPIRIMPHOS","Unemployed",0.046957095446688,0.908339808884341,FALSE,"Unemployed",247,14,28,"SC≥10|Top5%"
"XPROPARGITE","XTEBUPIRIMPHOS","Working_class",0.0571256415352503,0.889827295421036,FALSE,"Working_class",247,14,28,"SC≥10|Top5%"
"XSIMAZINE","XACETOCHLOR","NULL",0.405299656653193,0.00367342737301201,TRUE,"None",1316,19,91,"SC≥10|Top5%"
"XSIMAZINE","XACETOCHLOR","NULL+Pesti2",0.265403872409852,0.190298497149955,FALSE,"None",1316,19,91,"SC≥10|Top5%"
"XSIMAZINE","XACETOCHLOR","Education.index",0.280322988892647,0.161065746066021,FALSE,"Education.index",1316,19,91,"SC≥10|Top5%"
"XSIMAZINE","XACETOCHLOR","Income",0.254379154579117,0.220645862929905,FALSE,"Income",1316,19,91,"SC≥10|Top5%"
"XSIMAZINE","XACETOCHLOR","home_value",0.284739802939366,0.165936716280164,FALSE,"home_value",1316,19,91,"SC≥10|Top5%"
"XSIMAZINE","XACETOCHLOR","rent",0.311962090160226,0.130266491619654,FALSE,"rent",1316,19,91,"SC≥10|Top5%"
"XSIMAZINE","XACETOCHLOR","Poverty_150",0.281313382588703,0.179730926867992,FALSE,"Poverty_150",1316,19,91,"SC≥10|Top5%"
"XSIMAZINE","XACETOCHLOR","Unemployed",0.292496909161003,0.152594970870017,FALSE,"Unemployed",1316,19,91,"SC≥10|Top5%"
"XSIMAZINE","XACETOCHLOR","Working_class",0.28707289795935,0.169879860826941,FALSE,"Working_class",1316,19,91,"SC≥10|Top5%"
"XSIMAZINE","XACETOCHLOR","Combined_SES",0.280322988892647,0.161065746066021,FALSE,"Education.index",1316,19,91,"SC≥10|Top5%"
"XSIMAZINE","XATRAZINE","NULL",0.405031576335658,0.000284596224294544,TRUE,"None",1701,21,94,"SC≥10|Top5%"
"XSIMAZINE","XATRAZINE","NULL+Pesti2",0.195574301691718,0.237311770533839,FALSE,"None",1701,21,94,"SC≥10|Top5%"
"XSIMAZINE","XATRAZINE","Education.index",0.238129249119277,0.145407901126848,FALSE,"Education.index",1701,21,94,"SC≥10|Top5%"
"XSIMAZINE","XATRAZINE","Income",0.199663416402644,0.238891419327935,FALSE,"Income",1701,21,94,"SC≥10|Top5%"
"XSIMAZINE","XATRAZINE","home_value",0.211972002493326,0.210422113110242,FALSE,"home_value",1701,21,94,"SC≥10|Top5%"
"XSIMAZINE","XATRAZINE","rent",0.234474366877287,0.162030771218821,FALSE,"rent",1701,21,94,"SC≥10|Top5%"
"XSIMAZINE","XATRAZINE","Poverty_150",0.226417455758731,0.189610596723131,FALSE,"Poverty_150",1701,21,94,"SC≥10|Top5%"
"XSIMAZINE","XATRAZINE","Unemployed",0.228608532605719,0.178875841141209,FALSE,"Unemployed",1701,21,94,"SC≥10|Top5%"
"XSIMAZINE","XATRAZINE","Working_class",0.195896395918949,0.245094614282043,FALSE,"Working_class",1701,21,94,"SC≥10|Top5%"
"XSIMAZINE","XATRAZINE","Combined_SES",0.238129249119277,0.145407901126848,FALSE,"Education.index",1701,21,94,"SC≥10|Top5%"
"XSIMAZINE","XDIAZINON","NULL",0.399903440344401,0.000549486100094751,TRUE,"None",1481,21,95,"SC≥10|Top5%"
"XSIMAZINE","XDIAZINON","NULL+Pesti2",0.359372286534874,0.00265412001455731,TRUE,"None",1481,21,95,"SC≥10|Top5%"
"XSIMAZINE","XDIAZINON","Education.index",0.2704539270177,0.0223096008045166,TRUE,"Education.index",1481,21,95,"SC≥10|Top5%"
"XSIMAZINE","XDIAZINON","Income",0.351943560547178,0.00312562929181916,TRUE,"Income",1481,21,95,"SC≥10|Top5%"
"XSIMAZINE","XDIAZINON","home_value",0.317378271935823,0.00975901790508582,TRUE,"home_value",1481,21,95,"SC≥10|Top5%"
"XSIMAZINE","XDIAZINON","rent",0.29295599027907,0.0168772635128942,TRUE,"rent",1481,21,95,"SC≥10|Top5%"
"XSIMAZINE","XDIAZINON","Poverty_150",0.405640353350349,0.00110463939656691,TRUE,"Poverty_150",1481,21,95,"SC≥10|Top5%"
"XSIMAZINE","XDIAZINON","Unemployed",0.382462839029427,0.0047528185245419,TRUE,"Unemployed",1481,21,95,"SC≥10|Top5%"
"XSIMAZINE","XDIAZINON","Working_class",0.3517937315195,0.00341498058843019,TRUE,"Working_class",1481,21,95,"SC≥10|Top5%"
"XSIMAZINE","XDIAZINON","Combined_SES",0.262694584758656,0.0291343153610294,TRUE,"Education.index, rent",1481,21,95,"SC≥10|Top5%"
"XSIMAZINE","XESFENVALERATE","NULL",0.411730348011237,0.00034217256168294,TRUE,"None",1704,21,94,"SC≥10|Top5%"
"XSIMAZINE","XESFENVALERATE","NULL+Pesti2",0.202532729027216,0.207810105703072,FALSE,"None",1704,21,94,"SC≥10|Top5%"
"XSIMAZINE","XESFENVALERATE","Education.index",0.164111722576533,0.301741155266222,FALSE,"Education.index",1704,21,94,"SC≥10|Top5%"
"XSIMAZINE","XESFENVALERATE","Income",0.197542746604356,0.219610001912779,FALSE,"Income",1704,21,94,"SC≥10|Top5%"
"XSIMAZINE","XESFENVALERATE","home_value",0.179839844958684,0.269302894701086,FALSE,"home_value",1704,21,94,"SC≥10|Top5%"
"XSIMAZINE","XESFENVALERATE","rent",0.153754685348886,0.346063437203678,FALSE,"rent",1704,21,94,"SC≥10|Top5%"
"XSIMAZINE","XESFENVALERATE","Poverty_150",0.229273859778002,0.168114702502855,FALSE,"Poverty_150",1704,21,94,"SC≥10|Top5%"
"XSIMAZINE","XESFENVALERATE","Unemployed",0.22699225915378,0.189685809324693,FALSE,"Unemployed",1704,21,94,"SC≥10|Top5%"
"XSIMAZINE","XESFENVALERATE","Working_class",0.194246675222241,0.228662155538983,FALSE,"Working_class",1704,21,94,"SC≥10|Top5%"
"XSIMAZINE","XESFENVALERATE","Combined_SES",0.164111722576533,0.301741155266222,FALSE,"Education.index",1704,21,94,"SC≥10|Top5%"
"XSIMAZINE","XFENBUCONAZOLE","NULL",0.415078213746938,0.00903904180140937,TRUE,"None",333,18,26,"SC≥10|Top5%"
"XSIMAZINE","XFENBUCONAZOLE","NULL+Pesti2",0.232179944012123,0.217147636045154,FALSE,"None",333,18,26,"SC≥10|Top5%"
"XSIMAZINE","XFENBUCONAZOLE","Education.index",0.248187685999085,0.197895552036575,FALSE,"Education.index",333,18,26,"SC≥10|Top5%"
"XSIMAZINE","XFENBUCONAZOLE","Income",0.213338499393043,0.259706720279238,FALSE,"Income",333,18,26,"SC≥10|Top5%"
"XSIMAZINE","XFENBUCONAZOLE","home_value",0.231560837352867,0.222426423163137,FALSE,"home_value",333,18,26,"SC≥10|Top5%"
"XSIMAZINE","XFENBUCONAZOLE","rent",0.230887185218942,0.223134401225657,FALSE,"rent",333,18,26,"SC≥10|Top5%"
"XSIMAZINE","XFENBUCONAZOLE","Poverty_150",0.165707648496335,0.37110244642388,FALSE,"Poverty_150",333,18,26,"SC≥10|Top5%"
"XSIMAZINE","XFENBUCONAZOLE","Unemployed",0.156954088810368,0.413981660283174,FALSE,"Unemployed",333,18,26,"SC≥10|Top5%"
"XSIMAZINE","XFENBUCONAZOLE","Working_class",0.241128726339745,0.208663323352771,FALSE,"Working_class",333,18,26,"SC≥10|Top5%"
"XSIMAZINE","XFLUMIOXAZIN","NULL",0.506812207969441,0.0607780474651249,FALSE,"None",651,12,81,"SC≥10|Top5%"
"XSIMAZINE","XFLUMIOXAZIN","NULL+Pesti2",0.120870173219407,0.752165110019096,FALSE,"None",651,12,81,"SC≥10|Top5%"
"XSIMAZINE","XFLUMIOXAZIN","Education.index",0.0563014716991612,0.883178789953955,FALSE,"Education.index",651,12,81,"SC≥10|Top5%"
"XSIMAZINE","XFLUMIOXAZIN","Income",0.114445670059892,0.765311104693664,FALSE,"Income",651,12,81,"SC≥10|Top5%"
"XSIMAZINE","XFLUMIOXAZIN","home_value",0.0821711123211357,0.83302271879091,FALSE,"home_value",651,12,81,"SC≥10|Top5%"
"XSIMAZINE","XFLUMIOXAZIN","rent",0.0333815091636618,0.931631256494634,FALSE,"rent",651,12,81,"SC≥10|Top5%"
"XSIMAZINE","XFLUMIOXAZIN","Poverty_150",0.125786196200446,0.743241707482751,FALSE,"Poverty_150",651,12,81,"SC≥10|Top5%"
"XSIMAZINE","XFLUMIOXAZIN","Unemployed",0.178120704702747,0.651619041826724,FALSE,"Unemployed",651,12,81,"SC≥10|Top5%"
"XSIMAZINE","XFLUMIOXAZIN","Working_class",0.0925218329750955,0.810297183127,FALSE,"Working_class",651,12,81,"SC≥10|Top5%"
"XSIMAZINE","XGLYPHOSATE","NULL",0.396905537008602,0.000235597924230509,TRUE,"None",1752,21,95,"SC≥10|Top5%"
"XSIMAZINE","XGLYPHOSATE","NULL+Pesti2",0.131157280767369,0.38265222765404,FALSE,"None",1752,21,95,"SC≥10|Top5%"
"XSIMAZINE","XGLYPHOSATE","Education.index",0.120886511050907,0.414041618113405,FALSE,"Education.index",1752,21,95,"SC≥10|Top5%"
"XSIMAZINE","XGLYPHOSATE","Income",0.125688476448301,0.411027807188514,FALSE,"Income",1752,21,95,"SC≥10|Top5%"
"XSIMAZINE","XGLYPHOSATE","home_value",0.130339868891581,0.388830019607624,FALSE,"home_value",1752,21,95,"SC≥10|Top5%"
"XSIMAZINE","XGLYPHOSATE","rent",0.143812524285218,0.342521433768447,FALSE,"rent",1752,21,95,"SC≥10|Top5%"
"XSIMAZINE","XGLYPHOSATE","Poverty_150",0.15157375956896,0.334634911640881,FALSE,"Poverty_150",1752,21,95,"SC≥10|Top5%"
"XSIMAZINE","XGLYPHOSATE","Unemployed",0.16837656116537,0.275334880911912,FALSE,"Unemployed",1752,21,95,"SC≥10|Top5%"
"XSIMAZINE","XGLYPHOSATE","Working_class",0.118667847003698,0.439010083601054,FALSE,"Working_class",1752,21,95,"SC≥10|Top5%"
"XSIMAZINE","XGLYPHOSATE","Combined_SES",0.120886511050907,0.414041618113405,FALSE,"Education.index",1752,21,95,"SC≥10|Top5%"
"XSIMAZINE","XIMIDACLOPRID","NULL",0.368738190855935,0.00528357634420803,TRUE,"None",1242,19,94,"SC≥10|Top5%"
"XSIMAZINE","XIMIDACLOPRID","NULL+Pesti2",0.351671446828625,0.0150607252266714,TRUE,"None",1242,19,94,"SC≥10|Top5%"
"XSIMAZINE","XIMIDACLOPRID","Education.index",0.299232838974357,0.0365097243042714,TRUE,"Education.index",1242,19,94,"SC≥10|Top5%"
"XSIMAZINE","XIMIDACLOPRID","Income",0.347251480732655,0.0164298474964796,TRUE,"Income",1242,19,94,"SC≥10|Top5%"
"XSIMAZINE","XIMIDACLOPRID","home_value",0.320193883819779,0.0310306694337128,TRUE,"home_value",1242,19,94,"SC≥10|Top5%"
"XSIMAZINE","XIMIDACLOPRID","rent",0.290898565626691,0.0507485863006665,FALSE,"rent",1242,19,94,"SC≥10|Top5%"
"XSIMAZINE","XIMIDACLOPRID","Poverty_150",0.379451860080603,0.0123498169480658,TRUE,"Poverty_150",1242,19,94,"SC≥10|Top5%"
"XSIMAZINE","XIMIDACLOPRID","Unemployed",0.392816628845825,0.0149270146077992,TRUE,"Unemployed",1242,19,94,"SC≥10|Top5%"
"XSIMAZINE","XIMIDACLOPRID","Working_class",0.344355815339503,0.018371647113308,TRUE,"Working_class",1242,19,94,"SC≥10|Top5%"
"XSIMAZINE","XIMIDACLOPRID","Combined_SES",0.299232838974357,0.0365097243042714,TRUE,"Education.index",1242,19,94,"SC≥10|Top5%"
"XSIMAZINE","XNICOSULFURON","NULL",0.448938873712857,0.000229081952840246,TRUE,"None",1562,21,93,"SC≥10|Top5%"
"XSIMAZINE","XNICOSULFURON","NULL+Pesti2",0.20404873404903,0.228092382569847,FALSE,"None",1562,21,93,"SC≥10|Top5%"
"XSIMAZINE","XNICOSULFURON","Education.index",0.199023660031557,0.232200903625749,FALSE,"Education.index",1562,21,93,"SC≥10|Top5%"
"XSIMAZINE","XNICOSULFURON","Income",0.207782496779225,0.228571486052651,FALSE,"Income",1562,21,93,"SC≥10|Top5%"
"XSIMAZINE","XNICOSULFURON","home_value",0.218323435623255,0.199108950985641,FALSE,"home_value",1562,21,93,"SC≥10|Top5%"
"XSIMAZINE","XNICOSULFURON","rent",0.234437526254814,0.167645971588165,FALSE,"rent",1562,21,93,"SC≥10|Top5%"
"XSIMAZINE","XNICOSULFURON","Poverty_150",0.2438343066507,0.162749313163197,FALSE,"Poverty_150",1562,21,93,"SC≥10|Top5%"
"XSIMAZINE","XNICOSULFURON","Unemployed",0.247704889217147,0.15286509463079,FALSE,"Unemployed",1562,21,93,"SC≥10|Top5%"
"XSIMAZINE","XNICOSULFURON","Working_class",0.204969405815268,0.233636623225746,FALSE,"Working_class",1562,21,93,"SC≥10|Top5%"
"XSIMAZINE","XNICOSULFURON","Combined_SES",0.199023660031557,0.232200903625749,FALSE,"Education.index",1562,21,93,"SC≥10|Top5%"
"XSIMAZINE","XPICLORAM","NULL",0.397944178628312,0.000675360183948609,TRUE,"None",1531,21,93,"SC≥10|Top5%"
"XSIMAZINE","XPICLORAM","NULL+Pesti2",0.391651808892473,0.00116443383194975,TRUE,"None",1531,21,93,"SC≥10|Top5%"
"XSIMAZINE","XPICLORAM","Education.index",0.328258759059055,0.00547781227976785,TRUE,"Education.index",1531,21,93,"SC≥10|Top5%"
"XSIMAZINE","XPICLORAM","Income",0.391016707172788,0.00112309165887511,TRUE,"Income",1531,21,93,"SC≥10|Top5%"
"XSIMAZINE","XPICLORAM","home_value",0.346735750578766,0.00544934653284874,TRUE,"home_value",1531,21,93,"SC≥10|Top5%"
"XSIMAZINE","XPICLORAM","rent",0.320012593490819,0.00957063465665837,TRUE,"rent",1531,21,93,"SC≥10|Top5%"
"XSIMAZINE","XPICLORAM","Poverty_150",0.424818007370649,0.00091382756197824,TRUE,"Poverty_150",1531,21,93,"SC≥10|Top5%"
"XSIMAZINE","XPICLORAM","Unemployed",0.425936896467179,0.00223959426792315,TRUE,"Unemployed",1531,21,93,"SC≥10|Top5%"
"XSIMAZINE","XPICLORAM","Working_class",0.382084474035287,0.0016478034380839,TRUE,"Working_class",1531,21,93,"SC≥10|Top5%"
"XSIMAZINE","XPICLORAM","Combined_SES",0.323533314360619,0.00785494063827233,TRUE,"Education.index, rent",1531,21,93,"SC≥10|Top5%"
"XSIMAZINE","XPROPARGITE","NULL",0.231116264970961,0.033647937786458,TRUE,"None",813,21,87,"SC≥10|Top5%"
"XSIMAZINE","XPROPARGITE","NULL+Pesti2",0.219830248939262,0.0369370247980076,TRUE,"None",813,21,87,"SC≥10|Top5%"
"XSIMAZINE","XPROPARGITE","Education.index",0.208038443796165,0.0450933277007177,TRUE,"Education.index",813,21,87,"SC≥10|Top5%"
"XSIMAZINE","XPROPARGITE","Income",0.21648616528373,0.0436550270674734,TRUE,"Income",813,21,87,"SC≥10|Top5%"
"XSIMAZINE","XPROPARGITE","home_value",0.214769810007227,0.0417167978126166,TRUE,"home_value",813,21,87,"SC≥10|Top5%"
"XSIMAZINE","XPROPARGITE","rent",0.219666157601888,0.0380626486351799,TRUE,"rent",813,21,87,"SC≥10|Top5%"
"XSIMAZINE","XPROPARGITE","Poverty_150",0.271413733129682,0.0179068203146379,TRUE,"Poverty_150",813,21,87,"SC≥10|Top5%"
"XSIMAZINE","XPROPARGITE","Unemployed",0.278891779392406,0.0224779962127267,TRUE,"Unemployed",813,21,87,"SC≥10|Top5%"
"XSIMAZINE","XPROPARGITE","Working_class",0.212867565719704,0.0427829793482054,TRUE,"Working_class",813,21,87,"SC≥10|Top5%"
"XSIMAZINE","XTEBUPIRIMPHOS","NULL",0.471846551098303,0.0130096533479154,TRUE,"None",889,17,71,"SC≥10|Top5%"
"XSIMAZINE","XTEBUPIRIMPHOS","NULL+Pesti2",0.273212746060632,0.284406923345246,FALSE,"None",889,17,71,"SC≥10|Top5%"
"XSIMAZINE","XTEBUPIRIMPHOS","Education.index",0.331406609652415,0.191807004489622,FALSE,"Education.index",889,17,71,"SC≥10|Top5%"
"XSIMAZINE","XTEBUPIRIMPHOS","Income",0.310544270378842,0.237540015004538,FALSE,"Income",889,17,71,"SC≥10|Top5%"
"XSIMAZINE","XTEBUPIRIMPHOS","home_value",0.273095880799112,0.28329441277571,FALSE,"home_value",889,17,71,"SC≥10|Top5%"
"XSIMAZINE","XTEBUPIRIMPHOS","rent",0.343203369021142,0.179523990236317,FALSE,"rent",889,17,71,"SC≥10|Top5%"
"XSIMAZINE","XTEBUPIRIMPHOS","Poverty_150",0.32002065308342,0.218382924507145,FALSE,"Poverty_150",889,17,71,"SC≥10|Top5%"
"XSIMAZINE","XTEBUPIRIMPHOS","Unemployed",0.331813257641331,0.200406013536859,FALSE,"Unemployed",889,17,71,"SC≥10|Top5%"
"XSIMAZINE","XTEBUPIRIMPHOS","Working_class",0.277521898088691,0.278953080133305,FALSE,"Working_class",889,17,71,"SC≥10|Top5%"
"XSIMAZINE","XTEBUPIRIMPHOS","Combined_SES",0.331406609652415,0.191807004489622,FALSE,"Education.index",889,17,71,"SC≥10|Top5%"
"XTEBUPIRIMPHOS","XACETOCHLOR","NULL",0.638556806494644,0.00729715968269711,TRUE,"None",878,17,55,"SC≥10|Top5%"
"XTEBUPIRIMPHOS","XACETOCHLOR","NULL+Pesti2",0.665112679648063,0.144465439764421,FALSE,"None",878,17,55,"SC≥10|Top5%"
"XTEBUPIRIMPHOS","XACETOCHLOR","Education.index",0.568183191420279,0.218464873999409,FALSE,"Education.index",878,17,55,"SC≥10|Top5%"
"XTEBUPIRIMPHOS","XACETOCHLOR","Income",0.583262855581009,0.207265856735797,FALSE,"Income",878,17,55,"SC≥10|Top5%"
"XTEBUPIRIMPHOS","XACETOCHLOR","home_value",0.623662844798281,0.175230482574744,FALSE,"home_value",878,17,55,"SC≥10|Top5%"
"XTEBUPIRIMPHOS","XACETOCHLOR","rent",0.45172313387748,0.330813930668433,FALSE,"rent",878,17,55,"SC≥10|Top5%"
"XTEBUPIRIMPHOS","XACETOCHLOR","Poverty_150",0.68373592096102,0.13499237336393,FALSE,"Poverty_150",878,17,55,"SC≥10|Top5%"
"XTEBUPIRIMPHOS","XACETOCHLOR","Unemployed",0.753650136051756,0.100383440058482,FALSE,"Unemployed",878,17,55,"SC≥10|Top5%"
"XTEBUPIRIMPHOS","XACETOCHLOR","Working_class",0.653328289943221,0.154760711544655,FALSE,"Working_class",878,17,55,"SC≥10|Top5%"
"XTEBUPIRIMPHOS","XACETOCHLOR","Combined_SES",0.45172313387748,0.330813930668433,FALSE,"rent",878,17,55,"SC≥10|Top5%"
"XTEBUPIRIMPHOS","XATRAZINE","NULL",0.638556806494644,0.00729715968269711,TRUE,"None",878,17,55,"SC≥10|Top5%"
"XTEBUPIRIMPHOS","XATRAZINE","NULL+Pesti2",0.564668193464405,0.156341855022689,FALSE,"None",878,17,55,"SC≥10|Top5%"
"XTEBUPIRIMPHOS","XATRAZINE","Education.index",0.511467406248049,0.200936012503107,FALSE,"Education.index",878,17,55,"SC≥10|Top5%"
"XTEBUPIRIMPHOS","XATRAZINE","Income",0.530885210887855,0.183907661321537,FALSE,"Income",878,17,55,"SC≥10|Top5%"
"XTEBUPIRIMPHOS","XATRAZINE","home_value",0.529981749554153,0.186640855722865,FALSE,"home_value",878,17,55,"SC≥10|Top5%"
"XTEBUPIRIMPHOS","XATRAZINE","rent",0.347866636713788,0.393200330293399,FALSE,"rent",878,17,55,"SC≥10|Top5%"
"XTEBUPIRIMPHOS","XATRAZINE","Poverty_150",0.614611882766817,0.13178661896011,FALSE,"Poverty_150",878,17,55,"SC≥10|Top5%"
"XTEBUPIRIMPHOS","XATRAZINE","Unemployed",0.725303400310413,0.0776717313842767,FALSE,"Unemployed",878,17,55,"SC≥10|Top5%"
"XTEBUPIRIMPHOS","XATRAZINE","Working_class",0.55525423367169,0.16524551463355,FALSE,"Working_class",878,17,55,"SC≥10|Top5%"
"XTEBUPIRIMPHOS","XATRAZINE","Combined_SES",0.347866636713788,0.393200330293399,FALSE,"rent",878,17,55,"SC≥10|Top5%"
"XTEBUPIRIMPHOS","XDIAZINON","NULL",0.740247738990828,0.0138622396491834,TRUE,"None",603,14,55,"SC≥10|Top5%"
"XTEBUPIRIMPHOS","XDIAZINON","NULL+Pesti2",0.622439520797815,0.048556395807161,TRUE,"None",603,14,55,"SC≥10|Top5%"
"XTEBUPIRIMPHOS","XDIAZINON","Education.index",0.650293194759308,0.0396784306810553,TRUE,"Education.index",603,14,55,"SC≥10|Top5%"
"XTEBUPIRIMPHOS","XDIAZINON","Income",0.658078170284744,0.0389023801169819,TRUE,"Income",603,14,55,"SC≥10|Top5%"
"XTEBUPIRIMPHOS","XDIAZINON","home_value",0.621339514875691,0.0497034557176435,TRUE,"home_value",603,14,55,"SC≥10|Top5%"
"XTEBUPIRIMPHOS","XDIAZINON","rent",0.524554255884116,0.098275606138047,FALSE,"rent",603,14,55,"SC≥10|Top5%"
"XTEBUPIRIMPHOS","XDIAZINON","Poverty_150",0.842667796230458,0.0319197425221755,TRUE,"Poverty_150",603,14,55,"SC≥10|Top5%"
"XTEBUPIRIMPHOS","XDIAZINON","Unemployed",0.967600097674851,0.00966591169851238,TRUE,"Unemployed",603,14,55,"SC≥10|Top5%"
"XTEBUPIRIMPHOS","XDIAZINON","Working_class",0.621148233311231,0.050181985281607,FALSE,"Working_class",603,14,55,"SC≥10|Top5%"
"XTEBUPIRIMPHOS","XESFENVALERATE","NULL",0.648672643976262,0.0111098734682274,TRUE,"None",867,17,55,"SC≥10|Top5%"
"XTEBUPIRIMPHOS","XESFENVALERATE","NULL+Pesti2",0.540089545475312,0.0565889359370526,FALSE,"None",867,17,55,"SC≥10|Top5%"
"XTEBUPIRIMPHOS","XESFENVALERATE","Education.index",0.548628084878762,0.0521363386718669,FALSE,"Education.index",867,17,55,"SC≥10|Top5%"
"XTEBUPIRIMPHOS","XESFENVALERATE","Income",0.546863509252313,0.0537696271692683,FALSE,"Income",867,17,55,"SC≥10|Top5%"
"XTEBUPIRIMPHOS","XESFENVALERATE","home_value",0.531574995974306,0.060782970037687,FALSE,"home_value",867,17,55,"SC≥10|Top5%"
"XTEBUPIRIMPHOS","XESFENVALERATE","rent",0.376850091403362,0.189133841504529,FALSE,"rent",867,17,55,"SC≥10|Top5%"
"XTEBUPIRIMPHOS","XESFENVALERATE","Poverty_150",0.650117870044221,0.0503559389396673,FALSE,"Poverty_150",867,17,55,"SC≥10|Top5%"
"XTEBUPIRIMPHOS","XESFENVALERATE","Unemployed",0.780277916612861,0.0153618656832208,TRUE,"Unemployed",867,17,55,"SC≥10|Top5%"
"XTEBUPIRIMPHOS","XESFENVALERATE","Working_class",0.53519072632058,0.0596877636088419,FALSE,"Working_class",867,17,55,"SC≥10|Top5%"
"XTEBUPIRIMPHOS","XESFENVALERATE","Combined_SES",0.376850091403362,0.189133841504529,FALSE,"rent",867,17,55,"SC≥10|Top5%"
"XTEBUPIRIMPHOS","XFENBUCONAZOLE","NULL",-0.161789868265891,0.623153166580224,FALSE,"None",83,16,6,"SC≥10|Top5%"
"XTEBUPIRIMPHOS","XFENBUCONAZOLE","NULL+Pesti2",-0.178677903510506,0.586278211552368,FALSE,"None",83,16,6,"SC≥10|Top5%"
"XTEBUPIRIMPHOS","XFENBUCONAZOLE","Education.index",-0.21008466078007,0.529682511314334,FALSE,"Education.index",83,16,6,"SC≥10|Top5%"
"XTEBUPIRIMPHOS","XFENBUCONAZOLE","Income",-0.14483174884119,0.653078440797749,FALSE,"Income",83,16,6,"SC≥10|Top5%"
"XTEBUPIRIMPHOS","XFENBUCONAZOLE","home_value",-0.350398845904115,0.31760524064995,FALSE,"home_value",83,16,6,"SC≥10|Top5%"
"XTEBUPIRIMPHOS","XFENBUCONAZOLE","rent",-0.215995084121832,0.498180825500962,FALSE,"rent",83,16,6,"SC≥10|Top5%"
"XTEBUPIRIMPHOS","XFENBUCONAZOLE","Poverty_150",-0.163200709126555,0.615586264342196,FALSE,"Poverty_150",83,16,6,"SC≥10|Top5%"
"XTEBUPIRIMPHOS","XFENBUCONAZOLE","Unemployed",-0.141746155494205,0.688848991323653,FALSE,"Unemployed",83,16,6,"SC≥10|Top5%"
"XTEBUPIRIMPHOS","XFENBUCONAZOLE","Working_class",-0.252977551261289,0.527498819884952,FALSE,"Working_class",83,16,6,"SC≥10|Top5%"
"XTEBUPIRIMPHOS","XFENBUCONAZOLE","Combined_SES",-0.21455406388438,0.509675128380811,FALSE,"Income, rent",83,16,6,"SC≥10|Top5%"
"XTEBUPIRIMPHOS","XFLUMIOXAZIN","NULL",0.819265446652037,0.0172816029504524,TRUE,"None",589,12,55,"SC≥10|Top5%"
"XTEBUPIRIMPHOS","XFLUMIOXAZIN","NULL+Pesti2",0.396952591385343,0.349939494006678,FALSE,"None",589,12,55,"SC≥10|Top5%"
"XTEBUPIRIMPHOS","XFLUMIOXAZIN","Education.index",0.389548246540901,0.359519134975617,FALSE,"Education.index",589,12,55,"SC≥10|Top5%"
"XTEBUPIRIMPHOS","XFLUMIOXAZIN","Income",0.388570979150551,0.360527555540483,FALSE,"Income",589,12,55,"SC≥10|Top5%"
"XTEBUPIRIMPHOS","XFLUMIOXAZIN","home_value",0.388594521688983,0.361668423420091,FALSE,"home_value",589,12,55,"SC≥10|Top5%"
"XTEBUPIRIMPHOS","XFLUMIOXAZIN","rent",0.257885762863512,0.554138255408797,FALSE,"rent",589,12,55,"SC≥10|Top5%"
"XTEBUPIRIMPHOS","XFLUMIOXAZIN","Poverty_150",0.543291936703666,0.22206235808261,FALSE,"Poverty_150",589,12,55,"SC≥10|Top5%"
"XTEBUPIRIMPHOS","XFLUMIOXAZIN","Unemployed",0.630367754547572,0.156930792716907,FALSE,"Unemployed",589,12,55,"SC≥10|Top5%"
"XTEBUPIRIMPHOS","XFLUMIOXAZIN","Working_class",0.391688295855382,0.358090677685871,FALSE,"Working_class",589,12,55,"SC≥10|Top5%"
"XTEBUPIRIMPHOS","XGLYPHOSATE","NULL",0.638556806494644,0.00729715968269711,TRUE,"None",878,17,55,"SC≥10|Top5%"
"XTEBUPIRIMPHOS","XGLYPHOSATE","NULL+Pesti2",0.381627404397673,0.317327832632514,FALSE,"None",878,17,55,"SC≥10|Top5%"
"XTEBUPIRIMPHOS","XGLYPHOSATE","Education.index",0.31539941059588,0.410585007738132,FALSE,"Education.index",878,17,55,"SC≥10|Top5%"
"XTEBUPIRIMPHOS","XGLYPHOSATE","Income",0.346250379869691,0.365224742876712,FALSE,"Income",878,17,55,"SC≥10|Top5%"
"XTEBUPIRIMPHOS","XGLYPHOSATE","home_value",0.364219772241201,0.340755233932682,FALSE,"home_value",878,17,55,"SC≥10|Top5%"
"XTEBUPIRIMPHOS","XGLYPHOSATE","rent",0.246694488503306,0.519321530098738,FALSE,"rent",878,17,55,"SC≥10|Top5%"
"XTEBUPIRIMPHOS","XGLYPHOSATE","Poverty_150",0.440493989823027,0.256043503975287,FALSE,"Poverty_150",878,17,55,"SC≥10|Top5%"
"XTEBUPIRIMPHOS","XGLYPHOSATE","Unemployed",0.50665784163883,0.191838625703103,FALSE,"Unemployed",878,17,55,"SC≥10|Top5%"
"XTEBUPIRIMPHOS","XGLYPHOSATE","Working_class",0.371676631915851,0.332404873509076,FALSE,"Working_class",878,17,55,"SC≥10|Top5%"
"XTEBUPIRIMPHOS","XGLYPHOSATE","Combined_SES",0.37176874256246,0.339083998351699,FALSE,"rent, Unemployed",878,17,55,"SC≥10|Top5%"
"XTEBUPIRIMPHOS","XIMIDACLOPRID","NULL",0.681134219930848,0.00898612810456856,TRUE,"None",683,17,55,"SC≥10|Top5%"
"XTEBUPIRIMPHOS","XIMIDACLOPRID","NULL+Pesti2",0.755414349984143,0.00472715298204412,TRUE,"None",683,17,55,"SC≥10|Top5%"
"XTEBUPIRIMPHOS","XIMIDACLOPRID","Education.index",0.802025897726392,0.00288750032376864,TRUE,"Education.index",683,17,55,"SC≥10|Top5%"
"XTEBUPIRIMPHOS","XIMIDACLOPRID","Income",0.837947854646855,0.00224363973240511,TRUE,"Income",683,17,55,"SC≥10|Top5%"
"XTEBUPIRIMPHOS","XIMIDACLOPRID","home_value",0.781246345166072,0.00340425257460467,TRUE,"home_value",683,17,55,"SC≥10|Top5%"
"XTEBUPIRIMPHOS","XIMIDACLOPRID","rent",0.689829623389765,0.0076903478085429,TRUE,"rent",683,17,55,"SC≥10|Top5%"
"XTEBUPIRIMPHOS","XIMIDACLOPRID","Poverty_150",0.999021825651118,0.00418714056434257,TRUE,"Poverty_150",683,17,55,"SC≥10|Top5%"
"XTEBUPIRIMPHOS","XIMIDACLOPRID","Unemployed",1.14120617482666,0.000498200334548128,TRUE,"Unemployed",683,17,55,"SC≥10|Top5%"
"XTEBUPIRIMPHOS","XIMIDACLOPRID","Working_class",0.756028721647074,0.00488027219466421,TRUE,"Working_class",683,17,55,"SC≥10|Top5%"
"XTEBUPIRIMPHOS","XIMIDACLOPRID","Combined_SES",1.05971846869177,0.000971495281523347,TRUE,"rent, Unemployed",683,17,55,"SC≥10|Top5%"
"XTEBUPIRIMPHOS","XNICOSULFURON","NULL",0.669492004241723,0.00862453338450167,TRUE,"None",869,17,55,"SC≥10|Top5%"
"XTEBUPIRIMPHOS","XNICOSULFURON","NULL+Pesti2",0.476006337026173,0.265082720657713,FALSE,"None",869,17,55,"SC≥10|Top5%"
"XTEBUPIRIMPHOS","XNICOSULFURON","Education.index",0.485558641997502,0.255317530574969,FALSE,"Education.index",869,17,55,"SC≥10|Top5%"
"XTEBUPIRIMPHOS","XNICOSULFURON","Income",0.4978437168691,0.244295073371343,FALSE,"Income",869,17,55,"SC≥10|Top5%"
"XTEBUPIRIMPHOS","XNICOSULFURON","home_value",0.47324319612326,0.268019424732051,FALSE,"home_value",869,17,55,"SC≥10|Top5%"
"XTEBUPIRIMPHOS","XNICOSULFURON","rent",0.409461798770215,0.337282621732543,FALSE,"rent",869,17,55,"SC≥10|Top5%"
"XTEBUPIRIMPHOS","XNICOSULFURON","Poverty_150",0.560996612620182,0.203999599404212,FALSE,"Poverty_150",869,17,55,"SC≥10|Top5%"
"XTEBUPIRIMPHOS","XNICOSULFURON","Unemployed",0.637443932228327,0.144228517359687,FALSE,"Unemployed",869,17,55,"SC≥10|Top5%"
"XTEBUPIRIMPHOS","XNICOSULFURON","Working_class",0.472311694542262,0.269476106949087,FALSE,"Working_class",869,17,55,"SC≥10|Top5%"
"XTEBUPIRIMPHOS","XNICOSULFURON","Combined_SES",0.409461798770215,0.337282621732543,FALSE,"rent",869,17,55,"SC≥10|Top5%"
"XTEBUPIRIMPHOS","XPICLORAM","NULL",0.638556806494644,0.00729715968269711,TRUE,"None",878,17,55,"SC≥10|Top5%"
"XTEBUPIRIMPHOS","XPICLORAM","NULL+Pesti2",0.637125778754924,0.00759381124567588,TRUE,"None",878,17,55,"SC≥10|Top5%"
"XTEBUPIRIMPHOS","XPICLORAM","Education.index",0.679239180774403,0.00468416097512776,TRUE,"Education.index",878,17,55,"SC≥10|Top5%"
"XTEBUPIRIMPHOS","XPICLORAM","Income",0.699041512088744,0.00457940645023748,TRUE,"Income",878,17,55,"SC≥10|Top5%"
"XTEBUPIRIMPHOS","XPICLORAM","home_value",0.645171383210605,0.00695006910078837,TRUE,"home_value",878,17,55,"SC≥10|Top5%"
"XTEBUPIRIMPHOS","XPICLORAM","rent",0.569659183366568,0.0146680281897664,TRUE,"rent",878,17,55,"SC≥10|Top5%"
"XTEBUPIRIMPHOS","XPICLORAM","Poverty_150",0.740602367014962,0.0165679494002874,TRUE,"Poverty_150",878,17,55,"SC≥10|Top5%"
"XTEBUPIRIMPHOS","XPICLORAM","Unemployed",0.886554930173621,0.00204877792178444,TRUE,"Unemployed",878,17,55,"SC≥10|Top5%"
"XTEBUPIRIMPHOS","XPICLORAM","Working_class",0.634514347330367,0.00819975435002988,TRUE,"Working_class",878,17,55,"SC≥10|Top5%"
"XTEBUPIRIMPHOS","XPICLORAM","Combined_SES",0.569659183366568,0.0146680281897664,TRUE,"rent",878,17,55,"SC≥10|Top5%"
"XTEBUPIRIMPHOS","XPROPARGITE","NULL",0.155845871343049,0.589791303879408,FALSE,"None",163,14,47,"SC≥10|Top5%"
"XTEBUPIRIMPHOS","XPROPARGITE","NULL+Pesti2",0.363001818282046,0.368708864919062,FALSE,"None",163,14,47,"SC≥10|Top5%"
"XTEBUPIRIMPHOS","XPROPARGITE","Education.index",0.517471594570848,0.114648778222133,FALSE,"Education.index",163,14,47,"SC≥10|Top5%"
"XTEBUPIRIMPHOS","XPROPARGITE","Income",0.723496517064537,0.142854685872639,FALSE,"Income",163,14,47,"SC≥10|Top5%"
"XTEBUPIRIMPHOS","XPROPARGITE","home_value",0.556705038967918,0.206031409677624,FALSE,"home_value",163,14,47,"SC≥10|Top5%"
"XTEBUPIRIMPHOS","XPROPARGITE","rent",0.530400156244624,0.208255668935211,FALSE,"rent",163,14,47,"SC≥10|Top5%"
"XTEBUPIRIMPHOS","XPROPARGITE","Poverty_150",0.453484685077725,0.436252438126712,FALSE,"Poverty_150",163,14,47,"SC≥10|Top5%"
"XTEBUPIRIMPHOS","XPROPARGITE","Unemployed",0.794553205545348,0.156342387654915,FALSE,"Unemployed",163,14,47,"SC≥10|Top5%"
"XTEBUPIRIMPHOS","XPROPARGITE","Working_class",0.35233434666151,0.389041090451708,FALSE,"Working_class",163,14,47,"SC≥10|Top5%"
"XTEBUPIRIMPHOS","XPROPARGITE","Combined_SES",0.549021598312721,0.202353711088836,FALSE,"Education.index, rent",163,14,47,"SC≥10|Top5%"
"XTEBUPIRIMPHOS","XSIMAZINE","NULL",0.54932121640335,0.112480011936963,FALSE,"None",806,17,55,"SC≥10|Top5%"
"XTEBUPIRIMPHOS","XSIMAZINE","NULL+Pesti2",0.643718607453388,0.0901490995866906,FALSE,"None",806,17,55,"SC≥10|Top5%"
"XTEBUPIRIMPHOS","XSIMAZINE","Education.index",0.597991575060039,0.115775646402576,FALSE,"Education.index",806,17,55,"SC≥10|Top5%"
"XTEBUPIRIMPHOS","XSIMAZINE","Income",0.623035262821549,0.101675871982034,FALSE,"Income",806,17,55,"SC≥10|Top5%"
"XTEBUPIRIMPHOS","XSIMAZINE","home_value",0.614893184139021,0.108318119994565,FALSE,"home_value",806,17,55,"SC≥10|Top5%"
"XTEBUPIRIMPHOS","XSIMAZINE","rent",0.470821653504434,0.227548156385675,FALSE,"rent",806,17,55,"SC≥10|Top5%"
"XTEBUPIRIMPHOS","XSIMAZINE","Poverty_150",0.753600878930964,0.0641814661500632,FALSE,"Poverty_150",806,17,55,"SC≥10|Top5%"
"XTEBUPIRIMPHOS","XSIMAZINE","Unemployed",0.863413375828573,0.0302942758727663,TRUE,"Unemployed",806,17,55,"SC≥10|Top5%"
"XTEBUPIRIMPHOS","XSIMAZINE","Working_class",0.635369559582056,0.0967984669255809,FALSE,"Working_class",806,17,55,"SC≥10|Top5%"
