"Pesticide","SES_Adjusted","Effect","P_value","Significant","Included_SES","N","N_SC","N_Time","Filters"
"X24DB","NULL",0.110254429365362,0.444860148429803,FALSE,"",1807,100,21,"GroupFilter=TRUE;MinGroup=10;Top=TRUE;TopPct=0.05;Bottom=FALSE;BottomPct=0.05"
"X24DB","Education.index",0.0933992987021969,0.509793283707924,FALSE,"Education.index",1807,100,21,"GroupFilter=TRUE;MinGroup=10;Top=TRUE;TopPct=0.05;Bottom=FALSE;BottomPct=0.05"
"X24DB","Income",0.101768700639394,0.483045929129338,FALSE,"Income",1807,100,21,"GroupFilter=TRUE;MinGroup=10;Top=TRUE;TopPct=0.05;Bottom=FALSE;BottomPct=0.05"
"X24DB","home_value",0.043244278175303,0.773118988225304,FALSE,"home_value",1807,100,21,"GroupFilter=TRUE;MinGroup=10;Top=TRUE;TopPct=0.05;Bottom=FALSE;BottomPct=0.05"
"X24DB","rent",0.014979311575817,0.92069568301752,FALSE,"rent",1807,100,21,"GroupFilter=TRUE;MinGroup=10;Top=TRUE;TopPct=0.05;Bottom=FALSE;BottomPct=0.05"
"X24DB","Poverty_150",0.0965488248687329,0.513046821190507,FALSE,"Poverty_150",1807,100,21,"GroupFilter=TRUE;MinGroup=10;Top=TRUE;TopPct=0.05;Bottom=FALSE;BottomPct=0.05"
"X24DB","Unemployed",0.10130680254407,0.523225632257433,FALSE,"Unemployed",1807,100,21,"GroupFilter=TRUE;MinGroup=10;Top=TRUE;TopPct=0.05;Bottom=FALSE;BottomPct=0.05"
"X24DB","Working_class",0.0715225216818904,0.626800306455875,FALSE,"Working_class",1807,100,21,"GroupFilter=TRUE;MinGroup=10;Top=TRUE;TopPct=0.05;Bottom=FALSE;BottomPct=0.05"
"X24DB","Combined_SES",0.0584557835700491,0.699585959758537,FALSE,"Education.index, rent",1807,100,21,"GroupFilter=TRUE;MinGroup=10;Top=TRUE;TopPct=0.05;Bottom=FALSE;BottomPct=0.05"
"X6BENZYLADENINE","NULL",-0.0671896534405441,0.83490389431375,FALSE,"",598,43,21,"GroupFilter=TRUE;MinGroup=10;Top=TRUE;TopPct=0.05;Bottom=FALSE;BottomPct=0.05"
"X6BENZYLADENINE","Education.index",0.108299299656009,0.732013705286873,FALSE,"Education.index",598,43,21,"GroupFilter=TRUE;MinGroup=10;Top=TRUE;TopPct=0.05;Bottom=FALSE;BottomPct=0.05"
"X6BENZYLADENINE","Income",-0.132658672291414,0.699103794990612,FALSE,"Income",598,43,21,"GroupFilter=TRUE;MinGroup=10;Top=TRUE;TopPct=0.05;Bottom=FALSE;BottomPct=0.05"
"X6BENZYLADENINE","home_value",-0.07632779779856,0.816910618785413,FALSE,"home_value",598,43,21,"GroupFilter=TRUE;MinGroup=10;Top=TRUE;TopPct=0.05;Bottom=FALSE;BottomPct=0.05"
"X6BENZYLADENINE","rent",-0.0778887718373693,0.814244409921903,FALSE,"rent",598,43,21,"GroupFilter=TRUE;MinGroup=10;Top=TRUE;TopPct=0.05;Bottom=FALSE;BottomPct=0.05"
"X6BENZYLADENINE","Poverty_150",-0.131160325216251,0.699439805888909,FALSE,"Poverty_150",598,43,21,"GroupFilter=TRUE;MinGroup=10;Top=TRUE;TopPct=0.05;Bottom=FALSE;BottomPct=0.05"
"X6BENZYLADENINE","Unemployed",-0.0650820486947388,0.842441955175827,FALSE,"Unemployed",598,43,21,"GroupFilter=TRUE;MinGroup=10;Top=TRUE;TopPct=0.05;Bottom=FALSE;BottomPct=0.05"
"X6BENZYLADENINE","Working_class",-0.124201189352992,0.708380807554992,FALSE,"Working_class",598,43,21,"GroupFilter=TRUE;MinGroup=10;Top=TRUE;TopPct=0.05;Bottom=FALSE;BottomPct=0.05"
"X6BENZYLADENINE","Combined_SES",0.108299299656009,0.732013705286873,FALSE,"Education.index",598,43,21,"GroupFilter=TRUE;MinGroup=10;Top=TRUE;TopPct=0.05;Bottom=FALSE;BottomPct=0.05"
"XABAMECTIN","NULL",0.334426406343401,0.250860755742442,FALSE,"",406,25,21,"GroupFilter=TRUE;MinGroup=10;Top=TRUE;TopPct=0.05;Bottom=FALSE;BottomPct=0.05"
"XABAMECTIN","Education.index",0.583659868283852,0.0362880401457915,TRUE,"Education.index",406,25,21,"GroupFilter=TRUE;MinGroup=10;Top=TRUE;TopPct=0.05;Bottom=FALSE;BottomPct=0.05"
"XABAMECTIN","Income",0.321586883523651,0.324338896922657,FALSE,"Income",406,25,21,"GroupFilter=TRUE;MinGroup=10;Top=TRUE;TopPct=0.05;Bottom=FALSE;BottomPct=0.05"
"XABAMECTIN","home_value",0.40759786789801,0.171529602301002,FALSE,"home_value",406,25,21,"GroupFilter=TRUE;MinGroup=10;Top=TRUE;TopPct=0.05;Bottom=FALSE;BottomPct=0.05"
"XABAMECTIN","rent",0.422906163426538,0.1753808759472,FALSE,"rent",406,25,21,"GroupFilter=TRUE;MinGroup=10;Top=TRUE;TopPct=0.05;Bottom=FALSE;BottomPct=0.05"
"XABAMECTIN","Poverty_150",0.141125355864371,0.668929989274781,FALSE,"Poverty_150",406,25,21,"GroupFilter=TRUE;MinGroup=10;Top=TRUE;TopPct=0.05;Bottom=FALSE;BottomPct=0.05"
"XABAMECTIN","Unemployed",0.364717468967844,0.218752259648297,FALSE,"Unemployed",406,25,21,"GroupFilter=TRUE;MinGroup=10;Top=TRUE;TopPct=0.05;Bottom=FALSE;BottomPct=0.05"
"XABAMECTIN","Working_class",0.335651479433575,0.27712181650007,FALSE,"Working_class",406,25,21,"GroupFilter=TRUE;MinGroup=10;Top=TRUE;TopPct=0.05;Bottom=FALSE;BottomPct=0.05"
"XABAMECTIN","Combined_SES",0.583659868283852,0.0362880401457915,TRUE,"Education.index",406,25,21,"GroupFilter=TRUE;MinGroup=10;Top=TRUE;TopPct=0.05;Bottom=FALSE;BottomPct=0.05"
"XACEPHATE","NULL",-0.0156317409425798,0.938327702532058,FALSE,"",562,36,21,"GroupFilter=TRUE;MinGroup=10;Top=TRUE;TopPct=0.05;Bottom=FALSE;BottomPct=0.05"
"XACEPHATE","Education.index",-0.0170509256867837,0.933104267344753,FALSE,"Education.index",562,36,21,"GroupFilter=TRUE;MinGroup=10;Top=TRUE;TopPct=0.05;Bottom=FALSE;BottomPct=0.05"
"XACEPHATE","Income",-0.0159345183782561,0.938286507795951,FALSE,"Income",562,36,21,"GroupFilter=TRUE;MinGroup=10;Top=TRUE;TopPct=0.05;Bottom=FALSE;BottomPct=0.05"
"XACEPHATE","home_value",-0.00455524547401237,0.982146142952773,FALSE,"home_value",562,36,21,"GroupFilter=TRUE;MinGroup=10;Top=TRUE;TopPct=0.05;Bottom=FALSE;BottomPct=0.05"
"XACEPHATE","rent",0.0208274492019111,0.918765112953186,FALSE,"rent",562,36,21,"GroupFilter=TRUE;MinGroup=10;Top=TRUE;TopPct=0.05;Bottom=FALSE;BottomPct=0.05"
"XACEPHATE","Poverty_150",-0.0209514562113998,0.915673511922999,FALSE,"Poverty_150",562,36,21,"GroupFilter=TRUE;MinGroup=10;Top=TRUE;TopPct=0.05;Bottom=FALSE;BottomPct=0.05"
"XACEPHATE","Unemployed",-0.0195444116780029,0.919678510770871,FALSE,"Unemployed",562,36,21,"GroupFilter=TRUE;MinGroup=10;Top=TRUE;TopPct=0.05;Bottom=FALSE;BottomPct=0.05"
"XACEPHATE","Working_class",-0.0125317534634141,0.950947114898122,FALSE,"Working_class",562,36,21,"GroupFilter=TRUE;MinGroup=10;Top=TRUE;TopPct=0.05;Bottom=FALSE;BottomPct=0.05"
"XACEPHATE","Combined_SES",-0.0195444116780029,0.919678510770871,FALSE,"Unemployed",562,36,21,"GroupFilter=TRUE;MinGroup=10;Top=TRUE;TopPct=0.05;Bottom=FALSE;BottomPct=0.05"
"XACIFLUORFEN","NULL",0.552035534838465,0.116125382002737,FALSE,"",962,51,20,"GroupFilter=TRUE;MinGroup=10;Top=TRUE;TopPct=0.05;Bottom=FALSE;BottomPct=0.05"
"XACIFLUORFEN","Education.index",0.632036559609787,0.0756577783243511,FALSE,"Education.index",962,51,20,"GroupFilter=TRUE;MinGroup=10;Top=TRUE;TopPct=0.05;Bottom=FALSE;BottomPct=0.05"
"XACIFLUORFEN","Income",0.606046641815776,0.0898385404667127,FALSE,"Income",962,51,20,"GroupFilter=TRUE;MinGroup=10;Top=TRUE;TopPct=0.05;Bottom=FALSE;BottomPct=0.05"
"XACIFLUORFEN","home_value",0.583984194313811,0.0968017390213788,FALSE,"home_value",962,51,20,"GroupFilter=TRUE;MinGroup=10;Top=TRUE;TopPct=0.05;Bottom=FALSE;BottomPct=0.05"
"XACIFLUORFEN","rent",0.635502253382806,0.065010571141021,FALSE,"rent",962,51,20,"GroupFilter=TRUE;MinGroup=10;Top=TRUE;TopPct=0.05;Bottom=FALSE;BottomPct=0.05"
"XACIFLUORFEN","Poverty_150",0.598258684672069,0.101406892692338,FALSE,"Poverty_150",962,51,20,"GroupFilter=TRUE;MinGroup=10;Top=TRUE;TopPct=0.05;Bottom=FALSE;BottomPct=0.05"
"XACIFLUORFEN","Unemployed",0.611149775173263,0.0876069309563179,FALSE,"Unemployed",962,51,20,"GroupFilter=TRUE;MinGroup=10;Top=TRUE;TopPct=0.05;Bottom=FALSE;BottomPct=0.05"
"XACIFLUORFEN","Working_class",0.585332342330556,0.0975805293077591,FALSE,"Working_class",962,51,20,"GroupFilter=TRUE;MinGroup=10;Top=TRUE;TopPct=0.05;Bottom=FALSE;BottomPct=0.05"
"XACIFLUORFEN","Combined_SES",0.635502253382806,0.065010571141021,FALSE,"rent",962,51,20,"GroupFilter=TRUE;MinGroup=10;Top=TRUE;TopPct=0.05;Bottom=FALSE;BottomPct=0.05"
"XALACHLOR","NULL",0.274354014744184,0.00225451831578415,TRUE,"",1903,99,21,"GroupFilter=TRUE;MinGroup=10;Top=TRUE;TopPct=0.05;Bottom=FALSE;BottomPct=0.05"
"XALACHLOR","Education.index",0.248454015653504,0.0044977101199844,TRUE,"Education.index",1903,99,21,"GroupFilter=TRUE;MinGroup=10;Top=TRUE;TopPct=0.05;Bottom=FALSE;BottomPct=0.05"
"XALACHLOR","Income",0.274499019356898,0.00226684076385966,TRUE,"Income",1903,99,21,"GroupFilter=TRUE;MinGroup=10;Top=TRUE;TopPct=0.05;Bottom=FALSE;BottomPct=0.05"
"XALACHLOR","home_value",0.230089183448469,0.0186239447670388,TRUE,"home_value",1903,99,21,"GroupFilter=TRUE;MinGroup=10;Top=TRUE;TopPct=0.05;Bottom=FALSE;BottomPct=0.05"
"XALACHLOR","rent",0.21689325399064,0.0235320782112108,TRUE,"rent",1903,99,21,"GroupFilter=TRUE;MinGroup=10;Top=TRUE;TopPct=0.05;Bottom=FALSE;BottomPct=0.05"
"XALACHLOR","Poverty_150",0.276676320879764,0.0040550578571553,TRUE,"Poverty_150",1903,99,21,"GroupFilter=TRUE;MinGroup=10;Top=TRUE;TopPct=0.05;Bottom=FALSE;BottomPct=0.05"
"XALACHLOR","Unemployed",0.300887281909416,0.00495689952462294,TRUE,"Unemployed",1903,99,21,"GroupFilter=TRUE;MinGroup=10;Top=TRUE;TopPct=0.05;Bottom=FALSE;BottomPct=0.05"
"XALACHLOR","Working_class",0.256289127516084,0.0054722121157365,TRUE,"Working_class",1903,99,21,"GroupFilter=TRUE;MinGroup=10;Top=TRUE;TopPct=0.05;Bottom=FALSE;BottomPct=0.05"
"XALACHLOR","Combined_SES",0.248454015653504,0.0044977101199844,TRUE,"Education.index",1903,99,21,"GroupFilter=TRUE;MinGroup=10;Top=TRUE;TopPct=0.05;Bottom=FALSE;BottomPct=0.05"
"XALDICARB","NULL",-0.182361625576291,0.179617352275505,FALSE,"",506,29,21,"GroupFilter=TRUE;MinGroup=10;Top=TRUE;TopPct=0.05;Bottom=FALSE;BottomPct=0.05"
"XALDICARB","Education.index",-0.164726883563449,0.232008364354327,FALSE,"Education.index",506,29,21,"GroupFilter=TRUE;MinGroup=10;Top=TRUE;TopPct=0.05;Bottom=FALSE;BottomPct=0.05"
"XALDICARB","Income",-0.178392685694324,0.194146664788192,FALSE,"Income",506,29,21,"GroupFilter=TRUE;MinGroup=10;Top=TRUE;TopPct=0.05;Bottom=FALSE;BottomPct=0.05"
"XALDICARB","home_value",-0.167220170812205,0.212290762464808,FALSE,"home_value",506,29,21,"GroupFilter=TRUE;MinGroup=10;Top=TRUE;TopPct=0.05;Bottom=FALSE;BottomPct=0.05"
"XALDICARB","rent",-0.198234172773445,0.133122944054563,FALSE,"rent",506,29,21,"GroupFilter=TRUE;MinGroup=10;Top=TRUE;TopPct=0.05;Bottom=FALSE;BottomPct=0.05"
"XALDICARB","Poverty_150",-0.185155874756645,0.181266950284407,FALSE,"Poverty_150",506,29,21,"GroupFilter=TRUE;MinGroup=10;Top=TRUE;TopPct=0.05;Bottom=FALSE;BottomPct=0.05"
"XALDICARB","Unemployed",-0.181872934124624,0.179657035653668,FALSE,"Unemployed",506,29,21,"GroupFilter=TRUE;MinGroup=10;Top=TRUE;TopPct=0.05;Bottom=FALSE;BottomPct=0.05"
"XALDICARB","Working_class",-0.15513689224293,0.244305089203569,FALSE,"Working_class",506,29,21,"GroupFilter=TRUE;MinGroup=10;Top=TRUE;TopPct=0.05;Bottom=FALSE;BottomPct=0.05"
"XALDICARB","Combined_SES",-0.163631655105521,0.234426744324526,FALSE,"home_value, rent",506,29,21,"GroupFilter=TRUE;MinGroup=10;Top=TRUE;TopPct=0.05;Bottom=FALSE;BottomPct=0.05"
"XALUMINUMPHOSPHIDE","NULL",-0.283770445899018,0.0624766017136267,FALSE,"",53,3,21,"GroupFilter=TRUE;MinGroup=10;Top=TRUE;TopPct=0.05;Bottom=FALSE;BottomPct=0.05"
"XALUMINUMPHOSPHIDE","Education.index",-0.276035432223122,0.0713863049044098,FALSE,"Education.index",53,3,21,"GroupFilter=TRUE;MinGroup=10;Top=TRUE;TopPct=0.05;Bottom=FALSE;BottomPct=0.05"
"XALUMINUMPHOSPHIDE","Income",-0.267509840355329,0.0830480923037852,FALSE,"Income",53,3,21,"GroupFilter=TRUE;MinGroup=10;Top=TRUE;TopPct=0.05;Bottom=FALSE;BottomPct=0.05"
"XALUMINUMPHOSPHIDE","home_value",-0.267556323775906,0.0749761683410802,FALSE,"home_value",53,3,21,"GroupFilter=TRUE;MinGroup=10;Top=TRUE;TopPct=0.05;Bottom=FALSE;BottomPct=0.05"
"XALUMINUMPHOSPHIDE","rent",-0.279615121668926,0.0649273022813238,FALSE,"rent",53,3,21,"GroupFilter=TRUE;MinGroup=10;Top=TRUE;TopPct=0.05;Bottom=FALSE;BottomPct=0.05"
"XALUMINUMPHOSPHIDE","Poverty_150",-0.291371575859186,0.050250638592728,FALSE,"Poverty_150",53,3,21,"GroupFilter=TRUE;MinGroup=10;Top=TRUE;TopPct=0.05;Bottom=FALSE;BottomPct=0.05"
"XALUMINUMPHOSPHIDE","Unemployed",-0.299213410934043,0.0465351710282594,TRUE,"Unemployed",53,3,21,"GroupFilter=TRUE;MinGroup=10;Top=TRUE;TopPct=0.05;Bottom=FALSE;BottomPct=0.05"
"XALUMINUMPHOSPHIDE","Working_class",-0.287939565947628,0.0594115243360275,FALSE,"Working_class",53,3,21,"GroupFilter=TRUE;MinGroup=10;Top=TRUE;TopPct=0.05;Bottom=FALSE;BottomPct=0.05"
"XALUMINUMPHOSPHIDE","Combined_SES",-0.276035432223122,0.0713863049044098,FALSE,"Education.index",53,3,21,"GroupFilter=TRUE;MinGroup=10;Top=TRUE;TopPct=0.05;Bottom=FALSE;BottomPct=0.05"
"XATRAZINE","NULL",0.270727764104402,0.000895024585174511,TRUE,"",2013,102,21,"GroupFilter=TRUE;MinGroup=10;Top=TRUE;TopPct=0.05;Bottom=FALSE;BottomPct=0.05"
"XATRAZINE","Education.index",0.237480952933106,0.00288340332490454,TRUE,"Education.index",2013,102,21,"GroupFilter=TRUE;MinGroup=10;Top=TRUE;TopPct=0.05;Bottom=FALSE;BottomPct=0.05"
"XATRAZINE","Income",0.268739673187844,0.000980140560337486,TRUE,"Income",2013,102,21,"GroupFilter=TRUE;MinGroup=10;Top=TRUE;TopPct=0.05;Bottom=FALSE;BottomPct=0.05"
"XATRAZINE","home_value",0.24502048663101,0.00571488668513081,TRUE,"home_value",2013,102,21,"GroupFilter=TRUE;MinGroup=10;Top=TRUE;TopPct=0.05;Bottom=FALSE;BottomPct=0.05"
"XATRAZINE","rent",0.226810267885496,0.00993347265061566,TRUE,"rent",2013,102,21,"GroupFilter=TRUE;MinGroup=10;Top=TRUE;TopPct=0.05;Bottom=FALSE;BottomPct=0.05"
"XATRAZINE","Poverty_150",0.286231829395675,0.00101680535361142,TRUE,"Poverty_150",2013,102,21,"GroupFilter=TRUE;MinGroup=10;Top=TRUE;TopPct=0.05;Bottom=FALSE;BottomPct=0.05"
"XATRAZINE","Unemployed",0.333060976588633,0.000561077545746181,TRUE,"Unemployed",2013,102,21,"GroupFilter=TRUE;MinGroup=10;Top=TRUE;TopPct=0.05;Bottom=FALSE;BottomPct=0.05"
"XATRAZINE","Working_class",0.258309243422872,0.00207264665250066,TRUE,"Working_class",2013,102,21,"GroupFilter=TRUE;MinGroup=10;Top=TRUE;TopPct=0.05;Bottom=FALSE;BottomPct=0.05"
"XATRAZINE","Combined_SES",0.237480952933106,0.00288340332490454,TRUE,"Education.index",2013,102,21,"GroupFilter=TRUE;MinGroup=10;Top=TRUE;TopPct=0.05;Bottom=FALSE;BottomPct=0.05"
"XAZINPHOSMETHYL","NULL",-0.00391095570188562,0.980843569615238,FALSE,"",1775,92,21,"GroupFilter=TRUE;MinGroup=10;Top=TRUE;TopPct=0.05;Bottom=FALSE;BottomPct=0.05"
"XAZINPHOSMETHYL","Education.index",0.214356978084023,0.199767587927256,FALSE,"Education.index",1775,92,21,"GroupFilter=TRUE;MinGroup=10;Top=TRUE;TopPct=0.05;Bottom=FALSE;BottomPct=0.05"
"XAZINPHOSMETHYL","Income",0.0669272824495662,0.71301163221844,FALSE,"Income",1775,92,21,"GroupFilter=TRUE;MinGroup=10;Top=TRUE;TopPct=0.05;Bottom=FALSE;BottomPct=0.05"
"XAZINPHOSMETHYL","home_value",0.106817503392409,0.529988979346464,FALSE,"home_value",1775,92,21,"GroupFilter=TRUE;MinGroup=10;Top=TRUE;TopPct=0.05;Bottom=FALSE;BottomPct=0.05"
"XAZINPHOSMETHYL","rent",0.135570791898764,0.426053285347773,FALSE,"rent",1775,92,21,"GroupFilter=TRUE;MinGroup=10;Top=TRUE;TopPct=0.05;Bottom=FALSE;BottomPct=0.05"
"XAZINPHOSMETHYL","Poverty_150",-0.0203848648511935,0.909966679681468,FALSE,"Poverty_150",1775,92,21,"GroupFilter=TRUE;MinGroup=10;Top=TRUE;TopPct=0.05;Bottom=FALSE;BottomPct=0.05"
"XAZINPHOSMETHYL","Unemployed",-0.0266509276426451,0.874227616207577,FALSE,"Unemployed",1775,92,21,"GroupFilter=TRUE;MinGroup=10;Top=TRUE;TopPct=0.05;Bottom=FALSE;BottomPct=0.05"
"XAZINPHOSMETHYL","Working_class",0.0276699749562033,0.866441884289616,FALSE,"Working_class",1775,92,21,"GroupFilter=TRUE;MinGroup=10;Top=TRUE;TopPct=0.05;Bottom=FALSE;BottomPct=0.05"
"XAZINPHOSMETHYL","Combined_SES",0.225979422953362,0.184435958565053,FALSE,"Education.index, home_value, rent",1775,92,21,"GroupFilter=TRUE;MinGroup=10;Top=TRUE;TopPct=0.05;Bottom=FALSE;BottomPct=0.05"
"XBACILLUSTHURINGIENSIS","NULL",0.145535451522633,0.25134117568073,FALSE,"",885,59,21,"GroupFilter=TRUE;MinGroup=10;Top=TRUE;TopPct=0.05;Bottom=FALSE;BottomPct=0.05"
"XBACILLUSTHURINGIENSIS","Education.index",0.165177850398523,0.190103159121604,FALSE,"Education.index",885,59,21,"GroupFilter=TRUE;MinGroup=10;Top=TRUE;TopPct=0.05;Bottom=FALSE;BottomPct=0.05"
"XBACILLUSTHURINGIENSIS","Income",0.12770822131355,0.340526864971508,FALSE,"Income",885,59,21,"GroupFilter=TRUE;MinGroup=10;Top=TRUE;TopPct=0.05;Bottom=FALSE;BottomPct=0.05"
"XBACILLUSTHURINGIENSIS","home_value",0.158942655481248,0.221357390197866,FALSE,"home_value",885,59,21,"GroupFilter=TRUE;MinGroup=10;Top=TRUE;TopPct=0.05;Bottom=FALSE;BottomPct=0.05"
"XBACILLUSTHURINGIENSIS","rent",0.163568327252379,0.209451521741277,FALSE,"rent",885,59,21,"GroupFilter=TRUE;MinGroup=10;Top=TRUE;TopPct=0.05;Bottom=FALSE;BottomPct=0.05"
"XBACILLUSTHURINGIENSIS","Poverty_150",0.132767319203644,0.330452267202538,FALSE,"Poverty_150",885,59,21,"GroupFilter=TRUE;MinGroup=10;Top=TRUE;TopPct=0.05;Bottom=FALSE;BottomPct=0.05"
"XBACILLUSTHURINGIENSIS","Unemployed",0.153280515052372,0.256342429238688,FALSE,"Unemployed",885,59,21,"GroupFilter=TRUE;MinGroup=10;Top=TRUE;TopPct=0.05;Bottom=FALSE;BottomPct=0.05"
"XBACILLUSTHURINGIENSIS","Working_class",0.131801844483799,0.303257696245879,FALSE,"Working_class",885,59,21,"GroupFilter=TRUE;MinGroup=10;Top=TRUE;TopPct=0.05;Bottom=FALSE;BottomPct=0.05"
"XBENFLURALIN","NULL",-0.476339675671365,0.102204273098269,FALSE,"",133,12,18,"GroupFilter=TRUE;MinGroup=10;Top=TRUE;TopPct=0.05;Bottom=FALSE;BottomPct=0.05"
"XBENFLURALIN","Education.index",-0.524689881988438,0.0752807944527793,FALSE,"Education.index",133,12,18,"GroupFilter=TRUE;MinGroup=10;Top=TRUE;TopPct=0.05;Bottom=FALSE;BottomPct=0.05"
"XBENFLURALIN","Income",-0.474489583449769,0.107370806097524,FALSE,"Income",133,12,18,"GroupFilter=TRUE;MinGroup=10;Top=TRUE;TopPct=0.05;Bottom=FALSE;BottomPct=0.05"
"XBENFLURALIN","home_value",-0.513522781653794,0.088065357688776,FALSE,"home_value",133,12,18,"GroupFilter=TRUE;MinGroup=10;Top=TRUE;TopPct=0.05;Bottom=FALSE;BottomPct=0.05"
"XBENFLURALIN","rent",-0.491679320258354,0.0960900090286081,FALSE,"rent",133,12,18,"GroupFilter=TRUE;MinGroup=10;Top=TRUE;TopPct=0.05;Bottom=FALSE;BottomPct=0.05"
"XBENFLURALIN","Poverty_150",-0.469449189833152,0.107072745449269,FALSE,"Poverty_150",133,12,18,"GroupFilter=TRUE;MinGroup=10;Top=TRUE;TopPct=0.05;Bottom=FALSE;BottomPct=0.05"
"XBENFLURALIN","Unemployed",-0.428268354669093,0.144817079664238,FALSE,"Unemployed",133,12,18,"GroupFilter=TRUE;MinGroup=10;Top=TRUE;TopPct=0.05;Bottom=FALSE;BottomPct=0.05"
"XBENFLURALIN","Working_class",-0.507573944951522,0.0922390967079492,FALSE,"Working_class",133,12,18,"GroupFilter=TRUE;MinGroup=10;Top=TRUE;TopPct=0.05;Bottom=FALSE;BottomPct=0.05"
"XBENOMYL","NULL",-0.0504338961691722,0.816007587965761,FALSE,"",961,81,15,"GroupFilter=TRUE;MinGroup=10;Top=TRUE;TopPct=0.05;Bottom=FALSE;BottomPct=0.05"
"XBENOMYL","Education.index",0.0439982457774653,0.839831492543865,FALSE,"Education.index",961,81,15,"GroupFilter=TRUE;MinGroup=10;Top=TRUE;TopPct=0.05;Bottom=FALSE;BottomPct=0.05"
"XBENOMYL","Income",-0.0287573580297749,0.902731260134531,FALSE,"Income",961,81,15,"GroupFilter=TRUE;MinGroup=10;Top=TRUE;TopPct=0.05;Bottom=FALSE;BottomPct=0.05"
"XBENOMYL","home_value",0.00360325960799869,0.986828624714935,FALSE,"home_value",961,81,15,"GroupFilter=TRUE;MinGroup=10;Top=TRUE;TopPct=0.05;Bottom=FALSE;BottomPct=0.05"
"XBENOMYL","rent",0.0539669867418937,0.804435612802337,FALSE,"rent",961,81,15,"GroupFilter=TRUE;MinGroup=10;Top=TRUE;TopPct=0.05;Bottom=FALSE;BottomPct=0.05"
"XBENOMYL","Poverty_150",-0.149006628393366,0.525901944271037,FALSE,"Poverty_150",961,81,15,"GroupFilter=TRUE;MinGroup=10;Top=TRUE;TopPct=0.05;Bottom=FALSE;BottomPct=0.05"
"XBENOMYL","Unemployed",-0.191492687086236,0.403057148354509,FALSE,"Unemployed",961,81,15,"GroupFilter=TRUE;MinGroup=10;Top=TRUE;TopPct=0.05;Bottom=FALSE;BottomPct=0.05"
"XBENOMYL","Working_class",-0.0444900383232646,0.837930824179206,FALSE,"Working_class",961,81,15,"GroupFilter=TRUE;MinGroup=10;Top=TRUE;TopPct=0.05;Bottom=FALSE;BottomPct=0.05"
"XBENOMYL","Combined_SES",0.0666289608954485,0.760306183422913,FALSE,"Education.index, rent",961,81,15,"GroupFilter=TRUE;MinGroup=10;Top=TRUE;TopPct=0.05;Bottom=FALSE;BottomPct=0.05"
"XBENSULIDE","NULL",0.108902724662521,0.579526047815961,FALSE,"",913,67,21,"GroupFilter=TRUE;MinGroup=10;Top=TRUE;TopPct=0.05;Bottom=FALSE;BottomPct=0.05"
"XBENSULIDE","Education.index",0.134745504104663,0.491694750025833,FALSE,"Education.index",913,67,21,"GroupFilter=TRUE;MinGroup=10;Top=TRUE;TopPct=0.05;Bottom=FALSE;BottomPct=0.05"
"XBENSULIDE","Income",0.13728321312156,0.499981003168884,FALSE,"Income",913,67,21,"GroupFilter=TRUE;MinGroup=10;Top=TRUE;TopPct=0.05;Bottom=FALSE;BottomPct=0.05"
"XBENSULIDE","home_value",0.190124936021804,0.338244549312414,FALSE,"home_value",913,67,21,"GroupFilter=TRUE;MinGroup=10;Top=TRUE;TopPct=0.05;Bottom=FALSE;BottomPct=0.05"
"XBENSULIDE","rent",0.239889005168474,0.223227028904236,FALSE,"rent",913,67,21,"GroupFilter=TRUE;MinGroup=10;Top=TRUE;TopPct=0.05;Bottom=FALSE;BottomPct=0.05"
"XBENSULIDE","Poverty_150",0.0612230556213952,0.761989695540996,FALSE,"Poverty_150",913,67,21,"GroupFilter=TRUE;MinGroup=10;Top=TRUE;TopPct=0.05;Bottom=FALSE;BottomPct=0.05"
"XBENSULIDE","Unemployed",0.0584685550034133,0.766009581629532,FALSE,"Unemployed",913,67,21,"GroupFilter=TRUE;MinGroup=10;Top=TRUE;TopPct=0.05;Bottom=FALSE;BottomPct=0.05"
"XBENSULIDE","Working_class",0.141108584503058,0.476812850736337,FALSE,"Working_class",913,67,21,"GroupFilter=TRUE;MinGroup=10;Top=TRUE;TopPct=0.05;Bottom=FALSE;BottomPct=0.05"
"XBENSULIDE","Combined_SES",0.188921568875407,0.336389432462979,FALSE,"home_value, rent, Unemployed",913,67,21,"GroupFilter=TRUE;MinGroup=10;Top=TRUE;TopPct=0.05;Bottom=FALSE;BottomPct=0.05"
"XBENTAZONE","NULL",0.242651351756249,0.013177310863146,TRUE,"",1765,92,21,"GroupFilter=TRUE;MinGroup=10;Top=TRUE;TopPct=0.05;Bottom=FALSE;BottomPct=0.05"
"XBENTAZONE","Education.index",0.221921837642734,0.0211862473099433,TRUE,"Education.index",1765,92,21,"GroupFilter=TRUE;MinGroup=10;Top=TRUE;TopPct=0.05;Bottom=FALSE;BottomPct=0.05"
"XBENTAZONE","Income",0.24324433734713,0.0126782009685481,TRUE,"Income",1765,92,21,"GroupFilter=TRUE;MinGroup=10;Top=TRUE;TopPct=0.05;Bottom=FALSE;BottomPct=0.05"
"XBENTAZONE","home_value",0.216656364599424,0.0310131488118188,TRUE,"home_value",1765,92,21,"GroupFilter=TRUE;MinGroup=10;Top=TRUE;TopPct=0.05;Bottom=FALSE;BottomPct=0.05"
"XBENTAZONE","rent",0.188953942160483,0.0599885410931299,FALSE,"rent",1765,92,21,"GroupFilter=TRUE;MinGroup=10;Top=TRUE;TopPct=0.05;Bottom=FALSE;BottomPct=0.05"
"XBENTAZONE","Poverty_150",0.270864144477676,0.0108192917650262,TRUE,"Poverty_150",1765,92,21,"GroupFilter=TRUE;MinGroup=10;Top=TRUE;TopPct=0.05;Bottom=FALSE;BottomPct=0.05"
"XBENTAZONE","Unemployed",0.261965337837279,0.0219920071072554,TRUE,"Unemployed",1765,92,21,"GroupFilter=TRUE;MinGroup=10;Top=TRUE;TopPct=0.05;Bottom=FALSE;BottomPct=0.05"
"XBENTAZONE","Working_class",0.221115725881472,0.0302216303498706,TRUE,"Working_class",1765,92,21,"GroupFilter=TRUE;MinGroup=10;Top=TRUE;TopPct=0.05;Bottom=FALSE;BottomPct=0.05"
"XBENTAZONE","Combined_SES",0.221921837642734,0.0211862473099433,TRUE,"Education.index",1765,92,21,"GroupFilter=TRUE;MinGroup=10;Top=TRUE;TopPct=0.05;Bottom=FALSE;BottomPct=0.05"
"XBIFENTHRIN","NULL",0.108274561698608,0.399064368180781,FALSE,"",1508,99,21,"GroupFilter=TRUE;MinGroup=10;Top=TRUE;TopPct=0.05;Bottom=FALSE;BottomPct=0.05"
"XBIFENTHRIN","Education.index",0.111989680548364,0.370765856668479,FALSE,"Education.index",1508,99,21,"GroupFilter=TRUE;MinGroup=10;Top=TRUE;TopPct=0.05;Bottom=FALSE;BottomPct=0.05"
"XBIFENTHRIN","Income",0.108334501635865,0.399495916928281,FALSE,"Income",1508,99,21,"GroupFilter=TRUE;MinGroup=10;Top=TRUE;TopPct=0.05;Bottom=FALSE;BottomPct=0.05"
"XBIFENTHRIN","home_value",0.0821598290568452,0.535949957669701,FALSE,"home_value",1508,99,21,"GroupFilter=TRUE;MinGroup=10;Top=TRUE;TopPct=0.05;Bottom=FALSE;BottomPct=0.05"
"XBIFENTHRIN","rent",0.0485284690873379,0.71442990939614,FALSE,"rent",1508,99,21,"GroupFilter=TRUE;MinGroup=10;Top=TRUE;TopPct=0.05;Bottom=FALSE;BottomPct=0.05"
"XBIFENTHRIN","Poverty_150",0.0811405060991284,0.550736273982843,FALSE,"Poverty_150",1508,99,21,"GroupFilter=TRUE;MinGroup=10;Top=TRUE;TopPct=0.05;Bottom=FALSE;BottomPct=0.05"
"XBIFENTHRIN","Unemployed",0.0601176843255303,0.674184955723736,FALSE,"Unemployed",1508,99,21,"GroupFilter=TRUE;MinGroup=10;Top=TRUE;TopPct=0.05;Bottom=FALSE;BottomPct=0.05"
"XBIFENTHRIN","Working_class",0.0864476992705849,0.505536283486487,FALSE,"Working_class",1508,99,21,"GroupFilter=TRUE;MinGroup=10;Top=TRUE;TopPct=0.05;Bottom=FALSE;BottomPct=0.05"
"XBIFENTHRIN","Combined_SES",0.111989680548364,0.370765856668479,FALSE,"Education.index",1508,99,21,"GroupFilter=TRUE;MinGroup=10;Top=TRUE;TopPct=0.05;Bottom=FALSE;BottomPct=0.05"
"XBROMOXYNIL","NULL",0.168779052347574,0.0856118631878875,FALSE,"",1933,99,21,"GroupFilter=TRUE;MinGroup=10;Top=TRUE;TopPct=0.05;Bottom=FALSE;BottomPct=0.05"
"XBROMOXYNIL","Education.index",0.158209247619042,0.0930718797721863,FALSE,"Education.index",1933,99,21,"GroupFilter=TRUE;MinGroup=10;Top=TRUE;TopPct=0.05;Bottom=FALSE;BottomPct=0.05"
"XBROMOXYNIL","Income",0.163159081696756,0.0970072857542094,FALSE,"Income",1933,99,21,"GroupFilter=TRUE;MinGroup=10;Top=TRUE;TopPct=0.05;Bottom=FALSE;BottomPct=0.05"
"XBROMOXYNIL","home_value",0.121262877409982,0.229836657045006,FALSE,"home_value",1933,99,21,"GroupFilter=TRUE;MinGroup=10;Top=TRUE;TopPct=0.05;Bottom=FALSE;BottomPct=0.05"
"XBROMOXYNIL","rent",0.0917651973671932,0.367932339357293,FALSE,"rent",1933,99,21,"GroupFilter=TRUE;MinGroup=10;Top=TRUE;TopPct=0.05;Bottom=FALSE;BottomPct=0.05"
"XBROMOXYNIL","Poverty_150",0.163555284756925,0.108178381562784,FALSE,"Poverty_150",1933,99,21,"GroupFilter=TRUE;MinGroup=10;Top=TRUE;TopPct=0.05;Bottom=FALSE;BottomPct=0.05"
"XBROMOXYNIL","Unemployed",0.17626124591288,0.112509517120806,FALSE,"Unemployed",1933,99,21,"GroupFilter=TRUE;MinGroup=10;Top=TRUE;TopPct=0.05;Bottom=FALSE;BottomPct=0.05"
"XBROMOXYNIL","Working_class",0.131259523446246,0.195919349051378,FALSE,"Working_class",1933,99,21,"GroupFilter=TRUE;MinGroup=10;Top=TRUE;TopPct=0.05;Bottom=FALSE;BottomPct=0.05"
"XBROMOXYNIL","Combined_SES",0.134557221827579,0.194019013881373,FALSE,"Education.index, rent",1933,99,21,"GroupFilter=TRUE;MinGroup=10;Top=TRUE;TopPct=0.05;Bottom=FALSE;BottomPct=0.05"
"XBUTYLATE","NULL",0.182006734936426,0.583007070058924,FALSE,"",462,45,15,"GroupFilter=TRUE;MinGroup=10;Top=TRUE;TopPct=0.05;Bottom=FALSE;BottomPct=0.05"
"XBUTYLATE","Education.index",0.0582659770273293,0.866686898567144,FALSE,"Education.index",462,45,15,"GroupFilter=TRUE;MinGroup=10;Top=TRUE;TopPct=0.05;Bottom=FALSE;BottomPct=0.05"
"XBUTYLATE","Income",0.226040138631388,0.55490595841196,FALSE,"Income",462,45,15,"GroupFilter=TRUE;MinGroup=10;Top=TRUE;TopPct=0.05;Bottom=FALSE;BottomPct=0.05"
"XBUTYLATE","home_value",0.220602372595217,0.595479042979468,FALSE,"home_value",462,45,15,"GroupFilter=TRUE;MinGroup=10;Top=TRUE;TopPct=0.05;Bottom=FALSE;BottomPct=0.05"
"XBUTYLATE","rent",0.0631934152822661,0.881723059997745,FALSE,"rent",462,45,15,"GroupFilter=TRUE;MinGroup=10;Top=TRUE;TopPct=0.05;Bottom=FALSE;BottomPct=0.05"
"XBUTYLATE","Poverty_150",0.177384602965577,0.593227467521609,FALSE,"Poverty_150",462,45,15,"GroupFilter=TRUE;MinGroup=10;Top=TRUE;TopPct=0.05;Bottom=FALSE;BottomPct=0.05"
"XBUTYLATE","Unemployed",0.2502174052515,0.465816745020055,FALSE,"Unemployed",462,45,15,"GroupFilter=TRUE;MinGroup=10;Top=TRUE;TopPct=0.05;Bottom=FALSE;BottomPct=0.05"
"XBUTYLATE","Working_class",0.102563255718149,0.769802441435936,FALSE,"Working_class",462,45,15,"GroupFilter=TRUE;MinGroup=10;Top=TRUE;TopPct=0.05;Bottom=FALSE;BottomPct=0.05"
"XCALCIUMPOLYSULFIDE","NULL",-0.229637062410579,0.15588926347232,FALSE,"",544,30,21,"GroupFilter=TRUE;MinGroup=10;Top=TRUE;TopPct=0.05;Bottom=FALSE;BottomPct=0.05"
"XCALCIUMPOLYSULFIDE","Education.index",0.0262137557712301,0.878907299518731,FALSE,"Education.index",544,30,21,"GroupFilter=TRUE;MinGroup=10;Top=TRUE;TopPct=0.05;Bottom=FALSE;BottomPct=0.05"
"XCALCIUMPOLYSULFIDE","Income",-0.184148882408516,0.290078373091251,FALSE,"Income",544,30,21,"GroupFilter=TRUE;MinGroup=10;Top=TRUE;TopPct=0.05;Bottom=FALSE;BottomPct=0.05"
"XCALCIUMPOLYSULFIDE","home_value",-0.208558506012686,0.212100915477816,FALSE,"home_value",544,30,21,"GroupFilter=TRUE;MinGroup=10;Top=TRUE;TopPct=0.05;Bottom=FALSE;BottomPct=0.05"
"XCALCIUMPOLYSULFIDE","rent",-0.210205414272396,0.218397165064017,FALSE,"rent",544,30,21,"GroupFilter=TRUE;MinGroup=10;Top=TRUE;TopPct=0.05;Bottom=FALSE;BottomPct=0.05"
"XCALCIUMPOLYSULFIDE","Poverty_150",-0.0120444843583099,0.947860821177821,FALSE,"Poverty_150",544,30,21,"GroupFilter=TRUE;MinGroup=10;Top=TRUE;TopPct=0.05;Bottom=FALSE;BottomPct=0.05"
"XCALCIUMPOLYSULFIDE","Unemployed",-0.0345218311735715,0.841076200511056,FALSE,"Unemployed",544,30,21,"GroupFilter=TRUE;MinGroup=10;Top=TRUE;TopPct=0.05;Bottom=FALSE;BottomPct=0.05"
"XCALCIUMPOLYSULFIDE","Working_class",-0.221882562098685,0.177755117523039,FALSE,"Working_class",544,30,21,"GroupFilter=TRUE;MinGroup=10;Top=TRUE;TopPct=0.05;Bottom=FALSE;BottomPct=0.05"
"XCALCIUMPOLYSULFIDE","Combined_SES",0.0349914519479901,0.847772576120305,FALSE,"Education.index, Poverty_150, Unemployed",544,30,21,"GroupFilter=TRUE;MinGroup=10;Top=TRUE;TopPct=0.05;Bottom=FALSE;BottomPct=0.05"
"XCAPTAN","NULL",0.128561958563771,0.356132350772128,FALSE,"",1633,89,21,"GroupFilter=TRUE;MinGroup=10;Top=TRUE;TopPct=0.05;Bottom=FALSE;BottomPct=0.05"
"XCAPTAN","Education.index",0.20831492210182,0.122760859362009,FALSE,"Education.index",1633,89,21,"GroupFilter=TRUE;MinGroup=10;Top=TRUE;TopPct=0.05;Bottom=FALSE;BottomPct=0.05"
"XCAPTAN","Income",0.176113582963733,0.238240790107944,FALSE,"Income",1633,89,21,"GroupFilter=TRUE;MinGroup=10;Top=TRUE;TopPct=0.05;Bottom=FALSE;BottomPct=0.05"
"XCAPTAN","home_value",0.160222436444961,0.247055766028316,FALSE,"home_value",1633,89,21,"GroupFilter=TRUE;MinGroup=10;Top=TRUE;TopPct=0.05;Bottom=FALSE;BottomPct=0.05"
"XCAPTAN","rent",0.193616268355883,0.159077590275697,FALSE,"rent",1633,89,21,"GroupFilter=TRUE;MinGroup=10;Top=TRUE;TopPct=0.05;Bottom=FALSE;BottomPct=0.05"
"XCAPTAN","Poverty_150",0.128648953109307,0.428692778761263,FALSE,"Poverty_150",1633,89,21,"GroupFilter=TRUE;MinGroup=10;Top=TRUE;TopPct=0.05;Bottom=FALSE;BottomPct=0.05"
"XCAPTAN","Unemployed",0.0808869696593917,0.588446956071332,FALSE,"Unemployed",1633,89,21,"GroupFilter=TRUE;MinGroup=10;Top=TRUE;TopPct=0.05;Bottom=FALSE;BottomPct=0.05"
"XCAPTAN","Working_class",0.161862810252212,0.247943313110642,FALSE,"Working_class",1633,89,21,"GroupFilter=TRUE;MinGroup=10;Top=TRUE;TopPct=0.05;Bottom=FALSE;BottomPct=0.05"
"XCAPTAN","Combined_SES",0.214787443358814,0.113342091597234,FALSE,"Education.index, rent",1633,89,21,"GroupFilter=TRUE;MinGroup=10;Top=TRUE;TopPct=0.05;Bottom=FALSE;BottomPct=0.05"
"XCARBARYL","NULL",0.279328906172856,0.0174476266173135,TRUE,"",2038,103,21,"GroupFilter=TRUE;MinGroup=10;Top=TRUE;TopPct=0.05;Bottom=FALSE;BottomPct=0.05"
"XCARBARYL","Education.index",0.288663060900176,0.0104966023866624,TRUE,"Education.index",2038,103,21,"GroupFilter=TRUE;MinGroup=10;Top=TRUE;TopPct=0.05;Bottom=FALSE;BottomPct=0.05"
"XCARBARYL","Income",0.303538618606099,0.0102041260226991,TRUE,"Income",2038,103,21,"GroupFilter=TRUE;MinGroup=10;Top=TRUE;TopPct=0.05;Bottom=FALSE;BottomPct=0.05"
"XCARBARYL","home_value",0.260003296257092,0.0260681968683867,TRUE,"home_value",2038,103,21,"GroupFilter=TRUE;MinGroup=10;Top=TRUE;TopPct=0.05;Bottom=FALSE;BottomPct=0.05"
"XCARBARYL","rent",0.251609930268765,0.0300000683392476,TRUE,"rent",2038,103,21,"GroupFilter=TRUE;MinGroup=10;Top=TRUE;TopPct=0.05;Bottom=FALSE;BottomPct=0.05"
"XCARBARYL","Poverty_150",0.288450991148467,0.02389430280327,TRUE,"Poverty_150",2038,103,21,"GroupFilter=TRUE;MinGroup=10;Top=TRUE;TopPct=0.05;Bottom=FALSE;BottomPct=0.05"
"XCARBARYL","Unemployed",0.267339939824081,0.038712032518586,TRUE,"Unemployed",2038,103,21,"GroupFilter=TRUE;MinGroup=10;Top=TRUE;TopPct=0.05;Bottom=FALSE;BottomPct=0.05"
"XCARBARYL","Working_class",0.269336026166803,0.0216434666963068,TRUE,"Working_class",2038,103,21,"GroupFilter=TRUE;MinGroup=10;Top=TRUE;TopPct=0.05;Bottom=FALSE;BottomPct=0.05"
"XCARBARYL","Combined_SES",0.277140684689989,0.015106923018827,TRUE,"Education.index, rent",2038,103,21,"GroupFilter=TRUE;MinGroup=10;Top=TRUE;TopPct=0.05;Bottom=FALSE;BottomPct=0.05"
"XCARBOFURAN","NULL",0.315620981928659,0.0180534574094384,TRUE,"",1728,102,19,"GroupFilter=TRUE;MinGroup=10;Top=TRUE;TopPct=0.05;Bottom=FALSE;BottomPct=0.05"
"XCARBOFURAN","Education.index",0.260321744877447,0.0480273704687774,TRUE,"Education.index",1728,102,19,"GroupFilter=TRUE;MinGroup=10;Top=TRUE;TopPct=0.05;Bottom=FALSE;BottomPct=0.05"
"XCARBOFURAN","Income",0.312170564208271,0.0200458095379161,TRUE,"Income",1728,102,19,"GroupFilter=TRUE;MinGroup=10;Top=TRUE;TopPct=0.05;Bottom=FALSE;BottomPct=0.05"
"XCARBOFURAN","home_value",0.246387696972626,0.0798287653107835,FALSE,"home_value",1728,102,19,"GroupFilter=TRUE;MinGroup=10;Top=TRUE;TopPct=0.05;Bottom=FALSE;BottomPct=0.05"
"XCARBOFURAN","rent",0.222121177681239,0.114254284302785,FALSE,"rent",1728,102,19,"GroupFilter=TRUE;MinGroup=10;Top=TRUE;TopPct=0.05;Bottom=FALSE;BottomPct=0.05"
"XCARBOFURAN","Poverty_150",0.3013289763363,0.0258354962201932,TRUE,"Poverty_150",1728,102,19,"GroupFilter=TRUE;MinGroup=10;Top=TRUE;TopPct=0.05;Bottom=FALSE;BottomPct=0.05"
"XCARBOFURAN","Unemployed",0.314202279683089,0.0317683588912242,TRUE,"Unemployed",1728,102,19,"GroupFilter=TRUE;MinGroup=10;Top=TRUE;TopPct=0.05;Bottom=FALSE;BottomPct=0.05"
"XCARBOFURAN","Working_class",0.286418073460646,0.0366642268134665,TRUE,"Working_class",1728,102,19,"GroupFilter=TRUE;MinGroup=10;Top=TRUE;TopPct=0.05;Bottom=FALSE;BottomPct=0.05"
"XCARBOFURAN","Combined_SES",0.260321744877447,0.0480273704687774,TRUE,"Education.index",1728,102,19,"GroupFilter=TRUE;MinGroup=10;Top=TRUE;TopPct=0.05;Bottom=FALSE;BottomPct=0.05"
"XCHLORETHOXYFOS","NULL",0.123185077935331,0.636799387927504,FALSE,"",929,60,19,"GroupFilter=TRUE;MinGroup=10;Top=TRUE;TopPct=0.05;Bottom=FALSE;BottomPct=0.05"
"XCHLORETHOXYFOS","Education.index",0.0437774880145722,0.871413739922975,FALSE,"Education.index",929,60,19,"GroupFilter=TRUE;MinGroup=10;Top=TRUE;TopPct=0.05;Bottom=FALSE;BottomPct=0.05"
"XCHLORETHOXYFOS","Income",0.0974459481991589,0.712742332848475,FALSE,"Income",929,60,19,"GroupFilter=TRUE;MinGroup=10;Top=TRUE;TopPct=0.05;Bottom=FALSE;BottomPct=0.05"
"XCHLORETHOXYFOS","home_value",-0.0965148949705165,0.771794051596062,FALSE,"home_value",929,60,19,"GroupFilter=TRUE;MinGroup=10;Top=TRUE;TopPct=0.05;Bottom=FALSE;BottomPct=0.05"
"XCHLORETHOXYFOS","rent",-0.159540730906971,0.597160029897447,FALSE,"rent",929,60,19,"GroupFilter=TRUE;MinGroup=10;Top=TRUE;TopPct=0.05;Bottom=FALSE;BottomPct=0.05"
"XCHLORETHOXYFOS","Poverty_150",0.124595015785833,0.634265826903523,FALSE,"Poverty_150",929,60,19,"GroupFilter=TRUE;MinGroup=10;Top=TRUE;TopPct=0.05;Bottom=FALSE;BottomPct=0.05"
"XCHLORETHOXYFOS","Unemployed",0.0701102916037826,0.807483272700539,FALSE,"Unemployed",929,60,19,"GroupFilter=TRUE;MinGroup=10;Top=TRUE;TopPct=0.05;Bottom=FALSE;BottomPct=0.05"
"XCHLORETHOXYFOS","Working_class",0.0852776481032244,0.747353860400437,FALSE,"Working_class",929,60,19,"GroupFilter=TRUE;MinGroup=10;Top=TRUE;TopPct=0.05;Bottom=FALSE;BottomPct=0.05"
"XCHLORIMURON","NULL",0.536246300490375,0.0819790316701685,FALSE,"",983,50,21,"GroupFilter=TRUE;MinGroup=10;Top=TRUE;TopPct=0.05;Bottom=FALSE;BottomPct=0.05"
"XCHLORIMURON","Education.index",0.545580700421289,0.0743581572938606,FALSE,"Education.index",983,50,21,"GroupFilter=TRUE;MinGroup=10;Top=TRUE;TopPct=0.05;Bottom=FALSE;BottomPct=0.05"
"XCHLORIMURON","Income",0.540712081203548,0.0804529319047963,FALSE,"Income",983,50,21,"GroupFilter=TRUE;MinGroup=10;Top=TRUE;TopPct=0.05;Bottom=FALSE;BottomPct=0.05"
"XCHLORIMURON","home_value",0.538114017572079,0.0811417891884532,FALSE,"home_value",983,50,21,"GroupFilter=TRUE;MinGroup=10;Top=TRUE;TopPct=0.05;Bottom=FALSE;BottomPct=0.05"
"XCHLORIMURON","rent",0.596519761255177,0.0501263366977664,FALSE,"rent",983,50,21,"GroupFilter=TRUE;MinGroup=10;Top=TRUE;TopPct=0.05;Bottom=FALSE;BottomPct=0.05"
"XCHLORIMURON","Poverty_150",0.538065201359009,0.083180245067449,FALSE,"Poverty_150",983,50,21,"GroupFilter=TRUE;MinGroup=10;Top=TRUE;TopPct=0.05;Bottom=FALSE;BottomPct=0.05"
"XCHLORIMURON","Unemployed",0.538583851250803,0.0816622961033961,FALSE,"Unemployed",983,50,21,"GroupFilter=TRUE;MinGroup=10;Top=TRUE;TopPct=0.05;Bottom=FALSE;BottomPct=0.05"
"XCHLORIMURON","Working_class",0.549518795321695,0.0755739953046228,FALSE,"Working_class",983,50,21,"GroupFilter=TRUE;MinGroup=10;Top=TRUE;TopPct=0.05;Bottom=FALSE;BottomPct=0.05"
"XCHLORIMURON","Combined_SES",0.596519761255177,0.0501263366977664,FALSE,"rent",983,50,21,"GroupFilter=TRUE;MinGroup=10;Top=TRUE;TopPct=0.05;Bottom=FALSE;BottomPct=0.05"
"XCHLOROPICRIN","NULL",0.0568203859154568,0.686063522977648,FALSE,"",479,30,21,"GroupFilter=TRUE;MinGroup=10;Top=TRUE;TopPct=0.05;Bottom=FALSE;BottomPct=0.05"
"XCHLOROPICRIN","Education.index",0.209889431282397,0.135533158004331,FALSE,"Education.index",479,30,21,"GroupFilter=TRUE;MinGroup=10;Top=TRUE;TopPct=0.05;Bottom=FALSE;BottomPct=0.05"
"XCHLOROPICRIN","Income",0.154240098898895,0.280989553360542,FALSE,"Income",479,30,21,"GroupFilter=TRUE;MinGroup=10;Top=TRUE;TopPct=0.05;Bottom=FALSE;BottomPct=0.05"
"XCHLOROPICRIN","home_value",0.140468329771455,0.3355266328609,FALSE,"home_value",479,30,21,"GroupFilter=TRUE;MinGroup=10;Top=TRUE;TopPct=0.05;Bottom=FALSE;BottomPct=0.05"
"XCHLOROPICRIN","rent",0.143867938149996,0.331964582545014,FALSE,"rent",479,30,21,"GroupFilter=TRUE;MinGroup=10;Top=TRUE;TopPct=0.05;Bottom=FALSE;BottomPct=0.05"
"XCHLOROPICRIN","Poverty_150",0.209218545771998,0.132715840533784,FALSE,"Poverty_150",479,30,21,"GroupFilter=TRUE;MinGroup=10;Top=TRUE;TopPct=0.05;Bottom=FALSE;BottomPct=0.05"
"XCHLOROPICRIN","Unemployed",0.0894568726466924,0.517598557659737,FALSE,"Unemployed",479,30,21,"GroupFilter=TRUE;MinGroup=10;Top=TRUE;TopPct=0.05;Bottom=FALSE;BottomPct=0.05"
"XCHLOROPICRIN","Working_class",0.0623760330397408,0.66742590514431,FALSE,"Working_class",479,30,21,"GroupFilter=TRUE;MinGroup=10;Top=TRUE;TopPct=0.05;Bottom=FALSE;BottomPct=0.05"
"XCHLOROPICRIN","Combined_SES",0.218246567090933,0.122946359250836,FALSE,"Education.index, Income, Poverty_150",479,30,21,"GroupFilter=TRUE;MinGroup=10;Top=TRUE;TopPct=0.05;Bottom=FALSE;BottomPct=0.05"
"XCHLOROTHALONIL","NULL",0.265399865817267,0.0203516219878619,TRUE,"",1969,103,21,"GroupFilter=TRUE;MinGroup=10;Top=TRUE;TopPct=0.05;Bottom=FALSE;BottomPct=0.05"
"XCHLOROTHALONIL","Education.index",0.341893566869152,0.00215069928454502,TRUE,"Education.index",1969,103,21,"GroupFilter=TRUE;MinGroup=10;Top=TRUE;TopPct=0.05;Bottom=FALSE;BottomPct=0.05"
"XCHLOROTHALONIL","Income",0.347947378404021,0.0043615017332465,TRUE,"Income",1969,103,21,"GroupFilter=TRUE;MinGroup=10;Top=TRUE;TopPct=0.05;Bottom=FALSE;BottomPct=0.05"
"XCHLOROTHALONIL","home_value",0.323843848223332,0.00475546622399713,TRUE,"home_value",1969,103,21,"GroupFilter=TRUE;MinGroup=10;Top=TRUE;TopPct=0.05;Bottom=FALSE;BottomPct=0.05"
"XCHLOROTHALONIL","rent",0.352152947725077,0.00195115110259207,TRUE,"rent",1969,103,21,"GroupFilter=TRUE;MinGroup=10;Top=TRUE;TopPct=0.05;Bottom=FALSE;BottomPct=0.05"
"XCHLOROTHALONIL","Poverty_150",0.2643120591664,0.032292118481714,TRUE,"Poverty_150",1969,103,21,"GroupFilter=TRUE;MinGroup=10;Top=TRUE;TopPct=0.05;Bottom=FALSE;BottomPct=0.05"
"XCHLOROTHALONIL","Unemployed",0.246480964076252,0.0380087833804963,TRUE,"Unemployed",1969,103,21,"GroupFilter=TRUE;MinGroup=10;Top=TRUE;TopPct=0.05;Bottom=FALSE;BottomPct=0.05"
"XCHLOROTHALONIL","Working_class",0.282652354575628,0.0135635323731873,TRUE,"Working_class",1969,103,21,"GroupFilter=TRUE;MinGroup=10;Top=TRUE;TopPct=0.05;Bottom=FALSE;BottomPct=0.05"
"XCHLOROTHALONIL","Combined_SES",0.364632683571261,0.00116475791685351,TRUE,"Education.index, home_value, rent",1969,103,21,"GroupFilter=TRUE;MinGroup=10;Top=TRUE;TopPct=0.05;Bottom=FALSE;BottomPct=0.05"
"XCHLORPYRIFOS","NULL",0.297869445198068,0.0251620678423006,TRUE,"",2068,104,21,"GroupFilter=TRUE;MinGroup=10;Top=TRUE;TopPct=0.05;Bottom=FALSE;BottomPct=0.05"
"XCHLORPYRIFOS","Education.index",0.259968847880721,0.0434620638666806,TRUE,"Education.index",2068,104,21,"GroupFilter=TRUE;MinGroup=10;Top=TRUE;TopPct=0.05;Bottom=FALSE;BottomPct=0.05"
"XCHLORPYRIFOS","Income",0.29653437392981,0.025745713394326,TRUE,"Income",2068,104,21,"GroupFilter=TRUE;MinGroup=10;Top=TRUE;TopPct=0.05;Bottom=FALSE;BottomPct=0.05"
"XCHLORPYRIFOS","home_value",0.249835715769549,0.0663724255175417,FALSE,"home_value",2068,104,21,"GroupFilter=TRUE;MinGroup=10;Top=TRUE;TopPct=0.05;Bottom=FALSE;BottomPct=0.05"
"XCHLORPYRIFOS","rent",0.214634316959789,0.119897845760655,FALSE,"rent",2068,104,21,"GroupFilter=TRUE;MinGroup=10;Top=TRUE;TopPct=0.05;Bottom=FALSE;BottomPct=0.05"
"XCHLORPYRIFOS","Poverty_150",0.291933650503847,0.0385279002105561,TRUE,"Poverty_150",2068,104,21,"GroupFilter=TRUE;MinGroup=10;Top=TRUE;TopPct=0.05;Bottom=FALSE;BottomPct=0.05"
"XCHLORPYRIFOS","Unemployed",0.313366684742953,0.0437612758183962,TRUE,"Unemployed",2068,104,21,"GroupFilter=TRUE;MinGroup=10;Top=TRUE;TopPct=0.05;Bottom=FALSE;BottomPct=0.05"
"XCHLORPYRIFOS","Working_class",0.245332606834041,0.0728826711473283,FALSE,"Working_class",2068,104,21,"GroupFilter=TRUE;MinGroup=10;Top=TRUE;TopPct=0.05;Bottom=FALSE;BottomPct=0.05"
"XCHLORPYRIFOS","Combined_SES",0.248678848990553,0.06634035936623,FALSE,"Education.index, rent",2068,104,21,"GroupFilter=TRUE;MinGroup=10;Top=TRUE;TopPct=0.05;Bottom=FALSE;BottomPct=0.05"
"XCHLORSULFURON","NULL",-0.123324504735304,0.63577758331613,FALSE,"",658,39,21,"GroupFilter=TRUE;MinGroup=10;Top=TRUE;TopPct=0.05;Bottom=FALSE;BottomPct=0.05"
"XCHLORSULFURON","Education.index",0.0239688239271146,0.926963655481202,FALSE,"Education.index",658,39,21,"GroupFilter=TRUE;MinGroup=10;Top=TRUE;TopPct=0.05;Bottom=FALSE;BottomPct=0.05"
"XCHLORSULFURON","Income",-0.0709026514069182,0.789472073902238,FALSE,"Income",658,39,21,"GroupFilter=TRUE;MinGroup=10;Top=TRUE;TopPct=0.05;Bottom=FALSE;BottomPct=0.05"
"XCHLORSULFURON","home_value",-0.113893388978752,0.658099675852926,FALSE,"home_value",658,39,21,"GroupFilter=TRUE;MinGroup=10;Top=TRUE;TopPct=0.05;Bottom=FALSE;BottomPct=0.05"
"XCHLORSULFURON","rent",-0.103157345724735,0.688385653463763,FALSE,"rent",658,39,21,"GroupFilter=TRUE;MinGroup=10;Top=TRUE;TopPct=0.05;Bottom=FALSE;BottomPct=0.05"
"XCHLORSULFURON","Poverty_150",-0.119196381159203,0.665695126216779,FALSE,"Poverty_150",658,39,21,"GroupFilter=TRUE;MinGroup=10;Top=TRUE;TopPct=0.05;Bottom=FALSE;BottomPct=0.05"
"XCHLORSULFURON","Unemployed",-0.114032473133939,0.670810037384478,FALSE,"Unemployed",658,39,21,"GroupFilter=TRUE;MinGroup=10;Top=TRUE;TopPct=0.05;Bottom=FALSE;BottomPct=0.05"
"XCHLORSULFURON","Working_class",-0.124386411552241,0.633834169162677,FALSE,"Working_class",658,39,21,"GroupFilter=TRUE;MinGroup=10;Top=TRUE;TopPct=0.05;Bottom=FALSE;BottomPct=0.05"
"XCHLORSULFURON","Combined_SES",0.0239688239271146,0.926963655481202,FALSE,"Education.index",658,39,21,"GroupFilter=TRUE;MinGroup=10;Top=TRUE;TopPct=0.05;Bottom=FALSE;BottomPct=0.05"
"XCLETHODIM","NULL",0.289081690937699,0.0251037958759723,TRUE,"",1699,99,21,"GroupFilter=TRUE;MinGroup=10;Top=TRUE;TopPct=0.05;Bottom=FALSE;BottomPct=0.05"
"XCLETHODIM","Education.index",0.246231025771418,0.0522309249723243,FALSE,"Education.index",1699,99,21,"GroupFilter=TRUE;MinGroup=10;Top=TRUE;TopPct=0.05;Bottom=FALSE;BottomPct=0.05"
"XCLETHODIM","Income",0.278047506523026,0.032830484716646,TRUE,"Income",1699,99,21,"GroupFilter=TRUE;MinGroup=10;Top=TRUE;TopPct=0.05;Bottom=FALSE;BottomPct=0.05"
"XCLETHODIM","home_value",0.208064790605476,0.137772444664859,FALSE,"home_value",1699,99,21,"GroupFilter=TRUE;MinGroup=10;Top=TRUE;TopPct=0.05;Bottom=FALSE;BottomPct=0.05"
"XCLETHODIM","rent",0.160791043887588,0.257290274527164,FALSE,"rent",1699,99,21,"GroupFilter=TRUE;MinGroup=10;Top=TRUE;TopPct=0.05;Bottom=FALSE;BottomPct=0.05"
"XCLETHODIM","Poverty_150",0.284795019603457,0.0328518761287101,TRUE,"Poverty_150",1699,99,21,"GroupFilter=TRUE;MinGroup=10;Top=TRUE;TopPct=0.05;Bottom=FALSE;BottomPct=0.05"
"XCLETHODIM","Unemployed",0.28964438468432,0.054316197594211,FALSE,"Unemployed",1699,99,21,"GroupFilter=TRUE;MinGroup=10;Top=TRUE;TopPct=0.05;Bottom=FALSE;BottomPct=0.05"
"XCLETHODIM","Working_class",0.262403505820255,0.049215513898577,TRUE,"Working_class",1699,99,21,"GroupFilter=TRUE;MinGroup=10;Top=TRUE;TopPct=0.05;Bottom=FALSE;BottomPct=0.05"
"XCLETHODIM","Combined_SES",0.221694152056221,0.121375160076525,FALSE,"Education.index, rent",1699,99,21,"GroupFilter=TRUE;MinGroup=10;Top=TRUE;TopPct=0.05;Bottom=FALSE;BottomPct=0.05"
"XCLOFENTEZINE","NULL",-0.101514181938678,0.838562382006296,FALSE,"",209,18,15,"GroupFilter=TRUE;MinGroup=10;Top=TRUE;TopPct=0.05;Bottom=FALSE;BottomPct=0.05"
"XCLOFENTEZINE","Education.index",-0.0776980430248982,0.878417270241221,FALSE,"Education.index",209,18,15,"GroupFilter=TRUE;MinGroup=10;Top=TRUE;TopPct=0.05;Bottom=FALSE;BottomPct=0.05"
"XCLOFENTEZINE","Income",0.121496395828297,0.816513273758943,FALSE,"Income",209,18,15,"GroupFilter=TRUE;MinGroup=10;Top=TRUE;TopPct=0.05;Bottom=FALSE;BottomPct=0.05"
"XCLOFENTEZINE","home_value",-0.00519258440022138,0.991758229012422,FALSE,"home_value",209,18,15,"GroupFilter=TRUE;MinGroup=10;Top=TRUE;TopPct=0.05;Bottom=FALSE;BottomPct=0.05"
"XCLOFENTEZINE","rent",0.0303208921798841,0.952944327975904,FALSE,"rent",209,18,15,"GroupFilter=TRUE;MinGroup=10;Top=TRUE;TopPct=0.05;Bottom=FALSE;BottomPct=0.05"
"XCLOFENTEZINE","Poverty_150",0.18606650226719,0.729078188094619,FALSE,"Poverty_150",209,18,15,"GroupFilter=TRUE;MinGroup=10;Top=TRUE;TopPct=0.05;Bottom=FALSE;BottomPct=0.05"
"XCLOFENTEZINE","Unemployed",-0.116200164010439,0.816626443221157,FALSE,"Unemployed",209,18,15,"GroupFilter=TRUE;MinGroup=10;Top=TRUE;TopPct=0.05;Bottom=FALSE;BottomPct=0.05"
"XCLOFENTEZINE","Working_class",-0.0151797930010607,0.977436024397827,FALSE,"Working_class",209,18,15,"GroupFilter=TRUE;MinGroup=10;Top=TRUE;TopPct=0.05;Bottom=FALSE;BottomPct=0.05"
"XCLOMAZONE","NULL",0.186695151293436,0.0734460159889172,FALSE,"",1454,82,21,"GroupFilter=TRUE;MinGroup=10;Top=TRUE;TopPct=0.05;Bottom=FALSE;BottomPct=0.05"
"XCLOMAZONE","Education.index",0.163513284356815,0.1150543539517,FALSE,"Education.index",1454,82,21,"GroupFilter=TRUE;MinGroup=10;Top=TRUE;TopPct=0.05;Bottom=FALSE;BottomPct=0.05"
"XCLOMAZONE","Income",0.185851277320444,0.0745815431076274,FALSE,"Income",1454,82,21,"GroupFilter=TRUE;MinGroup=10;Top=TRUE;TopPct=0.05;Bottom=FALSE;BottomPct=0.05"
"XCLOMAZONE","home_value",0.163780107063477,0.118897857609037,FALSE,"home_value",1454,82,21,"GroupFilter=TRUE;MinGroup=10;Top=TRUE;TopPct=0.05;Bottom=FALSE;BottomPct=0.05"
"XCLOMAZONE","rent",0.14021992242365,0.183713622808711,FALSE,"rent",1454,82,21,"GroupFilter=TRUE;MinGroup=10;Top=TRUE;TopPct=0.05;Bottom=FALSE;BottomPct=0.05"
"XCLOMAZONE","Poverty_150",0.184387895350233,0.0950160762292886,FALSE,"Poverty_150",1454,82,21,"GroupFilter=TRUE;MinGroup=10;Top=TRUE;TopPct=0.05;Bottom=FALSE;BottomPct=0.05"
"XCLOMAZONE","Unemployed",0.151411131866687,0.186576745539995,FALSE,"Unemployed",1454,82,21,"GroupFilter=TRUE;MinGroup=10;Top=TRUE;TopPct=0.05;Bottom=FALSE;BottomPct=0.05"
"XCLOMAZONE","Working_class",0.165202090125532,0.118238052791657,FALSE,"Working_class",1454,82,21,"GroupFilter=TRUE;MinGroup=10;Top=TRUE;TopPct=0.05;Bottom=FALSE;BottomPct=0.05"
"XCLOMAZONE","Combined_SES",0.14182212722856,0.178021722316907,FALSE,"Education.index, rent",1454,82,21,"GroupFilter=TRUE;MinGroup=10;Top=TRUE;TopPct=0.05;Bottom=FALSE;BottomPct=0.05"
"XCLOPYRALID","NULL",0.317351069928479,0.00263694537838624,TRUE,"",1935,103,21,"GroupFilter=TRUE;MinGroup=10;Top=TRUE;TopPct=0.05;Bottom=FALSE;BottomPct=0.05"
"XCLOPYRALID","Education.index",0.281113222483614,0.00665879281709111,TRUE,"Education.index",1935,103,21,"GroupFilter=TRUE;MinGroup=10;Top=TRUE;TopPct=0.05;Bottom=FALSE;BottomPct=0.05"
"XCLOPYRALID","Income",0.310070660789458,0.00364435838704807,TRUE,"Income",1935,103,21,"GroupFilter=TRUE;MinGroup=10;Top=TRUE;TopPct=0.05;Bottom=FALSE;BottomPct=0.05"
"XCLOPYRALID","home_value",0.268775301736611,0.0168807063922825,TRUE,"home_value",1935,103,21,"GroupFilter=TRUE;MinGroup=10;Top=TRUE;TopPct=0.05;Bottom=FALSE;BottomPct=0.05"
"XCLOPYRALID","rent",0.242215962940326,0.0363585917885136,TRUE,"rent",1935,103,21,"GroupFilter=TRUE;MinGroup=10;Top=TRUE;TopPct=0.05;Bottom=FALSE;BottomPct=0.05"
"XCLOPYRALID","Poverty_150",0.315763150406852,0.00338458169326636,TRUE,"Poverty_150",1935,103,21,"GroupFilter=TRUE;MinGroup=10;Top=TRUE;TopPct=0.05;Bottom=FALSE;BottomPct=0.05"
"XCLOPYRALID","Unemployed",0.371005470975409,0.00171322425573292,TRUE,"Unemployed",1935,103,21,"GroupFilter=TRUE;MinGroup=10;Top=TRUE;TopPct=0.05;Bottom=FALSE;BottomPct=0.05"
"XCLOPYRALID","Working_class",0.281587889198217,0.0116813071373395,TRUE,"Working_class",1935,103,21,"GroupFilter=TRUE;MinGroup=10;Top=TRUE;TopPct=0.05;Bottom=FALSE;BottomPct=0.05"
"XCLOPYRALID","Combined_SES",0.281113222483614,0.00665879281709111,TRUE,"Education.index",1935,103,21,"GroupFilter=TRUE;MinGroup=10;Top=TRUE;TopPct=0.05;Bottom=FALSE;BottomPct=0.05"
"XCOPPER","NULL",-0.15765601411013,0.442071979754666,FALSE,"",329,26,17,"GroupFilter=TRUE;MinGroup=10;Top=TRUE;TopPct=0.05;Bottom=FALSE;BottomPct=0.05"
"XCOPPER","Education.index",-0.159653204784582,0.468267154022932,FALSE,"Education.index",329,26,17,"GroupFilter=TRUE;MinGroup=10;Top=TRUE;TopPct=0.05;Bottom=FALSE;BottomPct=0.05"
"XCOPPER","Income",-0.0725567256602163,0.74617020789479,FALSE,"Income",329,26,17,"GroupFilter=TRUE;MinGroup=10;Top=TRUE;TopPct=0.05;Bottom=FALSE;BottomPct=0.05"
"XCOPPER","home_value",-0.189599816350314,0.380050780669579,FALSE,"home_value",329,26,17,"GroupFilter=TRUE;MinGroup=10;Top=TRUE;TopPct=0.05;Bottom=FALSE;BottomPct=0.05"
"XCOPPER","rent",-0.0999976109803972,0.650394195388234,FALSE,"rent",329,26,17,"GroupFilter=TRUE;MinGroup=10;Top=TRUE;TopPct=0.05;Bottom=FALSE;BottomPct=0.05"
"XCOPPER","Poverty_150",-0.0420134460756982,0.856886332387449,FALSE,"Poverty_150",329,26,17,"GroupFilter=TRUE;MinGroup=10;Top=TRUE;TopPct=0.05;Bottom=FALSE;BottomPct=0.05"
"XCOPPER","Unemployed",-0.0905935399151881,0.669698175849214,FALSE,"Unemployed",329,26,17,"GroupFilter=TRUE;MinGroup=10;Top=TRUE;TopPct=0.05;Bottom=FALSE;BottomPct=0.05"
"XCOPPER","Working_class",-0.153799991954377,0.458713137420511,FALSE,"Working_class",329,26,17,"GroupFilter=TRUE;MinGroup=10;Top=TRUE;TopPct=0.05;Bottom=FALSE;BottomPct=0.05"
"XCOPPERHYDROXIDE","NULL",0.185586648035775,0.218244821277417,FALSE,"",1642,84,21,"GroupFilter=TRUE;MinGroup=10;Top=TRUE;TopPct=0.05;Bottom=FALSE;BottomPct=0.05"
"XCOPPERHYDROXIDE","Education.index",0.261042555865853,0.0812145749434996,FALSE,"Education.index",1642,84,21,"GroupFilter=TRUE;MinGroup=10;Top=TRUE;TopPct=0.05;Bottom=FALSE;BottomPct=0.05"
"XCOPPERHYDROXIDE","Income",0.262666203649504,0.104592010238206,FALSE,"Income",1642,84,21,"GroupFilter=TRUE;MinGroup=10;Top=TRUE;TopPct=0.05;Bottom=FALSE;BottomPct=0.05"
"XCOPPERHYDROXIDE","home_value",0.283599023752083,0.0664526938262981,FALSE,"home_value",1642,84,21,"GroupFilter=TRUE;MinGroup=10;Top=TRUE;TopPct=0.05;Bottom=FALSE;BottomPct=0.05"
"XCOPPERHYDROXIDE","rent",0.325538182002118,0.0351331488945888,TRUE,"rent",1642,84,21,"GroupFilter=TRUE;MinGroup=10;Top=TRUE;TopPct=0.05;Bottom=FALSE;BottomPct=0.05"
"XCOPPERHYDROXIDE","Poverty_150",0.1782782501051,0.264855040327623,FALSE,"Poverty_150",1642,84,21,"GroupFilter=TRUE;MinGroup=10;Top=TRUE;TopPct=0.05;Bottom=FALSE;BottomPct=0.05"
"XCOPPERHYDROXIDE","Unemployed",0.165566136712985,0.279415732924115,FALSE,"Unemployed",1642,84,21,"GroupFilter=TRUE;MinGroup=10;Top=TRUE;TopPct=0.05;Bottom=FALSE;BottomPct=0.05"
"XCOPPERHYDROXIDE","Working_class",0.226468061704663,0.13569492089309,FALSE,"Working_class",1642,84,21,"GroupFilter=TRUE;MinGroup=10;Top=TRUE;TopPct=0.05;Bottom=FALSE;BottomPct=0.05"
"XCOPPERHYDROXIDE","Combined_SES",0.328254761826944,0.0328724347149504,TRUE,"Education.index, home_value, rent",1642,84,21,"GroupFilter=TRUE;MinGroup=10;Top=TRUE;TopPct=0.05;Bottom=FALSE;BottomPct=0.05"
"XCOPPEROXYCHLORIDES","NULL",-0.355688425528993,0.148001442502579,FALSE,"",418,32,19,"GroupFilter=TRUE;MinGroup=10;Top=TRUE;TopPct=0.05;Bottom=FALSE;BottomPct=0.05"
"XCOPPEROXYCHLORIDES","Education.index",-0.293951440175988,0.213499008747145,FALSE,"Education.index",418,32,19,"GroupFilter=TRUE;MinGroup=10;Top=TRUE;TopPct=0.05;Bottom=FALSE;BottomPct=0.05"
"XCOPPEROXYCHLORIDES","Income",-0.422771797597169,0.144476799570158,FALSE,"Income",418,32,19,"GroupFilter=TRUE;MinGroup=10;Top=TRUE;TopPct=0.05;Bottom=FALSE;BottomPct=0.05"
"XCOPPEROXYCHLORIDES","home_value",-0.300220129953203,0.232296874259391,FALSE,"home_value",418,32,19,"GroupFilter=TRUE;MinGroup=10;Top=TRUE;TopPct=0.05;Bottom=FALSE;BottomPct=0.05"
"XCOPPEROXYCHLORIDES","rent",-0.188538222767956,0.468163226869529,FALSE,"rent",418,32,19,"GroupFilter=TRUE;MinGroup=10;Top=TRUE;TopPct=0.05;Bottom=FALSE;BottomPct=0.05"
"XCOPPEROXYCHLORIDES","Poverty_150",-0.524343629776524,0.053466133981546,FALSE,"Poverty_150",418,32,19,"GroupFilter=TRUE;MinGroup=10;Top=TRUE;TopPct=0.05;Bottom=FALSE;BottomPct=0.05"
"XCOPPEROXYCHLORIDES","Unemployed",-0.322760931076019,0.157040440712725,FALSE,"Unemployed",418,32,19,"GroupFilter=TRUE;MinGroup=10;Top=TRUE;TopPct=0.05;Bottom=FALSE;BottomPct=0.05"
"XCOPPEROXYCHLORIDES","Working_class",-0.321551085516681,0.230033487505282,FALSE,"Working_class",418,32,19,"GroupFilter=TRUE;MinGroup=10;Top=TRUE;TopPct=0.05;Bottom=FALSE;BottomPct=0.05"
"XCOPPEROXYCHLORIDES","Combined_SES",-0.322760931076019,0.157040440712725,FALSE,"Unemployed",418,32,19,"GroupFilter=TRUE;MinGroup=10;Top=TRUE;TopPct=0.05;Bottom=FALSE;BottomPct=0.05"
"XCOPPERSULFATE","NULL",-0.00887722632347298,0.948202705302044,FALSE,"",1607,95,21,"GroupFilter=TRUE;MinGroup=10;Top=TRUE;TopPct=0.05;Bottom=FALSE;BottomPct=0.05"
"XCOPPERSULFATE","Education.index",0.0716522749184511,0.601403251515019,FALSE,"Education.index",1607,95,21,"GroupFilter=TRUE;MinGroup=10;Top=TRUE;TopPct=0.05;Bottom=FALSE;BottomPct=0.05"
"XCOPPERSULFATE","Income",0.0166192170571231,0.907819665622028,FALSE,"Income",1607,95,21,"GroupFilter=TRUE;MinGroup=10;Top=TRUE;TopPct=0.05;Bottom=FALSE;BottomPct=0.05"
"XCOPPERSULFATE","home_value",0.0183091545458395,0.893730375644779,FALSE,"home_value",1607,95,21,"GroupFilter=TRUE;MinGroup=10;Top=TRUE;TopPct=0.05;Bottom=FALSE;BottomPct=0.05"
"XCOPPERSULFATE","rent",0.0409417484413673,0.766077370816817,FALSE,"rent",1607,95,21,"GroupFilter=TRUE;MinGroup=10;Top=TRUE;TopPct=0.05;Bottom=FALSE;BottomPct=0.05"
"XCOPPERSULFATE","Poverty_150",-0.0325916250895368,0.823233993679355,FALSE,"Poverty_150",1607,95,21,"GroupFilter=TRUE;MinGroup=10;Top=TRUE;TopPct=0.05;Bottom=FALSE;BottomPct=0.05"
"XCOPPERSULFATE","Unemployed",-0.0510290275223859,0.715717629991714,FALSE,"Unemployed",1607,95,21,"GroupFilter=TRUE;MinGroup=10;Top=TRUE;TopPct=0.05;Bottom=FALSE;BottomPct=0.05"
"XCOPPERSULFATE","Working_class",-0.00532308445672328,0.969122253634905,FALSE,"Working_class",1607,95,21,"GroupFilter=TRUE;MinGroup=10;Top=TRUE;TopPct=0.05;Bottom=FALSE;BottomPct=0.05"
"XCOPPERSULFATE","Combined_SES",0.0771112847713768,0.575380343040353,FALSE,"Education.index, rent",1607,95,21,"GroupFilter=TRUE;MinGroup=10;Top=TRUE;TopPct=0.05;Bottom=FALSE;BottomPct=0.05"
"XCUPROUSOXIDE","NULL",-0.0487006229308673,0.876685953229115,FALSE,"",133,13,18,"GroupFilter=TRUE;MinGroup=10;Top=TRUE;TopPct=0.05;Bottom=FALSE;BottomPct=0.05"
"XCUPROUSOXIDE","Education.index",-0.139598412230264,0.658837993796935,FALSE,"Education.index",133,13,18,"GroupFilter=TRUE;MinGroup=10;Top=TRUE;TopPct=0.05;Bottom=FALSE;BottomPct=0.05"
"XCUPROUSOXIDE","Income",-0.0767980168343035,0.822812590977535,FALSE,"Income",133,13,18,"GroupFilter=TRUE;MinGroup=10;Top=TRUE;TopPct=0.05;Bottom=FALSE;BottomPct=0.05"
"XCUPROUSOXIDE","home_value",-0.0829980531709229,0.797383489935072,FALSE,"home_value",133,13,18,"GroupFilter=TRUE;MinGroup=10;Top=TRUE;TopPct=0.05;Bottom=FALSE;BottomPct=0.05"
"XCUPROUSOXIDE","rent",-0.0916357689295043,0.787745330015853,FALSE,"rent",133,13,18,"GroupFilter=TRUE;MinGroup=10;Top=TRUE;TopPct=0.05;Bottom=FALSE;BottomPct=0.05"
"XCUPROUSOXIDE","Poverty_150",-0.105375179357604,0.755658500519438,FALSE,"Poverty_150",133,13,18,"GroupFilter=TRUE;MinGroup=10;Top=TRUE;TopPct=0.05;Bottom=FALSE;BottomPct=0.05"
"XCUPROUSOXIDE","Unemployed",-0.131973617471235,0.679549230333294,FALSE,"Unemployed",133,13,18,"GroupFilter=TRUE;MinGroup=10;Top=TRUE;TopPct=0.05;Bottom=FALSE;BottomPct=0.05"
"XCUPROUSOXIDE","Working_class",-0.120269984894224,0.71443398340528,FALSE,"Working_class",133,13,18,"GroupFilter=TRUE;MinGroup=10;Top=TRUE;TopPct=0.05;Bottom=FALSE;BottomPct=0.05"
"XCYANAZINE","NULL",0.336545312047707,0.0178532050637232,TRUE,"",953,75,16,"GroupFilter=TRUE;MinGroup=10;Top=TRUE;TopPct=0.05;Bottom=FALSE;BottomPct=0.05"
"XCYANAZINE","Education.index",0.336266221244291,0.0167385149318555,TRUE,"Education.index",953,75,16,"GroupFilter=TRUE;MinGroup=10;Top=TRUE;TopPct=0.05;Bottom=FALSE;BottomPct=0.05"
"XCYANAZINE","Income",0.334635476936008,0.0191247428679783,TRUE,"Income",953,75,16,"GroupFilter=TRUE;MinGroup=10;Top=TRUE;TopPct=0.05;Bottom=FALSE;BottomPct=0.05"
"XCYANAZINE","home_value",0.340403903287196,0.0232070863086141,TRUE,"home_value",953,75,16,"GroupFilter=TRUE;MinGroup=10;Top=TRUE;TopPct=0.05;Bottom=FALSE;BottomPct=0.05"
"XCYANAZINE","rent",0.30683050834285,0.0389801804753717,TRUE,"rent",953,75,16,"GroupFilter=TRUE;MinGroup=10;Top=TRUE;TopPct=0.05;Bottom=FALSE;BottomPct=0.05"
"XCYANAZINE","Poverty_150",0.312071656671046,0.0482478088707288,TRUE,"Poverty_150",953,75,16,"GroupFilter=TRUE;MinGroup=10;Top=TRUE;TopPct=0.05;Bottom=FALSE;BottomPct=0.05"
"XCYANAZINE","Unemployed",0.323161384944307,0.0723192019190925,FALSE,"Unemployed",953,75,16,"GroupFilter=TRUE;MinGroup=10;Top=TRUE;TopPct=0.05;Bottom=FALSE;BottomPct=0.05"
"XCYANAZINE","Working_class",0.322427798262628,0.029004266229554,TRUE,"Working_class",953,75,16,"GroupFilter=TRUE;MinGroup=10;Top=TRUE;TopPct=0.05;Bottom=FALSE;BottomPct=0.05"
"XCYFLUTHRIN","NULL",0.3981432478456,0.00664207645192865,TRUE,"",1582,99,21,"GroupFilter=TRUE;MinGroup=10;Top=TRUE;TopPct=0.05;Bottom=FALSE;BottomPct=0.05"
"XCYFLUTHRIN","Education.index",0.332938061316027,0.0220690374259334,TRUE,"Education.index",1582,99,21,"GroupFilter=TRUE;MinGroup=10;Top=TRUE;TopPct=0.05;Bottom=FALSE;BottomPct=0.05"
"XCYFLUTHRIN","Income",0.388863004514643,0.00851932207412603,TRUE,"Income",1582,99,21,"GroupFilter=TRUE;MinGroup=10;Top=TRUE;TopPct=0.05;Bottom=FALSE;BottomPct=0.05"
"XCYFLUTHRIN","home_value",0.365499367846862,0.0188983324652884,TRUE,"home_value",1582,99,21,"GroupFilter=TRUE;MinGroup=10;Top=TRUE;TopPct=0.05;Bottom=FALSE;BottomPct=0.05"
"XCYFLUTHRIN","rent",0.335585635577968,0.0340084316097944,TRUE,"rent",1582,99,21,"GroupFilter=TRUE;MinGroup=10;Top=TRUE;TopPct=0.05;Bottom=FALSE;BottomPct=0.05"
"XCYFLUTHRIN","Poverty_150",0.400424476521327,0.00799052157742625,TRUE,"Poverty_150",1582,99,21,"GroupFilter=TRUE;MinGroup=10;Top=TRUE;TopPct=0.05;Bottom=FALSE;BottomPct=0.05"
"XCYFLUTHRIN","Unemployed",0.485220762535042,0.00321554400658728,TRUE,"Unemployed",1582,99,21,"GroupFilter=TRUE;MinGroup=10;Top=TRUE;TopPct=0.05;Bottom=FALSE;BottomPct=0.05"
"XCYFLUTHRIN","Working_class",0.35932295241005,0.0191636319458397,TRUE,"Working_class",1582,99,21,"GroupFilter=TRUE;MinGroup=10;Top=TRUE;TopPct=0.05;Bottom=FALSE;BottomPct=0.05"
"XCYFLUTHRIN","Combined_SES",0.332938061316027,0.0220690374259334,TRUE,"Education.index",1582,99,21,"GroupFilter=TRUE;MinGroup=10;Top=TRUE;TopPct=0.05;Bottom=FALSE;BottomPct=0.05"
"XCYHALOTHRINLAMBDA","NULL",0.414802529021048,0.00758676916133286,TRUE,"",1706,100,21,"GroupFilter=TRUE;MinGroup=10;Top=TRUE;TopPct=0.05;Bottom=FALSE;BottomPct=0.05"
"XCYHALOTHRINLAMBDA","Education.index",0.376328041468036,0.0128707866345234,TRUE,"Education.index",1706,100,21,"GroupFilter=TRUE;MinGroup=10;Top=TRUE;TopPct=0.05;Bottom=FALSE;BottomPct=0.05"
"XCYHALOTHRINLAMBDA","Income",0.422405692737002,0.00656677876306489,TRUE,"Income",1706,100,21,"GroupFilter=TRUE;MinGroup=10;Top=TRUE;TopPct=0.05;Bottom=FALSE;BottomPct=0.05"
"XCYHALOTHRINLAMBDA","home_value",0.346672283195896,0.0304140850564011,TRUE,"home_value",1706,100,21,"GroupFilter=TRUE;MinGroup=10;Top=TRUE;TopPct=0.05;Bottom=FALSE;BottomPct=0.05"
"XCYHALOTHRINLAMBDA","rent",0.322818433106067,0.0426673521596246,TRUE,"rent",1706,100,21,"GroupFilter=TRUE;MinGroup=10;Top=TRUE;TopPct=0.05;Bottom=FALSE;BottomPct=0.05"
"XCYHALOTHRINLAMBDA","Poverty_150",0.426956067820852,0.00930567249853664,TRUE,"Poverty_150",1706,100,21,"GroupFilter=TRUE;MinGroup=10;Top=TRUE;TopPct=0.05;Bottom=FALSE;BottomPct=0.05"
"XCYHALOTHRINLAMBDA","Unemployed",0.496197825814337,0.00544142107584589,TRUE,"Unemployed",1706,100,21,"GroupFilter=TRUE;MinGroup=10;Top=TRUE;TopPct=0.05;Bottom=FALSE;BottomPct=0.05"
"XCYHALOTHRINLAMBDA","Working_class",0.376885690030661,0.0177683133660255,TRUE,"Working_class",1706,100,21,"GroupFilter=TRUE;MinGroup=10;Top=TRUE;TopPct=0.05;Bottom=FALSE;BottomPct=0.05"
"XCYHALOTHRINLAMBDA","Combined_SES",0.355047215155103,0.0252045579612191,TRUE,"Education.index, rent",1706,100,21,"GroupFilter=TRUE;MinGroup=10;Top=TRUE;TopPct=0.05;Bottom=FALSE;BottomPct=0.05"
"XCYPERMETHRIN","NULL",0.515767526973863,0.0819413708058985,FALSE,"",154,10,21,"GroupFilter=TRUE;MinGroup=10;Top=TRUE;TopPct=0.05;Bottom=FALSE;BottomPct=0.05"
"XCYPERMETHRIN","Education.index",0.552540097216339,0.0613704729966391,FALSE,"Education.index",154,10,21,"GroupFilter=TRUE;MinGroup=10;Top=TRUE;TopPct=0.05;Bottom=FALSE;BottomPct=0.05"
"XCYPERMETHRIN","Income",0.533816999516215,0.078851812550909,FALSE,"Income",154,10,21,"GroupFilter=TRUE;MinGroup=10;Top=TRUE;TopPct=0.05;Bottom=FALSE;BottomPct=0.05"
"XCYPERMETHRIN","home_value",0.520086716238795,0.0694157144257905,FALSE,"home_value",154,10,21,"GroupFilter=TRUE;MinGroup=10;Top=TRUE;TopPct=0.05;Bottom=FALSE;BottomPct=0.05"
"XCYPERMETHRIN","rent",0.511414878461978,0.0764976146531291,FALSE,"rent",154,10,21,"GroupFilter=TRUE;MinGroup=10;Top=TRUE;TopPct=0.05;Bottom=FALSE;BottomPct=0.05"
"XCYPERMETHRIN","Poverty_150",0.548593671599187,0.0775295066629263,FALSE,"Poverty_150",154,10,21,"GroupFilter=TRUE;MinGroup=10;Top=TRUE;TopPct=0.05;Bottom=FALSE;BottomPct=0.05"
"XCYPERMETHRIN","Unemployed",0.525245764842664,0.0808143444582209,FALSE,"Unemployed",154,10,21,"GroupFilter=TRUE;MinGroup=10;Top=TRUE;TopPct=0.05;Bottom=FALSE;BottomPct=0.05"
"XCYPERMETHRIN","Working_class",0.567231875740977,0.0574626995956455,FALSE,"Working_class",154,10,21,"GroupFilter=TRUE;MinGroup=10;Top=TRUE;TopPct=0.05;Bottom=FALSE;BottomPct=0.05"
"XDCPA","NULL",0.0586168611555663,0.661233219167797,FALSE,"",659,42,21,"GroupFilter=TRUE;MinGroup=10;Top=TRUE;TopPct=0.05;Bottom=FALSE;BottomPct=0.05"
"XDCPA","Education.index",0.11513231296132,0.37248411756986,FALSE,"Education.index",659,42,21,"GroupFilter=TRUE;MinGroup=10;Top=TRUE;TopPct=0.05;Bottom=FALSE;BottomPct=0.05"
"XDCPA","Income",0.0911902109514947,0.53025957117807,FALSE,"Income",659,42,21,"GroupFilter=TRUE;MinGroup=10;Top=TRUE;TopPct=0.05;Bottom=FALSE;BottomPct=0.05"
"XDCPA","home_value",0.0747600125609273,0.587699667907985,FALSE,"home_value",659,42,21,"GroupFilter=TRUE;MinGroup=10;Top=TRUE;TopPct=0.05;Bottom=FALSE;BottomPct=0.05"
"XDCPA","rent",0.0684071343792843,0.625155992489312,FALSE,"rent",659,42,21,"GroupFilter=TRUE;MinGroup=10;Top=TRUE;TopPct=0.05;Bottom=FALSE;BottomPct=0.05"
"XDCPA","Poverty_150",0.118167409218637,0.413498338866274,FALSE,"Poverty_150",659,42,21,"GroupFilter=TRUE;MinGroup=10;Top=TRUE;TopPct=0.05;Bottom=FALSE;BottomPct=0.05"
"XDCPA","Unemployed",0.0691581141251243,0.611583016819299,FALSE,"Unemployed",659,42,21,"GroupFilter=TRUE;MinGroup=10;Top=TRUE;TopPct=0.05;Bottom=FALSE;BottomPct=0.05"
"XDCPA","Working_class",0.0595859584519217,0.66221894145409,FALSE,"Working_class",659,42,21,"GroupFilter=TRUE;MinGroup=10;Top=TRUE;TopPct=0.05;Bottom=FALSE;BottomPct=0.05"
"XDCPA","Combined_SES",0.11513231296132,0.37248411756986,FALSE,"Education.index",659,42,21,"GroupFilter=TRUE;MinGroup=10;Top=TRUE;TopPct=0.05;Bottom=FALSE;BottomPct=0.05"
"XDIAZINON","NULL",0.342638936503305,0.0151632874132242,TRUE,"",1730,103,21,"GroupFilter=TRUE;MinGroup=10;Top=TRUE;TopPct=0.05;Bottom=FALSE;BottomPct=0.05"
"XDIAZINON","Education.index",0.412853433769709,0.00328838613974423,TRUE,"Education.index",1730,103,21,"GroupFilter=TRUE;MinGroup=10;Top=TRUE;TopPct=0.05;Bottom=FALSE;BottomPct=0.05"
"XDIAZINON","Income",0.387812533745035,0.00718621781193125,TRUE,"Income",1730,103,21,"GroupFilter=TRUE;MinGroup=10;Top=TRUE;TopPct=0.05;Bottom=FALSE;BottomPct=0.05"
"XDIAZINON","home_value",0.365447432886003,0.00929191053148261,TRUE,"home_value",1730,103,21,"GroupFilter=TRUE;MinGroup=10;Top=TRUE;TopPct=0.05;Bottom=FALSE;BottomPct=0.05"
"XDIAZINON","rent",0.377732998512065,0.00698301585648542,TRUE,"rent",1730,103,21,"GroupFilter=TRUE;MinGroup=10;Top=TRUE;TopPct=0.05;Bottom=FALSE;BottomPct=0.05"
"XDIAZINON","Poverty_150",0.342904895088673,0.0195228205911335,TRUE,"Poverty_150",1730,103,21,"GroupFilter=TRUE;MinGroup=10;Top=TRUE;TopPct=0.05;Bottom=FALSE;BottomPct=0.05"
"XDIAZINON","Unemployed",0.325847110083587,0.0241080370442412,TRUE,"Unemployed",1730,103,21,"GroupFilter=TRUE;MinGroup=10;Top=TRUE;TopPct=0.05;Bottom=FALSE;BottomPct=0.05"
"XDIAZINON","Working_class",0.344069899196029,0.0146041882608425,TRUE,"Working_class",1730,103,21,"GroupFilter=TRUE;MinGroup=10;Top=TRUE;TopPct=0.05;Bottom=FALSE;BottomPct=0.05"
"XDIAZINON","Combined_SES",0.413432519146157,0.00323225927173947,TRUE,"Education.index, home_value, rent",1730,103,21,"GroupFilter=TRUE;MinGroup=10;Top=TRUE;TopPct=0.05;Bottom=FALSE;BottomPct=0.05"
"XDICAMBA","NULL",0.337119435305431,0.00802545096529624,TRUE,"",2049,103,21,"GroupFilter=TRUE;MinGroup=10;Top=TRUE;TopPct=0.05;Bottom=FALSE;BottomPct=0.05"
"XDICAMBA","Education.index",0.263725756232916,0.0373337738630076,TRUE,"Education.index",2049,103,21,"GroupFilter=TRUE;MinGroup=10;Top=TRUE;TopPct=0.05;Bottom=FALSE;BottomPct=0.05"
"XDICAMBA","Income",0.32417700709468,0.0128451960173516,TRUE,"Income",2049,103,21,"GroupFilter=TRUE;MinGroup=10;Top=TRUE;TopPct=0.05;Bottom=FALSE;BottomPct=0.05"
"XDICAMBA","home_value",0.266663642908083,0.0609402863868457,FALSE,"home_value",2049,103,21,"GroupFilter=TRUE;MinGroup=10;Top=TRUE;TopPct=0.05;Bottom=FALSE;BottomPct=0.05"
"XDICAMBA","rent",0.213934898688317,0.145489157750156,FALSE,"rent",2049,103,21,"GroupFilter=TRUE;MinGroup=10;Top=TRUE;TopPct=0.05;Bottom=FALSE;BottomPct=0.05"
"XDICAMBA","Poverty_150",0.331004183589488,0.010105796528018,TRUE,"Poverty_150",2049,103,21,"GroupFilter=TRUE;MinGroup=10;Top=TRUE;TopPct=0.05;Bottom=FALSE;BottomPct=0.05"
"XDICAMBA","Unemployed",0.362879496727096,0.0102683396892441,TRUE,"Unemployed",2049,103,21,"GroupFilter=TRUE;MinGroup=10;Top=TRUE;TopPct=0.05;Bottom=FALSE;BottomPct=0.05"
"XDICAMBA","Working_class",0.317656830391401,0.0180911749990658,TRUE,"Working_class",2049,103,21,"GroupFilter=TRUE;MinGroup=10;Top=TRUE;TopPct=0.05;Bottom=FALSE;BottomPct=0.05"
"XDICAMBA","Combined_SES",0.263725756232916,0.0373337738630076,TRUE,"Education.index",2049,103,21,"GroupFilter=TRUE;MinGroup=10;Top=TRUE;TopPct=0.05;Bottom=FALSE;BottomPct=0.05"
"XDICHLOBENIL","NULL",-0.0390874934964433,0.864309631970907,FALSE,"",197,12,19,"GroupFilter=TRUE;MinGroup=10;Top=TRUE;TopPct=0.05;Bottom=FALSE;BottomPct=0.05"
"XDICHLOBENIL","Education.index",-0.0379072188234452,0.870408393462765,FALSE,"Education.index",197,12,19,"GroupFilter=TRUE;MinGroup=10;Top=TRUE;TopPct=0.05;Bottom=FALSE;BottomPct=0.05"
"XDICHLOBENIL","Income",-0.0723534643432184,0.755060622726946,FALSE,"Income",197,12,19,"GroupFilter=TRUE;MinGroup=10;Top=TRUE;TopPct=0.05;Bottom=FALSE;BottomPct=0.05"
"XDICHLOBENIL","home_value",-0.0421778126481412,0.854628698503877,FALSE,"home_value",197,12,19,"GroupFilter=TRUE;MinGroup=10;Top=TRUE;TopPct=0.05;Bottom=FALSE;BottomPct=0.05"
"XDICHLOBENIL","rent",-0.0959976794791741,0.681646501055027,FALSE,"rent",197,12,19,"GroupFilter=TRUE;MinGroup=10;Top=TRUE;TopPct=0.05;Bottom=FALSE;BottomPct=0.05"
"XDICHLOBENIL","Poverty_150",-0.0525282707382035,0.820054184410282,FALSE,"Poverty_150",197,12,19,"GroupFilter=TRUE;MinGroup=10;Top=TRUE;TopPct=0.05;Bottom=FALSE;BottomPct=0.05"
"XDICHLOBENIL","Unemployed",-0.0441549531209563,0.848630262232886,FALSE,"Unemployed",197,12,19,"GroupFilter=TRUE;MinGroup=10;Top=TRUE;TopPct=0.05;Bottom=FALSE;BottomPct=0.05"
"XDICHLOBENIL","Working_class",-0.0604051741008071,0.792948762217687,FALSE,"Working_class",197,12,19,"GroupFilter=TRUE;MinGroup=10;Top=TRUE;TopPct=0.05;Bottom=FALSE;BottomPct=0.05"
"XDICHLOROPROPENE","NULL",0.014735390751336,0.916163303075604,FALSE,"",743,40,21,"GroupFilter=TRUE;MinGroup=10;Top=TRUE;TopPct=0.05;Bottom=FALSE;BottomPct=0.05"
"XDICHLOROPROPENE","Education.index",0.0533402233447597,0.689395985258051,FALSE,"Education.index",743,40,21,"GroupFilter=TRUE;MinGroup=10;Top=TRUE;TopPct=0.05;Bottom=FALSE;BottomPct=0.05"
"XDICHLOROPROPENE","Income",0.0689034207877729,0.620765954726031,FALSE,"Income",743,40,21,"GroupFilter=TRUE;MinGroup=10;Top=TRUE;TopPct=0.05;Bottom=FALSE;BottomPct=0.05"
"XDICHLOROPROPENE","home_value",0.0248929587910477,0.863594513665743,FALSE,"home_value",743,40,21,"GroupFilter=TRUE;MinGroup=10;Top=TRUE;TopPct=0.05;Bottom=FALSE;BottomPct=0.05"
"XDICHLOROPROPENE","rent",0.0237764866706889,0.869221189501615,FALSE,"rent",743,40,21,"GroupFilter=TRUE;MinGroup=10;Top=TRUE;TopPct=0.05;Bottom=FALSE;BottomPct=0.05"
"XDICHLOROPROPENE","Poverty_150",0.0825746285332448,0.529075673349097,FALSE,"Poverty_150",743,40,21,"GroupFilter=TRUE;MinGroup=10;Top=TRUE;TopPct=0.05;Bottom=FALSE;BottomPct=0.05"
"XDICHLOROPROPENE","Unemployed",0.0988252222389204,0.444623573483313,FALSE,"Unemployed",743,40,21,"GroupFilter=TRUE;MinGroup=10;Top=TRUE;TopPct=0.05;Bottom=FALSE;BottomPct=0.05"
"XDICHLOROPROPENE","Working_class",0.0190249718869761,0.892787875503976,FALSE,"Working_class",743,40,21,"GroupFilter=TRUE;MinGroup=10;Top=TRUE;TopPct=0.05;Bottom=FALSE;BottomPct=0.05"
"XDICHLOROPROPENE","Combined_SES",0.105250694922017,0.417045391717215,FALSE,"Education.index, Poverty_150, Unemployed",743,40,21,"GroupFilter=TRUE;MinGroup=10;Top=TRUE;TopPct=0.05;Bottom=FALSE;BottomPct=0.05"
"XDICHLORPROP","NULL",0.132322776795181,0.660167814351898,FALSE,"",737,51,18,"GroupFilter=TRUE;MinGroup=10;Top=TRUE;TopPct=0.05;Bottom=FALSE;BottomPct=0.05"
"XDICHLORPROP","Education.index",0.118889438263644,0.692501736400619,FALSE,"Education.index",737,51,18,"GroupFilter=TRUE;MinGroup=10;Top=TRUE;TopPct=0.05;Bottom=FALSE;BottomPct=0.05"
"XDICHLORPROP","Income",0.165791216593265,0.583232197862467,FALSE,"Income",737,51,18,"GroupFilter=TRUE;MinGroup=10;Top=TRUE;TopPct=0.05;Bottom=FALSE;BottomPct=0.05"
"XDICHLORPROP","home_value",0.139615878156006,0.642665852087856,FALSE,"home_value",737,51,18,"GroupFilter=TRUE;MinGroup=10;Top=TRUE;TopPct=0.05;Bottom=FALSE;BottomPct=0.05"
"XDICHLORPROP","rent",0.153013994449043,0.610363629978581,FALSE,"rent",737,51,18,"GroupFilter=TRUE;MinGroup=10;Top=TRUE;TopPct=0.05;Bottom=FALSE;BottomPct=0.05"
"XDICHLORPROP","Poverty_150",0.131747535752587,0.66178204758395,FALSE,"Poverty_150",737,51,18,"GroupFilter=TRUE;MinGroup=10;Top=TRUE;TopPct=0.05;Bottom=FALSE;BottomPct=0.05"
"XDICHLORPROP","Unemployed",0.13383186455861,0.656812773639949,FALSE,"Unemployed",737,51,18,"GroupFilter=TRUE;MinGroup=10;Top=TRUE;TopPct=0.05;Bottom=FALSE;BottomPct=0.05"
"XDICHLORPROP","Working_class",0.100018043373118,0.740219385312386,FALSE,"Working_class",737,51,18,"GroupFilter=TRUE;MinGroup=10;Top=TRUE;TopPct=0.05;Bottom=FALSE;BottomPct=0.05"
"XDICHLORPROP","Combined_SES",0.153013994449043,0.610363629978581,FALSE,"rent",737,51,18,"GroupFilter=TRUE;MinGroup=10;Top=TRUE;TopPct=0.05;Bottom=FALSE;BottomPct=0.05"
"XDICLOFOP","NULL",0.0969808474837708,0.781600603703462,FALSE,"",288,27,17,"GroupFilter=TRUE;MinGroup=10;Top=TRUE;TopPct=0.05;Bottom=FALSE;BottomPct=0.05"
"XDICLOFOP","Education.index",0.55920179834611,0.131527999659466,FALSE,"Education.index",288,27,17,"GroupFilter=TRUE;MinGroup=10;Top=TRUE;TopPct=0.05;Bottom=FALSE;BottomPct=0.05"
"XDICLOFOP","Income",0.214043607457787,0.566726807548326,FALSE,"Income",288,27,17,"GroupFilter=TRUE;MinGroup=10;Top=TRUE;TopPct=0.05;Bottom=FALSE;BottomPct=0.05"
"XDICLOFOP","home_value",0.141147668968154,0.706906065529089,FALSE,"home_value",288,27,17,"GroupFilter=TRUE;MinGroup=10;Top=TRUE;TopPct=0.05;Bottom=FALSE;BottomPct=0.05"
"XDICLOFOP","rent",0.115450559652059,0.758290893928202,FALSE,"rent",288,27,17,"GroupFilter=TRUE;MinGroup=10;Top=TRUE;TopPct=0.05;Bottom=FALSE;BottomPct=0.05"
"XDICLOFOP","Poverty_150",0.134285963534346,0.70526089194461,FALSE,"Poverty_150",288,27,17,"GroupFilter=TRUE;MinGroup=10;Top=TRUE;TopPct=0.05;Bottom=FALSE;BottomPct=0.05"
"XDICLOFOP","Unemployed",0.103708204584155,0.76942382762701,FALSE,"Unemployed",288,27,17,"GroupFilter=TRUE;MinGroup=10;Top=TRUE;TopPct=0.05;Bottom=FALSE;BottomPct=0.05"
"XDICLOFOP","Working_class",0.188315006440918,0.597926681638208,FALSE,"Working_class",288,27,17,"GroupFilter=TRUE;MinGroup=10;Top=TRUE;TopPct=0.05;Bottom=FALSE;BottomPct=0.05"
"XDICLOFOP","Combined_SES",0.55920179834611,0.131527999659466,FALSE,"Education.index",288,27,17,"GroupFilter=TRUE;MinGroup=10;Top=TRUE;TopPct=0.05;Bottom=FALSE;BottomPct=0.05"
"XDICLORAN","NULL",0.779618805520342,0.117541658456526,FALSE,"",134,12,12,"GroupFilter=TRUE;MinGroup=10;Top=TRUE;TopPct=0.05;Bottom=FALSE;BottomPct=0.05"
"XDICLORAN","Education.index",0.654706327013851,0.226834192008574,FALSE,"Education.index",134,12,12,"GroupFilter=TRUE;MinGroup=10;Top=TRUE;TopPct=0.05;Bottom=FALSE;BottomPct=0.05"
"XDICLORAN","Income",0.710746882267493,0.18031881825277,FALSE,"Income",134,12,12,"GroupFilter=TRUE;MinGroup=10;Top=TRUE;TopPct=0.05;Bottom=FALSE;BottomPct=0.05"
"XDICLORAN","home_value",0.703739218179233,0.165148253178113,FALSE,"home_value",134,12,12,"GroupFilter=TRUE;MinGroup=10;Top=TRUE;TopPct=0.05;Bottom=FALSE;BottomPct=0.05"
"XDICLORAN","rent",0.728824562849691,0.160350181202699,FALSE,"rent",134,12,12,"GroupFilter=TRUE;MinGroup=10;Top=TRUE;TopPct=0.05;Bottom=FALSE;BottomPct=0.05"
"XDICLORAN","Poverty_150",0.634864164979327,0.300314723481594,FALSE,"Poverty_150",134,12,12,"GroupFilter=TRUE;MinGroup=10;Top=TRUE;TopPct=0.05;Bottom=FALSE;BottomPct=0.05"
"XDICLORAN","Unemployed",0.30482981640927,0.613049270347705,FALSE,"Unemployed",134,12,12,"GroupFilter=TRUE;MinGroup=10;Top=TRUE;TopPct=0.05;Bottom=FALSE;BottomPct=0.05"
"XDICLORAN","Working_class",0.637098336798663,0.227923599756386,FALSE,"Working_class",134,12,12,"GroupFilter=TRUE;MinGroup=10;Top=TRUE;TopPct=0.05;Bottom=FALSE;BottomPct=0.05"
"XDICOFOL","NULL",0.0551344778188575,0.705681676481704,FALSE,"",69,5,20,"GroupFilter=TRUE;MinGroup=10;Top=TRUE;TopPct=0.05;Bottom=FALSE;BottomPct=0.05"
"XDICOFOL","Education.index",0.110321913002937,0.480821439095757,FALSE,"Education.index",69,5,20,"GroupFilter=TRUE;MinGroup=10;Top=TRUE;TopPct=0.05;Bottom=FALSE;BottomPct=0.05"
"XDICOFOL","Income",0.0163982777488494,0.918095566006081,FALSE,"Income",69,5,20,"GroupFilter=TRUE;MinGroup=10;Top=TRUE;TopPct=0.05;Bottom=FALSE;BottomPct=0.05"
"XDICOFOL","home_value",0.000127410860518718,0.999345699675982,FALSE,"home_value",69,5,20,"GroupFilter=TRUE;MinGroup=10;Top=TRUE;TopPct=0.05;Bottom=FALSE;BottomPct=0.05"
"XDICOFOL","rent",0.0253626103114385,0.868167853027027,FALSE,"rent",69,5,20,"GroupFilter=TRUE;MinGroup=10;Top=TRUE;TopPct=0.05;Bottom=FALSE;BottomPct=0.05"
"XDICOFOL","Poverty_150",0.0421385839374583,0.783455344558891,FALSE,"Poverty_150",69,5,20,"GroupFilter=TRUE;MinGroup=10;Top=TRUE;TopPct=0.05;Bottom=FALSE;BottomPct=0.05"
"XDICOFOL","Unemployed",0.0482673610689272,0.74614305919835,FALSE,"Unemployed",69,5,20,"GroupFilter=TRUE;MinGroup=10;Top=TRUE;TopPct=0.05;Bottom=FALSE;BottomPct=0.05"
"XDICOFOL","Working_class",0.0882399775340248,0.56628613042161,FALSE,"Working_class",69,5,20,"GroupFilter=TRUE;MinGroup=10;Top=TRUE;TopPct=0.05;Bottom=FALSE;BottomPct=0.05"
"XDICROTOPHOS","NULL",-0.404951770756418,0.331800283247212,FALSE,"",95,5,21,"GroupFilter=TRUE;MinGroup=10;Top=TRUE;TopPct=0.05;Bottom=FALSE;BottomPct=0.05"
"XDICROTOPHOS","Education.index",-0.454179579766199,0.305916426760837,FALSE,"Education.index",95,5,21,"GroupFilter=TRUE;MinGroup=10;Top=TRUE;TopPct=0.05;Bottom=FALSE;BottomPct=0.05"
"XDICROTOPHOS","Income",-0.215616545595338,0.621434968214743,FALSE,"Income",95,5,21,"GroupFilter=TRUE;MinGroup=10;Top=TRUE;TopPct=0.05;Bottom=FALSE;BottomPct=0.05"
"XDICROTOPHOS","home_value",-0.368691930772557,0.372860053362076,FALSE,"home_value",95,5,21,"GroupFilter=TRUE;MinGroup=10;Top=TRUE;TopPct=0.05;Bottom=FALSE;BottomPct=0.05"
"XDICROTOPHOS","rent",-0.121581533207872,0.772167874777045,FALSE,"rent",95,5,21,"GroupFilter=TRUE;MinGroup=10;Top=TRUE;TopPct=0.05;Bottom=FALSE;BottomPct=0.05"
"XDICROTOPHOS","Poverty_150",-0.214141320664526,0.664376306958147,FALSE,"Poverty_150",95,5,21,"GroupFilter=TRUE;MinGroup=10;Top=TRUE;TopPct=0.05;Bottom=FALSE;BottomPct=0.05"
"XDICROTOPHOS","Unemployed",-0.314002767090073,0.46751267926396,FALSE,"Unemployed",95,5,21,"GroupFilter=TRUE;MinGroup=10;Top=TRUE;TopPct=0.05;Bottom=FALSE;BottomPct=0.05"
"XDICROTOPHOS","Working_class",-0.60431450980044,0.149059980216693,FALSE,"Working_class",95,5,21,"GroupFilter=TRUE;MinGroup=10;Top=TRUE;TopPct=0.05;Bottom=FALSE;BottomPct=0.05"
"XDICROTOPHOS","Combined_SES",-0.304661340226979,0.503847531119876,FALSE,"rent, Poverty_150, Working_class",95,5,21,"GroupFilter=TRUE;MinGroup=10;Top=TRUE;TopPct=0.05;Bottom=FALSE;BottomPct=0.05"
"XDIFENZOQUAT","NULL",-0.402105300154671,0.0454249802542206,TRUE,"",299,19,19,"GroupFilter=TRUE;MinGroup=10;Top=TRUE;TopPct=0.05;Bottom=FALSE;BottomPct=0.05"
"XDIFENZOQUAT","Education.index",-0.271746107644794,0.249282952916039,FALSE,"Education.index",299,19,19,"GroupFilter=TRUE;MinGroup=10;Top=TRUE;TopPct=0.05;Bottom=FALSE;BottomPct=0.05"
"XDIFENZOQUAT","Income",-0.387386233032799,0.0646443872475578,FALSE,"Income",299,19,19,"GroupFilter=TRUE;MinGroup=10;Top=TRUE;TopPct=0.05;Bottom=FALSE;BottomPct=0.05"
"XDIFENZOQUAT","home_value",-0.392622508096739,0.053040172084709,FALSE,"home_value",299,19,19,"GroupFilter=TRUE;MinGroup=10;Top=TRUE;TopPct=0.05;Bottom=FALSE;BottomPct=0.05"
"XDIFENZOQUAT","rent",-0.398709567995878,0.0487328244822388,TRUE,"rent",299,19,19,"GroupFilter=TRUE;MinGroup=10;Top=TRUE;TopPct=0.05;Bottom=FALSE;BottomPct=0.05"
"XDIFENZOQUAT","Poverty_150",-0.312492813419103,0.147573040007381,FALSE,"Poverty_150",299,19,19,"GroupFilter=TRUE;MinGroup=10;Top=TRUE;TopPct=0.05;Bottom=FALSE;BottomPct=0.05"
"XDIFENZOQUAT","Unemployed",-0.235326135778155,0.29426097360183,FALSE,"Unemployed",299,19,19,"GroupFilter=TRUE;MinGroup=10;Top=TRUE;TopPct=0.05;Bottom=FALSE;BottomPct=0.05"
"XDIFENZOQUAT","Working_class",-0.395359451501828,0.0648119057598322,FALSE,"Working_class",299,19,19,"GroupFilter=TRUE;MinGroup=10;Top=TRUE;TopPct=0.05;Bottom=FALSE;BottomPct=0.05"
"XDIMETHOATE","NULL",0.288915005138573,0.0385867061393278,TRUE,"",2021,104,21,"GroupFilter=TRUE;MinGroup=10;Top=TRUE;TopPct=0.05;Bottom=FALSE;BottomPct=0.05"
"XDIMETHOATE","Education.index",0.248679727263206,0.0675914149126978,FALSE,"Education.index",2021,104,21,"GroupFilter=TRUE;MinGroup=10;Top=TRUE;TopPct=0.05;Bottom=FALSE;BottomPct=0.05"
"XDIMETHOATE","Income",0.286489336467197,0.0402562340930234,TRUE,"Income",2021,104,21,"GroupFilter=TRUE;MinGroup=10;Top=TRUE;TopPct=0.05;Bottom=FALSE;BottomPct=0.05"
"XDIMETHOATE","home_value",0.261559220132216,0.0616149501428166,FALSE,"home_value",2021,104,21,"GroupFilter=TRUE;MinGroup=10;Top=TRUE;TopPct=0.05;Bottom=FALSE;BottomPct=0.05"
"XDIMETHOATE","rent",0.233830712888396,0.0979904521274358,FALSE,"rent",2021,104,21,"GroupFilter=TRUE;MinGroup=10;Top=TRUE;TopPct=0.05;Bottom=FALSE;BottomPct=0.05"
"XDIMETHOATE","Poverty_150",0.289911769347257,0.0418378295624304,TRUE,"Poverty_150",2021,104,21,"GroupFilter=TRUE;MinGroup=10;Top=TRUE;TopPct=0.05;Bottom=FALSE;BottomPct=0.05"
"XDIMETHOATE","Unemployed",0.28650946858096,0.0572656671324762,FALSE,"Unemployed",2021,104,21,"GroupFilter=TRUE;MinGroup=10;Top=TRUE;TopPct=0.05;Bottom=FALSE;BottomPct=0.05"
"XDIMETHOATE","Working_class",0.265052361012929,0.062877342848833,FALSE,"Working_class",2021,104,21,"GroupFilter=TRUE;MinGroup=10;Top=TRUE;TopPct=0.05;Bottom=FALSE;BottomPct=0.05"
"XDIMETHOATE","Combined_SES",0.248679727263206,0.0675914149126978,FALSE,"Education.index",2021,104,21,"GroupFilter=TRUE;MinGroup=10;Top=TRUE;TopPct=0.05;Bottom=FALSE;BottomPct=0.05"
"XDIQUAT","NULL",0.0665085381099631,0.679440430470599,FALSE,"",1144,66,21,"GroupFilter=TRUE;MinGroup=10;Top=TRUE;TopPct=0.05;Bottom=FALSE;BottomPct=0.05"
"XDIQUAT","Education.index",0.0921049512518153,0.552284900129896,FALSE,"Education.index",1144,66,21,"GroupFilter=TRUE;MinGroup=10;Top=TRUE;TopPct=0.05;Bottom=FALSE;BottomPct=0.05"
"XDIQUAT","Income",0.0682381753726698,0.672066542694994,FALSE,"Income",1144,66,21,"GroupFilter=TRUE;MinGroup=10;Top=TRUE;TopPct=0.05;Bottom=FALSE;BottomPct=0.05"
"XDIQUAT","home_value",0.0953564242203841,0.552329290178932,FALSE,"home_value",1144,66,21,"GroupFilter=TRUE;MinGroup=10;Top=TRUE;TopPct=0.05;Bottom=FALSE;BottomPct=0.05"
"XDIQUAT","rent",0.0919229047179295,0.566234817159088,FALSE,"rent",1144,66,21,"GroupFilter=TRUE;MinGroup=10;Top=TRUE;TopPct=0.05;Bottom=FALSE;BottomPct=0.05"
"XDIQUAT","Poverty_150",0.0762042208634436,0.63747905930331,FALSE,"Poverty_150",1144,66,21,"GroupFilter=TRUE;MinGroup=10;Top=TRUE;TopPct=0.05;Bottom=FALSE;BottomPct=0.05"
"XDIQUAT","Unemployed",0.0767021497434621,0.633088345551961,FALSE,"Unemployed",1144,66,21,"GroupFilter=TRUE;MinGroup=10;Top=TRUE;TopPct=0.05;Bottom=FALSE;BottomPct=0.05"
"XDIQUAT","Working_class",0.0713688980992686,0.657018054154408,FALSE,"Working_class",1144,66,21,"GroupFilter=TRUE;MinGroup=10;Top=TRUE;TopPct=0.05;Bottom=FALSE;BottomPct=0.05"
"XDIQUAT","Combined_SES",0.0921049512518153,0.552284900129896,FALSE,"Education.index",1144,66,21,"GroupFilter=TRUE;MinGroup=10;Top=TRUE;TopPct=0.05;Bottom=FALSE;BottomPct=0.05"
"XDISULFOTON","NULL",-0.146517999631472,0.206651710494381,FALSE,"",567,47,21,"GroupFilter=TRUE;MinGroup=10;Top=TRUE;TopPct=0.05;Bottom=FALSE;BottomPct=0.05"
"XDISULFOTON","Education.index",-0.132101355885617,0.268443958099891,FALSE,"Education.index",567,47,21,"GroupFilter=TRUE;MinGroup=10;Top=TRUE;TopPct=0.05;Bottom=FALSE;BottomPct=0.05"
"XDISULFOTON","Income",-0.166063874723763,0.157477929371951,FALSE,"Income",567,47,21,"GroupFilter=TRUE;MinGroup=10;Top=TRUE;TopPct=0.05;Bottom=FALSE;BottomPct=0.05"
"XDISULFOTON","home_value",-0.153865985834303,0.184984376557549,FALSE,"home_value",567,47,21,"GroupFilter=TRUE;MinGroup=10;Top=TRUE;TopPct=0.05;Bottom=FALSE;BottomPct=0.05"
"XDISULFOTON","rent",-0.159904259337754,0.169607936831366,FALSE,"rent",567,47,21,"GroupFilter=TRUE;MinGroup=10;Top=TRUE;TopPct=0.05;Bottom=FALSE;BottomPct=0.05"
"XDISULFOTON","Poverty_150",-0.151622454258494,0.19857454421207,FALSE,"Poverty_150",567,47,21,"GroupFilter=TRUE;MinGroup=10;Top=TRUE;TopPct=0.05;Bottom=FALSE;BottomPct=0.05"
"XDISULFOTON","Unemployed",-0.124341736635087,0.305661537437045,FALSE,"Unemployed",567,47,21,"GroupFilter=TRUE;MinGroup=10;Top=TRUE;TopPct=0.05;Bottom=FALSE;BottomPct=0.05"
"XDISULFOTON","Working_class",-0.138772078797282,0.234512324126716,FALSE,"Working_class",567,47,21,"GroupFilter=TRUE;MinGroup=10;Top=TRUE;TopPct=0.05;Bottom=FALSE;BottomPct=0.05"
"XDIURON","NULL",-0.254048588554726,0.0358561313325119,TRUE,"",1550,83,21,"GroupFilter=TRUE;MinGroup=10;Top=TRUE;TopPct=0.05;Bottom=FALSE;BottomPct=0.05"
"XDIURON","Education.index",-0.195531424193765,0.112665490350395,FALSE,"Education.index",1550,83,21,"GroupFilter=TRUE;MinGroup=10;Top=TRUE;TopPct=0.05;Bottom=FALSE;BottomPct=0.05"
"XDIURON","Income",-0.237804121522993,0.0569477267595073,FALSE,"Income",1550,83,21,"GroupFilter=TRUE;MinGroup=10;Top=TRUE;TopPct=0.05;Bottom=FALSE;BottomPct=0.05"
"XDIURON","home_value",-0.186870188256286,0.138066701048231,FALSE,"home_value",1550,83,21,"GroupFilter=TRUE;MinGroup=10;Top=TRUE;TopPct=0.05;Bottom=FALSE;BottomPct=0.05"
"XDIURON","rent",-0.168975338149346,0.185361507047864,FALSE,"rent",1550,83,21,"GroupFilter=TRUE;MinGroup=10;Top=TRUE;TopPct=0.05;Bottom=FALSE;BottomPct=0.05"
"XDIURON","Poverty_150",-0.252235189115202,0.0375114579893879,TRUE,"Poverty_150",1550,83,21,"GroupFilter=TRUE;MinGroup=10;Top=TRUE;TopPct=0.05;Bottom=FALSE;BottomPct=0.05"
"XDIURON","Unemployed",-0.24378550328813,0.0455583826624696,TRUE,"Unemployed",1550,83,21,"GroupFilter=TRUE;MinGroup=10;Top=TRUE;TopPct=0.05;Bottom=FALSE;BottomPct=0.05"
"XDIURON","Working_class",-0.240784866625958,0.0496215432131403,TRUE,"Working_class",1550,83,21,"GroupFilter=TRUE;MinGroup=10;Top=TRUE;TopPct=0.05;Bottom=FALSE;BottomPct=0.05"
"XDIURON","Combined_SES",-0.166740550164999,0.189487329043281,FALSE,"Education.index, rent",1550,83,21,"GroupFilter=TRUE;MinGroup=10;Top=TRUE;TopPct=0.05;Bottom=FALSE;BottomPct=0.05"
"XDODINE","NULL",-0.264964988221867,0.26636116334391,FALSE,"",805,56,21,"GroupFilter=TRUE;MinGroup=10;Top=TRUE;TopPct=0.05;Bottom=FALSE;BottomPct=0.05"
"XDODINE","Education.index",-0.199161927723121,0.396784497965259,FALSE,"Education.index",805,56,21,"GroupFilter=TRUE;MinGroup=10;Top=TRUE;TopPct=0.05;Bottom=FALSE;BottomPct=0.05"
"XDODINE","Income",-0.249652953953571,0.306241203742452,FALSE,"Income",805,56,21,"GroupFilter=TRUE;MinGroup=10;Top=TRUE;TopPct=0.05;Bottom=FALSE;BottomPct=0.05"
"XDODINE","home_value",-0.207328614806186,0.387080663223297,FALSE,"home_value",805,56,21,"GroupFilter=TRUE;MinGroup=10;Top=TRUE;TopPct=0.05;Bottom=FALSE;BottomPct=0.05"
"XDODINE","rent",-0.176422096208726,0.46196534342926,FALSE,"rent",805,56,21,"GroupFilter=TRUE;MinGroup=10;Top=TRUE;TopPct=0.05;Bottom=FALSE;BottomPct=0.05"
"XDODINE","Poverty_150",-0.31058980523861,0.203827601558654,FALSE,"Poverty_150",805,56,21,"GroupFilter=TRUE;MinGroup=10;Top=TRUE;TopPct=0.05;Bottom=FALSE;BottomPct=0.05"
"XDODINE","Unemployed",-0.283734873940227,0.225846703199194,FALSE,"Unemployed",805,56,21,"GroupFilter=TRUE;MinGroup=10;Top=TRUE;TopPct=0.05;Bottom=FALSE;BottomPct=0.05"
"XDODINE","Working_class",-0.235317015965043,0.330743926543228,FALSE,"Working_class",805,56,21,"GroupFilter=TRUE;MinGroup=10;Top=TRUE;TopPct=0.05;Bottom=FALSE;BottomPct=0.05"
"XDODINE","Combined_SES",-0.244799130002761,0.300190517141141,FALSE,"Education.index, rent, Unemployed",805,56,21,"GroupFilter=TRUE;MinGroup=10;Top=TRUE;TopPct=0.05;Bottom=FALSE;BottomPct=0.05"
"XENDOSULFAN","NULL",-0.0216114199963398,0.878231939953444,FALSE,"",1591,92,21,"GroupFilter=TRUE;MinGroup=10;Top=TRUE;TopPct=0.05;Bottom=FALSE;BottomPct=0.05"
"XENDOSULFAN","Education.index",0.0942839077097445,0.50062131055742,FALSE,"Education.index",1591,92,21,"GroupFilter=TRUE;MinGroup=10;Top=TRUE;TopPct=0.05;Bottom=FALSE;BottomPct=0.05"
"XENDOSULFAN","Income",-0.0225702444167123,0.881265274861157,FALSE,"Income",1591,92,21,"GroupFilter=TRUE;MinGroup=10;Top=TRUE;TopPct=0.05;Bottom=FALSE;BottomPct=0.05"
"XENDOSULFAN","home_value",0.0643641004625812,0.660977126046496,FALSE,"home_value",1591,92,21,"GroupFilter=TRUE;MinGroup=10;Top=TRUE;TopPct=0.05;Bottom=FALSE;BottomPct=0.05"
"XENDOSULFAN","rent",0.0834044553027034,0.566856215680966,FALSE,"rent",1591,92,21,"GroupFilter=TRUE;MinGroup=10;Top=TRUE;TopPct=0.05;Bottom=FALSE;BottomPct=0.05"
"XENDOSULFAN","Poverty_150",-0.0615344406692736,0.68160971645697,FALSE,"Poverty_150",1591,92,21,"GroupFilter=TRUE;MinGroup=10;Top=TRUE;TopPct=0.05;Bottom=FALSE;BottomPct=0.05"
"XENDOSULFAN","Unemployed",-0.0534362528676158,0.705135919765872,FALSE,"Unemployed",1591,92,21,"GroupFilter=TRUE;MinGroup=10;Top=TRUE;TopPct=0.05;Bottom=FALSE;BottomPct=0.05"
"XENDOSULFAN","Working_class",-0.0067547186068695,0.962095651898526,FALSE,"Working_class",1591,92,21,"GroupFilter=TRUE;MinGroup=10;Top=TRUE;TopPct=0.05;Bottom=FALSE;BottomPct=0.05"
"XENDOSULFAN","Combined_SES",0.10768787160661,0.45431895717614,FALSE,"Education.index, rent",1591,92,21,"GroupFilter=TRUE;MinGroup=10;Top=TRUE;TopPct=0.05;Bottom=FALSE;BottomPct=0.05"
"XENDOTHAL","NULL",-0.208935575428466,0.765178538834241,FALSE,"",58,5,13,"GroupFilter=TRUE;MinGroup=10;Top=TRUE;TopPct=0.05;Bottom=FALSE;BottomPct=0.05"
"XENDOTHAL","Education.index",-0.386003223710278,0.59801045190052,FALSE,"Education.index",58,5,13,"GroupFilter=TRUE;MinGroup=10;Top=TRUE;TopPct=0.05;Bottom=FALSE;BottomPct=0.05"
"XENDOTHAL","Income",-0.19795734685246,0.774502906587971,FALSE,"Income",58,5,13,"GroupFilter=TRUE;MinGroup=10;Top=TRUE;TopPct=0.05;Bottom=FALSE;BottomPct=0.05"
"XENDOTHAL","home_value",-0.344173527397971,0.61620349716447,FALSE,"home_value",58,5,13,"GroupFilter=TRUE;MinGroup=10;Top=TRUE;TopPct=0.05;Bottom=FALSE;BottomPct=0.05"
"XENDOTHAL","rent",-0.226821712873919,0.74222701975639,FALSE,"rent",58,5,13,"GroupFilter=TRUE;MinGroup=10;Top=TRUE;TopPct=0.05;Bottom=FALSE;BottomPct=0.05"
"XENDOTHAL","Poverty_150",-0.253025846890939,0.733249417033082,FALSE,"Poverty_150",58,5,13,"GroupFilter=TRUE;MinGroup=10;Top=TRUE;TopPct=0.05;Bottom=FALSE;BottomPct=0.05"
"XENDOTHAL","Unemployed",0.123460677672085,0.861689459432284,FALSE,"Unemployed",58,5,13,"GroupFilter=TRUE;MinGroup=10;Top=TRUE;TopPct=0.05;Bottom=FALSE;BottomPct=0.05"
"XENDOTHAL","Working_class",-0.518454957969047,0.4523826138056,FALSE,"Working_class",58,5,13,"GroupFilter=TRUE;MinGroup=10;Top=TRUE;TopPct=0.05;Bottom=FALSE;BottomPct=0.05"
"XEPTC","NULL",0.201982219876904,0.0473791907019204,TRUE,"",1688,96,21,"GroupFilter=TRUE;MinGroup=10;Top=TRUE;TopPct=0.05;Bottom=FALSE;BottomPct=0.05"
"XEPTC","Education.index",0.189032772810285,0.0569882765361594,FALSE,"Education.index",1688,96,21,"GroupFilter=TRUE;MinGroup=10;Top=TRUE;TopPct=0.05;Bottom=FALSE;BottomPct=0.05"
"XEPTC","Income",0.201089455573435,0.0490359617151379,TRUE,"Income",1688,96,21,"GroupFilter=TRUE;MinGroup=10;Top=TRUE;TopPct=0.05;Bottom=FALSE;BottomPct=0.05"
"XEPTC","home_value",0.177128638597659,0.0836515237007791,FALSE,"home_value",1688,96,21,"GroupFilter=TRUE;MinGroup=10;Top=TRUE;TopPct=0.05;Bottom=FALSE;BottomPct=0.05"
"XEPTC","rent",0.167372674919319,0.103322324565338,FALSE,"rent",1688,96,21,"GroupFilter=TRUE;MinGroup=10;Top=TRUE;TopPct=0.05;Bottom=FALSE;BottomPct=0.05"
"XEPTC","Poverty_150",0.190141092047533,0.0719352134007193,FALSE,"Poverty_150",1688,96,21,"GroupFilter=TRUE;MinGroup=10;Top=TRUE;TopPct=0.05;Bottom=FALSE;BottomPct=0.05"
"XEPTC","Unemployed",0.168076751118723,0.126172844203511,FALSE,"Unemployed",1688,96,21,"GroupFilter=TRUE;MinGroup=10;Top=TRUE;TopPct=0.05;Bottom=FALSE;BottomPct=0.05"
"XEPTC","Working_class",0.180616396093316,0.0862151202876367,FALSE,"Working_class",1688,96,21,"GroupFilter=TRUE;MinGroup=10;Top=TRUE;TopPct=0.05;Bottom=FALSE;BottomPct=0.05"
"XEPTC","Combined_SES",0.189032772810285,0.0569882765361594,FALSE,"Education.index",1688,96,21,"GroupFilter=TRUE;MinGroup=10;Top=TRUE;TopPct=0.05;Bottom=FALSE;BottomPct=0.05"
"XESFENVALERATE","NULL",0.445085019274502,0.000295946305952609,TRUE,"",1961,100,21,"GroupFilter=TRUE;MinGroup=10;Top=TRUE;TopPct=0.05;Bottom=FALSE;BottomPct=0.05"
"XESFENVALERATE","Education.index",0.412571108700352,0.000486837517222226,TRUE,"Education.index",1961,100,21,"GroupFilter=TRUE;MinGroup=10;Top=TRUE;TopPct=0.05;Bottom=FALSE;BottomPct=0.05"
"XESFENVALERATE","Income",0.470442522362464,0.000134400688927719,TRUE,"Income",1961,100,21,"GroupFilter=TRUE;MinGroup=10;Top=TRUE;TopPct=0.05;Bottom=FALSE;BottomPct=0.05"
"XESFENVALERATE","home_value",0.41619627497953,0.000730683706535524,TRUE,"home_value",1961,100,21,"GroupFilter=TRUE;MinGroup=10;Top=TRUE;TopPct=0.05;Bottom=FALSE;BottomPct=0.05"
"XESFENVALERATE","rent",0.403614379146426,0.000913793795563084,TRUE,"rent",1961,100,21,"GroupFilter=TRUE;MinGroup=10;Top=TRUE;TopPct=0.05;Bottom=FALSE;BottomPct=0.05"
"XESFENVALERATE","Poverty_150",0.469894816005508,0.000344430064689298,TRUE,"Poverty_150",1961,100,21,"GroupFilter=TRUE;MinGroup=10;Top=TRUE;TopPct=0.05;Bottom=FALSE;BottomPct=0.05"
"XESFENVALERATE","Unemployed",0.475048585031396,0.000467184806583112,TRUE,"Unemployed",1961,100,21,"GroupFilter=TRUE;MinGroup=10;Top=TRUE;TopPct=0.05;Bottom=FALSE;BottomPct=0.05"
"XESFENVALERATE","Working_class",0.425917677463974,0.00055276109133471,TRUE,"Working_class",1961,100,21,"GroupFilter=TRUE;MinGroup=10;Top=TRUE;TopPct=0.05;Bottom=FALSE;BottomPct=0.05"
"XESFENVALERATE","Combined_SES",0.402526131225796,0.000743682000799792,TRUE,"Education.index, rent",1961,100,21,"GroupFilter=TRUE;MinGroup=10;Top=TRUE;TopPct=0.05;Bottom=FALSE;BottomPct=0.05"
"XETHALFLURALIN","NULL",0.217438974690322,0.0299797432521754,TRUE,"",1729,93,21,"GroupFilter=TRUE;MinGroup=10;Top=TRUE;TopPct=0.05;Bottom=FALSE;BottomPct=0.05"
"XETHALFLURALIN","Education.index",0.204783544217407,0.037899552355745,TRUE,"Education.index",1729,93,21,"GroupFilter=TRUE;MinGroup=10;Top=TRUE;TopPct=0.05;Bottom=FALSE;BottomPct=0.05"
"XETHALFLURALIN","Income",0.226591806164614,0.0244152076300615,TRUE,"Income",1729,93,21,"GroupFilter=TRUE;MinGroup=10;Top=TRUE;TopPct=0.05;Bottom=FALSE;BottomPct=0.05"
"XETHALFLURALIN","home_value",0.20286547315476,0.0426226722973007,TRUE,"home_value",1729,93,21,"GroupFilter=TRUE;MinGroup=10;Top=TRUE;TopPct=0.05;Bottom=FALSE;BottomPct=0.05"
"XETHALFLURALIN","rent",0.191984111566025,0.0540240448467594,FALSE,"rent",1729,93,21,"GroupFilter=TRUE;MinGroup=10;Top=TRUE;TopPct=0.05;Bottom=FALSE;BottomPct=0.05"
"XETHALFLURALIN","Poverty_150",0.223059501592032,0.0393956923524184,TRUE,"Poverty_150",1729,93,21,"GroupFilter=TRUE;MinGroup=10;Top=TRUE;TopPct=0.05;Bottom=FALSE;BottomPct=0.05"
"XETHALFLURALIN","Unemployed",0.199887398369384,0.0692065718427805,FALSE,"Unemployed",1729,93,21,"GroupFilter=TRUE;MinGroup=10;Top=TRUE;TopPct=0.05;Bottom=FALSE;BottomPct=0.05"
"XETHALFLURALIN","Working_class",0.193982507102645,0.0568294846387219,FALSE,"Working_class",1729,93,21,"GroupFilter=TRUE;MinGroup=10;Top=TRUE;TopPct=0.05;Bottom=FALSE;BottomPct=0.05"
"XETHALFLURALIN","Combined_SES",0.194126125839788,0.0504469798761055,FALSE,"Education.index, rent",1729,93,21,"GroupFilter=TRUE;MinGroup=10;Top=TRUE;TopPct=0.05;Bottom=FALSE;BottomPct=0.05"
"XETHEPHON","NULL",0.0483810969813692,0.73459907487122,FALSE,"",793,47,21,"GroupFilter=TRUE;MinGroup=10;Top=TRUE;TopPct=0.05;Bottom=FALSE;BottomPct=0.05"
"XETHEPHON","Education.index",0.0687413914902221,0.631042645348619,FALSE,"Education.index",793,47,21,"GroupFilter=TRUE;MinGroup=10;Top=TRUE;TopPct=0.05;Bottom=FALSE;BottomPct=0.05"
"XETHEPHON","Income",0.0290566834237024,0.839237490492717,FALSE,"Income",793,47,21,"GroupFilter=TRUE;MinGroup=10;Top=TRUE;TopPct=0.05;Bottom=FALSE;BottomPct=0.05"
"XETHEPHON","home_value",0.0446610936006019,0.754370480424537,FALSE,"home_value",793,47,21,"GroupFilter=TRUE;MinGroup=10;Top=TRUE;TopPct=0.05;Bottom=FALSE;BottomPct=0.05"
"XETHEPHON","rent",0.0369633492078621,0.795982209256287,FALSE,"rent",793,47,21,"GroupFilter=TRUE;MinGroup=10;Top=TRUE;TopPct=0.05;Bottom=FALSE;BottomPct=0.05"
"XETHEPHON","Poverty_150",0.0512413368780057,0.72308482787117,FALSE,"Poverty_150",793,47,21,"GroupFilter=TRUE;MinGroup=10;Top=TRUE;TopPct=0.05;Bottom=FALSE;BottomPct=0.05"
"XETHEPHON","Unemployed",0.071313661407331,0.626312822443434,FALSE,"Unemployed",793,47,21,"GroupFilter=TRUE;MinGroup=10;Top=TRUE;TopPct=0.05;Bottom=FALSE;BottomPct=0.05"
"XETHEPHON","Working_class",0.0227667006894694,0.873155945120019,FALSE,"Working_class",793,47,21,"GroupFilter=TRUE;MinGroup=10;Top=TRUE;TopPct=0.05;Bottom=FALSE;BottomPct=0.05"
"XETHOPROPHOS","NULL",0.0807478758851024,0.52263063348057,FALSE,"",605,36,21,"GroupFilter=TRUE;MinGroup=10;Top=TRUE;TopPct=0.05;Bottom=FALSE;BottomPct=0.05"
"XETHOPROPHOS","Education.index",0.168007897181122,0.148579799868852,FALSE,"Education.index",605,36,21,"GroupFilter=TRUE;MinGroup=10;Top=TRUE;TopPct=0.05;Bottom=FALSE;BottomPct=0.05"
"XETHOPROPHOS","Income",0.0795626830377656,0.538853186433269,FALSE,"Income",605,36,21,"GroupFilter=TRUE;MinGroup=10;Top=TRUE;TopPct=0.05;Bottom=FALSE;BottomPct=0.05"
"XETHOPROPHOS","home_value",0.0786331648716077,0.547229594987021,FALSE,"home_value",605,36,21,"GroupFilter=TRUE;MinGroup=10;Top=TRUE;TopPct=0.05;Bottom=FALSE;BottomPct=0.05"
"XETHOPROPHOS","rent",0.0639053470926499,0.628435774134114,FALSE,"rent",605,36,21,"GroupFilter=TRUE;MinGroup=10;Top=TRUE;TopPct=0.05;Bottom=FALSE;BottomPct=0.05"
"XETHOPROPHOS","Poverty_150",0.127453633639177,0.3110727278496,FALSE,"Poverty_150",605,36,21,"GroupFilter=TRUE;MinGroup=10;Top=TRUE;TopPct=0.05;Bottom=FALSE;BottomPct=0.05"
"XETHOPROPHOS","Unemployed",0.0861943358144191,0.483109316873543,FALSE,"Unemployed",605,36,21,"GroupFilter=TRUE;MinGroup=10;Top=TRUE;TopPct=0.05;Bottom=FALSE;BottomPct=0.05"
"XETHOPROPHOS","Working_class",0.0855202249487484,0.500970188548053,FALSE,"Working_class",605,36,21,"GroupFilter=TRUE;MinGroup=10;Top=TRUE;TopPct=0.05;Bottom=FALSE;BottomPct=0.05"
"XETHOPROPHOS","Combined_SES",0.168007897181122,0.148579799868852,FALSE,"Education.index",605,36,21,"GroupFilter=TRUE;MinGroup=10;Top=TRUE;TopPct=0.05;Bottom=FALSE;BottomPct=0.05"
"XFENARIMOL","NULL",0.325590238700537,0.126355666072812,FALSE,"",1220,67,21,"GroupFilter=TRUE;MinGroup=10;Top=TRUE;TopPct=0.05;Bottom=FALSE;BottomPct=0.05"
"XFENARIMOL","Education.index",0.519506664675812,0.0123544880842696,TRUE,"Education.index",1220,67,21,"GroupFilter=TRUE;MinGroup=10;Top=TRUE;TopPct=0.05;Bottom=FALSE;BottomPct=0.05"
"XFENARIMOL","Income",0.455767834294842,0.0465509400566619,TRUE,"Income",1220,67,21,"GroupFilter=TRUE;MinGroup=10;Top=TRUE;TopPct=0.05;Bottom=FALSE;BottomPct=0.05"
"XFENARIMOL","home_value",0.448315132164057,0.0363235985715367,TRUE,"home_value",1220,67,21,"GroupFilter=TRUE;MinGroup=10;Top=TRUE;TopPct=0.05;Bottom=FALSE;BottomPct=0.05"
"XFENARIMOL","rent",0.507869014564598,0.0191074776478806,TRUE,"rent",1220,67,21,"GroupFilter=TRUE;MinGroup=10;Top=TRUE;TopPct=0.05;Bottom=FALSE;BottomPct=0.05"
"XFENARIMOL","Poverty_150",0.317802817079651,0.186793041756227,FALSE,"Poverty_150",1220,67,21,"GroupFilter=TRUE;MinGroup=10;Top=TRUE;TopPct=0.05;Bottom=FALSE;BottomPct=0.05"
"XFENARIMOL","Unemployed",0.288827804886945,0.183434575434419,FALSE,"Unemployed",1220,67,21,"GroupFilter=TRUE;MinGroup=10;Top=TRUE;TopPct=0.05;Bottom=FALSE;BottomPct=0.05"
"XFENARIMOL","Working_class",0.421131314558442,0.0529079037765344,FALSE,"Working_class",1220,67,21,"GroupFilter=TRUE;MinGroup=10;Top=TRUE;TopPct=0.05;Bottom=FALSE;BottomPct=0.05"
"XFENARIMOL","Combined_SES",0.559300799373106,0.00879155138576731,TRUE,"Education.index, home_value, rent",1220,67,21,"GroupFilter=TRUE;MinGroup=10;Top=TRUE;TopPct=0.05;Bottom=FALSE;BottomPct=0.05"
"XFENBUTATINOXIDE","NULL",0.340990887627944,0.190302231531415,FALSE,"",171,13,17,"GroupFilter=TRUE;MinGroup=10;Top=TRUE;TopPct=0.05;Bottom=FALSE;BottomPct=0.05"
"XFENBUTATINOXIDE","Education.index",0.366405329208391,0.166178679260289,FALSE,"Education.index",171,13,17,"GroupFilter=TRUE;MinGroup=10;Top=TRUE;TopPct=0.05;Bottom=FALSE;BottomPct=0.05"
"XFENBUTATINOXIDE","Income",0.343745786699623,0.199192264055432,FALSE,"Income",171,13,17,"GroupFilter=TRUE;MinGroup=10;Top=TRUE;TopPct=0.05;Bottom=FALSE;BottomPct=0.05"
"XFENBUTATINOXIDE","home_value",0.346996291022595,0.185986171324873,FALSE,"home_value",171,13,17,"GroupFilter=TRUE;MinGroup=10;Top=TRUE;TopPct=0.05;Bottom=FALSE;BottomPct=0.05"
"XFENBUTATINOXIDE","rent",0.338585650780945,0.21074888633227,FALSE,"rent",171,13,17,"GroupFilter=TRUE;MinGroup=10;Top=TRUE;TopPct=0.05;Bottom=FALSE;BottomPct=0.05"
"XFENBUTATINOXIDE","Poverty_150",0.356447937654678,0.188355489171627,FALSE,"Poverty_150",171,13,17,"GroupFilter=TRUE;MinGroup=10;Top=TRUE;TopPct=0.05;Bottom=FALSE;BottomPct=0.05"
"XFENBUTATINOXIDE","Unemployed",0.352463051767664,0.1834871018983,FALSE,"Unemployed",171,13,17,"GroupFilter=TRUE;MinGroup=10;Top=TRUE;TopPct=0.05;Bottom=FALSE;BottomPct=0.05"
"XFENBUTATINOXIDE","Working_class",0.344582534314333,0.192127158160339,FALSE,"Working_class",171,13,17,"GroupFilter=TRUE;MinGroup=10;Top=TRUE;TopPct=0.05;Bottom=FALSE;BottomPct=0.05"
"XFENOXAPROP","NULL",0.61814310341448,0.00365319963204076,TRUE,"",1188,63,21,"GroupFilter=TRUE;MinGroup=10;Top=TRUE;TopPct=0.05;Bottom=FALSE;BottomPct=0.05"
"XFENOXAPROP","Education.index",0.526217699046777,0.0117369437306981,TRUE,"Education.index",1188,63,21,"GroupFilter=TRUE;MinGroup=10;Top=TRUE;TopPct=0.05;Bottom=FALSE;BottomPct=0.05"
"XFENOXAPROP","Income",0.610710683062795,0.00369342943275492,TRUE,"Income",1188,63,21,"GroupFilter=TRUE;MinGroup=10;Top=TRUE;TopPct=0.05;Bottom=FALSE;BottomPct=0.05"
"XFENOXAPROP","home_value",0.451096013436117,0.0513407391646163,FALSE,"home_value",1188,63,21,"GroupFilter=TRUE;MinGroup=10;Top=TRUE;TopPct=0.05;Bottom=FALSE;BottomPct=0.05"
"XFENOXAPROP","rent",0.465358375654029,0.0340754795360791,TRUE,"rent",1188,63,21,"GroupFilter=TRUE;MinGroup=10;Top=TRUE;TopPct=0.05;Bottom=FALSE;BottomPct=0.05"
"XFENOXAPROP","Poverty_150",0.643576692794174,0.00295277955468602,TRUE,"Poverty_150",1188,63,21,"GroupFilter=TRUE;MinGroup=10;Top=TRUE;TopPct=0.05;Bottom=FALSE;BottomPct=0.05"
"XFENOXAPROP","Unemployed",0.631185718467587,0.00748571826400606,TRUE,"Unemployed",1188,63,21,"GroupFilter=TRUE;MinGroup=10;Top=TRUE;TopPct=0.05;Bottom=FALSE;BottomPct=0.05"
"XFENOXAPROP","Working_class",0.606532628111514,0.00427752593498855,TRUE,"Working_class",1188,63,21,"GroupFilter=TRUE;MinGroup=10;Top=TRUE;TopPct=0.05;Bottom=FALSE;BottomPct=0.05"
"XFENOXAPROP","Combined_SES",0.492792501866021,0.024337105173804,TRUE,"Education.index, rent",1188,63,21,"GroupFilter=TRUE;MinGroup=10;Top=TRUE;TopPct=0.05;Bottom=FALSE;BottomPct=0.05"
"XFENPROPATHRIN","NULL",0.0308559203902275,0.920926306927659,FALSE,"",121,10,16,"GroupFilter=TRUE;MinGroup=10;Top=TRUE;TopPct=0.05;Bottom=FALSE;BottomPct=0.05"
"XFENPROPATHRIN","Education.index",-0.231121832485375,0.501466006583316,FALSE,"Education.index",121,10,16,"GroupFilter=TRUE;MinGroup=10;Top=TRUE;TopPct=0.05;Bottom=FALSE;BottomPct=0.05"
"XFENPROPATHRIN","Income",-0.374615546309308,0.283283323086256,FALSE,"Income",121,10,16,"GroupFilter=TRUE;MinGroup=10;Top=TRUE;TopPct=0.05;Bottom=FALSE;BottomPct=0.05"
"XFENPROPATHRIN","home_value",-0.518252789017816,0.151985346740457,FALSE,"home_value",121,10,16,"GroupFilter=TRUE;MinGroup=10;Top=TRUE;TopPct=0.05;Bottom=FALSE;BottomPct=0.05"
"XFENPROPATHRIN","rent",-0.627753848071154,0.0849129601762584,FALSE,"rent",121,10,16,"GroupFilter=TRUE;MinGroup=10;Top=TRUE;TopPct=0.05;Bottom=FALSE;BottomPct=0.05"
"XFENPROPATHRIN","Poverty_150",0.012399064671986,0.96878939474136,FALSE,"Poverty_150",121,10,16,"GroupFilter=TRUE;MinGroup=10;Top=TRUE;TopPct=0.05;Bottom=FALSE;BottomPct=0.05"
"XFENPROPATHRIN","Unemployed",0.0552498127570967,0.860404227905056,FALSE,"Unemployed",121,10,16,"GroupFilter=TRUE;MinGroup=10;Top=TRUE;TopPct=0.05;Bottom=FALSE;BottomPct=0.05"
"XFENPROPATHRIN","Working_class",-0.0904896309981179,0.776880573899146,FALSE,"Working_class",121,10,16,"GroupFilter=TRUE;MinGroup=10;Top=TRUE;TopPct=0.05;Bottom=FALSE;BottomPct=0.05"
"XFENPROPATHRIN","Combined_SES",-0.621088927220082,0.0911590337258504,FALSE,"Income, home_value, rent",121,10,16,"GroupFilter=TRUE;MinGroup=10;Top=TRUE;TopPct=0.05;Bottom=FALSE;BottomPct=0.05"
"XFENTIN","NULL",-0.221388658942929,0.355749808658155,FALSE,"",416,29,21,"GroupFilter=TRUE;MinGroup=10;Top=TRUE;TopPct=0.05;Bottom=FALSE;BottomPct=0.05"
"XFENTIN","Education.index",-0.225957324933423,0.336244561140228,FALSE,"Education.index",416,29,21,"GroupFilter=TRUE;MinGroup=10;Top=TRUE;TopPct=0.05;Bottom=FALSE;BottomPct=0.05"
"XFENTIN","Income",-0.221385840384809,0.362015323724237,FALSE,"Income",416,29,21,"GroupFilter=TRUE;MinGroup=10;Top=TRUE;TopPct=0.05;Bottom=FALSE;BottomPct=0.05"
"XFENTIN","home_value",-0.250892893477785,0.289191554493095,FALSE,"home_value",416,29,21,"GroupFilter=TRUE;MinGroup=10;Top=TRUE;TopPct=0.05;Bottom=FALSE;BottomPct=0.05"
"XFENTIN","rent",-0.2113969016823,0.371081876254703,FALSE,"rent",416,29,21,"GroupFilter=TRUE;MinGroup=10;Top=TRUE;TopPct=0.05;Bottom=FALSE;BottomPct=0.05"
"XFENTIN","Poverty_150",-0.224669908180351,0.353290080608354,FALSE,"Poverty_150",416,29,21,"GroupFilter=TRUE;MinGroup=10;Top=TRUE;TopPct=0.05;Bottom=FALSE;BottomPct=0.05"
"XFENTIN","Unemployed",-0.219392872838367,0.36223754573781,FALSE,"Unemployed",416,29,21,"GroupFilter=TRUE;MinGroup=10;Top=TRUE;TopPct=0.05;Bottom=FALSE;BottomPct=0.05"
"XFENTIN","Working_class",-0.24606571576856,0.30864961663967,FALSE,"Working_class",416,29,21,"GroupFilter=TRUE;MinGroup=10;Top=TRUE;TopPct=0.05;Bottom=FALSE;BottomPct=0.05"
"XFENTIN","Combined_SES",-0.211180532990714,0.37347824800248,FALSE,"Education.index, rent",416,29,21,"GroupFilter=TRUE;MinGroup=10;Top=TRUE;TopPct=0.05;Bottom=FALSE;BottomPct=0.05"
"XFERBAM","NULL",-0.0930215494513946,0.668667811540873,FALSE,"",95,10,12,"GroupFilter=TRUE;MinGroup=10;Top=TRUE;TopPct=0.05;Bottom=FALSE;BottomPct=0.05"
"XFERBAM","Education.index",-0.131146014597052,0.548098933663925,FALSE,"Education.index",95,10,12,"GroupFilter=TRUE;MinGroup=10;Top=TRUE;TopPct=0.05;Bottom=FALSE;BottomPct=0.05"
"XFERBAM","Income",-0.0926512415319952,0.674245360200608,FALSE,"Income",95,10,12,"GroupFilter=TRUE;MinGroup=10;Top=TRUE;TopPct=0.05;Bottom=FALSE;BottomPct=0.05"
"XFERBAM","home_value",-0.0611431736248781,0.779947371278553,FALSE,"home_value",95,10,12,"GroupFilter=TRUE;MinGroup=10;Top=TRUE;TopPct=0.05;Bottom=FALSE;BottomPct=0.05"
"XFERBAM","rent",-0.0966478328414049,0.651530716142953,FALSE,"rent",95,10,12,"GroupFilter=TRUE;MinGroup=10;Top=TRUE;TopPct=0.05;Bottom=FALSE;BottomPct=0.05"
"XFERBAM","Poverty_150",-0.0745118988932952,0.737639228500709,FALSE,"Poverty_150",95,10,12,"GroupFilter=TRUE;MinGroup=10;Top=TRUE;TopPct=0.05;Bottom=FALSE;BottomPct=0.05"
"XFERBAM","Unemployed",-0.0958970886539702,0.662332020824441,FALSE,"Unemployed",95,10,12,"GroupFilter=TRUE;MinGroup=10;Top=TRUE;TopPct=0.05;Bottom=FALSE;BottomPct=0.05"
"XFERBAM","Working_class",-0.106584600680808,0.616628537040309,FALSE,"Working_class",95,10,12,"GroupFilter=TRUE;MinGroup=10;Top=TRUE;TopPct=0.05;Bottom=FALSE;BottomPct=0.05"
"XFLUAZIFOP","NULL",0.253724242106762,0.0181826518541978,TRUE,"",1388,76,21,"GroupFilter=TRUE;MinGroup=10;Top=TRUE;TopPct=0.05;Bottom=FALSE;BottomPct=0.05"
"XFLUAZIFOP","Education.index",0.225154191426436,0.0396568846810615,TRUE,"Education.index",1388,76,21,"GroupFilter=TRUE;MinGroup=10;Top=TRUE;TopPct=0.05;Bottom=FALSE;BottomPct=0.05"
"XFLUAZIFOP","Income",0.260902495764992,0.0185855381867791,TRUE,"Income",1388,76,21,"GroupFilter=TRUE;MinGroup=10;Top=TRUE;TopPct=0.05;Bottom=FALSE;BottomPct=0.05"
"XFLUAZIFOP","home_value",0.291895904743204,0.0246551899059653,TRUE,"home_value",1388,76,21,"GroupFilter=TRUE;MinGroup=10;Top=TRUE;TopPct=0.05;Bottom=FALSE;BottomPct=0.05"
"XFLUAZIFOP","rent",0.203437910380338,0.113887810150583,FALSE,"rent",1388,76,21,"GroupFilter=TRUE;MinGroup=10;Top=TRUE;TopPct=0.05;Bottom=FALSE;BottomPct=0.05"
"XFLUAZIFOP","Poverty_150",0.242569035223964,0.0262370908970935,TRUE,"Poverty_150",1388,76,21,"GroupFilter=TRUE;MinGroup=10;Top=TRUE;TopPct=0.05;Bottom=FALSE;BottomPct=0.05"
"XFLUAZIFOP","Unemployed",0.265047691631961,0.0347214955327559,TRUE,"Unemployed",1388,76,21,"GroupFilter=TRUE;MinGroup=10;Top=TRUE;TopPct=0.05;Bottom=FALSE;BottomPct=0.05"
"XFLUAZIFOP","Working_class",0.241003931339872,0.0327673183280695,TRUE,"Working_class",1388,76,21,"GroupFilter=TRUE;MinGroup=10;Top=TRUE;TopPct=0.05;Bottom=FALSE;BottomPct=0.05"
"XFLUOMETURON","NULL",0.445870821696718,0.271592218237289,FALSE,"",95,5,21,"GroupFilter=TRUE;MinGroup=10;Top=TRUE;TopPct=0.05;Bottom=FALSE;BottomPct=0.05"
"XFLUOMETURON","Education.index",0.463482444840865,0.27526423760785,FALSE,"Education.index",95,5,21,"GroupFilter=TRUE;MinGroup=10;Top=TRUE;TopPct=0.05;Bottom=FALSE;BottomPct=0.05"
"XFLUOMETURON","Income",0.418406670323141,0.301326181980698,FALSE,"Income",95,5,21,"GroupFilter=TRUE;MinGroup=10;Top=TRUE;TopPct=0.05;Bottom=FALSE;BottomPct=0.05"
"XFLUOMETURON","home_value",0.243324633329971,0.568884493450052,FALSE,"home_value",95,5,21,"GroupFilter=TRUE;MinGroup=10;Top=TRUE;TopPct=0.05;Bottom=FALSE;BottomPct=0.05"
"XFLUOMETURON","rent",0.208442801747969,0.612118063612514,FALSE,"rent",95,5,21,"GroupFilter=TRUE;MinGroup=10;Top=TRUE;TopPct=0.05;Bottom=FALSE;BottomPct=0.05"
"XFLUOMETURON","Poverty_150",0.334271905762459,0.455553590134764,FALSE,"Poverty_150",95,5,21,"GroupFilter=TRUE;MinGroup=10;Top=TRUE;TopPct=0.05;Bottom=FALSE;BottomPct=0.05"
"XFLUOMETURON","Unemployed",0.500370952290688,0.216719038048382,FALSE,"Unemployed",95,5,21,"GroupFilter=TRUE;MinGroup=10;Top=TRUE;TopPct=0.05;Bottom=FALSE;BottomPct=0.05"
"XFLUOMETURON","Working_class",-0.0521574580715305,0.911697650666148,FALSE,"Working_class",95,5,21,"GroupFilter=TRUE;MinGroup=10;Top=TRUE;TopPct=0.05;Bottom=FALSE;BottomPct=0.05"
"XFLUOMETURON","Combined_SES",-0.0833170842699348,0.85839162814183,FALSE,"rent, Working_class",95,5,21,"GroupFilter=TRUE;MinGroup=10;Top=TRUE;TopPct=0.05;Bottom=FALSE;BottomPct=0.05"
"XFOMESAFEN","NULL",0.038818374552817,0.885754713693856,FALSE,"",977,49,21,"GroupFilter=TRUE;MinGroup=10;Top=TRUE;TopPct=0.05;Bottom=FALSE;BottomPct=0.05"
"XFOMESAFEN","Education.index",0.115540493540103,0.675163041104671,FALSE,"Education.index",977,49,21,"GroupFilter=TRUE;MinGroup=10;Top=TRUE;TopPct=0.05;Bottom=FALSE;BottomPct=0.05"
"XFOMESAFEN","Income",0.0724346805625446,0.792353458711076,FALSE,"Income",977,49,21,"GroupFilter=TRUE;MinGroup=10;Top=TRUE;TopPct=0.05;Bottom=FALSE;BottomPct=0.05"
"XFOMESAFEN","home_value",0.0581488756460585,0.830388775643076,FALSE,"home_value",977,49,21,"GroupFilter=TRUE;MinGroup=10;Top=TRUE;TopPct=0.05;Bottom=FALSE;BottomPct=0.05"
"XFOMESAFEN","rent",0.0900823223202791,0.738674769233221,FALSE,"rent",977,49,21,"GroupFilter=TRUE;MinGroup=10;Top=TRUE;TopPct=0.05;Bottom=FALSE;BottomPct=0.05"
"XFOMESAFEN","Poverty_150",0.0812315605526409,0.775857084433476,FALSE,"Poverty_150",977,49,21,"GroupFilter=TRUE;MinGroup=10;Top=TRUE;TopPct=0.05;Bottom=FALSE;BottomPct=0.05"
"XFOMESAFEN","Unemployed",0.0568394920250383,0.836471861030461,FALSE,"Unemployed",977,49,21,"GroupFilter=TRUE;MinGroup=10;Top=TRUE;TopPct=0.05;Bottom=FALSE;BottomPct=0.05"
"XFOMESAFEN","Working_class",0.0169225503573456,0.950524285788187,FALSE,"Working_class",977,49,21,"GroupFilter=TRUE;MinGroup=10;Top=TRUE;TopPct=0.05;Bottom=FALSE;BottomPct=0.05"
"XFOMESAFEN","Combined_SES",0.0900823223202791,0.738674769233221,FALSE,"rent",977,49,21,"GroupFilter=TRUE;MinGroup=10;Top=TRUE;TopPct=0.05;Bottom=FALSE;BottomPct=0.05"
"XFORMETANATE","NULL",0.230485760283361,0.310365261209061,FALSE,"",301,20,21,"GroupFilter=TRUE;MinGroup=10;Top=TRUE;TopPct=0.05;Bottom=FALSE;BottomPct=0.05"
"XFORMETANATE","Education.index",0.210311281859842,0.355392221717563,FALSE,"Education.index",301,20,21,"GroupFilter=TRUE;MinGroup=10;Top=TRUE;TopPct=0.05;Bottom=FALSE;BottomPct=0.05"
"XFORMETANATE","Income",0.110107284992072,0.645321551881502,FALSE,"Income",301,20,21,"GroupFilter=TRUE;MinGroup=10;Top=TRUE;TopPct=0.05;Bottom=FALSE;BottomPct=0.05"
"XFORMETANATE","home_value",0.163337056501082,0.482660224907601,FALSE,"home_value",301,20,21,"GroupFilter=TRUE;MinGroup=10;Top=TRUE;TopPct=0.05;Bottom=FALSE;BottomPct=0.05"
"XFORMETANATE","rent",0.13016168662459,0.58153722212024,FALSE,"rent",301,20,21,"GroupFilter=TRUE;MinGroup=10;Top=TRUE;TopPct=0.05;Bottom=FALSE;BottomPct=0.05"
"XFORMETANATE","Poverty_150",0.0622175907343608,0.798920603825442,FALSE,"Poverty_150",301,20,21,"GroupFilter=TRUE;MinGroup=10;Top=TRUE;TopPct=0.05;Bottom=FALSE;BottomPct=0.05"
"XFORMETANATE","Unemployed",0.0794503651773707,0.737701011407834,FALSE,"Unemployed",301,20,21,"GroupFilter=TRUE;MinGroup=10;Top=TRUE;TopPct=0.05;Bottom=FALSE;BottomPct=0.05"
"XFORMETANATE","Working_class",0.110459023549104,0.63524794006324,FALSE,"Working_class",301,20,21,"GroupFilter=TRUE;MinGroup=10;Top=TRUE;TopPct=0.05;Bottom=FALSE;BottomPct=0.05"
"XFORMETANATE","Combined_SES",0.0550873495034327,0.816961698260269,FALSE,"Unemployed, Working_class",301,20,21,"GroupFilter=TRUE;MinGroup=10;Top=TRUE;TopPct=0.05;Bottom=FALSE;BottomPct=0.05"
"XFOSETYL","NULL",0.0127729619895525,0.940953630847149,FALSE,"",256,15,21,"GroupFilter=TRUE;MinGroup=10;Top=TRUE;TopPct=0.05;Bottom=FALSE;BottomPct=0.05"
"XFOSETYL","Education.index",-0.127025971259289,0.492174452240025,FALSE,"Education.index",256,15,21,"GroupFilter=TRUE;MinGroup=10;Top=TRUE;TopPct=0.05;Bottom=FALSE;BottomPct=0.05"
"XFOSETYL","Income",-0.0906076394275566,0.655697609560821,FALSE,"Income",256,15,21,"GroupFilter=TRUE;MinGroup=10;Top=TRUE;TopPct=0.05;Bottom=FALSE;BottomPct=0.05"
"XFOSETYL","home_value",-0.0440323286974868,0.81974089804917,FALSE,"home_value",256,15,21,"GroupFilter=TRUE;MinGroup=10;Top=TRUE;TopPct=0.05;Bottom=FALSE;BottomPct=0.05"
"XFOSETYL","rent",-0.0611882191500034,0.759782378478693,FALSE,"rent",256,15,21,"GroupFilter=TRUE;MinGroup=10;Top=TRUE;TopPct=0.05;Bottom=FALSE;BottomPct=0.05"
"XFOSETYL","Poverty_150",-0.12444807171662,0.520329951211465,FALSE,"Poverty_150",256,15,21,"GroupFilter=TRUE;MinGroup=10;Top=TRUE;TopPct=0.05;Bottom=FALSE;BottomPct=0.05"
"XFOSETYL","Unemployed",-0.127645723310709,0.499889464967011,FALSE,"Unemployed",256,15,21,"GroupFilter=TRUE;MinGroup=10;Top=TRUE;TopPct=0.05;Bottom=FALSE;BottomPct=0.05"
"XFOSETYL","Working_class",-0.0704726018497138,0.700981807411113,FALSE,"Working_class",256,15,21,"GroupFilter=TRUE;MinGroup=10;Top=TRUE;TopPct=0.05;Bottom=FALSE;BottomPct=0.05"
"XGIBBERELLICACID","NULL",-0.107087297730583,0.684460928078084,FALSE,"",592,39,21,"GroupFilter=TRUE;MinGroup=10;Top=TRUE;TopPct=0.05;Bottom=FALSE;BottomPct=0.05"
"XGIBBERELLICACID","Education.index",0.0425370544517134,0.874509612559503,FALSE,"Education.index",592,39,21,"GroupFilter=TRUE;MinGroup=10;Top=TRUE;TopPct=0.05;Bottom=FALSE;BottomPct=0.05"
"XGIBBERELLICACID","Income",-0.284975643085961,0.309575050779722,FALSE,"Income",592,39,21,"GroupFilter=TRUE;MinGroup=10;Top=TRUE;TopPct=0.05;Bottom=FALSE;BottomPct=0.05"
"XGIBBERELLICACID","home_value",-0.157640056351574,0.556278405707602,FALSE,"home_value",592,39,21,"GroupFilter=TRUE;MinGroup=10;Top=TRUE;TopPct=0.05;Bottom=FALSE;BottomPct=0.05"
"XGIBBERELLICACID","rent",-0.17638054385385,0.514274044876448,FALSE,"rent",592,39,21,"GroupFilter=TRUE;MinGroup=10;Top=TRUE;TopPct=0.05;Bottom=FALSE;BottomPct=0.05"
"XGIBBERELLICACID","Poverty_150",-0.0947299942401846,0.741455753685178,FALSE,"Poverty_150",592,39,21,"GroupFilter=TRUE;MinGroup=10;Top=TRUE;TopPct=0.05;Bottom=FALSE;BottomPct=0.05"
"XGIBBERELLICACID","Unemployed",-0.0908677205178783,0.734973303963543,FALSE,"Unemployed",592,39,21,"GroupFilter=TRUE;MinGroup=10;Top=TRUE;TopPct=0.05;Bottom=FALSE;BottomPct=0.05"
"XGIBBERELLICACID","Working_class",-0.193345616693275,0.470725799008156,FALSE,"Working_class",592,39,21,"GroupFilter=TRUE;MinGroup=10;Top=TRUE;TopPct=0.05;Bottom=FALSE;BottomPct=0.05"
"XGLYPHOSATE","NULL",0.486929040042162,5.08813830654689e-06,TRUE,"",2114,106,21,"GroupFilter=TRUE;MinGroup=10;Top=TRUE;TopPct=0.05;Bottom=FALSE;BottomPct=0.05"
"XGLYPHOSATE","Education.index",0.434323706097312,2.57061261167788e-05,TRUE,"Education.index",2114,106,21,"GroupFilter=TRUE;MinGroup=10;Top=TRUE;TopPct=0.05;Bottom=FALSE;BottomPct=0.05"
"XGLYPHOSATE","Income",0.479982114664195,7.82480638297927e-06,TRUE,"Income",2114,106,21,"GroupFilter=TRUE;MinGroup=10;Top=TRUE;TopPct=0.05;Bottom=FALSE;BottomPct=0.05"
"XGLYPHOSATE","home_value",0.457765175334244,5.52079274654294e-05,TRUE,"home_value",2114,106,21,"GroupFilter=TRUE;MinGroup=10;Top=TRUE;TopPct=0.05;Bottom=FALSE;BottomPct=0.05"
"XGLYPHOSATE","rent",0.430912078955811,0.000236035676717245,TRUE,"rent",2114,106,21,"GroupFilter=TRUE;MinGroup=10;Top=TRUE;TopPct=0.05;Bottom=FALSE;BottomPct=0.05"
"XGLYPHOSATE","Poverty_150",0.50590926912567,5.56901513160148e-06,TRUE,"Poverty_150",2114,106,21,"GroupFilter=TRUE;MinGroup=10;Top=TRUE;TopPct=0.05;Bottom=FALSE;BottomPct=0.05"
"XGLYPHOSATE","Unemployed",0.566511931534033,3.52591325189629e-06,TRUE,"Unemployed",2114,106,21,"GroupFilter=TRUE;MinGroup=10;Top=TRUE;TopPct=0.05;Bottom=FALSE;BottomPct=0.05"
"XGLYPHOSATE","Working_class",0.475347746640695,2.48855576088101e-05,TRUE,"Working_class",2114,106,21,"GroupFilter=TRUE;MinGroup=10;Top=TRUE;TopPct=0.05;Bottom=FALSE;BottomPct=0.05"
"XGLYPHOSATE","Combined_SES",0.434323706097312,2.57061261167788e-05,TRUE,"Education.index",2114,106,21,"GroupFilter=TRUE;MinGroup=10;Top=TRUE;TopPct=0.05;Bottom=FALSE;BottomPct=0.05"
"XHEXAZINONE","NULL",-0.322332574790654,0.0293827255657811,TRUE,"",848,43,21,"GroupFilter=TRUE;MinGroup=10;Top=TRUE;TopPct=0.05;Bottom=FALSE;BottomPct=0.05"
"XHEXAZINONE","Education.index",-0.300968595089541,0.0400664934144419,TRUE,"Education.index",848,43,21,"GroupFilter=TRUE;MinGroup=10;Top=TRUE;TopPct=0.05;Bottom=FALSE;BottomPct=0.05"
"XHEXAZINONE","Income",-0.309572892654882,0.0369446691662381,TRUE,"Income",848,43,21,"GroupFilter=TRUE;MinGroup=10;Top=TRUE;TopPct=0.05;Bottom=FALSE;BottomPct=0.05"
"XHEXAZINONE","home_value",-0.321288777805146,0.0305173176902855,TRUE,"home_value",848,43,21,"GroupFilter=TRUE;MinGroup=10;Top=TRUE;TopPct=0.05;Bottom=FALSE;BottomPct=0.05"
"XHEXAZINONE","rent",-0.324350384756912,0.0291632814440312,TRUE,"rent",848,43,21,"GroupFilter=TRUE;MinGroup=10;Top=TRUE;TopPct=0.05;Bottom=FALSE;BottomPct=0.05"
"XHEXAZINONE","Poverty_150",-0.308305475748339,0.0339327561757773,TRUE,"Poverty_150",848,43,21,"GroupFilter=TRUE;MinGroup=10;Top=TRUE;TopPct=0.05;Bottom=FALSE;BottomPct=0.05"
"XHEXAZINONE","Unemployed",-0.225892290396578,0.117314069542747,FALSE,"Unemployed",848,43,21,"GroupFilter=TRUE;MinGroup=10;Top=TRUE;TopPct=0.05;Bottom=FALSE;BottomPct=0.05"
"XHEXAZINONE","Working_class",-0.319836092203927,0.0315541347890734,TRUE,"Working_class",848,43,21,"GroupFilter=TRUE;MinGroup=10;Top=TRUE;TopPct=0.05;Bottom=FALSE;BottomPct=0.05"
"XHEXAZINONE","Combined_SES",-0.225892290396578,0.117314069542747,FALSE,"Unemployed",848,43,21,"GroupFilter=TRUE;MinGroup=10;Top=TRUE;TopPct=0.05;Bottom=FALSE;BottomPct=0.05"
"XIMAZAMETHABENZ","NULL",-0.157904114155874,0.424145365827066,FALSE,"",335,23,19,"GroupFilter=TRUE;MinGroup=10;Top=TRUE;TopPct=0.05;Bottom=FALSE;BottomPct=0.05"
"XIMAZAMETHABENZ","Education.index",-0.0819446939130587,0.719273801731017,FALSE,"Education.index",335,23,19,"GroupFilter=TRUE;MinGroup=10;Top=TRUE;TopPct=0.05;Bottom=FALSE;BottomPct=0.05"
"XIMAZAMETHABENZ","Income",-0.259824492638102,0.238404655385453,FALSE,"Income",335,23,19,"GroupFilter=TRUE;MinGroup=10;Top=TRUE;TopPct=0.05;Bottom=FALSE;BottomPct=0.05"
"XIMAZAMETHABENZ","home_value",-0.221443758165925,0.285588248391613,FALSE,"home_value",335,23,19,"GroupFilter=TRUE;MinGroup=10;Top=TRUE;TopPct=0.05;Bottom=FALSE;BottomPct=0.05"
"XIMAZAMETHABENZ","rent",-0.21663265503567,0.292462835604466,FALSE,"rent",335,23,19,"GroupFilter=TRUE;MinGroup=10;Top=TRUE;TopPct=0.05;Bottom=FALSE;BottomPct=0.05"
"XIMAZAMETHABENZ","Poverty_150",-0.111384960757575,0.606294512500498,FALSE,"Poverty_150",335,23,19,"GroupFilter=TRUE;MinGroup=10;Top=TRUE;TopPct=0.05;Bottom=FALSE;BottomPct=0.05"
"XIMAZAMETHABENZ","Unemployed",-0.080931477509048,0.710907981885003,FALSE,"Unemployed",335,23,19,"GroupFilter=TRUE;MinGroup=10;Top=TRUE;TopPct=0.05;Bottom=FALSE;BottomPct=0.05"
"XIMAZAMETHABENZ","Working_class",-0.168090883042386,0.414147020967261,FALSE,"Working_class",335,23,19,"GroupFilter=TRUE;MinGroup=10;Top=TRUE;TopPct=0.05;Bottom=FALSE;BottomPct=0.05"
"XIMAZAPYR","NULL",0.276091934103172,0.281107299872017,FALSE,"",897,62,21,"GroupFilter=TRUE;MinGroup=10;Top=TRUE;TopPct=0.05;Bottom=FALSE;BottomPct=0.05"
"XIMAZAPYR","Education.index",0.313580116948656,0.228323587973885,FALSE,"Education.index",897,62,21,"GroupFilter=TRUE;MinGroup=10;Top=TRUE;TopPct=0.05;Bottom=FALSE;BottomPct=0.05"
"XIMAZAPYR","Income",0.266293336325041,0.318843727697077,FALSE,"Income",897,62,21,"GroupFilter=TRUE;MinGroup=10;Top=TRUE;TopPct=0.05;Bottom=FALSE;BottomPct=0.05"
"XIMAZAPYR","home_value",0.277642190453527,0.277889438450906,FALSE,"home_value",897,62,21,"GroupFilter=TRUE;MinGroup=10;Top=TRUE;TopPct=0.05;Bottom=FALSE;BottomPct=0.05"
"XIMAZAPYR","rent",0.288340182386302,0.256205671933292,FALSE,"rent",897,62,21,"GroupFilter=TRUE;MinGroup=10;Top=TRUE;TopPct=0.05;Bottom=FALSE;BottomPct=0.05"
"XIMAZAPYR","Poverty_150",0.128137595722552,0.658463583823253,FALSE,"Poverty_150",897,62,21,"GroupFilter=TRUE;MinGroup=10;Top=TRUE;TopPct=0.05;Bottom=FALSE;BottomPct=0.05"
"XIMAZAPYR","Unemployed",0.273983761169038,0.332451471466868,FALSE,"Unemployed",897,62,21,"GroupFilter=TRUE;MinGroup=10;Top=TRUE;TopPct=0.05;Bottom=FALSE;BottomPct=0.05"
"XIMAZAPYR","Working_class",0.264741343183846,0.301648108153293,FALSE,"Working_class",897,62,21,"GroupFilter=TRUE;MinGroup=10;Top=TRUE;TopPct=0.05;Bottom=FALSE;BottomPct=0.05"
"XIMAZAQUIN","NULL",0.400469673389289,0.229687183521132,FALSE,"",990,50,21,"GroupFilter=TRUE;MinGroup=10;Top=TRUE;TopPct=0.05;Bottom=FALSE;BottomPct=0.05"
"XIMAZAQUIN","Education.index",0.404088138956329,0.222958127169954,FALSE,"Education.index",990,50,21,"GroupFilter=TRUE;MinGroup=10;Top=TRUE;TopPct=0.05;Bottom=FALSE;BottomPct=0.05"
"XIMAZAQUIN","Income",0.399684516179713,0.231344499054134,FALSE,"Income",990,50,21,"GroupFilter=TRUE;MinGroup=10;Top=TRUE;TopPct=0.05;Bottom=FALSE;BottomPct=0.05"
"XIMAZAQUIN","home_value",0.395676972020137,0.23690176073291,FALSE,"home_value",990,50,21,"GroupFilter=TRUE;MinGroup=10;Top=TRUE;TopPct=0.05;Bottom=FALSE;BottomPct=0.05"
"XIMAZAQUIN","rent",0.378574250184887,0.251019348138158,FALSE,"rent",990,50,21,"GroupFilter=TRUE;MinGroup=10;Top=TRUE;TopPct=0.05;Bottom=FALSE;BottomPct=0.05"
"XIMAZAQUIN","Poverty_150",0.386535223258087,0.251653458431458,FALSE,"Poverty_150",990,50,21,"GroupFilter=TRUE;MinGroup=10;Top=TRUE;TopPct=0.05;Bottom=FALSE;BottomPct=0.05"
"XIMAZAQUIN","Unemployed",0.402253118892636,0.231949239229435,FALSE,"Unemployed",990,50,21,"GroupFilter=TRUE;MinGroup=10;Top=TRUE;TopPct=0.05;Bottom=FALSE;BottomPct=0.05"
"XIMAZAQUIN","Working_class",0.409616273803967,0.21980132368031,FALSE,"Working_class",990,50,21,"GroupFilter=TRUE;MinGroup=10;Top=TRUE;TopPct=0.05;Bottom=FALSE;BottomPct=0.05"
"XIMAZETHAPYR","NULL",0.317329958365351,0.00381395168132307,TRUE,"",1694,89,21,"GroupFilter=TRUE;MinGroup=10;Top=TRUE;TopPct=0.05;Bottom=FALSE;BottomPct=0.05"
"XIMAZETHAPYR","Education.index",0.274627353175998,0.0100755824887468,TRUE,"Education.index",1694,89,21,"GroupFilter=TRUE;MinGroup=10;Top=TRUE;TopPct=0.05;Bottom=FALSE;BottomPct=0.05"
"XIMAZETHAPYR","Income",0.316260654289114,0.00364596016375272,TRUE,"Income",1694,89,21,"GroupFilter=TRUE;MinGroup=10;Top=TRUE;TopPct=0.05;Bottom=FALSE;BottomPct=0.05"
"XIMAZETHAPYR","home_value",0.251848209719746,0.0279118222900698,TRUE,"home_value",1694,89,21,"GroupFilter=TRUE;MinGroup=10;Top=TRUE;TopPct=0.05;Bottom=FALSE;BottomPct=0.05"
"XIMAZETHAPYR","rent",0.222771255582033,0.0507754888441323,FALSE,"rent",1694,89,21,"GroupFilter=TRUE;MinGroup=10;Top=TRUE;TopPct=0.05;Bottom=FALSE;BottomPct=0.05"
"XIMAZETHAPYR","Poverty_150",0.343935394948747,0.00361696895893388,TRUE,"Poverty_150",1694,89,21,"GroupFilter=TRUE;MinGroup=10;Top=TRUE;TopPct=0.05;Bottom=FALSE;BottomPct=0.05"
"XIMAZETHAPYR","Unemployed",0.403405354908144,0.00172789609970438,TRUE,"Unemployed",1694,89,21,"GroupFilter=TRUE;MinGroup=10;Top=TRUE;TopPct=0.05;Bottom=FALSE;BottomPct=0.05"
"XIMAZETHAPYR","Working_class",0.293742549608108,0.0085126081001143,TRUE,"Working_class",1694,89,21,"GroupFilter=TRUE;MinGroup=10;Top=TRUE;TopPct=0.05;Bottom=FALSE;BottomPct=0.05"
"XIMAZETHAPYR","Combined_SES",0.242595574399041,0.0331353260210507,TRUE,"Education.index, rent",1694,89,21,"GroupFilter=TRUE;MinGroup=10;Top=TRUE;TopPct=0.05;Bottom=FALSE;BottomPct=0.05"
"XIPRODIONE","NULL",1.98228485231432e-05,0.999858185270589,FALSE,"",701,42,21,"GroupFilter=TRUE;MinGroup=10;Top=TRUE;TopPct=0.05;Bottom=FALSE;BottomPct=0.05"
"XIPRODIONE","Education.index",0.0881391553300399,0.42948828659981,FALSE,"Education.index",701,42,21,"GroupFilter=TRUE;MinGroup=10;Top=TRUE;TopPct=0.05;Bottom=FALSE;BottomPct=0.05"
"XIPRODIONE","Income",-0.00318384240926675,0.979750833999128,FALSE,"Income",701,42,21,"GroupFilter=TRUE;MinGroup=10;Top=TRUE;TopPct=0.05;Bottom=FALSE;BottomPct=0.05"
"XIPRODIONE","home_value",0.0292924059712562,0.811803995602075,FALSE,"home_value",701,42,21,"GroupFilter=TRUE;MinGroup=10;Top=TRUE;TopPct=0.05;Bottom=FALSE;BottomPct=0.05"
"XIPRODIONE","rent",0.0214479314584796,0.867675401719575,FALSE,"rent",701,42,21,"GroupFilter=TRUE;MinGroup=10;Top=TRUE;TopPct=0.05;Bottom=FALSE;BottomPct=0.05"
"XIPRODIONE","Poverty_150",0.0407224070291004,0.749109843232084,FALSE,"Poverty_150",701,42,21,"GroupFilter=TRUE;MinGroup=10;Top=TRUE;TopPct=0.05;Bottom=FALSE;BottomPct=0.05"
"XIPRODIONE","Unemployed",0.00146165814916172,0.989855357284739,FALSE,"Unemployed",701,42,21,"GroupFilter=TRUE;MinGroup=10;Top=TRUE;TopPct=0.05;Bottom=FALSE;BottomPct=0.05"
"XIPRODIONE","Working_class",-0.0142012227527236,0.903427555103765,FALSE,"Working_class",701,42,21,"GroupFilter=TRUE;MinGroup=10;Top=TRUE;TopPct=0.05;Bottom=FALSE;BottomPct=0.05"
"XIPRODIONE","Combined_SES",0.0881391553300399,0.42948828659981,FALSE,"Education.index",701,42,21,"GroupFilter=TRUE;MinGroup=10;Top=TRUE;TopPct=0.05;Bottom=FALSE;BottomPct=0.05"
"XLACTOFEN","NULL",0.463572602096462,0.0173703070514995,TRUE,"",1149,60,21,"GroupFilter=TRUE;MinGroup=10;Top=TRUE;TopPct=0.05;Bottom=FALSE;BottomPct=0.05"
"XLACTOFEN","Education.index",0.413259300345837,0.0370332287105122,TRUE,"Education.index",1149,60,21,"GroupFilter=TRUE;MinGroup=10;Top=TRUE;TopPct=0.05;Bottom=FALSE;BottomPct=0.05"
"XLACTOFEN","Income",0.442999218813743,0.0270430040503753,TRUE,"Income",1149,60,21,"GroupFilter=TRUE;MinGroup=10;Top=TRUE;TopPct=0.05;Bottom=FALSE;BottomPct=0.05"
"XLACTOFEN","home_value",0.423027205061172,0.0693608600256317,FALSE,"home_value",1149,60,21,"GroupFilter=TRUE;MinGroup=10;Top=TRUE;TopPct=0.05;Bottom=FALSE;BottomPct=0.05"
"XLACTOFEN","rent",0.275140714575364,0.218123769934144,FALSE,"rent",1149,60,21,"GroupFilter=TRUE;MinGroup=10;Top=TRUE;TopPct=0.05;Bottom=FALSE;BottomPct=0.05"
"XLACTOFEN","Poverty_150",0.464296127258771,0.0182917580326098,TRUE,"Poverty_150",1149,60,21,"GroupFilter=TRUE;MinGroup=10;Top=TRUE;TopPct=0.05;Bottom=FALSE;BottomPct=0.05"
"XLACTOFEN","Unemployed",0.488052587149,0.0223563246386798,TRUE,"Unemployed",1149,60,21,"GroupFilter=TRUE;MinGroup=10;Top=TRUE;TopPct=0.05;Bottom=FALSE;BottomPct=0.05"
"XLACTOFEN","Working_class",0.455475158217459,0.0244571900967586,TRUE,"Working_class",1149,60,21,"GroupFilter=TRUE;MinGroup=10;Top=TRUE;TopPct=0.05;Bottom=FALSE;BottomPct=0.05"
"XLINURON","NULL",0.232306560915068,0.0358733474733839,TRUE,"",1188,77,21,"GroupFilter=TRUE;MinGroup=10;Top=TRUE;TopPct=0.05;Bottom=FALSE;BottomPct=0.05"
"XLINURON","Education.index",0.184096557179404,0.104884053910294,FALSE,"Education.index",1188,77,21,"GroupFilter=TRUE;MinGroup=10;Top=TRUE;TopPct=0.05;Bottom=FALSE;BottomPct=0.05"
"XLINURON","Income",0.242256087590689,0.032396502188957,TRUE,"Income",1188,77,21,"GroupFilter=TRUE;MinGroup=10;Top=TRUE;TopPct=0.05;Bottom=FALSE;BottomPct=0.05"
"XLINURON","home_value",0.240198851399717,0.0410524675214966,TRUE,"home_value",1188,77,21,"GroupFilter=TRUE;MinGroup=10;Top=TRUE;TopPct=0.05;Bottom=FALSE;BottomPct=0.05"
"XLINURON","rent",0.199099469351621,0.097402271883524,FALSE,"rent",1188,77,21,"GroupFilter=TRUE;MinGroup=10;Top=TRUE;TopPct=0.05;Bottom=FALSE;BottomPct=0.05"
"XLINURON","Poverty_150",0.213730086387544,0.0569027468821721,FALSE,"Poverty_150",1188,77,21,"GroupFilter=TRUE;MinGroup=10;Top=TRUE;TopPct=0.05;Bottom=FALSE;BottomPct=0.05"
"XLINURON","Unemployed",0.181964260842558,0.145028511459314,FALSE,"Unemployed",1188,77,21,"GroupFilter=TRUE;MinGroup=10;Top=TRUE;TopPct=0.05;Bottom=FALSE;BottomPct=0.05"
"XLINURON","Working_class",0.220607966272204,0.0594039395928309,FALSE,"Working_class",1188,77,21,"GroupFilter=TRUE;MinGroup=10;Top=TRUE;TopPct=0.05;Bottom=FALSE;BottomPct=0.05"
"XMALATHION","NULL",0.0368582456873139,0.7973201541626,FALSE,"",1753,103,21,"GroupFilter=TRUE;MinGroup=10;Top=TRUE;TopPct=0.05;Bottom=FALSE;BottomPct=0.05"
"XMALATHION","Education.index",0.00845220920888021,0.952367229472923,FALSE,"Education.index",1753,103,21,"GroupFilter=TRUE;MinGroup=10;Top=TRUE;TopPct=0.05;Bottom=FALSE;BottomPct=0.05"
"XMALATHION","Income",0.0294418415521193,0.838351781172393,FALSE,"Income",1753,103,21,"GroupFilter=TRUE;MinGroup=10;Top=TRUE;TopPct=0.05;Bottom=FALSE;BottomPct=0.05"
"XMALATHION","home_value",-0.0111831589740389,0.939055944247056,FALSE,"home_value",1753,103,21,"GroupFilter=TRUE;MinGroup=10;Top=TRUE;TopPct=0.05;Bottom=FALSE;BottomPct=0.05"
"XMALATHION","rent",-0.0509239717183628,0.730459476302132,FALSE,"rent",1753,103,21,"GroupFilter=TRUE;MinGroup=10;Top=TRUE;TopPct=0.05;Bottom=FALSE;BottomPct=0.05"
"XMALATHION","Poverty_150",0.0264438226350111,0.854368627392607,FALSE,"Poverty_150",1753,103,21,"GroupFilter=TRUE;MinGroup=10;Top=TRUE;TopPct=0.05;Bottom=FALSE;BottomPct=0.05"
"XMALATHION","Unemployed",-0.00277359952852999,0.985318092866032,FALSE,"Unemployed",1753,103,21,"GroupFilter=TRUE;MinGroup=10;Top=TRUE;TopPct=0.05;Bottom=FALSE;BottomPct=0.05"
"XMALATHION","Working_class",-0.0012185501022744,0.993367238015671,FALSE,"Working_class",1753,103,21,"GroupFilter=TRUE;MinGroup=10;Top=TRUE;TopPct=0.05;Bottom=FALSE;BottomPct=0.05"
"XMALATHION","Combined_SES",-0.0267462989514268,0.855891838317489,FALSE,"Education.index, rent",1753,103,21,"GroupFilter=TRUE;MinGroup=10;Top=TRUE;TopPct=0.05;Bottom=FALSE;BottomPct=0.05"
"XMALEICHYDRAZIDE","NULL",0.0546502574613668,0.745591500941489,FALSE,"",624,36,21,"GroupFilter=TRUE;MinGroup=10;Top=TRUE;TopPct=0.05;Bottom=FALSE;BottomPct=0.05"
"XMALEICHYDRAZIDE","Education.index",0.107415134138118,0.50165859405269,FALSE,"Education.index",624,36,21,"GroupFilter=TRUE;MinGroup=10;Top=TRUE;TopPct=0.05;Bottom=FALSE;BottomPct=0.05"
"XMALEICHYDRAZIDE","Income",0.0537256823011837,0.75176194202869,FALSE,"Income",624,36,21,"GroupFilter=TRUE;MinGroup=10;Top=TRUE;TopPct=0.05;Bottom=FALSE;BottomPct=0.05"
"XMALEICHYDRAZIDE","home_value",0.052482824837631,0.758061481348851,FALSE,"home_value",624,36,21,"GroupFilter=TRUE;MinGroup=10;Top=TRUE;TopPct=0.05;Bottom=FALSE;BottomPct=0.05"
"XMALEICHYDRAZIDE","rent",0.0436825213919593,0.796947725445724,FALSE,"rent",624,36,21,"GroupFilter=TRUE;MinGroup=10;Top=TRUE;TopPct=0.05;Bottom=FALSE;BottomPct=0.05"
"XMALEICHYDRAZIDE","Poverty_150",0.0635672171697196,0.706208219195307,FALSE,"Poverty_150",624,36,21,"GroupFilter=TRUE;MinGroup=10;Top=TRUE;TopPct=0.05;Bottom=FALSE;BottomPct=0.05"
"XMALEICHYDRAZIDE","Unemployed",0.0536314936276473,0.750751792864051,FALSE,"Unemployed",624,36,21,"GroupFilter=TRUE;MinGroup=10;Top=TRUE;TopPct=0.05;Bottom=FALSE;BottomPct=0.05"
"XMALEICHYDRAZIDE","Working_class",0.0478925387943719,0.776789965099959,FALSE,"Working_class",624,36,21,"GroupFilter=TRUE;MinGroup=10;Top=TRUE;TopPct=0.05;Bottom=FALSE;BottomPct=0.05"
"XMALEICHYDRAZIDE","Combined_SES",0.107415134138118,0.50165859405269,FALSE,"Education.index",624,36,21,"GroupFilter=TRUE;MinGroup=10;Top=TRUE;TopPct=0.05;Bottom=FALSE;BottomPct=0.05"
"XMANCOZEB","NULL",0.148469218050606,0.24023753317742,FALSE,"",1958,98,21,"GroupFilter=TRUE;MinGroup=10;Top=TRUE;TopPct=0.05;Bottom=FALSE;BottomPct=0.05"
"XMANCOZEB","Education.index",0.252029199051983,0.040952220742872,TRUE,"Education.index",1958,98,21,"GroupFilter=TRUE;MinGroup=10;Top=TRUE;TopPct=0.05;Bottom=FALSE;BottomPct=0.05"
"XMANCOZEB","Income",0.226469544278183,0.0955230697139319,FALSE,"Income",1958,98,21,"GroupFilter=TRUE;MinGroup=10;Top=TRUE;TopPct=0.05;Bottom=FALSE;BottomPct=0.05"
"XMANCOZEB","home_value",0.214932835144356,0.091509767518818,FALSE,"home_value",1958,98,21,"GroupFilter=TRUE;MinGroup=10;Top=TRUE;TopPct=0.05;Bottom=FALSE;BottomPct=0.05"
"XMANCOZEB","rent",0.252146432565472,0.0454527599761542,TRUE,"rent",1958,98,21,"GroupFilter=TRUE;MinGroup=10;Top=TRUE;TopPct=0.05;Bottom=FALSE;BottomPct=0.05"
"XMANCOZEB","Poverty_150",0.136987785194673,0.329907419361843,FALSE,"Poverty_150",1958,98,21,"GroupFilter=TRUE;MinGroup=10;Top=TRUE;TopPct=0.05;Bottom=FALSE;BottomPct=0.05"
"XMANCOZEB","Unemployed",0.127239026170485,0.336426457788433,FALSE,"Unemployed",1958,98,21,"GroupFilter=TRUE;MinGroup=10;Top=TRUE;TopPct=0.05;Bottom=FALSE;BottomPct=0.05"
"XMANCOZEB","Working_class",0.168459975122615,0.181272463736815,FALSE,"Working_class",1958,98,21,"GroupFilter=TRUE;MinGroup=10;Top=TRUE;TopPct=0.05;Bottom=FALSE;BottomPct=0.05"
"XMANCOZEB","Combined_SES",0.275534245784567,0.0267338272403077,TRUE,"Education.index, home_value, rent",1958,98,21,"GroupFilter=TRUE;MinGroup=10;Top=TRUE;TopPct=0.05;Bottom=FALSE;BottomPct=0.05"
"XMANEB","NULL",0.150496468394418,0.309699908318434,FALSE,"",332,24,21,"GroupFilter=TRUE;MinGroup=10;Top=TRUE;TopPct=0.05;Bottom=FALSE;BottomPct=0.05"
"XMANEB","Education.index",0.281835961004619,0.0403663579979542,TRUE,"Education.index",332,24,21,"GroupFilter=TRUE;MinGroup=10;Top=TRUE;TopPct=0.05;Bottom=FALSE;BottomPct=0.05"
"XMANEB","Income",0.183544483460731,0.270949047633465,FALSE,"Income",332,24,21,"GroupFilter=TRUE;MinGroup=10;Top=TRUE;TopPct=0.05;Bottom=FALSE;BottomPct=0.05"
"XMANEB","home_value",0.180830815902089,0.254350779924217,FALSE,"home_value",332,24,21,"GroupFilter=TRUE;MinGroup=10;Top=TRUE;TopPct=0.05;Bottom=FALSE;BottomPct=0.05"
"XMANEB","rent",0.176387573307443,0.276075548040541,FALSE,"rent",332,24,21,"GroupFilter=TRUE;MinGroup=10;Top=TRUE;TopPct=0.05;Bottom=FALSE;BottomPct=0.05"
"XMANEB","Poverty_150",0.179045045848526,0.254303773929588,FALSE,"Poverty_150",332,24,21,"GroupFilter=TRUE;MinGroup=10;Top=TRUE;TopPct=0.05;Bottom=FALSE;BottomPct=0.05"
"XMANEB","Unemployed",0.13915688949844,0.35672844905456,FALSE,"Unemployed",332,24,21,"GroupFilter=TRUE;MinGroup=10;Top=TRUE;TopPct=0.05;Bottom=FALSE;BottomPct=0.05"
"XMANEB","Working_class",0.165023311875097,0.283220326888664,FALSE,"Working_class",332,24,21,"GroupFilter=TRUE;MinGroup=10;Top=TRUE;TopPct=0.05;Bottom=FALSE;BottomPct=0.05"
"XMANEB","Combined_SES",0.281835961004619,0.0403663579979542,TRUE,"Education.index",332,24,21,"GroupFilter=TRUE;MinGroup=10;Top=TRUE;TopPct=0.05;Bottom=FALSE;BottomPct=0.05"
"XMCPA","NULL",0.00632225926084077,0.964370259920984,FALSE,"",1455,85,21,"GroupFilter=TRUE;MinGroup=10;Top=TRUE;TopPct=0.05;Bottom=FALSE;BottomPct=0.05"
"XMCPA","Education.index",0.11317994581475,0.430012556983085,FALSE,"Education.index",1455,85,21,"GroupFilter=TRUE;MinGroup=10;Top=TRUE;TopPct=0.05;Bottom=FALSE;BottomPct=0.05"
"XMCPA","Income",0.0406204423796981,0.780838386526879,FALSE,"Income",1455,85,21,"GroupFilter=TRUE;MinGroup=10;Top=TRUE;TopPct=0.05;Bottom=FALSE;BottomPct=0.05"
"XMCPA","home_value",0.0564430925524917,0.690620810894087,FALSE,"home_value",1455,85,21,"GroupFilter=TRUE;MinGroup=10;Top=TRUE;TopPct=0.05;Bottom=FALSE;BottomPct=0.05"
"XMCPA","rent",0.0891072697138408,0.526312880307384,FALSE,"rent",1455,85,21,"GroupFilter=TRUE;MinGroup=10;Top=TRUE;TopPct=0.05;Bottom=FALSE;BottomPct=0.05"
"XMCPA","Poverty_150",-0.0283723310812922,0.845084756622374,FALSE,"Poverty_150",1455,85,21,"GroupFilter=TRUE;MinGroup=10;Top=TRUE;TopPct=0.05;Bottom=FALSE;BottomPct=0.05"
"XMCPA","Unemployed",-0.0141724400259878,0.92038636239714,FALSE,"Unemployed",1455,85,21,"GroupFilter=TRUE;MinGroup=10;Top=TRUE;TopPct=0.05;Bottom=FALSE;BottomPct=0.05"
"XMCPA","Working_class",0.0206047158254332,0.884173229511485,FALSE,"Working_class",1455,85,21,"GroupFilter=TRUE;MinGroup=10;Top=TRUE;TopPct=0.05;Bottom=FALSE;BottomPct=0.05"
"XMCPA","Combined_SES",0.117746968900751,0.408391400147265,FALSE,"Education.index, home_value, rent",1455,85,21,"GroupFilter=TRUE;MinGroup=10;Top=TRUE;TopPct=0.05;Bottom=FALSE;BottomPct=0.05"
"XMCPB","NULL",0.263892331468351,0.777877550719839,FALSE,"",125,10,20,"GroupFilter=TRUE;MinGroup=10;Top=TRUE;TopPct=0.05;Bottom=FALSE;BottomPct=0.05"
"XMCPB","Education.index",0.157634600976611,0.859096544715118,FALSE,"Education.index",125,10,20,"GroupFilter=TRUE;MinGroup=10;Top=TRUE;TopPct=0.05;Bottom=FALSE;BottomPct=0.05"
"XMCPB","Income",0.24661794579982,0.794777508174965,FALSE,"Income",125,10,20,"GroupFilter=TRUE;MinGroup=10;Top=TRUE;TopPct=0.05;Bottom=FALSE;BottomPct=0.05"
"XMCPB","home_value",0.29943870774411,0.754105395907257,FALSE,"home_value",125,10,20,"GroupFilter=TRUE;MinGroup=10;Top=TRUE;TopPct=0.05;Bottom=FALSE;BottomPct=0.05"
"XMCPB","rent",0.289703450882995,0.750628100793094,FALSE,"rent",125,10,20,"GroupFilter=TRUE;MinGroup=10;Top=TRUE;TopPct=0.05;Bottom=FALSE;BottomPct=0.05"
"XMCPB","Poverty_150",0.252829743111333,0.794440077812702,FALSE,"Poverty_150",125,10,20,"GroupFilter=TRUE;MinGroup=10;Top=TRUE;TopPct=0.05;Bottom=FALSE;BottomPct=0.05"
"XMCPB","Unemployed",0.317026300664952,0.735545859544383,FALSE,"Unemployed",125,10,20,"GroupFilter=TRUE;MinGroup=10;Top=TRUE;TopPct=0.05;Bottom=FALSE;BottomPct=0.05"
"XMCPB","Working_class",0.340730459129836,0.723624426468177,FALSE,"Working_class",125,10,20,"GroupFilter=TRUE;MinGroup=10;Top=TRUE;TopPct=0.05;Bottom=FALSE;BottomPct=0.05"
"XMECOPROP","NULL",-1.15059383658039,0.461261455697617,FALSE,"",76,8,10,"GroupFilter=TRUE;MinGroup=10;Top=TRUE;TopPct=0.05;Bottom=FALSE;BottomPct=0.05"
"XMECOPROP","Education.index",-1.27794308514363,0.422364326287332,FALSE,"Education.index",76,8,10,"GroupFilter=TRUE;MinGroup=10;Top=TRUE;TopPct=0.05;Bottom=FALSE;BottomPct=0.05"
"XMECOPROP","Income",-1.95279604361727,0.205780561945035,FALSE,"Income",76,8,10,"GroupFilter=TRUE;MinGroup=10;Top=TRUE;TopPct=0.05;Bottom=FALSE;BottomPct=0.05"
"XMECOPROP","home_value",-1.62313734007219,0.282531854575356,FALSE,"home_value",76,8,10,"GroupFilter=TRUE;MinGroup=10;Top=TRUE;TopPct=0.05;Bottom=FALSE;BottomPct=0.05"
"XMECOPROP","rent",-2.30413265580799,0.150335704188526,FALSE,"rent",76,8,10,"GroupFilter=TRUE;MinGroup=10;Top=TRUE;TopPct=0.05;Bottom=FALSE;BottomPct=0.05"
"XMECOPROP","Poverty_150",-1.24269604513221,0.418261467647077,FALSE,"Poverty_150",76,8,10,"GroupFilter=TRUE;MinGroup=10;Top=TRUE;TopPct=0.05;Bottom=FALSE;BottomPct=0.05"
"XMECOPROP","Unemployed",-0.897847573123604,0.5640597495564,FALSE,"Unemployed",76,8,10,"GroupFilter=TRUE;MinGroup=10;Top=TRUE;TopPct=0.05;Bottom=FALSE;BottomPct=0.05"
"XMECOPROP","Working_class",-1.1506464815595,0.468079883532374,FALSE,"Working_class",76,8,10,"GroupFilter=TRUE;MinGroup=10;Top=TRUE;TopPct=0.05;Bottom=FALSE;BottomPct=0.05"
"XMECOPROP","Combined_SES",-1.70719456615453,0.310011713863317,FALSE,"Income, home_value, rent",76,8,10,"GroupFilter=TRUE;MinGroup=10;Top=TRUE;TopPct=0.05;Bottom=FALSE;BottomPct=0.05"
"XMEPIQUAT","NULL",0.454532181449865,0.418704148216152,FALSE,"",95,5,21,"GroupFilter=TRUE;MinGroup=10;Top=TRUE;TopPct=0.05;Bottom=FALSE;BottomPct=0.05"
"XMEPIQUAT","Education.index",0.474471956640118,0.459387928927828,FALSE,"Education.index",95,5,21,"GroupFilter=TRUE;MinGroup=10;Top=TRUE;TopPct=0.05;Bottom=FALSE;BottomPct=0.05"
"XMEPIQUAT","Income",0.748564597394013,0.258242427469866,FALSE,"Income",95,5,21,"GroupFilter=TRUE;MinGroup=10;Top=TRUE;TopPct=0.05;Bottom=FALSE;BottomPct=0.05"
"XMEPIQUAT","home_value",0.144747426369451,0.802043525271286,FALSE,"home_value",95,5,21,"GroupFilter=TRUE;MinGroup=10;Top=TRUE;TopPct=0.05;Bottom=FALSE;BottomPct=0.05"
"XMEPIQUAT","rent",0.336251636762961,0.53852973444996,FALSE,"rent",95,5,21,"GroupFilter=TRUE;MinGroup=10;Top=TRUE;TopPct=0.05;Bottom=FALSE;BottomPct=0.05"
"XMEPIQUAT","Poverty_150",0.697004280894876,0.357405771413044,FALSE,"Poverty_150",95,5,21,"GroupFilter=TRUE;MinGroup=10;Top=TRUE;TopPct=0.05;Bottom=FALSE;BottomPct=0.05"
"XMEPIQUAT","Unemployed",0.818952078633201,0.161346127345333,FALSE,"Unemployed",95,5,21,"GroupFilter=TRUE;MinGroup=10;Top=TRUE;TopPct=0.05;Bottom=FALSE;BottomPct=0.05"
"XMEPIQUAT","Working_class",-0.301151822657881,0.643296679663021,FALSE,"Working_class",95,5,21,"GroupFilter=TRUE;MinGroup=10;Top=TRUE;TopPct=0.05;Bottom=FALSE;BottomPct=0.05"
"XMEPIQUAT","Combined_SES",0.245180056206807,0.71574802056423,FALSE,"rent, Poverty_150, Unemployed, Working_class",95,5,21,"GroupFilter=TRUE;MinGroup=10;Top=TRUE;TopPct=0.05;Bottom=FALSE;BottomPct=0.05"
"XMETALAXYL","NULL",0.130421768709759,0.445666681000181,FALSE,"",906,75,20,"GroupFilter=TRUE;MinGroup=10;Top=TRUE;TopPct=0.05;Bottom=FALSE;BottomPct=0.05"
"XMETALAXYL","Education.index",0.0877302074238192,0.609038031069172,FALSE,"Education.index",906,75,20,"GroupFilter=TRUE;MinGroup=10;Top=TRUE;TopPct=0.05;Bottom=FALSE;BottomPct=0.05"
"XMETALAXYL","Income",0.105428353073021,0.539898952423886,FALSE,"Income",906,75,20,"GroupFilter=TRUE;MinGroup=10;Top=TRUE;TopPct=0.05;Bottom=FALSE;BottomPct=0.05"
"XMETALAXYL","home_value",0.0396096917075623,0.824557563164359,FALSE,"home_value",906,75,20,"GroupFilter=TRUE;MinGroup=10;Top=TRUE;TopPct=0.05;Bottom=FALSE;BottomPct=0.05"
"XMETALAXYL","rent",0.00715982422238292,0.967761182404408,FALSE,"rent",906,75,20,"GroupFilter=TRUE;MinGroup=10;Top=TRUE;TopPct=0.05;Bottom=FALSE;BottomPct=0.05"
"XMETALAXYL","Poverty_150",0.131326770661569,0.447166637721406,FALSE,"Poverty_150",906,75,20,"GroupFilter=TRUE;MinGroup=10;Top=TRUE;TopPct=0.05;Bottom=FALSE;BottomPct=0.05"
"XMETALAXYL","Unemployed",0.11975845773536,0.511677008092486,FALSE,"Unemployed",906,75,20,"GroupFilter=TRUE;MinGroup=10;Top=TRUE;TopPct=0.05;Bottom=FALSE;BottomPct=0.05"
"XMETALAXYL","Working_class",0.109228988186091,0.523874201650927,FALSE,"Working_class",906,75,20,"GroupFilter=TRUE;MinGroup=10;Top=TRUE;TopPct=0.05;Bottom=FALSE;BottomPct=0.05"
"XMETALAXYL","Combined_SES",0.0232323769168897,0.896217818012,FALSE,"Education.index, rent",906,75,20,"GroupFilter=TRUE;MinGroup=10;Top=TRUE;TopPct=0.05;Bottom=FALSE;BottomPct=0.05"
"XMETALDEHYDE","NULL",0.104094618459996,0.5529767040954,FALSE,"",106,9,21,"GroupFilter=TRUE;MinGroup=10;Top=TRUE;TopPct=0.05;Bottom=FALSE;BottomPct=0.05"
"XMETALDEHYDE","Education.index",0.102467918242379,0.577316677950106,FALSE,"Education.index",106,9,21,"GroupFilter=TRUE;MinGroup=10;Top=TRUE;TopPct=0.05;Bottom=FALSE;BottomPct=0.05"
"XMETALDEHYDE","Income",0.0507802657626921,0.796071391643377,FALSE,"Income",106,9,21,"GroupFilter=TRUE;MinGroup=10;Top=TRUE;TopPct=0.05;Bottom=FALSE;BottomPct=0.05"
"XMETALDEHYDE","home_value",0.1012414486476,0.636429589459189,FALSE,"home_value",106,9,21,"GroupFilter=TRUE;MinGroup=10;Top=TRUE;TopPct=0.05;Bottom=FALSE;BottomPct=0.05"
"XMETALDEHYDE","rent",-0.00571239439967901,0.978794022516886,FALSE,"rent",106,9,21,"GroupFilter=TRUE;MinGroup=10;Top=TRUE;TopPct=0.05;Bottom=FALSE;BottomPct=0.05"
"XMETALDEHYDE","Poverty_150",0.10176023212188,0.577521167095838,FALSE,"Poverty_150",106,9,21,"GroupFilter=TRUE;MinGroup=10;Top=TRUE;TopPct=0.05;Bottom=FALSE;BottomPct=0.05"
"XMETALDEHYDE","Unemployed",0.096275145808832,0.608174717691111,FALSE,"Unemployed",106,9,21,"GroupFilter=TRUE;MinGroup=10;Top=TRUE;TopPct=0.05;Bottom=FALSE;BottomPct=0.05"
"XMETALDEHYDE","Working_class",0.115688922930591,0.533410966988418,FALSE,"Working_class",106,9,21,"GroupFilter=TRUE;MinGroup=10;Top=TRUE;TopPct=0.05;Bottom=FALSE;BottomPct=0.05"
"XMETALDEHYDE","Combined_SES",0.096275145808832,0.608174717691111,FALSE,"Unemployed",106,9,21,"GroupFilter=TRUE;MinGroup=10;Top=TRUE;TopPct=0.05;Bottom=FALSE;BottomPct=0.05"
"XMETAM","NULL",0.0764473343937895,0.57455396192063,FALSE,"",670,36,21,"GroupFilter=TRUE;MinGroup=10;Top=TRUE;TopPct=0.05;Bottom=FALSE;BottomPct=0.05"
"XMETAM","Education.index",0.242269943654494,0.0600559775262901,FALSE,"Education.index",670,36,21,"GroupFilter=TRUE;MinGroup=10;Top=TRUE;TopPct=0.05;Bottom=FALSE;BottomPct=0.05"
"XMETAM","Income",0.229322184715229,0.107701103248569,FALSE,"Income",670,36,21,"GroupFilter=TRUE;MinGroup=10;Top=TRUE;TopPct=0.05;Bottom=FALSE;BottomPct=0.05"
"XMETAM","home_value",0.102729296769652,0.48672646043835,FALSE,"home_value",670,36,21,"GroupFilter=TRUE;MinGroup=10;Top=TRUE;TopPct=0.05;Bottom=FALSE;BottomPct=0.05"
"XMETAM","rent",0.105830539796309,0.476655413103507,FALSE,"rent",670,36,21,"GroupFilter=TRUE;MinGroup=10;Top=TRUE;TopPct=0.05;Bottom=FALSE;BottomPct=0.05"
"XMETAM","Poverty_150",0.245301067775259,0.0559100573154536,FALSE,"Poverty_150",670,36,21,"GroupFilter=TRUE;MinGroup=10;Top=TRUE;TopPct=0.05;Bottom=FALSE;BottomPct=0.05"
"XMETAM","Unemployed",0.139692844293504,0.253751140978044,FALSE,"Unemployed",670,36,21,"GroupFilter=TRUE;MinGroup=10;Top=TRUE;TopPct=0.05;Bottom=FALSE;BottomPct=0.05"
"XMETAM","Working_class",0.0867564740809649,0.527909456966739,FALSE,"Working_class",670,36,21,"GroupFilter=TRUE;MinGroup=10;Top=TRUE;TopPct=0.05;Bottom=FALSE;BottomPct=0.05"
"XMETAM","Combined_SES",0.247543441939408,0.0690107689712264,FALSE,"Education.index, Income, Poverty_150, Unemployed",670,36,21,"GroupFilter=TRUE;MinGroup=10;Top=TRUE;TopPct=0.05;Bottom=FALSE;BottomPct=0.05"
"XMETHAMIDOPHOS","NULL",-0.0649957115443949,0.649199913650737,FALSE,"",666,38,20,"GroupFilter=TRUE;MinGroup=10;Top=TRUE;TopPct=0.05;Bottom=FALSE;BottomPct=0.05"
"XMETHAMIDOPHOS","Education.index",0.00879085077245145,0.948294588889348,FALSE,"Education.index",666,38,20,"GroupFilter=TRUE;MinGroup=10;Top=TRUE;TopPct=0.05;Bottom=FALSE;BottomPct=0.05"
"XMETHAMIDOPHOS","Income",-0.0782440861361785,0.588436957906905,FALSE,"Income",666,38,20,"GroupFilter=TRUE;MinGroup=10;Top=TRUE;TopPct=0.05;Bottom=FALSE;BottomPct=0.05"
"XMETHAMIDOPHOS","home_value",-0.0780548595334844,0.591255731057562,FALSE,"home_value",666,38,20,"GroupFilter=TRUE;MinGroup=10;Top=TRUE;TopPct=0.05;Bottom=FALSE;BottomPct=0.05"
"XMETHAMIDOPHOS","rent",-0.0774369990961558,0.592261065430279,FALSE,"rent",666,38,20,"GroupFilter=TRUE;MinGroup=10;Top=TRUE;TopPct=0.05;Bottom=FALSE;BottomPct=0.05"
"XMETHAMIDOPHOS","Poverty_150",-0.0594010355795648,0.682545608678036,FALSE,"Poverty_150",666,38,20,"GroupFilter=TRUE;MinGroup=10;Top=TRUE;TopPct=0.05;Bottom=FALSE;BottomPct=0.05"
"XMETHAMIDOPHOS","Unemployed",-0.0596756808030125,0.67699737551311,FALSE,"Unemployed",666,38,20,"GroupFilter=TRUE;MinGroup=10;Top=TRUE;TopPct=0.05;Bottom=FALSE;BottomPct=0.05"
"XMETHAMIDOPHOS","Working_class",-0.0507796747121256,0.72175598685476,FALSE,"Working_class",666,38,20,"GroupFilter=TRUE;MinGroup=10;Top=TRUE;TopPct=0.05;Bottom=FALSE;BottomPct=0.05"
"XMETHAMIDOPHOS","Combined_SES",0.00879085077245145,0.948294588889348,FALSE,"Education.index",666,38,20,"GroupFilter=TRUE;MinGroup=10;Top=TRUE;TopPct=0.05;Bottom=FALSE;BottomPct=0.05"
"XMETHIDATHION","NULL",0.263889321754904,0.489874916484034,FALSE,"",182,12,18,"GroupFilter=TRUE;MinGroup=10;Top=TRUE;TopPct=0.05;Bottom=FALSE;BottomPct=0.05"
"XMETHIDATHION","Education.index",0.261596914114837,0.496712776842011,FALSE,"Education.index",182,12,18,"GroupFilter=TRUE;MinGroup=10;Top=TRUE;TopPct=0.05;Bottom=FALSE;BottomPct=0.05"
"XMETHIDATHION","Income",0.256516749351602,0.503662629697385,FALSE,"Income",182,12,18,"GroupFilter=TRUE;MinGroup=10;Top=TRUE;TopPct=0.05;Bottom=FALSE;BottomPct=0.05"
"XMETHIDATHION","home_value",0.260231171851124,0.496879352958462,FALSE,"home_value",182,12,18,"GroupFilter=TRUE;MinGroup=10;Top=TRUE;TopPct=0.05;Bottom=FALSE;BottomPct=0.05"
"XMETHIDATHION","rent",0.257669281075597,0.501550922674006,FALSE,"rent",182,12,18,"GroupFilter=TRUE;MinGroup=10;Top=TRUE;TopPct=0.05;Bottom=FALSE;BottomPct=0.05"
"XMETHIDATHION","Poverty_150",0.240853942585691,0.542255176078647,FALSE,"Poverty_150",182,12,18,"GroupFilter=TRUE;MinGroup=10;Top=TRUE;TopPct=0.05;Bottom=FALSE;BottomPct=0.05"
"XMETHIDATHION","Unemployed",0.189913208295405,0.629233313244555,FALSE,"Unemployed",182,12,18,"GroupFilter=TRUE;MinGroup=10;Top=TRUE;TopPct=0.05;Bottom=FALSE;BottomPct=0.05"
"XMETHIDATHION","Working_class",0.232347836624077,0.547930238592483,FALSE,"Working_class",182,12,18,"GroupFilter=TRUE;MinGroup=10;Top=TRUE;TopPct=0.05;Bottom=FALSE;BottomPct=0.05"
"XMETHOMYL","NULL",-0.0405617001728774,0.778723567287999,FALSE,"",1028,58,21,"GroupFilter=TRUE;MinGroup=10;Top=TRUE;TopPct=0.05;Bottom=FALSE;BottomPct=0.05"
"XMETHOMYL","Education.index",-0.0292870949869616,0.837576092258055,FALSE,"Education.index",1028,58,21,"GroupFilter=TRUE;MinGroup=10;Top=TRUE;TopPct=0.05;Bottom=FALSE;BottomPct=0.05"
"XMETHOMYL","Income",-0.0321182501257591,0.831543494133513,FALSE,"Income",1028,58,21,"GroupFilter=TRUE;MinGroup=10;Top=TRUE;TopPct=0.05;Bottom=FALSE;BottomPct=0.05"
"XMETHOMYL","home_value",-0.00370582198413775,0.980112010123853,FALSE,"home_value",1028,58,21,"GroupFilter=TRUE;MinGroup=10;Top=TRUE;TopPct=0.05;Bottom=FALSE;BottomPct=0.05"
"XMETHOMYL","rent",0.0336773074255444,0.820977002026584,FALSE,"rent",1028,58,21,"GroupFilter=TRUE;MinGroup=10;Top=TRUE;TopPct=0.05;Bottom=FALSE;BottomPct=0.05"
"XMETHOMYL","Poverty_150",-0.0552137073928259,0.70594493330249,FALSE,"Poverty_150",1028,58,21,"GroupFilter=TRUE;MinGroup=10;Top=TRUE;TopPct=0.05;Bottom=FALSE;BottomPct=0.05"
"XMETHOMYL","Unemployed",-0.0432756507017608,0.764152767470661,FALSE,"Unemployed",1028,58,21,"GroupFilter=TRUE;MinGroup=10;Top=TRUE;TopPct=0.05;Bottom=FALSE;BottomPct=0.05"
"XMETHOMYL","Working_class",-0.0152398736861246,0.917866664925771,FALSE,"Working_class",1028,58,21,"GroupFilter=TRUE;MinGroup=10;Top=TRUE;TopPct=0.05;Bottom=FALSE;BottomPct=0.05"
"XMETHYLBROMIDE","NULL",0.0346252517255681,0.816941247866071,FALSE,"",198,15,21,"GroupFilter=TRUE;MinGroup=10;Top=TRUE;TopPct=0.05;Bottom=FALSE;BottomPct=0.05"
"XMETHYLBROMIDE","Education.index",0.0108635147651912,0.945710281948847,FALSE,"Education.index",198,15,21,"GroupFilter=TRUE;MinGroup=10;Top=TRUE;TopPct=0.05;Bottom=FALSE;BottomPct=0.05"
"XMETHYLBROMIDE","Income",-0.0809151288209614,0.625849088077551,FALSE,"Income",198,15,21,"GroupFilter=TRUE;MinGroup=10;Top=TRUE;TopPct=0.05;Bottom=FALSE;BottomPct=0.05"
"XMETHYLBROMIDE","home_value",-0.0122848952109827,0.93753034193703,FALSE,"home_value",198,15,21,"GroupFilter=TRUE;MinGroup=10;Top=TRUE;TopPct=0.05;Bottom=FALSE;BottomPct=0.05"
"XMETHYLBROMIDE","rent",-0.0668313542155765,0.681578212114154,FALSE,"rent",198,15,21,"GroupFilter=TRUE;MinGroup=10;Top=TRUE;TopPct=0.05;Bottom=FALSE;BottomPct=0.05"
"XMETHYLBROMIDE","Poverty_150",0.00620635275718888,0.968886254679424,FALSE,"Poverty_150",198,15,21,"GroupFilter=TRUE;MinGroup=10;Top=TRUE;TopPct=0.05;Bottom=FALSE;BottomPct=0.05"
"XMETHYLBROMIDE","Unemployed",0.0201834917821491,0.899164886832491,FALSE,"Unemployed",198,15,21,"GroupFilter=TRUE;MinGroup=10;Top=TRUE;TopPct=0.05;Bottom=FALSE;BottomPct=0.05"
"XMETHYLBROMIDE","Working_class",-0.0266001962789493,0.866208450751297,FALSE,"Working_class",198,15,21,"GroupFilter=TRUE;MinGroup=10;Top=TRUE;TopPct=0.05;Bottom=FALSE;BottomPct=0.05"
"XMETHYLPARATHION","NULL",0.210806176302277,0.0382811602349007,TRUE,"",1554,97,21,"GroupFilter=TRUE;MinGroup=10;Top=TRUE;TopPct=0.05;Bottom=FALSE;BottomPct=0.05"
"XMETHYLPARATHION","Education.index",0.187140163130664,0.0586418365367027,FALSE,"Education.index",1554,97,21,"GroupFilter=TRUE;MinGroup=10;Top=TRUE;TopPct=0.05;Bottom=FALSE;BottomPct=0.05"
"XMETHYLPARATHION","Income",0.219636884241238,0.029763424730175,TRUE,"Income",1554,97,21,"GroupFilter=TRUE;MinGroup=10;Top=TRUE;TopPct=0.05;Bottom=FALSE;BottomPct=0.05"
"XMETHYLPARATHION","home_value",0.168103686759479,0.104383155520475,FALSE,"home_value",1554,97,21,"GroupFilter=TRUE;MinGroup=10;Top=TRUE;TopPct=0.05;Bottom=FALSE;BottomPct=0.05"
"XMETHYLPARATHION","rent",0.152554019606307,0.138393756739698,FALSE,"rent",1554,97,21,"GroupFilter=TRUE;MinGroup=10;Top=TRUE;TopPct=0.05;Bottom=FALSE;BottomPct=0.05"
"XMETHYLPARATHION","Poverty_150",0.221978561544841,0.0385677366225082,TRUE,"Poverty_150",1554,97,21,"GroupFilter=TRUE;MinGroup=10;Top=TRUE;TopPct=0.05;Bottom=FALSE;BottomPct=0.05"
"XMETHYLPARATHION","Unemployed",0.160092651102669,0.16507140617905,FALSE,"Unemployed",1554,97,21,"GroupFilter=TRUE;MinGroup=10;Top=TRUE;TopPct=0.05;Bottom=FALSE;BottomPct=0.05"
"XMETHYLPARATHION","Working_class",0.175130806972432,0.0923986435527083,FALSE,"Working_class",1554,97,21,"GroupFilter=TRUE;MinGroup=10;Top=TRUE;TopPct=0.05;Bottom=FALSE;BottomPct=0.05"
"XMETHYLPARATHION","Combined_SES",0.1663790659224,0.102481162385087,FALSE,"Education.index, rent",1554,97,21,"GroupFilter=TRUE;MinGroup=10;Top=TRUE;TopPct=0.05;Bottom=FALSE;BottomPct=0.05"
"XMETIRAM","NULL",0.147902095127678,0.32845745673953,FALSE,"",1407,81,21,"GroupFilter=TRUE;MinGroup=10;Top=TRUE;TopPct=0.05;Bottom=FALSE;BottomPct=0.05"
"XMETIRAM","Education.index",0.115801271285112,0.420782626762916,FALSE,"Education.index",1407,81,21,"GroupFilter=TRUE;MinGroup=10;Top=TRUE;TopPct=0.05;Bottom=FALSE;BottomPct=0.05"
"XMETIRAM","Income",0.171363459717938,0.254983787312163,FALSE,"Income",1407,81,21,"GroupFilter=TRUE;MinGroup=10;Top=TRUE;TopPct=0.05;Bottom=FALSE;BottomPct=0.05"
"XMETIRAM","home_value",0.134787879636455,0.36435893284752,FALSE,"home_value",1407,81,21,"GroupFilter=TRUE;MinGroup=10;Top=TRUE;TopPct=0.05;Bottom=FALSE;BottomPct=0.05"
"XMETIRAM","rent",0.130569892488741,0.375952601671471,FALSE,"rent",1407,81,21,"GroupFilter=TRUE;MinGroup=10;Top=TRUE;TopPct=0.05;Bottom=FALSE;BottomPct=0.05"
"XMETIRAM","Poverty_150",0.164853500349353,0.296066758349319,FALSE,"Poverty_150",1407,81,21,"GroupFilter=TRUE;MinGroup=10;Top=TRUE;TopPct=0.05;Bottom=FALSE;BottomPct=0.05"
"XMETIRAM","Unemployed",0.124994215880931,0.427050038320659,FALSE,"Unemployed",1407,81,21,"GroupFilter=TRUE;MinGroup=10;Top=TRUE;TopPct=0.05;Bottom=FALSE;BottomPct=0.05"
"XMETIRAM","Working_class",0.149335713047842,0.321759396930438,FALSE,"Working_class",1407,81,21,"GroupFilter=TRUE;MinGroup=10;Top=TRUE;TopPct=0.05;Bottom=FALSE;BottomPct=0.05"
"XMETIRAM","Combined_SES",0.11470184544829,0.426967896629872,FALSE,"Education.index, home_value, rent",1407,81,21,"GroupFilter=TRUE;MinGroup=10;Top=TRUE;TopPct=0.05;Bottom=FALSE;BottomPct=0.05"
"XMETOLACHLOR","NULL",0.31691930276722,0.000558018474907509,TRUE,"",1664,100,21,"GroupFilter=TRUE;MinGroup=10;Top=TRUE;TopPct=0.05;Bottom=FALSE;BottomPct=0.05"
"XMETOLACHLOR","Education.index",0.297051070738727,0.00127194384209183,TRUE,"Education.index",1664,100,21,"GroupFilter=TRUE;MinGroup=10;Top=TRUE;TopPct=0.05;Bottom=FALSE;BottomPct=0.05"
"XMETOLACHLOR","Income",0.31600832790729,0.000601041981403558,TRUE,"Income",1664,100,21,"GroupFilter=TRUE;MinGroup=10;Top=TRUE;TopPct=0.05;Bottom=FALSE;BottomPct=0.05"
"XMETOLACHLOR","home_value",0.29601417452125,0.00319779168534102,TRUE,"home_value",1664,100,21,"GroupFilter=TRUE;MinGroup=10;Top=TRUE;TopPct=0.05;Bottom=FALSE;BottomPct=0.05"
"XMETOLACHLOR","rent",0.2639150794066,0.00732415607353609,TRUE,"rent",1664,100,21,"GroupFilter=TRUE;MinGroup=10;Top=TRUE;TopPct=0.05;Bottom=FALSE;BottomPct=0.05"
"XMETOLACHLOR","Poverty_150",0.299763484903942,0.00235328565902067,TRUE,"Poverty_150",1664,100,21,"GroupFilter=TRUE;MinGroup=10;Top=TRUE;TopPct=0.05;Bottom=FALSE;BottomPct=0.05"
"XMETOLACHLOR","Unemployed",0.354593084204319,0.00179707874993412,TRUE,"Unemployed",1664,100,21,"GroupFilter=TRUE;MinGroup=10;Top=TRUE;TopPct=0.05;Bottom=FALSE;BottomPct=0.05"
"XMETOLACHLOR","Working_class",0.302705218841459,0.0014715965596423,TRUE,"Working_class",1664,100,21,"GroupFilter=TRUE;MinGroup=10;Top=TRUE;TopPct=0.05;Bottom=FALSE;BottomPct=0.05"
"XMETRIBUZIN","NULL",0.00680789668998081,0.956504454095237,FALSE,"",1954,100,21,"GroupFilter=TRUE;MinGroup=10;Top=TRUE;TopPct=0.05;Bottom=FALSE;BottomPct=0.05"
"XMETRIBUZIN","Education.index",0.0402072871613304,0.731649608339829,FALSE,"Education.index",1954,100,21,"GroupFilter=TRUE;MinGroup=10;Top=TRUE;TopPct=0.05;Bottom=FALSE;BottomPct=0.05"
"XMETRIBUZIN","Income",-2.14535770222893e-05,0.999863238699549,FALSE,"Income",1954,100,21,"GroupFilter=TRUE;MinGroup=10;Top=TRUE;TopPct=0.05;Bottom=FALSE;BottomPct=0.05"
"XMETRIBUZIN","home_value",-0.0653098434907117,0.605801231021501,FALSE,"home_value",1954,100,21,"GroupFilter=TRUE;MinGroup=10;Top=TRUE;TopPct=0.05;Bottom=FALSE;BottomPct=0.05"
"XMETRIBUZIN","rent",-0.089541209453715,0.482257438669156,FALSE,"rent",1954,100,21,"GroupFilter=TRUE;MinGroup=10;Top=TRUE;TopPct=0.05;Bottom=FALSE;BottomPct=0.05"
"XMETRIBUZIN","Poverty_150",-0.00859668595682845,0.94678208706161,FALSE,"Poverty_150",1954,100,21,"GroupFilter=TRUE;MinGroup=10;Top=TRUE;TopPct=0.05;Bottom=FALSE;BottomPct=0.05"
"XMETRIBUZIN","Unemployed",-0.0353619030706644,0.800583366052625,FALSE,"Unemployed",1954,100,21,"GroupFilter=TRUE;MinGroup=10;Top=TRUE;TopPct=0.05;Bottom=FALSE;BottomPct=0.05"
"XMETRIBUZIN","Working_class",-0.0445932080400281,0.727737626734425,FALSE,"Working_class",1954,100,21,"GroupFilter=TRUE;MinGroup=10;Top=TRUE;TopPct=0.05;Bottom=FALSE;BottomPct=0.05"
"XMETRIBUZIN","Combined_SES",0.00294506686516083,0.982088810530246,FALSE,"Education.index, home_value, rent",1954,100,21,"GroupFilter=TRUE;MinGroup=10;Top=TRUE;TopPct=0.05;Bottom=FALSE;BottomPct=0.05"
"XMETSULFURON","NULL",0.209999578319498,0.288643079144863,FALSE,"",1746,97,21,"GroupFilter=TRUE;MinGroup=10;Top=TRUE;TopPct=0.05;Bottom=FALSE;BottomPct=0.05"
"XMETSULFURON","Education.index",0.143862687899341,0.46282941376023,FALSE,"Education.index",1746,97,21,"GroupFilter=TRUE;MinGroup=10;Top=TRUE;TopPct=0.05;Bottom=FALSE;BottomPct=0.05"
"XMETSULFURON","Income",0.206829064049999,0.29576517355094,FALSE,"Income",1746,97,21,"GroupFilter=TRUE;MinGroup=10;Top=TRUE;TopPct=0.05;Bottom=FALSE;BottomPct=0.05"
"XMETSULFURON","home_value",0.145307389220342,0.464264494870156,FALSE,"home_value",1746,97,21,"GroupFilter=TRUE;MinGroup=10;Top=TRUE;TopPct=0.05;Bottom=FALSE;BottomPct=0.05"
"XMETSULFURON","rent",0.141600467054615,0.473422678150952,FALSE,"rent",1746,97,21,"GroupFilter=TRUE;MinGroup=10;Top=TRUE;TopPct=0.05;Bottom=FALSE;BottomPct=0.05"
"XMETSULFURON","Poverty_150",0.208176104687665,0.29309171534559,FALSE,"Poverty_150",1746,97,21,"GroupFilter=TRUE;MinGroup=10;Top=TRUE;TopPct=0.05;Bottom=FALSE;BottomPct=0.05"
"XMETSULFURON","Unemployed",0.199275435349945,0.317018155130734,FALSE,"Unemployed",1746,97,21,"GroupFilter=TRUE;MinGroup=10;Top=TRUE;TopPct=0.05;Bottom=FALSE;BottomPct=0.05"
"XMETSULFURON","Working_class",0.18592532895722,0.3491848907915,FALSE,"Working_class",1746,97,21,"GroupFilter=TRUE;MinGroup=10;Top=TRUE;TopPct=0.05;Bottom=FALSE;BottomPct=0.05"
"XMETSULFURON","Combined_SES",0.129891383707313,0.509130818916517,FALSE,"Education.index, rent",1746,97,21,"GroupFilter=TRUE;MinGroup=10;Top=TRUE;TopPct=0.05;Bottom=FALSE;BottomPct=0.05"
"XMSMA","NULL",0.294444884423234,0.32499908298746,FALSE,"",99,7,17,"GroupFilter=TRUE;MinGroup=10;Top=TRUE;TopPct=0.05;Bottom=FALSE;BottomPct=0.05"
"XMSMA","Education.index",0.313844454487519,0.297171896816914,FALSE,"Education.index",99,7,17,"GroupFilter=TRUE;MinGroup=10;Top=TRUE;TopPct=0.05;Bottom=FALSE;BottomPct=0.05"
"XMSMA","Income",0.288614919547749,0.338631058654986,FALSE,"Income",99,7,17,"GroupFilter=TRUE;MinGroup=10;Top=TRUE;TopPct=0.05;Bottom=FALSE;BottomPct=0.05"
"XMSMA","home_value",0.280583914085931,0.353437591332754,FALSE,"home_value",99,7,17,"GroupFilter=TRUE;MinGroup=10;Top=TRUE;TopPct=0.05;Bottom=FALSE;BottomPct=0.05"
"XMSMA","rent",0.293650858251834,0.330331392993007,FALSE,"rent",99,7,17,"GroupFilter=TRUE;MinGroup=10;Top=TRUE;TopPct=0.05;Bottom=FALSE;BottomPct=0.05"
"XMSMA","Poverty_150",0.291246444265082,0.333079667467208,FALSE,"Poverty_150",99,7,17,"GroupFilter=TRUE;MinGroup=10;Top=TRUE;TopPct=0.05;Bottom=FALSE;BottomPct=0.05"
"XMSMA","Unemployed",0.29856114748782,0.319051368555536,FALSE,"Unemployed",99,7,17,"GroupFilter=TRUE;MinGroup=10;Top=TRUE;TopPct=0.05;Bottom=FALSE;BottomPct=0.05"
"XMSMA","Working_class",0.295255029983223,0.327297094273385,FALSE,"Working_class",99,7,17,"GroupFilter=TRUE;MinGroup=10;Top=TRUE;TopPct=0.05;Bottom=FALSE;BottomPct=0.05"
"XMYCLOBUTANIL","NULL",-0.184220672251958,0.248710156879886,FALSE,"",1823,95,21,"GroupFilter=TRUE;MinGroup=10;Top=TRUE;TopPct=0.05;Bottom=FALSE;BottomPct=0.05"
"XMYCLOBUTANIL","Education.index",-0.063581755326976,0.693158273238146,FALSE,"Education.index",1823,95,21,"GroupFilter=TRUE;MinGroup=10;Top=TRUE;TopPct=0.05;Bottom=FALSE;BottomPct=0.05"
"XMYCLOBUTANIL","Income",-0.139544188791312,0.415257425891121,FALSE,"Income",1823,95,21,"GroupFilter=TRUE;MinGroup=10;Top=TRUE;TopPct=0.05;Bottom=FALSE;BottomPct=0.05"
"XMYCLOBUTANIL","home_value",-0.126536522042138,0.436745757079489,FALSE,"home_value",1823,95,21,"GroupFilter=TRUE;MinGroup=10;Top=TRUE;TopPct=0.05;Bottom=FALSE;BottomPct=0.05"
"XMYCLOBUTANIL","rent",-0.0743119755295528,0.652684384175436,FALSE,"rent",1823,95,21,"GroupFilter=TRUE;MinGroup=10;Top=TRUE;TopPct=0.05;Bottom=FALSE;BottomPct=0.05"
"XMYCLOBUTANIL","Poverty_150",-0.212451761988446,0.218075987734952,FALSE,"Poverty_150",1823,95,21,"GroupFilter=TRUE;MinGroup=10;Top=TRUE;TopPct=0.05;Bottom=FALSE;BottomPct=0.05"
"XMYCLOBUTANIL","Unemployed",-0.203830625332313,0.212098373811172,FALSE,"Unemployed",1823,95,21,"GroupFilter=TRUE;MinGroup=10;Top=TRUE;TopPct=0.05;Bottom=FALSE;BottomPct=0.05"
"XMYCLOBUTANIL","Working_class",-0.151073521957924,0.35467799791273,FALSE,"Working_class",1823,95,21,"GroupFilter=TRUE;MinGroup=10;Top=TRUE;TopPct=0.05;Bottom=FALSE;BottomPct=0.05"
"XMYCLOBUTANIL","Combined_SES",-0.0414634454869048,0.800595335769215,FALSE,"Education.index, rent",1823,95,21,"GroupFilter=TRUE;MinGroup=10;Top=TRUE;TopPct=0.05;Bottom=FALSE;BottomPct=0.05"
"XNAPHTHYLACETAMIDE","NULL",-0.0881695713741609,0.859499848854281,FALSE,"",175,14,20,"GroupFilter=TRUE;MinGroup=10;Top=TRUE;TopPct=0.05;Bottom=FALSE;BottomPct=0.05"
"XNAPHTHYLACETAMIDE","Education.index",-0.0580256776813974,0.907043375986754,FALSE,"Education.index",175,14,20,"GroupFilter=TRUE;MinGroup=10;Top=TRUE;TopPct=0.05;Bottom=FALSE;BottomPct=0.05"
"XNAPHTHYLACETAMIDE","Income",-0.109725377398312,0.825560434623954,FALSE,"Income",175,14,20,"GroupFilter=TRUE;MinGroup=10;Top=TRUE;TopPct=0.05;Bottom=FALSE;BottomPct=0.05"
"XNAPHTHYLACETAMIDE","home_value",-0.0936366227746203,0.851378599602368,FALSE,"home_value",175,14,20,"GroupFilter=TRUE;MinGroup=10;Top=TRUE;TopPct=0.05;Bottom=FALSE;BottomPct=0.05"
"XNAPHTHYLACETAMIDE","rent",-0.0940715884963677,0.850908200975277,FALSE,"rent",175,14,20,"GroupFilter=TRUE;MinGroup=10;Top=TRUE;TopPct=0.05;Bottom=FALSE;BottomPct=0.05"
"XNAPHTHYLACETAMIDE","Poverty_150",-0.143114313785072,0.775265655958435,FALSE,"Poverty_150",175,14,20,"GroupFilter=TRUE;MinGroup=10;Top=TRUE;TopPct=0.05;Bottom=FALSE;BottomPct=0.05"
"XNAPHTHYLACETAMIDE","Unemployed",-0.18775234459147,0.710090964434134,FALSE,"Unemployed",175,14,20,"GroupFilter=TRUE;MinGroup=10;Top=TRUE;TopPct=0.05;Bottom=FALSE;BottomPct=0.05"
"XNAPHTHYLACETAMIDE","Working_class",-0.0366854803323635,0.941688501776918,FALSE,"Working_class",175,14,20,"GroupFilter=TRUE;MinGroup=10;Top=TRUE;TopPct=0.05;Bottom=FALSE;BottomPct=0.05"
"XNAPHTHYLACETICACID","NULL",-0.0345809369833151,0.886305653844224,FALSE,"",1051,65,21,"GroupFilter=TRUE;MinGroup=10;Top=TRUE;TopPct=0.05;Bottom=FALSE;BottomPct=0.05"
"XNAPHTHYLACETICACID","Education.index",0.20081570752534,0.397319733952239,FALSE,"Education.index",1051,65,21,"GroupFilter=TRUE;MinGroup=10;Top=TRUE;TopPct=0.05;Bottom=FALSE;BottomPct=0.05"
"XNAPHTHYLACETICACID","Income",-0.115762812745506,0.665345669464556,FALSE,"Income",1051,65,21,"GroupFilter=TRUE;MinGroup=10;Top=TRUE;TopPct=0.05;Bottom=FALSE;BottomPct=0.05"
"XNAPHTHYLACETICACID","home_value",0.0190108380358414,0.93978677283457,FALSE,"home_value",1051,65,21,"GroupFilter=TRUE;MinGroup=10;Top=TRUE;TopPct=0.05;Bottom=FALSE;BottomPct=0.05"
"XNAPHTHYLACETICACID","rent",0.0346082345404027,0.893030350715786,FALSE,"rent",1051,65,21,"GroupFilter=TRUE;MinGroup=10;Top=TRUE;TopPct=0.05;Bottom=FALSE;BottomPct=0.05"
"XNAPHTHYLACETICACID","Poverty_150",-0.171127169490714,0.533268986159506,FALSE,"Poverty_150",1051,65,21,"GroupFilter=TRUE;MinGroup=10;Top=TRUE;TopPct=0.05;Bottom=FALSE;BottomPct=0.05"
"XNAPHTHYLACETICACID","Unemployed",-0.0857822285415891,0.731500449870665,FALSE,"Unemployed",1051,65,21,"GroupFilter=TRUE;MinGroup=10;Top=TRUE;TopPct=0.05;Bottom=FALSE;BottomPct=0.05"
"XNAPHTHYLACETICACID","Working_class",-0.0382035898308228,0.877973033595913,FALSE,"Working_class",1051,65,21,"GroupFilter=TRUE;MinGroup=10;Top=TRUE;TopPct=0.05;Bottom=FALSE;BottomPct=0.05"
"XNAPHTHYLACETICACID","Combined_SES",0.20081570752534,0.397319733952239,FALSE,"Education.index",1051,65,21,"GroupFilter=TRUE;MinGroup=10;Top=TRUE;TopPct=0.05;Bottom=FALSE;BottomPct=0.05"
"XNAPROPAMIDE","NULL",-0.0511892968137048,0.774125576853277,FALSE,"",880,58,21,"GroupFilter=TRUE;MinGroup=10;Top=TRUE;TopPct=0.05;Bottom=FALSE;BottomPct=0.05"
"XNAPROPAMIDE","Education.index",-0.0142719946641295,0.937278668521011,FALSE,"Education.index",880,58,21,"GroupFilter=TRUE;MinGroup=10;Top=TRUE;TopPct=0.05;Bottom=FALSE;BottomPct=0.05"
"XNAPROPAMIDE","Income",-0.0470119406428477,0.807181034560395,FALSE,"Income",880,58,21,"GroupFilter=TRUE;MinGroup=10;Top=TRUE;TopPct=0.05;Bottom=FALSE;BottomPct=0.05"
"XNAPROPAMIDE","home_value",0.0165874295951861,0.926740903866313,FALSE,"home_value",880,58,21,"GroupFilter=TRUE;MinGroup=10;Top=TRUE;TopPct=0.05;Bottom=FALSE;BottomPct=0.05"
"XNAPROPAMIDE","rent",0.0665062288674167,0.719094910700292,FALSE,"rent",880,58,21,"GroupFilter=TRUE;MinGroup=10;Top=TRUE;TopPct=0.05;Bottom=FALSE;BottomPct=0.05"
"XNAPROPAMIDE","Poverty_150",-0.126899274955117,0.509555476749764,FALSE,"Poverty_150",880,58,21,"GroupFilter=TRUE;MinGroup=10;Top=TRUE;TopPct=0.05;Bottom=FALSE;BottomPct=0.05"
"XNAPROPAMIDE","Unemployed",-0.114098111904574,0.524204913587698,FALSE,"Unemployed",880,58,21,"GroupFilter=TRUE;MinGroup=10;Top=TRUE;TopPct=0.05;Bottom=FALSE;BottomPct=0.05"
"XNAPROPAMIDE","Working_class",-0.0247714124201367,0.89187577856095,FALSE,"Working_class",880,58,21,"GroupFilter=TRUE;MinGroup=10;Top=TRUE;TopPct=0.05;Bottom=FALSE;BottomPct=0.05"
"XNAPROPAMIDE","Combined_SES",0.0665062288674167,0.719094910700292,FALSE,"rent",880,58,21,"GroupFilter=TRUE;MinGroup=10;Top=TRUE;TopPct=0.05;Bottom=FALSE;BottomPct=0.05"
"XNAPTALAM","NULL",-0.538940984632056,0.122188623419627,FALSE,"",308,27,19,"GroupFilter=TRUE;MinGroup=10;Top=TRUE;TopPct=0.05;Bottom=FALSE;BottomPct=0.05"
"XNAPTALAM","Education.index",-0.504156322909669,0.12734152927783,FALSE,"Education.index",308,27,19,"GroupFilter=TRUE;MinGroup=10;Top=TRUE;TopPct=0.05;Bottom=FALSE;BottomPct=0.05"
"XNAPTALAM","Income",-0.455592651252907,0.192352264911656,FALSE,"Income",308,27,19,"GroupFilter=TRUE;MinGroup=10;Top=TRUE;TopPct=0.05;Bottom=FALSE;BottomPct=0.05"
"XNAPTALAM","home_value",-0.457497702126613,0.180269250865983,FALSE,"home_value",308,27,19,"GroupFilter=TRUE;MinGroup=10;Top=TRUE;TopPct=0.05;Bottom=FALSE;BottomPct=0.05"
"XNAPTALAM","rent",-0.418785777089926,0.206911300523797,FALSE,"rent",308,27,19,"GroupFilter=TRUE;MinGroup=10;Top=TRUE;TopPct=0.05;Bottom=FALSE;BottomPct=0.05"
"XNAPTALAM","Poverty_150",-0.499753650528115,0.166195712724975,FALSE,"Poverty_150",308,27,19,"GroupFilter=TRUE;MinGroup=10;Top=TRUE;TopPct=0.05;Bottom=FALSE;BottomPct=0.05"
"XNAPTALAM","Unemployed",-0.595348325160139,0.0885647602920377,FALSE,"Unemployed",308,27,19,"GroupFilter=TRUE;MinGroup=10;Top=TRUE;TopPct=0.05;Bottom=FALSE;BottomPct=0.05"
"XNAPTALAM","Working_class",-0.521072760125601,0.132502178540796,FALSE,"Working_class",308,27,19,"GroupFilter=TRUE;MinGroup=10;Top=TRUE;TopPct=0.05;Bottom=FALSE;BottomPct=0.05"
"XNAPTALAM","Combined_SES",-0.418785777089926,0.206911300523797,FALSE,"rent",308,27,19,"GroupFilter=TRUE;MinGroup=10;Top=TRUE;TopPct=0.05;Bottom=FALSE;BottomPct=0.05"
"XNICOSULFURON","NULL",0.495771095787605,5.64591385031844e-07,TRUE,"",1693,95,21,"GroupFilter=TRUE;MinGroup=10;Top=TRUE;TopPct=0.05;Bottom=FALSE;BottomPct=0.05"
"XNICOSULFURON","Education.index",0.467833597089902,2.22883213583587e-06,TRUE,"Education.index",1693,95,21,"GroupFilter=TRUE;MinGroup=10;Top=TRUE;TopPct=0.05;Bottom=FALSE;BottomPct=0.05"
"XNICOSULFURON","Income",0.499559288893992,6.00601945125075e-07,TRUE,"Income",1693,95,21,"GroupFilter=TRUE;MinGroup=10;Top=TRUE;TopPct=0.05;Bottom=FALSE;BottomPct=0.05"
"XNICOSULFURON","home_value",0.494486347317435,4.45320035504418e-06,TRUE,"home_value",1693,95,21,"GroupFilter=TRUE;MinGroup=10;Top=TRUE;TopPct=0.05;Bottom=FALSE;BottomPct=0.05"
"XNICOSULFURON","rent",0.469963874447871,1.39428767531805e-05,TRUE,"rent",1693,95,21,"GroupFilter=TRUE;MinGroup=10;Top=TRUE;TopPct=0.05;Bottom=FALSE;BottomPct=0.05"
"XNICOSULFURON","Poverty_150",0.499762645699632,2.02142765612121e-06,TRUE,"Poverty_150",1693,95,21,"GroupFilter=TRUE;MinGroup=10;Top=TRUE;TopPct=0.05;Bottom=FALSE;BottomPct=0.05"
"XNICOSULFURON","Unemployed",0.596010302122211,5.65195385118956e-07,TRUE,"Unemployed",1693,95,21,"GroupFilter=TRUE;MinGroup=10;Top=TRUE;TopPct=0.05;Bottom=FALSE;BottomPct=0.05"
"XNICOSULFURON","Working_class",0.503506886345743,8.45329028655998e-07,TRUE,"Working_class",1693,95,21,"GroupFilter=TRUE;MinGroup=10;Top=TRUE;TopPct=0.05;Bottom=FALSE;BottomPct=0.05"
"XNORFLURAZON","NULL",0.397697552372369,0.00946018770070228,TRUE,"",500,27,21,"GroupFilter=TRUE;MinGroup=10;Top=TRUE;TopPct=0.05;Bottom=FALSE;BottomPct=0.05"
"XNORFLURAZON","Education.index",0.385774291091992,0.0119792487040454,TRUE,"Education.index",500,27,21,"GroupFilter=TRUE;MinGroup=10;Top=TRUE;TopPct=0.05;Bottom=FALSE;BottomPct=0.05"
"XNORFLURAZON","Income",0.25290229507674,0.137777696070249,FALSE,"Income",500,27,21,"GroupFilter=TRUE;MinGroup=10;Top=TRUE;TopPct=0.05;Bottom=FALSE;BottomPct=0.05"
"XNORFLURAZON","home_value",0.354497352927044,0.0243600457812286,TRUE,"home_value",500,27,21,"GroupFilter=TRUE;MinGroup=10;Top=TRUE;TopPct=0.05;Bottom=FALSE;BottomPct=0.05"
"XNORFLURAZON","rent",0.342030847142299,0.0332509086542318,TRUE,"rent",500,27,21,"GroupFilter=TRUE;MinGroup=10;Top=TRUE;TopPct=0.05;Bottom=FALSE;BottomPct=0.05"
"XNORFLURAZON","Poverty_150",0.235577053820359,0.155160939468693,FALSE,"Poverty_150",500,27,21,"GroupFilter=TRUE;MinGroup=10;Top=TRUE;TopPct=0.05;Bottom=FALSE;BottomPct=0.05"
"XNORFLURAZON","Unemployed",0.340226581063682,0.0362684491856887,TRUE,"Unemployed",500,27,21,"GroupFilter=TRUE;MinGroup=10;Top=TRUE;TopPct=0.05;Bottom=FALSE;BottomPct=0.05"
"XNORFLURAZON","Working_class",0.315198770101467,0.0465794176559824,TRUE,"Working_class",500,27,21,"GroupFilter=TRUE;MinGroup=10;Top=TRUE;TopPct=0.05;Bottom=FALSE;BottomPct=0.05"
"XNORFLURAZON","Combined_SES",0.235577053820359,0.155160939468693,FALSE,"Poverty_150",500,27,21,"GroupFilter=TRUE;MinGroup=10;Top=TRUE;TopPct=0.05;Bottom=FALSE;BottomPct=0.05"
"XORYZALIN","NULL",-0.0862477111514737,0.531648853649241,FALSE,"",787,46,21,"GroupFilter=TRUE;MinGroup=10;Top=TRUE;TopPct=0.05;Bottom=FALSE;BottomPct=0.05"
"XORYZALIN","Education.index",0.0443257373279003,0.765153734920621,FALSE,"Education.index",787,46,21,"GroupFilter=TRUE;MinGroup=10;Top=TRUE;TopPct=0.05;Bottom=FALSE;BottomPct=0.05"
"XORYZALIN","Income",-0.133774481699445,0.384323408059155,FALSE,"Income",787,46,21,"GroupFilter=TRUE;MinGroup=10;Top=TRUE;TopPct=0.05;Bottom=FALSE;BottomPct=0.05"
"XORYZALIN","home_value",-0.0875952279826109,0.554067843867633,FALSE,"home_value",787,46,21,"GroupFilter=TRUE;MinGroup=10;Top=TRUE;TopPct=0.05;Bottom=FALSE;BottomPct=0.05"
"XORYZALIN","rent",-0.101045361354505,0.513765884540953,FALSE,"rent",787,46,21,"GroupFilter=TRUE;MinGroup=10;Top=TRUE;TopPct=0.05;Bottom=FALSE;BottomPct=0.05"
"XORYZALIN","Poverty_150",-0.0775339088931387,0.62098701676732,FALSE,"Poverty_150",787,46,21,"GroupFilter=TRUE;MinGroup=10;Top=TRUE;TopPct=0.05;Bottom=FALSE;BottomPct=0.05"
"XORYZALIN","Unemployed",-0.0501915140375066,0.731671971817863,FALSE,"Unemployed",787,46,21,"GroupFilter=TRUE;MinGroup=10;Top=TRUE;TopPct=0.05;Bottom=FALSE;BottomPct=0.05"
"XORYZALIN","Working_class",-0.138615999373486,0.336645001231449,FALSE,"Working_class",787,46,21,"GroupFilter=TRUE;MinGroup=10;Top=TRUE;TopPct=0.05;Bottom=FALSE;BottomPct=0.05"
"XORYZALIN","Combined_SES",0.0443257373279003,0.765153734920621,FALSE,"Education.index",787,46,21,"GroupFilter=TRUE;MinGroup=10;Top=TRUE;TopPct=0.05;Bottom=FALSE;BottomPct=0.05"
"XOXADIAZON","NULL",-0.0310605602893493,0.876908778049892,FALSE,"",54,4,21,"GroupFilter=TRUE;MinGroup=10;Top=TRUE;TopPct=0.05;Bottom=FALSE;BottomPct=0.05"
"XOXADIAZON","Education.index",-0.0156948077915843,0.940969489110889,FALSE,"Education.index",54,4,21,"GroupFilter=TRUE;MinGroup=10;Top=TRUE;TopPct=0.05;Bottom=FALSE;BottomPct=0.05"
"XOXADIAZON","Income",-0.0292302863187766,0.885979109286981,FALSE,"Income",54,4,21,"GroupFilter=TRUE;MinGroup=10;Top=TRUE;TopPct=0.05;Bottom=FALSE;BottomPct=0.05"
"XOXADIAZON","home_value",-0.0317190062354168,0.876908498247484,FALSE,"home_value",54,4,21,"GroupFilter=TRUE;MinGroup=10;Top=TRUE;TopPct=0.05;Bottom=FALSE;BottomPct=0.05"
"XOXADIAZON","rent",-0.0327330324713304,0.872958679309311,FALSE,"rent",54,4,21,"GroupFilter=TRUE;MinGroup=10;Top=TRUE;TopPct=0.05;Bottom=FALSE;BottomPct=0.05"
"XOXADIAZON","Poverty_150",0.0403534192621432,0.827062904779979,FALSE,"Poverty_150",54,4,21,"GroupFilter=TRUE;MinGroup=10;Top=TRUE;TopPct=0.05;Bottom=FALSE;BottomPct=0.05"
"XOXADIAZON","Unemployed",-0.00707594910521475,0.972273356238738,FALSE,"Unemployed",54,4,21,"GroupFilter=TRUE;MinGroup=10;Top=TRUE;TopPct=0.05;Bottom=FALSE;BottomPct=0.05"
"XOXADIAZON","Working_class",-0.0495975074788618,0.81204458613942,FALSE,"Working_class",54,4,21,"GroupFilter=TRUE;MinGroup=10;Top=TRUE;TopPct=0.05;Bottom=FALSE;BottomPct=0.05"
"XOXAMYL","NULL",0.185248015800561,0.127451678987803,FALSE,"",774,46,21,"GroupFilter=TRUE;MinGroup=10;Top=TRUE;TopPct=0.05;Bottom=FALSE;BottomPct=0.05"
"XOXAMYL","Education.index",0.208798381332234,0.0840379902002256,FALSE,"Education.index",774,46,21,"GroupFilter=TRUE;MinGroup=10;Top=TRUE;TopPct=0.05;Bottom=FALSE;BottomPct=0.05"
"XOXAMYL","Income",0.193660174883404,0.127296953417296,FALSE,"Income",774,46,21,"GroupFilter=TRUE;MinGroup=10;Top=TRUE;TopPct=0.05;Bottom=FALSE;BottomPct=0.05"
"XOXAMYL","home_value",0.183631781208546,0.146045963973372,FALSE,"home_value",774,46,21,"GroupFilter=TRUE;MinGroup=10;Top=TRUE;TopPct=0.05;Bottom=FALSE;BottomPct=0.05"
"XOXAMYL","rent",0.181023832083318,0.14998915628562,FALSE,"rent",774,46,21,"GroupFilter=TRUE;MinGroup=10;Top=TRUE;TopPct=0.05;Bottom=FALSE;BottomPct=0.05"
"XOXAMYL","Poverty_150",0.225564574173086,0.0748307673645049,FALSE,"Poverty_150",774,46,21,"GroupFilter=TRUE;MinGroup=10;Top=TRUE;TopPct=0.05;Bottom=FALSE;BottomPct=0.05"
"XOXAMYL","Unemployed",0.249342061202122,0.0365739357742641,TRUE,"Unemployed",774,46,21,"GroupFilter=TRUE;MinGroup=10;Top=TRUE;TopPct=0.05;Bottom=FALSE;BottomPct=0.05"
"XOXAMYL","Working_class",0.182937617671238,0.137579382337948,FALSE,"Working_class",774,46,21,"GroupFilter=TRUE;MinGroup=10;Top=TRUE;TopPct=0.05;Bottom=FALSE;BottomPct=0.05"
"XOXAMYL","Combined_SES",0.249342061202122,0.0365739357742641,TRUE,"Unemployed",774,46,21,"GroupFilter=TRUE;MinGroup=10;Top=TRUE;TopPct=0.05;Bottom=FALSE;BottomPct=0.05"
"XOXYDEMETONMETHYL","NULL",0.18487522627085,0.252256899422662,FALSE,"",268,14,21,"GroupFilter=TRUE;MinGroup=10;Top=TRUE;TopPct=0.05;Bottom=FALSE;BottomPct=0.05"
"XOXYDEMETONMETHYL","Education.index",0.182890951455445,0.272246511378566,FALSE,"Education.index",268,14,21,"GroupFilter=TRUE;MinGroup=10;Top=TRUE;TopPct=0.05;Bottom=FALSE;BottomPct=0.05"
"XOXYDEMETONMETHYL","Income",0.184457791772789,0.342900453889917,FALSE,"Income",268,14,21,"GroupFilter=TRUE;MinGroup=10;Top=TRUE;TopPct=0.05;Bottom=FALSE;BottomPct=0.05"
"XOXYDEMETONMETHYL","home_value",0.209592158938265,0.262806445670663,FALSE,"home_value",268,14,21,"GroupFilter=TRUE;MinGroup=10;Top=TRUE;TopPct=0.05;Bottom=FALSE;BottomPct=0.05"
"XOXYDEMETONMETHYL","rent",0.192163229233298,0.331821138956548,FALSE,"rent",268,14,21,"GroupFilter=TRUE;MinGroup=10;Top=TRUE;TopPct=0.05;Bottom=FALSE;BottomPct=0.05"
"XOXYDEMETONMETHYL","Poverty_150",0.190952699550379,0.296888913483035,FALSE,"Poverty_150",268,14,21,"GroupFilter=TRUE;MinGroup=10;Top=TRUE;TopPct=0.05;Bottom=FALSE;BottomPct=0.05"
"XOXYDEMETONMETHYL","Unemployed",0.180088480173421,0.323125406927656,FALSE,"Unemployed",268,14,21,"GroupFilter=TRUE;MinGroup=10;Top=TRUE;TopPct=0.05;Bottom=FALSE;BottomPct=0.05"
"XOXYDEMETONMETHYL","Working_class",0.156391438982259,0.369115237816312,FALSE,"Working_class",268,14,21,"GroupFilter=TRUE;MinGroup=10;Top=TRUE;TopPct=0.05;Bottom=FALSE;BottomPct=0.05"
"XOXYFLUORFEN","NULL",-0.129142278142597,0.27649335912891,FALSE,"",872,49,21,"GroupFilter=TRUE;MinGroup=10;Top=TRUE;TopPct=0.05;Bottom=FALSE;BottomPct=0.05"
"XOXYFLUORFEN","Education.index",-0.0603044874481405,0.617305665053242,FALSE,"Education.index",872,49,21,"GroupFilter=TRUE;MinGroup=10;Top=TRUE;TopPct=0.05;Bottom=FALSE;BottomPct=0.05"
"XOXYFLUORFEN","Income",-0.12011123837143,0.327671902026352,FALSE,"Income",872,49,21,"GroupFilter=TRUE;MinGroup=10;Top=TRUE;TopPct=0.05;Bottom=FALSE;BottomPct=0.05"
"XOXYFLUORFEN","home_value",-0.108798016950368,0.372553065915635,FALSE,"home_value",872,49,21,"GroupFilter=TRUE;MinGroup=10;Top=TRUE;TopPct=0.05;Bottom=FALSE;BottomPct=0.05"
"XOXYFLUORFEN","rent",-0.117795751052875,0.337497870407963,FALSE,"rent",872,49,21,"GroupFilter=TRUE;MinGroup=10;Top=TRUE;TopPct=0.05;Bottom=FALSE;BottomPct=0.05"
"XOXYFLUORFEN","Poverty_150",-0.10916088905612,0.382890083349505,FALSE,"Poverty_150",872,49,21,"GroupFilter=TRUE;MinGroup=10;Top=TRUE;TopPct=0.05;Bottom=FALSE;BottomPct=0.05"
"XOXYFLUORFEN","Unemployed",-0.0950565747905308,0.429040146562248,FALSE,"Unemployed",872,49,21,"GroupFilter=TRUE;MinGroup=10;Top=TRUE;TopPct=0.05;Bottom=FALSE;BottomPct=0.05"
"XOXYFLUORFEN","Working_class",-0.129574448259069,0.278428103666791,FALSE,"Working_class",872,49,21,"GroupFilter=TRUE;MinGroup=10;Top=TRUE;TopPct=0.05;Bottom=FALSE;BottomPct=0.05"
"XOXYFLUORFEN","Combined_SES",-0.0603044874481405,0.617305665053242,FALSE,"Education.index",872,49,21,"GroupFilter=TRUE;MinGroup=10;Top=TRUE;TopPct=0.05;Bottom=FALSE;BottomPct=0.05"
"XOXYTETRACYCLINE","NULL",0.227391573413498,0.56816689454486,FALSE,"",223,13,21,"GroupFilter=TRUE;MinGroup=10;Top=TRUE;TopPct=0.05;Bottom=FALSE;BottomPct=0.05"
"XOXYTETRACYCLINE","Education.index",0.00518734049414802,0.990485213152974,FALSE,"Education.index",223,13,21,"GroupFilter=TRUE;MinGroup=10;Top=TRUE;TopPct=0.05;Bottom=FALSE;BottomPct=0.05"
"XOXYTETRACYCLINE","Income",0.131717715297467,0.768807687164905,FALSE,"Income",223,13,21,"GroupFilter=TRUE;MinGroup=10;Top=TRUE;TopPct=0.05;Bottom=FALSE;BottomPct=0.05"
"XOXYTETRACYCLINE","home_value",0.101792084728105,0.810961034917446,FALSE,"home_value",223,13,21,"GroupFilter=TRUE;MinGroup=10;Top=TRUE;TopPct=0.05;Bottom=FALSE;BottomPct=0.05"
"XOXYTETRACYCLINE","rent",0.035609598948531,0.94014466489354,FALSE,"rent",223,13,21,"GroupFilter=TRUE;MinGroup=10;Top=TRUE;TopPct=0.05;Bottom=FALSE;BottomPct=0.05"
"XOXYTETRACYCLINE","Poverty_150",0.0950578455355306,0.829348718811085,FALSE,"Poverty_150",223,13,21,"GroupFilter=TRUE;MinGroup=10;Top=TRUE;TopPct=0.05;Bottom=FALSE;BottomPct=0.05"
"XOXYTETRACYCLINE","Unemployed",0.115546931493605,0.779306174952145,FALSE,"Unemployed",223,13,21,"GroupFilter=TRUE;MinGroup=10;Top=TRUE;TopPct=0.05;Bottom=FALSE;BottomPct=0.05"
"XOXYTETRACYCLINE","Working_class",0.0507599907964531,0.905584127182656,FALSE,"Working_class",223,13,21,"GroupFilter=TRUE;MinGroup=10;Top=TRUE;TopPct=0.05;Bottom=FALSE;BottomPct=0.05"
"XPARAQUAT","NULL",0.281871120718852,0.0201976573599683,TRUE,"",2046,103,21,"GroupFilter=TRUE;MinGroup=10;Top=TRUE;TopPct=0.05;Bottom=FALSE;BottomPct=0.05"
"XPARAQUAT","Education.index",0.261962156928073,0.0236931975952584,TRUE,"Education.index",2046,103,21,"GroupFilter=TRUE;MinGroup=10;Top=TRUE;TopPct=0.05;Bottom=FALSE;BottomPct=0.05"
"XPARAQUAT","Income",0.284366887428807,0.0189388791215566,TRUE,"Income",2046,103,21,"GroupFilter=TRUE;MinGroup=10;Top=TRUE;TopPct=0.05;Bottom=FALSE;BottomPct=0.05"
"XPARAQUAT","home_value",0.242306116442341,0.0504083360023285,FALSE,"home_value",2046,103,21,"GroupFilter=TRUE;MinGroup=10;Top=TRUE;TopPct=0.05;Bottom=FALSE;BottomPct=0.05"
"XPARAQUAT","rent",0.217760562218642,0.0820549889421596,FALSE,"rent",2046,103,21,"GroupFilter=TRUE;MinGroup=10;Top=TRUE;TopPct=0.05;Bottom=FALSE;BottomPct=0.05"
"XPARAQUAT","Poverty_150",0.292534323193861,0.0254926512997299,TRUE,"Poverty_150",2046,103,21,"GroupFilter=TRUE;MinGroup=10;Top=TRUE;TopPct=0.05;Bottom=FALSE;BottomPct=0.05"
"XPARAQUAT","Unemployed",0.31773936939048,0.0274985662330414,TRUE,"Unemployed",2046,103,21,"GroupFilter=TRUE;MinGroup=10;Top=TRUE;TopPct=0.05;Bottom=FALSE;BottomPct=0.05"
"XPARAQUAT","Working_class",0.258608239617133,0.0379064169804812,TRUE,"Working_class",2046,103,21,"GroupFilter=TRUE;MinGroup=10;Top=TRUE;TopPct=0.05;Bottom=FALSE;BottomPct=0.05"
"XPARAQUAT","Combined_SES",0.261962156928073,0.0236931975952584,TRUE,"Education.index",2046,103,21,"GroupFilter=TRUE;MinGroup=10;Top=TRUE;TopPct=0.05;Bottom=FALSE;BottomPct=0.05"
"XPENDIMETHALIN","NULL",0.272680190949726,0.00374985496273543,TRUE,"",2038,103,21,"GroupFilter=TRUE;MinGroup=10;Top=TRUE;TopPct=0.05;Bottom=FALSE;BottomPct=0.05"
"XPENDIMETHALIN","Education.index",0.234826780822171,0.0117615551402574,TRUE,"Education.index",2038,103,21,"GroupFilter=TRUE;MinGroup=10;Top=TRUE;TopPct=0.05;Bottom=FALSE;BottomPct=0.05"
"XPENDIMETHALIN","Income",0.269770714445946,0.00426334443476393,TRUE,"Income",2038,103,21,"GroupFilter=TRUE;MinGroup=10;Top=TRUE;TopPct=0.05;Bottom=FALSE;BottomPct=0.05"
"XPENDIMETHALIN","home_value",0.237987635432073,0.0160046224111244,TRUE,"home_value",2038,103,21,"GroupFilter=TRUE;MinGroup=10;Top=TRUE;TopPct=0.05;Bottom=FALSE;BottomPct=0.05"
"XPENDIMETHALIN","rent",0.21528262453992,0.0295034529043384,TRUE,"rent",2038,103,21,"GroupFilter=TRUE;MinGroup=10;Top=TRUE;TopPct=0.05;Bottom=FALSE;BottomPct=0.05"
"XPENDIMETHALIN","Poverty_150",0.269456802916378,0.00619655274613822,TRUE,"Poverty_150",2038,103,21,"GroupFilter=TRUE;MinGroup=10;Top=TRUE;TopPct=0.05;Bottom=FALSE;BottomPct=0.05"
"XPENDIMETHALIN","Unemployed",0.284365888640256,0.00762754350620682,TRUE,"Unemployed",2038,103,21,"GroupFilter=TRUE;MinGroup=10;Top=TRUE;TopPct=0.05;Bottom=FALSE;BottomPct=0.05"
"XPENDIMETHALIN","Working_class",0.250251683171602,0.0100423580395562,TRUE,"Working_class",2038,103,21,"GroupFilter=TRUE;MinGroup=10;Top=TRUE;TopPct=0.05;Bottom=FALSE;BottomPct=0.05"
"XPENDIMETHALIN","Combined_SES",0.234826780822171,0.0117615551402574,TRUE,"Education.index",2038,103,21,"GroupFilter=TRUE;MinGroup=10;Top=TRUE;TopPct=0.05;Bottom=FALSE;BottomPct=0.05"
"XPERMETHRIN","NULL",0.259984214167432,0.0246449205122618,TRUE,"",2008,103,21,"GroupFilter=TRUE;MinGroup=10;Top=TRUE;TopPct=0.05;Bottom=FALSE;BottomPct=0.05"
"XPERMETHRIN","Education.index",0.221755029295595,0.0495833748298694,TRUE,"Education.index",2008,103,21,"GroupFilter=TRUE;MinGroup=10;Top=TRUE;TopPct=0.05;Bottom=FALSE;BottomPct=0.05"
"XPERMETHRIN","Income",0.261504663588682,0.023957873495703,TRUE,"Income",2008,103,21,"GroupFilter=TRUE;MinGroup=10;Top=TRUE;TopPct=0.05;Bottom=FALSE;BottomPct=0.05"
"XPERMETHRIN","home_value",0.230962286257165,0.0517140500012235,FALSE,"home_value",2008,103,21,"GroupFilter=TRUE;MinGroup=10;Top=TRUE;TopPct=0.05;Bottom=FALSE;BottomPct=0.05"
"XPERMETHRIN","rent",0.19780893676102,0.0969065240606901,FALSE,"rent",2008,103,21,"GroupFilter=TRUE;MinGroup=10;Top=TRUE;TopPct=0.05;Bottom=FALSE;BottomPct=0.05"
"XPERMETHRIN","Poverty_150",0.246918480367692,0.0414118998185733,TRUE,"Poverty_150",2008,103,21,"GroupFilter=TRUE;MinGroup=10;Top=TRUE;TopPct=0.05;Bottom=FALSE;BottomPct=0.05"
"XPERMETHRIN","Unemployed",0.254508218373193,0.0516065523954573,FALSE,"Unemployed",2008,103,21,"GroupFilter=TRUE;MinGroup=10;Top=TRUE;TopPct=0.05;Bottom=FALSE;BottomPct=0.05"
"XPERMETHRIN","Working_class",0.235243491756036,0.0464395699487351,TRUE,"Working_class",2008,103,21,"GroupFilter=TRUE;MinGroup=10;Top=TRUE;TopPct=0.05;Bottom=FALSE;BottomPct=0.05"
"XPERMETHRIN","Combined_SES",0.221755029295595,0.0495833748298694,TRUE,"Education.index",2008,103,21,"GroupFilter=TRUE;MinGroup=10;Top=TRUE;TopPct=0.05;Bottom=FALSE;BottomPct=0.05"
"XPETROLEUMDISTILLATE","NULL",-0.0825337709548692,0.680728810282193,FALSE,"",141,11,21,"GroupFilter=TRUE;MinGroup=10;Top=TRUE;TopPct=0.05;Bottom=FALSE;BottomPct=0.05"
"XPETROLEUMDISTILLATE","Education.index",-0.149443418784146,0.448861929870973,FALSE,"Education.index",141,11,21,"GroupFilter=TRUE;MinGroup=10;Top=TRUE;TopPct=0.05;Bottom=FALSE;BottomPct=0.05"
"XPETROLEUMDISTILLATE","Income",-0.137468287326234,0.488476397397838,FALSE,"Income",141,11,21,"GroupFilter=TRUE;MinGroup=10;Top=TRUE;TopPct=0.05;Bottom=FALSE;BottomPct=0.05"
"XPETROLEUMDISTILLATE","home_value",-0.112032197699063,0.547390031868658,FALSE,"home_value",141,11,21,"GroupFilter=TRUE;MinGroup=10;Top=TRUE;TopPct=0.05;Bottom=FALSE;BottomPct=0.05"
"XPETROLEUMDISTILLATE","rent",-0.106622128303327,0.566654533680046,FALSE,"rent",141,11,21,"GroupFilter=TRUE;MinGroup=10;Top=TRUE;TopPct=0.05;Bottom=FALSE;BottomPct=0.05"
"XPETROLEUMDISTILLATE","Poverty_150",-0.0669817395918405,0.743518833902917,FALSE,"Poverty_150",141,11,21,"GroupFilter=TRUE;MinGroup=10;Top=TRUE;TopPct=0.05;Bottom=FALSE;BottomPct=0.05"
"XPETROLEUMDISTILLATE","Unemployed",0.0163885284255526,0.938436110602943,FALSE,"Unemployed",141,11,21,"GroupFilter=TRUE;MinGroup=10;Top=TRUE;TopPct=0.05;Bottom=FALSE;BottomPct=0.05"
"XPETROLEUMDISTILLATE","Working_class",-0.0713424817610307,0.699659612405341,FALSE,"Working_class",141,11,21,"GroupFilter=TRUE;MinGroup=10;Top=TRUE;TopPct=0.05;Bottom=FALSE;BottomPct=0.05"
"XPETROLEUMDISTILLATE","Combined_SES",-0.102108583864952,0.582113751284147,FALSE,"home_value, rent, Working_class",141,11,21,"GroupFilter=TRUE;MinGroup=10;Top=TRUE;TopPct=0.05;Bottom=FALSE;BottomPct=0.05"
"XPETROLEUMOIL","NULL",-0.0614218204971656,0.677042800917107,FALSE,"",1878,99,21,"GroupFilter=TRUE;MinGroup=10;Top=TRUE;TopPct=0.05;Bottom=FALSE;BottomPct=0.05"
"XPETROLEUMOIL","Education.index",-0.000401343190963336,0.997804807225917,FALSE,"Education.index",1878,99,21,"GroupFilter=TRUE;MinGroup=10;Top=TRUE;TopPct=0.05;Bottom=FALSE;BottomPct=0.05"
"XPETROLEUMOIL","Income",-0.0367441043843979,0.807512729768833,FALSE,"Income",1878,99,21,"GroupFilter=TRUE;MinGroup=10;Top=TRUE;TopPct=0.05;Bottom=FALSE;BottomPct=0.05"
"XPETROLEUMOIL","home_value",-0.0179785543760336,0.903975007972455,FALSE,"home_value",1878,99,21,"GroupFilter=TRUE;MinGroup=10;Top=TRUE;TopPct=0.05;Bottom=FALSE;BottomPct=0.05"
"XPETROLEUMOIL","rent",0.0114514618387299,0.93896859020191,FALSE,"rent",1878,99,21,"GroupFilter=TRUE;MinGroup=10;Top=TRUE;TopPct=0.05;Bottom=FALSE;BottomPct=0.05"
"XPETROLEUMOIL","Poverty_150",-0.0800287976436315,0.597456420771943,FALSE,"Poverty_150",1878,99,21,"GroupFilter=TRUE;MinGroup=10;Top=TRUE;TopPct=0.05;Bottom=FALSE;BottomPct=0.05"
"XPETROLEUMOIL","Unemployed",-0.0703930085955564,0.633526710636005,FALSE,"Unemployed",1878,99,21,"GroupFilter=TRUE;MinGroup=10;Top=TRUE;TopPct=0.05;Bottom=FALSE;BottomPct=0.05"
"XPETROLEUMOIL","Working_class",-0.0274995614630788,0.854373196270515,FALSE,"Working_class",1878,99,21,"GroupFilter=TRUE;MinGroup=10;Top=TRUE;TopPct=0.05;Bottom=FALSE;BottomPct=0.05"
"XPETROLEUMOIL","Combined_SES",0.0149150746522973,0.919751033434717,FALSE,"Education.index, rent",1878,99,21,"GroupFilter=TRUE;MinGroup=10;Top=TRUE;TopPct=0.05;Bottom=FALSE;BottomPct=0.05"
"XPHORATE","NULL",0.18190299649172,0.107156015480038,FALSE,"",1387,87,20,"GroupFilter=TRUE;MinGroup=10;Top=TRUE;TopPct=0.05;Bottom=FALSE;BottomPct=0.05"
"XPHORATE","Education.index",0.14885580387804,0.175188972279344,FALSE,"Education.index",1387,87,20,"GroupFilter=TRUE;MinGroup=10;Top=TRUE;TopPct=0.05;Bottom=FALSE;BottomPct=0.05"
"XPHORATE","Income",0.181109396410695,0.108347223386571,FALSE,"Income",1387,87,20,"GroupFilter=TRUE;MinGroup=10;Top=TRUE;TopPct=0.05;Bottom=FALSE;BottomPct=0.05"
"XPHORATE","home_value",0.136505961703558,0.247172260761794,FALSE,"home_value",1387,87,20,"GroupFilter=TRUE;MinGroup=10;Top=TRUE;TopPct=0.05;Bottom=FALSE;BottomPct=0.05"
"XPHORATE","rent",0.110164466720716,0.350644999389813,FALSE,"rent",1387,87,20,"GroupFilter=TRUE;MinGroup=10;Top=TRUE;TopPct=0.05;Bottom=FALSE;BottomPct=0.05"
"XPHORATE","Poverty_150",0.166976966665271,0.156871150105129,FALSE,"Poverty_150",1387,87,20,"GroupFilter=TRUE;MinGroup=10;Top=TRUE;TopPct=0.05;Bottom=FALSE;BottomPct=0.05"
"XPHORATE","Unemployed",0.151297782971121,0.228852911895273,FALSE,"Unemployed",1387,87,20,"GroupFilter=TRUE;MinGroup=10;Top=TRUE;TopPct=0.05;Bottom=FALSE;BottomPct=0.05"
"XPHORATE","Working_class",0.145995110271219,0.211271530854707,FALSE,"Working_class",1387,87,20,"GroupFilter=TRUE;MinGroup=10;Top=TRUE;TopPct=0.05;Bottom=FALSE;BottomPct=0.05"
"XPHORATE","Combined_SES",0.144144222062254,0.216395362013208,FALSE,"Education.index, rent",1387,87,20,"GroupFilter=TRUE;MinGroup=10;Top=TRUE;TopPct=0.05;Bottom=FALSE;BottomPct=0.05"
"XPHOSMET","NULL",0.0777209872915956,0.614226215102771,FALSE,"",1773,93,21,"GroupFilter=TRUE;MinGroup=10;Top=TRUE;TopPct=0.05;Bottom=FALSE;BottomPct=0.05"
"XPHOSMET","Education.index",0.222499903042591,0.146598497681397,FALSE,"Education.index",1773,93,21,"GroupFilter=TRUE;MinGroup=10;Top=TRUE;TopPct=0.05;Bottom=FALSE;BottomPct=0.05"
"XPHOSMET","Income",0.11132429496719,0.501374809985337,FALSE,"Income",1773,93,21,"GroupFilter=TRUE;MinGroup=10;Top=TRUE;TopPct=0.05;Bottom=FALSE;BottomPct=0.05"
"XPHOSMET","home_value",0.144244509331236,0.351857594726071,FALSE,"home_value",1773,93,21,"GroupFilter=TRUE;MinGroup=10;Top=TRUE;TopPct=0.05;Bottom=FALSE;BottomPct=0.05"
"XPHOSMET","rent",0.166922152001159,0.275055936498264,FALSE,"rent",1773,93,21,"GroupFilter=TRUE;MinGroup=10;Top=TRUE;TopPct=0.05;Bottom=FALSE;BottomPct=0.05"
"XPHOSMET","Poverty_150",0.0120198394606141,0.945347057379467,FALSE,"Poverty_150",1773,93,21,"GroupFilter=TRUE;MinGroup=10;Top=TRUE;TopPct=0.05;Bottom=FALSE;BottomPct=0.05"
"XPHOSMET","Unemployed",0.0303024722918971,0.851762222945392,FALSE,"Unemployed",1773,93,21,"GroupFilter=TRUE;MinGroup=10;Top=TRUE;TopPct=0.05;Bottom=FALSE;BottomPct=0.05"
"XPHOSMET","Working_class",0.110746902196911,0.476685221542058,FALSE,"Working_class",1773,93,21,"GroupFilter=TRUE;MinGroup=10;Top=TRUE;TopPct=0.05;Bottom=FALSE;BottomPct=0.05"
"XPHOSMET","Combined_SES",0.230495768489759,0.132426804285326,FALSE,"Education.index, rent",1773,93,21,"GroupFilter=TRUE;MinGroup=10;Top=TRUE;TopPct=0.05;Bottom=FALSE;BottomPct=0.05"
"XPICLORAM","NULL",0.530296010579696,0.000451921502249812,TRUE,"",1857,94,21,"GroupFilter=TRUE;MinGroup=10;Top=TRUE;TopPct=0.05;Bottom=FALSE;BottomPct=0.05"
"XPICLORAM","Education.index",0.474959364613297,0.00156259176883567,TRUE,"Education.index",1857,94,21,"GroupFilter=TRUE;MinGroup=10;Top=TRUE;TopPct=0.05;Bottom=FALSE;BottomPct=0.05"
"XPICLORAM","Income",0.525275223952097,0.000502724306124838,TRUE,"Income",1857,94,21,"GroupFilter=TRUE;MinGroup=10;Top=TRUE;TopPct=0.05;Bottom=FALSE;BottomPct=0.05"
"XPICLORAM","home_value",0.459950971989898,0.00332784950410191,TRUE,"home_value",1857,94,21,"GroupFilter=TRUE;MinGroup=10;Top=TRUE;TopPct=0.05;Bottom=FALSE;BottomPct=0.05"
"XPICLORAM","rent",0.445526759553368,0.00343938160227584,TRUE,"rent",1857,94,21,"GroupFilter=TRUE;MinGroup=10;Top=TRUE;TopPct=0.05;Bottom=FALSE;BottomPct=0.05"
"XPICLORAM","Poverty_150",0.526460922882669,0.000510216766488994,TRUE,"Poverty_150",1857,94,21,"GroupFilter=TRUE;MinGroup=10;Top=TRUE;TopPct=0.05;Bottom=FALSE;BottomPct=0.05"
"XPICLORAM","Unemployed",0.517572606038578,0.000788969804059231,TRUE,"Unemployed",1857,94,21,"GroupFilter=TRUE;MinGroup=10;Top=TRUE;TopPct=0.05;Bottom=FALSE;BottomPct=0.05"
"XPICLORAM","Working_class",0.514960048224112,0.000652529650947598,TRUE,"Working_class",1857,94,21,"GroupFilter=TRUE;MinGroup=10;Top=TRUE;TopPct=0.05;Bottom=FALSE;BottomPct=0.05"
"XPICLORAM","Combined_SES",0.445501837704955,0.00336656870171152,TRUE,"Education.index, rent",1857,94,21,"GroupFilter=TRUE;MinGroup=10;Top=TRUE;TopPct=0.05;Bottom=FALSE;BottomPct=0.05"
"XPRIMISULFURON","NULL",0.444152357500281,0.0165045258977166,TRUE,"",1229,64,21,"GroupFilter=TRUE;MinGroup=10;Top=TRUE;TopPct=0.05;Bottom=FALSE;BottomPct=0.05"
"XPRIMISULFURON","Education.index",0.441785178677817,0.0169007454094563,TRUE,"Education.index",1229,64,21,"GroupFilter=TRUE;MinGroup=10;Top=TRUE;TopPct=0.05;Bottom=FALSE;BottomPct=0.05"
"XPRIMISULFURON","Income",0.448354541768062,0.0172952429327638,TRUE,"Income",1229,64,21,"GroupFilter=TRUE;MinGroup=10;Top=TRUE;TopPct=0.05;Bottom=FALSE;BottomPct=0.05"
"XPRIMISULFURON","home_value",0.446537381623571,0.0246520174818875,TRUE,"home_value",1229,64,21,"GroupFilter=TRUE;MinGroup=10;Top=TRUE;TopPct=0.05;Bottom=FALSE;BottomPct=0.05"
"XPRIMISULFURON","rent",0.367972228184894,0.0641282572533596,FALSE,"rent",1229,64,21,"GroupFilter=TRUE;MinGroup=10;Top=TRUE;TopPct=0.05;Bottom=FALSE;BottomPct=0.05"
"XPRIMISULFURON","Poverty_150",0.415200107219112,0.0289976766493254,TRUE,"Poverty_150",1229,64,21,"GroupFilter=TRUE;MinGroup=10;Top=TRUE;TopPct=0.05;Bottom=FALSE;BottomPct=0.05"
"XPRIMISULFURON","Unemployed",0.475480320001375,0.0241447845902484,TRUE,"Unemployed",1229,64,21,"GroupFilter=TRUE;MinGroup=10;Top=TRUE;TopPct=0.05;Bottom=FALSE;BottomPct=0.05"
"XPRIMISULFURON","Working_class",0.432140670647004,0.024616429917197,TRUE,"Working_class",1229,64,21,"GroupFilter=TRUE;MinGroup=10;Top=TRUE;TopPct=0.05;Bottom=FALSE;BottomPct=0.05"
"XPROMETRYN","NULL",0.0978706572886614,0.869661117944695,FALSE,"",95,5,21,"GroupFilter=TRUE;MinGroup=10;Top=TRUE;TopPct=0.05;Bottom=FALSE;BottomPct=0.05"
"XPROMETRYN","Education.index",0.193312904772586,0.782946301968354,FALSE,"Education.index",95,5,21,"GroupFilter=TRUE;MinGroup=10;Top=TRUE;TopPct=0.05;Bottom=FALSE;BottomPct=0.05"
"XPROMETRYN","Income",0.144402003696352,0.807821237162432,FALSE,"Income",95,5,21,"GroupFilter=TRUE;MinGroup=10;Top=TRUE;TopPct=0.05;Bottom=FALSE;BottomPct=0.05"
"XPROMETRYN","home_value",-0.412043182702583,0.529903313907903,FALSE,"home_value",95,5,21,"GroupFilter=TRUE;MinGroup=10;Top=TRUE;TopPct=0.05;Bottom=FALSE;BottomPct=0.05"
"XPROMETRYN","rent",-0.296294022807077,0.619077049428756,FALSE,"rent",95,5,21,"GroupFilter=TRUE;MinGroup=10;Top=TRUE;TopPct=0.05;Bottom=FALSE;BottomPct=0.05"
"XPROMETRYN","Poverty_150",-0.123073349764448,0.868441220931882,FALSE,"Poverty_150",95,5,21,"GroupFilter=TRUE;MinGroup=10;Top=TRUE;TopPct=0.05;Bottom=FALSE;BottomPct=0.05"
"XPROMETRYN","Unemployed",0.264205890230824,0.666684935698681,FALSE,"Unemployed",95,5,21,"GroupFilter=TRUE;MinGroup=10;Top=TRUE;TopPct=0.05;Bottom=FALSE;BottomPct=0.05"
"XPROMETRYN","Working_class",-0.994332826021445,0.165059154613094,FALSE,"Working_class",95,5,21,"GroupFilter=TRUE;MinGroup=10;Top=TRUE;TopPct=0.05;Bottom=FALSE;BottomPct=0.05"
"XPROMETRYN","Combined_SES",-1.02498792257567,0.161112759738112,FALSE,"rent, Poverty_150, Working_class",95,5,21,"GroupFilter=TRUE;MinGroup=10;Top=TRUE;TopPct=0.05;Bottom=FALSE;BottomPct=0.05"
"XPROPACHLOR","NULL",0.051439754403392,0.956700011684316,FALSE,"",514,49,12,"GroupFilter=TRUE;MinGroup=10;Top=TRUE;TopPct=0.05;Bottom=FALSE;BottomPct=0.05"
"XPROPACHLOR","Education.index",0.0917114287704902,0.923042349591165,FALSE,"Education.index",514,49,12,"GroupFilter=TRUE;MinGroup=10;Top=TRUE;TopPct=0.05;Bottom=FALSE;BottomPct=0.05"
"XPROPACHLOR","Income",0.0501643835192519,0.957896382152444,FALSE,"Income",514,49,12,"GroupFilter=TRUE;MinGroup=10;Top=TRUE;TopPct=0.05;Bottom=FALSE;BottomPct=0.05"
"XPROPACHLOR","home_value",0.0554592327595222,0.953426457010929,FALSE,"home_value",514,49,12,"GroupFilter=TRUE;MinGroup=10;Top=TRUE;TopPct=0.05;Bottom=FALSE;BottomPct=0.05"
"XPROPACHLOR","rent",0.0303155017494447,0.974485617140189,FALSE,"rent",514,49,12,"GroupFilter=TRUE;MinGroup=10;Top=TRUE;TopPct=0.05;Bottom=FALSE;BottomPct=0.05"
"XPROPACHLOR","Poverty_150",0.0528676007072718,0.955681818238309,FALSE,"Poverty_150",514,49,12,"GroupFilter=TRUE;MinGroup=10;Top=TRUE;TopPct=0.05;Bottom=FALSE;BottomPct=0.05"
"XPROPACHLOR","Unemployed",0.119625254013446,0.900460610397474,FALSE,"Unemployed",514,49,12,"GroupFilter=TRUE;MinGroup=10;Top=TRUE;TopPct=0.05;Bottom=FALSE;BottomPct=0.05"
"XPROPACHLOR","Working_class",0.0559264864121941,0.953062846713084,FALSE,"Working_class",514,49,12,"GroupFilter=TRUE;MinGroup=10;Top=TRUE;TopPct=0.05;Bottom=FALSE;BottomPct=0.05"
"XPROPARGITE","NULL",-0.319225952187112,0.00266876471518732,TRUE,"",762,42,21,"GroupFilter=TRUE;MinGroup=10;Top=TRUE;TopPct=0.05;Bottom=FALSE;BottomPct=0.05"
"XPROPARGITE","Education.index",-0.310589585711222,0.00273174175931446,TRUE,"Education.index",762,42,21,"GroupFilter=TRUE;MinGroup=10;Top=TRUE;TopPct=0.05;Bottom=FALSE;BottomPct=0.05"
"XPROPARGITE","Income",-0.310937333982625,0.00339333163069209,TRUE,"Income",762,42,21,"GroupFilter=TRUE;MinGroup=10;Top=TRUE;TopPct=0.05;Bottom=FALSE;BottomPct=0.05"
"XPROPARGITE","home_value",-0.321185287678232,0.00263124168607207,TRUE,"home_value",762,42,21,"GroupFilter=TRUE;MinGroup=10;Top=TRUE;TopPct=0.05;Bottom=FALSE;BottomPct=0.05"
"XPROPARGITE","rent",-0.321509991684242,0.00261617739404599,TRUE,"rent",762,42,21,"GroupFilter=TRUE;MinGroup=10;Top=TRUE;TopPct=0.05;Bottom=FALSE;BottomPct=0.05"
"XPROPARGITE","Poverty_150",-0.312933442647081,0.00257164293832449,TRUE,"Poverty_150",762,42,21,"GroupFilter=TRUE;MinGroup=10;Top=TRUE;TopPct=0.05;Bottom=FALSE;BottomPct=0.05"
"XPROPARGITE","Unemployed",-0.247108262046877,0.0155967394582763,TRUE,"Unemployed",762,42,21,"GroupFilter=TRUE;MinGroup=10;Top=TRUE;TopPct=0.05;Bottom=FALSE;BottomPct=0.05"
"XPROPARGITE","Working_class",-0.31946205719002,0.00281822271009112,TRUE,"Working_class",762,42,21,"GroupFilter=TRUE;MinGroup=10;Top=TRUE;TopPct=0.05;Bottom=FALSE;BottomPct=0.05"
"XPROPARGITE","Combined_SES",-0.247108262046877,0.0155967394582763,TRUE,"Unemployed",762,42,21,"GroupFilter=TRUE;MinGroup=10;Top=TRUE;TopPct=0.05;Bottom=FALSE;BottomPct=0.05"
"XPROPAZINE","NULL",0.39202630373528,0.416768420653351,FALSE,"",53,4,14,"GroupFilter=TRUE;MinGroup=10;Top=TRUE;TopPct=0.05;Bottom=FALSE;BottomPct=0.05"
"XPROPAZINE","Education.index",0.362182949075527,0.499846681967071,FALSE,"Education.index",53,4,14,"GroupFilter=TRUE;MinGroup=10;Top=TRUE;TopPct=0.05;Bottom=FALSE;BottomPct=0.05"
"XPROPAZINE","Income",0.649626939873788,0.221958525457195,FALSE,"Income",53,4,14,"GroupFilter=TRUE;MinGroup=10;Top=TRUE;TopPct=0.05;Bottom=FALSE;BottomPct=0.05"
"XPROPAZINE","home_value",0.427802719586763,0.403698172290526,FALSE,"home_value",53,4,14,"GroupFilter=TRUE;MinGroup=10;Top=TRUE;TopPct=0.05;Bottom=FALSE;BottomPct=0.05"
"XPROPAZINE","rent",0.42302469978517,0.389301902067657,FALSE,"rent",53,4,14,"GroupFilter=TRUE;MinGroup=10;Top=TRUE;TopPct=0.05;Bottom=FALSE;BottomPct=0.05"
"XPROPAZINE","Poverty_150",0.321722452536516,0.571804893694672,FALSE,"Poverty_150",53,4,14,"GroupFilter=TRUE;MinGroup=10;Top=TRUE;TopPct=0.05;Bottom=FALSE;BottomPct=0.05"
"XPROPAZINE","Unemployed",0.643198357545157,0.190551981881605,FALSE,"Unemployed",53,4,14,"GroupFilter=TRUE;MinGroup=10;Top=TRUE;TopPct=0.05;Bottom=FALSE;BottomPct=0.05"
"XPROPAZINE","Working_class",0.383666386038735,0.424113923270846,FALSE,"Working_class",53,4,14,"GroupFilter=TRUE;MinGroup=10;Top=TRUE;TopPct=0.05;Bottom=FALSE;BottomPct=0.05"
"XPROPICONAZOLE","NULL",0.049818012189983,0.654250271836335,FALSE,"",1696,92,21,"GroupFilter=TRUE;MinGroup=10;Top=TRUE;TopPct=0.05;Bottom=FALSE;BottomPct=0.05"
"XPROPICONAZOLE","Education.index",0.0752057590979339,0.49472647299801,FALSE,"Education.index",1696,92,21,"GroupFilter=TRUE;MinGroup=10;Top=TRUE;TopPct=0.05;Bottom=FALSE;BottomPct=0.05"
"XPROPICONAZOLE","Income",0.0555106550232027,0.618812283918294,FALSE,"Income",1696,92,21,"GroupFilter=TRUE;MinGroup=10;Top=TRUE;TopPct=0.05;Bottom=FALSE;BottomPct=0.05"
"XPROPICONAZOLE","home_value",0.029333998904239,0.793111044312707,FALSE,"home_value",1696,92,21,"GroupFilter=TRUE;MinGroup=10;Top=TRUE;TopPct=0.05;Bottom=FALSE;BottomPct=0.05"
"XPROPICONAZOLE","rent",0.0289130691267848,0.793852879132741,FALSE,"rent",1696,92,21,"GroupFilter=TRUE;MinGroup=10;Top=TRUE;TopPct=0.05;Bottom=FALSE;BottomPct=0.05"
"XPROPICONAZOLE","Poverty_150",0.0349847227746123,0.755440621205891,FALSE,"Poverty_150",1696,92,21,"GroupFilter=TRUE;MinGroup=10;Top=TRUE;TopPct=0.05;Bottom=FALSE;BottomPct=0.05"
"XPROPICONAZOLE","Unemployed",0.020078753812825,0.85956467095903,FALSE,"Unemployed",1696,92,21,"GroupFilter=TRUE;MinGroup=10;Top=TRUE;TopPct=0.05;Bottom=FALSE;BottomPct=0.05"
"XPROPICONAZOLE","Working_class",0.0377054065131352,0.734569077692153,FALSE,"Working_class",1696,92,21,"GroupFilter=TRUE;MinGroup=10;Top=TRUE;TopPct=0.05;Bottom=FALSE;BottomPct=0.05"
"XPROPICONAZOLE","Combined_SES",0.0545070144703425,0.62575095346002,FALSE,"Education.index, rent",1696,92,21,"GroupFilter=TRUE;MinGroup=10;Top=TRUE;TopPct=0.05;Bottom=FALSE;BottomPct=0.05"
"XPROPYZAMIDE","NULL",-0.32147469225871,0.236038046326764,FALSE,"",162,12,15,"GroupFilter=TRUE;MinGroup=10;Top=TRUE;TopPct=0.05;Bottom=FALSE;BottomPct=0.05"
"XPROPYZAMIDE","Education.index",-0.324859502257957,0.244776047758198,FALSE,"Education.index",162,12,15,"GroupFilter=TRUE;MinGroup=10;Top=TRUE;TopPct=0.05;Bottom=FALSE;BottomPct=0.05"
"XPROPYZAMIDE","Income",-0.361133720221009,0.196948775505324,FALSE,"Income",162,12,15,"GroupFilter=TRUE;MinGroup=10;Top=TRUE;TopPct=0.05;Bottom=FALSE;BottomPct=0.05"
"XPROPYZAMIDE","home_value",-0.334973938305772,0.226606612080946,FALSE,"home_value",162,12,15,"GroupFilter=TRUE;MinGroup=10;Top=TRUE;TopPct=0.05;Bottom=FALSE;BottomPct=0.05"
"XPROPYZAMIDE","rent",-0.386097543867625,0.179376829183245,FALSE,"rent",162,12,15,"GroupFilter=TRUE;MinGroup=10;Top=TRUE;TopPct=0.05;Bottom=FALSE;BottomPct=0.05"
"XPROPYZAMIDE","Poverty_150",-0.338378750229094,0.218253308248064,FALSE,"Poverty_150",162,12,15,"GroupFilter=TRUE;MinGroup=10;Top=TRUE;TopPct=0.05;Bottom=FALSE;BottomPct=0.05"
"XPROPYZAMIDE","Unemployed",-0.346583962809252,0.204830001655711,FALSE,"Unemployed",162,12,15,"GroupFilter=TRUE;MinGroup=10;Top=TRUE;TopPct=0.05;Bottom=FALSE;BottomPct=0.05"
"XPROPYZAMIDE","Working_class",-0.333392526081871,0.224084074179758,FALSE,"Working_class",162,12,15,"GroupFilter=TRUE;MinGroup=10;Top=TRUE;TopPct=0.05;Bottom=FALSE;BottomPct=0.05"
"XQUINTOZENE","NULL",-0.10769592978929,0.627837637611453,FALSE,"",120,9,21,"GroupFilter=TRUE;MinGroup=10;Top=TRUE;TopPct=0.05;Bottom=FALSE;BottomPct=0.05"
"XQUINTOZENE","Education.index",-0.113236313477173,0.628979458002443,FALSE,"Education.index",120,9,21,"GroupFilter=TRUE;MinGroup=10;Top=TRUE;TopPct=0.05;Bottom=FALSE;BottomPct=0.05"
"XQUINTOZENE","Income",-0.19469897871268,0.383586747056558,FALSE,"Income",120,9,21,"GroupFilter=TRUE;MinGroup=10;Top=TRUE;TopPct=0.05;Bottom=FALSE;BottomPct=0.05"
"XQUINTOZENE","home_value",-0.171217155139498,0.497318299230102,FALSE,"home_value",120,9,21,"GroupFilter=TRUE;MinGroup=10;Top=TRUE;TopPct=0.05;Bottom=FALSE;BottomPct=0.05"
"XQUINTOZENE","rent",-0.178984120112891,0.447352307079644,FALSE,"rent",120,9,21,"GroupFilter=TRUE;MinGroup=10;Top=TRUE;TopPct=0.05;Bottom=FALSE;BottomPct=0.05"
"XQUINTOZENE","Poverty_150",-0.149192175075772,0.496048524991144,FALSE,"Poverty_150",120,9,21,"GroupFilter=TRUE;MinGroup=10;Top=TRUE;TopPct=0.05;Bottom=FALSE;BottomPct=0.05"
"XQUINTOZENE","Unemployed",-0.124490035631942,0.594096265798921,FALSE,"Unemployed",120,9,21,"GroupFilter=TRUE;MinGroup=10;Top=TRUE;TopPct=0.05;Bottom=FALSE;BottomPct=0.05"
"XQUINTOZENE","Working_class",-0.114846029678268,0.620882892978645,FALSE,"Working_class",120,9,21,"GroupFilter=TRUE;MinGroup=10;Top=TRUE;TopPct=0.05;Bottom=FALSE;BottomPct=0.05"
"XQUIZALOFOP","NULL",0.281396080578361,0.0915141008423186,FALSE,"",1198,66,21,"GroupFilter=TRUE;MinGroup=10;Top=TRUE;TopPct=0.05;Bottom=FALSE;BottomPct=0.05"
"XQUIZALOFOP","Education.index",0.248354144254901,0.125344192973789,FALSE,"Education.index",1198,66,21,"GroupFilter=TRUE;MinGroup=10;Top=TRUE;TopPct=0.05;Bottom=FALSE;BottomPct=0.05"
"XQUIZALOFOP","Income",0.279129070303244,0.0914580705765056,FALSE,"Income",1198,66,21,"GroupFilter=TRUE;MinGroup=10;Top=TRUE;TopPct=0.05;Bottom=FALSE;BottomPct=0.05"
"XQUIZALOFOP","home_value",0.169843016752742,0.347202768265981,FALSE,"home_value",1198,66,21,"GroupFilter=TRUE;MinGroup=10;Top=TRUE;TopPct=0.05;Bottom=FALSE;BottomPct=0.05"
"XQUIZALOFOP","rent",0.139616654040756,0.423715405431412,FALSE,"rent",1198,66,21,"GroupFilter=TRUE;MinGroup=10;Top=TRUE;TopPct=0.05;Bottom=FALSE;BottomPct=0.05"
"XQUIZALOFOP","Poverty_150",0.318057248595671,0.0737924068283235,FALSE,"Poverty_150",1198,66,21,"GroupFilter=TRUE;MinGroup=10;Top=TRUE;TopPct=0.05;Bottom=FALSE;BottomPct=0.05"
"XQUIZALOFOP","Unemployed",0.32237502210897,0.083749410357635,FALSE,"Unemployed",1198,66,21,"GroupFilter=TRUE;MinGroup=10;Top=TRUE;TopPct=0.05;Bottom=FALSE;BottomPct=0.05"
"XQUIZALOFOP","Working_class",0.25538231056416,0.129169630755958,FALSE,"Working_class",1198,66,21,"GroupFilter=TRUE;MinGroup=10;Top=TRUE;TopPct=0.05;Bottom=FALSE;BottomPct=0.05"
"XQUIZALOFOP","Combined_SES",0.188409191544098,0.289473263690081,FALSE,"Education.index, rent",1198,66,21,"GroupFilter=TRUE;MinGroup=10;Top=TRUE;TopPct=0.05;Bottom=FALSE;BottomPct=0.05"
"XSETHOXYDIM","NULL",0.340001150440519,0.00158195170186352,TRUE,"",1919,102,21,"GroupFilter=TRUE;MinGroup=10;Top=TRUE;TopPct=0.05;Bottom=FALSE;BottomPct=0.05"
"XSETHOXYDIM","Education.index",0.313172249414647,0.00312200346253251,TRUE,"Education.index",1919,102,21,"GroupFilter=TRUE;MinGroup=10;Top=TRUE;TopPct=0.05;Bottom=FALSE;BottomPct=0.05"
"XSETHOXYDIM","Income",0.337448357462967,0.00178799130282233,TRUE,"Income",1919,102,21,"GroupFilter=TRUE;MinGroup=10;Top=TRUE;TopPct=0.05;Bottom=FALSE;BottomPct=0.05"
"XSETHOXYDIM","home_value",0.317567972966384,0.0042509146739281,TRUE,"home_value",1919,102,21,"GroupFilter=TRUE;MinGroup=10;Top=TRUE;TopPct=0.05;Bottom=FALSE;BottomPct=0.05"
"XSETHOXYDIM","rent",0.290435812969293,0.00885122572619118,TRUE,"rent",1919,102,21,"GroupFilter=TRUE;MinGroup=10;Top=TRUE;TopPct=0.05;Bottom=FALSE;BottomPct=0.05"
"XSETHOXYDIM","Poverty_150",0.333240814477971,0.00260415629285152,TRUE,"Poverty_150",1919,102,21,"GroupFilter=TRUE;MinGroup=10;Top=TRUE;TopPct=0.05;Bottom=FALSE;BottomPct=0.05"
"XSETHOXYDIM","Unemployed",0.325870871531385,0.00466427604142466,TRUE,"Unemployed",1919,102,21,"GroupFilter=TRUE;MinGroup=10;Top=TRUE;TopPct=0.05;Bottom=FALSE;BottomPct=0.05"
"XSETHOXYDIM","Working_class",0.32948805893084,0.00303672156727254,TRUE,"Working_class",1919,102,21,"GroupFilter=TRUE;MinGroup=10;Top=TRUE;TopPct=0.05;Bottom=FALSE;BottomPct=0.05"
"XSETHOXYDIM","Combined_SES",0.313172249414647,0.00312200346253251,TRUE,"Education.index",1919,102,21,"GroupFilter=TRUE;MinGroup=10;Top=TRUE;TopPct=0.05;Bottom=FALSE;BottomPct=0.05"
"XSIMAZINE","NULL",0.396905537008602,0.000235597924230509,TRUE,"",1752,95,21,"GroupFilter=TRUE;MinGroup=10;Top=TRUE;TopPct=0.05;Bottom=FALSE;BottomPct=0.05"
"XSIMAZINE","Education.index",0.318992686679194,0.00277631308234193,TRUE,"Education.index",1752,95,21,"GroupFilter=TRUE;MinGroup=10;Top=TRUE;TopPct=0.05;Bottom=FALSE;BottomPct=0.05"
"XSIMAZINE","Income",0.392610500753461,0.000274529214083415,TRUE,"Income",1752,95,21,"GroupFilter=TRUE;MinGroup=10;Top=TRUE;TopPct=0.05;Bottom=FALSE;BottomPct=0.05"
"XSIMAZINE","home_value",0.36383890699138,0.00111091674820497,TRUE,"home_value",1752,95,21,"GroupFilter=TRUE;MinGroup=10;Top=TRUE;TopPct=0.05;Bottom=FALSE;BottomPct=0.05"
"XSIMAZINE","rent",0.339435566546095,0.00231452519570945,TRUE,"rent",1752,95,21,"GroupFilter=TRUE;MinGroup=10;Top=TRUE;TopPct=0.05;Bottom=FALSE;BottomPct=0.05"
"XSIMAZINE","Poverty_150",0.422369922443292,0.000181521703673435,TRUE,"Poverty_150",1752,95,21,"GroupFilter=TRUE;MinGroup=10;Top=TRUE;TopPct=0.05;Bottom=FALSE;BottomPct=0.05"
"XSIMAZINE","Unemployed",0.419657315110425,0.000711340615699587,TRUE,"Unemployed",1752,95,21,"GroupFilter=TRUE;MinGroup=10;Top=TRUE;TopPct=0.05;Bottom=FALSE;BottomPct=0.05"
"XSIMAZINE","Working_class",0.388068283578099,0.000360527635459995,TRUE,"Working_class",1752,95,21,"GroupFilter=TRUE;MinGroup=10;Top=TRUE;TopPct=0.05;Bottom=FALSE;BottomPct=0.05"
"XSIMAZINE","Combined_SES",0.318992686679194,0.00277631308234193,TRUE,"Education.index",1752,95,21,"GroupFilter=TRUE;MinGroup=10;Top=TRUE;TopPct=0.05;Bottom=FALSE;BottomPct=0.05"
"XSODIUMCHLORATE","NULL",-0.143284644210875,0.723781059721261,FALSE,"",81,6,17,"GroupFilter=TRUE;MinGroup=10;Top=TRUE;TopPct=0.05;Bottom=FALSE;BottomPct=0.05"
"XSODIUMCHLORATE","Education.index",-0.204415161087641,0.631362383573053,FALSE,"Education.index",81,6,17,"GroupFilter=TRUE;MinGroup=10;Top=TRUE;TopPct=0.05;Bottom=FALSE;BottomPct=0.05"
"XSODIUMCHLORATE","Income",-0.319412748018876,0.455175340549005,FALSE,"Income",81,6,17,"GroupFilter=TRUE;MinGroup=10;Top=TRUE;TopPct=0.05;Bottom=FALSE;BottomPct=0.05"
"XSODIUMCHLORATE","home_value",-0.278256505599996,0.507927069761008,FALSE,"home_value",81,6,17,"GroupFilter=TRUE;MinGroup=10;Top=TRUE;TopPct=0.05;Bottom=FALSE;BottomPct=0.05"
"XSODIUMCHLORATE","rent",-0.217769437775007,0.612950597820326,FALSE,"rent",81,6,17,"GroupFilter=TRUE;MinGroup=10;Top=TRUE;TopPct=0.05;Bottom=FALSE;BottomPct=0.05"
"XSODIUMCHLORATE","Poverty_150",-0.198089678909113,0.646229084415039,FALSE,"Poverty_150",81,6,17,"GroupFilter=TRUE;MinGroup=10;Top=TRUE;TopPct=0.05;Bottom=FALSE;BottomPct=0.05"
"XSODIUMCHLORATE","Unemployed",-0.12379875841134,0.776610259382694,FALSE,"Unemployed",81,6,17,"GroupFilter=TRUE;MinGroup=10;Top=TRUE;TopPct=0.05;Bottom=FALSE;BottomPct=0.05"
"XSODIUMCHLORATE","Working_class",-0.170862376266115,0.690696684001521,FALSE,"Working_class",81,6,17,"GroupFilter=TRUE;MinGroup=10;Top=TRUE;TopPct=0.05;Bottom=FALSE;BottomPct=0.05"
"XSTREPTOMYCIN","NULL",-0.0552405958265147,0.801564444524261,FALSE,"",1082,70,21,"GroupFilter=TRUE;MinGroup=10;Top=TRUE;TopPct=0.05;Bottom=FALSE;BottomPct=0.05"
"XSTREPTOMYCIN","Education.index",0.0678366394384416,0.752821270746004,FALSE,"Education.index",1082,70,21,"GroupFilter=TRUE;MinGroup=10;Top=TRUE;TopPct=0.05;Bottom=FALSE;BottomPct=0.05"
"XSTREPTOMYCIN","Income",0.0373065875979442,0.869763602026909,FALSE,"Income",1082,70,21,"GroupFilter=TRUE;MinGroup=10;Top=TRUE;TopPct=0.05;Bottom=FALSE;BottomPct=0.05"
"XSTREPTOMYCIN","home_value",0.00150344131222073,0.994535281123624,FALSE,"home_value",1082,70,21,"GroupFilter=TRUE;MinGroup=10;Top=TRUE;TopPct=0.05;Bottom=FALSE;BottomPct=0.05"
"XSTREPTOMYCIN","rent",0.0134042510761261,0.951378078049866,FALSE,"rent",1082,70,21,"GroupFilter=TRUE;MinGroup=10;Top=TRUE;TopPct=0.05;Bottom=FALSE;BottomPct=0.05"
"XSTREPTOMYCIN","Poverty_150",0.0230323083932695,0.922268102030628,FALSE,"Poverty_150",1082,70,21,"GroupFilter=TRUE;MinGroup=10;Top=TRUE;TopPct=0.05;Bottom=FALSE;BottomPct=0.05"
"XSTREPTOMYCIN","Unemployed",-0.0364907305109858,0.873715468250488,FALSE,"Unemployed",1082,70,21,"GroupFilter=TRUE;MinGroup=10;Top=TRUE;TopPct=0.05;Bottom=FALSE;BottomPct=0.05"
"XSTREPTOMYCIN","Working_class",-0.00661885280025553,0.976201255024392,FALSE,"Working_class",1082,70,21,"GroupFilter=TRUE;MinGroup=10;Top=TRUE;TopPct=0.05;Bottom=FALSE;BottomPct=0.05"
"XSTREPTOMYCIN","Combined_SES",0.0683869490996446,0.752231656261844,FALSE,"Education.index, home_value, rent",1082,70,21,"GroupFilter=TRUE;MinGroup=10;Top=TRUE;TopPct=0.05;Bottom=FALSE;BottomPct=0.05"
"XSULFCARBAMIDE","NULL",-0.103472135331645,0.800730199613846,FALSE,"",77,6,19,"GroupFilter=TRUE;MinGroup=10;Top=TRUE;TopPct=0.05;Bottom=FALSE;BottomPct=0.05"
"XSULFCARBAMIDE","Education.index",-0.111141857382749,0.801870511392604,FALSE,"Education.index",77,6,19,"GroupFilter=TRUE;MinGroup=10;Top=TRUE;TopPct=0.05;Bottom=FALSE;BottomPct=0.05"
"XSULFCARBAMIDE","Income",-0.141242857601208,0.735626809307236,FALSE,"Income",77,6,19,"GroupFilter=TRUE;MinGroup=10;Top=TRUE;TopPct=0.05;Bottom=FALSE;BottomPct=0.05"
"XSULFCARBAMIDE","home_value",-0.108089096547693,0.79786578953778,FALSE,"home_value",77,6,19,"GroupFilter=TRUE;MinGroup=10;Top=TRUE;TopPct=0.05;Bottom=FALSE;BottomPct=0.05"
"XSULFCARBAMIDE","rent",-0.177625686059473,0.674575949400873,FALSE,"rent",77,6,19,"GroupFilter=TRUE;MinGroup=10;Top=TRUE;TopPct=0.05;Bottom=FALSE;BottomPct=0.05"
"XSULFCARBAMIDE","Poverty_150",-0.115152402881289,0.78121010890062,FALSE,"Poverty_150",77,6,19,"GroupFilter=TRUE;MinGroup=10;Top=TRUE;TopPct=0.05;Bottom=FALSE;BottomPct=0.05"
"XSULFCARBAMIDE","Unemployed",-0.0960383021942188,0.815944664942537,FALSE,"Unemployed",77,6,19,"GroupFilter=TRUE;MinGroup=10;Top=TRUE;TopPct=0.05;Bottom=FALSE;BottomPct=0.05"
"XSULFCARBAMIDE","Working_class",-0.139804883280014,0.745640658414272,FALSE,"Working_class",77,6,19,"GroupFilter=TRUE;MinGroup=10;Top=TRUE;TopPct=0.05;Bottom=FALSE;BottomPct=0.05"
"XSULFOSATE","NULL",1.95355152840829,0.0461446546963402,TRUE,"",512,49,11,"GroupFilter=TRUE;MinGroup=10;Top=TRUE;TopPct=0.05;Bottom=FALSE;BottomPct=0.05"
"XSULFOSATE","Education.index",1.95657016276855,0.0454230556348847,TRUE,"Education.index",512,49,11,"GroupFilter=TRUE;MinGroup=10;Top=TRUE;TopPct=0.05;Bottom=FALSE;BottomPct=0.05"
"XSULFOSATE","Income",1.90112128141889,0.0545548435346035,FALSE,"Income",512,49,11,"GroupFilter=TRUE;MinGroup=10;Top=TRUE;TopPct=0.05;Bottom=FALSE;BottomPct=0.05"
"XSULFOSATE","home_value",1.95133350027442,0.0489292180946625,TRUE,"home_value",512,49,11,"GroupFilter=TRUE;MinGroup=10;Top=TRUE;TopPct=0.05;Bottom=FALSE;BottomPct=0.05"
"XSULFOSATE","rent",1.80447881313555,0.0661705395776148,FALSE,"rent",512,49,11,"GroupFilter=TRUE;MinGroup=10;Top=TRUE;TopPct=0.05;Bottom=FALSE;BottomPct=0.05"
"XSULFOSATE","Poverty_150",1.97174042028232,0.0445029691003369,TRUE,"Poverty_150",512,49,11,"GroupFilter=TRUE;MinGroup=10;Top=TRUE;TopPct=0.05;Bottom=FALSE;BottomPct=0.05"
"XSULFOSATE","Unemployed",1.96801395776291,0.0453195158050474,TRUE,"Unemployed",512,49,11,"GroupFilter=TRUE;MinGroup=10;Top=TRUE;TopPct=0.05;Bottom=FALSE;BottomPct=0.05"
"XSULFOSATE","Working_class",1.95811873644405,0.0460173960452855,TRUE,"Working_class",512,49,11,"GroupFilter=TRUE;MinGroup=10;Top=TRUE;TopPct=0.05;Bottom=FALSE;BottomPct=0.05"
"XSULFUR","NULL",-0.127584124273354,0.385147574082448,FALSE,"",1347,69,21,"GroupFilter=TRUE;MinGroup=10;Top=TRUE;TopPct=0.05;Bottom=FALSE;BottomPct=0.05"
"XSULFUR","Education.index",-0.0128634554971426,0.930604266466738,FALSE,"Education.index",1347,69,21,"GroupFilter=TRUE;MinGroup=10;Top=TRUE;TopPct=0.05;Bottom=FALSE;BottomPct=0.05"
"XSULFUR","Income",-0.0880028757488806,0.582268063142607,FALSE,"Income",1347,69,21,"GroupFilter=TRUE;MinGroup=10;Top=TRUE;TopPct=0.05;Bottom=FALSE;BottomPct=0.05"
"XSULFUR","home_value",-0.058001731630115,0.708350896876876,FALSE,"home_value",1347,69,21,"GroupFilter=TRUE;MinGroup=10;Top=TRUE;TopPct=0.05;Bottom=FALSE;BottomPct=0.05"
"XSULFUR","rent",-0.0368130563749651,0.812843079667551,FALSE,"rent",1347,69,21,"GroupFilter=TRUE;MinGroup=10;Top=TRUE;TopPct=0.05;Bottom=FALSE;BottomPct=0.05"
"XSULFUR","Poverty_150",-0.148358084436076,0.352138609812017,FALSE,"Poverty_150",1347,69,21,"GroupFilter=TRUE;MinGroup=10;Top=TRUE;TopPct=0.05;Bottom=FALSE;BottomPct=0.05"
"XSULFUR","Unemployed",-0.136119255385788,0.366580741687099,FALSE,"Unemployed",1347,69,21,"GroupFilter=TRUE;MinGroup=10;Top=TRUE;TopPct=0.05;Bottom=FALSE;BottomPct=0.05"
"XSULFUR","Working_class",-0.105818871375319,0.489063022181186,FALSE,"Working_class",1347,69,21,"GroupFilter=TRUE;MinGroup=10;Top=TRUE;TopPct=0.05;Bottom=FALSE;BottomPct=0.05"
"XSULFUR","Combined_SES",-0.0128634554971426,0.930604266466738,FALSE,"Education.index",1347,69,21,"GroupFilter=TRUE;MinGroup=10;Top=TRUE;TopPct=0.05;Bottom=FALSE;BottomPct=0.05"
"XSULFURICACID","NULL",-0.175991571773723,0.38104468200237,FALSE,"",347,19,21,"GroupFilter=TRUE;MinGroup=10;Top=TRUE;TopPct=0.05;Bottom=FALSE;BottomPct=0.05"
"XSULFURICACID","Education.index",0.0184069954533762,0.911229170467235,FALSE,"Education.index",347,19,21,"GroupFilter=TRUE;MinGroup=10;Top=TRUE;TopPct=0.05;Bottom=FALSE;BottomPct=0.05"
"XSULFURICACID","Income",-0.130762166597678,0.472471336146198,FALSE,"Income",347,19,21,"GroupFilter=TRUE;MinGroup=10;Top=TRUE;TopPct=0.05;Bottom=FALSE;BottomPct=0.05"
"XSULFURICACID","home_value",-0.144520995787591,0.424528875995726,FALSE,"home_value",347,19,21,"GroupFilter=TRUE;MinGroup=10;Top=TRUE;TopPct=0.05;Bottom=FALSE;BottomPct=0.05"
"XSULFURICACID","rent",-0.196823145482936,0.318928579709892,FALSE,"rent",347,19,21,"GroupFilter=TRUE;MinGroup=10;Top=TRUE;TopPct=0.05;Bottom=FALSE;BottomPct=0.05"
"XSULFURICACID","Poverty_150",-0.119988970071075,0.478386627734647,FALSE,"Poverty_150",347,19,21,"GroupFilter=TRUE;MinGroup=10;Top=TRUE;TopPct=0.05;Bottom=FALSE;BottomPct=0.05"
"XSULFURICACID","Unemployed",-0.0714554182717074,0.664509803979924,FALSE,"Unemployed",347,19,21,"GroupFilter=TRUE;MinGroup=10;Top=TRUE;TopPct=0.05;Bottom=FALSE;BottomPct=0.05"
"XSULFURICACID","Working_class",-0.241621195508789,0.255497328601804,FALSE,"Working_class",347,19,21,"GroupFilter=TRUE;MinGroup=10;Top=TRUE;TopPct=0.05;Bottom=FALSE;BottomPct=0.05"
"XSULFURICACID","Combined_SES",-0.0295786964112653,0.8625497274817,FALSE,"Education.index, Income, home_value, Poverty_150, Unemployed",347,19,21,"GroupFilter=TRUE;MinGroup=10;Top=TRUE;TopPct=0.05;Bottom=FALSE;BottomPct=0.05"
"XTEBUTHIURON","NULL",0.243446748536211,0.630788768656939,FALSE,"",316,31,17,"GroupFilter=TRUE;MinGroup=10;Top=TRUE;TopPct=0.05;Bottom=FALSE;BottomPct=0.05"
"XTEBUTHIURON","Education.index",0.191049397167584,0.710211577877499,FALSE,"Education.index",316,31,17,"GroupFilter=TRUE;MinGroup=10;Top=TRUE;TopPct=0.05;Bottom=FALSE;BottomPct=0.05"
"XTEBUTHIURON","Income",0.229650840435894,0.653190879444498,FALSE,"Income",316,31,17,"GroupFilter=TRUE;MinGroup=10;Top=TRUE;TopPct=0.05;Bottom=FALSE;BottomPct=0.05"
"XTEBUTHIURON","home_value",0.183706936157851,0.717049311299121,FALSE,"home_value",316,31,17,"GroupFilter=TRUE;MinGroup=10;Top=TRUE;TopPct=0.05;Bottom=FALSE;BottomPct=0.05"
"XTEBUTHIURON","rent",0.141497574513166,0.780703764435299,FALSE,"rent",316,31,17,"GroupFilter=TRUE;MinGroup=10;Top=TRUE;TopPct=0.05;Bottom=FALSE;BottomPct=0.05"
"XTEBUTHIURON","Poverty_150",0.362760345509303,0.482965451104035,FALSE,"Poverty_150",316,31,17,"GroupFilter=TRUE;MinGroup=10;Top=TRUE;TopPct=0.05;Bottom=FALSE;BottomPct=0.05"
"XTEBUTHIURON","Unemployed",0.363459803697202,0.481332751887951,FALSE,"Unemployed",316,31,17,"GroupFilter=TRUE;MinGroup=10;Top=TRUE;TopPct=0.05;Bottom=FALSE;BottomPct=0.05"
"XTEBUTHIURON","Working_class",0.239075410631093,0.637050709900676,FALSE,"Working_class",316,31,17,"GroupFilter=TRUE;MinGroup=10;Top=TRUE;TopPct=0.05;Bottom=FALSE;BottomPct=0.05"
"XTEFLUTHRIN","NULL",0.316320887864769,0.0235037902320399,TRUE,"",1372,73,21,"GroupFilter=TRUE;MinGroup=10;Top=TRUE;TopPct=0.05;Bottom=FALSE;BottomPct=0.05"
"XTEFLUTHRIN","Education.index",0.301200369136279,0.0337397648937777,TRUE,"Education.index",1372,73,21,"GroupFilter=TRUE;MinGroup=10;Top=TRUE;TopPct=0.05;Bottom=FALSE;BottomPct=0.05"
"XTEFLUTHRIN","Income",0.314667263231325,0.0258595237468687,TRUE,"Income",1372,73,21,"GroupFilter=TRUE;MinGroup=10;Top=TRUE;TopPct=0.05;Bottom=FALSE;BottomPct=0.05"
"XTEFLUTHRIN","home_value",0.28669434416091,0.0609160249412343,FALSE,"home_value",1372,73,21,"GroupFilter=TRUE;MinGroup=10;Top=TRUE;TopPct=0.05;Bottom=FALSE;BottomPct=0.05"
"XTEFLUTHRIN","rent",0.227772583301419,0.140471302953575,FALSE,"rent",1372,73,21,"GroupFilter=TRUE;MinGroup=10;Top=TRUE;TopPct=0.05;Bottom=FALSE;BottomPct=0.05"
"XTEFLUTHRIN","Poverty_150",0.283921126284271,0.0476865845335328,TRUE,"Poverty_150",1372,73,21,"GroupFilter=TRUE;MinGroup=10;Top=TRUE;TopPct=0.05;Bottom=FALSE;BottomPct=0.05"
"XTEFLUTHRIN","Unemployed",0.250911437932181,0.116682198435364,FALSE,"Unemployed",1372,73,21,"GroupFilter=TRUE;MinGroup=10;Top=TRUE;TopPct=0.05;Bottom=FALSE;BottomPct=0.05"
"XTEFLUTHRIN","Working_class",0.30820069143016,0.0327650471886813,TRUE,"Working_class",1372,73,21,"GroupFilter=TRUE;MinGroup=10;Top=TRUE;TopPct=0.05;Bottom=FALSE;BottomPct=0.05"
"XTERBACIL","NULL",-0.0464547729234398,0.81737053171659,FALSE,"",860,54,21,"GroupFilter=TRUE;MinGroup=10;Top=TRUE;TopPct=0.05;Bottom=FALSE;BottomPct=0.05"
"XTERBACIL","Education.index",-0.0795410374892222,0.688389448054997,FALSE,"Education.index",860,54,21,"GroupFilter=TRUE;MinGroup=10;Top=TRUE;TopPct=0.05;Bottom=FALSE;BottomPct=0.05"
"XTERBACIL","Income",-0.0368015176631894,0.856326306174567,FALSE,"Income",860,54,21,"GroupFilter=TRUE;MinGroup=10;Top=TRUE;TopPct=0.05;Bottom=FALSE;BottomPct=0.05"
"XTERBACIL","home_value",-0.0336093421807808,0.865800665133941,FALSE,"home_value",860,54,21,"GroupFilter=TRUE;MinGroup=10;Top=TRUE;TopPct=0.05;Bottom=FALSE;BottomPct=0.05"
"XTERBACIL","rent",-0.00150889977645987,0.993934821080966,FALSE,"rent",860,54,21,"GroupFilter=TRUE;MinGroup=10;Top=TRUE;TopPct=0.05;Bottom=FALSE;BottomPct=0.05"
"XTERBACIL","Poverty_150",-0.0438325839976955,0.827353827763623,FALSE,"Poverty_150",860,54,21,"GroupFilter=TRUE;MinGroup=10;Top=TRUE;TopPct=0.05;Bottom=FALSE;BottomPct=0.05"
"XTERBACIL","Unemployed",-0.0167942060546684,0.931662993820435,FALSE,"Unemployed",860,54,21,"GroupFilter=TRUE;MinGroup=10;Top=TRUE;TopPct=0.05;Bottom=FALSE;BottomPct=0.05"
"XTERBACIL","Working_class",-0.0254101625260246,0.900571721140551,FALSE,"Working_class",860,54,21,"GroupFilter=TRUE;MinGroup=10;Top=TRUE;TopPct=0.05;Bottom=FALSE;BottomPct=0.05"
"XTERBACIL","Combined_SES",0.0165377843558951,0.932430138918874,FALSE,"rent, Unemployed",860,54,21,"GroupFilter=TRUE;MinGroup=10;Top=TRUE;TopPct=0.05;Bottom=FALSE;BottomPct=0.05"
"XTERBUFOS","NULL",0.344531190775205,0.00465585158364691,TRUE,"",1527,87,21,"GroupFilter=TRUE;MinGroup=10;Top=TRUE;TopPct=0.05;Bottom=FALSE;BottomPct=0.05"
"XTERBUFOS","Education.index",0.337686878186631,0.00472377898302506,TRUE,"Education.index",1527,87,21,"GroupFilter=TRUE;MinGroup=10;Top=TRUE;TopPct=0.05;Bottom=FALSE;BottomPct=0.05"
"XTERBUFOS","Income",0.345381024944513,0.00462975920345495,TRUE,"Income",1527,87,21,"GroupFilter=TRUE;MinGroup=10;Top=TRUE;TopPct=0.05;Bottom=FALSE;BottomPct=0.05"
"XTERBUFOS","home_value",0.319559222925051,0.0111874575047789,TRUE,"home_value",1527,87,21,"GroupFilter=TRUE;MinGroup=10;Top=TRUE;TopPct=0.05;Bottom=FALSE;BottomPct=0.05"
"XTERBUFOS","rent",0.298167945308601,0.0171460791431289,TRUE,"rent",1527,87,21,"GroupFilter=TRUE;MinGroup=10;Top=TRUE;TopPct=0.05;Bottom=FALSE;BottomPct=0.05"
"XTERBUFOS","Poverty_150",0.33704231322065,0.0120849159699714,TRUE,"Poverty_150",1527,87,21,"GroupFilter=TRUE;MinGroup=10;Top=TRUE;TopPct=0.05;Bottom=FALSE;BottomPct=0.05"
"XTERBUFOS","Unemployed",0.385713012602298,0.00821490491477343,TRUE,"Unemployed",1527,87,21,"GroupFilter=TRUE;MinGroup=10;Top=TRUE;TopPct=0.05;Bottom=FALSE;BottomPct=0.05"
"XTERBUFOS","Working_class",0.329328211430555,0.00771815443967791,TRUE,"Working_class",1527,87,21,"GroupFilter=TRUE;MinGroup=10;Top=TRUE;TopPct=0.05;Bottom=FALSE;BottomPct=0.05"
"XTERBUFOS","Combined_SES",0.337686878186631,0.00472377898302506,TRUE,"Education.index",1527,87,21,"GroupFilter=TRUE;MinGroup=10;Top=TRUE;TopPct=0.05;Bottom=FALSE;BottomPct=0.05"
"XTHIDIAZURON","NULL",0.287043405832324,0.594246728579272,FALSE,"",90,5,20,"GroupFilter=TRUE;MinGroup=10;Top=TRUE;TopPct=0.05;Bottom=FALSE;BottomPct=0.05"
"XTHIDIAZURON","Education.index",0.38642681121462,0.540834570451954,FALSE,"Education.index",90,5,20,"GroupFilter=TRUE;MinGroup=10;Top=TRUE;TopPct=0.05;Bottom=FALSE;BottomPct=0.05"
"XTHIDIAZURON","Income",0.258801123499067,0.626845062350758,FALSE,"Income",90,5,20,"GroupFilter=TRUE;MinGroup=10;Top=TRUE;TopPct=0.05;Bottom=FALSE;BottomPct=0.05"
"XTHIDIAZURON","home_value",-0.267454268164293,0.653809751426476,FALSE,"home_value",90,5,20,"GroupFilter=TRUE;MinGroup=10;Top=TRUE;TopPct=0.05;Bottom=FALSE;BottomPct=0.05"
"XTHIDIAZURON","rent",-0.176137012551439,0.742161400204958,FALSE,"rent",90,5,20,"GroupFilter=TRUE;MinGroup=10;Top=TRUE;TopPct=0.05;Bottom=FALSE;BottomPct=0.05"
"XTHIDIAZURON","Poverty_150",0.266693386351536,0.668614840624608,FALSE,"Poverty_150",90,5,20,"GroupFilter=TRUE;MinGroup=10;Top=TRUE;TopPct=0.05;Bottom=FALSE;BottomPct=0.05"
"XTHIDIAZURON","Unemployed",0.383540729641389,0.483494946885828,FALSE,"Unemployed",90,5,20,"GroupFilter=TRUE;MinGroup=10;Top=TRUE;TopPct=0.05;Bottom=FALSE;BottomPct=0.05"
"XTHIDIAZURON","Working_class",-0.347986714933946,0.560452198048956,FALSE,"Working_class",90,5,20,"GroupFilter=TRUE;MinGroup=10;Top=TRUE;TopPct=0.05;Bottom=FALSE;BottomPct=0.05"
"XTHIDIAZURON","Combined_SES",-0.457883045602176,0.481981861526065,FALSE,"home_value, rent, Poverty_150, Working_class",90,5,20,"GroupFilter=TRUE;MinGroup=10;Top=TRUE;TopPct=0.05;Bottom=FALSE;BottomPct=0.05"
"XTHIFENSULFURON","NULL",0.306611247537725,0.0408382117199143,TRUE,"",1624,87,21,"GroupFilter=TRUE;MinGroup=10;Top=TRUE;TopPct=0.05;Bottom=FALSE;BottomPct=0.05"
"XTHIFENSULFURON","Education.index",0.342261308936141,0.0163657595372139,TRUE,"Education.index",1624,87,21,"GroupFilter=TRUE;MinGroup=10;Top=TRUE;TopPct=0.05;Bottom=FALSE;BottomPct=0.05"
"XTHIFENSULFURON","Income",0.317478646260101,0.0339692224765139,TRUE,"Income",1624,87,21,"GroupFilter=TRUE;MinGroup=10;Top=TRUE;TopPct=0.05;Bottom=FALSE;BottomPct=0.05"
"XTHIFENSULFURON","home_value",0.246978907962718,0.10574114431321,FALSE,"home_value",1624,87,21,"GroupFilter=TRUE;MinGroup=10;Top=TRUE;TopPct=0.05;Bottom=FALSE;BottomPct=0.05"
"XTHIFENSULFURON","rent",0.221572511130167,0.144115087102052,FALSE,"rent",1624,87,21,"GroupFilter=TRUE;MinGroup=10;Top=TRUE;TopPct=0.05;Bottom=FALSE;BottomPct=0.05"
"XTHIFENSULFURON","Poverty_150",0.322312708509007,0.0526835506796409,FALSE,"Poverty_150",1624,87,21,"GroupFilter=TRUE;MinGroup=10;Top=TRUE;TopPct=0.05;Bottom=FALSE;BottomPct=0.05"
"XTHIFENSULFURON","Unemployed",0.391472555747089,0.0265709359577934,TRUE,"Unemployed",1624,87,21,"GroupFilter=TRUE;MinGroup=10;Top=TRUE;TopPct=0.05;Bottom=FALSE;BottomPct=0.05"
"XTHIFENSULFURON","Working_class",0.296916196775095,0.0484215462866312,TRUE,"Working_class",1624,87,21,"GroupFilter=TRUE;MinGroup=10;Top=TRUE;TopPct=0.05;Bottom=FALSE;BottomPct=0.05"
"XTHIFENSULFURON","Combined_SES",0.338564176583797,0.0301697157173002,TRUE,"Education.index, rent",1624,87,21,"GroupFilter=TRUE;MinGroup=10;Top=TRUE;TopPct=0.05;Bottom=FALSE;BottomPct=0.05"
"XTHIODICARB","NULL",0.670692275148254,0.0045843413498455,TRUE,"",201,12,21,"GroupFilter=TRUE;MinGroup=10;Top=TRUE;TopPct=0.05;Bottom=FALSE;BottomPct=0.05"
"XTHIODICARB","Education.index",0.445489320752518,0.0554212343390985,FALSE,"Education.index",201,12,21,"GroupFilter=TRUE;MinGroup=10;Top=TRUE;TopPct=0.05;Bottom=FALSE;BottomPct=0.05"
"XTHIODICARB","Income",0.516624499152815,0.0247608411388111,TRUE,"Income",201,12,21,"GroupFilter=TRUE;MinGroup=10;Top=TRUE;TopPct=0.05;Bottom=FALSE;BottomPct=0.05"
"XTHIODICARB","home_value",0.629072845918186,0.00893913632397205,TRUE,"home_value",201,12,21,"GroupFilter=TRUE;MinGroup=10;Top=TRUE;TopPct=0.05;Bottom=FALSE;BottomPct=0.05"
"XTHIODICARB","rent",0.642112481176597,0.00640782884360661,TRUE,"rent",201,12,21,"GroupFilter=TRUE;MinGroup=10;Top=TRUE;TopPct=0.05;Bottom=FALSE;BottomPct=0.05"
"XTHIODICARB","Poverty_150",0.464801268201481,0.0514290541538519,FALSE,"Poverty_150",201,12,21,"GroupFilter=TRUE;MinGroup=10;Top=TRUE;TopPct=0.05;Bottom=FALSE;BottomPct=0.05"
"XTHIODICARB","Unemployed",0.838429733183377,0.000801518005164536,TRUE,"Unemployed",201,12,21,"GroupFilter=TRUE;MinGroup=10;Top=TRUE;TopPct=0.05;Bottom=FALSE;BottomPct=0.05"
"XTHIODICARB","Working_class",0.381097110799433,0.118386733618685,FALSE,"Working_class",201,12,21,"GroupFilter=TRUE;MinGroup=10;Top=TRUE;TopPct=0.05;Bottom=FALSE;BottomPct=0.05"
"XTHIODICARB","Combined_SES",0.512236499134137,0.0345304666995655,TRUE,"Education.index, Income, Poverty_150, Working_class",201,12,21,"GroupFilter=TRUE;MinGroup=10;Top=TRUE;TopPct=0.05;Bottom=FALSE;BottomPct=0.05"
"XTHIOPHANATEMETHYL","NULL",0.190721338220825,0.273474824207025,FALSE,"",1285,71,21,"GroupFilter=TRUE;MinGroup=10;Top=TRUE;TopPct=0.05;Bottom=FALSE;BottomPct=0.05"
"XTHIOPHANATEMETHYL","Education.index",0.242502938837863,0.157675304627945,FALSE,"Education.index",1285,71,21,"GroupFilter=TRUE;MinGroup=10;Top=TRUE;TopPct=0.05;Bottom=FALSE;BottomPct=0.05"
"XTHIOPHANATEMETHYL","Income",0.265829512545332,0.157597111618186,FALSE,"Income",1285,71,21,"GroupFilter=TRUE;MinGroup=10;Top=TRUE;TopPct=0.05;Bottom=FALSE;BottomPct=0.05"
"XTHIOPHANATEMETHYL","home_value",0.312025676869039,0.0818795442325116,FALSE,"home_value",1285,71,21,"GroupFilter=TRUE;MinGroup=10;Top=TRUE;TopPct=0.05;Bottom=FALSE;BottomPct=0.05"
"XTHIOPHANATEMETHYL","rent",0.332726928798294,0.0612003927884555,FALSE,"rent",1285,71,21,"GroupFilter=TRUE;MinGroup=10;Top=TRUE;TopPct=0.05;Bottom=FALSE;BottomPct=0.05"
"XTHIOPHANATEMETHYL","Poverty_150",0.129423307073266,0.495234910697542,FALSE,"Poverty_150",1285,71,21,"GroupFilter=TRUE;MinGroup=10;Top=TRUE;TopPct=0.05;Bottom=FALSE;BottomPct=0.05"
"XTHIOPHANATEMETHYL","Unemployed",0.169399283976126,0.329757655847121,FALSE,"Unemployed",1285,71,21,"GroupFilter=TRUE;MinGroup=10;Top=TRUE;TopPct=0.05;Bottom=FALSE;BottomPct=0.05"
"XTHIOPHANATEMETHYL","Working_class",0.256931538092374,0.140349909635262,FALSE,"Working_class",1285,71,21,"GroupFilter=TRUE;MinGroup=10;Top=TRUE;TopPct=0.05;Bottom=FALSE;BottomPct=0.05"
"XTHIOPHANATEMETHYL","Combined_SES",0.317069339903506,0.0770918477348155,FALSE,"Education.index, home_value, rent, Working_class",1285,71,21,"GroupFilter=TRUE;MinGroup=10;Top=TRUE;TopPct=0.05;Bottom=FALSE;BottomPct=0.05"
"XTHIRAM","NULL",0.14508031768883,0.594588649484309,FALSE,"",390,30,21,"GroupFilter=TRUE;MinGroup=10;Top=TRUE;TopPct=0.05;Bottom=FALSE;BottomPct=0.05"
"XTHIRAM","Education.index",0.14102932693499,0.593985315251148,FALSE,"Education.index",390,30,21,"GroupFilter=TRUE;MinGroup=10;Top=TRUE;TopPct=0.05;Bottom=FALSE;BottomPct=0.05"
"XTHIRAM","Income",0.164972119770363,0.545821894635918,FALSE,"Income",390,30,21,"GroupFilter=TRUE;MinGroup=10;Top=TRUE;TopPct=0.05;Bottom=FALSE;BottomPct=0.05"
"XTHIRAM","home_value",0.072198733931908,0.795365955631926,FALSE,"home_value",390,30,21,"GroupFilter=TRUE;MinGroup=10;Top=TRUE;TopPct=0.05;Bottom=FALSE;BottomPct=0.05"
"XTHIRAM","rent",0.0962464859187207,0.72248424110111,FALSE,"rent",390,30,21,"GroupFilter=TRUE;MinGroup=10;Top=TRUE;TopPct=0.05;Bottom=FALSE;BottomPct=0.05"
"XTHIRAM","Poverty_150",0.202284063391575,0.489476843573859,FALSE,"Poverty_150",390,30,21,"GroupFilter=TRUE;MinGroup=10;Top=TRUE;TopPct=0.05;Bottom=FALSE;BottomPct=0.05"
"XTHIRAM","Unemployed",-0.00279073217718776,0.992436178780687,FALSE,"Unemployed",390,30,21,"GroupFilter=TRUE;MinGroup=10;Top=TRUE;TopPct=0.05;Bottom=FALSE;BottomPct=0.05"
"XTHIRAM","Working_class",0.154113457916592,0.571643878267639,FALSE,"Working_class",390,30,21,"GroupFilter=TRUE;MinGroup=10;Top=TRUE;TopPct=0.05;Bottom=FALSE;BottomPct=0.05"
"XTHIRAM","Combined_SES",0.14102932693499,0.593985315251148,FALSE,"Education.index",390,30,21,"GroupFilter=TRUE;MinGroup=10;Top=TRUE;TopPct=0.05;Bottom=FALSE;BottomPct=0.05"
"XTRIALLATE","NULL",-0.351068923462153,0.0467248683426767,TRUE,"",381,21,21,"GroupFilter=TRUE;MinGroup=10;Top=TRUE;TopPct=0.05;Bottom=FALSE;BottomPct=0.05"
"XTRIALLATE","Education.index",-0.296205644340517,0.113035718331124,FALSE,"Education.index",381,21,21,"GroupFilter=TRUE;MinGroup=10;Top=TRUE;TopPct=0.05;Bottom=FALSE;BottomPct=0.05"
"XTRIALLATE","Income",-0.362592886852475,0.0521782750958383,FALSE,"Income",381,21,21,"GroupFilter=TRUE;MinGroup=10;Top=TRUE;TopPct=0.05;Bottom=FALSE;BottomPct=0.05"
"XTRIALLATE","home_value",-0.347630425588485,0.0604153779864314,FALSE,"home_value",381,21,21,"GroupFilter=TRUE;MinGroup=10;Top=TRUE;TopPct=0.05;Bottom=FALSE;BottomPct=0.05"
"XTRIALLATE","rent",-0.335348248739912,0.0730472710707478,FALSE,"rent",381,21,21,"GroupFilter=TRUE;MinGroup=10;Top=TRUE;TopPct=0.05;Bottom=FALSE;BottomPct=0.05"
"XTRIALLATE","Poverty_150",-0.326944868513556,0.0851302963575558,FALSE,"Poverty_150",381,21,21,"GroupFilter=TRUE;MinGroup=10;Top=TRUE;TopPct=0.05;Bottom=FALSE;BottomPct=0.05"
"XTRIALLATE","Unemployed",-0.252804868594139,0.173154118333315,FALSE,"Unemployed",381,21,21,"GroupFilter=TRUE;MinGroup=10;Top=TRUE;TopPct=0.05;Bottom=FALSE;BottomPct=0.05"
"XTRIALLATE","Working_class",-0.352200726607127,0.0544236022640345,FALSE,"Working_class",381,21,21,"GroupFilter=TRUE;MinGroup=10;Top=TRUE;TopPct=0.05;Bottom=FALSE;BottomPct=0.05"
"XTRIADIMEFON","NULL",0.250891356535542,0.189545230685004,FALSE,"",387,26,20,"GroupFilter=TRUE;MinGroup=10;Top=TRUE;TopPct=0.05;Bottom=FALSE;BottomPct=0.05"
"XTRIADIMEFON","Education.index",0.242494692638448,0.208354065902715,FALSE,"Education.index",387,26,20,"GroupFilter=TRUE;MinGroup=10;Top=TRUE;TopPct=0.05;Bottom=FALSE;BottomPct=0.05"
"XTRIADIMEFON","Income",0.289271872042855,0.196662115674848,FALSE,"Income",387,26,20,"GroupFilter=TRUE;MinGroup=10;Top=TRUE;TopPct=0.05;Bottom=FALSE;BottomPct=0.05"
"XTRIADIMEFON","home_value",0.29957117128875,0.136936063118964,FALSE,"home_value",387,26,20,"GroupFilter=TRUE;MinGroup=10;Top=TRUE;TopPct=0.05;Bottom=FALSE;BottomPct=0.05"
"XTRIADIMEFON","rent",0.345653972743074,0.0904391413798041,FALSE,"rent",387,26,20,"GroupFilter=TRUE;MinGroup=10;Top=TRUE;TopPct=0.05;Bottom=FALSE;BottomPct=0.05"
"XTRIADIMEFON","Poverty_150",0.16898308331258,0.462524536479802,FALSE,"Poverty_150",387,26,20,"GroupFilter=TRUE;MinGroup=10;Top=TRUE;TopPct=0.05;Bottom=FALSE;BottomPct=0.05"
"XTRIADIMEFON","Unemployed",0.096068826851226,0.635065457276137,FALSE,"Unemployed",387,26,20,"GroupFilter=TRUE;MinGroup=10;Top=TRUE;TopPct=0.05;Bottom=FALSE;BottomPct=0.05"
"XTRIADIMEFON","Working_class",0.210904974767905,0.309377208959756,FALSE,"Working_class",387,26,20,"GroupFilter=TRUE;MinGroup=10;Top=TRUE;TopPct=0.05;Bottom=FALSE;BottomPct=0.05"
"XTRIADIMEFON","Combined_SES",0.096068826851226,0.635065457276137,FALSE,"Unemployed",387,26,20,"GroupFilter=TRUE;MinGroup=10;Top=TRUE;TopPct=0.05;Bottom=FALSE;BottomPct=0.05"
"XTRIASULFURON","NULL",0.621935386170458,0.0729564327583719,FALSE,"",379,24,21,"GroupFilter=TRUE;MinGroup=10;Top=TRUE;TopPct=0.05;Bottom=FALSE;BottomPct=0.05"
"XTRIASULFURON","Education.index",0.621506219302943,0.0742413897951587,FALSE,"Education.index",379,24,21,"GroupFilter=TRUE;MinGroup=10;Top=TRUE;TopPct=0.05;Bottom=FALSE;BottomPct=0.05"
"XTRIASULFURON","Income",0.58793208351426,0.0964806683651677,FALSE,"Income",379,24,21,"GroupFilter=TRUE;MinGroup=10;Top=TRUE;TopPct=0.05;Bottom=FALSE;BottomPct=0.05"
"XTRIASULFURON","home_value",0.592386445172307,0.087461713836707,FALSE,"home_value",379,24,21,"GroupFilter=TRUE;MinGroup=10;Top=TRUE;TopPct=0.05;Bottom=FALSE;BottomPct=0.05"
"XTRIASULFURON","rent",0.563356505276838,0.103450688779482,FALSE,"rent",379,24,21,"GroupFilter=TRUE;MinGroup=10;Top=TRUE;TopPct=0.05;Bottom=FALSE;BottomPct=0.05"
"XTRIASULFURON","Poverty_150",0.673497837932551,0.0589033375480453,FALSE,"Poverty_150",379,24,21,"GroupFilter=TRUE;MinGroup=10;Top=TRUE;TopPct=0.05;Bottom=FALSE;BottomPct=0.05"
"XTRIASULFURON","Unemployed",0.680784911346934,0.0579350826284324,FALSE,"Unemployed",379,24,21,"GroupFilter=TRUE;MinGroup=10;Top=TRUE;TopPct=0.05;Bottom=FALSE;BottomPct=0.05"
"XTRIASULFURON","Working_class",0.630921249283972,0.0725941573921426,FALSE,"Working_class",379,24,21,"GroupFilter=TRUE;MinGroup=10;Top=TRUE;TopPct=0.05;Bottom=FALSE;BottomPct=0.05"
"XTRIBENURONMETHYL","NULL",0.287463164535775,0.10316639290121,FALSE,"",1271,74,21,"GroupFilter=TRUE;MinGroup=10;Top=TRUE;TopPct=0.05;Bottom=FALSE;BottomPct=0.05"
"XTRIBENURONMETHYL","Education.index",0.268646173886851,0.117126635565607,FALSE,"Education.index",1271,74,21,"GroupFilter=TRUE;MinGroup=10;Top=TRUE;TopPct=0.05;Bottom=FALSE;BottomPct=0.05"
"XTRIBENURONMETHYL","Income",0.277943506630395,0.115052554548054,FALSE,"Income",1271,74,21,"GroupFilter=TRUE;MinGroup=10;Top=TRUE;TopPct=0.05;Bottom=FALSE;BottomPct=0.05"
"XTRIBENURONMETHYL","home_value",0.203651589055706,0.271336006925403,FALSE,"home_value",1271,74,21,"GroupFilter=TRUE;MinGroup=10;Top=TRUE;TopPct=0.05;Bottom=FALSE;BottomPct=0.05"
"XTRIBENURONMETHYL","rent",0.163055088929892,0.375951922308232,FALSE,"rent",1271,74,21,"GroupFilter=TRUE;MinGroup=10;Top=TRUE;TopPct=0.05;Bottom=FALSE;BottomPct=0.05"
"XTRIBENURONMETHYL","Poverty_150",0.288489331056352,0.113041327735026,FALSE,"Poverty_150",1271,74,21,"GroupFilter=TRUE;MinGroup=10;Top=TRUE;TopPct=0.05;Bottom=FALSE;BottomPct=0.05"
"XTRIBENURONMETHYL","Unemployed",0.267815152072963,0.157454313785483,FALSE,"Unemployed",1271,74,21,"GroupFilter=TRUE;MinGroup=10;Top=TRUE;TopPct=0.05;Bottom=FALSE;BottomPct=0.05"
"XTRIBENURONMETHYL","Working_class",0.29644106327726,0.0927821540645399,FALSE,"Working_class",1271,74,21,"GroupFilter=TRUE;MinGroup=10;Top=TRUE;TopPct=0.05;Bottom=FALSE;BottomPct=0.05"
"XTRIBENURONMETHYL","Combined_SES",0.240083518977659,0.204938092339587,FALSE,"Education.index, rent",1271,74,21,"GroupFilter=TRUE;MinGroup=10;Top=TRUE;TopPct=0.05;Bottom=FALSE;BottomPct=0.05"
"XTRIBUFOS","NULL",0.625862523356787,0.194923676766069,FALSE,"",95,5,21,"GroupFilter=TRUE;MinGroup=10;Top=TRUE;TopPct=0.05;Bottom=FALSE;BottomPct=0.05"
"XTRIBUFOS","Education.index",0.718709337702721,0.17171220956561,FALSE,"Education.index",95,5,21,"GroupFilter=TRUE;MinGroup=10;Top=TRUE;TopPct=0.05;Bottom=FALSE;BottomPct=0.05"
"XTRIBUFOS","Income",0.805994150522857,0.0949046232457913,FALSE,"Income",95,5,21,"GroupFilter=TRUE;MinGroup=10;Top=TRUE;TopPct=0.05;Bottom=FALSE;BottomPct=0.05"
"XTRIBUFOS","home_value",0.354033175496256,0.475772711166082,FALSE,"home_value",95,5,21,"GroupFilter=TRUE;MinGroup=10;Top=TRUE;TopPct=0.05;Bottom=FALSE;BottomPct=0.05"
"XTRIBUFOS","rent",0.456409496113681,0.327186629649891,FALSE,"rent",95,5,21,"GroupFilter=TRUE;MinGroup=10;Top=TRUE;TopPct=0.05;Bottom=FALSE;BottomPct=0.05"
"XTRIBUFOS","Poverty_150",0.570293597855079,0.316678790504577,FALSE,"Poverty_150",95,5,21,"GroupFilter=TRUE;MinGroup=10;Top=TRUE;TopPct=0.05;Bottom=FALSE;BottomPct=0.05"
"XTRIBUFOS","Unemployed",0.780326631229375,0.111531959883308,FALSE,"Unemployed",95,5,21,"GroupFilter=TRUE;MinGroup=10;Top=TRUE;TopPct=0.05;Bottom=FALSE;BottomPct=0.05"
"XTRIBUFOS","Working_class",-0.0413258774136643,0.942493241225538,FALSE,"Working_class",95,5,21,"GroupFilter=TRUE;MinGroup=10;Top=TRUE;TopPct=0.05;Bottom=FALSE;BottomPct=0.05"
"XTRIBUFOS","Combined_SES",0.0779823198633145,0.895278694325969,FALSE,"Income, rent, Poverty_150, Working_class",95,5,21,"GroupFilter=TRUE;MinGroup=10;Top=TRUE;TopPct=0.05;Bottom=FALSE;BottomPct=0.05"
"XTRICLOPYR","NULL",0.0634201122279474,0.68876665286832,FALSE,"",1885,103,21,"GroupFilter=TRUE;MinGroup=10;Top=TRUE;TopPct=0.05;Bottom=FALSE;BottomPct=0.05"
"XTRICLOPYR","Education.index",0.055265881853569,0.726138496629291,FALSE,"Education.index",1885,103,21,"GroupFilter=TRUE;MinGroup=10;Top=TRUE;TopPct=0.05;Bottom=FALSE;BottomPct=0.05"
"XTRICLOPYR","Income",0.0621396675639129,0.694875898521434,FALSE,"Income",1885,103,21,"GroupFilter=TRUE;MinGroup=10;Top=TRUE;TopPct=0.05;Bottom=FALSE;BottomPct=0.05"
"XTRICLOPYR","home_value",0.043154073119309,0.785655033957422,FALSE,"home_value",1885,103,21,"GroupFilter=TRUE;MinGroup=10;Top=TRUE;TopPct=0.05;Bottom=FALSE;BottomPct=0.05"
"XTRICLOPYR","rent",0.0519894380777886,0.741658285205252,FALSE,"rent",1885,103,21,"GroupFilter=TRUE;MinGroup=10;Top=TRUE;TopPct=0.05;Bottom=FALSE;BottomPct=0.05"
"XTRICLOPYR","Poverty_150",0.0694230608462547,0.660909040647854,FALSE,"Poverty_150",1885,103,21,"GroupFilter=TRUE;MinGroup=10;Top=TRUE;TopPct=0.05;Bottom=FALSE;BottomPct=0.05"
"XTRICLOPYR","Unemployed",0.0576465490590284,0.715335148886882,FALSE,"Unemployed",1885,103,21,"GroupFilter=TRUE;MinGroup=10;Top=TRUE;TopPct=0.05;Bottom=FALSE;BottomPct=0.05"
"XTRICLOPYR","Working_class",0.0568417727690269,0.720148189223766,FALSE,"Working_class",1885,103,21,"GroupFilter=TRUE;MinGroup=10;Top=TRUE;TopPct=0.05;Bottom=FALSE;BottomPct=0.05"
"XTRICLOPYR","Combined_SES",0.0503011710779972,0.749725574790445,FALSE,"Education.index, rent",1885,103,21,"GroupFilter=TRUE;MinGroup=10;Top=TRUE;TopPct=0.05;Bottom=FALSE;BottomPct=0.05"
"XTRIFLURALIN","NULL",0.146901354974061,0.122736244675582,FALSE,"",2001,103,21,"GroupFilter=TRUE;MinGroup=10;Top=TRUE;TopPct=0.05;Bottom=FALSE;BottomPct=0.05"
"XTRIFLURALIN","Education.index",0.0921041072031018,0.33133092360485,FALSE,"Education.index",2001,103,21,"GroupFilter=TRUE;MinGroup=10;Top=TRUE;TopPct=0.05;Bottom=FALSE;BottomPct=0.05"
"XTRIFLURALIN","Income",0.137862791138588,0.163899731791647,FALSE,"Income",2001,103,21,"GroupFilter=TRUE;MinGroup=10;Top=TRUE;TopPct=0.05;Bottom=FALSE;BottomPct=0.05"
"XTRIFLURALIN","home_value",0.0849150132118051,0.418583443060781,FALSE,"home_value",2001,103,21,"GroupFilter=TRUE;MinGroup=10;Top=TRUE;TopPct=0.05;Bottom=FALSE;BottomPct=0.05"
"XTRIFLURALIN","rent",0.0390026707438277,0.715348059644101,FALSE,"rent",2001,103,21,"GroupFilter=TRUE;MinGroup=10;Top=TRUE;TopPct=0.05;Bottom=FALSE;BottomPct=0.05"
"XTRIFLURALIN","Poverty_150",0.143810955531619,0.13252084646968,FALSE,"Poverty_150",2001,103,21,"GroupFilter=TRUE;MinGroup=10;Top=TRUE;TopPct=0.05;Bottom=FALSE;BottomPct=0.05"
"XTRIFLURALIN","Unemployed",0.139950897163037,0.175560550261781,FALSE,"Unemployed",2001,103,21,"GroupFilter=TRUE;MinGroup=10;Top=TRUE;TopPct=0.05;Bottom=FALSE;BottomPct=0.05"
"XTRIFLURALIN","Working_class",0.107808739670916,0.289007081606415,FALSE,"Working_class",2001,103,21,"GroupFilter=TRUE;MinGroup=10;Top=TRUE;TopPct=0.05;Bottom=FALSE;BottomPct=0.05"
"XTRIFLURALIN","Combined_SES",0.057364211670697,0.589430160535592,FALSE,"Education.index, rent",2001,103,21,"GroupFilter=TRUE;MinGroup=10;Top=TRUE;TopPct=0.05;Bottom=FALSE;BottomPct=0.05"
"XVINCLOZOLIN","NULL",-0.0961290252026988,0.589703303616839,FALSE,"",177,13,16,"GroupFilter=TRUE;MinGroup=10;Top=TRUE;TopPct=0.05;Bottom=FALSE;BottomPct=0.05"
"XVINCLOZOLIN","Education.index",-0.0944151486053512,0.597621028300865,FALSE,"Education.index",177,13,16,"GroupFilter=TRUE;MinGroup=10;Top=TRUE;TopPct=0.05;Bottom=FALSE;BottomPct=0.05"
"XVINCLOZOLIN","Income",-0.11162994753647,0.539454896162853,FALSE,"Income",177,13,16,"GroupFilter=TRUE;MinGroup=10;Top=TRUE;TopPct=0.05;Bottom=FALSE;BottomPct=0.05"
"XVINCLOZOLIN","home_value",-0.0975540237675725,0.585765363998823,FALSE,"home_value",177,13,16,"GroupFilter=TRUE;MinGroup=10;Top=TRUE;TopPct=0.05;Bottom=FALSE;BottomPct=0.05"
"XVINCLOZOLIN","rent",-0.10415686922668,0.566183158159268,FALSE,"rent",177,13,16,"GroupFilter=TRUE;MinGroup=10;Top=TRUE;TopPct=0.05;Bottom=FALSE;BottomPct=0.05"
"XVINCLOZOLIN","Poverty_150",-0.106560515367644,0.559330487301239,FALSE,"Poverty_150",177,13,16,"GroupFilter=TRUE;MinGroup=10;Top=TRUE;TopPct=0.05;Bottom=FALSE;BottomPct=0.05"
"XVINCLOZOLIN","Unemployed",-0.120905902228676,0.513460230289545,FALSE,"Unemployed",177,13,16,"GroupFilter=TRUE;MinGroup=10;Top=TRUE;TopPct=0.05;Bottom=FALSE;BottomPct=0.05"
"XVINCLOZOLIN","Working_class",-0.0792831044527362,0.659303159599249,FALSE,"Working_class",177,13,16,"GroupFilter=TRUE;MinGroup=10;Top=TRUE;TopPct=0.05;Bottom=FALSE;BottomPct=0.05"
"XZETACYPERMETHRIN","NULL",0.39485323493856,0.0261752250213313,TRUE,"",1071,93,21,"GroupFilter=TRUE;MinGroup=10;Top=TRUE;TopPct=0.05;Bottom=FALSE;BottomPct=0.05"
"XZETACYPERMETHRIN","Education.index",0.335829482320443,0.0550144651858566,FALSE,"Education.index",1071,93,21,"GroupFilter=TRUE;MinGroup=10;Top=TRUE;TopPct=0.05;Bottom=FALSE;BottomPct=0.05"
"XZETACYPERMETHRIN","Income",0.397704627165082,0.0238692780939882,TRUE,"Income",1071,93,21,"GroupFilter=TRUE;MinGroup=10;Top=TRUE;TopPct=0.05;Bottom=FALSE;BottomPct=0.05"
"XZETACYPERMETHRIN","home_value",0.348311641466971,0.0535256450985946,FALSE,"home_value",1071,93,21,"GroupFilter=TRUE;MinGroup=10;Top=TRUE;TopPct=0.05;Bottom=FALSE;BottomPct=0.05"
"XZETACYPERMETHRIN","rent",0.268049829946834,0.146018712956464,FALSE,"rent",1071,93,21,"GroupFilter=TRUE;MinGroup=10;Top=TRUE;TopPct=0.05;Bottom=FALSE;BottomPct=0.05"
"XZETACYPERMETHRIN","Poverty_150",0.514150862459123,0.00759201316068465,TRUE,"Poverty_150",1071,93,21,"GroupFilter=TRUE;MinGroup=10;Top=TRUE;TopPct=0.05;Bottom=FALSE;BottomPct=0.05"
"XZETACYPERMETHRIN","Unemployed",0.558070935849256,0.00734661329717828,TRUE,"Unemployed",1071,93,21,"GroupFilter=TRUE;MinGroup=10;Top=TRUE;TopPct=0.05;Bottom=FALSE;BottomPct=0.05"
"XZETACYPERMETHRIN","Working_class",0.340108483156653,0.0619151784720846,FALSE,"Working_class",1071,93,21,"GroupFilter=TRUE;MinGroup=10;Top=TRUE;TopPct=0.05;Bottom=FALSE;BottomPct=0.05"
"XZETACYPERMETHRIN","Combined_SES",0.307217376132992,0.0977776872034196,FALSE,"Education.index, rent",1071,93,21,"GroupFilter=TRUE;MinGroup=10;Top=TRUE;TopPct=0.05;Bottom=FALSE;BottomPct=0.05"
"XZINC","NULL",-0.192675317343474,0.448521446692408,FALSE,"",244,17,20,"GroupFilter=TRUE;MinGroup=10;Top=TRUE;TopPct=0.05;Bottom=FALSE;BottomPct=0.05"
"XZINC","Education.index",-0.0758477486911651,0.768165226607197,FALSE,"Education.index",244,17,20,"GroupFilter=TRUE;MinGroup=10;Top=TRUE;TopPct=0.05;Bottom=FALSE;BottomPct=0.05"
"XZINC","Income",-0.182706580858585,0.474243251763755,FALSE,"Income",244,17,20,"GroupFilter=TRUE;MinGroup=10;Top=TRUE;TopPct=0.05;Bottom=FALSE;BottomPct=0.05"
"XZINC","home_value",-0.070845524210252,0.785267371465723,FALSE,"home_value",244,17,20,"GroupFilter=TRUE;MinGroup=10;Top=TRUE;TopPct=0.05;Bottom=FALSE;BottomPct=0.05"
"XZINC","rent",-0.165967665287065,0.517347597058591,FALSE,"rent",244,17,20,"GroupFilter=TRUE;MinGroup=10;Top=TRUE;TopPct=0.05;Bottom=FALSE;BottomPct=0.05"
"XZINC","Poverty_150",-0.126958796264897,0.626069304085258,FALSE,"Poverty_150",244,17,20,"GroupFilter=TRUE;MinGroup=10;Top=TRUE;TopPct=0.05;Bottom=FALSE;BottomPct=0.05"
"XZINC","Unemployed",-0.195789812071977,0.442382316027057,FALSE,"Unemployed",244,17,20,"GroupFilter=TRUE;MinGroup=10;Top=TRUE;TopPct=0.05;Bottom=FALSE;BottomPct=0.05"
"XZINC","Working_class",-0.142532331004354,0.577786286907171,FALSE,"Working_class",244,17,20,"GroupFilter=TRUE;MinGroup=10;Top=TRUE;TopPct=0.05;Bottom=FALSE;BottomPct=0.05"
"XZINC","Combined_SES",-0.0646306184601059,0.803647550310299,FALSE,"Education.index, home_value",244,17,20,"GroupFilter=TRUE;MinGroup=10;Top=TRUE;TopPct=0.05;Bottom=FALSE;BottomPct=0.05"
"XZIRAM","NULL",0.0536595776617991,0.845198843854677,FALSE,"",1037,55,21,"GroupFilter=TRUE;MinGroup=10;Top=TRUE;TopPct=0.05;Bottom=FALSE;BottomPct=0.05"
"XZIRAM","Education.index",0.0870408059205027,0.746482481521951,FALSE,"Education.index",1037,55,21,"GroupFilter=TRUE;MinGroup=10;Top=TRUE;TopPct=0.05;Bottom=FALSE;BottomPct=0.05"
"XZIRAM","Income",0.191736255114826,0.510194391272827,FALSE,"Income",1037,55,21,"GroupFilter=TRUE;MinGroup=10;Top=TRUE;TopPct=0.05;Bottom=FALSE;BottomPct=0.05"
"XZIRAM","home_value",0.109755276591251,0.693569642906757,FALSE,"home_value",1037,55,21,"GroupFilter=TRUE;MinGroup=10;Top=TRUE;TopPct=0.05;Bottom=FALSE;BottomPct=0.05"
"XZIRAM","rent",0.148577881202088,0.590471139567191,FALSE,"rent",1037,55,21,"GroupFilter=TRUE;MinGroup=10;Top=TRUE;TopPct=0.05;Bottom=FALSE;BottomPct=0.05"
"XZIRAM","Poverty_150",0.173343783760583,0.55221881302616,FALSE,"Poverty_150",1037,55,21,"GroupFilter=TRUE;MinGroup=10;Top=TRUE;TopPct=0.05;Bottom=FALSE;BottomPct=0.05"
"XZIRAM","Unemployed",0.0439020931837276,0.874841863440884,FALSE,"Unemployed",1037,55,21,"GroupFilter=TRUE;MinGroup=10;Top=TRUE;TopPct=0.05;Bottom=FALSE;BottomPct=0.05"
"XZIRAM","Working_class",0.0964436598604975,0.728134110010219,FALSE,"Working_class",1037,55,21,"GroupFilter=TRUE;MinGroup=10;Top=TRUE;TopPct=0.05;Bottom=FALSE;BottomPct=0.05"
"XZIRAM","Combined_SES",0.108673607376445,0.69347581853713,FALSE,"Education.index, rent",1037,55,21,"GroupFilter=TRUE;MinGroup=10;Top=TRUE;TopPct=0.05;Bottom=FALSE;BottomPct=0.05"
"XDIMETHENAMID","NULL",0.27810963229704,0.00135018822751646,TRUE,"",1554,98,20,"GroupFilter=TRUE;MinGroup=10;Top=TRUE;TopPct=0.05;Bottom=FALSE;BottomPct=0.05"
"XDIMETHENAMID","Education.index",0.259322764770822,0.00291389838776569,TRUE,"Education.index",1554,98,20,"GroupFilter=TRUE;MinGroup=10;Top=TRUE;TopPct=0.05;Bottom=FALSE;BottomPct=0.05"
"XDIMETHENAMID","Income",0.277096590256758,0.00145681866820292,TRUE,"Income",1554,98,20,"GroupFilter=TRUE;MinGroup=10;Top=TRUE;TopPct=0.05;Bottom=FALSE;BottomPct=0.05"
"XDIMETHENAMID","home_value",0.270896647072171,0.00474186354121922,TRUE,"home_value",1554,98,20,"GroupFilter=TRUE;MinGroup=10;Top=TRUE;TopPct=0.05;Bottom=FALSE;BottomPct=0.05"
"XDIMETHENAMID","rent",0.231665583945504,0.0144302619920696,TRUE,"rent",1554,98,20,"GroupFilter=TRUE;MinGroup=10;Top=TRUE;TopPct=0.05;Bottom=FALSE;BottomPct=0.05"
"XDIMETHENAMID","Poverty_150",0.271393435016237,0.0035975673988166,TRUE,"Poverty_150",1554,98,20,"GroupFilter=TRUE;MinGroup=10;Top=TRUE;TopPct=0.05;Bottom=FALSE;BottomPct=0.05"
"XDIMETHENAMID","Unemployed",0.316326360819544,0.00280248320635682,TRUE,"Unemployed",1554,98,20,"GroupFilter=TRUE;MinGroup=10;Top=TRUE;TopPct=0.05;Bottom=FALSE;BottomPct=0.05"
"XDIMETHENAMID","Working_class",0.279387212875852,0.00181163045961357,TRUE,"Working_class",1554,98,20,"GroupFilter=TRUE;MinGroup=10;Top=TRUE;TopPct=0.05;Bottom=FALSE;BottomPct=0.05"
"XFENBUCONAZOLE","NULL",0.524075057209766,0.0137888418763351,TRUE,"",359,24,18,"GroupFilter=TRUE;MinGroup=10;Top=TRUE;TopPct=0.05;Bottom=FALSE;BottomPct=0.05"
"XFENBUCONAZOLE","Education.index",0.622689401696974,0.0021997362721591,TRUE,"Education.index",359,24,18,"GroupFilter=TRUE;MinGroup=10;Top=TRUE;TopPct=0.05;Bottom=FALSE;BottomPct=0.05"
"XFENBUCONAZOLE","Income",0.438549576669313,0.029162450762573,TRUE,"Income",359,24,18,"GroupFilter=TRUE;MinGroup=10;Top=TRUE;TopPct=0.05;Bottom=FALSE;BottomPct=0.05"
"XFENBUCONAZOLE","home_value",0.51369345695359,0.0111529159799969,TRUE,"home_value",359,24,18,"GroupFilter=TRUE;MinGroup=10;Top=TRUE;TopPct=0.05;Bottom=FALSE;BottomPct=0.05"
"XFENBUCONAZOLE","rent",0.508712376235262,0.0136589150232789,TRUE,"rent",359,24,18,"GroupFilter=TRUE;MinGroup=10;Top=TRUE;TopPct=0.05;Bottom=FALSE;BottomPct=0.05"
"XFENBUCONAZOLE","Poverty_150",0.422676175285811,0.014439892029248,TRUE,"Poverty_150",359,24,18,"GroupFilter=TRUE;MinGroup=10;Top=TRUE;TopPct=0.05;Bottom=FALSE;BottomPct=0.05"
"XFENBUCONAZOLE","Unemployed",0.518880526617669,0.0146504267362371,TRUE,"Unemployed",359,24,18,"GroupFilter=TRUE;MinGroup=10;Top=TRUE;TopPct=0.05;Bottom=FALSE;BottomPct=0.05"
"XFENBUCONAZOLE","Working_class",0.454674260029148,0.0316052473640385,TRUE,"Working_class",359,24,18,"GroupFilter=TRUE;MinGroup=10;Top=TRUE;TopPct=0.05;Bottom=FALSE;BottomPct=0.05"
"XFENBUCONAZOLE","Combined_SES",0.522882278171004,0.00550066161032462,TRUE,"Education.index, Poverty_150",359,24,18,"GroupFilter=TRUE;MinGroup=10;Top=TRUE;TopPct=0.05;Bottom=FALSE;BottomPct=0.05"
"XFLUMETSULAM","NULL",0.402069038802714,0.0305948993280518,TRUE,"",1121,63,19,"GroupFilter=TRUE;MinGroup=10;Top=TRUE;TopPct=0.05;Bottom=FALSE;BottomPct=0.05"
"XFLUMETSULAM","Education.index",0.401177397945198,0.0311855042651942,TRUE,"Education.index",1121,63,19,"GroupFilter=TRUE;MinGroup=10;Top=TRUE;TopPct=0.05;Bottom=FALSE;BottomPct=0.05"
"XFLUMETSULAM","Income",0.429032386504037,0.0267449351883101,TRUE,"Income",1121,63,19,"GroupFilter=TRUE;MinGroup=10;Top=TRUE;TopPct=0.05;Bottom=FALSE;BottomPct=0.05"
"XFLUMETSULAM","home_value",0.455104587936455,0.0268621854515715,TRUE,"home_value",1121,63,19,"GroupFilter=TRUE;MinGroup=10;Top=TRUE;TopPct=0.05;Bottom=FALSE;BottomPct=0.05"
"XFLUMETSULAM","rent",0.354287021116188,0.0919482006866399,FALSE,"rent",1121,63,19,"GroupFilter=TRUE;MinGroup=10;Top=TRUE;TopPct=0.05;Bottom=FALSE;BottomPct=0.05"
"XFLUMETSULAM","Poverty_150",0.38182206292889,0.0442199594498532,TRUE,"Poverty_150",1121,63,19,"GroupFilter=TRUE;MinGroup=10;Top=TRUE;TopPct=0.05;Bottom=FALSE;BottomPct=0.05"
"XFLUMETSULAM","Unemployed",0.500991515747584,0.017617300946757,TRUE,"Unemployed",1121,63,19,"GroupFilter=TRUE;MinGroup=10;Top=TRUE;TopPct=0.05;Bottom=FALSE;BottomPct=0.05"
"XFLUMETSULAM","Working_class",0.38461734634146,0.0471516396824781,TRUE,"Working_class",1121,63,19,"GroupFilter=TRUE;MinGroup=10;Top=TRUE;TopPct=0.05;Bottom=FALSE;BottomPct=0.05"
"XHALOSULFURON","NULL",0.274862870610293,0.219227593382722,FALSE,"",1115,68,18,"GroupFilter=TRUE;MinGroup=10;Top=TRUE;TopPct=0.05;Bottom=FALSE;BottomPct=0.05"
"XHALOSULFURON","Education.index",0.259607847795933,0.252501637909031,FALSE,"Education.index",1115,68,18,"GroupFilter=TRUE;MinGroup=10;Top=TRUE;TopPct=0.05;Bottom=FALSE;BottomPct=0.05"
"XHALOSULFURON","Income",0.294315825407028,0.207448475006958,FALSE,"Income",1115,68,18,"GroupFilter=TRUE;MinGroup=10;Top=TRUE;TopPct=0.05;Bottom=FALSE;BottomPct=0.05"
"XHALOSULFURON","home_value",0.243773863783032,0.343482165253437,FALSE,"home_value",1115,68,18,"GroupFilter=TRUE;MinGroup=10;Top=TRUE;TopPct=0.05;Bottom=FALSE;BottomPct=0.05"
"XHALOSULFURON","rent",0.123306601648266,0.630932161877063,FALSE,"rent",1115,68,18,"GroupFilter=TRUE;MinGroup=10;Top=TRUE;TopPct=0.05;Bottom=FALSE;BottomPct=0.05"
"XHALOSULFURON","Poverty_150",0.257892480043396,0.251140233372405,FALSE,"Poverty_150",1115,68,18,"GroupFilter=TRUE;MinGroup=10;Top=TRUE;TopPct=0.05;Bottom=FALSE;BottomPct=0.05"
"XHALOSULFURON","Unemployed",0.271138166647083,0.279128046953516,FALSE,"Unemployed",1115,68,18,"GroupFilter=TRUE;MinGroup=10;Top=TRUE;TopPct=0.05;Bottom=FALSE;BottomPct=0.05"
"XHALOSULFURON","Working_class",0.231261800644268,0.323670218255696,FALSE,"Working_class",1115,68,18,"GroupFilter=TRUE;MinGroup=10;Top=TRUE;TopPct=0.05;Bottom=FALSE;BottomPct=0.05"
"XPROPAMOCARBHCL","NULL",0.28199958672105,0.456578881391268,FALSE,"",83,8,11,"GroupFilter=TRUE;MinGroup=10;Top=TRUE;TopPct=0.05;Bottom=FALSE;BottomPct=0.05"
"XPROPAMOCARBHCL","Education.index",0.28954421378984,0.448911197767134,FALSE,"Education.index",83,8,11,"GroupFilter=TRUE;MinGroup=10;Top=TRUE;TopPct=0.05;Bottom=FALSE;BottomPct=0.05"
"XPROPAMOCARBHCL","Income",0.297056688089582,0.433833275785597,FALSE,"Income",83,8,11,"GroupFilter=TRUE;MinGroup=10;Top=TRUE;TopPct=0.05;Bottom=FALSE;BottomPct=0.05"
"XPROPAMOCARBHCL","home_value",0.31458696982537,0.39940028925274,FALSE,"home_value",83,8,11,"GroupFilter=TRUE;MinGroup=10;Top=TRUE;TopPct=0.05;Bottom=FALSE;BottomPct=0.05"
"XPROPAMOCARBHCL","rent",0.360239019993954,0.335684744237487,FALSE,"rent",83,8,11,"GroupFilter=TRUE;MinGroup=10;Top=TRUE;TopPct=0.05;Bottom=FALSE;BottomPct=0.05"
"XPROPAMOCARBHCL","Poverty_150",0.279849729150681,0.462820356860805,FALSE,"Poverty_150",83,8,11,"GroupFilter=TRUE;MinGroup=10;Top=TRUE;TopPct=0.05;Bottom=FALSE;BottomPct=0.05"
"XPROPAMOCARBHCL","Unemployed",0.36187283721796,0.346307999997803,FALSE,"Unemployed",83,8,11,"GroupFilter=TRUE;MinGroup=10;Top=TRUE;TopPct=0.05;Bottom=FALSE;BottomPct=0.05"
"XPROPAMOCARBHCL","Working_class",0.301985924308745,0.431474381786084,FALSE,"Working_class",83,8,11,"GroupFilter=TRUE;MinGroup=10;Top=TRUE;TopPct=0.05;Bottom=FALSE;BottomPct=0.05"
"XPROPAMOCARBHCL","Combined_SES",0.360239019993954,0.335684744237487,FALSE,"rent",83,8,11,"GroupFilter=TRUE;MinGroup=10;Top=TRUE;TopPct=0.05;Bottom=FALSE;BottomPct=0.05"
"XACETOCHLOR","NULL",0.357196389583638,0.000210322804704152,TRUE,"",1453,87,19,"GroupFilter=TRUE;MinGroup=10;Top=TRUE;TopPct=0.05;Bottom=FALSE;BottomPct=0.05"
"XACETOCHLOR","Education.index",0.350034330457857,0.000220624916746375,TRUE,"Education.index",1453,87,19,"GroupFilter=TRUE;MinGroup=10;Top=TRUE;TopPct=0.05;Bottom=FALSE;BottomPct=0.05"
"XACETOCHLOR","Income",0.35668219341463,0.00022957771111715,TRUE,"Income",1453,87,19,"GroupFilter=TRUE;MinGroup=10;Top=TRUE;TopPct=0.05;Bottom=FALSE;BottomPct=0.05"
"XACETOCHLOR","home_value",0.363935950751013,0.000428862999413834,TRUE,"home_value",1453,87,19,"GroupFilter=TRUE;MinGroup=10;Top=TRUE;TopPct=0.05;Bottom=FALSE;BottomPct=0.05"
"XACETOCHLOR","rent",0.332419464463952,0.00128005409424789,TRUE,"rent",1453,87,19,"GroupFilter=TRUE;MinGroup=10;Top=TRUE;TopPct=0.05;Bottom=FALSE;BottomPct=0.05"
"XACETOCHLOR","Poverty_150",0.351782606626989,0.00113309240981558,TRUE,"Poverty_150",1453,87,19,"GroupFilter=TRUE;MinGroup=10;Top=TRUE;TopPct=0.05;Bottom=FALSE;BottomPct=0.05"
"XACETOCHLOR","Unemployed",0.442780679042725,0.000231266483511993,TRUE,"Unemployed",1453,87,19,"GroupFilter=TRUE;MinGroup=10;Top=TRUE;TopPct=0.05;Bottom=FALSE;BottomPct=0.05"
"XACETOCHLOR","Working_class",0.348090366625563,0.000546622654789018,TRUE,"Working_class",1453,87,19,"GroupFilter=TRUE;MinGroup=10;Top=TRUE;TopPct=0.05;Bottom=FALSE;BottomPct=0.05"
"XIMIDACLOPRID","NULL",0.367423110608427,0.00652259287245432,TRUE,"",1325,80,19,"GroupFilter=TRUE;MinGroup=10;Top=TRUE;TopPct=0.05;Bottom=FALSE;BottomPct=0.05"
"XIMIDACLOPRID","Education.index",0.389275796575254,0.00319827474543701,TRUE,"Education.index",1325,80,19,"GroupFilter=TRUE;MinGroup=10;Top=TRUE;TopPct=0.05;Bottom=FALSE;BottomPct=0.05"
"XIMIDACLOPRID","Income",0.401618383146746,0.00335550554198379,TRUE,"Income",1325,80,19,"GroupFilter=TRUE;MinGroup=10;Top=TRUE;TopPct=0.05;Bottom=FALSE;BottomPct=0.05"
"XIMIDACLOPRID","home_value",0.373642428140505,0.00517247555463625,TRUE,"home_value",1325,80,19,"GroupFilter=TRUE;MinGroup=10;Top=TRUE;TopPct=0.05;Bottom=FALSE;BottomPct=0.05"
"XIMIDACLOPRID","rent",0.386832364847796,0.0036096912317073,TRUE,"rent",1325,80,19,"GroupFilter=TRUE;MinGroup=10;Top=TRUE;TopPct=0.05;Bottom=FALSE;BottomPct=0.05"
"XIMIDACLOPRID","Poverty_150",0.372675030852261,0.00646492256695591,TRUE,"Poverty_150",1325,80,19,"GroupFilter=TRUE;MinGroup=10;Top=TRUE;TopPct=0.05;Bottom=FALSE;BottomPct=0.05"
"XIMIDACLOPRID","Unemployed",0.350309985296695,0.0108129695369221,TRUE,"Unemployed",1325,80,19,"GroupFilter=TRUE;MinGroup=10;Top=TRUE;TopPct=0.05;Bottom=FALSE;BottomPct=0.05"
"XIMIDACLOPRID","Working_class",0.388706893996,0.0039206588173079,TRUE,"Working_class",1325,80,19,"GroupFilter=TRUE;MinGroup=10;Top=TRUE;TopPct=0.05;Bottom=FALSE;BottomPct=0.05"
"XIMIDACLOPRID","Combined_SES",0.397029443412229,0.00265484612069266,TRUE,"Education.index, home_value, rent",1325,80,19,"GroupFilter=TRUE;MinGroup=10;Top=TRUE;TopPct=0.05;Bottom=FALSE;BottomPct=0.05"
"XTEBUCONAZOLE","NULL",0.11535899407263,0.57700917639434,FALSE,"",282,22,19,"GroupFilter=TRUE;MinGroup=10;Top=TRUE;TopPct=0.05;Bottom=FALSE;BottomPct=0.05"
"XTEBUCONAZOLE","Education.index",0.114799374233641,0.587324217843707,FALSE,"Education.index",282,22,19,"GroupFilter=TRUE;MinGroup=10;Top=TRUE;TopPct=0.05;Bottom=FALSE;BottomPct=0.05"
"XTEBUCONAZOLE","Income",0.123894192374301,0.554530277796239,FALSE,"Income",282,22,19,"GroupFilter=TRUE;MinGroup=10;Top=TRUE;TopPct=0.05;Bottom=FALSE;BottomPct=0.05"
"XTEBUCONAZOLE","home_value",0.121580574131135,0.558744437312074,FALSE,"home_value",282,22,19,"GroupFilter=TRUE;MinGroup=10;Top=TRUE;TopPct=0.05;Bottom=FALSE;BottomPct=0.05"
"XTEBUCONAZOLE","rent",0.120330625903036,0.565299233770562,FALSE,"rent",282,22,19,"GroupFilter=TRUE;MinGroup=10;Top=TRUE;TopPct=0.05;Bottom=FALSE;BottomPct=0.05"
"XTEBUCONAZOLE","Poverty_150",0.126212968483073,0.546653042541145,FALSE,"Poverty_150",282,22,19,"GroupFilter=TRUE;MinGroup=10;Top=TRUE;TopPct=0.05;Bottom=FALSE;BottomPct=0.05"
"XTEBUCONAZOLE","Unemployed",0.147442571183502,0.486513204919689,FALSE,"Unemployed",282,22,19,"GroupFilter=TRUE;MinGroup=10;Top=TRUE;TopPct=0.05;Bottom=FALSE;BottomPct=0.05"
"XTEBUCONAZOLE","Working_class",0.106138728145309,0.611646653814593,FALSE,"Working_class",282,22,19,"GroupFilter=TRUE;MinGroup=10;Top=TRUE;TopPct=0.05;Bottom=FALSE;BottomPct=0.05"
"XCYMOXANIL","NULL",-0.185948027007051,0.36425953455207,FALSE,"",398,32,17,"GroupFilter=TRUE;MinGroup=10;Top=TRUE;TopPct=0.05;Bottom=FALSE;BottomPct=0.05"
"XCYMOXANIL","Education.index",-0.04009135552505,0.827605108510556,FALSE,"Education.index",398,32,17,"GroupFilter=TRUE;MinGroup=10;Top=TRUE;TopPct=0.05;Bottom=FALSE;BottomPct=0.05"
"XCYMOXANIL","Income",-0.0998933336607659,0.63772335545676,FALSE,"Income",398,32,17,"GroupFilter=TRUE;MinGroup=10;Top=TRUE;TopPct=0.05;Bottom=FALSE;BottomPct=0.05"
"XCYMOXANIL","home_value",-0.106528507010659,0.603944749329512,FALSE,"home_value",398,32,17,"GroupFilter=TRUE;MinGroup=10;Top=TRUE;TopPct=0.05;Bottom=FALSE;BottomPct=0.05"
"XCYMOXANIL","rent",-0.0794776527946446,0.706511069664458,FALSE,"rent",398,32,17,"GroupFilter=TRUE;MinGroup=10;Top=TRUE;TopPct=0.05;Bottom=FALSE;BottomPct=0.05"
"XCYMOXANIL","Poverty_150",-0.131796735462123,0.526658759004976,FALSE,"Poverty_150",398,32,17,"GroupFilter=TRUE;MinGroup=10;Top=TRUE;TopPct=0.05;Bottom=FALSE;BottomPct=0.05"
"XCYMOXANIL","Unemployed",-0.213995211059882,0.306331373698359,FALSE,"Unemployed",398,32,17,"GroupFilter=TRUE;MinGroup=10;Top=TRUE;TopPct=0.05;Bottom=FALSE;BottomPct=0.05"
"XCYMOXANIL","Working_class",-0.152141352301336,0.463628852930996,FALSE,"Working_class",398,32,17,"GroupFilter=TRUE;MinGroup=10;Top=TRUE;TopPct=0.05;Bottom=FALSE;BottomPct=0.05"
"XCYMOXANIL","Combined_SES",-0.04009135552505,0.827605108510556,FALSE,"Education.index",398,32,17,"GroupFilter=TRUE;MinGroup=10;Top=TRUE;TopPct=0.05;Bottom=FALSE;BottomPct=0.05"
"XFLUMICLORAC","NULL",0.479250683328329,0.267052299715231,FALSE,"",837,49,18,"GroupFilter=TRUE;MinGroup=10;Top=TRUE;TopPct=0.05;Bottom=FALSE;BottomPct=0.05"
"XFLUMICLORAC","Education.index",0.478216065892483,0.267948645891986,FALSE,"Education.index",837,49,18,"GroupFilter=TRUE;MinGroup=10;Top=TRUE;TopPct=0.05;Bottom=FALSE;BottomPct=0.05"
"XFLUMICLORAC","Income",0.489025242346236,0.257975493587528,FALSE,"Income",837,49,18,"GroupFilter=TRUE;MinGroup=10;Top=TRUE;TopPct=0.05;Bottom=FALSE;BottomPct=0.05"
"XFLUMICLORAC","home_value",0.478785084292496,0.267700095182021,FALSE,"home_value",837,49,18,"GroupFilter=TRUE;MinGroup=10;Top=TRUE;TopPct=0.05;Bottom=FALSE;BottomPct=0.05"
"XFLUMICLORAC","rent",0.483450378643901,0.262457695676574,FALSE,"rent",837,49,18,"GroupFilter=TRUE;MinGroup=10;Top=TRUE;TopPct=0.05;Bottom=FALSE;BottomPct=0.05"
"XFLUMICLORAC","Poverty_150",0.480900748948096,0.265408603790337,FALSE,"Poverty_150",837,49,18,"GroupFilter=TRUE;MinGroup=10;Top=TRUE;TopPct=0.05;Bottom=FALSE;BottomPct=0.05"
"XFLUMICLORAC","Unemployed",0.47068942742907,0.27518161726609,FALSE,"Unemployed",837,49,18,"GroupFilter=TRUE;MinGroup=10;Top=TRUE;TopPct=0.05;Bottom=FALSE;BottomPct=0.05"
"XFLUMICLORAC","Working_class",0.480437311894542,0.265859712519506,FALSE,"Working_class",837,49,18,"GroupFilter=TRUE;MinGroup=10;Top=TRUE;TopPct=0.05;Bottom=FALSE;BottomPct=0.05"
"XFLUTOLANIL","NULL",-0.314902842997504,0.312896612170924,FALSE,"",149,15,18,"GroupFilter=TRUE;MinGroup=10;Top=TRUE;TopPct=0.05;Bottom=FALSE;BottomPct=0.05"
"XFLUTOLANIL","Education.index",-0.349361300587573,0.270441826088819,FALSE,"Education.index",149,15,18,"GroupFilter=TRUE;MinGroup=10;Top=TRUE;TopPct=0.05;Bottom=FALSE;BottomPct=0.05"
"XFLUTOLANIL","Income",-0.334691184577367,0.294783374167145,FALSE,"Income",149,15,18,"GroupFilter=TRUE;MinGroup=10;Top=TRUE;TopPct=0.05;Bottom=FALSE;BottomPct=0.05"
"XFLUTOLANIL","home_value",-0.321564341842792,0.307601866296319,FALSE,"home_value",149,15,18,"GroupFilter=TRUE;MinGroup=10;Top=TRUE;TopPct=0.05;Bottom=FALSE;BottomPct=0.05"
"XFLUTOLANIL","rent",-0.32176083776456,0.30288273680862,FALSE,"rent",149,15,18,"GroupFilter=TRUE;MinGroup=10;Top=TRUE;TopPct=0.05;Bottom=FALSE;BottomPct=0.05"
"XFLUTOLANIL","Poverty_150",-0.380895772951202,0.254833188394189,FALSE,"Poverty_150",149,15,18,"GroupFilter=TRUE;MinGroup=10;Top=TRUE;TopPct=0.05;Bottom=FALSE;BottomPct=0.05"
"XFLUTOLANIL","Unemployed",-0.396571607541803,0.19149745373336,FALSE,"Unemployed",149,15,18,"GroupFilter=TRUE;MinGroup=10;Top=TRUE;TopPct=0.05;Bottom=FALSE;BottomPct=0.05"
"XFLUTOLANIL","Working_class",-0.324225570867059,0.30561862282613,FALSE,"Working_class",149,15,18,"GroupFilter=TRUE;MinGroup=10;Top=TRUE;TopPct=0.05;Bottom=FALSE;BottomPct=0.05"
"XPROSULFURON","NULL",0.24192820200146,0.402919289858471,FALSE,"",1035,63,18,"GroupFilter=TRUE;MinGroup=10;Top=TRUE;TopPct=0.05;Bottom=FALSE;BottomPct=0.05"
"XPROSULFURON","Education.index",0.230103393504063,0.428712831257508,FALSE,"Education.index",1035,63,18,"GroupFilter=TRUE;MinGroup=10;Top=TRUE;TopPct=0.05;Bottom=FALSE;BottomPct=0.05"
"XPROSULFURON","Income",0.255688502605421,0.389581830051007,FALSE,"Income",1035,63,18,"GroupFilter=TRUE;MinGroup=10;Top=TRUE;TopPct=0.05;Bottom=FALSE;BottomPct=0.05"
"XPROSULFURON","home_value",0.205898913911659,0.521806748245097,FALSE,"home_value",1035,63,18,"GroupFilter=TRUE;MinGroup=10;Top=TRUE;TopPct=0.05;Bottom=FALSE;BottomPct=0.05"
"XPROSULFURON","rent",0.0466013326803846,0.885363254011871,FALSE,"rent",1035,63,18,"GroupFilter=TRUE;MinGroup=10;Top=TRUE;TopPct=0.05;Bottom=FALSE;BottomPct=0.05"
"XPROSULFURON","Poverty_150",0.229573792416381,0.42854128384668,FALSE,"Poverty_150",1035,63,18,"GroupFilter=TRUE;MinGroup=10;Top=TRUE;TopPct=0.05;Bottom=FALSE;BottomPct=0.05"
"XPROSULFURON","Unemployed",0.290989266275,0.353799985884627,FALSE,"Unemployed",1035,63,18,"GroupFilter=TRUE;MinGroup=10;Top=TRUE;TopPct=0.05;Bottom=FALSE;BottomPct=0.05"
"XPROSULFURON","Working_class",0.205513459062454,0.48613292635514,FALSE,"Working_class",1035,63,18,"GroupFilter=TRUE;MinGroup=10;Top=TRUE;TopPct=0.05;Bottom=FALSE;BottomPct=0.05"
"XPYRITHIOBACSODIUM","NULL",0.173331228823799,0.753683195108204,FALSE,"",76,5,17,"GroupFilter=TRUE;MinGroup=10;Top=TRUE;TopPct=0.05;Bottom=FALSE;BottomPct=0.05"
"XPYRITHIOBACSODIUM","Education.index",0.300318578459784,0.631813382364113,FALSE,"Education.index",76,5,17,"GroupFilter=TRUE;MinGroup=10;Top=TRUE;TopPct=0.05;Bottom=FALSE;BottomPct=0.05"
"XPYRITHIOBACSODIUM","Income",0.368916023989013,0.502397309467947,FALSE,"Income",76,5,17,"GroupFilter=TRUE;MinGroup=10;Top=TRUE;TopPct=0.05;Bottom=FALSE;BottomPct=0.05"
"XPYRITHIOBACSODIUM","home_value",0.0803408883600885,0.888343946208332,FALSE,"home_value",76,5,17,"GroupFilter=TRUE;MinGroup=10;Top=TRUE;TopPct=0.05;Bottom=FALSE;BottomPct=0.05"
"XPYRITHIOBACSODIUM","rent",0.180875883230185,0.737801560160332,FALSE,"rent",76,5,17,"GroupFilter=TRUE;MinGroup=10;Top=TRUE;TopPct=0.05;Bottom=FALSE;BottomPct=0.05"
"XPYRITHIOBACSODIUM","Poverty_150",0.391301278703315,0.530116605300102,FALSE,"Poverty_150",76,5,17,"GroupFilter=TRUE;MinGroup=10;Top=TRUE;TopPct=0.05;Bottom=FALSE;BottomPct=0.05"
"XPYRITHIOBACSODIUM","Unemployed",0.193314432669346,0.729878225310421,FALSE,"Unemployed",76,5,17,"GroupFilter=TRUE;MinGroup=10;Top=TRUE;TopPct=0.05;Bottom=FALSE;BottomPct=0.05"
"XPYRITHIOBACSODIUM","Working_class",0.128303323380479,0.834391399892792,FALSE,"Working_class",76,5,17,"GroupFilter=TRUE;MinGroup=10;Top=TRUE;TopPct=0.05;Bottom=FALSE;BottomPct=0.05"
"XPYRITHIOBACSODIUM","Combined_SES",0.275548359885106,0.627605430367913,FALSE,"Income, rent",76,5,17,"GroupFilter=TRUE;MinGroup=10;Top=TRUE;TopPct=0.05;Bottom=FALSE;BottomPct=0.05"
"XRIMSULFURON","NULL",0.330479881591881,0.0121152601159887,TRUE,"",1388,87,18,"GroupFilter=TRUE;MinGroup=10;Top=TRUE;TopPct=0.05;Bottom=FALSE;BottomPct=0.05"
"XRIMSULFURON","Education.index",0.306838975504592,0.0182072151945998,TRUE,"Education.index",1388,87,18,"GroupFilter=TRUE;MinGroup=10;Top=TRUE;TopPct=0.05;Bottom=FALSE;BottomPct=0.05"
"XRIMSULFURON","Income",0.332931580006971,0.0122913692298816,TRUE,"Income",1388,87,18,"GroupFilter=TRUE;MinGroup=10;Top=TRUE;TopPct=0.05;Bottom=FALSE;BottomPct=0.05"
"XRIMSULFURON","home_value",0.312109072782648,0.0281137704081157,TRUE,"home_value",1388,87,18,"GroupFilter=TRUE;MinGroup=10;Top=TRUE;TopPct=0.05;Bottom=FALSE;BottomPct=0.05"
"XRIMSULFURON","rent",0.30884136143625,0.0309827839390112,TRUE,"rent",1388,87,18,"GroupFilter=TRUE;MinGroup=10;Top=TRUE;TopPct=0.05;Bottom=FALSE;BottomPct=0.05"
"XRIMSULFURON","Poverty_150",0.327552990974208,0.0188178882043488,TRUE,"Poverty_150",1388,87,18,"GroupFilter=TRUE;MinGroup=10;Top=TRUE;TopPct=0.05;Bottom=FALSE;BottomPct=0.05"
"XRIMSULFURON","Unemployed",0.480660061458123,0.00158805274546029,TRUE,"Unemployed",1388,87,18,"GroupFilter=TRUE;MinGroup=10;Top=TRUE;TopPct=0.05;Bottom=FALSE;BottomPct=0.05"
"XRIMSULFURON","Working_class",0.306729466728634,0.0238316891270577,TRUE,"Working_class",1388,87,18,"GroupFilter=TRUE;MinGroup=10;Top=TRUE;TopPct=0.05;Bottom=FALSE;BottomPct=0.05"
"XRIMSULFURON","Combined_SES",0.306838975504592,0.0182072151945998,TRUE,"Education.index",1388,87,18,"GroupFilter=TRUE;MinGroup=10;Top=TRUE;TopPct=0.05;Bottom=FALSE;BottomPct=0.05"
"XTEBUFENOZIDE","NULL",0.106865322031023,0.819438424090424,FALSE,"",83,5,18,"GroupFilter=TRUE;MinGroup=10;Top=TRUE;TopPct=0.05;Bottom=FALSE;BottomPct=0.05"
"XTEBUFENOZIDE","Education.index",0.203007825508932,0.674042345784843,FALSE,"Education.index",83,5,18,"GroupFilter=TRUE;MinGroup=10;Top=TRUE;TopPct=0.05;Bottom=FALSE;BottomPct=0.05"
"XTEBUFENOZIDE","Income",-0.0724489110848617,0.878394857904628,FALSE,"Income",83,5,18,"GroupFilter=TRUE;MinGroup=10;Top=TRUE;TopPct=0.05;Bottom=FALSE;BottomPct=0.05"
"XTEBUFENOZIDE","home_value",-0.0859716231140619,0.868800873657365,FALSE,"home_value",83,5,18,"GroupFilter=TRUE;MinGroup=10;Top=TRUE;TopPct=0.05;Bottom=FALSE;BottomPct=0.05"
"XTEBUFENOZIDE","rent",-0.244222580230929,0.628840363532446,FALSE,"rent",83,5,18,"GroupFilter=TRUE;MinGroup=10;Top=TRUE;TopPct=0.05;Bottom=FALSE;BottomPct=0.05"
"XTEBUFENOZIDE","Poverty_150",0.0467342112261825,0.918887157599281,FALSE,"Poverty_150",83,5,18,"GroupFilter=TRUE;MinGroup=10;Top=TRUE;TopPct=0.05;Bottom=FALSE;BottomPct=0.05"
"XTEBUFENOZIDE","Unemployed",0.0754467422472002,0.87070693207289,FALSE,"Unemployed",83,5,18,"GroupFilter=TRUE;MinGroup=10;Top=TRUE;TopPct=0.05;Bottom=FALSE;BottomPct=0.05"
"XTEBUFENOZIDE","Working_class",0.102266626631064,0.828711683944617,FALSE,"Working_class",83,5,18,"GroupFilter=TRUE;MinGroup=10;Top=TRUE;TopPct=0.05;Bottom=FALSE;BottomPct=0.05"
"XTEBUFENOZIDE","Combined_SES",0.0467342112261825,0.918887157599281,FALSE,"Poverty_150",83,5,18,"GroupFilter=TRUE;MinGroup=10;Top=TRUE;TopPct=0.05;Bottom=FALSE;BottomPct=0.05"
"XTRIFLUMIZOLE","NULL",0.199160170669462,0.421871214969013,FALSE,"",315,22,18,"GroupFilter=TRUE;MinGroup=10;Top=TRUE;TopPct=0.05;Bottom=FALSE;BottomPct=0.05"
"XTRIFLUMIZOLE","Education.index",0.203788083383111,0.414474608185889,FALSE,"Education.index",315,22,18,"GroupFilter=TRUE;MinGroup=10;Top=TRUE;TopPct=0.05;Bottom=FALSE;BottomPct=0.05"
"XTRIFLUMIZOLE","Income",0.0432070414741202,0.872381089094135,FALSE,"Income",315,22,18,"GroupFilter=TRUE;MinGroup=10;Top=TRUE;TopPct=0.05;Bottom=FALSE;BottomPct=0.05"
"XTRIFLUMIZOLE","home_value",0.200001484173475,0.422943392844991,FALSE,"home_value",315,22,18,"GroupFilter=TRUE;MinGroup=10;Top=TRUE;TopPct=0.05;Bottom=FALSE;BottomPct=0.05"
"XTRIFLUMIZOLE","rent",0.18411285733323,0.472723999009936,FALSE,"rent",315,22,18,"GroupFilter=TRUE;MinGroup=10;Top=TRUE;TopPct=0.05;Bottom=FALSE;BottomPct=0.05"
"XTRIFLUMIZOLE","Poverty_150",-0.102814859086077,0.707792027953207,FALSE,"Poverty_150",315,22,18,"GroupFilter=TRUE;MinGroup=10;Top=TRUE;TopPct=0.05;Bottom=FALSE;BottomPct=0.05"
"XTRIFLUMIZOLE","Unemployed",-0.109087734276478,0.688343519909515,FALSE,"Unemployed",315,22,18,"GroupFilter=TRUE;MinGroup=10;Top=TRUE;TopPct=0.05;Bottom=FALSE;BottomPct=0.05"
"XTRIFLUMIZOLE","Working_class",0.109448193772527,0.669451530038375,FALSE,"Working_class",315,22,18,"GroupFilter=TRUE;MinGroup=10;Top=TRUE;TopPct=0.05;Bottom=FALSE;BottomPct=0.05"
"XTRIFLUMIZOLE","Combined_SES",-0.143668286215259,0.603482458985234,FALSE,"Poverty_150, Unemployed",315,22,18,"GroupFilter=TRUE;MinGroup=10;Top=TRUE;TopPct=0.05;Bottom=FALSE;BottomPct=0.05"
"XGLUFOSINATE","NULL",0.328602508833124,0.00351355676730934,TRUE,"",1195,80,17,"GroupFilter=TRUE;MinGroup=10;Top=TRUE;TopPct=0.05;Bottom=FALSE;BottomPct=0.05"
"XGLUFOSINATE","Education.index",0.290939642630284,0.0140592984616645,TRUE,"Education.index",1195,80,17,"GroupFilter=TRUE;MinGroup=10;Top=TRUE;TopPct=0.05;Bottom=FALSE;BottomPct=0.05"
"XGLUFOSINATE","Income",0.331569706543095,0.00458858442131311,TRUE,"Income",1195,80,17,"GroupFilter=TRUE;MinGroup=10;Top=TRUE;TopPct=0.05;Bottom=FALSE;BottomPct=0.05"
"XGLUFOSINATE","home_value",0.364798786687002,0.00608807278078457,TRUE,"home_value",1195,80,17,"GroupFilter=TRUE;MinGroup=10;Top=TRUE;TopPct=0.05;Bottom=FALSE;BottomPct=0.05"
"XGLUFOSINATE","rent",0.295922870369738,0.0295462260602433,TRUE,"rent",1195,80,17,"GroupFilter=TRUE;MinGroup=10;Top=TRUE;TopPct=0.05;Bottom=FALSE;BottomPct=0.05"
"XGLUFOSINATE","Poverty_150",0.316988036724143,0.00538700700879206,TRUE,"Poverty_150",1195,80,17,"GroupFilter=TRUE;MinGroup=10;Top=TRUE;TopPct=0.05;Bottom=FALSE;BottomPct=0.05"
"XGLUFOSINATE","Unemployed",0.380149365120911,0.00518346553489776,TRUE,"Unemployed",1195,80,17,"GroupFilter=TRUE;MinGroup=10;Top=TRUE;TopPct=0.05;Bottom=FALSE;BottomPct=0.05"
"XGLUFOSINATE","Working_class",0.343691719300936,0.00431015419309563,TRUE,"Working_class",1195,80,17,"GroupFilter=TRUE;MinGroup=10;Top=TRUE;TopPct=0.05;Bottom=FALSE;BottomPct=0.05"
"XMEFENOXAM","NULL",-0.150574061425011,0.359948402312351,FALSE,"",745,55,16,"GroupFilter=TRUE;MinGroup=10;Top=TRUE;TopPct=0.05;Bottom=FALSE;BottomPct=0.05"
"XMEFENOXAM","Education.index",-0.0927388136280556,0.568385352433413,FALSE,"Education.index",745,55,16,"GroupFilter=TRUE;MinGroup=10;Top=TRUE;TopPct=0.05;Bottom=FALSE;BottomPct=0.05"
"XMEFENOXAM","Income",-0.11776743667764,0.489481363741055,FALSE,"Income",745,55,16,"GroupFilter=TRUE;MinGroup=10;Top=TRUE;TopPct=0.05;Bottom=FALSE;BottomPct=0.05"
"XMEFENOXAM","home_value",-0.145258365098427,0.380102994382554,FALSE,"home_value",745,55,16,"GroupFilter=TRUE;MinGroup=10;Top=TRUE;TopPct=0.05;Bottom=FALSE;BottomPct=0.05"
"XMEFENOXAM","rent",-0.129303658252745,0.436232100599083,FALSE,"rent",745,55,16,"GroupFilter=TRUE;MinGroup=10;Top=TRUE;TopPct=0.05;Bottom=FALSE;BottomPct=0.05"
"XMEFENOXAM","Poverty_150",-0.125203887798075,0.46400341794541,FALSE,"Poverty_150",745,55,16,"GroupFilter=TRUE;MinGroup=10;Top=TRUE;TopPct=0.05;Bottom=FALSE;BottomPct=0.05"
"XMEFENOXAM","Unemployed",-0.101361108748884,0.55265671248665,FALSE,"Unemployed",745,55,16,"GroupFilter=TRUE;MinGroup=10;Top=TRUE;TopPct=0.05;Bottom=FALSE;BottomPct=0.05"
"XMEFENOXAM","Working_class",-0.153444374980087,0.35281204440942,FALSE,"Working_class",745,55,16,"GroupFilter=TRUE;MinGroup=10;Top=TRUE;TopPct=0.05;Bottom=FALSE;BottomPct=0.05"
"XMEFENOXAM","Combined_SES",-0.0927388136280556,0.568385352433413,FALSE,"Education.index",745,55,16,"GroupFilter=TRUE;MinGroup=10;Top=TRUE;TopPct=0.05;Bottom=FALSE;BottomPct=0.05"
"XPYRIPROXYFEN","NULL",1.34110922726904,0.0244164107234285,TRUE,"",161,12,15,"GroupFilter=TRUE;MinGroup=10;Top=TRUE;TopPct=0.05;Bottom=FALSE;BottomPct=0.05"
"XPYRIPROXYFEN","Education.index",1.15671755822253,0.074400216986877,FALSE,"Education.index",161,12,15,"GroupFilter=TRUE;MinGroup=10;Top=TRUE;TopPct=0.05;Bottom=FALSE;BottomPct=0.05"
"XPYRIPROXYFEN","Income",1.37044877318916,0.0303062020532998,TRUE,"Income",161,12,15,"GroupFilter=TRUE;MinGroup=10;Top=TRUE;TopPct=0.05;Bottom=FALSE;BottomPct=0.05"
"XPYRIPROXYFEN","home_value",1.37521012093798,0.0235658749556076,TRUE,"home_value",161,12,15,"GroupFilter=TRUE;MinGroup=10;Top=TRUE;TopPct=0.05;Bottom=FALSE;BottomPct=0.05"
"XPYRIPROXYFEN","rent",1.36537967856964,0.0307516214225356,TRUE,"rent",161,12,15,"GroupFilter=TRUE;MinGroup=10;Top=TRUE;TopPct=0.05;Bottom=FALSE;BottomPct=0.05"
"XPYRIPROXYFEN","Poverty_150",1.03837243109441,0.135230599677721,FALSE,"Poverty_150",161,12,15,"GroupFilter=TRUE;MinGroup=10;Top=TRUE;TopPct=0.05;Bottom=FALSE;BottomPct=0.05"
"XPYRIPROXYFEN","Unemployed",1.16528906232713,0.0729373636145555,FALSE,"Unemployed",161,12,15,"GroupFilter=TRUE;MinGroup=10;Top=TRUE;TopPct=0.05;Bottom=FALSE;BottomPct=0.05"
"XPYRIPROXYFEN","Working_class",1.26095129293547,0.0440440839971641,TRUE,"Working_class",161,12,15,"GroupFilter=TRUE;MinGroup=10;Top=TRUE;TopPct=0.05;Bottom=FALSE;BottomPct=0.05"
"XTEBUPIRIMPHOS","NULL",0.638556806494644,0.00729715968269711,TRUE,"",878,55,17,"GroupFilter=TRUE;MinGroup=10;Top=TRUE;TopPct=0.05;Bottom=FALSE;BottomPct=0.05"
"XTEBUPIRIMPHOS","Education.index",0.680809852540106,0.00447819159212469,TRUE,"Education.index",878,55,17,"GroupFilter=TRUE;MinGroup=10;Top=TRUE;TopPct=0.05;Bottom=FALSE;BottomPct=0.05"
"XTEBUPIRIMPHOS","Income",0.699805222692105,0.00443859969122551,TRUE,"Income",878,55,17,"GroupFilter=TRUE;MinGroup=10;Top=TRUE;TopPct=0.05;Bottom=FALSE;BottomPct=0.05"
"XTEBUPIRIMPHOS","home_value",0.64665960717147,0.00667285484980994,TRUE,"home_value",878,55,17,"GroupFilter=TRUE;MinGroup=10;Top=TRUE;TopPct=0.05;Bottom=FALSE;BottomPct=0.05"
"XTEBUPIRIMPHOS","rent",0.572089778909533,0.0139810010090814,TRUE,"rent",878,55,17,"GroupFilter=TRUE;MinGroup=10;Top=TRUE;TopPct=0.05;Bottom=FALSE;BottomPct=0.05"
"XTEBUPIRIMPHOS","Poverty_150",0.740416621951012,0.0163610995313199,TRUE,"Poverty_150",878,55,17,"GroupFilter=TRUE;MinGroup=10;Top=TRUE;TopPct=0.05;Bottom=FALSE;BottomPct=0.05"
"XTEBUPIRIMPHOS","Unemployed",0.88758159323461,0.00198102519202815,TRUE,"Unemployed",878,55,17,"GroupFilter=TRUE;MinGroup=10;Top=TRUE;TopPct=0.05;Bottom=FALSE;BottomPct=0.05"
"XTEBUPIRIMPHOS","Working_class",0.635934989970912,0.00788244708831519,TRUE,"Working_class",878,55,17,"GroupFilter=TRUE;MinGroup=10;Top=TRUE;TopPct=0.05;Bottom=FALSE;BottomPct=0.05"
"XTEBUPIRIMPHOS","Combined_SES",0.572089778909533,0.0139810010090814,TRUE,"rent",878,55,17,"GroupFilter=TRUE;MinGroup=10;Top=TRUE;TopPct=0.05;Bottom=FALSE;BottomPct=0.05"
"XAVIGLYCINE","NULL",0.676555353992672,0.0134121380618572,TRUE,"",281,20,16,"GroupFilter=TRUE;MinGroup=10;Top=TRUE;TopPct=0.05;Bottom=FALSE;BottomPct=0.05"
"XAVIGLYCINE","Education.index",0.622090190622945,0.0262533375410848,TRUE,"Education.index",281,20,16,"GroupFilter=TRUE;MinGroup=10;Top=TRUE;TopPct=0.05;Bottom=FALSE;BottomPct=0.05"
"XAVIGLYCINE","Income",0.603368245843756,0.0556600454345366,FALSE,"Income",281,20,16,"GroupFilter=TRUE;MinGroup=10;Top=TRUE;TopPct=0.05;Bottom=FALSE;BottomPct=0.05"
"XAVIGLYCINE","home_value",0.704296161544045,0.0103092327108254,TRUE,"home_value",281,20,16,"GroupFilter=TRUE;MinGroup=10;Top=TRUE;TopPct=0.05;Bottom=FALSE;BottomPct=0.05"
"XAVIGLYCINE","rent",0.720643637675957,0.01075715663046,TRUE,"rent",281,20,16,"GroupFilter=TRUE;MinGroup=10;Top=TRUE;TopPct=0.05;Bottom=FALSE;BottomPct=0.05"
"XAVIGLYCINE","Poverty_150",0.403111614009357,0.213180765190344,FALSE,"Poverty_150",281,20,16,"GroupFilter=TRUE;MinGroup=10;Top=TRUE;TopPct=0.05;Bottom=FALSE;BottomPct=0.05"
"XAVIGLYCINE","Unemployed",0.424902254230832,0.143712727262544,FALSE,"Unemployed",281,20,16,"GroupFilter=TRUE;MinGroup=10;Top=TRUE;TopPct=0.05;Bottom=FALSE;BottomPct=0.05"
"XAVIGLYCINE","Working_class",0.587346293680016,0.0491758813745848,TRUE,"Working_class",281,20,16,"GroupFilter=TRUE;MinGroup=10;Top=TRUE;TopPct=0.05;Bottom=FALSE;BottomPct=0.05"
"XAVIGLYCINE","Combined_SES",0.424902254230832,0.143712727262544,FALSE,"Unemployed",281,20,16,"GroupFilter=TRUE;MinGroup=10;Top=TRUE;TopPct=0.05;Bottom=FALSE;BottomPct=0.05"
"XAZOXYSTROBIN","NULL",0.209833596906307,0.16316409197328,FALSE,"",1181,90,16,"GroupFilter=TRUE;MinGroup=10;Top=TRUE;TopPct=0.05;Bottom=FALSE;BottomPct=0.05"
"XAZOXYSTROBIN","Education.index",0.21938294696441,0.137685566298889,FALSE,"Education.index",1181,90,16,"GroupFilter=TRUE;MinGroup=10;Top=TRUE;TopPct=0.05;Bottom=FALSE;BottomPct=0.05"
"XAZOXYSTROBIN","Income",0.236236766350564,0.118209960278187,FALSE,"Income",1181,90,16,"GroupFilter=TRUE;MinGroup=10;Top=TRUE;TopPct=0.05;Bottom=FALSE;BottomPct=0.05"
"XAZOXYSTROBIN","home_value",0.187326255942112,0.213681758926352,FALSE,"home_value",1181,90,16,"GroupFilter=TRUE;MinGroup=10;Top=TRUE;TopPct=0.05;Bottom=FALSE;BottomPct=0.05"
"XAZOXYSTROBIN","rent",0.186185737390411,0.212721547439845,FALSE,"rent",1181,90,16,"GroupFilter=TRUE;MinGroup=10;Top=TRUE;TopPct=0.05;Bottom=FALSE;BottomPct=0.05"
"XAZOXYSTROBIN","Poverty_150",0.221200336733394,0.148469242378647,FALSE,"Poverty_150",1181,90,16,"GroupFilter=TRUE;MinGroup=10;Top=TRUE;TopPct=0.05;Bottom=FALSE;BottomPct=0.05"
"XAZOXYSTROBIN","Unemployed",0.19833256141164,0.207162456362335,FALSE,"Unemployed",1181,90,16,"GroupFilter=TRUE;MinGroup=10;Top=TRUE;TopPct=0.05;Bottom=FALSE;BottomPct=0.05"
"XAZOXYSTROBIN","Working_class",0.206280789691954,0.168800605333889,FALSE,"Working_class",1181,90,16,"GroupFilter=TRUE;MinGroup=10;Top=TRUE;TopPct=0.05;Bottom=FALSE;BottomPct=0.05"
"XAZOXYSTROBIN","Combined_SES",0.208201476605148,0.161729515125322,FALSE,"Education.index, rent",1181,90,16,"GroupFilter=TRUE;MinGroup=10;Top=TRUE;TopPct=0.05;Bottom=FALSE;BottomPct=0.05"
"XCYCLANILIDE","NULL",-0.38458943895809,0.57345603231779,FALSE,"",67,5,16,"GroupFilter=TRUE;MinGroup=10;Top=TRUE;TopPct=0.05;Bottom=FALSE;BottomPct=0.05"
"XCYCLANILIDE","Education.index",-0.207782193879957,0.815471044614905,FALSE,"Education.index",67,5,16,"GroupFilter=TRUE;MinGroup=10;Top=TRUE;TopPct=0.05;Bottom=FALSE;BottomPct=0.05"
"XCYCLANILIDE","Income",0.0132416910451803,0.985475427841448,FALSE,"Income",67,5,16,"GroupFilter=TRUE;MinGroup=10;Top=TRUE;TopPct=0.05;Bottom=FALSE;BottomPct=0.05"
"XCYCLANILIDE","home_value",-0.667181981890542,0.408376184351188,FALSE,"home_value",67,5,16,"GroupFilter=TRUE;MinGroup=10;Top=TRUE;TopPct=0.05;Bottom=FALSE;BottomPct=0.05"
"XCYCLANILIDE","rent",-0.602573015727522,0.354782758256313,FALSE,"rent",67,5,16,"GroupFilter=TRUE;MinGroup=10;Top=TRUE;TopPct=0.05;Bottom=FALSE;BottomPct=0.05"
"XCYCLANILIDE","Poverty_150",-0.0146210085884541,0.985528407568817,FALSE,"Poverty_150",67,5,16,"GroupFilter=TRUE;MinGroup=10;Top=TRUE;TopPct=0.05;Bottom=FALSE;BottomPct=0.05"
"XCYCLANILIDE","Unemployed",-0.385754856181879,0.576595269530937,FALSE,"Unemployed",67,5,16,"GroupFilter=TRUE;MinGroup=10;Top=TRUE;TopPct=0.05;Bottom=FALSE;BottomPct=0.05"
"XCYCLANILIDE","Working_class",-0.693099964632457,0.405968761939241,FALSE,"Working_class",67,5,16,"GroupFilter=TRUE;MinGroup=10;Top=TRUE;TopPct=0.05;Bottom=FALSE;BottomPct=0.05"
"XCYCLANILIDE","Combined_SES",-0.607052322703384,0.426758597898159,FALSE,"Income, rent",67,5,16,"GroupFilter=TRUE;MinGroup=10;Top=TRUE;TopPct=0.05;Bottom=FALSE;BottomPct=0.05"
"XIMAZAMOX","NULL",0.303179508699251,0.167372662750266,FALSE,"",1165,89,16,"GroupFilter=TRUE;MinGroup=10;Top=TRUE;TopPct=0.05;Bottom=FALSE;BottomPct=0.05"
"XIMAZAMOX","Education.index",0.26865379945711,0.212956627715822,FALSE,"Education.index",1165,89,16,"GroupFilter=TRUE;MinGroup=10;Top=TRUE;TopPct=0.05;Bottom=FALSE;BottomPct=0.05"
"XIMAZAMOX","Income",0.325585248547352,0.136821418732195,FALSE,"Income",1165,89,16,"GroupFilter=TRUE;MinGroup=10;Top=TRUE;TopPct=0.05;Bottom=FALSE;BottomPct=0.05"
"XIMAZAMOX","home_value",0.221736315230692,0.322993350271885,FALSE,"home_value",1165,89,16,"GroupFilter=TRUE;MinGroup=10;Top=TRUE;TopPct=0.05;Bottom=FALSE;BottomPct=0.05"
"XIMAZAMOX","rent",0.179990642820192,0.423386550998256,FALSE,"rent",1165,89,16,"GroupFilter=TRUE;MinGroup=10;Top=TRUE;TopPct=0.05;Bottom=FALSE;BottomPct=0.05"
"XIMAZAMOX","Poverty_150",0.392143445638864,0.0932528869715999,FALSE,"Poverty_150",1165,89,16,"GroupFilter=TRUE;MinGroup=10;Top=TRUE;TopPct=0.05;Bottom=FALSE;BottomPct=0.05"
"XIMAZAMOX","Unemployed",0.486519587860714,0.0498374904679202,TRUE,"Unemployed",1165,89,16,"GroupFilter=TRUE;MinGroup=10;Top=TRUE;TopPct=0.05;Bottom=FALSE;BottomPct=0.05"
"XIMAZAMOX","Working_class",0.273765528581922,0.218977870264846,FALSE,"Working_class",1165,89,16,"GroupFilter=TRUE;MinGroup=10;Top=TRUE;TopPct=0.05;Bottom=FALSE;BottomPct=0.05"
"XIMAZAMOX","Combined_SES",0.246374279166902,0.280261799628453,FALSE,"Education.index, rent",1165,89,16,"GroupFilter=TRUE;MinGroup=10;Top=TRUE;TopPct=0.05;Bottom=FALSE;BottomPct=0.05"
"XMETAMPOTASSIUM","NULL",0.132777070153334,0.547115736051862,FALSE,"",73,7,13,"GroupFilter=TRUE;MinGroup=10;Top=TRUE;TopPct=0.05;Bottom=FALSE;BottomPct=0.05"
"XMETAMPOTASSIUM","Education.index",0.130848261777603,0.587250546073991,FALSE,"Education.index",73,7,13,"GroupFilter=TRUE;MinGroup=10;Top=TRUE;TopPct=0.05;Bottom=FALSE;BottomPct=0.05"
"XMETAMPOTASSIUM","Income",-0.000612837840171209,0.998139410567105,FALSE,"Income",73,7,13,"GroupFilter=TRUE;MinGroup=10;Top=TRUE;TopPct=0.05;Bottom=FALSE;BottomPct=0.05"
"XMETAMPOTASSIUM","home_value",0.0288236856510259,0.918645711418192,FALSE,"home_value",73,7,13,"GroupFilter=TRUE;MinGroup=10;Top=TRUE;TopPct=0.05;Bottom=FALSE;BottomPct=0.05"
"XMETAMPOTASSIUM","rent",-0.0234320043463053,0.933158853349531,FALSE,"rent",73,7,13,"GroupFilter=TRUE;MinGroup=10;Top=TRUE;TopPct=0.05;Bottom=FALSE;BottomPct=0.05"
"XMETAMPOTASSIUM","Poverty_150",0.112966062595739,0.620227438699727,FALSE,"Poverty_150",73,7,13,"GroupFilter=TRUE;MinGroup=10;Top=TRUE;TopPct=0.05;Bottom=FALSE;BottomPct=0.05"
"XMETAMPOTASSIUM","Unemployed",0.178162169007542,0.435249581675707,FALSE,"Unemployed",73,7,13,"GroupFilter=TRUE;MinGroup=10;Top=TRUE;TopPct=0.05;Bottom=FALSE;BottomPct=0.05"
"XMETAMPOTASSIUM","Working_class",0.00307883415095329,0.991936630608926,FALSE,"Working_class",73,7,13,"GroupFilter=TRUE;MinGroup=10;Top=TRUE;TopPct=0.05;Bottom=FALSE;BottomPct=0.05"
"XPOTASSIUMBICARBONATE","NULL",-0.102489072965096,0.675952820421492,FALSE,"",172,15,13,"GroupFilter=TRUE;MinGroup=10;Top=TRUE;TopPct=0.05;Bottom=FALSE;BottomPct=0.05"
"XPOTASSIUMBICARBONATE","Education.index",-0.205457094720254,0.415004820873585,FALSE,"Education.index",172,15,13,"GroupFilter=TRUE;MinGroup=10;Top=TRUE;TopPct=0.05;Bottom=FALSE;BottomPct=0.05"
"XPOTASSIUMBICARBONATE","Income",-0.174343802914104,0.570054162435416,FALSE,"Income",172,15,13,"GroupFilter=TRUE;MinGroup=10;Top=TRUE;TopPct=0.05;Bottom=FALSE;BottomPct=0.05"
"XPOTASSIUMBICARBONATE","home_value",-0.142020827233289,0.615622062374854,FALSE,"home_value",172,15,13,"GroupFilter=TRUE;MinGroup=10;Top=TRUE;TopPct=0.05;Bottom=FALSE;BottomPct=0.05"
"XPOTASSIUMBICARBONATE","rent",-0.167930788147591,0.585177411720373,FALSE,"rent",172,15,13,"GroupFilter=TRUE;MinGroup=10;Top=TRUE;TopPct=0.05;Bottom=FALSE;BottomPct=0.05"
"XPOTASSIUMBICARBONATE","Poverty_150",-0.20572205854395,0.448568819663005,FALSE,"Poverty_150",172,15,13,"GroupFilter=TRUE;MinGroup=10;Top=TRUE;TopPct=0.05;Bottom=FALSE;BottomPct=0.05"
"XPOTASSIUMBICARBONATE","Unemployed",-0.235387853429363,0.363038363917571,FALSE,"Unemployed",172,15,13,"GroupFilter=TRUE;MinGroup=10;Top=TRUE;TopPct=0.05;Bottom=FALSE;BottomPct=0.05"
"XPOTASSIUMBICARBONATE","Working_class",-0.217666984280238,0.445619716777205,FALSE,"Working_class",172,15,13,"GroupFilter=TRUE;MinGroup=10;Top=TRUE;TopPct=0.05;Bottom=FALSE;BottomPct=0.05"
"XPYRIDABEN","NULL",0.10610082407472,0.810108006926558,FALSE,"",406,30,16,"GroupFilter=TRUE;MinGroup=10;Top=TRUE;TopPct=0.05;Bottom=FALSE;BottomPct=0.05"
"XPYRIDABEN","Education.index",0.137545203614063,0.755291181616219,FALSE,"Education.index",406,30,16,"GroupFilter=TRUE;MinGroup=10;Top=TRUE;TopPct=0.05;Bottom=FALSE;BottomPct=0.05"
"XPYRIDABEN","Income",0.263395348823695,0.577164517563534,FALSE,"Income",406,30,16,"GroupFilter=TRUE;MinGroup=10;Top=TRUE;TopPct=0.05;Bottom=FALSE;BottomPct=0.05"
"XPYRIDABEN","home_value",0.337858560342902,0.444276072292148,FALSE,"home_value",406,30,16,"GroupFilter=TRUE;MinGroup=10;Top=TRUE;TopPct=0.05;Bottom=FALSE;BottomPct=0.05"
"XPYRIDABEN","rent",0.402807247511132,0.371845910838882,FALSE,"rent",406,30,16,"GroupFilter=TRUE;MinGroup=10;Top=TRUE;TopPct=0.05;Bottom=FALSE;BottomPct=0.05"
"XPYRIDABEN","Poverty_150",0.211159321278948,0.661969044231739,FALSE,"Poverty_150",406,30,16,"GroupFilter=TRUE;MinGroup=10;Top=TRUE;TopPct=0.05;Bottom=FALSE;BottomPct=0.05"
"XPYRIDABEN","Unemployed",-0.0214436327284992,0.960675716147976,FALSE,"Unemployed",406,30,16,"GroupFilter=TRUE;MinGroup=10;Top=TRUE;TopPct=0.05;Bottom=FALSE;BottomPct=0.05"
"XPYRIDABEN","Working_class",0.0858615715579219,0.854208053835631,FALSE,"Working_class",406,30,16,"GroupFilter=TRUE;MinGroup=10;Top=TRUE;TopPct=0.05;Bottom=FALSE;BottomPct=0.05"
"XPYRIDABEN","Combined_SES",0.134973266320482,0.774592486291984,FALSE,"home_value, rent, Unemployed",406,30,16,"GroupFilter=TRUE;MinGroup=10;Top=TRUE;TopPct=0.05;Bottom=FALSE;BottomPct=0.05"
"XSPINOSYN","NULL",-0.0283027805620759,0.891617200883673,FALSE,"",523,41,16,"GroupFilter=TRUE;MinGroup=10;Top=TRUE;TopPct=0.05;Bottom=FALSE;BottomPct=0.05"
"XSPINOSYN","Education.index",0.0635657401674825,0.76599903055095,FALSE,"Education.index",523,41,16,"GroupFilter=TRUE;MinGroup=10;Top=TRUE;TopPct=0.05;Bottom=FALSE;BottomPct=0.05"
"XSPINOSYN","Income",-0.0310334772323187,0.893444404016224,FALSE,"Income",523,41,16,"GroupFilter=TRUE;MinGroup=10;Top=TRUE;TopPct=0.05;Bottom=FALSE;BottomPct=0.05"
"XSPINOSYN","home_value",-0.0370893798584181,0.866341284336389,FALSE,"home_value",523,41,16,"GroupFilter=TRUE;MinGroup=10;Top=TRUE;TopPct=0.05;Bottom=FALSE;BottomPct=0.05"
"XSPINOSYN","rent",-0.0206042831347011,0.925637203511671,FALSE,"rent",523,41,16,"GroupFilter=TRUE;MinGroup=10;Top=TRUE;TopPct=0.05;Bottom=FALSE;BottomPct=0.05"
"XSPINOSYN","Poverty_150",0.0261348564852455,0.91143610500431,FALSE,"Poverty_150",523,41,16,"GroupFilter=TRUE;MinGroup=10;Top=TRUE;TopPct=0.05;Bottom=FALSE;BottomPct=0.05"
"XSPINOSYN","Unemployed",0.0962278506331997,0.664772515284816,FALSE,"Unemployed",523,41,16,"GroupFilter=TRUE;MinGroup=10;Top=TRUE;TopPct=0.05;Bottom=FALSE;BottomPct=0.05"
"XSPINOSYN","Working_class",-0.0539692484973841,0.801688381100204,FALSE,"Working_class",523,41,16,"GroupFilter=TRUE;MinGroup=10;Top=TRUE;TopPct=0.05;Bottom=FALSE;BottomPct=0.05"
"XSULFENTRAZONE","NULL",-0.0849809698463537,0.693225088772597,FALSE,"",842,58,16,"GroupFilter=TRUE;MinGroup=10;Top=TRUE;TopPct=0.05;Bottom=FALSE;BottomPct=0.05"
"XSULFENTRAZONE","Education.index",-0.223103741576494,0.326447403441054,FALSE,"Education.index",842,58,16,"GroupFilter=TRUE;MinGroup=10;Top=TRUE;TopPct=0.05;Bottom=FALSE;BottomPct=0.05"
"XSULFENTRAZONE","Income",-0.148303500433444,0.510492766064428,FALSE,"Income",842,58,16,"GroupFilter=TRUE;MinGroup=10;Top=TRUE;TopPct=0.05;Bottom=FALSE;BottomPct=0.05"
"XSULFENTRAZONE","home_value",-0.32519868431967,0.249841188672701,FALSE,"home_value",842,58,16,"GroupFilter=TRUE;MinGroup=10;Top=TRUE;TopPct=0.05;Bottom=FALSE;BottomPct=0.05"
"XSULFENTRAZONE","rent",-0.390946309661246,0.134731137266751,FALSE,"rent",842,58,16,"GroupFilter=TRUE;MinGroup=10;Top=TRUE;TopPct=0.05;Bottom=FALSE;BottomPct=0.05"
"XSULFENTRAZONE","Poverty_150",-0.07793396079771,0.720013644204817,FALSE,"Poverty_150",842,58,16,"GroupFilter=TRUE;MinGroup=10;Top=TRUE;TopPct=0.05;Bottom=FALSE;BottomPct=0.05"
"XSULFENTRAZONE","Unemployed",-0.0780866547169208,0.742945205889094,FALSE,"Unemployed",842,58,16,"GroupFilter=TRUE;MinGroup=10;Top=TRUE;TopPct=0.05;Bottom=FALSE;BottomPct=0.05"
"XSULFENTRAZONE","Working_class",-0.124865189854103,0.574464557757738,FALSE,"Working_class",842,58,16,"GroupFilter=TRUE;MinGroup=10;Top=TRUE;TopPct=0.05;Bottom=FALSE;BottomPct=0.05"
"XSULFENTRAZONE","Combined_SES",-0.390946309661246,0.134731137266751,FALSE,"rent",842,58,16,"GroupFilter=TRUE;MinGroup=10;Top=TRUE;TopPct=0.05;Bottom=FALSE;BottomPct=0.05"
"XTRALKOXYDIM","NULL",-0.0144088141258522,0.949799440440399,FALSE,"",210,18,15,"GroupFilter=TRUE;MinGroup=10;Top=TRUE;TopPct=0.05;Bottom=FALSE;BottomPct=0.05"
"XTRALKOXYDIM","Education.index",-0.0282508085511862,0.905829147844872,FALSE,"Education.index",210,18,15,"GroupFilter=TRUE;MinGroup=10;Top=TRUE;TopPct=0.05;Bottom=FALSE;BottomPct=0.05"
"XTRALKOXYDIM","Income",-0.0685936878836375,0.762877812621653,FALSE,"Income",210,18,15,"GroupFilter=TRUE;MinGroup=10;Top=TRUE;TopPct=0.05;Bottom=FALSE;BottomPct=0.05"
"XTRALKOXYDIM","home_value",-0.0106010729328375,0.962466462064545,FALSE,"home_value",210,18,15,"GroupFilter=TRUE;MinGroup=10;Top=TRUE;TopPct=0.05;Bottom=FALSE;BottomPct=0.05"
"XTRALKOXYDIM","rent",-0.026810065258356,0.904844144782461,FALSE,"rent",210,18,15,"GroupFilter=TRUE;MinGroup=10;Top=TRUE;TopPct=0.05;Bottom=FALSE;BottomPct=0.05"
"XTRALKOXYDIM","Poverty_150",-0.113703714503453,0.621827465773337,FALSE,"Poverty_150",210,18,15,"GroupFilter=TRUE;MinGroup=10;Top=TRUE;TopPct=0.05;Bottom=FALSE;BottomPct=0.05"
"XTRALKOXYDIM","Unemployed",0.00261630693084641,0.991239273196121,FALSE,"Unemployed",210,18,15,"GroupFilter=TRUE;MinGroup=10;Top=TRUE;TopPct=0.05;Bottom=FALSE;BottomPct=0.05"
"XTRALKOXYDIM","Working_class",-0.0652900917164498,0.782244104228159,FALSE,"Working_class",210,18,15,"GroupFilter=TRUE;MinGroup=10;Top=TRUE;TopPct=0.05;Bottom=FALSE;BottomPct=0.05"
"XTRALKOXYDIM","Combined_SES",-0.0709555952282717,0.759713184019973,FALSE,"rent, Poverty_150",210,18,15,"GroupFilter=TRUE;MinGroup=10;Top=TRUE;TopPct=0.05;Bottom=FALSE;BottomPct=0.05"
"XCARFENTRAZONEETHYL","NULL",0.07465883657497,0.782084319761845,FALSE,"",894,71,14,"GroupFilter=TRUE;MinGroup=10;Top=TRUE;TopPct=0.05;Bottom=FALSE;BottomPct=0.05"
"XCARFENTRAZONEETHYL","Education.index",-0.0167071248412849,0.95139611908222,FALSE,"Education.index",894,71,14,"GroupFilter=TRUE;MinGroup=10;Top=TRUE;TopPct=0.05;Bottom=FALSE;BottomPct=0.05"
"XCARFENTRAZONEETHYL","Income",-0.00815173398820429,0.976538628027613,FALSE,"Income",894,71,14,"GroupFilter=TRUE;MinGroup=10;Top=TRUE;TopPct=0.05;Bottom=FALSE;BottomPct=0.05"
"XCARFENTRAZONEETHYL","home_value",-0.104440624643676,0.728296769160998,FALSE,"home_value",894,71,14,"GroupFilter=TRUE;MinGroup=10;Top=TRUE;TopPct=0.05;Bottom=FALSE;BottomPct=0.05"
"XCARFENTRAZONEETHYL","rent",-0.183983998579552,0.54021218346915,FALSE,"rent",894,71,14,"GroupFilter=TRUE;MinGroup=10;Top=TRUE;TopPct=0.05;Bottom=FALSE;BottomPct=0.05"
"XCARFENTRAZONEETHYL","Poverty_150",0.0671107010809109,0.807854332618144,FALSE,"Poverty_150",894,71,14,"GroupFilter=TRUE;MinGroup=10;Top=TRUE;TopPct=0.05;Bottom=FALSE;BottomPct=0.05"
"XCARFENTRAZONEETHYL","Unemployed",0.0691168752940517,0.813839789926453,FALSE,"Unemployed",894,71,14,"GroupFilter=TRUE;MinGroup=10;Top=TRUE;TopPct=0.05;Bottom=FALSE;BottomPct=0.05"
"XCARFENTRAZONEETHYL","Working_class",0.0467337864274982,0.863723259714975,FALSE,"Working_class",894,71,14,"GroupFilter=TRUE;MinGroup=10;Top=TRUE;TopPct=0.05;Bottom=FALSE;BottomPct=0.05"
"XCARFENTRAZONEETHYL","Combined_SES",-0.183983998579552,0.54021218346915,FALSE,"rent",894,71,14,"GroupFilter=TRUE;MinGroup=10;Top=TRUE;TopPct=0.05;Bottom=FALSE;BottomPct=0.05"
"XCLORANSULAMMETHYL","NULL",0.295101718056367,0.546065568121594,FALSE,"",698,49,15,"GroupFilter=TRUE;MinGroup=10;Top=TRUE;TopPct=0.05;Bottom=FALSE;BottomPct=0.05"
"XCLORANSULAMMETHYL","Education.index",0.316305287508572,0.517571436890806,FALSE,"Education.index",698,49,15,"GroupFilter=TRUE;MinGroup=10;Top=TRUE;TopPct=0.05;Bottom=FALSE;BottomPct=0.05"
"XCLORANSULAMMETHYL","Income",0.242921810305569,0.621203421302499,FALSE,"Income",698,49,15,"GroupFilter=TRUE;MinGroup=10;Top=TRUE;TopPct=0.05;Bottom=FALSE;BottomPct=0.05"
"XCLORANSULAMMETHYL","home_value",0.24789165097056,0.615189326852617,FALSE,"home_value",698,49,15,"GroupFilter=TRUE;MinGroup=10;Top=TRUE;TopPct=0.05;Bottom=FALSE;BottomPct=0.05"
"XCLORANSULAMMETHYL","rent",0.237871286480316,0.626378938074579,FALSE,"rent",698,49,15,"GroupFilter=TRUE;MinGroup=10;Top=TRUE;TopPct=0.05;Bottom=FALSE;BottomPct=0.05"
"XCLORANSULAMMETHYL","Poverty_150",0.285639770319843,0.558815345747364,FALSE,"Poverty_150",698,49,15,"GroupFilter=TRUE;MinGroup=10;Top=TRUE;TopPct=0.05;Bottom=FALSE;BottomPct=0.05"
"XCLORANSULAMMETHYL","Unemployed",0.318285826518558,0.515147007838818,FALSE,"Unemployed",698,49,15,"GroupFilter=TRUE;MinGroup=10;Top=TRUE;TopPct=0.05;Bottom=FALSE;BottomPct=0.05"
"XCLORANSULAMMETHYL","Working_class",0.297608347066868,0.543136718623446,FALSE,"Working_class",698,49,15,"GroupFilter=TRUE;MinGroup=10;Top=TRUE;TopPct=0.05;Bottom=FALSE;BottomPct=0.05"
"XCYPRODINIL","NULL",0.495127825528303,0.0191759475956822,TRUE,"",303,22,15,"GroupFilter=TRUE;MinGroup=10;Top=TRUE;TopPct=0.05;Bottom=FALSE;BottomPct=0.05"
"XCYPRODINIL","Education.index",0.499988543251842,0.0182443682707751,TRUE,"Education.index",303,22,15,"GroupFilter=TRUE;MinGroup=10;Top=TRUE;TopPct=0.05;Bottom=FALSE;BottomPct=0.05"
"XCYPRODINIL","Income",0.49795530377257,0.0299554322332924,TRUE,"Income",303,22,15,"GroupFilter=TRUE;MinGroup=10;Top=TRUE;TopPct=0.05;Bottom=FALSE;BottomPct=0.05"
"XCYPRODINIL","home_value",0.516091193670669,0.0154675817005754,TRUE,"home_value",303,22,15,"GroupFilter=TRUE;MinGroup=10;Top=TRUE;TopPct=0.05;Bottom=FALSE;BottomPct=0.05"
"XCYPRODINIL","rent",0.557972792040295,0.010683743844907,TRUE,"rent",303,22,15,"GroupFilter=TRUE;MinGroup=10;Top=TRUE;TopPct=0.05;Bottom=FALSE;BottomPct=0.05"
"XCYPRODINIL","Poverty_150",0.355600413835492,0.133789633570181,FALSE,"Poverty_150",303,22,15,"GroupFilter=TRUE;MinGroup=10;Top=TRUE;TopPct=0.05;Bottom=FALSE;BottomPct=0.05"
"XCYPRODINIL","Unemployed",0.301072736097858,0.197503003794996,FALSE,"Unemployed",303,22,15,"GroupFilter=TRUE;MinGroup=10;Top=TRUE;TopPct=0.05;Bottom=FALSE;BottomPct=0.05"
"XCYPRODINIL","Working_class",0.444779960996397,0.0471199419787446,TRUE,"Working_class",303,22,15,"GroupFilter=TRUE;MinGroup=10;Top=TRUE;TopPct=0.05;Bottom=FALSE;BottomPct=0.05"
"XFIPRONIL","NULL",0.449295345182991,0.152498640904012,FALSE,"",752,55,15,"GroupFilter=TRUE;MinGroup=10;Top=TRUE;TopPct=0.05;Bottom=FALSE;BottomPct=0.05"
"XFIPRONIL","Education.index",0.459303067423442,0.147916702436921,FALSE,"Education.index",752,55,15,"GroupFilter=TRUE;MinGroup=10;Top=TRUE;TopPct=0.05;Bottom=FALSE;BottomPct=0.05"
"XFIPRONIL","Income",0.451001796318544,0.161620987773168,FALSE,"Income",752,55,15,"GroupFilter=TRUE;MinGroup=10;Top=TRUE;TopPct=0.05;Bottom=FALSE;BottomPct=0.05"
"XFIPRONIL","home_value",0.447436339044654,0.155906320744894,FALSE,"home_value",752,55,15,"GroupFilter=TRUE;MinGroup=10;Top=TRUE;TopPct=0.05;Bottom=FALSE;BottomPct=0.05"
"XFIPRONIL","rent",0.406478207212038,0.1932445043998,FALSE,"rent",752,55,15,"GroupFilter=TRUE;MinGroup=10;Top=TRUE;TopPct=0.05;Bottom=FALSE;BottomPct=0.05"
"XFIPRONIL","Poverty_150",0.37855792641144,0.30461162812962,FALSE,"Poverty_150",752,55,15,"GroupFilter=TRUE;MinGroup=10;Top=TRUE;TopPct=0.05;Bottom=FALSE;BottomPct=0.05"
"XFIPRONIL","Unemployed",0.431730369267604,0.216033381701197,FALSE,"Unemployed",752,55,15,"GroupFilter=TRUE;MinGroup=10;Top=TRUE;TopPct=0.05;Bottom=FALSE;BottomPct=0.05"
"XFIPRONIL","Working_class",0.448633551011859,0.155523219740414,FALSE,"Working_class",752,55,15,"GroupFilter=TRUE;MinGroup=10;Top=TRUE;TopPct=0.05;Bottom=FALSE;BottomPct=0.05"
"XFLUFENACET","NULL",0.471803748031364,0.0594653427792673,FALSE,"",809,59,15,"GroupFilter=TRUE;MinGroup=10;Top=TRUE;TopPct=0.05;Bottom=FALSE;BottomPct=0.05"
"XFLUFENACET","Education.index",0.47910946940118,0.0561152546575451,FALSE,"Education.index",809,59,15,"GroupFilter=TRUE;MinGroup=10;Top=TRUE;TopPct=0.05;Bottom=FALSE;BottomPct=0.05"
"XFLUFENACET","Income",0.508180769241823,0.0461288650677803,TRUE,"Income",809,59,15,"GroupFilter=TRUE;MinGroup=10;Top=TRUE;TopPct=0.05;Bottom=FALSE;BottomPct=0.05"
"XFLUFENACET","home_value",0.446360753819114,0.0829070056215438,FALSE,"home_value",809,59,15,"GroupFilter=TRUE;MinGroup=10;Top=TRUE;TopPct=0.05;Bottom=FALSE;BottomPct=0.05"
"XFLUFENACET","rent",0.370229614963159,0.147021922388166,FALSE,"rent",809,59,15,"GroupFilter=TRUE;MinGroup=10;Top=TRUE;TopPct=0.05;Bottom=FALSE;BottomPct=0.05"
"XFLUFENACET","Poverty_150",0.489453526507039,0.108698412080709,FALSE,"Poverty_150",809,59,15,"GroupFilter=TRUE;MinGroup=10;Top=TRUE;TopPct=0.05;Bottom=FALSE;BottomPct=0.05"
"XFLUFENACET","Unemployed",0.624974491451576,0.0414565730516215,TRUE,"Unemployed",809,59,15,"GroupFilter=TRUE;MinGroup=10;Top=TRUE;TopPct=0.05;Bottom=FALSE;BottomPct=0.05"
"XFLUFENACET","Working_class",0.468407290130379,0.0631503683881632,FALSE,"Working_class",809,59,15,"GroupFilter=TRUE;MinGroup=10;Top=TRUE;TopPct=0.05;Bottom=FALSE;BottomPct=0.05"
"XFLUROXYPYR","NULL",-0.388627598210602,0.0451318663092291,TRUE,"",340,28,15,"GroupFilter=TRUE;MinGroup=10;Top=TRUE;TopPct=0.05;Bottom=FALSE;BottomPct=0.05"
"XFLUROXYPYR","Education.index",-0.393948022442786,0.0452211560556634,TRUE,"Education.index",340,28,15,"GroupFilter=TRUE;MinGroup=10;Top=TRUE;TopPct=0.05;Bottom=FALSE;BottomPct=0.05"
"XFLUROXYPYR","Income",-0.396862537296853,0.0430437770339911,TRUE,"Income",340,28,15,"GroupFilter=TRUE;MinGroup=10;Top=TRUE;TopPct=0.05;Bottom=FALSE;BottomPct=0.05"
"XFLUROXYPYR","home_value",-0.358478797026369,0.065216774265854,FALSE,"home_value",340,28,15,"GroupFilter=TRUE;MinGroup=10;Top=TRUE;TopPct=0.05;Bottom=FALSE;BottomPct=0.05"
"XFLUROXYPYR","rent",-0.36788400592394,0.0536480076646854,FALSE,"rent",340,28,15,"GroupFilter=TRUE;MinGroup=10;Top=TRUE;TopPct=0.05;Bottom=FALSE;BottomPct=0.05"
"XFLUROXYPYR","Poverty_150",-0.412498318967404,0.0360893446537479,TRUE,"Poverty_150",340,28,15,"GroupFilter=TRUE;MinGroup=10;Top=TRUE;TopPct=0.05;Bottom=FALSE;BottomPct=0.05"
"XFLUROXYPYR","Unemployed",-0.339807661991312,0.0979411964058603,FALSE,"Unemployed",340,28,15,"GroupFilter=TRUE;MinGroup=10;Top=TRUE;TopPct=0.05;Bottom=FALSE;BottomPct=0.05"
"XFLUROXYPYR","Working_class",-0.382105884388613,0.0494879757276058,TRUE,"Working_class",340,28,15,"GroupFilter=TRUE;MinGroup=10;Top=TRUE;TopPct=0.05;Bottom=FALSE;BottomPct=0.05"
"XISOXAFLUTOLE","NULL",0.498532476058205,0.104517313478372,FALSE,"",716,54,14,"GroupFilter=TRUE;MinGroup=10;Top=TRUE;TopPct=0.05;Bottom=FALSE;BottomPct=0.05"
"XISOXAFLUTOLE","Education.index",0.561137897445286,0.0795398280874753,FALSE,"Education.index",716,54,14,"GroupFilter=TRUE;MinGroup=10;Top=TRUE;TopPct=0.05;Bottom=FALSE;BottomPct=0.05"
"XISOXAFLUTOLE","Income",0.57022162910143,0.0753756016908179,FALSE,"Income",716,54,14,"GroupFilter=TRUE;MinGroup=10;Top=TRUE;TopPct=0.05;Bottom=FALSE;BottomPct=0.05"
"XISOXAFLUTOLE","home_value",0.505247872635486,0.10110492887017,FALSE,"home_value",716,54,14,"GroupFilter=TRUE;MinGroup=10;Top=TRUE;TopPct=0.05;Bottom=FALSE;BottomPct=0.05"
"XISOXAFLUTOLE","rent",0.469551830371085,0.113092541690871,FALSE,"rent",716,54,14,"GroupFilter=TRUE;MinGroup=10;Top=TRUE;TopPct=0.05;Bottom=FALSE;BottomPct=0.05"
"XISOXAFLUTOLE","Poverty_150",0.649398197296197,0.104262952382603,FALSE,"Poverty_150",716,54,14,"GroupFilter=TRUE;MinGroup=10;Top=TRUE;TopPct=0.05;Bottom=FALSE;BottomPct=0.05"
"XISOXAFLUTOLE","Unemployed",0.699406990569815,0.0514219973674458,FALSE,"Unemployed",716,54,14,"GroupFilter=TRUE;MinGroup=10;Top=TRUE;TopPct=0.05;Bottom=FALSE;BottomPct=0.05"
"XISOXAFLUTOLE","Working_class",0.496596438416591,0.108463405101902,FALSE,"Working_class",716,54,14,"GroupFilter=TRUE;MinGroup=10;Top=TRUE;TopPct=0.05;Bottom=FALSE;BottomPct=0.05"
"XDIFLUFENZOPYR","NULL",0.571108979440238,0.00166264790424703,TRUE,"",1084,84,14,"GroupFilter=TRUE;MinGroup=10;Top=TRUE;TopPct=0.05;Bottom=FALSE;BottomPct=0.05"
"XDIFLUFENZOPYR","Education.index",0.53960755356766,0.00267885496524526,TRUE,"Education.index",1084,84,14,"GroupFilter=TRUE;MinGroup=10;Top=TRUE;TopPct=0.05;Bottom=FALSE;BottomPct=0.05"
"XDIFLUFENZOPYR","Income",0.563444819822258,0.00208108076276594,TRUE,"Income",1084,84,14,"GroupFilter=TRUE;MinGroup=10;Top=TRUE;TopPct=0.05;Bottom=FALSE;BottomPct=0.05"
"XDIFLUFENZOPYR","home_value",0.528539013484258,0.00693520999628589,TRUE,"home_value",1084,84,14,"GroupFilter=TRUE;MinGroup=10;Top=TRUE;TopPct=0.05;Bottom=FALSE;BottomPct=0.05"
"XDIFLUFENZOPYR","rent",0.485432527273756,0.0136442126149931,TRUE,"rent",1084,84,14,"GroupFilter=TRUE;MinGroup=10;Top=TRUE;TopPct=0.05;Bottom=FALSE;BottomPct=0.05"
"XDIFLUFENZOPYR","Poverty_150",0.560627894839377,0.00365324833476355,TRUE,"Poverty_150",1084,84,14,"GroupFilter=TRUE;MinGroup=10;Top=TRUE;TopPct=0.05;Bottom=FALSE;BottomPct=0.05"
"XDIFLUFENZOPYR","Unemployed",0.641851912549634,0.00166333197298144,TRUE,"Unemployed",1084,84,14,"GroupFilter=TRUE;MinGroup=10;Top=TRUE;TopPct=0.05;Bottom=FALSE;BottomPct=0.05"
"XDIFLUFENZOPYR","Working_class",0.580001203715242,0.00201634358113149,TRUE,"Working_class",1084,84,14,"GroupFilter=TRUE;MinGroup=10;Top=TRUE;TopPct=0.05;Bottom=FALSE;BottomPct=0.05"
"XDIFLUFENZOPYR","Combined_SES",0.53960755356766,0.00267885496524526,TRUE,"Education.index",1084,84,14,"GroupFilter=TRUE;MinGroup=10;Top=TRUE;TopPct=0.05;Bottom=FALSE;BottomPct=0.05"
"XFENHEXAMID","NULL",0.0556413424335331,0.793842318926237,FALSE,"",266,21,14,"GroupFilter=TRUE;MinGroup=10;Top=TRUE;TopPct=0.05;Bottom=FALSE;BottomPct=0.05"
"XFENHEXAMID","Education.index",0.0827809936964782,0.697174340164295,FALSE,"Education.index",266,21,14,"GroupFilter=TRUE;MinGroup=10;Top=TRUE;TopPct=0.05;Bottom=FALSE;BottomPct=0.05"
"XFENHEXAMID","Income",0.0678042139666427,0.772194550859687,FALSE,"Income",266,21,14,"GroupFilter=TRUE;MinGroup=10;Top=TRUE;TopPct=0.05;Bottom=FALSE;BottomPct=0.05"
"XFENHEXAMID","home_value",0.101822086094989,0.633406884773815,FALSE,"home_value",266,21,14,"GroupFilter=TRUE;MinGroup=10;Top=TRUE;TopPct=0.05;Bottom=FALSE;BottomPct=0.05"
"XFENHEXAMID","rent",0.166824907493432,0.453840739470459,FALSE,"rent",266,21,14,"GroupFilter=TRUE;MinGroup=10;Top=TRUE;TopPct=0.05;Bottom=FALSE;BottomPct=0.05"
"XFENHEXAMID","Poverty_150",-0.141970481277817,0.553001004733815,FALSE,"Poverty_150",266,21,14,"GroupFilter=TRUE;MinGroup=10;Top=TRUE;TopPct=0.05;Bottom=FALSE;BottomPct=0.05"
"XFENHEXAMID","Unemployed",-0.0769518510925386,0.739563127929949,FALSE,"Unemployed",266,21,14,"GroupFilter=TRUE;MinGroup=10;Top=TRUE;TopPct=0.05;Bottom=FALSE;BottomPct=0.05"
"XFENHEXAMID","Working_class",0.0657347397881265,0.768397012691855,FALSE,"Working_class",266,21,14,"GroupFilter=TRUE;MinGroup=10;Top=TRUE;TopPct=0.05;Bottom=FALSE;BottomPct=0.05"
"XFLUDIOXONIL","NULL",0.0556677301780146,0.850465755855753,FALSE,"",153,13,13,"GroupFilter=TRUE;MinGroup=10;Top=TRUE;TopPct=0.05;Bottom=FALSE;BottomPct=0.05"
"XFLUDIOXONIL","Education.index",0.0259316729491591,0.933510830078542,FALSE,"Education.index",153,13,13,"GroupFilter=TRUE;MinGroup=10;Top=TRUE;TopPct=0.05;Bottom=FALSE;BottomPct=0.05"
"XFLUDIOXONIL","Income",0.140832531689836,0.647777011079852,FALSE,"Income",153,13,13,"GroupFilter=TRUE;MinGroup=10;Top=TRUE;TopPct=0.05;Bottom=FALSE;BottomPct=0.05"
"XFLUDIOXONIL","home_value",0.0786348740883781,0.791766428882119,FALSE,"home_value",153,13,13,"GroupFilter=TRUE;MinGroup=10;Top=TRUE;TopPct=0.05;Bottom=FALSE;BottomPct=0.05"
"XFLUDIOXONIL","rent",0.129581894517345,0.672592633854006,FALSE,"rent",153,13,13,"GroupFilter=TRUE;MinGroup=10;Top=TRUE;TopPct=0.05;Bottom=FALSE;BottomPct=0.05"
"XFLUDIOXONIL","Poverty_150",0.0828179762023045,0.797013147728151,FALSE,"Poverty_150",153,13,13,"GroupFilter=TRUE;MinGroup=10;Top=TRUE;TopPct=0.05;Bottom=FALSE;BottomPct=0.05"
"XFLUDIOXONIL","Unemployed",0.065459942685986,0.838649954528722,FALSE,"Unemployed",153,13,13,"GroupFilter=TRUE;MinGroup=10;Top=TRUE;TopPct=0.05;Bottom=FALSE;BottomPct=0.05"
"XFLUDIOXONIL","Working_class",0.0709352198051003,0.811908980216944,FALSE,"Working_class",153,13,13,"GroupFilter=TRUE;MinGroup=10;Top=TRUE;TopPct=0.05;Bottom=FALSE;BottomPct=0.05"
"XKAOLINCLAY","NULL",-0.119135488360925,0.744779527795489,FALSE,"",148,12,13,"GroupFilter=TRUE;MinGroup=10;Top=TRUE;TopPct=0.05;Bottom=FALSE;BottomPct=0.05"
"XKAOLINCLAY","Education.index",-0.184978308380745,0.617802327913886,FALSE,"Education.index",148,12,13,"GroupFilter=TRUE;MinGroup=10;Top=TRUE;TopPct=0.05;Bottom=FALSE;BottomPct=0.05"
"XKAOLINCLAY","Income",-0.140727556670462,0.716307597560346,FALSE,"Income",148,12,13,"GroupFilter=TRUE;MinGroup=10;Top=TRUE;TopPct=0.05;Bottom=FALSE;BottomPct=0.05"
"XKAOLINCLAY","home_value",-0.183479689061076,0.631747552226685,FALSE,"home_value",148,12,13,"GroupFilter=TRUE;MinGroup=10;Top=TRUE;TopPct=0.05;Bottom=FALSE;BottomPct=0.05"
"XKAOLINCLAY","rent",-0.137532622916575,0.717036980370942,FALSE,"rent",148,12,13,"GroupFilter=TRUE;MinGroup=10;Top=TRUE;TopPct=0.05;Bottom=FALSE;BottomPct=0.05"
"XKAOLINCLAY","Poverty_150",-0.221780449292458,0.570130498114781,FALSE,"Poverty_150",148,12,13,"GroupFilter=TRUE;MinGroup=10;Top=TRUE;TopPct=0.05;Bottom=FALSE;BottomPct=0.05"
"XKAOLINCLAY","Unemployed",-0.382288684900167,0.335658011988444,FALSE,"Unemployed",148,12,13,"GroupFilter=TRUE;MinGroup=10;Top=TRUE;TopPct=0.05;Bottom=FALSE;BottomPct=0.05"
"XKAOLINCLAY","Working_class",-0.187286348012252,0.61599887670209,FALSE,"Working_class",148,12,13,"GroupFilter=TRUE;MinGroup=10;Top=TRUE;TopPct=0.05;Bottom=FALSE;BottomPct=0.05"
"XKRESOXIMMETHYL","NULL",-0.255216389720797,0.299728118328487,FALSE,"",284,22,14,"GroupFilter=TRUE;MinGroup=10;Top=TRUE;TopPct=0.05;Bottom=FALSE;BottomPct=0.05"
"XKRESOXIMMETHYL","Education.index",-0.292937315201796,0.242096005991042,FALSE,"Education.index",284,22,14,"GroupFilter=TRUE;MinGroup=10;Top=TRUE;TopPct=0.05;Bottom=FALSE;BottomPct=0.05"
"XKRESOXIMMETHYL","Income",-0.348290408826731,0.192301043434411,FALSE,"Income",284,22,14,"GroupFilter=TRUE;MinGroup=10;Top=TRUE;TopPct=0.05;Bottom=FALSE;BottomPct=0.05"
"XKRESOXIMMETHYL","home_value",-0.251561778056828,0.312831041026336,FALSE,"home_value",284,22,14,"GroupFilter=TRUE;MinGroup=10;Top=TRUE;TopPct=0.05;Bottom=FALSE;BottomPct=0.05"
"XKRESOXIMMETHYL","rent",-0.247098318798948,0.333369573952585,FALSE,"rent",284,22,14,"GroupFilter=TRUE;MinGroup=10;Top=TRUE;TopPct=0.05;Bottom=FALSE;BottomPct=0.05"
"XKRESOXIMMETHYL","Poverty_150",-0.452139826682081,0.0813824570577717,FALSE,"Poverty_150",284,22,14,"GroupFilter=TRUE;MinGroup=10;Top=TRUE;TopPct=0.05;Bottom=FALSE;BottomPct=0.05"
"XKRESOXIMMETHYL","Unemployed",-0.395526798337337,0.110299372868975,FALSE,"Unemployed",284,22,14,"GroupFilter=TRUE;MinGroup=10;Top=TRUE;TopPct=0.05;Bottom=FALSE;BottomPct=0.05"
"XKRESOXIMMETHYL","Working_class",-0.448410249096699,0.0904796065183769,FALSE,"Working_class",284,22,14,"GroupFilter=TRUE;MinGroup=10;Top=TRUE;TopPct=0.05;Bottom=FALSE;BottomPct=0.05"
"XKRESOXIMMETHYL","Combined_SES",-0.456010671542704,0.0779343636616904,FALSE,"Poverty_150, Unemployed",284,22,14,"GroupFilter=TRUE;MinGroup=10;Top=TRUE;TopPct=0.05;Bottom=FALSE;BottomPct=0.05"
"XPYMETROZINE","NULL",0.288807833376503,0.647970337470579,FALSE,"",77,7,13,"GroupFilter=TRUE;MinGroup=10;Top=TRUE;TopPct=0.05;Bottom=FALSE;BottomPct=0.05"
"XPYMETROZINE","Education.index",-0.0469296717582539,0.909003108792858,FALSE,"Education.index",77,7,13,"GroupFilter=TRUE;MinGroup=10;Top=TRUE;TopPct=0.05;Bottom=FALSE;BottomPct=0.05"
"XPYMETROZINE","Income",0.531538654375413,0.391993071510906,FALSE,"Income",77,7,13,"GroupFilter=TRUE;MinGroup=10;Top=TRUE;TopPct=0.05;Bottom=FALSE;BottomPct=0.05"
"XPYMETROZINE","home_value",0.410458099029137,0.524407260518041,FALSE,"home_value",77,7,13,"GroupFilter=TRUE;MinGroup=10;Top=TRUE;TopPct=0.05;Bottom=FALSE;BottomPct=0.05"
"XPYMETROZINE","rent",0.478482384123853,0.465963259536577,FALSE,"rent",77,7,13,"GroupFilter=TRUE;MinGroup=10;Top=TRUE;TopPct=0.05;Bottom=FALSE;BottomPct=0.05"
"XPYMETROZINE","Poverty_150",0.544112856343973,0.314249255107173,FALSE,"Poverty_150",77,7,13,"GroupFilter=TRUE;MinGroup=10;Top=TRUE;TopPct=0.05;Bottom=FALSE;BottomPct=0.05"
"XPYMETROZINE","Unemployed",0.196019440003129,0.749937059407632,FALSE,"Unemployed",77,7,13,"GroupFilter=TRUE;MinGroup=10;Top=TRUE;TopPct=0.05;Bottom=FALSE;BottomPct=0.05"
"XPYMETROZINE","Working_class",0.407138099770421,0.515153703117617,FALSE,"Working_class",77,7,13,"GroupFilter=TRUE;MinGroup=10;Top=TRUE;TopPct=0.05;Bottom=FALSE;BottomPct=0.05"
"XPYMETROZINE","Combined_SES",0.022888086315448,0.966569151106877,FALSE,"Education.index, Poverty_150",77,7,13,"GroupFilter=TRUE;MinGroup=10;Top=TRUE;TopPct=0.05;Bottom=FALSE;BottomPct=0.05"
"XSULFOSULFURON","NULL",-0.260669970577438,0.297970085712265,FALSE,"",177,14,14,"GroupFilter=TRUE;MinGroup=10;Top=TRUE;TopPct=0.05;Bottom=FALSE;BottomPct=0.05"
"XSULFOSULFURON","Education.index",-0.269994805444815,0.313273846901438,FALSE,"Education.index",177,14,14,"GroupFilter=TRUE;MinGroup=10;Top=TRUE;TopPct=0.05;Bottom=FALSE;BottomPct=0.05"
"XSULFOSULFURON","Income",-0.297356891348078,0.243933146280178,FALSE,"Income",177,14,14,"GroupFilter=TRUE;MinGroup=10;Top=TRUE;TopPct=0.05;Bottom=FALSE;BottomPct=0.05"
"XSULFOSULFURON","home_value",-0.230652345993503,0.353585881428739,FALSE,"home_value",177,14,14,"GroupFilter=TRUE;MinGroup=10;Top=TRUE;TopPct=0.05;Bottom=FALSE;BottomPct=0.05"
"XSULFOSULFURON","rent",-0.252037399217033,0.305899297642476,FALSE,"rent",177,14,14,"GroupFilter=TRUE;MinGroup=10;Top=TRUE;TopPct=0.05;Bottom=FALSE;BottomPct=0.05"
"XSULFOSULFURON","Poverty_150",-0.298376446959208,0.248775827717154,FALSE,"Poverty_150",177,14,14,"GroupFilter=TRUE;MinGroup=10;Top=TRUE;TopPct=0.05;Bottom=FALSE;BottomPct=0.05"
"XSULFOSULFURON","Unemployed",0.00132260077901614,0.996293070434617,FALSE,"Unemployed",177,14,14,"GroupFilter=TRUE;MinGroup=10;Top=TRUE;TopPct=0.05;Bottom=FALSE;BottomPct=0.05"
"XSULFOSULFURON","Working_class",-0.259122156047817,0.302907300728487,FALSE,"Working_class",177,14,14,"GroupFilter=TRUE;MinGroup=10;Top=TRUE;TopPct=0.05;Bottom=FALSE;BottomPct=0.05"
"XSULFOSULFURON","Combined_SES",-0.277845722376657,0.262483326744788,FALSE,"home_value, rent",177,14,14,"GroupFilter=TRUE;MinGroup=10;Top=TRUE;TopPct=0.05;Bottom=FALSE;BottomPct=0.05"
"XTRIFLOXYSTROBIN","NULL",0.542764733799036,0.01138846276507,TRUE,"",609,51,13,"GroupFilter=TRUE;MinGroup=10;Top=TRUE;TopPct=0.05;Bottom=FALSE;BottomPct=0.05"
"XTRIFLOXYSTROBIN","Education.index",0.545203245345282,0.0100274659161411,TRUE,"Education.index",609,51,13,"GroupFilter=TRUE;MinGroup=10;Top=TRUE;TopPct=0.05;Bottom=FALSE;BottomPct=0.05"
"XTRIFLOXYSTROBIN","Income",0.529658317315824,0.0136925220520752,TRUE,"Income",609,51,13,"GroupFilter=TRUE;MinGroup=10;Top=TRUE;TopPct=0.05;Bottom=FALSE;BottomPct=0.05"
"XTRIFLOXYSTROBIN","home_value",0.491806171053884,0.0235971926560687,TRUE,"home_value",609,51,13,"GroupFilter=TRUE;MinGroup=10;Top=TRUE;TopPct=0.05;Bottom=FALSE;BottomPct=0.05"
"XTRIFLOXYSTROBIN","rent",0.462169534688098,0.033845432794242,TRUE,"rent",609,51,13,"GroupFilter=TRUE;MinGroup=10;Top=TRUE;TopPct=0.05;Bottom=FALSE;BottomPct=0.05"
"XTRIFLOXYSTROBIN","Poverty_150",0.531915794360485,0.0138595453655131,TRUE,"Poverty_150",609,51,13,"GroupFilter=TRUE;MinGroup=10;Top=TRUE;TopPct=0.05;Bottom=FALSE;BottomPct=0.05"
"XTRIFLOXYSTROBIN","Unemployed",0.438723009052145,0.057726232346223,FALSE,"Unemployed",609,51,13,"GroupFilter=TRUE;MinGroup=10;Top=TRUE;TopPct=0.05;Bottom=FALSE;BottomPct=0.05"
"XTRIFLOXYSTROBIN","Working_class",0.525116494090092,0.0145361118093316,TRUE,"Working_class",609,51,13,"GroupFilter=TRUE;MinGroup=10;Top=TRUE;TopPct=0.05;Bottom=FALSE;BottomPct=0.05"
"XTRIFLOXYSTROBIN","Combined_SES",0.545203245345282,0.0100274659161411,TRUE,"Education.index",609,51,13,"GroupFilter=TRUE;MinGroup=10;Top=TRUE;TopPct=0.05;Bottom=FALSE;BottomPct=0.05"
"XBACILLUSSUBTILIS","NULL",-0.295698413521926,0.404967630142953,FALSE,"",92,9,12,"GroupFilter=TRUE;MinGroup=10;Top=TRUE;TopPct=0.05;Bottom=FALSE;BottomPct=0.05"
"XBACILLUSSUBTILIS","Education.index",-0.208165855561989,0.584401203766682,FALSE,"Education.index",92,9,12,"GroupFilter=TRUE;MinGroup=10;Top=TRUE;TopPct=0.05;Bottom=FALSE;BottomPct=0.05"
"XBACILLUSSUBTILIS","Income",-0.191990989992635,0.61523433904467,FALSE,"Income",92,9,12,"GroupFilter=TRUE;MinGroup=10;Top=TRUE;TopPct=0.05;Bottom=FALSE;BottomPct=0.05"
"XBACILLUSSUBTILIS","home_value",-0.202243014270729,0.609612804949946,FALSE,"home_value",92,9,12,"GroupFilter=TRUE;MinGroup=10;Top=TRUE;TopPct=0.05;Bottom=FALSE;BottomPct=0.05"
"XBACILLUSSUBTILIS","rent",-0.208081447127964,0.593071671068207,FALSE,"rent",92,9,12,"GroupFilter=TRUE;MinGroup=10;Top=TRUE;TopPct=0.05;Bottom=FALSE;BottomPct=0.05"
"XBACILLUSSUBTILIS","Poverty_150",-0.242300996708114,0.512667385698245,FALSE,"Poverty_150",92,9,12,"GroupFilter=TRUE;MinGroup=10;Top=TRUE;TopPct=0.05;Bottom=FALSE;BottomPct=0.05"
"XBACILLUSSUBTILIS","Unemployed",-0.0665424595138784,0.864881811456244,FALSE,"Unemployed",92,9,12,"GroupFilter=TRUE;MinGroup=10;Top=TRUE;TopPct=0.05;Bottom=FALSE;BottomPct=0.05"
"XBACILLUSSUBTILIS","Working_class",-0.220294766739335,0.558899001911283,FALSE,"Working_class",92,9,12,"GroupFilter=TRUE;MinGroup=10;Top=TRUE;TopPct=0.05;Bottom=FALSE;BottomPct=0.05"
"XBIFENAZATE","NULL",0.0878778062567757,0.811557017000956,FALSE,"",134,13,11,"GroupFilter=TRUE;MinGroup=10;Top=TRUE;TopPct=0.05;Bottom=FALSE;BottomPct=0.05"
"XBIFENAZATE","Education.index",-0.0276811485290873,0.942274613564457,FALSE,"Education.index",134,13,11,"GroupFilter=TRUE;MinGroup=10;Top=TRUE;TopPct=0.05;Bottom=FALSE;BottomPct=0.05"
"XBIFENAZATE","Income",0.011439337723373,0.981246061844179,FALSE,"Income",134,13,11,"GroupFilter=TRUE;MinGroup=10;Top=TRUE;TopPct=0.05;Bottom=FALSE;BottomPct=0.05"
"XBIFENAZATE","home_value",-0.0642378042487843,0.880634907757314,FALSE,"home_value",134,13,11,"GroupFilter=TRUE;MinGroup=10;Top=TRUE;TopPct=0.05;Bottom=FALSE;BottomPct=0.05"
"XBIFENAZATE","rent",-0.103656079142799,0.834688719172646,FALSE,"rent",134,13,11,"GroupFilter=TRUE;MinGroup=10;Top=TRUE;TopPct=0.05;Bottom=FALSE;BottomPct=0.05"
"XBIFENAZATE","Poverty_150",-0.0250444741436003,0.953128292633528,FALSE,"Poverty_150",134,13,11,"GroupFilter=TRUE;MinGroup=10;Top=TRUE;TopPct=0.05;Bottom=FALSE;BottomPct=0.05"
"XBIFENAZATE","Unemployed",-0.0115976307983673,0.975876500757584,FALSE,"Unemployed",134,13,11,"GroupFilter=TRUE;MinGroup=10;Top=TRUE;TopPct=0.05;Bottom=FALSE;BottomPct=0.05"
"XBIFENAZATE","Working_class",-0.0610511991461621,0.883347966346527,FALSE,"Working_class",134,13,11,"GroupFilter=TRUE;MinGroup=10;Top=TRUE;TopPct=0.05;Bottom=FALSE;BottomPct=0.05"
"XCLODINAFOP","NULL",-0.572088183807672,0.115318669467582,FALSE,"",68,6,12,"GroupFilter=TRUE;MinGroup=10;Top=TRUE;TopPct=0.05;Bottom=FALSE;BottomPct=0.05"
"XCLODINAFOP","Education.index",-0.737582107925968,0.0839739269871989,FALSE,"Education.index",68,6,12,"GroupFilter=TRUE;MinGroup=10;Top=TRUE;TopPct=0.05;Bottom=FALSE;BottomPct=0.05"
"XCLODINAFOP","Income",-0.534715074791628,0.179792216601521,FALSE,"Income",68,6,12,"GroupFilter=TRUE;MinGroup=10;Top=TRUE;TopPct=0.05;Bottom=FALSE;BottomPct=0.05"
"XCLODINAFOP","home_value",-0.585464846120464,0.110164095991683,FALSE,"home_value",68,6,12,"GroupFilter=TRUE;MinGroup=10;Top=TRUE;TopPct=0.05;Bottom=FALSE;BottomPct=0.05"
"XCLODINAFOP","rent",-0.521150714190429,0.156848609668172,FALSE,"rent",68,6,12,"GroupFilter=TRUE;MinGroup=10;Top=TRUE;TopPct=0.05;Bottom=FALSE;BottomPct=0.05"
"XCLODINAFOP","Poverty_150",-0.579250871764488,0.144983574021622,FALSE,"Poverty_150",68,6,12,"GroupFilter=TRUE;MinGroup=10;Top=TRUE;TopPct=0.05;Bottom=FALSE;BottomPct=0.05"
"XCLODINAFOP","Unemployed",-0.534067705029671,0.164782871813041,FALSE,"Unemployed",68,6,12,"GroupFilter=TRUE;MinGroup=10;Top=TRUE;TopPct=0.05;Bottom=FALSE;BottomPct=0.05"
"XCLODINAFOP","Working_class",-0.717485453862983,0.0752086148934766,FALSE,"Working_class",68,6,12,"GroupFilter=TRUE;MinGroup=10;Top=TRUE;TopPct=0.05;Bottom=FALSE;BottomPct=0.05"
"XDIMETHENAMIDP","NULL",0.276900703103874,0.0393458533250797,TRUE,"",945,81,13,"GroupFilter=TRUE;MinGroup=10;Top=TRUE;TopPct=0.05;Bottom=FALSE;BottomPct=0.05"
"XDIMETHENAMIDP","Education.index",0.221639565044558,0.0997989857114336,FALSE,"Education.index",945,81,13,"GroupFilter=TRUE;MinGroup=10;Top=TRUE;TopPct=0.05;Bottom=FALSE;BottomPct=0.05"
"XDIMETHENAMIDP","Income",0.265021695527187,0.0458485738745711,TRUE,"Income",945,81,13,"GroupFilter=TRUE;MinGroup=10;Top=TRUE;TopPct=0.05;Bottom=FALSE;BottomPct=0.05"
"XDIMETHENAMIDP","home_value",0.189708139748871,0.218847275601845,FALSE,"home_value",945,81,13,"GroupFilter=TRUE;MinGroup=10;Top=TRUE;TopPct=0.05;Bottom=FALSE;BottomPct=0.05"
"XDIMETHENAMIDP","rent",0.139352213397377,0.364722478012389,FALSE,"rent",945,81,13,"GroupFilter=TRUE;MinGroup=10;Top=TRUE;TopPct=0.05;Bottom=FALSE;BottomPct=0.05"
"XDIMETHENAMIDP","Poverty_150",0.37204615819039,0.00929726877617321,TRUE,"Poverty_150",945,81,13,"GroupFilter=TRUE;MinGroup=10;Top=TRUE;TopPct=0.05;Bottom=FALSE;BottomPct=0.05"
"XDIMETHENAMIDP","Unemployed",0.413099981988891,0.00814754478800257,TRUE,"Unemployed",945,81,13,"GroupFilter=TRUE;MinGroup=10;Top=TRUE;TopPct=0.05;Bottom=FALSE;BottomPct=0.05"
"XDIMETHENAMIDP","Working_class",0.252335790029195,0.0727030529043976,FALSE,"Working_class",945,81,13,"GroupFilter=TRUE;MinGroup=10;Top=TRUE;TopPct=0.05;Bottom=FALSE;BottomPct=0.05"
"XDIMETHENAMIDP","Combined_SES",0.234490395383247,0.083717938147824,FALSE,"Education.index, Income",945,81,13,"GroupFilter=TRUE;MinGroup=10;Top=TRUE;TopPct=0.05;Bottom=FALSE;BottomPct=0.05"
"XFLUAZINAM","NULL",-0.0151500299058615,0.964622087793896,FALSE,"",155,15,11,"GroupFilter=TRUE;MinGroup=10;Top=TRUE;TopPct=0.05;Bottom=FALSE;BottomPct=0.05"
"XFLUAZINAM","Education.index",-0.0129484836724128,0.97064671221345,FALSE,"Education.index",155,15,11,"GroupFilter=TRUE;MinGroup=10;Top=TRUE;TopPct=0.05;Bottom=FALSE;BottomPct=0.05"
"XFLUAZINAM","Income",-0.00268464282916448,0.993873563925449,FALSE,"Income",155,15,11,"GroupFilter=TRUE;MinGroup=10;Top=TRUE;TopPct=0.05;Bottom=FALSE;BottomPct=0.05"
"XFLUAZINAM","home_value",-0.132187167106485,0.709288559626396,FALSE,"home_value",155,15,11,"GroupFilter=TRUE;MinGroup=10;Top=TRUE;TopPct=0.05;Bottom=FALSE;BottomPct=0.05"
"XFLUAZINAM","rent",-0.0992168012084423,0.78052810537627,FALSE,"rent",155,15,11,"GroupFilter=TRUE;MinGroup=10;Top=TRUE;TopPct=0.05;Bottom=FALSE;BottomPct=0.05"
"XFLUAZINAM","Poverty_150",-0.0126886081120374,0.971086336739328,FALSE,"Poverty_150",155,15,11,"GroupFilter=TRUE;MinGroup=10;Top=TRUE;TopPct=0.05;Bottom=FALSE;BottomPct=0.05"
"XFLUAZINAM","Unemployed",0.00483759699190603,0.988991708562552,FALSE,"Unemployed",155,15,11,"GroupFilter=TRUE;MinGroup=10;Top=TRUE;TopPct=0.05;Bottom=FALSE;BottomPct=0.05"
"XFLUAZINAM","Working_class",-0.0206059320448306,0.953312817294998,FALSE,"Working_class",155,15,11,"GroupFilter=TRUE;MinGroup=10;Top=TRUE;TopPct=0.05;Bottom=FALSE;BottomPct=0.05"
"XINDOXACARB","NULL",-0.315685246567247,0.343170341283347,FALSE,"",77,8,12,"GroupFilter=TRUE;MinGroup=10;Top=TRUE;TopPct=0.05;Bottom=FALSE;BottomPct=0.05"
"XINDOXACARB","Education.index",-0.28950203476601,0.392495319355933,FALSE,"Education.index",77,8,12,"GroupFilter=TRUE;MinGroup=10;Top=TRUE;TopPct=0.05;Bottom=FALSE;BottomPct=0.05"
"XINDOXACARB","Income",-0.221429998511762,0.515644829564528,FALSE,"Income",77,8,12,"GroupFilter=TRUE;MinGroup=10;Top=TRUE;TopPct=0.05;Bottom=FALSE;BottomPct=0.05"
"XINDOXACARB","home_value",-0.0617207889095847,0.870115764511342,FALSE,"home_value",77,8,12,"GroupFilter=TRUE;MinGroup=10;Top=TRUE;TopPct=0.05;Bottom=FALSE;BottomPct=0.05"
"XINDOXACARB","rent",-0.0140140383312253,0.969614819955362,FALSE,"rent",77,8,12,"GroupFilter=TRUE;MinGroup=10;Top=TRUE;TopPct=0.05;Bottom=FALSE;BottomPct=0.05"
"XINDOXACARB","Poverty_150",-0.319696358098355,0.342067033586185,FALSE,"Poverty_150",77,8,12,"GroupFilter=TRUE;MinGroup=10;Top=TRUE;TopPct=0.05;Bottom=FALSE;BottomPct=0.05"
"XINDOXACARB","Unemployed",-0.310381336095395,0.354052901698623,FALSE,"Unemployed",77,8,12,"GroupFilter=TRUE;MinGroup=10;Top=TRUE;TopPct=0.05;Bottom=FALSE;BottomPct=0.05"
"XINDOXACARB","Working_class",-0.303457046983911,0.375602240686616,FALSE,"Working_class",77,8,12,"GroupFilter=TRUE;MinGroup=10;Top=TRUE;TopPct=0.05;Bottom=FALSE;BottomPct=0.05"
"XPROHEXADIONE","NULL",-0.352814164359254,0.408549754089702,FALSE,"",348,30,13,"GroupFilter=TRUE;MinGroup=10;Top=TRUE;TopPct=0.05;Bottom=FALSE;BottomPct=0.05"
"XPROHEXADIONE","Education.index",-0.268870844421199,0.523720686443573,FALSE,"Education.index",348,30,13,"GroupFilter=TRUE;MinGroup=10;Top=TRUE;TopPct=0.05;Bottom=FALSE;BottomPct=0.05"
"XPROHEXADIONE","Income",-0.15806343981388,0.741971961652059,FALSE,"Income",348,30,13,"GroupFilter=TRUE;MinGroup=10;Top=TRUE;TopPct=0.05;Bottom=FALSE;BottomPct=0.05"
"XPROHEXADIONE","home_value",-0.100676120435396,0.817573198988639,FALSE,"home_value",348,30,13,"GroupFilter=TRUE;MinGroup=10;Top=TRUE;TopPct=0.05;Bottom=FALSE;BottomPct=0.05"
"XPROHEXADIONE","rent",0.0205196656868605,0.963350003981763,FALSE,"rent",348,30,13,"GroupFilter=TRUE;MinGroup=10;Top=TRUE;TopPct=0.05;Bottom=FALSE;BottomPct=0.05"
"XPROHEXADIONE","Poverty_150",-0.363540997832188,0.442989422994915,FALSE,"Poverty_150",348,30,13,"GroupFilter=TRUE;MinGroup=10;Top=TRUE;TopPct=0.05;Bottom=FALSE;BottomPct=0.05"
"XPROHEXADIONE","Unemployed",-0.418442416675207,0.3112042250419,FALSE,"Unemployed",348,30,13,"GroupFilter=TRUE;MinGroup=10;Top=TRUE;TopPct=0.05;Bottom=FALSE;BottomPct=0.05"
"XPROHEXADIONE","Working_class",-0.312508823741274,0.500182204930195,FALSE,"Working_class",348,30,13,"GroupFilter=TRUE;MinGroup=10;Top=TRUE;TopPct=0.05;Bottom=FALSE;BottomPct=0.05"
"XPROHEXADIONE","Combined_SES",-0.119217817191738,0.792184702378879,FALSE,"rent, Unemployed",348,30,13,"GroupFilter=TRUE;MinGroup=10;Top=TRUE;TopPct=0.05;Bottom=FALSE;BottomPct=0.05"
"XTHIAMETHOXAM","NULL",-0.173931548585407,0.339415395124977,FALSE,"",399,38,12,"GroupFilter=TRUE;MinGroup=10;Top=TRUE;TopPct=0.05;Bottom=FALSE;BottomPct=0.05"
"XTHIAMETHOXAM","Education.index",-0.155879062167032,0.387988341661837,FALSE,"Education.index",399,38,12,"GroupFilter=TRUE;MinGroup=10;Top=TRUE;TopPct=0.05;Bottom=FALSE;BottomPct=0.05"
"XTHIAMETHOXAM","Income",-0.160462011840814,0.384411067195492,FALSE,"Income",399,38,12,"GroupFilter=TRUE;MinGroup=10;Top=TRUE;TopPct=0.05;Bottom=FALSE;BottomPct=0.05"
"XTHIAMETHOXAM","home_value",-0.190953713008614,0.302692393888482,FALSE,"home_value",399,38,12,"GroupFilter=TRUE;MinGroup=10;Top=TRUE;TopPct=0.05;Bottom=FALSE;BottomPct=0.05"
"XTHIAMETHOXAM","rent",-0.205656309663742,0.267468130488928,FALSE,"rent",399,38,12,"GroupFilter=TRUE;MinGroup=10;Top=TRUE;TopPct=0.05;Bottom=FALSE;BottomPct=0.05"
"XTHIAMETHOXAM","Poverty_150",-0.126826629423551,0.496260509773667,FALSE,"Poverty_150",399,38,12,"GroupFilter=TRUE;MinGroup=10;Top=TRUE;TopPct=0.05;Bottom=FALSE;BottomPct=0.05"
"XTHIAMETHOXAM","Unemployed",-0.0725599269500642,0.706961651905227,FALSE,"Unemployed",399,38,12,"GroupFilter=TRUE;MinGroup=10;Top=TRUE;TopPct=0.05;Bottom=FALSE;BottomPct=0.05"
"XTHIAMETHOXAM","Working_class",-0.177825225072901,0.335738860078269,FALSE,"Working_class",399,38,12,"GroupFilter=TRUE;MinGroup=10;Top=TRUE;TopPct=0.05;Bottom=FALSE;BottomPct=0.05"
"XFLUCARBAZONE","NULL",-0.536761629644113,0.16241743026391,FALSE,"",68,6,12,"GroupFilter=TRUE;MinGroup=10;Top=TRUE;TopPct=0.05;Bottom=FALSE;BottomPct=0.05"
"XFLUCARBAZONE","Education.index",-0.602866248010596,0.157058026540999,FALSE,"Education.index",68,6,12,"GroupFilter=TRUE;MinGroup=10;Top=TRUE;TopPct=0.05;Bottom=FALSE;BottomPct=0.05"
"XFLUCARBAZONE","Income",-0.529142999001877,0.172224213172988,FALSE,"Income",68,6,12,"GroupFilter=TRUE;MinGroup=10;Top=TRUE;TopPct=0.05;Bottom=FALSE;BottomPct=0.05"
"XFLUCARBAZONE","home_value",-0.539307985201997,0.171143597093605,FALSE,"home_value",68,6,12,"GroupFilter=TRUE;MinGroup=10;Top=TRUE;TopPct=0.05;Bottom=FALSE;BottomPct=0.05"
"XFLUCARBAZONE","rent",-0.540966953264806,0.1621698121656,FALSE,"rent",68,6,12,"GroupFilter=TRUE;MinGroup=10;Top=TRUE;TopPct=0.05;Bottom=FALSE;BottomPct=0.05"
"XFLUCARBAZONE","Poverty_150",-0.539324783319099,0.175471706015035,FALSE,"Poverty_150",68,6,12,"GroupFilter=TRUE;MinGroup=10;Top=TRUE;TopPct=0.05;Bottom=FALSE;BottomPct=0.05"
"XFLUCARBAZONE","Unemployed",-0.514724444753447,0.189992341541495,FALSE,"Unemployed",68,6,12,"GroupFilter=TRUE;MinGroup=10;Top=TRUE;TopPct=0.05;Bottom=FALSE;BottomPct=0.05"
"XFLUCARBAZONE","Working_class",-0.635604349310593,0.12843747525237,FALSE,"Working_class",68,6,12,"GroupFilter=TRUE;MinGroup=10;Top=TRUE;TopPct=0.05;Bottom=FALSE;BottomPct=0.05"
"XFLUMIOXAZIN","NULL",1.23239413119704,0.0199390185995059,TRUE,"",579,51,12,"GroupFilter=TRUE;MinGroup=10;Top=TRUE;TopPct=0.05;Bottom=FALSE;BottomPct=0.05"
"XFLUMIOXAZIN","Education.index",1.35497972048118,0.0117008830710445,TRUE,"Education.index",579,51,12,"GroupFilter=TRUE;MinGroup=10;Top=TRUE;TopPct=0.05;Bottom=FALSE;BottomPct=0.05"
"XFLUMIOXAZIN","Income",1.31356952192704,0.0137878433634585,TRUE,"Income",579,51,12,"GroupFilter=TRUE;MinGroup=10;Top=TRUE;TopPct=0.05;Bottom=FALSE;BottomPct=0.05"
"XFLUMIOXAZIN","home_value",1.26239334313227,0.017626143615777,TRUE,"home_value",579,51,12,"GroupFilter=TRUE;MinGroup=10;Top=TRUE;TopPct=0.05;Bottom=FALSE;BottomPct=0.05"
"XFLUMIOXAZIN","rent",1.19421030493497,0.0227657729407244,TRUE,"rent",579,51,12,"GroupFilter=TRUE;MinGroup=10;Top=TRUE;TopPct=0.05;Bottom=FALSE;BottomPct=0.05"
"XFLUMIOXAZIN","Poverty_150",1.53867424228414,0.00665004091104942,TRUE,"Poverty_150",579,51,12,"GroupFilter=TRUE;MinGroup=10;Top=TRUE;TopPct=0.05;Bottom=FALSE;BottomPct=0.05"
"XFLUMIOXAZIN","Unemployed",1.37428389332542,0.0113027602218584,TRUE,"Unemployed",579,51,12,"GroupFilter=TRUE;MinGroup=10;Top=TRUE;TopPct=0.05;Bottom=FALSE;BottomPct=0.05"
"XFLUMIOXAZIN","Working_class",1.26622143288716,0.0173356765079969,TRUE,"Working_class",579,51,12,"GroupFilter=TRUE;MinGroup=10;Top=TRUE;TopPct=0.05;Bottom=FALSE;BottomPct=0.05"
"XMESOTRIONE","NULL",0.272449918783974,0.112809506063066,FALSE,"",754,68,12,"GroupFilter=TRUE;MinGroup=10;Top=TRUE;TopPct=0.05;Bottom=FALSE;BottomPct=0.05"
"XMESOTRIONE","Education.index",0.262472562398256,0.130977069096288,FALSE,"Education.index",754,68,12,"GroupFilter=TRUE;MinGroup=10;Top=TRUE;TopPct=0.05;Bottom=FALSE;BottomPct=0.05"
"XMESOTRIONE","Income",0.259206392356252,0.141133098753557,FALSE,"Income",754,68,12,"GroupFilter=TRUE;MinGroup=10;Top=TRUE;TopPct=0.05;Bottom=FALSE;BottomPct=0.05"
"XMESOTRIONE","home_value",0.264969562377643,0.18262935992452,FALSE,"home_value",754,68,12,"GroupFilter=TRUE;MinGroup=10;Top=TRUE;TopPct=0.05;Bottom=FALSE;BottomPct=0.05"
"XMESOTRIONE","rent",0.17084492084607,0.396200457655869,FALSE,"rent",754,68,12,"GroupFilter=TRUE;MinGroup=10;Top=TRUE;TopPct=0.05;Bottom=FALSE;BottomPct=0.05"
"XMESOTRIONE","Poverty_150",0.273722921501255,0.125202727622102,FALSE,"Poverty_150",754,68,12,"GroupFilter=TRUE;MinGroup=10;Top=TRUE;TopPct=0.05;Bottom=FALSE;BottomPct=0.05"
"XMESOTRIONE","Unemployed",0.332538262100948,0.103828787070556,FALSE,"Unemployed",754,68,12,"GroupFilter=TRUE;MinGroup=10;Top=TRUE;TopPct=0.05;Bottom=FALSE;BottomPct=0.05"
"XMESOTRIONE","Working_class",0.276063665557994,0.121337989601964,FALSE,"Working_class",754,68,12,"GroupFilter=TRUE;MinGroup=10;Top=TRUE;TopPct=0.05;Bottom=FALSE;BottomPct=0.05"
"XMETHOXYFENOZIDE","NULL",0.279202922477258,0.355210968057924,FALSE,"",263,25,12,"GroupFilter=TRUE;MinGroup=10;Top=TRUE;TopPct=0.05;Bottom=FALSE;BottomPct=0.05"
"XMETHOXYFENOZIDE","Education.index",0.391210158591976,0.167398347073865,FALSE,"Education.index",263,25,12,"GroupFilter=TRUE;MinGroup=10;Top=TRUE;TopPct=0.05;Bottom=FALSE;BottomPct=0.05"
"XMETHOXYFENOZIDE","Income",0.183180200179895,0.556345748483873,FALSE,"Income",263,25,12,"GroupFilter=TRUE;MinGroup=10;Top=TRUE;TopPct=0.05;Bottom=FALSE;BottomPct=0.05"
"XMETHOXYFENOZIDE","home_value",0.277959340387502,0.345404031070363,FALSE,"home_value",263,25,12,"GroupFilter=TRUE;MinGroup=10;Top=TRUE;TopPct=0.05;Bottom=FALSE;BottomPct=0.05"
"XMETHOXYFENOZIDE","rent",0.238950358098994,0.422065796379486,FALSE,"rent",263,25,12,"GroupFilter=TRUE;MinGroup=10;Top=TRUE;TopPct=0.05;Bottom=FALSE;BottomPct=0.05"
"XMETHOXYFENOZIDE","Poverty_150",0.132171668778844,0.658900049717722,FALSE,"Poverty_150",263,25,12,"GroupFilter=TRUE;MinGroup=10;Top=TRUE;TopPct=0.05;Bottom=FALSE;BottomPct=0.05"
"XMETHOXYFENOZIDE","Unemployed",0.261777565835877,0.438995134200765,FALSE,"Unemployed",263,25,12,"GroupFilter=TRUE;MinGroup=10;Top=TRUE;TopPct=0.05;Bottom=FALSE;BottomPct=0.05"
"XMETHOXYFENOZIDE","Working_class",0.0920246737619964,0.757804187927787,FALSE,"Working_class",263,25,12,"GroupFilter=TRUE;MinGroup=10;Top=TRUE;TopPct=0.05;Bottom=FALSE;BottomPct=0.05"
"XMETHOXYFENOZIDE","Combined_SES",0.321226779453188,0.335772115372623,FALSE,"Education.index, Working_class",263,25,12,"GroupFilter=TRUE;MinGroup=10;Top=TRUE;TopPct=0.05;Bottom=FALSE;BottomPct=0.05"
"XACETAMIPRID","NULL",-0.476270985657471,0.40902814510644,FALSE,"",182,18,11,"GroupFilter=TRUE;MinGroup=10;Top=TRUE;TopPct=0.05;Bottom=FALSE;BottomPct=0.05"
"XACETAMIPRID","Education.index",-0.543007818286378,0.353079080429753,FALSE,"Education.index",182,18,11,"GroupFilter=TRUE;MinGroup=10;Top=TRUE;TopPct=0.05;Bottom=FALSE;BottomPct=0.05"
"XACETAMIPRID","Income",-0.327891799686727,0.591370291650867,FALSE,"Income",182,18,11,"GroupFilter=TRUE;MinGroup=10;Top=TRUE;TopPct=0.05;Bottom=FALSE;BottomPct=0.05"
"XACETAMIPRID","home_value",-0.535969181736374,0.388038491901431,FALSE,"home_value",182,18,11,"GroupFilter=TRUE;MinGroup=10;Top=TRUE;TopPct=0.05;Bottom=FALSE;BottomPct=0.05"
"XACETAMIPRID","rent",-0.524362584008522,0.397028465415462,FALSE,"rent",182,18,11,"GroupFilter=TRUE;MinGroup=10;Top=TRUE;TopPct=0.05;Bottom=FALSE;BottomPct=0.05"
"XACETAMIPRID","Poverty_150",-0.171689715119445,0.775076579104535,FALSE,"Poverty_150",182,18,11,"GroupFilter=TRUE;MinGroup=10;Top=TRUE;TopPct=0.05;Bottom=FALSE;BottomPct=0.05"
"XACETAMIPRID","Unemployed",-0.406594938405417,0.488774544458373,FALSE,"Unemployed",182,18,11,"GroupFilter=TRUE;MinGroup=10;Top=TRUE;TopPct=0.05;Bottom=FALSE;BottomPct=0.05"
"XACETAMIPRID","Working_class",-0.550073267871719,0.350785005706294,FALSE,"Working_class",182,18,11,"GroupFilter=TRUE;MinGroup=10;Top=TRUE;TopPct=0.05;Bottom=FALSE;BottomPct=0.05"
"XFORAMSULFURON","NULL",-0.853641501938073,0.188085494593763,FALSE,"",512,49,11,"GroupFilter=TRUE;MinGroup=10;Top=TRUE;TopPct=0.05;Bottom=FALSE;BottomPct=0.05"
"XFORAMSULFURON","Education.index",-0.889984881308089,0.171061583385556,FALSE,"Education.index",512,49,11,"GroupFilter=TRUE;MinGroup=10;Top=TRUE;TopPct=0.05;Bottom=FALSE;BottomPct=0.05"
"XFORAMSULFURON","Income",-0.939868850541763,0.152244878530708,FALSE,"Income",512,49,11,"GroupFilter=TRUE;MinGroup=10;Top=TRUE;TopPct=0.05;Bottom=FALSE;BottomPct=0.05"
"XFORAMSULFURON","home_value",-0.934066453255249,0.157761271784552,FALSE,"home_value",512,49,11,"GroupFilter=TRUE;MinGroup=10;Top=TRUE;TopPct=0.05;Bottom=FALSE;BottomPct=0.05"
"XFORAMSULFURON","rent",-1.06028586565674,0.108249551478445,FALSE,"rent",512,49,11,"GroupFilter=TRUE;MinGroup=10;Top=TRUE;TopPct=0.05;Bottom=FALSE;BottomPct=0.05"
"XFORAMSULFURON","Poverty_150",-0.789405379793601,0.22480294797641,FALSE,"Poverty_150",512,49,11,"GroupFilter=TRUE;MinGroup=10;Top=TRUE;TopPct=0.05;Bottom=FALSE;BottomPct=0.05"
"XFORAMSULFURON","Unemployed",-0.793468661502964,0.223308103663451,FALSE,"Unemployed",512,49,11,"GroupFilter=TRUE;MinGroup=10;Top=TRUE;TopPct=0.05;Bottom=FALSE;BottomPct=0.05"
"XFORAMSULFURON","Working_class",-0.8756970668934,0.178197848059455,FALSE,"Working_class",512,49,11,"GroupFilter=TRUE;MinGroup=10;Top=TRUE;TopPct=0.05;Bottom=FALSE;BottomPct=0.05"
"XPYRACLOSTROBIN","NULL",0.262501209089888,0.150049966454489,FALSE,"",598,63,10,"GroupFilter=TRUE;MinGroup=10;Top=TRUE;TopPct=0.05;Bottom=FALSE;BottomPct=0.05"
"XPYRACLOSTROBIN","Education.index",0.244123443200425,0.183650564557465,FALSE,"Education.index",598,63,10,"GroupFilter=TRUE;MinGroup=10;Top=TRUE;TopPct=0.05;Bottom=FALSE;BottomPct=0.05"
"XPYRACLOSTROBIN","Income",0.246145188454667,0.182075814827232,FALSE,"Income",598,63,10,"GroupFilter=TRUE;MinGroup=10;Top=TRUE;TopPct=0.05;Bottom=FALSE;BottomPct=0.05"
"XPYRACLOSTROBIN","home_value",0.246486645137454,0.190589138571958,FALSE,"home_value",598,63,10,"GroupFilter=TRUE;MinGroup=10;Top=TRUE;TopPct=0.05;Bottom=FALSE;BottomPct=0.05"
"XPYRACLOSTROBIN","rent",0.212850567351132,0.268882591992418,FALSE,"rent",598,63,10,"GroupFilter=TRUE;MinGroup=10;Top=TRUE;TopPct=0.05;Bottom=FALSE;BottomPct=0.05"
"XPYRACLOSTROBIN","Poverty_150",0.259061983174628,0.157482283330685,FALSE,"Poverty_150",598,63,10,"GroupFilter=TRUE;MinGroup=10;Top=TRUE;TopPct=0.05;Bottom=FALSE;BottomPct=0.05"
"XPYRACLOSTROBIN","Unemployed",0.321450193439091,0.101452218931174,FALSE,"Unemployed",598,63,10,"GroupFilter=TRUE;MinGroup=10;Top=TRUE;TopPct=0.05;Bottom=FALSE;BottomPct=0.05"
"XPYRACLOSTROBIN","Working_class",0.25409859024233,0.167032174079242,FALSE,"Working_class",598,63,10,"GroupFilter=TRUE;MinGroup=10;Top=TRUE;TopPct=0.05;Bottom=FALSE;BottomPct=0.05"
"XIODOSULFURON","NULL",0.467812357649575,0.605392698250009,FALSE,"",380,40,10,"GroupFilter=TRUE;MinGroup=10;Top=TRUE;TopPct=0.05;Bottom=FALSE;BottomPct=0.05"
"XIODOSULFURON","Education.index",0.615061062281146,0.506313078019895,FALSE,"Education.index",380,40,10,"GroupFilter=TRUE;MinGroup=10;Top=TRUE;TopPct=0.05;Bottom=FALSE;BottomPct=0.05"
"XIODOSULFURON","Income",0.495470781205229,0.592362592584202,FALSE,"Income",380,40,10,"GroupFilter=TRUE;MinGroup=10;Top=TRUE;TopPct=0.05;Bottom=FALSE;BottomPct=0.05"
"XIODOSULFURON","home_value",0.493458762799964,0.592414003328811,FALSE,"home_value",380,40,10,"GroupFilter=TRUE;MinGroup=10;Top=TRUE;TopPct=0.05;Bottom=FALSE;BottomPct=0.05"
"XIODOSULFURON","rent",0.67593604878286,0.463114875696113,FALSE,"rent",380,40,10,"GroupFilter=TRUE;MinGroup=10;Top=TRUE;TopPct=0.05;Bottom=FALSE;BottomPct=0.05"
"XIODOSULFURON","Poverty_150",0.445462456704624,0.623358091807625,FALSE,"Poverty_150",380,40,10,"GroupFilter=TRUE;MinGroup=10;Top=TRUE;TopPct=0.05;Bottom=FALSE;BottomPct=0.05"
"XIODOSULFURON","Unemployed",0.311794258157285,0.733442779605897,FALSE,"Unemployed",380,40,10,"GroupFilter=TRUE;MinGroup=10;Top=TRUE;TopPct=0.05;Bottom=FALSE;BottomPct=0.05"
"XIODOSULFURON","Working_class",0.528743362925587,0.563039425134492,FALSE,"Working_class",380,40,10,"GroupFilter=TRUE;MinGroup=10;Top=TRUE;TopPct=0.05;Bottom=FALSE;BottomPct=0.05"
