"Pesticide_1","Pesticide_2","Estimate_Pest1_adj","Pvalue_Pest1_adj","Estimate_Pest2_adj","Pvalue_Pest2_adj","Correlation","Correlation_pvalue","N_obs","N_SC","Estimate_Pest1_unadj","Pvalue_Pest1_unadj","N_SC_Pest1_unadj","Estimate_Pest2_unadj","Pvalue_Pest2_unadj","N_SC_Pest2_unadj","Filters"
"XALACHLOR","XATRAZINE",-0.0619882123660753,0.707193457387859,0.387447773963496,0.0157883114691469,0.868198936081764,0,1903,99,0.274354014744184,0.00225451831578415,99,0.336426746174172,0.00012225239504495,99,"GroupFilter=TRUE;MinGroup=10;Top=TRUE;TopPct=0.05;Bottom=FALSE;BottomPct=0.05"
"XALACHLOR","XCARBARYL",0.229620735457418,0.0333079890206697,0.0978142213002473,0.499261658761611,0.648641508331926,2.00314889788712e-227,1901,99,0.27071055383156,0.00261221462750576,99,0.267076451284647,0.0271895136810278,99,"GroupFilter=TRUE;MinGroup=10;Top=TRUE;TopPct=0.05;Bottom=FALSE;BottomPct=0.05"
"XALACHLOR","XCHLOROTHALONIL",0.250869020557119,0.00970048274500891,0.120377271746745,0.310693229463537,0.410803879008719,1.21581172735495e-75,1835,99,0.285876516559191,0.00172605659250943,99,0.225154788292641,0.0469368128208973,99,"GroupFilter=TRUE;MinGroup=10;Top=TRUE;TopPct=0.05;Bottom=FALSE;BottomPct=0.05"
"XALACHLOR","XCLOPYRALID",0.139660814471573,0.253436514347557,0.247818685771271,0.100184410803389,0.693131224880549,4.63651915401986e-261,1822,99,0.273435385128234,0.00312483919889479,99,0.3615816945187,0.00149038236449083,99,"GroupFilter=TRUE;MinGroup=10;Top=TRUE;TopPct=0.05;Bottom=FALSE;BottomPct=0.05"
"XALACHLOR","XCYFLUTHRIN",0.109647976607112,0.426954960935184,0.323269665152174,0.0921469638947734,0.661821500844594,1.05523568243124e-197,1564,99,0.260705947144807,0.0139016980952833,99,0.42166497395646,0.00427398757258469,99,"GroupFilter=TRUE;MinGroup=10;Top=TRUE;TopPct=0.05;Bottom=FALSE;BottomPct=0.05"
"XALACHLOR","XCYHALOTHRINLAMBDA",0.142748172852344,0.341334503310316,0.252420683709301,0.272143855937601,0.737950404331954,2.77646884483307e-291,1694,99,0.268882505296407,0.00624442384563121,99,0.417546025744251,0.00592138293822627,99,"GroupFilter=TRUE;MinGroup=10;Top=TRUE;TopPct=0.05;Bottom=FALSE;BottomPct=0.05"
"XALACHLOR","XDIAZINON",0.211677209947883,0.0521426323042941,0.307424863939792,0.0361598261457915,0.392203370951108,2.74223715294661e-59,1581,99,0.279552592391716,0.00691760951699899,99,0.39212320112783,0.00593360089188136,99,"GroupFilter=TRUE;MinGroup=10;Top=TRUE;TopPct=0.05;Bottom=FALSE;BottomPct=0.05"
"XALACHLOR","XESFENVALERATE",0.165729764841196,0.203188046122333,0.209194591715514,0.230865690625194,0.747063489399272,0,1869,99,0.278007679392119,0.00233684620963405,99,0.369427421649954,0.00244218252017507,99,"GroupFilter=TRUE;MinGroup=10;Top=TRUE;TopPct=0.05;Bottom=FALSE;BottomPct=0.05"
"XALACHLOR","XGLYPHOSATE",-0.0326183885503602,0.82705686501034,0.493519550368177,0.010926712022287,0.751443805524676,0,1903,99,0.274354014744184,0.00225451831578415,99,0.459422561467125,9.03797210450056e-05,99,"GroupFilter=TRUE;MinGroup=10;Top=TRUE;TopPct=0.05;Bottom=FALSE;BottomPct=0.05"
"XALACHLOR","XMETOLACHLOR",0.281342933158296,0.147483374177823,0.125360941550216,0.488196274695967,0.86777843439858,0,1591,99,0.396071180428187,0.000123000931545398,99,0.349211666110743,0.000263758546058216,99,"GroupFilter=TRUE;MinGroup=10;Top=TRUE;TopPct=0.05;Bottom=FALSE;BottomPct=0.05"
"XALACHLOR","XNICOSULFURON",0.0617296052593214,0.727849278300901,0.419182281132959,0.0107844103792462,0.824646376346006,0,1681,98,0.422634410378229,0.000112800539263683,99,0.464743144785668,5.12040648414304e-06,98,"GroupFilter=TRUE;MinGroup=10;Top=TRUE;TopPct=0.05;Bottom=FALSE;BottomPct=0.05"
"XALACHLOR","XPENDIMETHALIN",0.205605425083208,0.13089641325867,0.100253231948033,0.507950944840708,0.813376180891531,0,1903,99,0.274354014744184,0.00225451831578415,99,0.272158129295259,0.00690287757719275,99,"GroupFilter=TRUE;MinGroup=10;Top=TRUE;TopPct=0.05;Bottom=FALSE;BottomPct=0.05"
"XALACHLOR","XPICLORAM",0.237209399966161,0.0183226373264559,0.17795701695132,0.230101697807478,0.401537394520216,7.87119062532158e-68,1725,99,0.278079647285332,0.00348201927507808,99,0.291136504050789,0.0394289350536778,99,"GroupFilter=TRUE;MinGroup=10;Top=TRUE;TopPct=0.05;Bottom=FALSE;BottomPct=0.05"
"XALACHLOR","XPROPARGITE",0.157660714702,0.115632348721286,-0.412142523456876,0.000260464898473076,0.313252577201822,1.34288731999122e-22,929,91,0.0700132414577343,0.493531110946898,99,-0.362381988443477,0.000941390056429436,91,"GroupFilter=TRUE;MinGroup=10;Top=TRUE;TopPct=0.05;Bottom=FALSE;BottomPct=0.05"
"XALACHLOR","XSETHOXYDIM",0.242798656265343,0.0372167602197228,0.103193021657495,0.43889223199639,0.685890338827756,2.95332118767611e-253,1820,99,0.29818421265296,0.00140305509895167,99,0.269323377373855,0.0119494934878026,99,"GroupFilter=TRUE;MinGroup=10;Top=TRUE;TopPct=0.05;Bottom=FALSE;BottomPct=0.05"
"XALACHLOR","XSIMAZINE",0.129976451045901,0.348421521117093,0.323289680716836,0.0234567583305411,0.692858380468918,3.75634714573112e-242,1691,99,0.350955676062816,0.00049162396720856,99,0.418121775149684,4.36385023572479e-05,99,"GroupFilter=TRUE;MinGroup=10;Top=TRUE;TopPct=0.05;Bottom=FALSE;BottomPct=0.05"
"XALACHLOR","XTERBUFOS",0.315483284312806,0.146064954618266,0.0842710301209978,0.680041397459397,0.87404440717759,0,1586,99,0.391611091125067,0.000733888553441789,99,0.336574495808381,0.00203112482225887,99,"GroupFilter=TRUE;MinGroup=10;Top=TRUE;TopPct=0.05;Bottom=FALSE;BottomPct=0.05"
"XALACHLOR","XDIMETHENAMID",-0.101415806795212,0.645881738161653,0.401111913522304,0.02632141262962,0.896711737099463,0,1583,99,0.328957771542359,0.00218859305391528,99,0.328329289585987,0.000192211953975768,99,"GroupFilter=TRUE;MinGroup=10;Top=TRUE;TopPct=0.05;Bottom=FALSE;BottomPct=0.05"
"XALACHLOR","XFENBUCONAZOLE",-0.0529283011931277,0.686463427274842,0.499428773351113,0.0050094972879614,0.288281173154387,7.00141892842520e-09,389,28,0.0294927525872879,0.821189092657855,99,0.48167580934626,0.00526614192059312,28,"GroupFilter=TRUE;MinGroup=10;Top=TRUE;TopPct=0.05;Bottom=FALSE;BottomPct=0.05"
"XALACHLOR","XACETOCHLOR",0.181814916434218,0.430734106706429,0.200261429458609,0.236984100482507,0.880014397191663,0,1560,99,0.418656744730901,0.000330281520040151,99,0.316344221151237,0.000222965336946843,99,"GroupFilter=TRUE;MinGroup=10;Top=TRUE;TopPct=0.05;Bottom=FALSE;BottomPct=0.05"
"XALACHLOR","XIMIDACLOPRID",0.2440814498179,0.0334673651645265,-0.0449561734711465,0.756405980046911,0.396800069372791,1.27492352512527e-56,1470,99,0.226379583338545,0.0237739294362503,99,0.10300480855759,0.418912136303278,99,"GroupFilter=TRUE;MinGroup=10;Top=TRUE;TopPct=0.05;Bottom=FALSE;BottomPct=0.05"
"XALACHLOR","XRIMSULFURON",0.0953553984121935,0.585691628814345,0.370912865763112,0.0436528583131227,0.743670583273599,6.16516585595958e-258,1464,99,0.355131501383879,0.00301229368858797,99,0.444372213630014,0.000430986433034433,99,"GroupFilter=TRUE;MinGroup=10;Top=TRUE;TopPct=0.05;Bottom=FALSE;BottomPct=0.05"
"XALACHLOR","XGLUFOSINATE",0.0571148209180249,0.755536592253431,0.342646846457627,0.0238429895192281,0.73715073721721,1.56584569908552e-230,1343,97,0.377036921507749,0.00150661961369235,99,0.37893997909922,0.000120585385353947,97,"GroupFilter=TRUE;MinGroup=10;Top=TRUE;TopPct=0.05;Bottom=FALSE;BottomPct=0.05"
"XALACHLOR","XTEBUPIRIMPHOS",0.233014779199469,0.425631433683787,0.329602169095412,0.199724448775736,0.848748841534497,1.55829530903403e-310,1116,79,0.543005662479332,0.00119643461635412,99,0.499226816016348,0.000674913083768736,79,"GroupFilter=TRUE;MinGroup=10;Top=TRUE;TopPct=0.05;Bottom=FALSE;BottomPct=0.05"
"XALACHLOR","XDIFLUFENZOPYR",0.122655568869549,0.552735055466631,0.368197698882159,0.113895855941629,0.799127610122343,9.99422000957805e-262,1176,97,0.374232346900823,0.00535063572852913,99,0.473104817554961,0.00197807438045107,97,"GroupFilter=TRUE;MinGroup=10;Top=TRUE;TopPct=0.05;Bottom=FALSE;BottomPct=0.05"
"XALACHLOR","XFLUMIOXAZIN",-0.343938247039321,0.238843914608096,0.758497950927859,0.0119240570095418,0.790295326880724,1.25526910221184e-163,761,85,0.249861626318241,0.149727702064854,99,0.471723809718382,0.00824819537665038,85,"GroupFilter=TRUE;MinGroup=10;Top=TRUE;TopPct=0.05;Bottom=FALSE;BottomPct=0.05"
"XATRAZINE","XALACHLOR",0.354500551780777,0.0273800067253448,-0.0458642464702761,0.776806779974245,0.865428758981728,0,1906,102,0.315777326981309,0.000254261056935274,102,0.256914444162374,0.00307191778007349,102,"GroupFilter=TRUE;MinGroup=10;Top=TRUE;TopPct=0.05;Bottom=FALSE;BottomPct=0.05"
"XATRAZINE","XCARBARYL",0.299086975726457,0.0048317497791959,-0.0339752930518481,0.818355130453436,0.695001433609302,7.5970306686981e-288,1995,102,0.283606618659489,0.000602524697982888,102,0.228122968934864,0.0481767067347214,102,"GroupFilter=TRUE;MinGroup=10;Top=TRUE;TopPct=0.05;Bottom=FALSE;BottomPct=0.05"
"XATRAZINE","XCHLOROTHALONIL",0.261747492448305,0.00339533933552567,0.107918572072634,0.334967738384582,0.453493276899592,2.04333414876622e-98,1928,102,0.296684567434594,0.000321661028100086,102,0.238515025324074,0.0227640668862708,102,"GroupFilter=TRUE;MinGroup=10;Top=TRUE;TopPct=0.05;Bottom=FALSE;BottomPct=0.05"
"XATRAZINE","XCLOPYRALID",0.185285891592504,0.10435904809949,0.151278147938832,0.288840631698703,0.725632801339184,5.69715342952533e-311,1903,102,0.267321219863515,0.00173531551455954,102,0.306713626687883,0.00394404996375159,102,"GroupFilter=TRUE;MinGroup=10;Top=TRUE;TopPct=0.05;Bottom=FALSE;BottomPct=0.05"
"XATRAZINE","XCYFLUTHRIN",0.203780850493953,0.157610006037378,0.104524609029333,0.614393222648176,0.763705293222794,1.33238614732346e-302,1582,101,0.257349997167587,0.00929703339389959,102,0.318410626239574,0.0254694659895463,101,"GroupFilter=TRUE;MinGroup=10;Top=TRUE;TopPct=0.05;Bottom=FALSE;BottomPct=0.05"
"XATRAZINE","XCYHALOTHRINLAMBDA",0.253161906358271,0.0596148083418485,0.00466595939787479,0.982441150420423,0.758505716374131,3.75489890839347e-320,1711,101,0.255451420221318,0.00526022513877998,102,0.2985730178445,0.0396329307943858,101,"GroupFilter=TRUE;MinGroup=10;Top=TRUE;TopPct=0.05;Bottom=FALSE;BottomPct=0.05"
"XATRAZINE","XDIAZINON",0.27740739861652,0.00483537640177996,0.16997777554916,0.220203856044763,0.345402415558552,2.53136657131588e-48,1682,102,0.310357760799556,0.000989243375616071,102,0.284800592346451,0.0363819972640585,102,"GroupFilter=TRUE;MinGroup=10;Top=TRUE;TopPct=0.05;Bottom=FALSE;BottomPct=0.05"
"XATRAZINE","XESFENVALERATE",0.185606428703539,0.155184477274791,0.154047814963678,0.382742781008337,0.810163037728707,0,1937,100,0.272347191763708,0.00159207940223368,102,0.345306726276556,0.00283580030859257,100,"GroupFilter=TRUE;MinGroup=10;Top=TRUE;TopPct=0.05;Bottom=FALSE;BottomPct=0.05"
"XATRAZINE","XGLYPHOSATE",0.00293322531666869,0.985571164779035,0.412175229329571,0.0583800117928295,0.856729879886335,0,2013,102,0.270727764104402,0.000895024585174511,102,0.415611011593849,0.000156741159997211,102,"GroupFilter=TRUE;MinGroup=10;Top=TRUE;TopPct=0.05;Bottom=FALSE;BottomPct=0.05"
"XATRAZINE","XMETOLACHLOR",0.513533745538846,0.0109386151428398,-0.155175131529537,0.432183111597208,0.859077020110433,0,1654,102,0.371870676977376,4.83694936912903e-05,102,0.295422599558732,0.000932272629352767,102,"GroupFilter=TRUE;MinGroup=10;Top=TRUE;TopPct=0.05;Bottom=FALSE;BottomPct=0.05"
"XATRAZINE","XNICOSULFURON",0.136971327268918,0.517974550098701,0.314930735734307,0.133455862600809,0.899332710485877,0,1704,100,0.42034830730204,2.43647927032064e-05,102,0.435279896878557,1.14192409734022e-05,100,"GroupFilter=TRUE;MinGroup=10;Top=TRUE;TopPct=0.05;Bottom=FALSE;BottomPct=0.05"
"XATRAZINE","XPENDIMETHALIN",0.256227763127458,0.0457354735845747,0.0332427970367955,0.821549170991971,0.823798506777991,0,1997,102,0.278872144492258,0.000700479678276566,102,0.260496265360441,0.00614717763032458,102,"GroupFilter=TRUE;MinGroup=10;Top=TRUE;TopPct=0.05;Bottom=FALSE;BottomPct=0.05"
"XATRAZINE","XPICLORAM",0.260051745059139,0.00470462800535419,0.0686616541150212,0.630313240645389,0.406572400982513,7.93373939748687e-74,1831,102,0.276005618729831,0.00139464836359529,102,0.208958594880402,0.121447382055733,102,"GroupFilter=TRUE;MinGroup=10;Top=TRUE;TopPct=0.05;Bottom=FALSE;BottomPct=0.05"
"XATRAZINE","XPROPARGITE",0.105848672240813,0.275247043998414,-0.327266260361424,0.00161034437771024,0.168065638449075,4.97329873043323e-08,1040,92,0.0667036316880231,0.503392441854475,102,-0.309891972805832,0.00244032515971629,92,"GroupFilter=TRUE;MinGroup=10;Top=TRUE;TopPct=0.05;Bottom=FALSE;BottomPct=0.05"
"XATRAZINE","XSETHOXYDIM",0.278882604572613,0.0101045633252451,-0.00263311245340335,0.984092759593198,0.675207131401578,8.15396706147336e-252,1890,102,0.277561878939475,0.00107603547492288,102,0.209995878328054,0.0422264447794368,102,"GroupFilter=TRUE;MinGroup=10;Top=TRUE;TopPct=0.05;Bottom=FALSE;BottomPct=0.05"
"XATRAZINE","XSIMAZINE",0.224431121326242,0.113425692243277,0.179484392517588,0.238157156449059,0.800704055157599,0,1737,102,0.35471549171842,9.7601712573805e-05,102,0.368342363769662,0.000132954248987031,102,"GroupFilter=TRUE;MinGroup=10;Top=TRUE;TopPct=0.05;Bottom=FALSE;BottomPct=0.05"
"XATRAZINE","XTERBUFOS",0.480063199521067,0.00806893930930477,-0.134379245742511,0.489960351251223,0.824646613240792,0,1582,99,0.375092416024499,0.000178962144383317,102,0.297354811830732,0.00580648622954849,99,"GroupFilter=TRUE;MinGroup=10;Top=TRUE;TopPct=0.05;Bottom=FALSE;BottomPct=0.05"
"XATRAZINE","XDIMETHENAMID",0.34314998954219,0.123451679985519,0.0405016842743914,0.835242322176319,0.910145022937588,0,1554,100,0.384443522050723,0.000193822069825401,102,0.30819608677116,0.000605859089689955,100,"GroupFilter=TRUE;MinGroup=10;Top=TRUE;TopPct=0.05;Bottom=FALSE;BottomPct=0.05"
"XATRAZINE","XFENBUCONAZOLE",-0.0342274420957813,0.804791419492165,0.4416826314005,0.00882477245158029,0.191168511360814,0.000102136360079791,408,29,0.0113450795115801,0.936092013686228,102,0.436207633691231,0.00902570233672657,29,"GroupFilter=TRUE;MinGroup=10;Top=TRUE;TopPct=0.05;Bottom=FALSE;BottomPct=0.05"
"XATRAZINE","XACETOCHLOR",0.486853432977557,0.0357427127848111,-0.0661840065286119,0.727198651587945,0.922105608534906,0,1526,101,0.41401583201571,6.11014333352403e-05,102,0.292185039844041,0.00057571724619214,101,"GroupFilter=TRUE;MinGroup=10;Top=TRUE;TopPct=0.05;Bottom=FALSE;BottomPct=0.05"
"XATRAZINE","XIMIDACLOPRID",0.278982807224393,0.0113252060848427,-0.0941420917867178,0.503631215543946,0.527528756046852,1.18586231030078e-107,1492,101,0.239118177733752,0.0101374199848756,102,0.0961144278725314,0.422036049203428,101,"GroupFilter=TRUE;MinGroup=10;Top=TRUE;TopPct=0.05;Bottom=FALSE;BottomPct=0.05"
"XATRAZINE","XRIMSULFURON",0.173498119888462,0.364425149265113,0.303004286728497,0.157703849010761,0.856711823991476,0,1449,101,0.398447260537816,0.000254075789479173,102,0.463827066006614,0.000154016541384143,101,"GroupFilter=TRUE;MinGroup=10;Top=TRUE;TopPct=0.05;Bottom=FALSE;BottomPct=0.05"
"XATRAZINE","XGLUFOSINATE",0.0220281217824414,0.917676299576995,0.35966443021433,0.0504458203319207,0.84625445740882,0,1301,99,0.37909686268634,0.000767476576005191,102,0.375958916262421,0.000104176476758918,99,"GroupFilter=TRUE;MinGroup=10;Top=TRUE;TopPct=0.05;Bottom=FALSE;BottomPct=0.05"
"XATRAZINE","XTEBUPIRIMPHOS",0.40403692792859,0.14165551210525,0.0952718436098853,0.742680356905702,0.88431333414136,0,1045,79,0.482005665115745,0.000657436248806652,102,0.462906852548861,0.00199329180704861,79,"GroupFilter=TRUE;MinGroup=10;Top=TRUE;TopPct=0.05;Bottom=FALSE;BottomPct=0.05"
"XATRAZINE","XDIFLUFENZOPYR",0.542719784384176,0.0161131416280453,-0.136356271089162,0.607027903288088,0.876103697339306,0,1189,98,0.444773602689068,0.000318661478208216,102,0.400092440652873,0.00601881074039826,98,"GroupFilter=TRUE;MinGroup=10;Top=TRUE;TopPct=0.05;Bottom=FALSE;BottomPct=0.05"
"XATRAZINE","XFLUMIOXAZIN",-0.214170313808762,0.502601467493725,0.567695848729208,0.0703169465604958,0.830697306656394,3.6080080123045e-191,745,90,0.278141499405763,0.102559065503234,102,0.389532293904502,0.0194276834265647,90,"GroupFilter=TRUE;MinGroup=10;Top=TRUE;TopPct=0.05;Bottom=FALSE;BottomPct=0.05"
"XCARBARYL","XALACHLOR",0.130237660826257,0.384214744490693,0.236867003325471,0.0241199710371451,0.651250860106112,1.73039289337575e-229,1898,100,0.3162374457024,0.0116230974762195,103,0.288391091944886,0.00103102655541454,100,"GroupFilter=TRUE;MinGroup=10;Top=TRUE;TopPct=0.05;Bottom=FALSE;BottomPct=0.05"
"XCARBARYL","XATRAZINE",-0.00239700797210693,0.987501098334133,0.312538509927699,0.00303413421785362,0.689828603633121,1.26759314709369e-280,1986,102,0.278337017487578,0.021653744373756,103,0.311554410727952,0.00018892907662067,102,"GroupFilter=TRUE;MinGroup=10;Top=TRUE;TopPct=0.05;Bottom=FALSE;BottomPct=0.05"
"XCARBARYL","XCHLOROTHALONIL",0.217925934486245,0.106843677643918,0.176721041074319,0.13714602743297,0.541808647776917,1.66637987331443e-149,1954,103,0.313177539905564,0.00891211506623696,103,0.264901947826861,0.0126736811293775,103,"GroupFilter=TRUE;MinGroup=10;Top=TRUE;TopPct=0.05;Bottom=FALSE;BottomPct=0.05"
"XCARBARYL","XCLOPYRALID",0.159434806544595,0.22578176164721,0.281293844123754,0.0136994291204759,0.422981233329061,2.71366511939216e-83,1899,103,0.277430606868579,0.0248725895023907,103,0.332350406295555,0.00180414941230702,103,"GroupFilter=TRUE;MinGroup=10;Top=TRUE;TopPct=0.05;Bottom=FALSE;BottomPct=0.05"
"XCARBARYL","XCYFLUTHRIN",0.146559326084059,0.33152707945203,0.295667683624763,0.0585788581122703,0.474400563186988,9.62813283492965e-91,1603,101,0.265623730892723,0.0535919877747532,103,0.359627038793491,0.0115992555763812,101,"GroupFilter=TRUE;MinGroup=10;Top=TRUE;TopPct=0.05;Bottom=FALSE;BottomPct=0.05"
"XCARBARYL","XCYHALOTHRINLAMBDA",0.128391556938936,0.401153394888048,0.270663541055023,0.111780102965106,0.533679630056316,7.01713375025484e-128,1729,102,0.255680960441622,0.0503410547567328,103,0.345276395196765,0.0179661375767412,102,"GroupFilter=TRUE;MinGroup=10;Top=TRUE;TopPct=0.05;Bottom=FALSE;BottomPct=0.05"
"XCARBARYL","XDIAZINON",0.181388857426328,0.206695955511339,0.259463982140921,0.0630366750243714,0.43688525160181,3.4594999822056e-81,1722,103,0.267352033239274,0.0497103659636984,103,0.31311486120741,0.020229509024509,103,"GroupFilter=TRUE;MinGroup=10;Top=TRUE;TopPct=0.05;Bottom=FALSE;BottomPct=0.05"
"XCARBARYL","XESFENVALERATE",0.0672435034779652,0.652355724168297,0.334341918744278,0.0167438529935034,0.638270354627255,1.20881169351555e-225,1968,103,0.265562371539998,0.0326783972143498,103,0.370874313192228,0.00131868348230415,103,"GroupFilter=TRUE;MinGroup=10;Top=TRUE;TopPct=0.05;Bottom=FALSE;BottomPct=0.05"
"XCARBARYL","XGLYPHOSATE",-0.00152330329978504,0.991533600093322,0.443091716905624,0.000891944014584737,0.571654666184545,3.53031734757272e-177,2038,103,0.279328906172856,0.0174476266173135,103,0.4422643910834,5.15403499622796e-05,103,"GroupFilter=TRUE;MinGroup=10;Top=TRUE;TopPct=0.05;Bottom=FALSE;BottomPct=0.05"
"XCARBARYL","XMETOLACHLOR",0.119317781611635,0.461829529113301,0.301444743325627,0.00579056231533718,0.632311490998831,2.25622195743765e-185,1654,102,0.372905068755657,0.00541663043417835,103,0.348733951864501,0.000102303172038267,102,"GroupFilter=TRUE;MinGroup=10;Top=TRUE;TopPct=0.05;Bottom=FALSE;BottomPct=0.05"
"XCARBARYL","XNICOSULFURON",0.0518884425568939,0.752249137657843,0.45100784864624,0.000205863755275295,0.628085603022437,1.1811360664796e-187,1704,101,0.409542454626982,0.00239328207313006,103,0.473812295709426,1.92357449109919e-06,101,"GroupFilter=TRUE;MinGroup=10;Top=TRUE;TopPct=0.05;Bottom=FALSE;BottomPct=0.05"
"XCARBARYL","XPENDIMETHALIN",0.150097326888701,0.294853949025238,0.201637966780308,0.075614110074119,0.638035339780029,1.1811056268144e-230,2014,103,0.291637008155982,0.0145814767651194,103,0.268178309649607,0.00470653603051813,103,"GroupFilter=TRUE;MinGroup=10;Top=TRUE;TopPct=0.05;Bottom=FALSE;BottomPct=0.05"
"XCARBARYL","XPICLORAM",0.232193277292507,0.0771997136482641,0.184021221054339,0.190416144412504,0.343456778450096,1.04207360471859e-51,1826,100,0.278788599220115,0.0278676560058531,103,0.248542109484729,0.0684622080202039,100,"GroupFilter=TRUE;MinGroup=10;Top=TRUE;TopPct=0.05;Bottom=FALSE;BottomPct=0.05"
"XCARBARYL","XPROPARGITE",0.250869501823623,0.0530699273099174,-0.356283573750422,0.000809831264744035,0.115007162907325,0.000207606337725907,1036,95,0.217394728683996,0.102905189792778,103,-0.334379602462395,0.00147491647897287,95,"GroupFilter=TRUE;MinGroup=10;Top=TRUE;TopPct=0.05;Bottom=FALSE;BottomPct=0.05"
"XCARBARYL","XSETHOXYDIM",0.191807803592416,0.161997335806857,0.18080488746316,0.101560001411947,0.50702083485095,9.06261234677403e-125,1902,103,0.280790159658331,0.0261148177605193,103,0.242169670145487,0.0171440711174714,103,"GroupFilter=TRUE;MinGroup=10;Top=TRUE;TopPct=0.05;Bottom=FALSE;BottomPct=0.05"
"XCARBARYL","XSIMAZINE",0.012200656836636,0.940351181161993,0.410069707816371,0.000778900087609616,0.633402188645921,6.56489374980137e-199,1768,103,0.347251686264338,0.00732289450816622,103,0.415910640513843,1.56576251483075e-05,103,"GroupFilter=TRUE;MinGroup=10;Top=TRUE;TopPct=0.05;Bottom=FALSE;BottomPct=0.05"
"XCARBARYL","XTERBUFOS",0.196311779503256,0.244483696946812,0.26565109278665,0.0369022977381879,0.597859036600512,4.82533183192632e-154,1583,99,0.389997554125421,0.00582925551070358,103,0.347603031784815,0.00118058008694186,99,"GroupFilter=TRUE;MinGroup=10;Top=TRUE;TopPct=0.05;Bottom=FALSE;BottomPct=0.05"
"XCARBARYL","XDIMETHENAMID",0.110347008140201,0.531972932118123,0.291570172740954,0.00881075148600934,0.612165915664964,3.85283262824974e-159,1541,99,0.376453126825254,0.00941265345254578,103,0.332093952891311,0.000284574928900398,99,"GroupFilter=TRUE;MinGroup=10;Top=TRUE;TopPct=0.05;Bottom=FALSE;BottomPct=0.05"
"XCARBARYL","XFENBUCONAZOLE",0.189433605750434,0.349604577592977,0.357381409373727,0.0472600163592062,0.483829630226517,2.8555689556776e-25,407,30,0.379051065110224,0.0378016279125556,103,0.432539795600287,0.00988503477628443,30,"GroupFilter=TRUE;MinGroup=10;Top=TRUE;TopPct=0.05;Bottom=FALSE;BottomPct=0.05"
"XCARBARYL","XACETOCHLOR",0.236179114243424,0.166254474285922,0.244428062129712,0.0185078135936464,0.6048439114082,7.68521645497783e-151,1505,99,0.4628705201568,0.00110220406996975,103,0.326197715400036,0.000182547240438009,99,"GroupFilter=TRUE;MinGroup=10;Top=TRUE;TopPct=0.05;Bottom=FALSE;BottomPct=0.05"
"XCARBARYL","XIMIDACLOPRID",0.364179205100968,0.0117208495821108,-0.0252598651645203,0.848218114294945,0.349463697687574,4.57827624710668e-45,1526,102,0.353323437561126,0.00795518253468789,103,0.102611038359395,0.402354130184421,102,"GroupFilter=TRUE;MinGroup=10;Top=TRUE;TopPct=0.05;Bottom=FALSE;BottomPct=0.05"
"XCARBARYL","XRIMSULFURON",0.0974000152130852,0.553980031004017,0.408933441490807,0.00303281498552672,0.537803563254888,4.7954062153909e-111,1471,100,0.320714311036419,0.0289664102274021,103,0.447266164443885,0.000268973184140721,100,"GroupFilter=TRUE;MinGroup=10;Top=TRUE;TopPct=0.05;Bottom=FALSE;BottomPct=0.05"
"XCARBARYL","XGLUFOSINATE",0.0389522577378089,0.835466470626142,0.357766225250829,0.0024075619613927,0.548053275844111,8.07893426295501e-105,1326,101,0.358441871983334,0.021608673549988,103,0.371656595967253,0.000148378536604026,101,"GroupFilter=TRUE;MinGroup=10;Top=TRUE;TopPct=0.05;Bottom=FALSE;BottomPct=0.05"
"XCARBARYL","XTEBUPIRIMPHOS",0.175038380135417,0.40506807754165,0.419808655335287,0.0185317711769085,0.583407530857685,3.10028429975882e-98,1066,79,0.445028902551387,0.0119279792018847,103,0.501730567431949,0.000858606993116282,79,"GroupFilter=TRUE;MinGroup=10;Top=TRUE;TopPct=0.05;Bottom=FALSE;BottomPct=0.05"
"XCARBARYL","XDIFLUFENZOPYR",0.145409028961371,0.428548463203339,0.395480291737977,0.0205644487219928,0.565165511493781,7.03361694234426e-101,1184,98,0.347752198362862,0.0318491882107199,103,0.460169370368788,0.00232917090281641,98,"GroupFilter=TRUE;MinGroup=10;Top=TRUE;TopPct=0.05;Bottom=FALSE;BottomPct=0.05"
"XCARBARYL","XFLUMIOXAZIN",0.237609476234829,0.387596315282378,0.374801224113838,0.0545874193988587,0.510695770859642,2.96527688159901e-51,753,94,0.489318902263694,0.044261724525307,103,0.45415930348972,0.0083210167875171,94,"GroupFilter=TRUE;MinGroup=10;Top=TRUE;TopPct=0.05;Bottom=FALSE;BottomPct=0.05"
"XCHLOROTHALONIL","XALACHLOR",0.168059092873628,0.191375248150332,0.245018908988754,0.00853353854218971,0.420908714614716,8.80341948037884e-80,1837,101,0.293289498616014,0.0166571956597548,103,0.290894333659584,0.000813822309367579,101,"GroupFilter=TRUE;MinGroup=10;Top=TRUE;TopPct=0.05;Bottom=FALSE;BottomPct=0.05"
"XCHLOROTHALONIL","XATRAZINE",0.126089452267316,0.308508093656859,0.283645004936991,0.0012724376607901,0.42809616251374,1.85783437334141e-86,1921,102,0.279710148256597,0.0177254453955548,103,0.31806072050023,0.000105149431111537,102,"GroupFilter=TRUE;MinGroup=10;Top=TRUE;TopPct=0.05;Bottom=FALSE;BottomPct=0.05"
"XCHLOROTHALONIL","XCARBARYL",0.198651140181141,0.118690571757229,0.157624733010634,0.223713058845629,0.515557743973293,5.16559856474124e-133,1952,103,0.265883911996474,0.0215642921267001,103,0.248823832562035,0.0325417468295236,103,"GroupFilter=TRUE;MinGroup=10;Top=TRUE;TopPct=0.05;Bottom=FALSE;BottomPct=0.05"
"XCHLOROTHALONIL","XCLOPYRALID",0.227449083188941,0.0572963573359789,0.336520369308462,0.00175559509040032,0.131762776625612,1.52264557615949e-08,1831,103,0.266560431141455,0.0288352908369451,103,0.35837964846129,0.000852970537733349,103,"GroupFilter=TRUE;MinGroup=10;Top=TRUE;TopPct=0.05;Bottom=FALSE;BottomPct=0.05"
"XCHLOROTHALONIL","XCYFLUTHRIN",0.200863393148524,0.139990776811686,0.297590294554117,0.0389768883900829,0.227144263042346,1.53333525362242e-19,1546,101,0.259725957667386,0.0535762439438959,103,0.342989775708685,0.0153847401547617,101,"GroupFilter=TRUE;MinGroup=10;Top=TRUE;TopPct=0.05;Bottom=FALSE;BottomPct=0.05"
"XCHLOROTHALONIL","XCYHALOTHRINLAMBDA",0.167830057767831,0.212325702424254,0.274058401717853,0.0728550643370567,0.323398584896572,4.67765291277679e-42,1674,102,0.242910023816498,0.0595881470111174,103,0.333992444951261,0.0218803472467094,102,"GroupFilter=TRUE;MinGroup=10;Top=TRUE;TopPct=0.05;Bottom=FALSE;BottomPct=0.05"
"XCHLOROTHALONIL","XDIAZINON",0.192765785642179,0.137133466466565,0.246500636932538,0.0785574196584494,0.440429292958414,1.0202798354473e-79,1660,103,0.260507407285157,0.0348371838727334,103,0.308420731578341,0.0218647819001122,103,"GroupFilter=TRUE;MinGroup=10;Top=TRUE;TopPct=0.05;Bottom=FALSE;BottomPct=0.05"
"XCHLOROTHALONIL","XESFENVALERATE",0.0850317533346773,0.511655155385999,0.35324383901893,0.00623393867866539,0.478961690338259,6.07003746447221e-110,1907,102,0.243999238212638,0.0403456505373692,103,0.392671292489196,0.000693243527233522,102,"GroupFilter=TRUE;MinGroup=10;Top=TRUE;TopPct=0.05;Bottom=FALSE;BottomPct=0.05"
"XCHLOROTHALONIL","XGLYPHOSATE",0.140897414406741,0.224171260733253,0.40950694017386,0.000327540212247997,0.273355845051697,4.40204496687174e-35,1969,103,0.265399865817267,0.0203516219878619,103,0.450287095470425,4.00166086524648e-05,103,"GroupFilter=TRUE;MinGroup=10;Top=TRUE;TopPct=0.05;Bottom=FALSE;BottomPct=0.05"
"XCHLOROTHALONIL","XMETOLACHLOR",0.140730697072004,0.297461478664037,0.321716501908809,0.000576679508077451,0.391235510914558,7.53754544921252e-60,1605,103,0.307228790266192,0.0184062244858825,103,0.357751349491579,4.37659364438819e-05,103,"GroupFilter=TRUE;MinGroup=10;Top=TRUE;TopPct=0.05;Bottom=FALSE;BottomPct=0.05"
"XCHLOROTHALONIL","XNICOSULFURON",0.171205888566366,0.199929163240679,0.464478038676651,8.67726515555199e-06,0.321782119620099,7.21934819899879e-41,1642,101,0.363465203072903,0.00593494224106992,103,0.50639085526863,3.85320890315386e-07,101,"GroupFilter=TRUE;MinGroup=10;Top=TRUE;TopPct=0.05;Bottom=FALSE;BottomPct=0.05"
"XCHLOROTHALONIL","XPENDIMETHALIN",0.173218013123585,0.148810060591593,0.233827769876118,0.017903128119591,0.383690650377981,9.8988288174405e-70,1959,103,0.269714995574638,0.0190893454692701,103,0.28281475266103,0.00243255603159788,103,"GroupFilter=TRUE;MinGroup=10;Top=TRUE;TopPct=0.05;Bottom=FALSE;BottomPct=0.05"
"XCHLOROTHALONIL","XPICLORAM",0.246608206360084,0.0614749152272694,0.227283343217086,0.102966604636099,0.209018390326419,1.09199295249713e-18,1746,101,0.280729338671261,0.0317774163436597,103,0.268313051883846,0.0521537877038268,101,"GroupFilter=TRUE;MinGroup=10;Top=TRUE;TopPct=0.05;Bottom=FALSE;BottomPct=0.05"
"XCHLOROTHALONIL","XPROPARGITE",0.294579801299096,0.0197847667626742,-0.402367446333407,0.000403468113459967,0.191535979382883,6.21005701382276e-10,1026,94,0.221045874819342,0.0868404671874629,103,-0.351804736869742,0.00150944199649097,94,"GroupFilter=TRUE;MinGroup=10;Top=TRUE;TopPct=0.05;Bottom=FALSE;BottomPct=0.05"
"XCHLOROTHALONIL","XSETHOXYDIM",0.145378329038572,0.235637762133413,0.255616809597229,0.0162365116174269,0.302967683346279,1.79612625124829e-40,1845,103,0.221647094065524,0.0659077679059912,103,0.288960539317699,0.00494981660558205,103,"GroupFilter=TRUE;MinGroup=10;Top=TRUE;TopPct=0.05;Bottom=FALSE;BottomPct=0.05"
"XCHLOROTHALONIL","XSIMAZINE",0.153979511783413,0.252170427405068,0.36828336408464,0.000319767194675588,0.335738820900979,3.20358862780928e-46,1706,103,0.325563451384095,0.0128092133168819,103,0.410011234792978,2.03706620798099e-05,103,"GroupFilter=TRUE;MinGroup=10;Top=TRUE;TopPct=0.05;Bottom=FALSE;BottomPct=0.05"
"XCHLOROTHALONIL","XTERBUFOS",0.232625146239385,0.103278112907742,0.307088046556207,0.00617019845156745,0.341629905208071,6.11385709654072e-43,1523,99,0.355679866682121,0.010097646773089,103,0.365092915471414,0.000639712413952716,99,"GroupFilter=TRUE;MinGroup=10;Top=TRUE;TopPct=0.05;Bottom=FALSE;BottomPct=0.05"
"XCHLOROTHALONIL","XDIMETHENAMID",0.215243246713539,0.142067032177144,0.298889748707839,0.00163122764477005,0.31549167328519,1.01400598050663e-35,1487,100,0.355038707230456,0.0129707588158703,103,0.3416500658557,0.000171590599448283,100,"GroupFilter=TRUE;MinGroup=10;Top=TRUE;TopPct=0.05;Bottom=FALSE;BottomPct=0.05"
"XCHLOROTHALONIL","XFENBUCONAZOLE",0.0619331785578081,0.665491257273569,0.434102615778952,0.0124902278276918,0.345310430275376,9.9603893750137e-13,403,29,0.186913671593291,0.17205484811248,103,0.459665764456529,0.00528644268886107,29,"GroupFilter=TRUE;MinGroup=10;Top=TRUE;TopPct=0.05;Bottom=FALSE;BottomPct=0.05"
"XCHLOROTHALONIL","XACETOCHLOR",0.248953254347356,0.083620264309351,0.275581405710947,0.00184953618675329,0.31353494390771,1.14762951109835e-34,1460,100,0.379913354768952,0.00723055951603115,103,0.321017511505077,0.000172029282322232,100,"GroupFilter=TRUE;MinGroup=10;Top=TRUE;TopPct=0.05;Bottom=FALSE;BottomPct=0.05"
"XCHLOROTHALONIL","XIMIDACLOPRID",0.291075090258796,0.0414306441475236,-0.0559655597798997,0.668394369888142,0.322910320218385,4.426789820551e-38,1514,102,0.266321798607304,0.0411887319310838,103,0.0514921008712221,0.667314057685549,102,"GroupFilter=TRUE;MinGroup=10;Top=TRUE;TopPct=0.05;Bottom=FALSE;BottomPct=0.05"
"XCHLOROTHALONIL","XRIMSULFURON",0.226228366734251,0.131233714466621,0.407988577951704,0.00132432377812728,0.265419171719707,3.66903299162743e-24,1410,100,0.34137893298985,0.0212312167828702,103,0.455799439619859,0.000238852070757371,100,"GroupFilter=TRUE;MinGroup=10;Top=TRUE;TopPct=0.05;Bottom=FALSE;BottomPct=0.05"
"XCHLOROTHALONIL","XGLUFOSINATE",0.275772341644667,0.0799490592624124,0.316534278095954,0.00127250730116277,0.189756672881807,8.2658238693369e-12,1276,101,0.367742975691248,0.0198660264948179,103,0.348721958052763,0.000337776077456965,101,"GroupFilter=TRUE;MinGroup=10;Top=TRUE;TopPct=0.05;Bottom=FALSE;BottomPct=0.05"
"XCHLOROTHALONIL","XTEBUPIRIMPHOS",0.220101233705373,0.288015725014559,0.409993902861279,0.0133192586406227,0.465667974316862,1.03780375808538e-55,1014,79,0.449162990070764,0.0163997466856453,103,0.490134441013304,0.000994915853775804,79,"GroupFilter=TRUE;MinGroup=10;Top=TRUE;TopPct=0.05;Bottom=FALSE;BottomPct=0.05"
"XCHLOROTHALONIL","XDIFLUFENZOPYR",0.251280761353957,0.135852889488167,0.371461104463922,0.0157479207497017,0.317694408458716,8.90613595602531e-28,1124,98,0.361620569270189,0.0279839965658602,103,0.434958438879184,0.00352264876594022,98,"GroupFilter=TRUE;MinGroup=10;Top=TRUE;TopPct=0.05;Bottom=FALSE;BottomPct=0.05"
"XCHLOROTHALONIL","XFLUMIOXAZIN",0.330174222692773,0.185439256141966,0.347344290451918,0.0450056736037345,0.221103505858989,2.22923898340228e-09,716,93,0.440781199744195,0.0711824095340427,103,0.397720056591681,0.0188968429017353,93,"GroupFilter=TRUE;MinGroup=10;Top=TRUE;TopPct=0.05;Bottom=FALSE;BottomPct=0.05"
"XCLOPYRALID","XALACHLOR",0.254966921017969,0.0646249256978221,0.132181344974923,0.21512717272942,0.585583119561875,1.53952211088006e-166,1804,100,0.354653175009526,0.00162969802190231,103,0.248726687508679,0.00430968716596848,100,"GroupFilter=TRUE;MinGroup=10;Top=TRUE;TopPct=0.05;Bottom=FALSE;BottomPct=0.05"
"XCLOPYRALID","XATRAZINE",0.140416946731247,0.313866521012496,0.211315654327685,0.0477339728520666,0.698812508584214,1.74749055092387e-278,1900,102,0.320258791758874,0.00263405566800916,103,0.281962561105397,0.000588407574446303,102,"GroupFilter=TRUE;MinGroup=10;Top=TRUE;TopPct=0.05;Bottom=FALSE;BottomPct=0.05"
"XCLOPYRALID","XCARBARYL",0.275545446831005,0.0164144964762348,0.134872267317037,0.279353675359937,0.413588257445553,1.59696430219908e-79,1903,102,0.322272844812914,0.00253267572493801,103,0.246269595965538,0.0346294594750391,102,"GroupFilter=TRUE;MinGroup=10;Top=TRUE;TopPct=0.05;Bottom=FALSE;BottomPct=0.05"
"XCLOPYRALID","XCHLOROTHALONIL",0.318737454812169,0.00330206054189649,0.16534497883069,0.111856261899356,0.195263348233946,2.70726948593912e-17,1843,102,0.348143624798929,0.00119057804149482,103,0.21547892994655,0.0389348475034615,102,"GroupFilter=TRUE;MinGroup=10;Top=TRUE;TopPct=0.05;Bottom=FALSE;BottomPct=0.05"
"XCLOPYRALID","XCYFLUTHRIN",0.107282136470112,0.49734236182988,0.289977433047176,0.105456510369273,0.678591933151271,4.51021685071179e-208,1538,101,0.264357000234609,0.0350892319041064,103,0.364033516165664,0.0106261919522029,101,"GroupFilter=TRUE;MinGroup=10;Top=TRUE;TopPct=0.05;Bottom=FALSE;BottomPct=0.05"
"XCLOPYRALID","XCYHALOTHRINLAMBDA",0.239657349049243,0.0972507398273317,0.129502938006187,0.468380316315457,0.649203898502737,2.03609314539394e-201,1678,102,0.301809615942259,0.0101274685296692,103,0.301362761495215,0.0399803143187016,102,"GroupFilter=TRUE;MinGroup=10;Top=TRUE;TopPct=0.05;Bottom=FALSE;BottomPct=0.05"
"XCLOPYRALID","XDIAZINON",0.316597670291131,0.00664888401345635,0.26198346036218,0.0516761049773452,0.154624193175924,3.9897789682716e-10,1619,102,0.352369973507875,0.00213969514152746,103,0.321523764728183,0.0172583017291745,102,"GroupFilter=TRUE;MinGroup=10;Top=TRUE;TopPct=0.05;Bottom=FALSE;BottomPct=0.05"
"XCLOPYRALID","XESFENVALERATE",0.208227039642199,0.0930846090443878,0.236116221875145,0.0731040772830001,0.568411639138673,1.50470514872145e-158,1847,101,0.317095436735407,0.00357157529456546,103,0.346304312851782,0.00272244373118371,101,"GroupFilter=TRUE;MinGroup=10;Top=TRUE;TopPct=0.05;Bottom=FALSE;BottomPct=0.05"
"XCLOPYRALID","XGLYPHOSATE",0.0416234516239861,0.779091142375426,0.404808220038561,0.00887107039467791,0.764406988129855,0,1935,103,0.317351069928479,0.00263694537838624,103,0.435634990802797,8.68784427056159e-05,103,"GroupFilter=TRUE;MinGroup=10;Top=TRUE;TopPct=0.05;Bottom=FALSE;BottomPct=0.05"
"XCLOPYRALID","XMETOLACHLOR",0.288969980726028,0.0539776182974527,0.171019326893393,0.133484654676926,0.554987976485747,4.75633379557708e-127,1564,101,0.426260335130424,0.000371377860198297,103,0.307897990280888,0.000687574124614849,101,"GroupFilter=TRUE;MinGroup=10;Top=TRUE;TopPct=0.05;Bottom=FALSE;BottomPct=0.05"
"XCLOPYRALID","XNICOSULFURON",0.189620964802755,0.238608141904288,0.322478006899679,0.0116240399232158,0.655378243934738,1.02501093736078e-198,1614,100,0.44934389549397,0.000335589852976941,103,0.420145020018322,2.35204662536255e-05,100,"GroupFilter=TRUE;MinGroup=10;Top=TRUE;TopPct=0.05;Bottom=FALSE;BottomPct=0.05"
"XCLOPYRALID","XPENDIMETHALIN",0.236510019133541,0.0566860605048507,0.145744744669348,0.185180804043481,0.596838066065664,2.8132405140391e-185,1916,103,0.323743674775616,0.00221817209936025,103,0.256573764239128,0.00670826917651829,103,"GroupFilter=TRUE;MinGroup=10;Top=TRUE;TopPct=0.05;Bottom=FALSE;BottomPct=0.05"
"XCLOPYRALID","XPICLORAM",0.365626601459684,0.00313850928096756,0.0818591754774849,0.557864731034357,0.320111209196353,4.16358671734578e-43,1755,93,0.386992183191555,0.00112770605636398,103,0.192419011705606,0.15679990388003,93,"GroupFilter=TRUE;MinGroup=10;Top=TRUE;TopPct=0.05;Bottom=FALSE;BottomPct=0.05"
"XCLOPYRALID","XPROPARGITE",0.251935849245403,0.0901486154445564,-0.427983643579706,0.000141513507264098,0.290570183308131,3.52487373948425e-21,1014,94,0.0980438330743913,0.5017225965643,103,-0.378464791590654,0.000543736122609916,94,"GroupFilter=TRUE;MinGroup=10;Top=TRUE;TopPct=0.05;Bottom=FALSE;BottomPct=0.05"
"XCLOPYRALID","XSETHOXYDIM",0.240217059900318,0.0583664202779591,0.139378132445469,0.230106225175107,0.488494421921712,8.01313961491126e-109,1804,102,0.314600176204136,0.00468045797954833,103,0.246086226088126,0.0159295529250889,102,"GroupFilter=TRUE;MinGroup=10;Top=TRUE;TopPct=0.05;Bottom=FALSE;BottomPct=0.05"
"XCLOPYRALID","XSIMAZINE",0.225114400434501,0.0943900989025888,0.28277786967047,0.0124932352531977,0.591590651255634,1.90156714573701e-156,1651,103,0.399765045522471,0.00066218649131873,103,0.383022271002428,8.54917762179696e-05,103,"GroupFilter=TRUE;MinGroup=10;Top=TRUE;TopPct=0.05;Bottom=FALSE;BottomPct=0.05"
"XCLOPYRALID","XTERBUFOS",0.298483661574351,0.0754157209384914,0.168847026160113,0.201262456372494,0.534056735864712,3.81631358414977e-111,1497,99,0.426539359824777,0.00168210269579301,103,0.310904213343461,0.00347222385962336,99,"GroupFilter=TRUE;MinGroup=10;Top=TRUE;TopPct=0.05;Bottom=FALSE;BottomPct=0.05"
"XCLOPYRALID","XDIMETHENAMID",0.151433548436317,0.430491429288319,0.251390074078079,0.0465624876938507,0.738323672241118,9.44933714054186e-255,1478,99,0.421996531761517,0.00206699420082719,103,0.322159428187807,0.000359131556244367,99,"GroupFilter=TRUE;MinGroup=10;Top=TRUE;TopPct=0.05;Bottom=FALSE;BottomPct=0.05"
"XCLOPYRALID","XFENBUCONAZOLE",0.0781407460102698,0.61203642037723,0.526060989776255,0.00625795270951923,-0.160041181362501,0.0016307286695313,385,29,0.00652585754126708,0.966082432359961,103,0.506738238503888,0.00675703517645511,29,"GroupFilter=TRUE;MinGroup=10;Top=TRUE;TopPct=0.05;Bottom=FALSE;BottomPct=0.05"
"XCLOPYRALID","XACETOCHLOR",0.183314629601574,0.331672638520122,0.228196281231596,0.0577816345718628,0.764652358038975,2.07818556339478e-282,1470,100,0.436741828387431,0.00124405971902651,103,0.311789361447223,0.000279747416078056,100,"GroupFilter=TRUE;MinGroup=10;Top=TRUE;TopPct=0.05;Bottom=FALSE;BottomPct=0.05"
"XCLOPYRALID","XIMIDACLOPRID",0.152117371989438,0.228146319036953,0.0799295873894442,0.529888567784077,0.409763873091182,1.7024309324904e-60,1467,103,0.182979301391791,0.116203062733458,103,0.137151439739037,0.245078519692785,103,"GroupFilter=TRUE;MinGroup=10;Top=TRUE;TopPct=0.05;Bottom=FALSE;BottomPct=0.05"
"XCLOPYRALID","XRIMSULFURON",0.130289256851936,0.492916832333577,0.335508294135667,0.0535394738306492,0.75949042725119,2.88769847099443e-267,1421,103,0.390459009867175,0.00374104618059974,103,0.420652853360821,0.000619463974706323,103,"GroupFilter=TRUE;MinGroup=10;Top=TRUE;TopPct=0.05;Bottom=FALSE;BottomPct=0.05"
"XCLOPYRALID","XGLUFOSINATE",-0.0105318940742174,0.956736955837262,0.36122674734109,0.00741357958824654,0.707547052918518,1.30458415064863e-191,1258,100,0.352788194526192,0.0124149777641965,103,0.356193967217301,0.00025016377082144,100,"GroupFilter=TRUE;MinGroup=10;Top=TRUE;TopPct=0.05;Bottom=FALSE;BottomPct=0.05"
"XCLOPYRALID","XTEBUPIRIMPHOS",0.228511513490985,0.489872557692751,0.425014836160694,0.0407525037356519,0.761250965782736,3.29671481645992e-192,1012,79,0.708000479524432,0.0027269599059784,103,0.525992131040519,0.00044956776096577,79,"GroupFilter=TRUE;MinGroup=10;Top=TRUE;TopPct=0.05;Bottom=FALSE;BottomPct=0.05"
"XCLOPYRALID","XDIFLUFENZOPYR",0.0662473074892985,0.74970027516611,0.408424075687626,0.0374278632615998,0.728103903831208,3.20500212949274e-187,1130,99,0.353584537549043,0.0237969035167672,103,0.450266848282868,0.00227179968134281,99,"GroupFilter=TRUE;MinGroup=10;Top=TRUE;TopPct=0.05;Bottom=FALSE;BottomPct=0.05"
"XCLOPYRALID","XFLUMIOXAZIN",-0.0264469412132574,0.922928031715089,0.417379663704303,0.0742316148188789,0.701810155972314,2.20254067777183e-106,710,93,0.307932121866733,0.124592269991007,103,0.401886505454986,0.0188759328472543,93,"GroupFilter=TRUE;MinGroup=10;Top=TRUE;TopPct=0.05;Bottom=FALSE;BottomPct=0.05"
"XCYFLUTHRIN","XALACHLOR",0.362657998825794,0.0677984268674206,0.0821403131467019,0.554555195036391,0.648476366124593,1.65829168481584e-176,1473,98,0.43614754595436,0.00512354321257919,99,0.241884365163202,0.0265100454081762,98,"GroupFilter=TRUE;MinGroup=10;Top=TRUE;TopPct=0.05;Bottom=FALSE;BottomPct=0.05"
"XCYFLUTHRIN","XATRAZINE",0.183530636869593,0.390961898845859,0.205937846063253,0.155134266466603,0.756303189632711,1.15710681555111e-288,1556,98,0.403403123672204,0.0068536685081403,99,0.296228062402544,0.00342701759746177,98,"GroupFilter=TRUE;MinGroup=10;Top=TRUE;TopPct=0.05;Bottom=FALSE;BottomPct=0.05"
"XCYFLUTHRIN","XCARBARYL",0.332801004222577,0.0397415303346412,0.148699503654304,0.315256796254297,0.482002299861951,8.7918041518011e-92,1564,99,0.40156326253427,0.00651924747196528,99,0.277287412328285,0.0397501760046465,99,"GroupFilter=TRUE;MinGroup=10;Top=TRUE;TopPct=0.05;Bottom=FALSE;BottomPct=0.05"
"XCYFLUTHRIN","XCHLOROTHALONIL",0.352167172658442,0.0216649565966775,0.192051337926961,0.122872925294648,0.269203562712044,1.45104706362536e-26,1515,99,0.406838916025327,0.00671860004593119,99,0.256621387219039,0.0361367596231991,99,"GroupFilter=TRUE;MinGroup=10;Top=TRUE;TopPct=0.05;Bottom=FALSE;BottomPct=0.05"
"XCYFLUTHRIN","XCLOPYRALID",0.332824037649915,0.0760131869922266,0.0938810434457768,0.549317180207985,0.680163108505492,2.75909746516429e-211,1552,99,0.401539881205302,0.00706728345038939,99,0.264689996333182,0.0334155640041344,99,"GroupFilter=TRUE;MinGroup=10;Top=TRUE;TopPct=0.05;Bottom=FALSE;BottomPct=0.05"
"XCYFLUTHRIN","XCYHALOTHRINLAMBDA",0.332969416793703,0.0965196746075516,0.107969923776189,0.618114197709894,0.759715611134682,7.69209828475145e-289,1535,99,0.39826602603767,0.00920005773070442,99,0.341150849443498,0.0401641945207315,99,"GroupFilter=TRUE;MinGroup=10;Top=TRUE;TopPct=0.05;Bottom=FALSE;BottomPct=0.05"
"XCYFLUTHRIN","XDIAZINON",0.315310587227752,0.0576963030683307,0.228878425438799,0.137032057581222,0.119233287395671,1.82510102157265e-05,1285,99,0.35749655708847,0.028747791162277,99,0.278178286473478,0.0693385753379682,99,"GroupFilter=TRUE;MinGroup=10;Top=TRUE;TopPct=0.05;Bottom=FALSE;BottomPct=0.05"
"XCYFLUTHRIN","XESFENVALERATE",0.214513035458027,0.226407764278205,0.277661319351281,0.0887633373627208,0.639538806252096,1.65775617973601e-176,1528,98,0.379795546054567,0.0112602376596776,99,0.386874418612742,0.00478234979998185,98,"GroupFilter=TRUE;MinGroup=10;Top=TRUE;TopPct=0.05;Bottom=FALSE;BottomPct=0.05"
"XCYFLUTHRIN","XGLYPHOSATE",0.170706904916669,0.410792052868255,0.285542076957853,0.124594779679334,0.802742527866478,0,1582,99,0.3981432478456,0.00664207645192865,99,0.395422928198639,0.00265498721895739,99,"GroupFilter=TRUE;MinGroup=10;Top=TRUE;TopPct=0.05;Bottom=FALSE;BottomPct=0.05"
"XCYFLUTHRIN","XMETOLACHLOR",0.510752584378883,0.0283121432729559,0.0807535530279023,0.600033994910995,0.586608994241935,6.73678964136227e-117,1255,99,0.596562343939803,0.000348200925536945,99,0.319727151899217,0.00376411913809524,99,"GroupFilter=TRUE;MinGroup=10;Top=TRUE;TopPct=0.05;Bottom=FALSE;BottomPct=0.05"
"XCYFLUTHRIN","XNICOSULFURON",0.262142518971014,0.263115417812155,0.364191892649339,0.0228476061167911,0.676263218588436,8.03502816684688e-178,1325,97,0.624940553101266,0.000335423418317849,99,0.487317427359045,4.05389543277034e-05,97,"GroupFilter=TRUE;MinGroup=10;Top=TRUE;TopPct=0.05;Bottom=FALSE;BottomPct=0.05"
"XCYFLUTHRIN","XPENDIMETHALIN",0.323604689437018,0.0855026154528012,0.0984493796361217,0.507176313990384,0.714521452747119,7.53384354703475e-246,1572,99,0.402802702345997,0.00603921262764102,99,0.25923854726696,0.0258020252553819,99,"GroupFilter=TRUE;MinGroup=10;Top=TRUE;TopPct=0.05;Bottom=FALSE;BottomPct=0.05"
"XCYFLUTHRIN","XPICLORAM",0.422224926314498,0.0121507836617728,0.0841788390046453,0.602430028599545,0.320968727369759,2.43847999840094e-35,1418,90,0.448165817901129,0.00547133092200392,99,0.199834982231714,0.199875118390418,90,"GroupFilter=TRUE;MinGroup=10;Top=TRUE;TopPct=0.05;Bottom=FALSE;BottomPct=0.05"
"XCYFLUTHRIN","XPROPARGITE",0.46557454992988,0.00649528030615481,-0.524379587891639,5.12900268155499e-05,0.364715459422576,1.06952286397797e-23,708,82,0.337652789378766,0.0527242511614355,99,-0.438268957594366,0.000596558183191479,82,"GroupFilter=TRUE;MinGroup=10;Top=TRUE;TopPct=0.05;Bottom=FALSE;BottomPct=0.05"
"XCYFLUTHRIN","XSETHOXYDIM",0.300064553768976,0.0996908067867339,0.134210203174914,0.347219418926454,0.55520245659484,4.12242323789053e-120,1476,99,0.398008874454455,0.00828533709448568,99,0.266669874997868,0.0243308959771351,99,"GroupFilter=TRUE;MinGroup=10;Top=TRUE;TopPct=0.05;Bottom=FALSE;BottomPct=0.05"
"XCYFLUTHRIN","XSIMAZINE",0.245625528370989,0.212073489327898,0.347250461956252,0.0181242184855194,0.663116197592553,3.97220054220893e-167,1313,99,0.506261847105025,0.00232139266686467,99,0.452031233755659,0.000217079113993056,99,"GroupFilter=TRUE;MinGroup=10;Top=TRUE;TopPct=0.05;Bottom=FALSE;BottomPct=0.05"
"XCYFLUTHRIN","XTERBUFOS",0.53976786667397,0.0298695588115157,0.058835859842823,0.754436067462153,0.647695172904923,2.56026856974507e-145,1214,96,0.593148508570254,0.00113835896499752,99,0.338022205198489,0.0147553861384827,96,"GroupFilter=TRUE;MinGroup=10;Top=TRUE;TopPct=0.05;Bottom=FALSE;BottomPct=0.05"
"XCYFLUTHRIN","XDIMETHENAMID",0.347229336486164,0.174147348093985,0.199884606976661,0.180656033745491,0.735472921554843,4.40011593900644e-215,1261,96,0.59421478661355,0.000876341876686612,99,0.346961100538153,0.000921944474847408,96,"GroupFilter=TRUE;MinGroup=10;Top=TRUE;TopPct=0.05;Bottom=FALSE;BottomPct=0.05"
"XCYFLUTHRIN","XFENBUCONAZOLE",0.00182722774835281,0.993459567969366,0.495620458195574,0.0154543368421608,0.265679733595802,1.13718585586566e-06,326,26,0.189384518448559,0.407139760041528,99,0.495846260144724,0.0119295511000608,26,"GroupFilter=TRUE;MinGroup=10;Top=TRUE;TopPct=0.05;Bottom=FALSE;BottomPct=0.05"
"XCYFLUTHRIN","XACETOCHLOR",0.447808194687121,0.0899288910458395,0.177556995848013,0.209808577267083,0.758166202807153,9.72851679270584e-238,1270,97,0.690163082508773,0.000152514911800009,99,0.354123620031778,0.000317637897169224,97,"GroupFilter=TRUE;MinGroup=10;Top=TRUE;TopPct=0.05;Bottom=FALSE;BottomPct=0.05"
"XCYFLUTHRIN","XIMIDACLOPRID",0.410583824964147,0.016955314192056,-0.0976290440800769,0.500764044366567,0.545685052211554,1.90279884775837e-102,1309,99,0.362093136615214,0.0204310445982382,99,0.045261604094599,0.73272889296319,99,"GroupFilter=TRUE;MinGroup=10;Top=TRUE;TopPct=0.05;Bottom=FALSE;BottomPct=0.05"
"XCYFLUTHRIN","XRIMSULFURON",0.206689262904203,0.393096837996889,0.287059179082259,0.111471252705151,0.748599483923963,4.30439556944091e-239,1329,98,0.473391921318338,0.00703220673668478,99,0.395108693691938,0.00242985072006031,98,"GroupFilter=TRUE;MinGroup=10;Top=TRUE;TopPct=0.05;Bottom=FALSE;BottomPct=0.05"
"XCYFLUTHRIN","XGLUFOSINATE",-0.00981224301887167,0.970267508655214,0.368310740020901,0.0140064811209264,0.785720537308555,4.23716858767724e-260,1238,97,0.466250186107623,0.010125932819185,99,0.364217152258805,0.000390554217327135,97,"GroupFilter=TRUE;MinGroup=10;Top=TRUE;TopPct=0.05;Bottom=FALSE;BottomPct=0.05"
"XCYFLUTHRIN","XTEBUPIRIMPHOS",0.688665014444861,0.0726229968530529,0.135505283812646,0.580753306756334,0.806817792422798,1.11276469908748e-234,1019,77,0.854501433514832,0.00039515032374011,99,0.479715472707028,0.00210508176179031,77,"GroupFilter=TRUE;MinGroup=10;Top=TRUE;TopPct=0.05;Bottom=FALSE;BottomPct=0.05"
"XCYFLUTHRIN","XDIFLUFENZOPYR",0.388846079910328,0.142883590289104,0.138819190288066,0.508563494479439,0.760098427788713,1.006277991233e-211,1121,96,0.512449467688996,0.00696906714747255,99,0.354206311866225,0.019174038210718,96,"GroupFilter=TRUE;MinGroup=10;Top=TRUE;TopPct=0.05;Bottom=FALSE;BottomPct=0.05"
"XCYFLUTHRIN","XFLUMIOXAZIN",0.0825528276979042,0.841913243281672,0.335523051975794,0.207013691266189,0.769161155344602,2.77558691379925e-137,697,89,0.468072839176504,0.0974210321115652,99,0.374241846006774,0.0384499883793038,89,"GroupFilter=TRUE;MinGroup=10;Top=TRUE;TopPct=0.05;Bottom=FALSE;BottomPct=0.05"
"XCYHALOTHRINLAMBDA","XALACHLOR",0.349622541507546,0.161368808679001,0.131954966451907,0.392392759894015,0.74315497952063,9.56220763085248e-280,1592,98,0.511864762269777,0.00190838928141598,100,0.297983857632967,0.00312902586446797,98,"GroupFilter=TRUE;MinGroup=10;Top=TRUE;TopPct=0.05;Bottom=FALSE;BottomPct=0.05"
"XCYHALOTHRINLAMBDA","XATRAZINE",0.0964948028088473,0.674882654940101,0.25295935412464,0.0639576632979503,0.763430704274431,7.90505033345994e-322,1685,100,0.414462473765715,0.008113511160179,100,0.295935826186866,0.00133501638912089,100,"GroupFilter=TRUE;MinGroup=10;Top=TRUE;TopPct=0.05;Bottom=FALSE;BottomPct=0.05"
"XCYHALOTHRINLAMBDA","XCARBARYL",0.375012110448743,0.0386937161679938,0.0694925252230041,0.644633944247959,0.534685009340201,3.19470914841675e-125,1685,100,0.418300101130892,0.0074334720535794,100,0.23146364531073,0.0733907863545585,100,"GroupFilter=TRUE;MinGroup=10;Top=TRUE;TopPct=0.05;Bottom=FALSE;BottomPct=0.05"
"XCYHALOTHRINLAMBDA","XCHLOROTHALONIL",0.337959055252109,0.0449527828664034,0.215639830238088,0.100551366985058,0.369061818873457,1.43374534700192e-53,1624,100,0.435558253949651,0.00615446033361691,100,0.308352102921488,0.0130525573245805,100,"GroupFilter=TRUE;MinGroup=10;Top=TRUE;TopPct=0.05;Bottom=FALSE;BottomPct=0.05"
"XCYHALOTHRINLAMBDA","XCLOPYRALID",0.236877566176338,0.218705297190166,0.228740034261798,0.11065099920423,0.648310765364445,3.66053597095854e-201,1682,100,0.418886748706046,0.00797217099986272,100,0.335290065381202,0.00375160189817424,100,"GroupFilter=TRUE;MinGroup=10;Top=TRUE;TopPct=0.05;Bottom=FALSE;BottomPct=0.05"
"XCYHALOTHRINLAMBDA","XCYFLUTHRIN",0.143226943930267,0.530057055413552,0.308968378625401,0.121431010026275,0.761756205021453,1.53542238603201e-290,1531,99,0.377130425523544,0.0288708027830951,100,0.392810715793353,0.00871828269074486,99,"GroupFilter=TRUE;MinGroup=10;Top=TRUE;TopPct=0.05;Bottom=FALSE;BottomPct=0.05"
"XCYHALOTHRINLAMBDA","XDIAZINON",0.361110352015987,0.0504822075754334,0.298746879893871,0.0495082823190559,0.235640783954146,3.83926676495645e-19,1402,100,0.446665960290811,0.0120143036415081,100,0.372510253184764,0.0124585847243798,100,"GroupFilter=TRUE;MinGroup=10;Top=TRUE;TopPct=0.05;Bottom=FALSE;BottomPct=0.05"
"XCYHALOTHRINLAMBDA","XESFENVALERATE",0.210958463076833,0.295561151280152,0.257487090919319,0.12780717930964,0.670498051508527,3.11803342280839e-214,1637,99,0.40301166153269,0.0117626496131346,100,0.36945052550611,0.00527963764433363,99,"GroupFilter=TRUE;MinGroup=10;Top=TRUE;TopPct=0.05;Bottom=FALSE;BottomPct=0.05"
"XCYHALOTHRINLAMBDA","XGLYPHOSATE",-0.0346771017269634,0.877459513414419,0.484276438503516,0.00701919860788523,0.797488243027016,0,1706,100,0.414802529021048,0.00758676916133286,100,0.463813593043226,0.000172616966783585,100,"GroupFilter=TRUE;MinGroup=10;Top=TRUE;TopPct=0.05;Bottom=FALSE;BottomPct=0.05"
"XCYHALOTHRINLAMBDA","XMETOLACHLOR",0.725347323529043,0.0104808053150639,0.0206011688662613,0.897914918210804,0.613838810947653,1.70244410295461e-140,1349,99,0.753335657627528,4.36695685745878e-05,100,0.339071662760871,0.00110529441957539,99,"GroupFilter=TRUE;MinGroup=10;Top=TRUE;TopPct=0.05;Bottom=FALSE;BottomPct=0.05"
"XCYHALOTHRINLAMBDA","XNICOSULFURON",0.398601333628712,0.107336268921873,0.28394182647023,0.0579309007025077,0.672899802780448,9.4985089430505e-188,1419,98,0.719842285437247,0.000100548926943609,100,0.450214800441023,5.08259720795312e-05,98,"GroupFilter=TRUE;MinGroup=10;Top=TRUE;TopPct=0.05;Bottom=FALSE;BottomPct=0.05"
"XCYHALOTHRINLAMBDA","XPENDIMETHALIN",0.305922379081005,0.15831359479846,0.128047847694182,0.40904812964099,0.741731499870622,2.39305963587105e-296,1697,100,0.432217999711548,0.00544711502327335,100,0.283076987497475,0.0106071943415696,100,"GroupFilter=TRUE;MinGroup=10;Top=TRUE;TopPct=0.05;Bottom=FALSE;BottomPct=0.05"
"XCYHALOTHRINLAMBDA","XPICLORAM",0.360951897753879,0.0471845970208036,0.144446229724297,0.376139332982674,0.420333954901588,1.12728643840854e-66,1533,91,0.426226265794279,0.0107342749123526,100,0.274804200777561,0.0668630313058961,91,"GroupFilter=TRUE;MinGroup=10;Top=TRUE;TopPct=0.05;Bottom=FALSE;BottomPct=0.05"
"XCYHALOTHRINLAMBDA","XPROPARGITE",0.370408647476449,0.0445268382355117,-0.467335621381805,0.00033046251208828,0.518761648955981,1.29408968404398e-57,819,92,0.114388669562516,0.512708752420834,100,-0.353564663189588,0.00289621872686145,92,"GroupFilter=TRUE;MinGroup=10;Top=TRUE;TopPct=0.05;Bottom=FALSE;BottomPct=0.05"
"XCYHALOTHRINLAMBDA","XSETHOXYDIM",0.37448461488601,0.0581638334433031,0.108332932990438,0.448659977357109,0.567227386417728,2.15987902822828e-136,1594,100,0.464287445127166,0.00371174932946628,100,0.270715580976125,0.0188117900995163,100,"GroupFilter=TRUE;MinGroup=10;Top=TRUE;TopPct=0.05;Bottom=FALSE;BottomPct=0.05"
"XCYHALOTHRINLAMBDA","XSIMAZINE",0.324651300852142,0.147156365554319,0.274346625691492,0.0663746903476423,0.705564373472209,1.09227113328776e-215,1429,100,0.593593820511969,0.000693406030941513,100,0.417801616334305,0.00025051290840711,100,"GroupFilter=TRUE;MinGroup=10;Top=TRUE;TopPct=0.05;Bottom=FALSE;BottomPct=0.05"
"XCYHALOTHRINLAMBDA","XTERBUFOS",0.482456813170752,0.0942081064071884,0.131502073299664,0.46715233669519,0.672729987662047,8.09983432391007e-173,1306,97,0.635355931722308,0.00142757695967858,100,0.353764827961839,0.00446705352860446,97,"GroupFilter=TRUE;MinGroup=10;Top=TRUE;TopPct=0.05;Bottom=FALSE;BottomPct=0.05"
"XCYHALOTHRINLAMBDA","XDIMETHENAMID",0.32400492129972,0.264808633934098,0.204510844869056,0.182865453956046,0.801906383236846,1.76358592934255e-315,1402,97,0.632322222751181,0.000431726745367032,100,0.341598867953543,0.000289981905494505,97,"GroupFilter=TRUE;MinGroup=10;Top=TRUE;TopPct=0.05;Bottom=FALSE;BottomPct=0.05"
"XCYHALOTHRINLAMBDA","XFENBUCONAZOLE",-0.133942729601564,0.552303901236306,0.498112198238144,0.0191778142488711,0.592760932193445,1.15489465498119e-36,372,27,0.177517968561298,0.360559786531597,100,0.426988347134157,0.0158282750452372,27,"GroupFilter=TRUE;MinGroup=10;Top=TRUE;TopPct=0.05;Bottom=FALSE;BottomPct=0.05"
"XCYHALOTHRINLAMBDA","XACETOCHLOR",0.462988188580627,0.147742814447225,0.176129718973495,0.222936114482218,0.782449389907483,8.69252850288035e-287,1385,98,0.770707208037006,0.000117286140559363,100,0.342342744812185,0.000148516547068577,98,"GroupFilter=TRUE;MinGroup=10;Top=TRUE;TopPct=0.05;Bottom=FALSE;BottomPct=0.05"
"XCYHALOTHRINLAMBDA","XIMIDACLOPRID",0.413514960524274,0.0255465251781919,-0.0192349388274878,0.892445103978251,0.542408493731481,5.92275562913207e-110,1427,100,0.402131511383674,0.014837169283552,100,0.125235658365858,0.324970932105493,100,"GroupFilter=TRUE;MinGroup=10;Top=TRUE;TopPct=0.05;Bottom=FALSE;BottomPct=0.05"
"XCYHALOTHRINLAMBDA","XRIMSULFURON",0.247287669278273,0.32393401296358,0.364966949117803,0.02473156500386,0.706927610125251,8.78426380076423e-218,1435,100,0.619626173859339,0.00122688772141583,100,0.472267137614559,0.000120703702231233,100,"GroupFilter=TRUE;MinGroup=10;Top=TRUE;TopPct=0.05;Bottom=FALSE;BottomPct=0.05"
"XCYHALOTHRINLAMBDA","XGLUFOSINATE",0.184595837339161,0.490015381302694,0.321354198525564,0.0225806730983963,0.75125094058738,4.67603422361607e-231,1270,98,0.620047351929228,0.00130638267547554,100,0.390968116674827,9.46442801240362e-05,98,"GroupFilter=TRUE;MinGroup=10;Top=TRUE;TopPct=0.05;Bottom=FALSE;BottomPct=0.05"
"XCYHALOTHRINLAMBDA","XTEBUPIRIMPHOS",0.639943793146623,0.143349435845564,0.239231512478688,0.302927183701007,0.796648610165935,1.36409268925836e-224,1019,77,0.98582285800579,0.000543598789690993,100,0.50225355857733,0.000855693194575041,77,"GroupFilter=TRUE;MinGroup=10;Top=TRUE;TopPct=0.05;Bottom=FALSE;BottomPct=0.05"
"XCYHALOTHRINLAMBDA","XDIFLUFENZOPYR",0.406837624581068,0.184435037617635,0.242894730442619,0.238537943804772,0.748069818068895,4.63060576993253e-205,1141,96,0.65822823469699,0.00308776719603065,100,0.434137668073107,0.00366560758753407,96,"GroupFilter=TRUE;MinGroup=10;Top=TRUE;TopPct=0.05;Bottom=FALSE;BottomPct=0.05"
"XCYHALOTHRINLAMBDA","XFLUMIOXAZIN",-0.124611630008258,0.7884306826556,0.533102385658847,0.0588097396398611,0.805003541642262,1.19353122191688e-160,701,90,0.563517416427221,0.0536082811688508,100,0.473959058707213,0.00729193283862501,90,"GroupFilter=TRUE;MinGroup=10;Top=TRUE;TopPct=0.05;Bottom=FALSE;BottomPct=0.05"
"XDIAZINON","XALACHLOR",0.332753979845464,0.031848837856837,0.225562373193277,0.0257101631051301,0.394409732188399,2.33478981948142e-61,1618,99,0.432715331560173,0.00421980583493336,103,0.288483031896096,0.00275935773207134,99,"GroupFilter=TRUE;MinGroup=10;Top=TRUE;TopPct=0.05;Bottom=FALSE;BottomPct=0.05"
"XDIAZINON","XATRAZINE",0.217405933266055,0.140680078092652,0.298501860173196,0.00185597567990853,0.351517550447991,1.56558553298329e-50,1697,102,0.350126914284232,0.0157505721757691,103,0.33648569727649,0.000251080484940925,102,"GroupFilter=TRUE;MinGroup=10;Top=TRUE;TopPct=0.05;Bottom=FALSE;BottomPct=0.05"
"XDIAZINON","XCARBARYL",0.293527928623368,0.0451733236078481,0.187810933647536,0.171958805691549,0.41225197491253,2.89595424607852e-71,1713,103,0.350131764329627,0.0139255694101103,103,0.271136622907782,0.0386545717100345,103,"GroupFilter=TRUE;MinGroup=10;Top=TRUE;TopPct=0.05;Bottom=FALSE;BottomPct=0.05"
"XDIAZINON","XCHLOROTHALONIL",0.295979911275404,0.043939567949583,0.168002395915001,0.137064789367564,0.360546850681973,1.70961167556566e-52,1672,103,0.348028589183002,0.0153828268553745,103,0.223710063571131,0.0409820037450209,103,"GroupFilter=TRUE;MinGroup=10;Top=TRUE;TopPct=0.05;Bottom=FALSE;BottomPct=0.05"
"XDIAZINON","XCLOPYRALID",0.275567361544894,0.056753280145279,0.334465318432454,0.00374431848270451,0.1459236387183,3.43144558706038e-09,1625,103,0.33853713122892,0.0197195146913366,103,0.36670564177677,0.00127469452140676,103,"GroupFilter=TRUE;MinGroup=10;Top=TRUE;TopPct=0.05;Bottom=FALSE;BottomPct=0.05"
"XDIAZINON","XCYFLUTHRIN",0.265751540786702,0.095567990471764,0.263203637183244,0.101456232003328,0.155231117442091,1.73524771753237e-08,1305,102,0.31417639731938,0.0464684875479805,103,0.313661063038695,0.0465460500648489,102,"GroupFilter=TRUE;MinGroup=10;Top=TRUE;TopPct=0.05;Bottom=FALSE;BottomPct=0.05"
"XDIAZINON","XCYHALOTHRINLAMBDA",0.302208162938093,0.0536195562387772,0.230783588321114,0.177972191893283,0.239345589087858,5.15934755480643e-20,1425,103,0.361019866752867,0.0172953770855609,103,0.323021123210837,0.0488225079041636,103,"GroupFilter=TRUE;MinGroup=10;Top=TRUE;TopPct=0.05;Bottom=FALSE;BottomPct=0.05"
"XDIAZINON","XESFENVALERATE",0.167933738843284,0.272127417728609,0.338663964768832,0.0146851204221547,0.381163654159396,7.02788408776404e-59,1670,102,0.300901962287556,0.0398265502817233,103,0.394022758960784,0.00248463657861813,102,"GroupFilter=TRUE;MinGroup=10;Top=TRUE;TopPct=0.05;Bottom=FALSE;BottomPct=0.05"
"XDIAZINON","XGLYPHOSATE",0.17335039255715,0.228195911474043,0.503120207698623,0.000111764539931052,0.226873837303303,1.24236676676163e-21,1730,103,0.342638936503305,0.0151632874132242,103,0.546208326444643,1.20769551399257e-05,103,"GroupFilter=TRUE;MinGroup=10;Top=TRUE;TopPct=0.05;Bottom=FALSE;BottomPct=0.05"
"XDIAZINON","XMETOLACHLOR",0.24982730213223,0.13872826107559,0.313459883693502,0.00276248040962397,0.410070948663379,4.5991496918565e-58,1404,102,0.400765280218271,0.0147720351197817,103,0.361575322058258,0.000299892134022319,102,"GroupFilter=TRUE;MinGroup=10;Top=TRUE;TopPct=0.05;Bottom=FALSE;BottomPct=0.05"
"XDIAZINON","XNICOSULFURON",0.333550717503197,0.0463977909840678,0.419139484061808,0.000134021096447128,0.23148501106515,5.69991377924255e-19,1440,100,0.47296184801518,0.00477411448471484,103,0.463436964548837,1.45942986368006e-05,100,"GroupFilter=TRUE;MinGroup=10;Top=TRUE;TopPct=0.05;Bottom=FALSE;BottomPct=0.05"
"XDIAZINON","XPENDIMETHALIN",0.282886560110235,0.0480348317623757,0.256923937096563,0.016033836995477,0.301901284590979,1.22039407435542e-37,1723,103,0.359388074351898,0.0112307690019615,103,0.303196830659663,0.00339361605962367,103,"GroupFilter=TRUE;MinGroup=10;Top=TRUE;TopPct=0.05;Bottom=FALSE;BottomPct=0.05"
"XDIAZINON","XPICLORAM",0.360653499335026,0.0232089187762963,0.293016842505907,0.0507347810757786,0.155871168903362,9.51141137433919e-10,1524,101,0.376347550853368,0.0182455017918221,103,0.309456443807527,0.03854201732033,101,"GroupFilter=TRUE;MinGroup=10;Top=TRUE;TopPct=0.05;Bottom=FALSE;BottomPct=0.05"
"XDIAZINON","XPROPARGITE",0.356185695928645,0.0196781067986733,-0.384223613243169,0.000708428462499308,0.13688706803572,1.56184380122959e-05,989,94,0.317272159116109,0.0428849040499684,103,-0.349985839112897,0.00152274475542942,94,"GroupFilter=TRUE;MinGroup=10;Top=TRUE;TopPct=0.05;Bottom=FALSE;BottomPct=0.05"
"XDIAZINON","XSETHOXYDIM",0.231486921636298,0.129029138862846,0.201666958411009,0.0701075309939543,0.290697993778425,4.53118454340311e-33,1628,103,0.279167517046054,0.0659610473052638,103,0.231581763031597,0.0342063632686247,103,"GroupFilter=TRUE;MinGroup=10;Top=TRUE;TopPct=0.05;Bottom=FALSE;BottomPct=0.05"
"XDIAZINON","XSIMAZINE",0.249670270849889,0.134966304110209,0.403845131231504,0.000185167790820567,0.22414110688123,2.07022073847983e-18,1489,103,0.428133722363762,0.00940289433878255,103,0.447971549265819,1.60095739197498e-05,103,"GroupFilter=TRUE;MinGroup=10;Top=TRUE;TopPct=0.05;Bottom=FALSE;BottomPct=0.05"
"XDIAZINON","XTERBUFOS",0.38002516194817,0.0333616608361168,0.311141180640935,0.00846453922549186,0.277471141872722,3.64715499850793e-25,1343,99,0.4674605058233,0.00856935847459837,103,0.358588014234199,0.00192105937913751,99,"GroupFilter=TRUE;MinGroup=10;Top=TRUE;TopPct=0.05;Bottom=FALSE;BottomPct=0.05"
"XDIAZINON","XDIMETHENAMID",0.348618321457218,0.0575122346497109,0.311151432248143,0.00259590261708737,0.225602886240367,2.44843613240072e-16,1289,99,0.481703238594481,0.00801939257523941,103,0.356035616891924,0.000384198944644186,99,"GroupFilter=TRUE;MinGroup=10;Top=TRUE;TopPct=0.05;Bottom=FALSE;BottomPct=0.05"
"XDIAZINON","XFENBUCONAZOLE",0.230538085900434,0.11052403159379,0.420227539780887,0.0135307525194258,0.0239029014152761,0.648090263361871,367,29,0.227996966914722,0.123909682892597,103,0.422205712230751,0.0147821159920495,29,"GroupFilter=TRUE;MinGroup=10;Top=TRUE;TopPct=0.05;Bottom=FALSE;BottomPct=0.05"
"XDIAZINON","XACETOCHLOR",0.38822095679849,0.026702651194475,0.299369244211322,0.0028004068728282,0.251888029979314,1.6857371129787e-19,1247,99,0.514619446437784,0.00297048001001172,103,0.351216883621976,0.000296913628433238,99,"GroupFilter=TRUE;MinGroup=10;Top=TRUE;TopPct=0.05;Bottom=FALSE;BottomPct=0.05"
"XDIAZINON","XIMIDACLOPRID",0.228230286977053,0.145125557429071,0.0896296880007702,0.545183834130733,0.174524329085398,2.60675385698097e-10,1294,102,0.257555496341161,0.084265880194431,103,0.156911076479905,0.26500033161477,102,"GroupFilter=TRUE;MinGroup=10;Top=TRUE;TopPct=0.05;Bottom=FALSE;BottomPct=0.05"
"XDIAZINON","XRIMSULFURON",0.344935427982683,0.0485072353351073,0.366807701269075,0.0105797511202302,0.270681679739623,2.91824447780844e-21,1180,102,0.45007897651518,0.00893898481348366,103,0.433703734849293,0.00185235259636807,102,"GroupFilter=TRUE;MinGroup=10;Top=TRUE;TopPct=0.05;Bottom=FALSE;BottomPct=0.05"
"XDIAZINON","XGLUFOSINATE",0.299772260629396,0.103132567240391,0.382267233753729,0.000644872427537481,0.152209028385504,6.47772515009954e-07,1059,100,0.411717924665486,0.0250327143461348,103,0.413694026650619,0.000174855730677831,100,"GroupFilter=TRUE;MinGroup=10;Top=TRUE;TopPct=0.05;Bottom=FALSE;BottomPct=0.05"
"XDIAZINON","XTEBUPIRIMPHOS",0.445003943406961,0.0650503537497122,0.390158487484372,0.0320693925235801,0.369183081664689,1.47545668690011e-27,810,79,0.619377320047431,0.00695788581357065,103,0.503406188225239,0.00333250984773356,79,"GroupFilter=TRUE;MinGroup=10;Top=TRUE;TopPct=0.05;Bottom=FALSE;BottomPct=0.05"
"XDIAZINON","XDIFLUFENZOPYR",0.282858326407701,0.152476209223563,0.40910862536212,0.0237849762271102,0.392265898651615,2.23311615492673e-36,952,99,0.418422781666965,0.0277123340751542,103,0.488465446848438,0.00466226015086874,99,"GroupFilter=TRUE;MinGroup=10;Top=TRUE;TopPct=0.05;Bottom=FALSE;BottomPct=0.05"
"XDIAZINON","XFLUMIOXAZIN",-0.055580970798655,0.834452394578346,0.532200936613152,0.00710255758074855,0.292794108743587,9.45736264367617e-13,571,91,0.108761362783524,0.677039363323532,103,0.523202935550581,0.00670339249019609,91,"GroupFilter=TRUE;MinGroup=10;Top=TRUE;TopPct=0.05;Bottom=FALSE;BottomPct=0.05"
"XESFENVALERATE","XALACHLOR",0.357085194574424,0.0490883541141121,0.12044025224213,0.340312650108971,0.748267931620662,0,1862,99,0.481697718656079,0.000167006709031571,100,0.298669723469391,0.000872106104981378,99,"GroupFilter=TRUE;MinGroup=10;Top=TRUE;TopPct=0.05;Bottom=FALSE;BottomPct=0.05"
"XESFENVALERATE","XATRAZINE",0.239312585820384,0.194560560689794,0.193347102216782,0.133110559859348,0.806143983552497,0,1931,99,0.447530693605014,0.000311961977715076,100,0.318770534207033,0.00026725715306394,99,"GroupFilter=TRUE;MinGroup=10;Top=TRUE;TopPct=0.05;Bottom=FALSE;BottomPct=0.05"
"XESFENVALERATE","XCARBARYL",0.495820187858545,0.00146673176096196,-0.083570666578401,0.595170690761011,0.701807429806431,7.72072278911506e-290,1954,100,0.444369116912618,0.000311220810399235,100,0.218410518448778,0.0818996671548504,100,"GroupFilter=TRUE;MinGroup=10;Top=TRUE;TopPct=0.05;Bottom=FALSE;BottomPct=0.05"
"XESFENVALERATE","XCHLOROTHALONIL",0.480248774327581,0.000574375064823261,-0.00862765362272643,0.94349193086962,0.539372668297466,4.57975982333685e-143,1889,100,0.475611950868927,0.000103652506535118,100,0.192963503417122,0.0769840990276114,100,"GroupFilter=TRUE;MinGroup=10;Top=TRUE;TopPct=0.05;Bottom=FALSE;BottomPct=0.05"
"XESFENVALERATE","XCLOPYRALID",0.327561296378548,0.020883692796637,0.216088440325134,0.0718363396511201,0.538227167261902,1.04631990270091e-138,1840,100,0.443743425537062,0.000538141835630048,100,0.340675681994247,0.001657686380626,100,"GroupFilter=TRUE;MinGroup=10;Top=TRUE;TopPct=0.05;Bottom=FALSE;BottomPct=0.05"
"XESFENVALERATE","XCYFLUTHRIN",0.418881029682466,0.0192505232129528,0.143431078427417,0.417989687221957,0.639967784774551,8.75624332808863e-176,1519,100,0.499467049420551,0.000891866473601422,100,0.371806519964186,0.0129793484679087,100,"GroupFilter=TRUE;MinGroup=10;Top=TRUE;TopPct=0.05;Bottom=FALSE;BottomPct=0.05"
"XESFENVALERATE","XCYHALOTHRINLAMBDA",0.344389025987301,0.0528448178284756,0.145236394439065,0.455276539445583,0.66534200380164,4.55115200151524e-210,1639,100,0.426498310880082,0.00254392109728164,100,0.375509734943308,0.0161895110533403,100,"GroupFilter=TRUE;MinGroup=10;Top=TRUE;TopPct=0.05;Bottom=FALSE;BottomPct=0.05"
"XESFENVALERATE","XDIAZINON",0.369779242224784,0.00982668230857991,0.120877073108014,0.39652012941489,0.420370538788572,1.12339933103078e-73,1698,100,0.415189585441139,0.00191646979132545,100,0.262462933617779,0.054547681550196,100,"GroupFilter=TRUE;MinGroup=10;Top=TRUE;TopPct=0.05;Bottom=FALSE;BottomPct=0.05"
"XESFENVALERATE","XGLYPHOSATE",0.156772784526079,0.353300233361214,0.386780063396997,0.0151151370668041,0.71730124970358,1.00887891481744e-309,1961,100,0.445085019274502,0.000295946305952609,100,0.490055166513218,2.90396107577083e-05,100,"GroupFilter=TRUE;MinGroup=10;Top=TRUE;TopPct=0.05;Bottom=FALSE;BottomPct=0.05"
"XESFENVALERATE","XMETOLACHLOR",0.37211772725657,0.0668538539617377,0.163796996212971,0.231635114679295,0.718790912321245,4.2929356339551e-257,1616,100,0.552064274655699,6.50010473419589e-05,100,0.351464997990387,0.000156599683937106,100,"GroupFilter=TRUE;MinGroup=10;Top=TRUE;TopPct=0.05;Bottom=FALSE;BottomPct=0.05"
"XESFENVALERATE","XNICOSULFURON",0.234844082347792,0.228955331007436,0.341457108364693,0.0138129371270627,0.736903548922334,1.1752829020323e-287,1680,98,0.572387426689823,5.48525122990848e-05,100,0.459050661661439,5.70187524085502e-06,98,"GroupFilter=TRUE;MinGroup=10;Top=TRUE;TopPct=0.05;Bottom=FALSE;BottomPct=0.05"
"XESFENVALERATE","XPENDIMETHALIN",0.388311804651384,0.0172773554474562,0.0752408907091721,0.556576823030077,0.729823765943214,0,1954,100,0.452619994272506,0.000237328567559464,100,0.276898792439346,0.00463462168316522,100,"GroupFilter=TRUE;MinGroup=10;Top=TRUE;TopPct=0.05;Bottom=FALSE;BottomPct=0.05"
"XESFENVALERATE","XPICLORAM",0.4182391292717,0.00217762574176463,0.106867312251856,0.454879889738025,0.3468638675869,1.05899008933634e-50,1752,99,0.448356950497783,0.000620959233196137,100,0.230004993362177,0.0985371672418216,99,"GroupFilter=TRUE;MinGroup=10;Top=TRUE;TopPct=0.05;Bottom=FALSE;BottomPct=0.05"
"XESFENVALERATE","XPROPARGITE",0.236867699769508,0.0764738945680077,-0.31318959568773,0.00370470200326976,0.101680045490149,0.00114656678884131,1020,92,0.207978122019539,0.131247630428068,100,-0.297987564184191,0.00607698970045197,92,"GroupFilter=TRUE;MinGroup=10;Top=TRUE;TopPct=0.05;Bottom=FALSE;BottomPct=0.05"
"XESFENVALERATE","XSETHOXYDIM",0.322356721559965,0.0386785441169967,0.149083733888644,0.243131467647122,0.627943403189362,1.17157271823015e-204,1861,100,0.428346798313802,0.000842689701631975,100,0.301388328413393,0.004200032299932,100,"GroupFilter=TRUE;MinGroup=10;Top=TRUE;TopPct=0.05;Bottom=FALSE;BottomPct=0.05"
"XESFENVALERATE","XSIMAZINE",0.334264445839226,0.0844522706963204,0.257835053585043,0.0693017209262956,0.740256987646669,2.33027954436139e-298,1719,100,0.58202775056524,3.64489063290528e-05,100,0.431563764712842,2.45757620826803e-05,100,"GroupFilter=TRUE;MinGroup=10;Top=TRUE;TopPct=0.05;Bottom=FALSE;BottomPct=0.05"
"XESFENVALERATE","XTERBUFOS",0.475444817889072,0.0169720807195784,0.1013893557064,0.487411355977917,0.684563671593699,9.29194477211258e-216,1557,98,0.570116130843032,0.000107877640191261,100,0.339065881379291,0.00182595039225735,98,"GroupFilter=TRUE;MinGroup=10;Top=TRUE;TopPct=0.05;Bottom=FALSE;BottomPct=0.05"
"XESFENVALERATE","XDIMETHENAMID",0.29931781690829,0.134306161179353,0.203992301968755,0.0970510808158917,0.732674169324946,8.38551010970597e-256,1519,98,0.525057720868451,0.000406809538184977,100,0.33004082174522,0.000304411433276165,98,"GroupFilter=TRUE;MinGroup=10;Top=TRUE;TopPct=0.05;Bottom=FALSE;BottomPct=0.05"
"XESFENVALERATE","XFENBUCONAZOLE",-0.0461471752547824,0.810913254849134,0.417104398709126,0.0192017232842384,0.320503658227532,3.97201395808203e-11,405,29,0.0917778878983143,0.623352500838165,100,0.403473125425509,0.0167593268337824,29,"GroupFilter=TRUE;MinGroup=10;Top=TRUE;TopPct=0.05;Bottom=FALSE;BottomPct=0.05"
"XESFENVALERATE","XACETOCHLOR",0.376676778970182,0.0808216288935103,0.148947227100016,0.248204593273,0.771859532122352,1.19178396704534e-289,1463,98,0.556321730946498,0.00023655956010091,100,0.311412769089976,0.00065645017616386,98,"GroupFilter=TRUE;MinGroup=10;Top=TRUE;TopPct=0.05;Bottom=FALSE;BottomPct=0.05"
"XESFENVALERATE","XIMIDACLOPRID",0.530524181852595,0.00280905495027819,-0.19048859958415,0.2270300412355,0.588054806533568,1.69604433302236e-134,1438,100,0.400890991172451,0.00527772435466006,100,0.0891944495769674,0.48663967577612,100,"GroupFilter=TRUE;MinGroup=10;Top=TRUE;TopPct=0.05;Bottom=FALSE;BottomPct=0.05"
"XESFENVALERATE","XRIMSULFURON",0.505358769266278,0.0121437793791188,0.217744071450036,0.175398122692481,0.690759212660366,8.2788318534985e-199,1398,99,0.672616092549477,3.2351451953656e-05,100,0.46125550687876,0.00041227499049572,99,"GroupFilter=TRUE;MinGroup=10;Top=TRUE;TopPct=0.05;Bottom=FALSE;BottomPct=0.05"
"XESFENVALERATE","XGLUFOSINATE",0.495884051775548,0.0416664013036083,0.193922169708217,0.167760695187172,0.742286117326938,5.63633970699161e-221,1260,98,0.727974918872979,4.54202372283025e-05,100,0.39210555381495,0.000153660846561747,98,"GroupFilter=TRUE;MinGroup=10;Top=TRUE;TopPct=0.05;Bottom=FALSE;BottomPct=0.05"
"XESFENVALERATE","XTEBUPIRIMPHOS",0.693384197983665,0.0122209627251774,0.115201917664482,0.596157901843254,0.744443917925701,2.1418498021058e-176,995,78,0.794183771107792,9.63314460545284e-05,100,0.490552186341289,0.0022952055199917,78,"GroupFilter=TRUE;MinGroup=10;Top=TRUE;TopPct=0.05;Bottom=FALSE;BottomPct=0.05"
"XESFENVALERATE","XDIFLUFENZOPYR",0.604818354120662,0.00871083490058073,0.104314591296719,0.601804696827873,0.688197781102888,1.81712354632482e-155,1102,97,0.678424201424918,0.000245603767075019,100,0.421327282093158,0.00941479450547942,97,"GroupFilter=TRUE;MinGroup=10;Top=TRUE;TopPct=0.05;Bottom=FALSE;BottomPct=0.05"
"XESFENVALERATE","XFLUMIOXAZIN",0.0727166628415185,0.846285145909992,0.42351301555136,0.0912377023854512,0.75533311631512,8.78919457002301e-131,703,92,0.523321271377104,0.04884522572851,100,0.457999425828998,0.00981759075061178,92,"GroupFilter=TRUE;MinGroup=10;Top=TRUE;TopPct=0.05;Bottom=FALSE;BottomPct=0.05"
"XGLYPHOSATE","XALACHLOR",0.54376630682664,0.00225048820417865,-0.00383296233397329,0.977212115398779,0.693038738375146,4.66576592235571e-272,1900,102,0.539855924211226,5.91711176635217e-06,106,0.308834784461904,0.000538492115521757,102,"GroupFilter=TRUE;MinGroup=10;Top=TRUE;TopPct=0.05;Bottom=FALSE;BottomPct=0.05"
"XGLYPHOSATE","XATRAZINE",0.47687111517912,0.0236419993165399,0.00837922008311209,0.956481071246269,0.849287661077294,0,2014,104,0.486662330625314,1.68496743449936e-05,106,0.30579038204982,0.000192094550832697,104,"GroupFilter=TRUE;MinGroup=10;Top=TRUE;TopPct=0.05;Bottom=FALSE;BottomPct=0.05"
"XGLYPHOSATE","XCARBARYL",0.547771935500618,6.41623070338709e-05,-0.0841793288179738,0.54823689235725,0.601126278134434,7.23115026062216e-202,2052,106,0.498359493995788,7.78837153279706e-06,106,0.252139150001984,0.0267534924098508,106,"GroupFilter=TRUE;MinGroup=10;Top=TRUE;TopPct=0.05;Bottom=FALSE;BottomPct=0.05"
"XGLYPHOSATE","XCHLOROTHALONIL",0.473035234916616,5.64064008396654e-05,0.109774053357287,0.287583357074577,0.349082294102943,9.54060384897153e-58,1977,106,0.513475074099402,4.71880332165039e-06,106,0.245495605741894,0.0142787525656215,106,"GroupFilter=TRUE;MinGroup=10;Top=TRUE;TopPct=0.05;Bottom=FALSE;BottomPct=0.05"
"XGLYPHOSATE","XCLOPYRALID",0.486098480455427,0.00232564291745095,0.0235667401727092,0.87163045689989,0.770419492622691,0,1938,106,0.504439072867412,1.10779025502345e-05,106,0.340279410449467,0.00102165677175408,106,"GroupFilter=TRUE;MinGroup=10;Top=TRUE;TopPct=0.05;Bottom=FALSE;BottomPct=0.05"
"XGLYPHOSATE","XCYFLUTHRIN",0.43365324240217,0.0236136368468308,0.0299641942977957,0.881566920681453,0.800959656248079,0,1567,102,0.454003117457002,0.000927604318868236,106,0.351333231268946,0.0143875473344244,102,"GroupFilter=TRUE;MinGroup=10;Top=TRUE;TopPct=0.05;Bottom=FALSE;BottomPct=0.05"
"XGLYPHOSATE","XCYHALOTHRINLAMBDA",0.554113731013083,0.00199516455383577,-0.0835023242326529,0.693495352503293,0.790457503233374,0,1709,103,0.503547092260249,7.97301598015938e-05,106,0.387914599849669,0.0101978138183704,103,"GroupFilter=TRUE;MinGroup=10;Top=TRUE;TopPct=0.05;Bottom=FALSE;BottomPct=0.05"
"XGLYPHOSATE","XDIAZINON",0.528121298835569,3.28098705293108e-05,0.104965646828969,0.420743429257442,0.221659248206395,1.39129609207465e-21,1810,106,0.555136694403441,5.31560863305481e-06,106,0.27453350504787,0.0330476341993452,106,"GroupFilter=TRUE;MinGroup=10;Top=TRUE;TopPct=0.05;Bottom=FALSE;BottomPct=0.05"
"XGLYPHOSATE","XESFENVALERATE",0.365249804875866,0.0202429783375145,0.186653473999706,0.247604220274787,0.718899800606957,1.76936309980826e-313,1972,103,0.490700044188958,2.87903053682315e-05,106,0.446355634423256,0.000176831438216223,103,"GroupFilter=TRUE;MinGroup=10;Top=TRUE;TopPct=0.05;Bottom=FALSE;BottomPct=0.05"
"XGLYPHOSATE","XMETOLACHLOR",0.648350348987243,0.00111144880329583,-0.019318682670553,0.893408559084452,0.630773816415748,5.51319600152456e-185,1661,105,0.627138399787872,4.91737689137831e-07,106,0.357247721733195,6.31295428436661e-05,105,"GroupFilter=TRUE;MinGroup=10;Top=TRUE;TopPct=0.05;Bottom=FALSE;BottomPct=0.05"
"XGLYPHOSATE","XNICOSULFURON",0.440976659280065,0.0505835390606703,0.189758700244222,0.253555321693496,0.780186945105352,0,1703,102,0.652516457030398,1.14191443918445e-06,106,0.457755523683613,2.84450152876377e-06,102,"GroupFilter=TRUE;MinGroup=10;Top=TRUE;TopPct=0.05;Bottom=FALSE;BottomPct=0.05"
"XGLYPHOSATE","XPENDIMETHALIN",0.511880878091553,0.00128950897423608,0.00167236663935413,0.989820869181098,0.753160138110372,0,2049,106,0.513320628277554,4.7107137339479e-06,106,0.309488455304238,0.000781087434717951,106,"GroupFilter=TRUE;MinGroup=10;Top=TRUE;TopPct=0.05;Bottom=FALSE;BottomPct=0.05"
"XGLYPHOSATE","XPICLORAM",0.512569957761617,3.37308229105921e-05,-0.0371162061742073,0.791727186166753,0.364512647815696,1.52972927344872e-59,1860,103,0.501348268232109,1.7421787446159e-05,106,0.161463338572678,0.229960690687027,103,"GroupFilter=TRUE;MinGroup=10;Top=TRUE;TopPct=0.05;Bottom=FALSE;BottomPct=0.05"
"XGLYPHOSATE","XPROPARGITE",0.440004210143812,0.00783950696009933,-0.404016961211319,0.00016078084386533,0.259194887874746,2.40494332866756e-18,1100,96,0.334524968693329,0.0473119821855748,106,-0.341902272756288,0.0010304220288871,96,"GroupFilter=TRUE;MinGroup=10;Top=TRUE;TopPct=0.05;Bottom=FALSE;BottomPct=0.05"
"XGLYPHOSATE","XSETHOXYDIM",0.517507719502228,0.000489743731335455,-0.00238282227998929,0.985153544603516,0.591931719589128,2.27600995280584e-182,1925,105,0.515746492545926,1.17850534316739e-05,106,0.279167442887724,0.00559914028322356,105,"GroupFilter=TRUE;MinGroup=10;Top=TRUE;TopPct=0.05;Bottom=FALSE;BottomPct=0.05"
"XGLYPHOSATE","XSIMAZINE",0.369442704033456,0.0244032356473231,0.235393846098447,0.0716344245474649,0.740371127548815,1.28330539508978e-311,1795,106,0.580884075758105,1.67461744950883e-06,106,0.446824637801778,1.88797603407105e-06,106,"GroupFilter=TRUE;MinGroup=10;Top=TRUE;TopPct=0.05;Bottom=FALSE;BottomPct=0.05"
"XGLYPHOSATE","XTERBUFOS",0.600000562624133,0.00283507466087226,-0.00811950905524279,0.95810249267009,0.616496577063954,1.22389568123095e-165,1576,99,0.592189570892095,2.06489845103601e-05,106,0.333173019885157,0.00173213763560096,99,"GroupFilter=TRUE;MinGroup=10;Top=TRUE;TopPct=0.05;Bottom=FALSE;BottomPct=0.05"
"XGLYPHOSATE","XDIMETHENAMID",0.574569000257523,0.021892251343984,0.0195961915968745,0.905164656588922,0.831996839772427,0,1533,100,0.599684494559884,1.66109024340777e-05,106,0.33809897685553,0.000193020484001598,100,"GroupFilter=TRUE;MinGroup=10;Top=TRUE;TopPct=0.05;Bottom=FALSE;BottomPct=0.05"
"XGLYPHOSATE","XFENBUCONAZOLE",-0.232027857975214,0.299305222161447,0.476534397086364,0.00474222564805526,0.226785325486445,2.89292449038409e-06,417,30,-0.0873716598703103,0.69690506919268,106,0.436158039968764,0.0075345129924435,30,"GroupFilter=TRUE;MinGroup=10;Top=TRUE;TopPct=0.05;Bottom=FALSE;BottomPct=0.05"
"XGLYPHOSATE","XACETOCHLOR",0.656601487341722,0.0157048019224422,-0.0172194693408234,0.918569834272681,0.873696254501542,0,1499,101,0.632541133108343,7.73623576654466e-06,106,0.335969217881975,0.000106800302683073,101,"GroupFilter=TRUE;MinGroup=10;Top=TRUE;TopPct=0.05;Bottom=FALSE;BottomPct=0.05"
"XGLYPHOSATE","XIMIDACLOPRID",0.435531892568346,0.00320708073382561,0.0114859095081078,0.933731092420468,0.535370108908454,4.01244319139953e-111,1488,105,0.441323527832714,0.000719694433637971,106,0.209759039684303,0.0880279311194532,105,"GroupFilter=TRUE;MinGroup=10;Top=TRUE;TopPct=0.05;Bottom=FALSE;BottomPct=0.05"
"XGLYPHOSATE","XRIMSULFURON",0.535570245876899,0.0379081002443693,0.112018095405412,0.610340698159529,0.870376201690832,0,1426,103,0.644818216904537,1.29346084178805e-05,106,0.492709918357987,7.34808860229987e-05,103,"GroupFilter=TRUE;MinGroup=10;Top=TRUE;TopPct=0.05;Bottom=FALSE;BottomPct=0.05"
"XGLYPHOSATE","XGLUFOSINATE",0.41429216962042,0.125377420957788,0.141474188557181,0.441145075600866,0.883881278292405,0,1280,103,0.591438302155905,5.62029293112001e-05,106,0.381852158978106,0.000100841620227324,103,"GroupFilter=TRUE;MinGroup=10;Top=TRUE;TopPct=0.05;Bottom=FALSE;BottomPct=0.05"
"XGLYPHOSATE","XTEBUPIRIMPHOS",0.776681500041669,0.0361796465091597,-0.0338009808302588,0.906706760654313,0.872000447290775,3.95785088411892e-313,1004,79,0.739602875835082,0.000158919739158504,106,0.485619148217473,0.00137347287439165,79,"GroupFilter=TRUE;MinGroup=10;Top=TRUE;TopPct=0.05;Bottom=FALSE;BottomPct=0.05"
"XGLYPHOSATE","XDIFLUFENZOPYR",0.688697833487797,0.0180821211027544,-0.0919190774445609,0.736052296014633,0.87930722802829,0,1124,99,0.606957150453785,0.00023437617090357,106,0.445997603650904,0.00367642819130728,99,"GroupFilter=TRUE;MinGroup=10;Top=TRUE;TopPct=0.05;Bottom=FALSE;BottomPct=0.05"
"XGLYPHOSATE","XFLUMIOXAZIN",0.177320334253141,0.677578934529782,0.361353949357298,0.260618714305646,0.855710120958163,1.83169382506889e-200,695,95,0.582771815147441,0.0118591253280245,106,0.473690171772877,0.00635364049820956,95,"GroupFilter=TRUE;MinGroup=10;Top=TRUE;TopPct=0.05;Bottom=FALSE;BottomPct=0.05"
"XMETOLACHLOR","XALACHLOR",0.183796931598506,0.31839140442746,0.179997572034584,0.342656283755071,0.879045051693069,0,1607,100,0.333693088024056,0.00053016347659476,100,0.341997108852085,0.000586120364214885,100,"GroupFilter=TRUE;MinGroup=10;Top=TRUE;TopPct=0.05;Bottom=FALSE;BottomPct=0.05"
"XMETOLACHLOR","XATRAZINE",-0.106619977131507,0.586495369673552,0.479158421523325,0.0150311469306598,0.859493695406392,0,1659,100,0.316786210401706,0.000573042428752167,100,0.384059623604222,3.75138831508085e-05,100,"GroupFilter=TRUE;MinGroup=10;Top=TRUE;TopPct=0.05;Bottom=FALSE;BottomPct=0.05"
"XMETOLACHLOR","XCARBARYL",0.281932561372643,0.0110396754058071,0.0759144611082295,0.624661999093322,0.62631476445638,9.42704122472517e-182,1662,100,0.313076273625775,0.000664271126032953,100,0.293322795742992,0.023524418406515,100,"GroupFilter=TRUE;MinGroup=10;Top=TRUE;TopPct=0.05;Bottom=FALSE;BottomPct=0.05"
"XMETOLACHLOR","XCHLOROTHALONIL",0.269550509284254,0.00588757182400241,0.182433219799979,0.137711764701815,0.383811636510029,1.3742954031547e-57,1608,100,0.320478379812481,0.000521389377960661,100,0.296218477747652,0.0120031451161799,100,"GroupFilter=TRUE;MinGroup=10;Top=TRUE;TopPct=0.05;Bottom=FALSE;BottomPct=0.05"
"XMETOLACHLOR","XCLOPYRALID",0.124783750720844,0.30313462185563,0.339895005055078,0.0229932260197079,0.59241359917033,6.68508492678637e-149,1565,100,0.297034743492347,0.00200474906478105,100,0.434472845787252,0.000265586530887658,100,"GroupFilter=TRUE;MinGroup=10;Top=TRUE;TopPct=0.05;Bottom=FALSE;BottomPct=0.05"
"XMETOLACHLOR","XCYFLUTHRIN",0.128155712166863,0.410032830744884,0.436605333657549,0.0507941993707205,0.600179817016216,3.0746049303505e-128,1302,100,0.341328045918981,0.00240632225475873,100,0.564468265431023,0.000488035730561396,100,"GroupFilter=TRUE;MinGroup=10;Top=TRUE;TopPct=0.05;Bottom=FALSE;BottomPct=0.05"
"XMETOLACHLOR","XCYHALOTHRINLAMBDA",0.0531853458727035,0.737676613970865,0.560937712064188,0.0311278381563485,0.613476048882642,2.0220808360413e-145,1399,100,0.309519520940339,0.00377099217366158,100,0.625789604548892,0.000355971273044753,100,"GroupFilter=TRUE;MinGroup=10;Top=TRUE;TopPct=0.05;Bottom=FALSE;BottomPct=0.05"
"XMETOLACHLOR","XDIAZINON",0.302296173845665,0.00588471395809107,0.17069062723537,0.272795288560793,0.402366675619991,2.17825714240997e-55,1394,100,0.339135809711405,0.00122860938831832,100,0.299170371561741,0.0492333841135691,100,"GroupFilter=TRUE;MinGroup=10;Top=TRUE;TopPct=0.05;Bottom=FALSE;BottomPct=0.05"
"XMETOLACHLOR","XESFENVALERATE",0.192029546129228,0.166835259608928,0.207655710723003,0.285362730198756,0.706940107287667,6.63513595083244e-248,1635,100,0.302593153293361,0.00125916182673736,100,0.406325856240657,0.00199067455688132,100,"GroupFilter=TRUE;MinGroup=10;Top=TRUE;TopPct=0.05;Bottom=FALSE;BottomPct=0.05"
"XMETOLACHLOR","XGLYPHOSATE",-0.086759172320556,0.572960367556406,0.669924975642547,0.00127550723096221,0.647943640069069,9.85127090477384e-199,1664,100,0.31691930276722,0.000558018474907509,100,0.574944605201533,4.32851116363252e-06,100,"GroupFilter=TRUE;MinGroup=10;Top=TRUE;TopPct=0.05;Bottom=FALSE;BottomPct=0.05"
"XMETOLACHLOR","XNICOSULFURON",-0.0804505471566313,0.683569935635162,0.557506439362124,0.00377632518710792,0.81833917300893,0,1481,99,0.393470623882426,0.00049340919090306,100,0.492826552191175,9.27291502832973e-06,99,"GroupFilter=TRUE;MinGroup=10;Top=TRUE;TopPct=0.05;Bottom=FALSE;BottomPct=0.05"
"XMETOLACHLOR","XPENDIMETHALIN",0.184472999416645,0.213475603188323,0.193422649647844,0.260412140640953,0.784885043124463,0,1660,100,0.317351329074029,0.000559362919114555,100,0.361312609241344,0.000770110483060891,100,"GroupFilter=TRUE;MinGroup=10;Top=TRUE;TopPct=0.05;Bottom=FALSE;BottomPct=0.05"
"XMETOLACHLOR","XPICLORAM",0.29156402254697,0.00476121404198185,0.196747092333899,0.244496398867611,0.36136625663826,6.42316449643812e-48,1514,100,0.331082857220789,0.000738317673805302,100,0.34799758954779,0.0334055675686859,100,"GroupFilter=TRUE;MinGroup=10;Top=TRUE;TopPct=0.05;Bottom=FALSE;BottomPct=0.05"
"XMETOLACHLOR","XPROPARGITE",0.138599145342743,0.16084890061976,-0.202360713582056,0.0990662823374326,0.106043959494275,0.00323779401075379,769,90,0.112682344933298,0.251411209789304,100,-0.175246452572712,0.150211651339348,90,"GroupFilter=TRUE;MinGroup=10;Top=TRUE;TopPct=0.05;Bottom=FALSE;BottomPct=0.05"
"XMETOLACHLOR","XSETHOXYDIM",0.223712885237974,0.0684140158352939,0.193175094380782,0.223908044124377,0.69721025898366,1.94726508084691e-234,1608,100,0.320201134206267,0.000762325451496897,100,0.377433641507009,0.00214548270220765,100,"GroupFilter=TRUE;MinGroup=10;Top=TRUE;TopPct=0.05;Bottom=FALSE;BottomPct=0.05"
"XMETOLACHLOR","XSIMAZINE",0.129051778328381,0.419556719019824,0.266176917639142,0.119427167569343,0.68585294177519,3.52475096686211e-208,1494,100,0.322833537702906,0.00150779572540257,100,0.373464978934389,0.000575917550228745,100,"GroupFilter=TRUE;MinGroup=10;Top=TRUE;TopPct=0.05;Bottom=FALSE;BottomPct=0.05"
"XMETOLACHLOR","XTERBUFOS",0.344954519342046,0.105774618003013,-0.00760162377866994,0.972624006133121,0.871845789231097,0,1406,99,0.338736518786539,0.00224478726372021,100,0.298764942638344,0.00968780188385262,99,"GroupFilter=TRUE;MinGroup=10;Top=TRUE;TopPct=0.05;Bottom=FALSE;BottomPct=0.05"
"XMETOLACHLOR","XDIMETHENAMID",-0.208198934808331,0.362770178592208,0.589236291912017,0.00388945874306632,0.812082270532108,5.39570277580775e-316,1343,99,0.355796180633707,0.00321180418176964,100,0.430636584170509,6.43585731113798e-05,99,"GroupFilter=TRUE;MinGroup=10;Top=TRUE;TopPct=0.05;Bottom=FALSE;BottomPct=0.05"
"XMETOLACHLOR","XFENBUCONAZOLE",-0.183572496715349,0.181111278193821,0.654440075319145,0.000705895695736821,0.320347062577117,3.56525250826524e-08,283,28,-0.0372997367768583,0.780894692616014,100,0.571354047300983,0.00159093430008071,28,"GroupFilter=TRUE;MinGroup=10;Top=TRUE;TopPct=0.05;Bottom=FALSE;BottomPct=0.05"
"XMETOLACHLOR","XACETOCHLOR",0.0218718568355024,0.923612427175027,0.349312460368605,0.0514319487216474,0.826229935369218,0,1353,99,0.400191423377387,0.000954169148406811,100,0.363996324719269,0.000141958222557992,99,"GroupFilter=TRUE;MinGroup=10;Top=TRUE;TopPct=0.05;Bottom=FALSE;BottomPct=0.05"
"XMETOLACHLOR","XIMIDACLOPRID",0.223188239994954,0.0745581324397854,0.0227292404606026,0.888396662022559,0.293614118744163,1.15606601683039e-25,1219,100,0.232301030829346,0.0333475906188803,100,0.160221741225144,0.260596524485005,100,"GroupFilter=TRUE;MinGroup=10;Top=TRUE;TopPct=0.05;Bottom=FALSE;BottomPct=0.05"
"XMETOLACHLOR","XRIMSULFURON",-0.0577359920556344,0.755719036873773,0.592405513381107,0.00367695703389148,0.677328876955378,2.62946523107798e-166,1233,99,0.338631831075256,0.00766479981957469,100,0.545770265626244,8.85009643948287e-05,99,"GroupFilter=TRUE;MinGroup=10;Top=TRUE;TopPct=0.05;Bottom=FALSE;BottomPct=0.05"
"XMETOLACHLOR","XGLUFOSINATE",-0.00846280205689158,0.965057164472666,0.452155795210865,0.00905847611625014,0.634470354241706,7.42474453640065e-126,1108,98,0.363383739518042,0.00600206266524818,100,0.446591729297051,0.000167105778619528,98,"GroupFilter=TRUE;MinGroup=10;Top=TRUE;TopPct=0.05;Bottom=FALSE;BottomPct=0.05"
"XMETOLACHLOR","XTEBUPIRIMPHOS",0.0005735649258714,0.998462466058872,0.553025412811316,0.0478372502630469,0.753012473195887,1.66082053793516e-172,939,79,0.466197252098421,0.0111800903503195,100,0.553557517138129,0.00130720106819945,79,"GroupFilter=TRUE;MinGroup=10;Top=TRUE;TopPct=0.05;Bottom=FALSE;BottomPct=0.05"
"XMETOLACHLOR","XDIFLUFENZOPYR",0.0387473581578041,0.876130977336842,0.506944622045756,0.0735099737263679,0.802548133978628,2.16630193622837e-221,979,97,0.398113340223948,0.00730668191231554,100,0.542444581682332,0.00137968292373398,97,"GroupFilter=TRUE;MinGroup=10;Top=TRUE;TopPct=0.05;Bottom=FALSE;BottomPct=0.05"
"XMETOLACHLOR","XFLUMIOXAZIN",-0.394085668903492,0.179884141317789,0.894236786438831,0.00250133929755418,0.753312608456918,2.46436247195682e-127,690,87,0.292824783366368,0.121368870969541,100,0.589134841794459,0.0018149533648518,87,"GroupFilter=TRUE;MinGroup=10;Top=TRUE;TopPct=0.05;Bottom=FALSE;BottomPct=0.05"
"XNICOSULFURON","XALACHLOR",0.468345732126484,0.00429386757497912,0.0509488593128494,0.759220603637808,0.813912771492246,0,1666,95,0.50870575905271,4.90515370150131e-07,95,0.434049525089236,1.91187483652249e-05,95,"GroupFilter=TRUE;MinGroup=10;Top=TRUE;TopPct=0.05;Bottom=FALSE;BottomPct=0.05"
"XNICOSULFURON","XATRAZINE",0.297588016901975,0.158593000578445,0.218481134288623,0.293140276033112,0.897282857566916,0,1691,95,0.495609555846888,5.86252659504497e-07,95,0.480408334679771,8.19596821209072e-07,95,"GroupFilter=TRUE;MinGroup=10;Top=TRUE;TopPct=0.05;Bottom=FALSE;BottomPct=0.05"
"XNICOSULFURON","XCARBARYL",0.480297144757879,6.47750670505758e-05,0.0347524575546605,0.822320330968474,0.610669390286846,1.7429418062213e-173,1692,95,0.496169474026196,5.73397957535027e-07,95,0.394862178222505,0.00202662183817271,95,"GroupFilter=TRUE;MinGroup=10;Top=TRUE;TopPct=0.05;Bottom=FALSE;BottomPct=0.05"
"XNICOSULFURON","XCHLOROTHALONIL",0.471916505366852,7.61095584937199e-06,0.162441465854947,0.173081446306732,0.331194189503046,2.96701309552616e-43,1639,95,0.517583541341778,2.79994473697241e-07,95,0.336611862675573,0.00409634961158629,95,"GroupFilter=TRUE;MinGroup=10;Top=TRUE;TopPct=0.05;Bottom=FALSE;BottomPct=0.05"
"XNICOSULFURON","XCLOPYRALID",0.449150990129181,0.000950780560824959,0.0481867249447898,0.762794753130029,0.669190814388933,4.54089082087374e-208,1598,95,0.476566621457259,4.31436364939689e-06,95,0.395166962817829,0.00123930143482503,95,"GroupFilter=TRUE;MinGroup=10;Top=TRUE;TopPct=0.05;Bottom=FALSE;BottomPct=0.05"
"XNICOSULFURON","XCYFLUTHRIN",0.418083271738713,0.0100160645541041,0.188755486142346,0.399377390132194,0.677503135517374,6.48750619687441e-180,1334,95,0.512553678394568,1.99465994926206e-05,95,0.582232090923473,0.000472808558451158,95,"GroupFilter=TRUE;MinGroup=10;Top=TRUE;TopPct=0.05;Bottom=FALSE;BottomPct=0.05"
"XNICOSULFURON","XCYHALOTHRINLAMBDA",0.350984682077996,0.0198516969975885,0.263240728769964,0.243649735822131,0.661954202183926,5.20789523184838e-180,1422,95,0.469242258830203,3.78853238194438e-05,95,0.614424890942893,0.000357230327371696,95,"GroupFilter=TRUE;MinGroup=10;Top=TRUE;TopPct=0.05;Bottom=FALSE;BottomPct=0.05"
"XNICOSULFURON","XDIAZINON",0.46071750718575,3.20440178151066e-05,0.233242117858886,0.126097367344961,0.267231411675135,1.89003672740844e-24,1408,95,0.501051861814864,2.86956634576832e-06,95,0.402462836100482,0.00863258503606892,95,"GroupFilter=TRUE;MinGroup=10;Top=TRUE;TopPct=0.05;Bottom=FALSE;BottomPct=0.05"
"XNICOSULFURON","XESFENVALERATE",0.430864738458598,0.00202408160276537,0.133620751886507,0.460850335705615,0.72068165437608,7.84791686689898e-268,1671,95,0.503549790453695,7.48654399404916e-07,95,0.52953977181177,5.39584336946021e-05,95,"GroupFilter=TRUE;MinGroup=10;Top=TRUE;TopPct=0.05;Bottom=FALSE;BottomPct=0.05"
"XNICOSULFURON","XGLYPHOSATE",0.334670990031047,0.0547038612697935,0.249295959619625,0.268981424951807,0.759711438120502,2.17547973308109e-318,1693,95,0.495771095787605,5.64591385031844e-07,95,0.611759156737821,2.21260754305278e-06,95,"GroupFilter=TRUE;MinGroup=10;Top=TRUE;TopPct=0.05;Bottom=FALSE;BottomPct=0.05"
"XNICOSULFURON","XMETOLACHLOR",0.483806055219818,0.0140319745791255,0.0725436133982398,0.710376344207371,0.814952501178951,0,1459,95,0.54494539225359,9.4066605065124e-07,95,0.475824623506457,1.27394695261715e-05,95,"GroupFilter=TRUE;MinGroup=10;Top=TRUE;TopPct=0.05;Bottom=FALSE;BottomPct=0.05"
"XNICOSULFURON","XPENDIMETHALIN",0.460186390875975,0.00242639650971194,0.0496408002715295,0.760733066429562,0.789981789919912,0,1691,95,0.495879915686597,5.72314933922721e-07,95,0.433082909097492,5.05302077950018e-05,95,"GroupFilter=TRUE;MinGroup=10;Top=TRUE;TopPct=0.05;Bottom=FALSE;BottomPct=0.05"
"XNICOSULFURON","XPICLORAM",0.486716913442059,1.12058923023063e-05,0.200933015912612,0.196691177066994,0.307799995715924,4.83745774966613e-35,1535,94,0.528457259221785,7.41376911447514e-07,95,0.401230196222396,0.00945098545953763,94,"GroupFilter=TRUE;MinGroup=10;Top=TRUE;TopPct=0.05;Bottom=FALSE;BottomPct=0.05"
"XNICOSULFURON","XPROPARGITE",0.377587237932112,0.001257833657108,-0.265503156288047,0.0281825700166749,0.00586007908605033,0.868803283178926,797,87,0.370094757341297,0.00171849646794919,95,-0.254217312519339,0.0405012890198118,87,"GroupFilter=TRUE;MinGroup=10;Top=TRUE;TopPct=0.05;Bottom=FALSE;BottomPct=0.05"
"XNICOSULFURON","XSETHOXYDIM",0.529694183015021,7.64206006611995e-05,-0.0672160327085885,0.662002710358726,0.68147028881823,1.61745147802089e-226,1656,95,0.490429682949347,1.40183706780963e-06,95,0.337267355770949,0.00388809616142138,95,"GroupFilter=TRUE;MinGroup=10;Top=TRUE;TopPct=0.05;Bottom=FALSE;BottomPct=0.05"
"XNICOSULFURON","XSIMAZINE",0.367227965182027,0.0168309053796495,0.225925475785923,0.130787163883616,0.724308355912535,8.89788887304129e-257,1578,95,0.537055953712512,8.06928537500005e-07,95,0.489076478835909,2.60806602724755e-06,95,"GroupFilter=TRUE;MinGroup=10;Top=TRUE;TopPct=0.05;Bottom=FALSE;BottomPct=0.05"
"XNICOSULFURON","XTERBUFOS",0.497068471451738,0.00500955972909852,-0.0158740654424502,0.932857879681238,0.78048825834304,3.17588768153788e-304,1482,94,0.485349320847203,1.5285571989674e-05,95,0.400102097155496,0.000750859766077209,94,"GroupFilter=TRUE;MinGroup=10;Top=TRUE;TopPct=0.05;Bottom=FALSE;BottomPct=0.05"
"XNICOSULFURON","XDIMETHENAMID",0.316879249689495,0.110244271727469,0.194675791519373,0.259503835129662,0.838222619520319,0,1443,94,0.501892133194266,1.15680598509377e-05,95,0.42296371703125,2.09084915960535e-05,94,"GroupFilter=TRUE;MinGroup=10;Top=TRUE;TopPct=0.05;Bottom=FALSE;BottomPct=0.05"
"XNICOSULFURON","XFENBUCONAZOLE",0.374604596184078,0.0250635537239063,0.597365515292085,0.000676599964316253,-0.0206428670873541,0.709116917041257,329,27,0.370791271026688,0.0334277758226323,95,0.599449975486764,0.000879995212819296,27,"GroupFilter=TRUE;MinGroup=10;Top=TRUE;TopPct=0.05;Bottom=FALSE;BottomPct=0.05"
"XNICOSULFURON","XACETOCHLOR",0.424714842827413,0.0641105098316976,0.0689755920034096,0.718107173699814,0.868927675810437,0,1382,94,0.495638337484227,4.34407894604215e-05,95,0.372360652046269,0.000223154241835339,94,"GroupFilter=TRUE;MinGroup=10;Top=TRUE;TopPct=0.05;Bottom=FALSE;BottomPct=0.05"
"XNICOSULFURON","XIMIDACLOPRID",0.409138268502731,0.00141113146324834,0.0334187333270259,0.82309566068894,0.349986108140738,1.28867514297455e-36,1225,95,0.419106564891881,0.000525811095568734,95,0.193760731658483,0.175514072828249,95,"GroupFilter=TRUE;MinGroup=10;Top=TRUE;TopPct=0.05;Bottom=FALSE;BottomPct=0.05"
"XNICOSULFURON","XRIMSULFURON",0.419969656228221,0.0939234276870782,0.0942375794579732,0.730624809735755,0.850692416870562,0,1308,95,0.495529555724391,6.60304959796957e-05,95,0.493906944371142,0.000275104011134171,95,"GroupFilter=TRUE;MinGroup=10;Top=TRUE;TopPct=0.05;Bottom=FALSE;BottomPct=0.05"
"XNICOSULFURON","XGLUFOSINATE",0.347445789834057,0.114913042733142,0.181916786359513,0.312025168014597,0.728322821294831,2.48315864599126e-191,1154,93,0.522087357959188,0.000177074826816023,95,0.403982891281003,0.000395039600653333,93,"GroupFilter=TRUE;MinGroup=10;Top=TRUE;TopPct=0.05;Bottom=FALSE;BottomPct=0.05"
"XNICOSULFURON","XTEBUPIRIMPHOS",0.273972736917154,0.377751172054074,0.378753966514808,0.261087916291499,0.867977761760767,1.47356808590021e-306,1003,76,0.577963554812186,0.000210491388638572,95,0.637075426649499,0.000170167269642794,76,"GroupFilter=TRUE;MinGroup=10;Top=TRUE;TopPct=0.05;Bottom=FALSE;BottomPct=0.05"
"XNICOSULFURON","XDIFLUFENZOPYR",0.336232871771497,0.209587817900665,0.198157932257314,0.530370484977594,0.863625371012431,1.87106135094793e-307,1028,94,0.477842458542109,0.00115541456192305,95,0.530464306315479,0.00229382960769077,94,"GroupFilter=TRUE;MinGroup=10;Top=TRUE;TopPct=0.05;Bottom=FALSE;BottomPct=0.05"
"XNICOSULFURON","XFLUMIOXAZIN",0.174479095649993,0.647307469299393,0.414993783679862,0.219910912398591,0.584776146661519,2.38979798810107e-63,677,79,0.516595390185525,0.0484083593853837,95,0.527756752785964,0.0231286646160897,79,"GroupFilter=TRUE;MinGroup=10;Top=TRUE;TopPct=0.05;Bottom=FALSE;BottomPct=0.05"
"XPENDIMETHALIN","XALACHLOR",0.140142625551725,0.373549632924213,0.1596175422609,0.23636622226368,0.814788804606716,0,1897,100,0.284752037060968,0.00446593770852225,103,0.254373549972355,0.00272198484806419,100,"GroupFilter=TRUE;MinGroup=10;Top=TRUE;TopPct=0.05;Bottom=FALSE;BottomPct=0.05"
"XPENDIMETHALIN","XATRAZINE",0.00324683812484397,0.982570374034876,0.294661748867647,0.0187226438163799,0.820426727423572,0,1990,102,0.273228904441946,0.00457121186526295,103,0.296863353842959,0.000237884915097728,102,"GroupFilter=TRUE;MinGroup=10;Top=TRUE;TopPct=0.05;Bottom=FALSE;BottomPct=0.05"
"XPENDIMETHALIN","XCARBARYL",0.222487540570193,0.0531616395942065,0.0933672809994713,0.492929226328542,0.638487859882854,2.01671068539961e-231,2017,103,0.267919991032069,0.00469370703013502,103,0.244457405325601,0.028804899119564,103,"GroupFilter=TRUE;MinGroup=10;Top=TRUE;TopPct=0.05;Bottom=FALSE;BottomPct=0.05"
"XPENDIMETHALIN","XCHLOROTHALONIL",0.216928322147612,0.0323411963850593,0.17493692975197,0.100608312963068,0.392160370975515,5.91087464367929e-73,1957,103,0.273940994155409,0.00430245919526124,103,0.251870425775977,0.0130726743461273,103,"GroupFilter=TRUE;MinGroup=10;Top=TRUE;TopPct=0.05;Bottom=FALSE;BottomPct=0.05"
"XPENDIMETHALIN","XCLOPYRALID",0.155970175080169,0.176440519871886,0.239505773630144,0.0483492848463772,0.604261898059378,4.43664317031404e-191,1916,103,0.276941277532162,0.00525940182652418,103,0.326984283841892,0.0015513544704042,103,"GroupFilter=TRUE;MinGroup=10;Top=TRUE;TopPct=0.05;Bottom=FALSE;BottomPct=0.05"
"XPENDIMETHALIN","XCYFLUTHRIN",0.126228013804395,0.410727929713697,0.277774697343301,0.130705234573726,0.732565165643693,6.80137466197192e-268,1592,102,0.274365858015037,0.0210747525739523,103,0.375108609403654,0.00815847413781172,102,"GroupFilter=TRUE;MinGroup=10;Top=TRUE;TopPct=0.05;Bottom=FALSE;BottomPct=0.05"
"XPENDIMETHALIN","XCYHALOTHRINLAMBDA",0.190232562704812,0.223551328980123,0.203127493508408,0.315296439943391,0.760279848778519,0,1721,103,0.301948036501211,0.00650704935458899,103,0.378241112944442,0.00845493207117523,103,"GroupFilter=TRUE;MinGroup=10;Top=TRUE;TopPct=0.05;Bottom=FALSE;BottomPct=0.05"
"XPENDIMETHALIN","XDIAZINON",0.25457587880868,0.0157617309434655,0.237016932270926,0.0721719639010488,0.261206020233005,2.65101295284088e-28,1725,103,0.292947924591476,0.00424389580519871,103,0.304379435548964,0.0204347447896176,103,"GroupFilter=TRUE;MinGroup=10;Top=TRUE;TopPct=0.05;Bottom=FALSE;BottomPct=0.05"
"XPENDIMETHALIN","XESFENVALERATE",0.138500728584796,0.273534992897676,0.227771031739101,0.127593802645712,0.71484555259556,1.98865147017101e-307,1966,102,0.26446596123287,0.0063820010703594,103,0.337081015263585,0.00285539527352065,102,"GroupFilter=TRUE;MinGroup=10;Top=TRUE;TopPct=0.05;Bottom=FALSE;BottomPct=0.05"
"XPENDIMETHALIN","XGLYPHOSATE",-0.0204654347854989,0.88046284538557,0.456572370540162,0.00351233392183733,0.749676737367233,0,2038,103,0.272680190949726,0.00374985496273543,103,0.439183545034193,4.56555899159099e-05,103,"GroupFilter=TRUE;MinGroup=10;Top=TRUE;TopPct=0.05;Bottom=FALSE;BottomPct=0.05"
"XPENDIMETHALIN","XMETOLACHLOR",0.191376469061087,0.267383669585,0.208384384790569,0.153731467389617,0.779517876982882,0,1652,103,0.387121352805105,0.000253342584108449,103,0.339134860181878,0.000133681712599207,103,"GroupFilter=TRUE;MinGroup=10;Top=TRUE;TopPct=0.05;Bottom=FALSE;BottomPct=0.05"
"XPENDIMETHALIN","XNICOSULFURON",-0.0113948010777329,0.944828266819659,0.469488068567855,0.00159098611461126,0.791451523454102,0,1702,100,0.389150550030683,0.000318133926575345,103,0.461667139665187,2.04687527304344e-06,100,"GroupFilter=TRUE;MinGroup=10;Top=TRUE;TopPct=0.05;Bottom=FALSE;BottomPct=0.05"
"XPENDIMETHALIN","XPICLORAM",0.24510277888757,0.0217878957529147,0.115004476335111,0.413295364300109,0.380451103519032,1.73290431847201e-63,1812,101,0.272971928926745,0.00728340505350137,103,0.214691773154287,0.110788519102159,101,"GroupFilter=TRUE;MinGroup=10;Top=TRUE;TopPct=0.05;Bottom=FALSE;BottomPct=0.05"
"XPENDIMETHALIN","XPROPARGITE",0.12854799714963,0.174909437046727,-0.333835454852329,0.000934982498041458,0.260728989046788,1.63017103113504e-17,1033,95,0.0637786844845721,0.500725345015398,103,-0.301322508355408,0.00206884084063314,95,"GroupFilter=TRUE;MinGroup=10;Top=TRUE;TopPct=0.05;Bottom=FALSE;BottomPct=0.05"
"XPENDIMETHALIN","XSETHOXYDIM",0.159739962002832,0.238845428532365,0.162248686689263,0.246965912758067,0.727181157405253,4.40797263973827e-314,1910,103,0.270415451332356,0.00545328149253071,103,0.278153054811316,0.00546248997954178,103,"GroupFilter=TRUE;MinGroup=10;Top=TRUE;TopPct=0.05;Bottom=FALSE;BottomPct=0.05"
"XPENDIMETHALIN","XSIMAZINE",0.0621714481494581,0.671043950007105,0.335613556093437,0.0164914688695846,0.753816318314024,3.95252516672997e-323,1761,103,0.32285169847989,0.00132311387543384,103,0.380615597183344,5.18213098195599e-05,103,"GroupFilter=TRUE;MinGroup=10;Top=TRUE;TopPct=0.05;Bottom=FALSE;BottomPct=0.05"
"XPENDIMETHALIN","XTERBUFOS",0.254401429977373,0.19155423956108,0.137383211866773,0.441331094729397,0.829443569704804,0,1580,99,0.376394827216371,0.00104661858287497,103,0.327227931363616,0.0018191487035517,99,"GroupFilter=TRUE;MinGroup=10;Top=TRUE;TopPct=0.05;Bottom=FALSE;BottomPct=0.05"
"XPENDIMETHALIN","XDIMETHENAMID",0.0596892761354473,0.759917935296775,0.311816687562447,0.0431833678105843,0.843571523072746,0,1541,99,0.38349809275839,0.000786936671857362,103,0.350696217781312,9.01754385558939e-05,99,"GroupFilter=TRUE;MinGroup=10;Top=TRUE;TopPct=0.05;Bottom=FALSE;BottomPct=0.05"
"XPENDIMETHALIN","XFENBUCONAZOLE",-0.129349822866981,0.403748683657527,0.488342198762508,0.00598148128301743,0.400763974185453,2.10073934913334e-17,414,29,0.0259917850166312,0.86139989198309,103,0.433484986287375,0.00824626828403371,29,"GroupFilter=TRUE;MinGroup=10;Top=TRUE;TopPct=0.05;Bottom=FALSE;BottomPct=0.05"
"XPENDIMETHALIN","XACETOCHLOR",0.0167960504680505,0.934704082142924,0.332376249024386,0.017795632085196,0.838552136304387,0,1512,100,0.407011141122474,0.00105430768242017,103,0.341753304432817,5.42004816855471e-05,100,"GroupFilter=TRUE;MinGroup=10;Top=TRUE;TopPct=0.05;Bottom=FALSE;BottomPct=0.05"
"XPENDIMETHALIN","XIMIDACLOPRID",0.16072049458042,0.193449223214638,0.0240010524404415,0.850766769311714,0.476145250056291,1.59749186933324e-88,1550,103,0.169933594295243,0.136344630202127,103,0.0855014774831807,0.469901529297478,103,"GroupFilter=TRUE;MinGroup=10;Top=TRUE;TopPct=0.05;Bottom=FALSE;BottomPct=0.05"
"XPENDIMETHALIN","XRIMSULFURON",-0.0358532037126459,0.852724177901634,0.497381340289504,0.00392321558440776,0.761390987841544,4.34532679672639e-274,1446,102,0.358051292911998,0.00932201245297998,103,0.474593615284681,0.000100235215966746,102,"GroupFilter=TRUE;MinGroup=10;Top=TRUE;TopPct=0.05;Bottom=FALSE;BottomPct=0.05"
"XPENDIMETHALIN","XGLUFOSINATE",0.0380527163526122,0.856154389732325,0.339114127312624,0.0216582714661402,0.772915747021014,2.82059144007926e-261,1313,101,0.4047896984325,0.00346997713479049,103,0.35985276024096,0.00018824908056019,101,"GroupFilter=TRUE;MinGroup=10;Top=TRUE;TopPct=0.05;Bottom=FALSE;BottomPct=0.05"
"XPENDIMETHALIN","XTEBUPIRIMPHOS",-0.0788963751519638,0.783216626668263,0.614897082313353,0.0157832079199074,0.822579225320847,1.79181656854742e-256,1039,79,0.478225631902896,0.00565215963064454,103,0.558477900550036,0.000248477304245934,79,"GroupFilter=TRUE;MinGroup=10;Top=TRUE;TopPct=0.05;Bottom=FALSE;BottomPct=0.05"
"XPENDIMETHALIN","XDIFLUFENZOPYR",0.09193892482759,0.68799099548094,0.370199320891973,0.0846028600437418,0.796241807985377,3.34837886646376e-269,1225,99,0.383772784869652,0.0135081591041598,103,0.43393570784947,0.00293287834602305,99,"GroupFilter=TRUE;MinGroup=10;Top=TRUE;TopPct=0.05;Bottom=FALSE;BottomPct=0.05"
"XPENDIMETHALIN","XFLUMIOXAZIN",-0.881410470527589,0.0146564688145965,0.800834909815144,0.000447636991639123,0.683990315747107,1.47176654043187e-111,801,93,-0.00490231111106286,0.985273949275409,103,0.4175596612339,0.0120995167813244,93,"GroupFilter=TRUE;MinGroup=10;Top=TRUE;TopPct=0.05;Bottom=FALSE;BottomPct=0.05"
"XPICLORAM","XALACHLOR",0.460243123740154,0.00623913841919761,0.197314291564537,0.0448138566571026,0.440164040913542,1.16239939540598e-82,1725,92,0.581932068159474,0.000231493911535645,94,0.297623139200682,0.00129420835450217,92,"GroupFilter=TRUE;MinGroup=10;Top=TRUE;TopPct=0.05;Bottom=FALSE;BottomPct=0.05"
"XPICLORAM","XATRAZINE",0.362510495112073,0.0248696448821564,0.25188385668992,0.00561741540040219,0.414085137758403,9.72903231486194e-77,1830,94,0.525544856258449,0.000567657266009615,94,0.326997881613036,0.000140913989912614,94,"GroupFilter=TRUE;MinGroup=10;Top=TRUE;TopPct=0.05;Bottom=FALSE;BottomPct=0.05"
"XPICLORAM","XCARBARYL",0.478957087270581,0.0025937488579505,0.171979709971477,0.172775768103851,0.375254106373815,3.54233212912094e-62,1827,94,0.541494000019702,0.000393689310655096,94,0.284118121374074,0.0193937309600338,94,"GroupFilter=TRUE;MinGroup=10;Top=TRUE;TopPct=0.05;Bottom=FALSE;BottomPct=0.05"
"XPICLORAM","XCHLOROTHALONIL",0.486063822131451,0.0018997962598085,0.191041028042135,0.0988114286068311,0.237817004271317,6.52536127390337e-24,1749,94,0.532568028118691,0.000570233538311387,94,0.255127323725604,0.0266291933312087,94,"GroupFilter=TRUE;MinGroup=10;Top=TRUE;TopPct=0.05;Bottom=FALSE;BottomPct=0.05"
"XPICLORAM","XCLOPYRALID",0.441386390895779,0.0060862857040311,0.311247488508843,0.010919232444832,0.313316439595774,1.51013558476323e-41,1767,94,0.557542384092819,0.000341009691791303,94,0.410763518813471,0.000487076450085192,94,"GroupFilter=TRUE;MinGroup=10;Top=TRUE;TopPct=0.05;Bottom=FALSE;BottomPct=0.05"
"XPICLORAM","XCYFLUTHRIN",0.311809776983688,0.085986426136846,0.375544986011706,0.0224072751317954,0.356731229515332,3.65519914272307e-44,1430,92,0.448820009051943,0.00915970055821145,94,0.471563388005995,0.00245578392641279,92,"GroupFilter=TRUE;MinGroup=10;Top=TRUE;TopPct=0.05;Bottom=FALSE;BottomPct=0.05"
"XPICLORAM","XCYHALOTHRINLAMBDA",0.419594858608448,0.0185860137465105,0.241578519466991,0.158975622650649,0.401265018923796,5.32929501290959e-61,1549,92,0.52047990316508,0.00146206280453607,94,0.405341228192238,0.01050984862859,92,"GroupFilter=TRUE;MinGroup=10;Top=TRUE;TopPct=0.05;Bottom=FALSE;BottomPct=0.05"
"XPICLORAM","XDIAZINON",0.488534013083847,0.00344742002218267,0.296589097528402,0.0511637570425698,0.185753875158474,3.7716839593899e-13,1505,94,0.509647867470592,0.00219197208678388,94,0.327307973932657,0.0326878319052246,94,"GroupFilter=TRUE;MinGroup=10;Top=TRUE;TopPct=0.05;Bottom=FALSE;BottomPct=0.05"
"XPICLORAM","XESFENVALERATE",0.443315921697585,0.00634661105373294,0.281972580896129,0.0288383323608095,0.337171621670796,8.76937758770002e-48,1750,92,0.549831189479806,0.000441147753691831,94,0.391585094325701,0.00158186636422084,92,"GroupFilter=TRUE;MinGroup=10;Top=TRUE;TopPct=0.05;Bottom=FALSE;BottomPct=0.05"
"XPICLORAM","XGLYPHOSATE",0.337855898995328,0.0351235519488226,0.387914482593615,0.00127636478829478,0.333431496264155,1.85877694355498e-49,1857,94,0.530296010579696,0.000451921502249812,94,0.48279865220987,2.09053218104651e-05,94,"GroupFilter=TRUE;MinGroup=10;Top=TRUE;TopPct=0.05;Bottom=FALSE;BottomPct=0.05"
"XPICLORAM","XMETOLACHLOR",0.527593189920903,0.00600643237746261,0.284638688383632,0.00412242340707926,0.37947775000098,4.09525458775699e-53,1516,93,0.702357323812305,0.00014567350679894,94,0.37493180124896,7.53912258964455e-05,93,"GroupFilter=TRUE;MinGroup=10;Top=TRUE;TopPct=0.05;Bottom=FALSE;BottomPct=0.05"
"XPICLORAM","XNICOSULFURON",0.475269756780181,0.00748005624626793,0.425610149328581,0.000102071305409872,0.294289401074479,1.76180934091901e-32,1557,92,0.662885002994,0.000154837828604892,94,0.506304654364998,2.2571022956499e-06,92,"GroupFilter=TRUE;MinGroup=10;Top=TRUE;TopPct=0.05;Bottom=FALSE;BottomPct=0.05"
"XPICLORAM","XPENDIMETHALIN",0.429390161259149,0.00701340435535318,0.221565092099317,0.0334977001619761,0.379946244314135,1.62887515450032e-63,1818,94,0.530715072089857,0.000528034545816143,94,0.307614183940534,0.00218613061712791,94,"GroupFilter=TRUE;MinGroup=10;Top=TRUE;TopPct=0.05;Bottom=FALSE;BottomPct=0.05"
"XPICLORAM","XPROPARGITE",0.418228182080358,0.0101937955734796,-0.444686748087947,0.000114922264950167,0.209665398473535,4.06136655943185e-11,972,85,0.303273252923303,0.064641543591132,94,-0.376847846113898,0.000828226681185759,85,"GroupFilter=TRUE;MinGroup=10;Top=TRUE;TopPct=0.05;Bottom=FALSE;BottomPct=0.05"
"XPICLORAM","XSETHOXYDIM",0.446180315038803,0.00702544769417524,0.248737393046854,0.0310937914169741,0.339253975695122,1.54963131930464e-47,1718,94,0.533977437858434,0.000984249849371158,94,0.328244004503944,0.00346891838130962,94,"GroupFilter=TRUE;MinGroup=10;Top=TRUE;TopPct=0.05;Bottom=FALSE;BottomPct=0.05"
"XPICLORAM","XSIMAZINE",0.436261582049452,0.0112114921835355,0.33723424060689,0.00119966606074934,0.253368468078803,1.44605266759872e-24,1580,94,0.580389259153635,0.000639616961800135,94,0.408245661017206,5.7842638001522e-05,94,"GroupFilter=TRUE;MinGroup=10;Top=TRUE;TopPct=0.05;Bottom=FALSE;BottomPct=0.05"
"XPICLORAM","XTERBUFOS",0.536780543143327,0.00670393240640957,0.26988483133544,0.0182077358851691,0.274955167250444,1.33866814997636e-26,1452,91,0.647450649406564,0.000824869007855644,94,0.345432409342085,0.00202051442682868,91,"GroupFilter=TRUE;MinGroup=10;Top=TRUE;TopPct=0.05;Bottom=FALSE;BottomPct=0.05"
"XPICLORAM","XDIMETHENAMID",0.484802464025431,0.00884062720072367,0.27831264474143,0.00546407403704704,0.332143580237357,4.27105806731537e-38,1427,92,0.648677162714163,0.00026875349369376,94,0.362727280856362,0.000154164650849882,92,"GroupFilter=TRUE;MinGroup=10;Top=TRUE;TopPct=0.05;Bottom=FALSE;BottomPct=0.05"
"XPICLORAM","XFENBUCONAZOLE",-0.226850457867527,0.24956001889131,0.302073076349393,0.304058076683575,0.535200494728457,2.66858191235806e-20,255,21,-0.132270823483047,0.419722813753044,94,0.141996152310793,0.580757611293315,21,"GroupFilter=TRUE;MinGroup=10;Top=TRUE;TopPct=0.05;Bottom=FALSE;BottomPct=0.05"
"XPICLORAM","XACETOCHLOR",0.628757765212211,0.00216609228911286,0.28976322434496,0.00183783599312151,0.236806966898546,4.68960375775211e-19,1381,93,0.77578178826342,0.000114916861752392,94,0.358322459019618,9.5527872230291e-05,93,"GroupFilter=TRUE;MinGroup=10;Top=TRUE;TopPct=0.05;Bottom=FALSE;BottomPct=0.05"
"XPICLORAM","XIMIDACLOPRID",0.595230985002763,0.000691181850878913,0.00842793999602391,0.951710973942605,0.190439768225184,3.02827364792921e-12,1320,93,0.598657392931744,0.000323978646976806,94,0.155938838859032,0.241675487273383,93,"GroupFilter=TRUE;MinGroup=10;Top=TRUE;TopPct=0.05;Bottom=FALSE;BottomPct=0.05"
"XPICLORAM","XRIMSULFURON",0.449775357761809,0.0181754422364058,0.447965973415791,0.000992831023743764,0.298448311860515,1.76031395794809e-28,1316,92,0.6033536499174,0.00123186842580917,94,0.530924765522556,6.77166968662523e-05,92,"GroupFilter=TRUE;MinGroup=10;Top=TRUE;TopPct=0.05;Bottom=FALSE;BottomPct=0.05"
"XPICLORAM","XGLUFOSINATE",0.293184272105335,0.146056110882148,0.396078418006271,0.000436446633830826,0.302796092513235,6.76711062778646e-26,1154,92,0.511540987591032,0.00877385523685967,94,0.447094033755659,3.38681945895702e-05,92,"GroupFilter=TRUE;MinGroup=10;Top=TRUE;TopPct=0.05;Bottom=FALSE;BottomPct=0.05"
"XPICLORAM","XTEBUPIRIMPHOS",0.633392172374971,0.00910435833174031,0.469329489349264,0.00187058326297663,0.129695395451042,2.47099306336844e-05,1051,79,0.725588913049888,0.00281155910761642,94,0.519886609853232,0.000589290836574136,79,"GroupFilter=TRUE;MinGroup=10;Top=TRUE;TopPct=0.05;Bottom=FALSE;BottomPct=0.05"
"XPICLORAM","XDIFLUFENZOPYR",0.490795882483794,0.0198849216811,0.465240436217757,0.00404095361559208,0.296824551010457,4.39443605995422e-23,1064,90,0.629641207866185,0.00238274826608361,94,0.554426155575938,0.000490168227155612,90,"GroupFilter=TRUE;MinGroup=10;Top=TRUE;TopPct=0.05;Bottom=FALSE;BottomPct=0.05"
"XPICLORAM","XFLUMIOXAZIN",0.610715921087204,0.050337461820793,0.371674166022486,0.0570852330046907,0.381689013915856,3.51978584356756e-25,685,83,0.822772321605755,0.0049618431051586,94,0.507805515574789,0.00576627794728413,83,"GroupFilter=TRUE;MinGroup=10;Top=TRUE;TopPct=0.05;Bottom=FALSE;BottomPct=0.05"
"XPROPARGITE","XALACHLOR",-0.25354342594578,0.0360303754816885,-0.101329214898578,0.435087070436645,0.528616051674653,1.68276964942173e-51,698,42,-0.301859681630553,0.00426562447645632,42,-0.241888053235919,0.0321728531419942,42,"GroupFilter=TRUE;MinGroup=10;Top=TRUE;TopPct=0.05;Bottom=FALSE;BottomPct=0.05"
"XPROPARGITE","XATRAZINE",-0.283909115472677,0.0135759317157989,-0.13341498383722,0.354111565268688,0.423745091021007,2.20075129387877e-34,758,42,-0.326042014898634,0.00231673156986464,42,-0.274747125561108,0.0407909931318201,42,"GroupFilter=TRUE;MinGroup=10;Top=TRUE;TopPct=0.05;Bottom=FALSE;BottomPct=0.05"
"XPROPARGITE","XCARBARYL",-0.314586004453632,0.00378952614526034,-0.0210282671883079,0.886403962284521,0.229026793498443,1.92228383111115e-10,755,42,-0.317638429548517,0.00280057470281459,42,-0.10186162317739,0.489075634081402,42,"GroupFilter=TRUE;MinGroup=10;Top=TRUE;TopPct=0.05;Bottom=FALSE;BottomPct=0.05"
"XPROPARGITE","XCHLOROTHALONIL",-0.32180620126178,0.0031353073571917,0.0140542227938161,0.905780243006895,0.229229963279484,2.24579163669511e-10,748,42,-0.318882744447351,0.00262093575787674,42,-0.0611159667078708,0.610864801299009,42,"GroupFilter=TRUE;MinGroup=10;Top=TRUE;TopPct=0.05;Bottom=FALSE;BottomPct=0.05"
"XPROPARGITE","XCLOPYRALID",-0.333297445996257,0.00340997429396319,-0.0635007658129941,0.702404011411976,0.337248042386407,2.2261534563897e-21,749,42,-0.346623993574227,0.00143141917464915,42,-0.217474306087987,0.172243689717503,42,"GroupFilter=TRUE;MinGroup=10;Top=TRUE;TopPct=0.05;Bottom=FALSE;BottomPct=0.05"
"XPROPARGITE","XCYFLUTHRIN",-0.454622631174359,0.000269169958448908,0.096501441823741,0.599365333796016,0.406280284085166,4.30006381208994e-25,596,42,-0.429496528437588,0.000215836253003956,42,-0.144251181471774,0.409066926518506,42,"GroupFilter=TRUE;MinGroup=10;Top=TRUE;TopPct=0.05;Bottom=FALSE;BottomPct=0.05"
"XPROPARGITE","XCYHALOTHRINLAMBDA",-0.36001636582047,0.0105812823177732,0.0817442911860379,0.70815278130703,0.606877239510127,5.98470336978347e-67,653,42,-0.327940230324422,0.00373342454196786,42,-0.260485584390273,0.136475807262084,42,"GroupFilter=TRUE;MinGroup=10;Top=TRUE;TopPct=0.05;Bottom=FALSE;BottomPct=0.05"
"XPROPARGITE","XDIAZINON",-0.323347041759969,0.00412794210578651,0.206734066558957,0.134542403734457,0.222626447202849,1.13222362886136e-09,732,42,-0.29588256710576,0.00641605593260083,42,0.158917022458248,0.255333048301616,42,"GroupFilter=TRUE;MinGroup=10;Top=TRUE;TopPct=0.05;Bottom=FALSE;BottomPct=0.05"
"XPROPARGITE","XESFENVALERATE",-0.251367948421794,0.0273007146139717,-0.125329196148841,0.436869526858046,0.263840285191591,9.01046949657615e-13,710,41,-0.272287628284067,0.0134934078440445,42,-0.214362569535186,0.180550087631926,41,"GroupFilter=TRUE;MinGroup=10;Top=TRUE;TopPct=0.05;Bottom=FALSE;BottomPct=0.05"
"XPROPARGITE","XGLYPHOSATE",-0.29459878187746,0.0124438559560475,-0.102884167265734,0.646360873453586,0.458052670757562,8.62711734657109e-41,762,42,-0.319225952187112,0.00266876471518732,42,-0.363058464057192,0.0710442215582349,42,"GroupFilter=TRUE;MinGroup=10;Top=TRUE;TopPct=0.05;Bottom=FALSE;BottomPct=0.05"
"XPROPARGITE","XMETOLACHLOR",-0.0269111642788814,0.855592879145497,-0.18306107902218,0.244836047241276,0.467522519987529,1.3468080731079e-29,520,42,-0.112602340715631,0.382520930717992,42,-0.197093476606926,0.149013345098396,42,"GroupFilter=TRUE;MinGroup=10;Top=TRUE;TopPct=0.05;Bottom=FALSE;BottomPct=0.05"
"XPROPARGITE","XNICOSULFURON",-0.1501946932083,0.239063370887761,0.0110698498498535,0.94373788116423,0.339068908239121,8.32687903717223e-16,533,40,-0.146317349154558,0.222160432496274,42,-0.0494764146703164,0.736769694120907,40,"GroupFilter=TRUE;MinGroup=10;Top=TRUE;TopPct=0.05;Bottom=FALSE;BottomPct=0.05"
"XPROPARGITE","XPENDIMETHALIN",-0.275792857349689,0.0267914131319861,-0.0602049573864086,0.683711697602259,0.553274378640895,6.38563350640733e-62,757,42,-0.303916245055937,0.00398572231977842,42,-0.246914527481397,0.0451520209952863,42,"GroupFilter=TRUE;MinGroup=10;Top=TRUE;TopPct=0.05;Bottom=FALSE;BottomPct=0.05"
"XPROPARGITE","XPICLORAM",-0.372596937689264,0.000986389571042228,0.144636669276643,0.321081167951031,0.299967443393309,7.85995093958736e-17,739,42,-0.343129234396127,0.00173990677444525,42,0.0223333431494393,0.875866941135003,42,"GroupFilter=TRUE;MinGroup=10;Top=TRUE;TopPct=0.05;Bottom=FALSE;BottomPct=0.05"
"XPROPARGITE","XSETHOXYDIM",-0.237344398903798,0.0444439464656448,-0.0282798752790806,0.831901939273724,0.364947256016872,1.66558556761977e-22,669,42,-0.245098318323048,0.0293070185696149,42,-0.112103529485615,0.378224767789078,42,"GroupFilter=TRUE;MinGroup=10;Top=TRUE;TopPct=0.05;Bottom=FALSE;BottomPct=0.05"
"XPROPARGITE","XSIMAZINE",-0.265996024841223,0.0226226640675944,0.135425574347713,0.328005462664419,0.0777346486795044,0.0729498358324082,533,42,-0.247360162003437,0.0315814203301464,42,0.0929002264881132,0.508763532590026,42,"GroupFilter=TRUE;MinGroup=10;Top=TRUE;TopPct=0.05;Bottom=FALSE;BottomPct=0.05"
"XPROPARGITE","XTERBUFOS",-0.188052828920284,0.299871377364049,-0.021422706131499,0.915104992424594,0.625333593125799,8.56111846877201e-49,437,40,-0.1989336732681,0.179581961179641,42,-0.141943212168759,0.38820134539834,40,"GroupFilter=TRUE;MinGroup=10;Top=TRUE;TopPct=0.05;Bottom=FALSE;BottomPct=0.05"
"XPROPARGITE","XDIMETHENAMID",-0.241692593812692,0.0995784057097073,-0.046922590179943,0.774007000206087,0.511212639051554,2.9450773604304e-32,464,40,-0.262574696966299,0.0392829516738899,42,-0.180671743139524,0.204066459749059,40,"GroupFilter=TRUE;MinGroup=10;Top=TRUE;TopPct=0.05;Bottom=FALSE;BottomPct=0.05"
"XPROPARGITE","XFENBUCONAZOLE",-0.597587719363274,0.000212662647324229,0.30229234285888,0.275125424923795,0.354610838111045,3.17665009091429e-07,197,19,-0.535709498211908,0.000373796093058087,42,-0.019974969858944,0.943738959956495,19,"GroupFilter=TRUE;MinGroup=10;Top=TRUE;TopPct=0.05;Bottom=FALSE;BottomPct=0.05"
"XPROPARGITE","XACETOCHLOR",-0.227489197572354,0.303640901185255,-0.0464199539058808,0.819716167141654,0.692102620942474,1.42007456341298e-63,437,40,-0.262672931261756,0.0969398449649945,42,-0.192841577610762,0.186296961478877,40,"GroupFilter=TRUE;MinGroup=10;Top=TRUE;TopPct=0.05;Bottom=FALSE;BottomPct=0.05"
"XPROPARGITE","XIMIDACLOPRID",-0.397212934629731,0.00115480477768018,0.233349241230357,0.176423189499444,0.303211419954558,9.78470733781306e-15,624,42,-0.344607244332043,0.00281075265191833,42,0.0562357757318363,0.736215093068997,42,"GroupFilter=TRUE;MinGroup=10;Top=TRUE;TopPct=0.05;Bottom=FALSE;BottomPct=0.05"
"XPROPARGITE","XRIMSULFURON",-0.296674251897903,0.027607727147382,-0.129994635569061,0.488117459587114,0.317991648228789,4.2066265636933e-12,453,42,-0.32031335601815,0.0135402073414108,42,-0.241181966271479,0.184705112397644,42,"GroupFilter=TRUE;MinGroup=10;Top=TRUE;TopPct=0.05;Bottom=FALSE;BottomPct=0.05"
"XPROPARGITE","XGLUFOSINATE",-0.420785915708562,0.0024016512438381,0.034879689049582,0.834639676648211,0.24932565336159,4.86275748488274e-06,328,40,-0.413365749557026,0.00205427605630903,42,-0.112536397583589,0.511625326782708,40,"GroupFilter=TRUE;MinGroup=10;Top=TRUE;TopPct=0.05;Bottom=FALSE;BottomPct=0.05"
"XPROPARGITE","XTEBUPIRIMPHOS",0.0574701070067181,0.888457197804126,-0.353431999610915,0.376428292685107,0.870786176054093,1.67784626581147e-77,247,28,-0.257327692351135,0.206646217789937,42,-0.304828497991128,0.124436169839926,28,"GroupFilter=TRUE;MinGroup=10;Top=TRUE;TopPct=0.05;Bottom=FALSE;BottomPct=0.05"
"XPROPARGITE","XDIFLUFENZOPYR",-0.328559755925228,0.0536436205354069,0.00098227314158299,0.99613809254666,0.512498130623748,9.04977501101418e-27,379,39,-0.327442358078948,0.0285864536358502,42,-0.190346021649293,0.284255353391893,39,"GroupFilter=TRUE;MinGroup=10;Top=TRUE;TopPct=0.05;Bottom=FALSE;BottomPct=0.05"
"XPROPARGITE","XFLUMIOXAZIN",-0.234870058037994,0.239132166823515,0.123872564112185,0.680287653858156,0.213571213673034,0.0225142937692872,114,32,-0.222462776724347,0.251145650453511,42,0.0643066886793168,0.831801866808565,32,"GroupFilter=TRUE;MinGroup=10;Top=TRUE;TopPct=0.05;Bottom=FALSE;BottomPct=0.05"
"XSETHOXYDIM","XALACHLOR",0.191636592927512,0.167078800594973,0.229324009566429,0.0491979838618265,0.694408366017869,1.06926162710667e-262,1824,100,0.349977665831893,0.00203395149245806,102,0.325530023928051,0.000627562877634749,100,"GroupFilter=TRUE;MinGroup=10;Top=TRUE;TopPct=0.05;Bottom=FALSE;BottomPct=0.05"
"XSETHOXYDIM","XATRAZINE",0.139216883016335,0.304333587584881,0.268017906298003,0.0159435694392735,0.674503795628315,2.30512290452428e-251,1892,101,0.3365291088578,0.00204743252292044,102,0.337874343046828,0.000172207314423464,101,"GroupFilter=TRUE;MinGroup=10;Top=TRUE;TopPct=0.05;Bottom=FALSE;BottomPct=0.05"
"XSETHOXYDIM","XCARBARYL",0.283771322056382,0.0138568138340618,0.147509391223863,0.270459406794838,0.48777432090713,1.50131337206543e-114,1907,102,0.329935045208658,0.0022243740516568,102,0.264907496218463,0.0352058807449455,102,"GroupFilter=TRUE;MinGroup=10;Top=TRUE;TopPct=0.05;Bottom=FALSE;BottomPct=0.05"
"XSETHOXYDIM","XCHLOROTHALONIL",0.300651933639775,0.00582351499628538,0.172272758785173,0.123236830953606,0.232057207457268,5.73482361560854e-24,1844,102,0.325413109137082,0.0026041202731267,102,0.21501769102495,0.0557781563400614,102,"GroupFilter=TRUE;MinGroup=10;Top=TRUE;TopPct=0.05;Bottom=FALSE;BottomPct=0.05"
"XSETHOXYDIM","XCLOPYRALID",0.254130401860066,0.0424037433420186,0.189106872405768,0.138795507433798,0.508481346151743,7.21565291081028e-120,1814,102,0.338993160886388,0.0024547145694243,102,0.308278409161708,0.00689821863469201,102,"GroupFilter=TRUE;MinGroup=10;Top=TRUE;TopPct=0.05;Bottom=FALSE;BottomPct=0.05"
"XSETHOXYDIM","XCYFLUTHRIN",0.206824547285079,0.163357693363629,0.198106491895307,0.272279938558827,0.587925047754315,8.37083682144809e-142,1518,102,0.300167413019987,0.0137831055888876,102,0.344369300441133,0.019874328718015,102,"GroupFilter=TRUE;MinGroup=10;Top=TRUE;TopPct=0.05;Bottom=FALSE;BottomPct=0.05"
"XSETHOXYDIM","XCYHALOTHRINLAMBDA",0.216356549742323,0.126037324745084,0.224245080025091,0.230326506645038,0.563120144751432,4.18655770494741e-136,1619,102,0.310219269920224,0.00871083632249752,102,0.383167107578709,0.0144904344645392,102,"GroupFilter=TRUE;MinGroup=10;Top=TRUE;TopPct=0.05;Bottom=FALSE;BottomPct=0.05"
"XSETHOXYDIM","XDIAZINON",0.27679416687798,0.0183360273509945,0.202142422613432,0.162741886924901,0.267595749884394,8.08694179317947e-28,1611,102,0.300606337088698,0.00942473576445149,102,0.251650266148843,0.0829937192449483,102,"GroupFilter=TRUE;MinGroup=10;Top=TRUE;TopPct=0.05;Bottom=FALSE;BottomPct=0.05"
"XSETHOXYDIM","XESFENVALERATE",0.213580496260412,0.0966391378377404,0.264337144398042,0.0757446231085384,0.591981523926705,3.73540198074433e-177,1869,101,0.334061900603037,0.00236500144376707,102,0.396982908833611,0.0017663046362702,101,"GroupFilter=TRUE;MinGroup=10;Top=TRUE;TopPct=0.05;Bottom=FALSE;BottomPct=0.05"
"XSETHOXYDIM","XGLYPHOSATE",0.120800559424963,0.381401730341087,0.385754549987632,0.0124287560823483,0.59759425700071,3.77570399896326e-186,1919,102,0.340001150440519,0.00158195170186352,102,0.473323398622039,8.40465389848413e-05,102,"GroupFilter=TRUE;MinGroup=10;Top=TRUE;TopPct=0.05;Bottom=FALSE;BottomPct=0.05"
"XSETHOXYDIM","XMETOLACHLOR",0.335517318521542,0.0429948077855117,0.227780597140084,0.0677264652298909,0.694696005759678,2.36557950791006e-231,1603,102,0.525002904985147,5.62957566736478e-05,102,0.388134662417268,7.95276545667729e-05,102,"GroupFilter=TRUE;MinGroup=10;Top=TRUE;TopPct=0.05;Bottom=FALSE;BottomPct=0.05"
"XSETHOXYDIM","XNICOSULFURON",0.0746126895300938,0.639928967143702,0.462763995739416,0.000615357395286153,0.676254661837669,1.17396744941564e-223,1670,99,0.41556129371339,0.00101274258562158,102,0.502728287777035,2.71906472239313e-06,99,"GroupFilter=TRUE;MinGroup=10;Top=TRUE;TopPct=0.05;Bottom=FALSE;BottomPct=0.05"
"XSETHOXYDIM","XPENDIMETHALIN",0.181896014903849,0.214038074809559,0.216907851912384,0.122273735433505,0.734362811247074,1.97626258336499e-323,1909,102,0.335654041644892,0.00186468624592621,102,0.336158857591176,0.00122853912241199,102,"GroupFilter=TRUE;MinGroup=10;Top=TRUE;TopPct=0.05;Bottom=FALSE;BottomPct=0.05"
"XSETHOXYDIM","XPICLORAM",0.335213884877451,0.00536530091889868,0.201443264586154,0.177206984280024,0.291533070299412,5.48795008206969e-35,1717,101,0.369459653727491,0.00174431309339282,102,0.284307432212136,0.0548588726376383,101,"GroupFilter=TRUE;MinGroup=10;Top=TRUE;TopPct=0.05;Bottom=FALSE;BottomPct=0.05"
"XSETHOXYDIM","XPROPARGITE",0.307109267452922,0.0081847512316038,-0.373173111952023,0.000818932923698793,0.176289459678378,6.89911375829596e-08,924,93,0.252722104854589,0.0327800982469774,102,-0.332558521610342,0.00324065690200159,93,"GroupFilter=TRUE;MinGroup=10;Top=TRUE;TopPct=0.05;Bottom=FALSE;BottomPct=0.05"
"XSETHOXYDIM","XSIMAZINE",0.114137530113831,0.43731386599142,0.386416722241359,0.00213309996318747,0.532871144612226,4.04090554013574e-126,1711,102,0.362121099338009,0.00365725117180907,102,0.441280288943506,2.88576038087421e-05,102,"GroupFilter=TRUE;MinGroup=10;Top=TRUE;TopPct=0.05;Bottom=FALSE;BottomPct=0.05"
"XSETHOXYDIM","XTERBUFOS",0.221383628691854,0.166693218372546,0.280957936553711,0.0515418629746151,0.682588150200234,2.56210852917938e-214,1559,99,0.413412932274513,0.0011497839936012,102,0.404505975659488,0.00043117098389847,99,"GroupFilter=TRUE;MinGroup=10;Top=TRUE;TopPct=0.05;Bottom=FALSE;BottomPct=0.05"
"XSETHOXYDIM","XDIMETHENAMID",0.113481997627062,0.500828325295113,0.319501662322923,0.0126066049207025,0.685176491303335,2.28376650327747e-210,1514,99,0.388486546572455,0.00252002851804909,102,0.376601006103897,0.000116555306091394,99,"GroupFilter=TRUE;MinGroup=10;Top=TRUE;TopPct=0.05;Bottom=FALSE;BottomPct=0.05"
"XSETHOXYDIM","XFENBUCONAZOLE",-0.0687604121891911,0.657310859376626,0.470937246321746,0.00436978996063341,0.164670425612208,0.00100536324013545,396,29,0.0108620019990596,0.946066355001493,102,0.460709497350767,0.00481047790813844,29,"GroupFilter=TRUE;MinGroup=10;Top=TRUE;TopPct=0.05;Bottom=FALSE;BottomPct=0.05"
"XSETHOXYDIM","XACETOCHLOR",0.15984779428389,0.352012075328267,0.280416236225506,0.0216013825552232,0.662428438475414,9.35023596304499e-186,1465,100,0.410986433067708,0.00209362738899656,102,0.353971032103758,0.000191842908610201,100,"GroupFilter=TRUE;MinGroup=10;Top=TRUE;TopPct=0.05;Bottom=FALSE;BottomPct=0.05"
"XSETHOXYDIM","XIMIDACLOPRID",0.179194500678847,0.139207483799594,0.018207096914692,0.891607025254225,0.23359367213067,2.19770466168075e-19,1447,102,0.184075862852871,0.112993915351259,102,0.072692193586316,0.571987954225307,102,"GroupFilter=TRUE;MinGroup=10;Top=TRUE;TopPct=0.05;Bottom=FALSE;BottomPct=0.05"
"XSETHOXYDIM","XRIMSULFURON",0.131869132647858,0.422426727853484,0.352471206523362,0.0254740829574363,0.589510234743638,1.13215794934748e-130,1388,101,0.330151019510356,0.0175653180457725,102,0.422666105816749,0.00145679085312513,101,"GroupFilter=TRUE;MinGroup=10;Top=TRUE;TopPct=0.05;Bottom=FALSE;BottomPct=0.05"
"XSETHOXYDIM","XGLUFOSINATE",0.115942517865688,0.498751617603336,0.331509831497309,0.0117426065962001,0.629416085097013,5.96374839076596e-142,1278,99,0.387139997875934,0.00407574569572227,102,0.387857089612136,0.000177342402647778,99,"GroupFilter=TRUE;MinGroup=10;Top=TRUE;TopPct=0.05;Bottom=FALSE;BottomPct=0.05"
"XSETHOXYDIM","XTEBUPIRIMPHOS",0.126422079660488,0.580514958660017,0.436993899330132,0.0363526244887564,0.647029052695318,3.65331163477016e-124,1038,79,0.444708100832722,0.00952772222356461,102,0.514721588542879,0.000995935571522111,79,"GroupFilter=TRUE;MinGroup=10;Top=TRUE;TopPct=0.05;Bottom=FALSE;BottomPct=0.05"
"XSETHOXYDIM","XDIFLUFENZOPYR",0.157344711095544,0.3655089194119,0.370574615902621,0.0446295075964022,0.613455479791538,8.23406066312062e-119,1140,97,0.350588866138738,0.0161267036851348,102,0.463485807836581,0.0027280984946702,97,"GroupFilter=TRUE;MinGroup=10;Top=TRUE;TopPct=0.05;Bottom=FALSE;BottomPct=0.05"
"XSETHOXYDIM","XFLUMIOXAZIN",-0.21489355521291,0.402742393540883,0.537510237875028,0.00792555100920947,0.514555142505033,1.14014242664288e-52,761,88,0.129992851301187,0.559806738899323,102,0.451918883338613,0.00990224465024239,88,"GroupFilter=TRUE;MinGroup=10;Top=TRUE;TopPct=0.05;Bottom=FALSE;BottomPct=0.05"
"XSIMAZINE","XALACHLOR",0.310079345581575,0.0463827715066195,0.147973193276675,0.293555600517412,0.68736957253546,1.13177209485158e-232,1661,92,0.423321795523278,0.000218599877774499,95,0.339797154157622,0.00121697299201235,92,"GroupFilter=TRUE;MinGroup=10;Top=TRUE;TopPct=0.05;Bottom=FALSE;BottomPct=0.05"
"XSIMAZINE","XATRAZINE",0.195574301691718,0.237311770533839,0.246320953101679,0.0922372452137132,0.788814729203383,0,1701,94,0.405031576335658,0.000284596224294544,95,0.375607604231241,0.000171560432589813,94,"GroupFilter=TRUE;MinGroup=10;Top=TRUE;TopPct=0.05;Bottom=FALSE;BottomPct=0.05"
"XSIMAZINE","XCARBARYL",0.434544390438597,0.00151631807948596,-0.0874648147164942,0.600253154034342,0.670000855205456,2.11297353883542e-227,1742,95,0.390148344258757,0.000325670350670453,95,0.225956407666989,0.0904632629144023,95,"GroupFilter=TRUE;MinGroup=10;Top=TRUE;TopPct=0.05;Bottom=FALSE;BottomPct=0.05"
"XSIMAZINE","XCHLOROTHALONIL",0.390707477756809,0.000763096317542287,0.0761048629611676,0.548301041263373,0.35153945511774,6.62460603717385e-50,1675,95,0.414471357351028,0.000164043502840979,95,0.214161579344808,0.0818074612341885,95,"GroupFilter=TRUE;MinGroup=10;Top=TRUE;TopPct=0.05;Bottom=FALSE;BottomPct=0.05"
"XSIMAZINE","XCLOPYRALID",0.259454379356996,0.0477311555907795,0.276456540353402,0.0427509774558596,0.569994181340333,5.74847667013864e-140,1617,95,0.388365591072886,0.000836410616640404,95,0.405155217717298,0.000865503211070622,95,"GroupFilter=TRUE;MinGroup=10;Top=TRUE;TopPct=0.05;Bottom=FALSE;BottomPct=0.05"
"XSIMAZINE","XCYFLUTHRIN",0.400243885122356,0.0161932978716839,0.117584371771988,0.552400719593193,0.653397498625112,1.51718052101294e-157,1287,93,0.454548935018611,0.00121378861749932,95,0.372324553130718,0.0273794660135544,93,"GroupFilter=TRUE;MinGroup=10;Top=TRUE;TopPct=0.05;Bottom=FALSE;BottomPct=0.05"
"XSIMAZINE","XCYHALOTHRINLAMBDA",0.299053651386005,0.0639265954058732,0.242034138901855,0.265494352648571,0.678476863579343,1.7500062474709e-191,1415,94,0.407575354313139,0.00177333989534737,95,0.480924496175498,0.00695965811084177,94,"GroupFilter=TRUE;MinGroup=10;Top=TRUE;TopPct=0.05;Bottom=FALSE;BottomPct=0.05"
"XSIMAZINE","XDIAZINON",0.359372286534874,0.00265412001455731,0.237625463643574,0.128352794479923,0.188607437306965,2.51754825029699e-13,1481,95,0.399903440344401,0.000549486100094751,95,0.352216897609651,0.0246759101963425,95,"GroupFilter=TRUE;MinGroup=10;Top=TRUE;TopPct=0.05;Bottom=FALSE;BottomPct=0.05"
"XSIMAZINE","XESFENVALERATE",0.202532729027216,0.207810105703072,0.360487742413586,0.0680381724114149,0.760409828110426,2.24305803211926e-321,1704,94,0.411730348011237,0.00034217256168294,95,0.536187185807959,0.000160277372612492,94,"GroupFilter=TRUE;MinGroup=10;Top=TRUE;TopPct=0.05;Bottom=FALSE;BottomPct=0.05"
"XSIMAZINE","XGLYPHOSATE",0.131157280767369,0.38265222765404,0.442052445503131,0.0133160515539207,0.740711747409599,1.27789322275639e-304,1752,95,0.396905537008602,0.000235597924230509,95,0.552206882021472,2.40407034846287e-05,95,"GroupFilter=TRUE;MinGroup=10;Top=TRUE;TopPct=0.05;Bottom=FALSE;BottomPct=0.05"
"XSIMAZINE","XMETOLACHLOR",0.217138550614041,0.253123854464132,0.203890996092313,0.21962237364913,0.692644035326912,2.01599223253293e-208,1455,94,0.397267642896558,0.00115315084978642,95,0.350424151526151,0.00107092469683049,94,"GroupFilter=TRUE;MinGroup=10;Top=TRUE;TopPct=0.05;Bottom=FALSE;BottomPct=0.05"
"XSIMAZINE","XNICOSULFURON",0.20404873404903,0.228092382569847,0.327467696158493,0.0413437272411893,0.732243629377589,1.55763258354002e-262,1562,93,0.448938873712857,0.000229081952840246,95,0.463985074040536,6.71853748448009e-05,93,"GroupFilter=TRUE;MinGroup=10;Top=TRUE;TopPct=0.05;Bottom=FALSE;BottomPct=0.05"
"XSIMAZINE","XPENDIMETHALIN",0.36494531147209,0.0225611312570517,0.0498731704514927,0.745446264741445,0.766031176064628,0,1732,95,0.403571786607467,0.000239776806405165,95,0.304798252788197,0.00445294137404735,95,"GroupFilter=TRUE;MinGroup=10;Top=TRUE;TopPct=0.05;Bottom=FALSE;BottomPct=0.05"
"XSIMAZINE","XPICLORAM",0.391651808892473,0.00116443383194975,0.0314590719224112,0.844343823404871,0.30591841732195,1.57585093371582e-34,1531,93,0.397944178628312,0.000675360183948609,95,0.148876024750423,0.349534126598489,93,"GroupFilter=TRUE;MinGroup=10;Top=TRUE;TopPct=0.05;Bottom=FALSE;BottomPct=0.05"
"XSIMAZINE","XPROPARGITE",0.219830248939262,0.0369370247980076,-0.287268465242413,0.0115983805948109,-0.016473635530187,0.63905216543193,813,87,0.231116264970961,0.033647937786458,95,-0.295064675054646,0.0105570271404651,87,"GroupFilter=TRUE;MinGroup=10;Top=TRUE;TopPct=0.05;Bottom=FALSE;BottomPct=0.05"
"XSIMAZINE","XSETHOXYDIM",0.369300183318945,0.00702396908636711,0.0278314783681017,0.851210751807908,0.566249321930731,3.84272059329048e-143,1681,95,0.384189752016087,0.000703765455071852,95,0.250726079159544,0.0434312831902654,95,"GroupFilter=TRUE;MinGroup=10;Top=TRUE;TopPct=0.05;Bottom=FALSE;BottomPct=0.05"
"XSIMAZINE","XTERBUFOS",0.288538873310294,0.0988913381317947,0.137416892849767,0.423156600226459,0.656308637795823,2.82351660241142e-178,1441,91,0.384708009257822,0.00273250854288886,95,0.331059133408717,0.0089725804665159,91,"GroupFilter=TRUE;MinGroup=10;Top=TRUE;TopPct=0.05;Bottom=FALSE;BottomPct=0.05"
"XSIMAZINE","XDIMETHENAMID",0.208390287968974,0.234166810401945,0.200572590208781,0.152451468555838,0.720289501152204,3.30537670334908e-223,1393,91,0.372480263000309,0.00535126990005654,95,0.309436843138523,0.00400633205968219,91,"GroupFilter=TRUE;MinGroup=10;Top=TRUE;TopPct=0.05;Bottom=FALSE;BottomPct=0.05"
"XSIMAZINE","XFENBUCONAZOLE",0.232179944012123,0.217147636045154,0.285986409207287,0.10525193476108,0.632739261437055,1.2010412120411e-38,333,26,0.415078213746938,0.00903904180140937,95,0.415549626622814,0.00559983405978829,26,"GroupFilter=TRUE;MinGroup=10;Top=TRUE;TopPct=0.05;Bottom=FALSE;BottomPct=0.05"
"XSIMAZINE","XACETOCHLOR",0.265403872409852,0.190298497149955,0.150133798664315,0.34508088178285,0.771483877887232,2.63584223743907e-260,1316,91,0.405299656653193,0.00367342737301201,95,0.30204300117095,0.00617931701506279,91,"GroupFilter=TRUE;MinGroup=10;Top=TRUE;TopPct=0.05;Bottom=FALSE;BottomPct=0.05"
"XSIMAZINE","XIMIDACLOPRID",0.351671446828625,0.0150607252266714,0.0410561172420596,0.784182489189609,0.525853412305934,3.00013847012199e-89,1242,94,0.368738190855935,0.00528357634420803,95,0.186949359983581,0.177615825595898,94,"GroupFilter=TRUE;MinGroup=10;Top=TRUE;TopPct=0.05;Bottom=FALSE;BottomPct=0.05"
"XSIMAZINE","XRIMSULFURON",0.193611705707227,0.301489098912471,0.453299615243395,0.0169439646833911,0.697002512195023,2.34429794458492e-184,1263,92,0.469358008182914,0.00169691758830665,95,0.573292780701171,0.000163987513312856,92,"GroupFilter=TRUE;MinGroup=10;Top=TRUE;TopPct=0.05;Bottom=FALSE;BottomPct=0.05"
"XSIMAZINE","XGLUFOSINATE",0.210458296108672,0.347539684403804,0.248232425680859,0.117889146516659,0.744437890055862,9.79587695914116e-203,1145,93,0.453198755874163,0.0054509645433278,95,0.35150366286127,0.00238972076952182,93,"GroupFilter=TRUE;MinGroup=10;Top=TRUE;TopPct=0.05;Bottom=FALSE;BottomPct=0.05"
"XSIMAZINE","XTEBUPIRIMPHOS",0.273212746060632,0.284406923345246,0.321738675721752,0.247206977224033,0.738526877386248,5.11018370939295e-154,889,71,0.471846551098303,0.0130096533479154,95,0.522463722197436,0.011513391151948,71,"GroupFilter=TRUE;MinGroup=10;Top=TRUE;TopPct=0.05;Bottom=FALSE;BottomPct=0.05"
"XSIMAZINE","XDIFLUFENZOPYR",0.36751546557023,0.0959282951702157,0.309101844160242,0.2127318556654,0.675187590670408,9.23188050415553e-127,945,90,0.536006847427236,0.00236897107091964,95,0.557355414836971,0.00544866271134042,90,"GroupFilter=TRUE;MinGroup=10;Top=TRUE;TopPct=0.05;Bottom=FALSE;BottomPct=0.05"
"XSIMAZINE","XFLUMIOXAZIN",0.120870173219407,0.752165110019096,0.446315563111044,0.157345527653497,0.743326561523621,1.97445369440547e-115,651,81,0.506812207969441,0.0607780474651249,95,0.517179361055412,0.0200993877403455,81,"GroupFilter=TRUE;MinGroup=10;Top=TRUE;TopPct=0.05;Bottom=FALSE;BottomPct=0.05"
"XTERBUFOS","XALACHLOR",-0.0150653902848539,0.947580793355541,0.432198804320675,0.0652383224576696,0.879496393067662,0,1527,87,0.344531190775205,0.00465585158364691,87,0.419080397987034,0.000782650062081037,87,"GroupFilter=TRUE;MinGroup=10;Top=TRUE;TopPct=0.05;Bottom=FALSE;BottomPct=0.05"
"XTERBUFOS","XATRAZINE",-0.109389531926975,0.601843011261734,0.504626922530812,0.008414699541628,0.810160403018414,0,1527,87,0.344531190775205,0.00465585158364691,87,0.422486926823798,0.000143379110651444,87,"GroupFilter=TRUE;MinGroup=10;Top=TRUE;TopPct=0.05;Bottom=FALSE;BottomPct=0.05"
"XTERBUFOS","XCARBARYL",0.278968999736252,0.0527300586374148,0.128307434926225,0.445466436148478,0.588527315775437,8.28608938138821e-143,1525,87,0.338033378313006,0.00564832077216655,87,0.301856296740897,0.0339745568683351,87,"GroupFilter=TRUE;MinGroup=10;Top=TRUE;TopPct=0.05;Bottom=FALSE;BottomPct=0.05"
"XTERBUFOS","XCHLOROTHALONIL",0.294780278559399,0.0241978323906567,0.148735475532747,0.26937056447912,0.388225738900448,7.95736494755191e-54,1463,87,0.345968353538601,0.00489534737557229,87,0.252910151288422,0.0472066712303724,87,"GroupFilter=TRUE;MinGroup=10;Top=TRUE;TopPct=0.05;Bottom=FALSE;BottomPct=0.05"
"XTERBUFOS","XCLOPYRALID",0.194065378297327,0.219391510564273,0.27045465431444,0.142652872863682,0.574479048601408,2.57965756851027e-127,1441,87,0.331488279727649,0.00981115368592156,87,0.403298503881365,0.00739779345321997,87,"GroupFilter=TRUE;MinGroup=10;Top=TRUE;TopPct=0.05;Bottom=FALSE;BottomPct=0.05"
"XTERBUFOS","XCYFLUTHRIN",0.140084040074935,0.483681696112707,0.46796589606101,0.0683520831959306,0.629534004128225,4.19471101775927e-135,1215,86,0.373098348602422,0.0161105013977655,87,0.58300733535608,0.00331876458511243,86,"GroupFilter=TRUE;MinGroup=10;Top=TRUE;TopPct=0.05;Bottom=FALSE;BottomPct=0.05"
"XTERBUFOS","XCYHALOTHRINLAMBDA",0.148453344748989,0.431691126261142,0.454221559011004,0.12186430734493,0.628816347796774,4.02636156322894e-144,1301,87,0.344161342535349,0.0149579866675847,87,0.607939428062395,0.00583899632058132,87,"GroupFilter=TRUE;MinGroup=10;Top=TRUE;TopPct=0.05;Bottom=FALSE;BottomPct=0.05"
"XTERBUFOS","XDIAZINON",0.24377206453251,0.0858400531739913,0.345617132634354,0.0523047137596457,0.319997971625372,5.14603274807102e-31,1244,87,0.307759432054618,0.0251450728836331,87,0.414058502292453,0.0181068308049473,87,"GroupFilter=TRUE;MinGroup=10;Top=TRUE;TopPct=0.05;Bottom=FALSE;BottomPct=0.05"
"XTERBUFOS","XESFENVALERATE",0.178079933025043,0.290125931624794,0.30200284550278,0.135594120353416,0.683099843539996,4.13646756796064e-207,1503,87,0.346598716536423,0.00602177406979433,87,0.446536160583072,0.00302443636285356,87,"GroupFilter=TRUE;MinGroup=10;Top=TRUE;TopPct=0.05;Bottom=FALSE;BottomPct=0.05"
"XTERBUFOS","XGLYPHOSATE",-0.0133105157257552,0.939796790168454,0.614969830730476,0.00573958737068676,0.627714449259424,4.30046083036924e-168,1527,87,0.344531190775205,0.00465585158364691,87,0.602595747775112,9.97098101685866e-05,87,"GroupFilter=TRUE;MinGroup=10;Top=TRUE;TopPct=0.05;Bottom=FALSE;BottomPct=0.05"
"XTERBUFOS","XMETOLACHLOR",0.0519311315259041,0.82893046836307,0.326385350944997,0.150076015015617,0.865785528315585,0,1372,87,0.345453340808963,0.00669837842004813,87,0.368314351349594,0.00211035439427296,87,"GroupFilter=TRUE;MinGroup=10;Top=TRUE;TopPct=0.05;Bottom=FALSE;BottomPct=0.05"
"XTERBUFOS","XNICOSULFURON",-0.124426582171999,0.566690124634063,0.51889054185425,0.00636482779528113,0.81270414119888,0,1463,87,0.349136873638557,0.00834254374747766,87,0.431951431934037,0.00019991524460569,87,"GroupFilter=TRUE;MinGroup=10;Top=TRUE;TopPct=0.05;Bottom=FALSE;BottomPct=0.05"
"XTERBUFOS","XPENDIMETHALIN",0.113301320688572,0.579441941399729,0.298539118808186,0.162187922118415,0.839285530202532,0,1527,87,0.344531190775205,0.00465585158364691,87,0.394177334461271,0.0020109308594441,87,"GroupFilter=TRUE;MinGroup=10;Top=TRUE;TopPct=0.05;Bottom=FALSE;BottomPct=0.05"
"XTERBUFOS","XPICLORAM",0.321934386213736,0.0142261884838736,0.2278180800848,0.23906787211409,0.197497643076247,1.25205220374814e-13,1383,87,0.34831496340891,0.00720049066692908,87,0.304975730578308,0.113183353916259,87,"GroupFilter=TRUE;MinGroup=10;Top=TRUE;TopPct=0.05;Bottom=FALSE;BottomPct=0.05"
"XTERBUFOS","XPROPARGITE",0.150762621928753,0.2029542121717,-0.276242261640261,0.0918604811397339,0.0788933890651513,0.0503290473373752,616,75,0.116908287333104,0.326702373072571,87,-0.24036530494896,0.141429680522658,75,"GroupFilter=TRUE;MinGroup=10;Top=TRUE;TopPct=0.05;Bottom=FALSE;BottomPct=0.05"
"XTERBUFOS","XSETHOXYDIM",0.274034838679641,0.0872552049869284,0.0930319954771266,0.572501537925755,0.682388980150269,5.68385292332816e-206,1499,87,0.331577433063271,0.00770068358087061,87,0.270945606060636,0.0343293091948269,87,"GroupFilter=TRUE;MinGroup=10;Top=TRUE;TopPct=0.05;Bottom=FALSE;BottomPct=0.05"
"XTERBUFOS","XSIMAZINE",0.142074326026905,0.445451356819311,0.262174537437437,0.117850504598928,0.666182955410738,4.32705182257573e-182,1414,87,0.34429629415725,0.0108654181681012,87,0.351365121330148,0.00370842098593274,87,"GroupFilter=TRUE;MinGroup=10;Top=TRUE;TopPct=0.05;Bottom=FALSE;BottomPct=0.05"
"XTERBUFOS","XDIMETHENAMID",-0.142329631770691,0.534368798329815,0.481948107476493,0.0126767383148629,0.821158118647442,0,1392,87,0.327619960125697,0.0128239307700313,87,0.382940692357959,0.000576347658121215,87,"GroupFilter=TRUE;MinGroup=10;Top=TRUE;TopPct=0.05;Bottom=FALSE;BottomPct=0.05"
"XTERBUFOS","XFENBUCONAZOLE",0.10099265245944,0.507692514587417,0.633978846714738,0.0178979408249552,0.247077514180155,0.000200483794918112,222,16,0.184515823547362,0.219065816480289,87,0.674534171570707,0.00963297560262316,16,"GroupFilter=TRUE;MinGroup=10;Top=TRUE;TopPct=0.05;Bottom=FALSE;BottomPct=0.05"
"XTERBUFOS","XACETOCHLOR",-0.0731900113815005,0.774581799618547,0.380159627290185,0.0565303230902691,0.84051528162424,0,1387,87,0.343467471394718,0.0102691983657049,87,0.331286303052052,0.00155789787391954,87,"GroupFilter=TRUE;MinGroup=10;Top=TRUE;TopPct=0.05;Bottom=FALSE;BottomPct=0.05"
"XTERBUFOS","XIMIDACLOPRID",0.312796696711337,0.050394883845398,-0.0439771412985904,0.80953822468468,0.286663529169307,7.09747388571287e-22,1080,87,0.303927851465273,0.0507930055205388,87,0.0359660430618284,0.840472065387191,87,"GroupFilter=TRUE;MinGroup=10;Top=TRUE;TopPct=0.05;Bottom=FALSE;BottomPct=0.05"
"XTERBUFOS","XRIMSULFURON",-0.0823750513061962,0.725262906067783,0.554782087531237,0.0112024020925439,0.656003887711624,1.65171475046112e-145,1175,87,0.325552981274523,0.0581334135873923,87,0.502262546099926,0.00177494026271397,87,"GroupFilter=TRUE;MinGroup=10;Top=TRUE;TopPct=0.05;Bottom=FALSE;BottomPct=0.05"
"XTERBUFOS","XGLUFOSINATE",-0.126170447602248,0.612320595144494,0.498395185097099,0.00841358545222719,0.629766244796118,2.1916165723591e-121,1089,85,0.34641388571691,0.0467660425460392,87,0.429585335681189,0.00120859318564285,85,"GroupFilter=TRUE;MinGroup=10;Top=TRUE;TopPct=0.05;Bottom=FALSE;BottomPct=0.05"
"XTERBUFOS","XTEBUPIRIMPHOS",-0.153990646155641,0.589002022621809,0.552265984992095,0.0291924231766366,0.781635329359484,3.01883475278358e-216,1046,79,0.335891223687612,0.0565736773551776,87,0.444069415599659,0.0045014640614117,79,"GroupFilter=TRUE;MinGroup=10;Top=TRUE;TopPct=0.05;Bottom=FALSE;BottomPct=0.05"
"XTERBUFOS","XDIFLUFENZOPYR",0.21569047773208,0.472083963511392,0.403115108716027,0.139635434148673,0.759104075150507,1.28271347459156e-180,959,87,0.544087835047375,0.00731545480481043,87,0.548614592354809,0.00300171431124261,87,"GroupFilter=TRUE;MinGroup=10;Top=TRUE;TopPct=0.05;Bottom=FALSE;BottomPct=0.05"
"XTERBUFOS","XFLUMIOXAZIN",0.00969179039663656,0.980811065817304,0.69403666171321,0.0751399557318035,0.447282055321762,6.66181099915784e-33,642,67,0.40175969135179,0.235645036494497,87,0.699121625881831,0.032588536507963,67,"GroupFilter=TRUE;MinGroup=10;Top=TRUE;TopPct=0.05;Bottom=FALSE;BottomPct=0.05"
"XDIMETHENAMID","XALACHLOR",0.225897995513761,0.192609183744184,0.0698229060940855,0.729285634599318,0.870100610305723,0,1554,98,0.27810963229704,0.00135018822751646,98,0.298248228179436,0.00314541242279532,98,"GroupFilter=TRUE;MinGroup=10;Top=TRUE;TopPct=0.05;Bottom=FALSE;BottomPct=0.05"
"XDIMETHENAMID","XATRAZINE",-0.0243875367099382,0.897883020393707,0.380429548774643,0.075109561158083,0.907552962953421,0,1554,98,0.27810963229704,0.00135018822751646,98,0.355991318762437,0.000273776452368556,98,"GroupFilter=TRUE;MinGroup=10;Top=TRUE;TopPct=0.05;Bottom=FALSE;BottomPct=0.05"
"XDIMETHENAMID","XCARBARYL",0.199795814494711,0.0641844167249244,0.181783940123585,0.269769616957167,0.607295106047184,4.44966289655775e-157,1552,98,0.271619502881445,0.0018006061155199,98,0.364464086871811,0.00579748760838019,98,"GroupFilter=TRUE;MinGroup=10;Top=TRUE;TopPct=0.05;Bottom=FALSE;BottomPct=0.05"
"XDIMETHENAMID","XCHLOROTHALONIL",0.250945180510009,0.00735928791317936,0.179534696417254,0.153488779062766,0.339929159812452,6.88892907910848e-42,1500,98,0.296500101395019,0.000825549171813514,98,0.292189233775325,0.0151282015485636,98,"GroupFilter=TRUE;MinGroup=10;Top=TRUE;TopPct=0.05;Bottom=FALSE;BottomPct=0.05"
"XDIMETHENAMID","XCLOPYRALID",0.225010836248119,0.078628564137416,0.104450981361956,0.571019711713707,0.745808345077904,8.47518802429754e-265,1490,98,0.277346898310576,0.00199774551624669,98,0.336238344814396,0.0094421705978117,98,"GroupFilter=TRUE;MinGroup=10;Top=TRUE;TopPct=0.05;Bottom=FALSE;BottomPct=0.05"
"XDIMETHENAMID","XCYFLUTHRIN",0.163517413033795,0.265345795088764,0.305448839192577,0.203425223655306,0.753207623505541,4.16580264363933e-233,1271,98,0.30195219360833,0.00253219210444986,98,0.502585959998835,0.00212526744948927,98,"GroupFilter=TRUE;MinGroup=10;Top=TRUE;TopPct=0.05;Bottom=FALSE;BottomPct=0.05"
"XDIMETHENAMID","XCYHALOTHRINLAMBDA",0.145203724000865,0.324963497527809,0.267172565332087,0.307332623811263,0.796568900440077,2.89560549169415e-310,1411,98,0.264036612299164,0.00418289144462653,98,0.468966355219033,0.004303482052991,98,"GroupFilter=TRUE;MinGroup=10;Top=TRUE;TopPct=0.05;Bottom=FALSE;BottomPct=0.05"
"XDIMETHENAMID","XDIAZINON",0.256409004454019,0.00895469863710699,0.18483131204224,0.261524807071732,0.211497945067705,2.27471668185512e-14,1276,98,0.28264687901821,0.00296322964867285,98,0.290989386431927,0.0743267430489411,98,"GroupFilter=TRUE;MinGroup=10;Top=TRUE;TopPct=0.05;Bottom=FALSE;BottomPct=0.05"
"XDIMETHENAMID","XESFENVALERATE",0.157821015015021,0.191796832137137,0.225327618552079,0.221581505282257,0.726616887040102,5.09232047694936e-252,1534,98,0.259913667707678,0.0033450018361586,98,0.390189950460748,0.00386771023480358,98,"GroupFilter=TRUE;MinGroup=10;Top=TRUE;TopPct=0.05;Bottom=FALSE;BottomPct=0.05"
"XDIMETHENAMID","XGLYPHOSATE",0.00275435070212416,0.986808100341413,0.475678293307764,0.0547111310711209,0.833039442499359,0,1554,98,0.27810963229704,0.00135018822751646,98,0.479244317577729,0.000213454119845948,98,"GroupFilter=TRUE;MinGroup=10;Top=TRUE;TopPct=0.05;Bottom=FALSE;BottomPct=0.05"
"XDIMETHENAMID","XMETOLACHLOR",0.455852568219858,0.0290845034692025,-0.121692951281196,0.591684536594974,0.801076440113389,3.57002850453051e-297,1325,98,0.358417194473264,0.000598154112061468,98,0.307465930517965,0.00684437461320689,98,"GroupFilter=TRUE;MinGroup=10;Top=TRUE;TopPct=0.05;Bottom=FALSE;BottomPct=0.05"
"XDIMETHENAMID","XNICOSULFURON",0.0992451118498454,0.568601656080366,0.321159501675825,0.0949674833382123,0.847213382365701,0,1470,98,0.343860085122095,0.000345762034009481,98,0.41300182072493,0.000108748587440731,98,"GroupFilter=TRUE;MinGroup=10;Top=TRUE;TopPct=0.05;Bottom=FALSE;BottomPct=0.05"
"XDIMETHENAMID","XPENDIMETHALIN",0.228835676957565,0.133006075178403,0.073167103213102,0.697448367289935,0.839047777958949,0,1554,98,0.27810963229704,0.00135018822751646,98,0.305903622875196,0.0046287111080111,98,"GroupFilter=TRUE;MinGroup=10;Top=TRUE;TopPct=0.05;Bottom=FALSE;BottomPct=0.05"
"XDIMETHENAMID","XPICLORAM",0.213076707811219,0.0311335539195206,0.321904362193158,0.0534322382347406,0.349026954735465,5.6679417416711e-42,1421,90,0.280296237587485,0.00258358798288253,98,0.447150385645882,0.00471927753321297,90,"GroupFilter=TRUE;MinGroup=10;Top=TRUE;TopPct=0.05;Bottom=FALSE;BottomPct=0.05"
"XDIMETHENAMID","XPROPARGITE",0.208124594339328,0.0707630937393147,-0.438048415085663,0.00131292647382507,0.218041819186834,8.33371115794067e-09,684,90,0.13409627119078,0.247901455430945,98,-0.385799514220092,0.00413229442693931,90,"GroupFilter=TRUE;MinGroup=10;Top=TRUE;TopPct=0.05;Bottom=FALSE;BottomPct=0.05"
"XDIMETHENAMID","XSETHOXYDIM",0.277927602618721,0.0217775624739422,-0.000672994651732552,0.996594706962143,0.665218582743895,1.35674962697852e-194,1518,98,0.277654457431764,0.0017994392918739,98,0.244801436262587,0.0350157251345831,98,"GroupFilter=TRUE;MinGroup=10;Top=TRUE;TopPct=0.05;Bottom=FALSE;BottomPct=0.05"
"XDIMETHENAMID","XSIMAZINE",0.152628734704173,0.259670088248761,0.209148350396658,0.181467935419755,0.740679096349235,1.4240442977937e-248,1428,98,0.281093948432921,0.0035905550059903,98,0.334652924135978,0.00256160574484953,98,"GroupFilter=TRUE;MinGroup=10;Top=TRUE;TopPct=0.05;Bottom=FALSE;BottomPct=0.05"
"XDIMETHENAMID","XTERBUFOS",0.321880981715472,0.075519748504462,-0.0405751073535045,0.844057565140429,0.820437430031656,0,1422,98,0.291808078613366,0.0029443420548446,98,0.268191808918239,0.0165439302397932,98,"GroupFilter=TRUE;MinGroup=10;Top=TRUE;TopPct=0.05;Bottom=FALSE;BottomPct=0.05"
"XDIMETHENAMID","XFENBUCONAZOLE",-0.152614657433288,0.257183731452033,0.387607394083449,0.0442204719397404,0.29556399106501,4.67690236291341e-08,329,27,-0.0922058304482144,0.481034835811612,98,0.336759526445158,0.0703023875359414,27,"GroupFilter=TRUE;MinGroup=10;Top=TRUE;TopPct=0.05;Bottom=FALSE;BottomPct=0.05"
"XDIMETHENAMID","XACETOCHLOR",0.360414531333898,0.169125609407394,-0.022511670958799,0.9240525672564,0.93631550963156,0,1390,98,0.337388629636531,0.000965509483955115,98,0.277402147181384,0.00260275688465552,98,"GroupFilter=TRUE;MinGroup=10;Top=TRUE;TopPct=0.05;Bottom=FALSE;BottomPct=0.05"
"XDIMETHENAMID","XIMIDACLOPRID",0.239426062108147,0.0255361397117582,-0.0319018672797215,0.841994629204652,0.44828105212659,1.07008946705801e-61,1227,98,0.231635926659294,0.0202754767851913,98,0.0975538739469249,0.5162575945804,98,"GroupFilter=TRUE;MinGroup=10;Top=TRUE;TopPct=0.05;Bottom=FALSE;BottomPct=0.05"
"XDIMETHENAMID","XRIMSULFURON",0.166435893187664,0.369943697312301,0.244341477722512,0.28921097003675,0.812093882731202,7.80777401675115e-293,1244,98,0.326454223692542,0.00288870768083635,98,0.41153924093695,0.0025552823435397,98,"GroupFilter=TRUE;MinGroup=10;Top=TRUE;TopPct=0.05;Bottom=FALSE;BottomPct=0.05"
"XDIMETHENAMID","XGLUFOSINATE",-0.0178534778403002,0.927775753324958,0.365017260281936,0.0624500697566758,0.802738516252524,1.25112457482968e-256,1135,95,0.288774184867061,0.00856509135835372,98,0.350257226233059,0.00136343313952,95,"GroupFilter=TRUE;MinGroup=10;Top=TRUE;TopPct=0.05;Bottom=FALSE;BottomPct=0.05"
"XDIMETHENAMID","XTEBUPIRIMPHOS",0.204563794600995,0.457388742307272,0.268972969199626,0.366700760896671,0.887372407482542,0,1011,79,0.422764266283576,0.00157266603045801,98,0.463667716002908,0.00133628551275478,79,"GroupFilter=TRUE;MinGroup=10;Top=TRUE;TopPct=0.05;Bottom=FALSE;BottomPct=0.05"
"XDIMETHENAMID","XDIFLUFENZOPYR",0.0959965808011095,0.673709784486592,0.387962745045363,0.179155315046425,0.845735979903595,7.50828677597645e-273,994,95,0.34761198444181,0.00828103531797782,98,0.487504659897637,0.00352434291152854,95,"GroupFilter=TRUE;MinGroup=10;Top=TRUE;TopPct=0.05;Bottom=FALSE;BottomPct=0.05"
"XDIMETHENAMID","XFLUMIOXAZIN",-0.328820946283182,0.358809482072382,0.964888213182399,0.021407571859932,0.730459491356359,4.51379450624276e-110,654,77,0.329276280009385,0.129418209552489,98,0.656976242211784,0.00934342868008754,77,"GroupFilter=TRUE;MinGroup=10;Top=TRUE;TopPct=0.05;Bottom=FALSE;BottomPct=0.05"
"XFENBUCONAZOLE","XALACHLOR",0.605551360001699,0.00672759578956319,-0.0680553496113182,0.642139992340135,0.196027298479547,0.00024885433734005,345,24,0.585757585076383,0.00767692345911779,24,-0.00466493359971883,0.974287701228677,24,"GroupFilter=TRUE;MinGroup=10;Top=TRUE;TopPct=0.05;Bottom=FALSE;BottomPct=0.05"
"XFENBUCONAZOLE","XATRAZINE",0.528874790621788,0.0132588239287362,-0.0619296461295186,0.69521016933903,0.122905807882949,0.0198352693381217,359,24,0.524075057209766,0.0137888418763351,24,-0.0425771980011142,0.788963286863829,24,"GroupFilter=TRUE;MinGroup=10;Top=TRUE;TopPct=0.05;Bottom=FALSE;BottomPct=0.05"
"XFENBUCONAZOLE","XCARBARYL",0.455611041206116,0.0349455131122948,0.207070621348953,0.338399908709682,0.353035774460474,5.62598583380496e-12,359,24,0.524075057209766,0.0137888418763351,24,0.364272064403377,0.074876896921819,24,"GroupFilter=TRUE;MinGroup=10;Top=TRUE;TopPct=0.05;Bottom=FALSE;BottomPct=0.05"
"XFENBUCONAZOLE","XCHLOROTHALONIL",0.501559836798568,0.0180888268706004,0.110351459235229,0.477323455565807,0.115445264330617,0.0287378232307704,359,24,0.524075057209766,0.0137888418763351,24,0.15876283640869,0.301502477668649,24,"GroupFilter=TRUE;MinGroup=10;Top=TRUE;TopPct=0.05;Bottom=FALSE;BottomPct=0.05"
"XFENBUCONAZOLE","XCLOPYRALID",0.586898286707158,0.0108173775937911,0.0767623722923357,0.63649150232063,-0.176638914700263,0.00103623714527408,342,24,0.559744929903604,0.0119210606088594,24,-0.0131681752608292,0.934403244697872,24,"GroupFilter=TRUE;MinGroup=10;Top=TRUE;TopPct=0.05;Bottom=FALSE;BottomPct=0.05"
"XFENBUCONAZOLE","XCYFLUTHRIN",0.599960078841282,0.0216250475498292,-0.0292398657388112,0.902697728994944,0.27107552394259,3.29351082760586e-06,286,24,0.591630361875313,0.0187848323185064,24,0.138169016738432,0.563314998319091,24,"GroupFilter=TRUE;MinGroup=10;Top=TRUE;TopPct=0.05;Bottom=FALSE;BottomPct=0.05"
"XFENBUCONAZOLE","XCYHALOTHRINLAMBDA",0.565829030738352,0.0195561153169787,-0.0797584335668995,0.727751153443181,0.452321977899472,3.37808176659393e-18,333,24,0.532670139490894,0.0175439771263026,24,0.138426186703499,0.519477830212635,24,"GroupFilter=TRUE;MinGroup=10;Top=TRUE;TopPct=0.05;Bottom=FALSE;BottomPct=0.05"
"XFENBUCONAZOLE","XDIAZINON",0.483943448505422,0.0219513021560888,0.264580422513665,0.0819910911636551,-0.136421766488175,0.0131224832286276,330,24,0.443427372061595,0.0383286351378915,24,0.217301267191109,0.15661448860468,24,"GroupFilter=TRUE;MinGroup=10;Top=TRUE;TopPct=0.05;Bottom=FALSE;BottomPct=0.05"
"XFENBUCONAZOLE","XESFENVALERATE",0.498070708072243,0.0202231191686628,0.0571370864960389,0.796039288375526,0.153805467207969,0.00353034781963753,358,24,0.502097386195829,0.0175567756890396,24,0.126451442767923,0.564760333979251,24,"GroupFilter=TRUE;MinGroup=10;Top=TRUE;TopPct=0.05;Bottom=FALSE;BottomPct=0.05"
"XFENBUCONAZOLE","XGLYPHOSATE",0.536331175801288,0.012170578095177,-0.232606325119462,0.384083827738117,0.0789407716747528,0.135482134721745,359,24,0.524075057209766,0.0137888418763351,24,-0.19047626717211,0.478388486092268,24,"GroupFilter=TRUE;MinGroup=10;Top=TRUE;TopPct=0.05;Bottom=FALSE;BottomPct=0.05"
"XFENBUCONAZOLE","XMETOLACHLOR",0.837398125789652,0.000918686722909547,-0.21869929745191,0.143177804376776,0.205702867077952,0.00107091750922174,250,24,0.753333333867398,0.0020093047525118,24,-0.109130033471801,0.455632999380238,24,"GroupFilter=TRUE;MinGroup=10;Top=TRUE;TopPct=0.05;Bottom=FALSE;BottomPct=0.05"
"XFENBUCONAZOLE","XNICOSULFURON",0.665423410026254,0.00229892270508668,0.458289974995405,0.0115867854950471,-0.102715633597719,0.0776682336327365,296,24,0.637288976699503,0.00435669362437561,24,0.415205619761216,0.0244493384645592,24,"GroupFilter=TRUE;MinGroup=10;Top=TRUE;TopPct=0.05;Bottom=FALSE;BottomPct=0.05"
"XFENBUCONAZOLE","XPENDIMETHALIN",0.572837034071088,0.0105734452166375,-0.119599540189904,0.489922802504919,0.330893598617552,1.27864802395564e-10,359,24,0.524075057209766,0.0137888418763351,24,0.0132193494625777,0.93644191156419,24,"GroupFilter=TRUE;MinGroup=10;Top=TRUE;TopPct=0.05;Bottom=FALSE;BottomPct=0.05"
"XFENBUCONAZOLE","XPICLORAM",0.453391716063202,0.193252613475959,-0.262260703149745,0.221489613481453,0.589987121221011,5.83407563592633e-23,230,16,0.282563532621071,0.365540006115163,24,-0.136589355705686,0.438876436321165,16,"GroupFilter=TRUE;MinGroup=10;Top=TRUE;TopPct=0.05;Bottom=FALSE;BottomPct=0.05"
"XFENBUCONAZOLE","XPROPARGITE",0.383343173774304,0.154699125250307,-0.600543366106233,1.73829762034545e-05,0.258496550531256,0.000219201856542227,200,24,0.214270061056419,0.475590607636658,24,-0.551297017304675,4.58667860605477e-05,24,"GroupFilter=TRUE;MinGroup=10;Top=TRUE;TopPct=0.05;Bottom=FALSE;BottomPct=0.05"
"XFENBUCONAZOLE","XSETHOXYDIM",0.453484569519196,0.0277787024565451,-0.0457313021004645,0.791095503749384,0.0876803458093006,0.105005135822533,343,24,0.449433882102074,0.0282691035557183,24,-0.00504156552875931,0.977075239986262,24,"GroupFilter=TRUE;MinGroup=10;Top=TRUE;TopPct=0.05;Bottom=FALSE;BottomPct=0.05"
"XFENBUCONAZOLE","XSIMAZINE",0.184410445185922,0.358553915409757,0.436575972352899,0.0182375321772091,0.435205074661156,8.73368301050389e-15,289,24,0.341938987963167,0.0865389091781924,24,0.493932971543373,0.00570057426080833,24,"GroupFilter=TRUE;MinGroup=10;Top=TRUE;TopPct=0.05;Bottom=FALSE;BottomPct=0.05"
"XFENBUCONAZOLE","XTERBUFOS",0.199890643615561,0.416516850821928,0.00134991493790908,0.992740772775356,0.350031697252464,8.60150514406517e-09,256,24,0.200618613557065,0.387575532247673,24,0.0406061652323696,0.772118370649267,24,"GroupFilter=TRUE;MinGroup=10;Top=TRUE;TopPct=0.05;Bottom=FALSE;BottomPct=0.05"
"XFENBUCONAZOLE","XDIMETHENAMID",0.392961287624516,0.0896818042519304,-0.111483524884123,0.42978580884638,0.226350740313966,7.63421869038887e-05,300,24,0.357530793574352,0.114400965746101,24,-0.0685828156477753,0.61407144596661,24,"GroupFilter=TRUE;MinGroup=10;Top=TRUE;TopPct=0.05;Bottom=FALSE;BottomPct=0.05"
"XFENBUCONAZOLE","XACETOCHLOR",0.887417115346615,0.000913556503131814,-0.199369693628048,0.214847107105087,0.122665924636973,0.0440235125420075,270,24,0.817953400444506,0.00134644196438246,24,-0.109560178376116,0.490627538993872,24,"GroupFilter=TRUE;MinGroup=10;Top=TRUE;TopPct=0.05;Bottom=FALSE;BottomPct=0.05"
"XFENBUCONAZOLE","XIMIDACLOPRID",0.546711634500479,0.0131530642967917,-0.0997296043679135,0.613086474642715,0.235668993913436,7.86166196478923e-06,352,24,0.522419773698258,0.0152056151404367,24,0.00834549158450106,0.965718047941231,24,"GroupFilter=TRUE;MinGroup=10;Top=TRUE;TopPct=0.05;Bottom=FALSE;BottomPct=0.05"
"XFENBUCONAZOLE","XRIMSULFURON",0.679606252838912,0.00469652264439254,0.184869278710242,0.356729418990212,-0.00667954140890675,0.912521227722668,273,24,0.68756961207195,0.00459964306700766,24,0.187738122179662,0.358156111121205,24,"GroupFilter=TRUE;MinGroup=10;Top=TRUE;TopPct=0.05;Bottom=FALSE;BottomPct=0.05"
"XFENBUCONAZOLE","XGLUFOSINATE",0.614102748424958,0.0156553187634605,0.100271171529834,0.559772958844214,0.0169437116747875,0.774253714471076,289,24,0.604031871143331,0.0160676395976237,24,0.086877977804298,0.61376434556928,24,"GroupFilter=TRUE;MinGroup=10;Top=TRUE;TopPct=0.05;Bottom=FALSE;BottomPct=0.05"
"XFENBUCONAZOLE","XTEBUPIRIMPHOS",1.64454742196413,0.0265071783463861,0.210089740160559,0.581460999876471,-0.472008909631145,5.82479531884734e-06,84,7,1.47185252487964,0.0272152594451039,24,-0.157874480226733,0.654504858624676,7,"GroupFilter=TRUE;MinGroup=10;Top=TRUE;TopPct=0.05;Bottom=FALSE;BottomPct=0.05"
"XFENBUCONAZOLE","XDIFLUFENZOPYR",0.778080110451632,0.0122599022145001,-0.120755109732658,0.654170317240806,-0.172095356810466,0.0125010290511389,210,22,0.783918058441401,0.00972746950124271,24,-0.215819187893824,0.418540107146779,22,"GroupFilter=TRUE;MinGroup=10;Top=TRUE;TopPct=0.05;Bottom=FALSE;BottomPct=0.05"
"XFENBUCONAZOLE","XFLUMIOXAZIN",0.856088839133518,0.0294014113149654,0.0110572586614358,0.972883346188836,0.352202504722461,0.000113324123753487,115,24,0.858236837308695,0.0205377072197074,24,0.248714963352445,0.425315070683117,24,"GroupFilter=TRUE;MinGroup=10;Top=TRUE;TopPct=0.05;Bottom=FALSE;BottomPct=0.05"
"XACETOCHLOR","XALACHLOR",0.226410739606577,0.246555709081721,0.184006086591722,0.472415027672708,0.882887014993189,0,1436,87,0.348821697465235,0.000398612126519311,87,0.442472343565487,0.000580618268267514,87,"GroupFilter=TRUE;MinGroup=10;Top=TRUE;TopPct=0.05;Bottom=FALSE;BottomPct=0.05"
"XACETOCHLOR","XATRAZINE",-0.0436423969297433,0.857247575464638,0.514374581937625,0.0739328566496503,0.942289092325881,0,1453,87,0.357196389583638,0.000210322804704152,87,0.466565873043846,4.0303794849273e-05,87,"GroupFilter=TRUE;MinGroup=10;Top=TRUE;TopPct=0.05;Bottom=FALSE;BottomPct=0.05"
"XACETOCHLOR","XCARBARYL",0.28764428188626,0.0122262846625605,0.170687845089844,0.320118943480097,0.608328325060875,1.34051415854146e-147,1451,87,0.352616146806738,0.000260010450738266,87,0.414400439959412,0.00367917394127538,87,"GroupFilter=TRUE;MinGroup=10;Top=TRUE;TopPct=0.05;Bottom=FALSE;BottomPct=0.05"
"XACETOCHLOR","XCHLOROTHALONIL",0.325063133759543,0.00149653970980902,0.156070603195855,0.248317513699387,0.362755190580838,1.4164411614031e-44,1393,87,0.362934084973091,0.000216666816669807,87,0.289044653304852,0.0271730264206492,87,"GroupFilter=TRUE;MinGroup=10;Top=TRUE;TopPct=0.05;Bottom=FALSE;BottomPct=0.05"
"XACETOCHLOR","XCLOPYRALID",0.276314414942219,0.051584270069297,0.171727982571979,0.412490217840983,0.785916746979026,6.3248558108426e-298,1418,87,0.362384798312133,0.000213185977951206,87,0.471768133101124,0.0011363555240036,87,"GroupFilter=TRUE;MinGroup=10;Top=TRUE;TopPct=0.05;Bottom=FALSE;BottomPct=0.05"
"XACETOCHLOR","XCYFLUTHRIN",0.317843219000189,0.0445368893887817,0.212101802791444,0.452562922721656,0.772562116226018,4.67913207517267e-248,1248,87,0.405772466156147,0.000205794688203789,87,0.63116390818002,0.00107181123306856,87,"GroupFilter=TRUE;MinGroup=10;Top=TRUE;TopPct=0.05;Bottom=FALSE;BottomPct=0.05"
"XACETOCHLOR","XCYHALOTHRINLAMBDA",0.274573840351674,0.0722079510830863,0.242206455847541,0.442561079877978,0.778900513667713,2.0588907267228e-274,1345,87,0.36461183239881,0.000278786629718563,87,0.6762202726839,0.00107652572525068,87,"GroupFilter=TRUE;MinGroup=10;Top=TRUE;TopPct=0.05;Bottom=FALSE;BottomPct=0.05"
"XACETOCHLOR","XDIAZINON",0.29915537159607,0.0089533615981618,0.366697357656082,0.0430495104477298,0.323366373425265,7.78584635985332e-30,1168,87,0.369029199836452,0.000688040251559322,87,0.515707221013489,0.00329842541172071,87,"GroupFilter=TRUE;MinGroup=10;Top=TRUE;TopPct=0.05;Bottom=FALSE;BottomPct=0.05"
"XACETOCHLOR","XESFENVALERATE",0.256532576312194,0.0726157949438095,0.150732118331113,0.480767458479498,0.783537201553205,9.95480098831476e-295,1417,87,0.329967118980064,0.000942958412482444,87,0.431294671433383,0.00346571253209563,87,"GroupFilter=TRUE;MinGroup=10;Top=TRUE;TopPct=0.05;Bottom=FALSE;BottomPct=0.05"
"XACETOCHLOR","XGLYPHOSATE",-0.0595294156641387,0.77909710776088,0.725822420264475,0.0289202228254573,0.891488822453415,0,1453,87,0.357196389583638,0.000210322804704152,87,0.642073159416583,2.62418039338718e-05,87,"GroupFilter=TRUE;MinGroup=10;Top=TRUE;TopPct=0.05;Bottom=FALSE;BottomPct=0.05"
"XACETOCHLOR","XMETOLACHLOR",0.497514788028773,0.0139772580598863,-0.156911178378304,0.535512415145926,0.837564140762243,0,1276,87,0.388414111578342,0.00014148755227353,87,0.384831439857824,0.00242065399640546,87,"GroupFilter=TRUE;MinGroup=10;Top=TRUE;TopPct=0.05;Bottom=FALSE;BottomPct=0.05"
"XACETOCHLOR","XNICOSULFURON",0.0485131416937626,0.842863228460013,0.398993366379892,0.144364915745905,0.908110467237019,0,1350,87,0.369303603113007,0.00081364086037503,87,0.447684139758475,0.000267206285203363,87,"GroupFilter=TRUE;MinGroup=10;Top=TRUE;TopPct=0.05;Bottom=FALSE;BottomPct=0.05"
"XACETOCHLOR","XPENDIMETHALIN",0.335263068473794,0.0304491696838502,0.0389734264724399,0.85936794230145,0.835935252573467,0,1453,87,0.357196389583638,0.000210322804704152,87,0.416206987846661,0.00241306853887169,87,"GroupFilter=TRUE;MinGroup=10;Top=TRUE;TopPct=0.05;Bottom=FALSE;BottomPct=0.05"
"XACETOCHLOR","XPICLORAM",0.375428724774737,0.000401958847914886,0.127624270011773,0.5144049469462,0.220208974193815,9.43585875616841e-16,1301,79,0.389749519684321,0.000182936838047319,87,0.265366690392878,0.17240943689597,79,"GroupFilter=TRUE;MinGroup=10;Top=TRUE;TopPct=0.05;Bottom=FALSE;BottomPct=0.05"
"XACETOCHLOR","XPROPARGITE",0.159499893268485,0.164995981534342,-0.432729584186274,0.0128117753314531,0.149963507193651,0.000331134855331779,569,79,0.10008966677152,0.385503547969267,87,-0.381188876264738,0.0262501297154369,79,"GroupFilter=TRUE;MinGroup=10;Top=TRUE;TopPct=0.05;Bottom=FALSE;BottomPct=0.05"
"XACETOCHLOR","XSETHOXYDIM",0.356312695809733,0.00678240598377871,-0.0159959076096531,0.927680286327818,0.662814389489847,1.71779012389629e-177,1397,87,0.348410283343615,0.000516816555642012,87,0.297007841944851,0.0269864667370487,87,"GroupFilter=TRUE;MinGroup=10;Top=TRUE;TopPct=0.05;Bottom=FALSE;BottomPct=0.05"
"XACETOCHLOR","XSIMAZINE",0.299857723720614,0.0914671345257176,0.109814145229867,0.587694108105098,0.791276590700584,2.2800875055039e-276,1285,87,0.372761793324782,0.00152890305755422,87,0.370559984332049,0.00529668403063111,87,"GroupFilter=TRUE;MinGroup=10;Top=TRUE;TopPct=0.05;Bottom=FALSE;BottomPct=0.05"
"XACETOCHLOR","XTERBUFOS",0.396086465511204,0.0490165980593856,-0.0762186135284778,0.766144199324634,0.841873231687524,0,1357,87,0.344866726482838,0.00113994621524356,87,0.355064951643885,0.00830253316457466,87,"GroupFilter=TRUE;MinGroup=10;Top=TRUE;TopPct=0.05;Bottom=FALSE;BottomPct=0.05"
"XACETOCHLOR","XDIMETHENAMID",-0.0467116743294215,0.874384901164275,0.456412451357455,0.144679007163846,0.945283739125713,0,1342,87,0.356065826776026,0.000987894184887047,87,0.41025816026141,0.000341841770245323,87,"GroupFilter=TRUE;MinGroup=10;Top=TRUE;TopPct=0.05;Bottom=FALSE;BottomPct=0.05"
"XACETOCHLOR","XFENBUCONAZOLE",-0.0278062274352319,0.872132460190754,0.95615484034031,0.000294433441109886,0.179079095569126,0.0037662246365995,260,16,0.0695751046436119,0.718624914372456,87,0.949183688880552,0.000189585332360843,16,"GroupFilter=TRUE;MinGroup=10;Top=TRUE;TopPct=0.05;Bottom=FALSE;BottomPct=0.05"
"XACETOCHLOR","XIMIDACLOPRID",0.355794830141866,0.00194373421326631,-0.0485454221255479,0.774942072409573,0.475360545482709,3.24347699607449e-65,1138,87,0.34167015335712,0.00100930229092033,87,0.174931177680426,0.260177140016283,87,"GroupFilter=TRUE;MinGroup=10;Top=TRUE;TopPct=0.05;Bottom=FALSE;BottomPct=0.05"
"XACETOCHLOR","XRIMSULFURON",0.110154674998809,0.618916582370703,0.414308359273236,0.140567985967729,0.875331425137782,0,1219,87,0.389468210745872,0.00090463870380236,87,0.533610153928705,0.000333161393979747,87,"GroupFilter=TRUE;MinGroup=10;Top=TRUE;TopPct=0.05;Bottom=FALSE;BottomPct=0.05"
"XACETOCHLOR","XGLUFOSINATE",0.0689701096087093,0.764042902851448,0.397943420408929,0.0768330392797481,0.845098212600094,4.60132227824097e-303,1108,85,0.411802249631585,0.00110736295842168,87,0.454798206889366,0.000221827750753222,85,"GroupFilter=TRUE;MinGroup=10;Top=TRUE;TopPct=0.05;Bottom=FALSE;BottomPct=0.05"
"XACETOCHLOR","XTEBUPIRIMPHOS",0.373977842980136,0.205279269731866,0.0947272877918279,0.785956218247966,0.925797043420658,0,1042,79,0.446318666369056,0.000605259776759779,87,0.493235382099117,0.00130206663577063,79,"GroupFilter=TRUE;MinGroup=10;Top=TRUE;TopPct=0.05;Bottom=FALSE;BottomPct=0.05"
"XACETOCHLOR","XDIFLUFENZOPYR",0.395137646968527,0.0955201380382926,0.0926697730478138,0.776652655843642,0.893261553394102,0,1016,87,0.452813640493375,0.000303214366870508,87,0.557781959911456,0.0012323627147074,87,"GroupFilter=TRUE;MinGroup=10;Top=TRUE;TopPct=0.05;Bottom=FALSE;BottomPct=0.05"
"XACETOCHLOR","XFLUMIOXAZIN",-0.0675889237035751,0.853456299740268,0.777318092233439,0.0692579558982633,0.78155740606676,5.68072812763513e-137,660,74,0.482291879593152,0.0206089305208645,87,0.712218833189578,0.0032590173272714,74,"GroupFilter=TRUE;MinGroup=10;Top=TRUE;TopPct=0.05;Bottom=FALSE;BottomPct=0.05"
"XIMIDACLOPRID","XALACHLOR",0.281156376856321,0.0626035653662718,0.31210658502198,0.00738626595287831,0.226789240947024,1.60691971889784e-15,1205,78,0.416710775815112,0.00390627166682982,80,0.386481593774979,0.00044410089246468,78,"GroupFilter=TRUE;MinGroup=10;Top=TRUE;TopPct=0.05;Bottom=FALSE;BottomPct=0.05"
"XIMIDACLOPRID","XATRAZINE",0.212214729236788,0.148166907624632,0.357761630468662,0.00139861150223307,0.334590068459604,6.6202944406434e-35,1282,79,0.389457997025588,0.00506687154162281,80,0.418075769334579,6.50008203269542e-05,79,"GroupFilter=TRUE;MinGroup=10;Top=TRUE;TopPct=0.05;Bottom=FALSE;BottomPct=0.05"
"XIMIDACLOPRID","XCARBARYL",0.295958390713722,0.0400645329855276,0.224586553338582,0.13423487682014,0.332820818526397,2.80792911247774e-35,1311,80,0.372499479508397,0.0061072244339417,80,0.339698384177295,0.0151769322343869,80,"GroupFilter=TRUE;MinGroup=10;Top=TRUE;TopPct=0.05;Bottom=FALSE;BottomPct=0.05"
"XIMIDACLOPRID","XCHLOROTHALONIL",0.300808143564451,0.0525306755789231,0.104311129778446,0.469559119304763,0.476318041151185,2.26078981311664e-75,1314,80,0.355530635245241,0.00878900510070724,80,0.241382753137968,0.0558327244255702,80,"GroupFilter=TRUE;MinGroup=10;Top=TRUE;TopPct=0.05;Bottom=FALSE;BottomPct=0.05"
"XIMIDACLOPRID","XCLOPYRALID",0.315630405363121,0.0248860488557578,0.321398543466199,0.0112736369345939,0.200490431691635,4.79174339380358e-13,1277,80,0.394770632113932,0.00460414875276451,80,0.386646572771328,0.00180767396267576,80,"GroupFilter=TRUE;MinGroup=10;Top=TRUE;TopPct=0.05;Bottom=FALSE;BottomPct=0.05"
"XIMIDACLOPRID","XCYFLUTHRIN",0.216266556999738,0.161025288266585,0.371910572525313,0.0243884885034629,0.418849044570344,2.16030713544602e-49,1134,79,0.329414117155511,0.0250314967886936,80,0.449674011982967,0.00401856103150207,79,"GroupFilter=TRUE;MinGroup=10;Top=TRUE;TopPct=0.05;Bottom=FALSE;BottomPct=0.05"
"XIMIDACLOPRID","XCYHALOTHRINLAMBDA",0.249939298774554,0.0907432208857475,0.430554079511657,0.0148725751700816,0.425032558932141,7.98929266089334e-57,1269,80,0.37957833016112,0.0064353928555161,80,0.537571574960384,0.00118539096903841,80,"GroupFilter=TRUE;MinGroup=10;Top=TRUE;TopPct=0.05;Bottom=FALSE;BottomPct=0.05"
"XIMIDACLOPRID","XDIAZINON",0.150311571766427,0.318650496236633,0.27713868421377,0.062226417978699,0.216158208478158,2.72446725327852e-14,1213,80,0.239779086428073,0.0933296679283001,80,0.324131999137549,0.0220726542259902,80,"GroupFilter=TRUE;MinGroup=10;Top=TRUE;TopPct=0.05;Bottom=FALSE;BottomPct=0.05"
"XIMIDACLOPRID","XESFENVALERATE",0.131206057835812,0.407852406115663,0.444575763887271,0.00744912365539822,0.488262095442938,9.20039234885841e-78,1282,80,0.351337402432493,0.011092820853878,80,0.516799708852701,0.000307395388860194,80,"GroupFilter=TRUE;MinGroup=10;Top=TRUE;TopPct=0.05;Bottom=FALSE;BottomPct=0.05"
"XIMIDACLOPRID","XGLYPHOSATE",0.174918456643029,0.217218020151679,0.539748493192035,0.000309723860443437,0.409167988215965,1.22993090337245e-54,1325,80,0.367423110608427,0.00652259287245432,80,0.605824135872793,1.57956550808419e-05,80,"GroupFilter=TRUE;MinGroup=10;Top=TRUE;TopPct=0.05;Bottom=FALSE;BottomPct=0.05"
"XIMIDACLOPRID","XMETOLACHLOR",0.335834492096002,0.0418536273672506,0.323739237327044,0.00746407318628745,0.0839661576952678,0.00874761092441463,974,80,0.475173147469422,0.00289404487244946,80,0.406666185220202,0.000396321749988039,80,"GroupFilter=TRUE;MinGroup=10;Top=TRUE;TopPct=0.05;Bottom=FALSE;BottomPct=0.05"
"XIMIDACLOPRID","XNICOSULFURON",0.295857336194144,0.0597609901051032,0.478973704445813,0.000135444999500052,0.203534758181029,4.39355518251633e-11,1029,78,0.43478061694168,0.00560629934634558,80,0.534671592259039,1.30703189454358e-05,78,"GroupFilter=TRUE;MinGroup=10;Top=TRUE;TopPct=0.05;Bottom=FALSE;BottomPct=0.05"
"XIMIDACLOPRID","XPENDIMETHALIN",0.322956065244695,0.0186718650629016,0.197434235865356,0.0980920536398962,0.281663964417786,1.77683116970526e-25,1319,80,0.370966140770487,0.00611268962893639,80,0.260034949032831,0.0257009354168054,80,"GroupFilter=TRUE;MinGroup=10;Top=TRUE;TopPct=0.05;Bottom=FALSE;BottomPct=0.05"
"XIMIDACLOPRID","XPICLORAM",0.342322449588392,0.026526351059475,0.377422759433025,0.0207413447583714,0.0977428485838413,0.00106101101520324,1119,70,0.408582357129632,0.00729498296447427,80,0.444613728317655,0.00573897502204962,70,"GroupFilter=TRUE;MinGroup=10;Top=TRUE;TopPct=0.05;Bottom=FALSE;BottomPct=0.05"
"XIMIDACLOPRID","XPROPARGITE",0.267169014302417,0.122766922244375,-0.435455429559613,0.00027177318380693,0.366420521831083,1.29212423746371e-24,730,73,0.0420176709394833,0.799116422950014,80,-0.370677818054385,0.00093761124416097,73,"GroupFilter=TRUE;MinGroup=10;Top=TRUE;TopPct=0.05;Bottom=FALSE;BottomPct=0.05"
"XIMIDACLOPRID","XSETHOXYDIM",0.318929799446531,0.0266422330574952,0.299548942402803,0.0127125923833951,0.0616126127760859,0.0316168193971704,1217,80,0.371308525431373,0.00978402346313772,80,0.339359838804081,0.00434145657599378,80,"GroupFilter=TRUE;MinGroup=10;Top=TRUE;TopPct=0.05;Bottom=FALSE;BottomPct=0.05"
"XIMIDACLOPRID","XSIMAZINE",0.305128150747124,0.0450482904726199,0.441336023416961,0.000999650368592419,0.397745385421388,5.91290317657086e-42,1072,80,0.449967081549787,0.00249733162964404,80,0.522749101245826,5.01983643713273e-05,80,"GroupFilter=TRUE;MinGroup=10;Top=TRUE;TopPct=0.05;Bottom=FALSE;BottomPct=0.05"
"XIMIDACLOPRID","XTERBUFOS",0.353540524070181,0.0449759716638307,0.365400114950244,0.00771243535413871,0.146072251175905,8.55225011859778e-06,921,77,0.445811425926619,0.0109003970518121,80,0.422047740458962,0.00170590515490049,77,"GroupFilter=TRUE;MinGroup=10;Top=TRUE;TopPct=0.05;Bottom=FALSE;BottomPct=0.05"
"XIMIDACLOPRID","XDIMETHENAMID",0.257379257886833,0.122139712031016,0.328228479403106,0.00250427842623486,0.268082886306311,6.1562078265476e-18,1001,77,0.3848184247819,0.0189967176572154,80,0.370937307168345,0.000424775012045251,77,"GroupFilter=TRUE;MinGroup=10;Top=TRUE;TopPct=0.05;Bottom=FALSE;BottomPct=0.05"
"XIMIDACLOPRID","XFENBUCONAZOLE",-0.0962592970869447,0.598124244847935,0.474954886882295,0.00876333578321874,0.316357018521092,1.11932493471397e-10,397,28,0.0534815843853441,0.764247382085048,80,0.445425427287105,0.00989963841613513,28,"GroupFilter=TRUE;MinGroup=10;Top=TRUE;TopPct=0.05;Bottom=FALSE;BottomPct=0.05"
"XIMIDACLOPRID","XACETOCHLOR",0.381075423953066,0.0193061567190731,0.331897669472326,0.0010891681116512,0.266280397976536,8.96284769318207e-18,1005,77,0.513640087524489,0.00138460766290774,80,0.393319917595134,7.22040627366649e-05,77,"GroupFilter=TRUE;MinGroup=10;Top=TRUE;TopPct=0.05;Bottom=FALSE;BottomPct=0.05"
"XIMIDACLOPRID","XRIMSULFURON",0.288249879219408,0.0718527340335021,0.448455366499513,0.00172555443839578,0.290838416081487,1.20929110783715e-21,1036,79,0.423186195244762,0.00657841529254055,80,0.525426477704865,0.000139872493292982,79,"GroupFilter=TRUE;MinGroup=10;Top=TRUE;TopPct=0.05;Bottom=FALSE;BottomPct=0.05"
"XIMIDACLOPRID","XGLUFOSINATE",0.218517745345702,0.239051620582859,0.403867939972833,0.000767226090531785,0.396452772792851,9.88080669663645e-36,913,78,0.456509623001157,0.00904172039193514,80,0.461576440905425,3.26306296647731e-05,78,"GroupFilter=TRUE;MinGroup=10;Top=TRUE;TopPct=0.05;Bottom=FALSE;BottomPct=0.05"
"XIMIDACLOPRID","XTEBUPIRIMPHOS",0.419661865726759,0.0853737216927894,0.468153316571836,0.00731310223259704,0.341658525258675,4.81564537301441e-19,643,57,0.574138352513056,0.0168519720781218,80,0.543588537597586,0.00143631778729555,57,"GroupFilter=TRUE;MinGroup=10;Top=TRUE;TopPct=0.05;Bottom=FALSE;BottomPct=0.05"
"XIMIDACLOPRID","XDIFLUFENZOPYR",0.388209937845741,0.0313388949956431,0.400251826406288,0.0178707097027551,0.350281008731002,1.2605601090691e-25,839,76,0.50391194804982,0.00392913226063818,80,0.505463754314772,0.00209251825524187,76,"GroupFilter=TRUE;MinGroup=10;Top=TRUE;TopPct=0.05;Bottom=FALSE;BottomPct=0.05"
"XIMIDACLOPRID","XFLUMIOXAZIN",-0.197178977286971,0.49867223537763,0.874259373875949,0.000244372006136856,0.403373204825198,6.77929966079252e-20,472,71,0.416386682325771,0.0892173455408392,80,0.782114320237099,7.78806411219964e-05,71,"GroupFilter=TRUE;MinGroup=10;Top=TRUE;TopPct=0.05;Bottom=FALSE;BottomPct=0.05"
"XRIMSULFURON","XALACHLOR",0.216478257351145,0.249124986117827,0.178260073866031,0.317623066388753,0.701504772959189,3.6930083955051e-197,1327,86,0.345235732448962,0.011960575578376,87,0.321134812924643,0.0132434506455229,86,"GroupFilter=TRUE;MinGroup=10;Top=TRUE;TopPct=0.05;Bottom=FALSE;BottomPct=0.05"
"XRIMSULFURON","XATRAZINE",-0.0152123451716279,0.94388692450062,0.385512955952879,0.0432449042317554,0.830534110873266,0,1378,87,0.331658284117237,0.012143145090745,87,0.374810302535949,0.00128367751724568,87,"GroupFilter=TRUE;MinGroup=10;Top=TRUE;TopPct=0.05;Bottom=FALSE;BottomPct=0.05"
"XRIMSULFURON","XCARBARYL",0.247349400010948,0.0904117228115877,0.206193903667252,0.202030626654538,0.51572667407275,3.59526199023845e-95,1388,87,0.330479881591881,0.0121152601159887,87,0.329483817502604,0.0227033162770359,87,"GroupFilter=TRUE;MinGroup=10;Top=TRUE;TopPct=0.05;Bottom=FALSE;BottomPct=0.05"
"XRIMSULFURON","XCHLOROTHALONIL",0.288420548254237,0.033430732742425,0.331515059479548,0.0159834917397584,0.209970187122869,8.89704774219163e-15,1336,87,0.346473594939248,0.0104689105847021,87,0.382481934176716,0.00517906188351914,87,"GroupFilter=TRUE;MinGroup=10;Top=TRUE;TopPct=0.05;Bottom=FALSE;BottomPct=0.05"
"XRIMSULFURON","XCLOPYRALID",0.293662510240604,0.123055095464722,0.0560383554155465,0.772862991471957,0.76695132572176,3.42126859163374e-267,1377,87,0.333560760462288,0.0117486778433496,87,0.270367156476144,0.0459415032075994,87,"GroupFilter=TRUE;MinGroup=10;Top=TRUE;TopPct=0.05;Bottom=FALSE;BottomPct=0.05"
"XRIMSULFURON","XCYFLUTHRIN",0.183543362484261,0.32561660979612,0.23566382686107,0.305857041256435,0.725589301297331,1.13209395607314e-210,1286,87,0.314581520900162,0.0220863210677961,87,0.388712487284087,0.0222288844019393,87,"GroupFilter=TRUE;MinGroup=10;Top=TRUE;TopPct=0.05;Bottom=FALSE;BottomPct=0.05"
"XRIMSULFURON","XCYHALOTHRINLAMBDA",0.198414631094645,0.230860449726437,0.308845285618063,0.197238199970125,0.671762821147011,1.02807868997095e-182,1387,87,0.330016376142568,0.0122523312001462,87,0.483606935925569,0.0116897890473013,87,"GroupFilter=TRUE;MinGroup=10;Top=TRUE;TopPct=0.05;Bottom=FALSE;BottomPct=0.05"
"XRIMSULFURON","XDIAZINON",0.268782640671502,0.0706722123344267,0.27519611165084,0.0842656627173104,0.217971087392131,2.0988337610491e-13,1110,87,0.312022975567631,0.0328495600238947,87,0.322630121789669,0.0419602825493737,87,"GroupFilter=TRUE;MinGroup=10;Top=TRUE;TopPct=0.05;Bottom=FALSE;BottomPct=0.05"
"XRIMSULFURON","XESFENVALERATE",0.0735458714079682,0.651498928045321,0.461801987247339,0.0129931500265622,0.659901361857621,3.45272597807843e-171,1363,87,0.307244992384589,0.022739032148255,87,0.511523795477345,0.00075913393222407,87,"GroupFilter=TRUE;MinGroup=10;Top=TRUE;TopPct=0.05;Bottom=FALSE;BottomPct=0.05"
"XRIMSULFURON","XGLYPHOSATE",-0.0584581682783608,0.797014087518854,0.533169345517245,0.0370024406692284,0.850202266005906,0,1388,87,0.330479881591881,0.0121152601159887,87,0.47935849405872,0.00132677813639639,87,"GroupFilter=TRUE;MinGroup=10;Top=TRUE;TopPct=0.05;Bottom=FALSE;BottomPct=0.05"
"XRIMSULFURON","XMETOLACHLOR",0.321927882751766,0.124935959858117,0.146210538833372,0.430498555475479,0.618932805522268,4.43100158264818e-123,1155,87,0.439157963332497,0.00323274586747257,87,0.348451677181496,0.00810731290065994,87,"GroupFilter=TRUE;MinGroup=10;Top=TRUE;TopPct=0.05;Bottom=FALSE;BottomPct=0.05"
"XRIMSULFURON","XNICOSULFURON",0.0313586170410732,0.908727890846725,0.380152262610331,0.122180492314235,0.817564486865757,5.46228842634868e-306,1269,87,0.39159326803576,0.00662934321175678,87,0.404325050508676,0.00178621340400812,87,"GroupFilter=TRUE;MinGroup=10;Top=TRUE;TopPct=0.05;Bottom=FALSE;BottomPct=0.05"
"XRIMSULFURON","XPENDIMETHALIN",0.324172651849295,0.0688647262177084,0.00986916802162317,0.960040799051378,0.719718535844126,9.70554597078124e-222,1387,87,0.330458469234642,0.0121476756900504,87,0.25004363522323,0.0878014926306672,87,"GroupFilter=TRUE;MinGroup=10;Top=TRUE;TopPct=0.05;Bottom=FALSE;BottomPct=0.05"
"XRIMSULFURON","XPICLORAM",0.333050949839356,0.0231170511551091,0.299237591208093,0.0769177166526448,0.25912417045744,1.34894080144324e-20,1248,79,0.387790764264806,0.00715994235400193,87,0.376288589687985,0.024390560883347,79,"GroupFilter=TRUE;MinGroup=10;Top=TRUE;TopPct=0.05;Bottom=FALSE;BottomPct=0.05"
"XRIMSULFURON","XPROPARGITE",0.1667292594585,0.430436558359366,-0.480112415647515,0.00355159209973686,0.11239341206272,0.00863562777904205,545,72,0.154132737835989,0.470183012463448,87,-0.479290651059224,0.00369746889886053,72,"GroupFilter=TRUE;MinGroup=10;Top=TRUE;TopPct=0.05;Bottom=FALSE;BottomPct=0.05"
"XRIMSULFURON","XSETHOXYDIM",0.299495881784299,0.0590466358772148,-0.00414367858529123,0.979108527446741,0.507109965655326,1.09122850234102e-87,1328,87,0.297495756383302,0.0298385398646608,87,0.144984728874795,0.290993596506393,87,"GroupFilter=TRUE;MinGroup=10;Top=TRUE;TopPct=0.05;Bottom=FALSE;BottomPct=0.05"
"XRIMSULFURON","XSIMAZINE",0.1640927040208,0.3775685988994,0.351844645283872,0.0451934233986307,0.670878243636294,1.33310990384745e-163,1245,86,0.390238455193297,0.00919388477846442,87,0.447212721389706,0.00142067904479497,86,"GroupFilter=TRUE;MinGroup=10;Top=TRUE;TopPct=0.05;Bottom=FALSE;BottomPct=0.05"
"XRIMSULFURON","XTERBUFOS",0.244129152339376,0.219431870632206,0.145741343314568,0.455100292331948,0.545884816981718,1.33903915306423e-90,1154,86,0.333670607386058,0.0361935325531292,87,0.291180887411253,0.0616695086733613,86,"GroupFilter=TRUE;MinGroup=10;Top=TRUE;TopPct=0.05;Bottom=FALSE;BottomPct=0.05"
"XRIMSULFURON","XDIMETHENAMID",0.04369850155359,0.85413763006218,0.331179716337275,0.07272800058891,0.777195543950745,1.14865901827102e-244,1207,86,0.37598833035604,0.0125050830125812,87,0.357718092847729,0.00217363794602514,86,"GroupFilter=TRUE;MinGroup=10;Top=TRUE;TopPct=0.05;Bottom=FALSE;BottomPct=0.05"
"XRIMSULFURON","XFENBUCONAZOLE",0.00959027729836045,0.961192045385812,0.583313401978128,0.00286485898942577,0.0941320168863395,0.111548110922922,287,22,0.0544437435892068,0.791395710666551,87,0.583349798043348,0.00251211756002641,22,"GroupFilter=TRUE;MinGroup=10;Top=TRUE;TopPct=0.05;Bottom=FALSE;BottomPct=0.05"
"XRIMSULFURON","XACETOCHLOR",0.170164711675077,0.498842494867136,0.252125266624674,0.177710853731144,0.826105962867589,1.10055824287867e-304,1216,86,0.442585399685494,0.00346288875460409,87,0.354188619093878,0.00167161063174244,86,"GroupFilter=TRUE;MinGroup=10;Top=TRUE;TopPct=0.05;Bottom=FALSE;BottomPct=0.05"
"XRIMSULFURON","XIMIDACLOPRID",0.263129420495492,0.0888055758920125,0.0285713776416267,0.856373433251355,0.43484842027775,3.69195699886711e-55,1170,87,0.274003990091607,0.0554673471117076,87,0.125880454141255,0.391497465099522,87,"GroupFilter=TRUE;MinGroup=10;Top=TRUE;TopPct=0.05;Bottom=FALSE;BottomPct=0.05"
"XRIMSULFURON","XGLUFOSINATE",-0.00534560785757938,0.982684386734997,0.332415854252229,0.0669708075188676,0.800198477883116,1.70884598143339e-258,1156,85,0.351044089878707,0.0214734653858461,87,0.329321881433632,0.00343545901686583,85,"GroupFilter=TRUE;MinGroup=10;Top=TRUE;TopPct=0.05;Bottom=FALSE;BottomPct=0.05"
"XRIMSULFURON","XTEBUPIRIMPHOS",0.0582758683822983,0.855052905696227,0.547585777551036,0.0792235107395566,0.818530649919481,1.90763109854953e-230,950,69,0.498381225651002,0.0123421681336975,87,0.592572501429014,0.00229869550987753,69,"GroupFilter=TRUE;MinGroup=10;Top=TRUE;TopPct=0.05;Bottom=FALSE;BottomPct=0.05"
"XRIMSULFURON","XDIFLUFENZOPYR",0.177438565616069,0.501724125283762,0.310777354516657,0.273917521413124,0.848552755417775,3.71234548819518e-291,1047,87,0.409431359453052,0.011022773795699,87,0.461786603709293,0.00798261573446558,87,"GroupFilter=TRUE;MinGroup=10;Top=TRUE;TopPct=0.05;Bottom=FALSE;BottomPct=0.05"
"XRIMSULFURON","XFLUMIOXAZIN",-0.433894763548628,0.267615390492173,0.646298264662936,0.036408757241612,0.754517813463708,3.79113424671681e-128,691,80,0.198315727219303,0.428137382309713,87,0.382442742225788,0.0519874324524139,80,"GroupFilter=TRUE;MinGroup=10;Top=TRUE;TopPct=0.05;Bottom=FALSE;BottomPct=0.05"
"XGLUFOSINATE","XALACHLOR",0.267815691021758,0.124402780448057,0.120578449608942,0.544016075388468,0.714460292656073,5.39884726423919e-184,1174,80,0.347507443011725,0.00274402105317107,80,0.351835509309628,0.00760847568007004,80,"GroupFilter=TRUE;MinGroup=10;Top=TRUE;TopPct=0.05;Bottom=FALSE;BottomPct=0.05"
"XGLUFOSINATE","XATRAZINE",0.230404325014129,0.231723004796678,0.139960919914502,0.533174260405203,0.789731082928656,1.94569968450915e-255,1195,80,0.328602508833124,0.00351355676730934,80,0.35929011162835,0.00649698933202439,80,"GroupFilter=TRUE;MinGroup=10;Top=TRUE;TopPct=0.05;Bottom=FALSE;BottomPct=0.05"
"XGLUFOSINATE","XCARBARYL",0.35684447454734,0.00496253363982544,-0.132340956792487,0.542270571915429,0.417556058564782,1.55783393074524e-51,1193,80,0.321743864997832,0.004343088988169,80,0.138753008294796,0.475599375371972,80,"GroupFilter=TRUE;MinGroup=10;Top=TRUE;TopPct=0.05;Bottom=FALSE;BottomPct=0.05"
"XGLUFOSINATE","XCHLOROTHALONIL",0.316657253278889,0.00605044371697081,0.18969368269776,0.257289074972141,0.046497811921914,0.116149909080002,1143,80,0.3217091220114,0.00539150597152716,80,0.202904194866805,0.232638789633582,80,"GroupFilter=TRUE;MinGroup=10;Top=TRUE;TopPct=0.05;Bottom=FALSE;BottomPct=0.05"
"XGLUFOSINATE","XCLOPYRALID",0.321240362576898,0.0590707567446709,0.0157513821995471,0.940991270476914,0.736941554281058,2.1610002948114e-201,1173,80,0.330762033387507,0.00403760284384382,80,0.313232112913472,0.0309220940078706,80,"GroupFilter=TRUE;MinGroup=10;Top=TRUE;TopPct=0.05;Bottom=FALSE;BottomPct=0.05"
"XGLUFOSINATE","XCYFLUTHRIN",0.286681583018725,0.0940267076636266,0.0273913503287557,0.921543462997271,0.764812939875755,4.64156750970265e-221,1148,80,0.298965886985956,0.0121044320171991,80,0.363325738407076,0.0617995582120225,80,"GroupFilter=TRUE;MinGroup=10;Top=TRUE;TopPct=0.05;Bottom=FALSE;BottomPct=0.05"
"XGLUFOSINATE","XCYHALOTHRINLAMBDA",0.275559654626935,0.0885010468301308,0.0960864055924691,0.724079869235389,0.752184836211102,2.89881419419539e-215,1178,80,0.316182555308347,0.00597166267536975,80,0.424484090337598,0.0288090010059691,80,"GroupFilter=TRUE;MinGroup=10;Top=TRUE;TopPct=0.05;Bottom=FALSE;BottomPct=0.05"
"XGLUFOSINATE","XDIAZINON",0.352115633996926,0.00877434609371121,0.338591289596016,0.0812646058799316,0.0692600078832978,0.0378708410229629,899,80,0.36981310468597,0.00540847213544336,80,0.382953213009982,0.0498228130109606,80,"GroupFilter=TRUE;MinGroup=10;Top=TRUE;TopPct=0.05;Bottom=FALSE;BottomPct=0.05"
"XGLUFOSINATE","XESFENVALERATE",0.243724688425122,0.103259422404643,0.191193608830029,0.454445282735315,0.700839962729632,2.48002548919545e-175,1182,80,0.316794554059833,0.00566463567022411,80,0.462362829663361,0.017899745556167,80,"GroupFilter=TRUE;MinGroup=10;Top=TRUE;TopPct=0.05;Bottom=FALSE;BottomPct=0.05"
"XGLUFOSINATE","XGLYPHOSATE",0.174165596955374,0.427686054580899,0.251441348448756,0.415640488338387,0.888581794954786,0,1195,80,0.328602508833124,0.00351355676730934,80,0.462675961241972,0.00382423053523359,80,"GroupFilter=TRUE;MinGroup=10;Top=TRUE;TopPct=0.05;Bottom=FALSE;BottomPct=0.05"
"XGLUFOSINATE","XMETOLACHLOR",0.36984379781187,0.0514172541316514,0.0552144016234255,0.777655006444784,0.550280138494998,7.33069787577317e-81,1008,80,0.407560132800564,0.00277982382052501,80,0.32353794574069,0.0210010592043451,80,"GroupFilter=TRUE;MinGroup=10;Top=TRUE;TopPct=0.05;Bottom=FALSE;BottomPct=0.05"
"XGLUFOSINATE","XNICOSULFURON",0.14711963638303,0.44336641920367,0.346717717502679,0.141402867884446,0.677829768503663,2.57373729155073e-148,1096,79,0.360259175645567,0.00468679494411884,80,0.483225154289407,0.00203686078797315,79,"GroupFilter=TRUE;MinGroup=10;Top=TRUE;TopPct=0.05;Bottom=FALSE;BottomPct=0.05"
"XGLUFOSINATE","XPENDIMETHALIN",0.339753575118978,0.0379421608730417,-0.0222004623303688,0.9251308691222,0.681890078979566,3.19874024759382e-164,1195,80,0.328602508833124,0.00351355676730934,80,0.335765586345362,0.0400829748324874,80,"GroupFilter=TRUE;MinGroup=10;Top=TRUE;TopPct=0.05;Bottom=FALSE;BottomPct=0.05"
"XGLUFOSINATE","XPICLORAM",0.371098556870761,0.00539813464611953,0.00189601553525604,0.992460584563072,0.315420617397942,1.04254055294019e-25,1051,72,0.371647214802966,0.00330783719264287,80,0.181649438471755,0.347251265386449,72,"GroupFilter=TRUE;MinGroup=10;Top=TRUE;TopPct=0.05;Bottom=FALSE;BottomPct=0.05"
"XGLUFOSINATE","XPROPARGITE",0.18532201444247,0.35150945338767,-0.483417190243868,0.0181829670787896,0.263731070891544,1.7816885855736e-06,319,64,0.0827149987494952,0.69159150832886,80,-0.45363259486176,0.0312171608408592,64,"GroupFilter=TRUE;MinGroup=10;Top=TRUE;TopPct=0.05;Bottom=FALSE;BottomPct=0.05"
"XGLUFOSINATE","XSETHOXYDIM",0.259528515653263,0.0681037513841352,0.144238057365386,0.455964023790024,0.543883080706187,6.8505508699811e-91,1168,80,0.323888123619873,0.00460668878318113,80,0.357239071065694,0.0218382917322134,80,"GroupFilter=TRUE;MinGroup=10;Top=TRUE;TopPct=0.05;Bottom=FALSE;BottomPct=0.05"
"XGLUFOSINATE","XSIMAZINE",0.241639471359051,0.147768614814966,0.0818827008555658,0.747011730705146,0.716007851508701,1.60250829864443e-174,1106,76,0.278751305273258,0.0221152708696308,80,0.335971567900079,0.0687514648079862,76,"GroupFilter=TRUE;MinGroup=10;Top=TRUE;TopPct=0.05;Bottom=FALSE;BottomPct=0.05"
"XGLUFOSINATE","XTERBUFOS",0.298898438919143,0.106254687253554,0.0621780600104256,0.777063283669383,0.554742774282786,1.28236626530181e-85,1048,80,0.33459648257546,0.0140064260453213,80,0.304362854156324,0.0593674369203257,80,"GroupFilter=TRUE;MinGroup=10;Top=TRUE;TopPct=0.05;Bottom=FALSE;BottomPct=0.05"
"XGLUFOSINATE","XDIMETHENAMID",0.311743314741204,0.128391446478675,0.0617386647746824,0.754192520759388,0.731026027204656,8.24025583364184e-182,1084,80,0.362111144892833,0.00479703341404191,80,0.297289272830422,0.016148430411233,80,"GroupFilter=TRUE;MinGroup=10;Top=TRUE;TopPct=0.05;Bottom=FALSE;BottomPct=0.05"
"XGLUFOSINATE","XFENBUCONAZOLE",0.0832892126356543,0.588872565461799,0.495074099630262,0.0116758620407012,0.135497864914956,0.0131946996040906,334,28,0.123070785851414,0.435037269526025,80,0.505256955290987,0.00939591147091755,28,"GroupFilter=TRUE;MinGroup=10;Top=TRUE;TopPct=0.05;Bottom=FALSE;BottomPct=0.05"
"XGLUFOSINATE","XACETOCHLOR",0.308358284818385,0.17326553220666,0.0532759190784732,0.805435203946288,0.79147936637162,2.59240205694549e-229,1064,79,0.353286109131716,0.00913326320544718,80,0.290751071503462,0.0249823265116016,79,"GroupFilter=TRUE;MinGroup=10;Top=TRUE;TopPct=0.05;Bottom=FALSE;BottomPct=0.05"
"XGLUFOSINATE","XIMIDACLOPRID",0.370811130459049,0.00622969758067408,-0.25373853195113,0.189870887472813,0.516854886839294,8.76725457610379e-69,991,80,0.285811275818903,0.0167294019061759,80,-0.00849741977283571,0.960689695578849,80,"GroupFilter=TRUE;MinGroup=10;Top=TRUE;TopPct=0.05;Bottom=FALSE;BottomPct=0.05"
"XGLUFOSINATE","XRIMSULFURON",0.167518106080673,0.414207517200304,0.243448528022942,0.354525172146726,0.811478538987149,3.4191554141993e-265,1129,80,0.319979443164845,0.00959434771890373,80,0.415832219718318,0.00863349212865159,80,"GroupFilter=TRUE;MinGroup=10;Top=TRUE;TopPct=0.05;Bottom=FALSE;BottomPct=0.05"
"XGLUFOSINATE","XTEBUPIRIMPHOS",0.331720255638236,0.196042142609388,0.267868610796517,0.367119717562464,0.692288098506325,2.12201243410157e-126,879,60,0.491218421439503,0.00890249136305436,80,0.533646324714624,0.0140588971298267,60,"GroupFilter=TRUE;MinGroup=10;Top=TRUE;TopPct=0.05;Bottom=FALSE;BottomPct=0.05"
"XGLUFOSINATE","XDIFLUFENZOPYR",0.30940473417587,0.146832865059595,0.120113512497982,0.684730787726022,0.776911540962311,1.89880621054701e-186,919,78,0.373539128165082,0.00997923251091878,80,0.437624854750421,0.0302020624331436,78,"GroupFilter=TRUE;MinGroup=10;Top=TRUE;TopPct=0.05;Bottom=FALSE;BottomPct=0.05"
"XGLUFOSINATE","XFLUMIOXAZIN",0.00769951631848923,0.980560374352794,0.462217301325705,0.178896604258688,0.815382019628403,2.21119464633e-162,677,79,0.353682357490367,0.0575738502405228,80,0.469093766424583,0.0198892979130388,79,"GroupFilter=TRUE;MinGroup=10;Top=TRUE;TopPct=0.05;Bottom=FALSE;BottomPct=0.05"
"XTEBUPIRIMPHOS","XALACHLOR",0.585480702872579,0.0900248201029448,0.0770323535697616,0.835221648041886,0.780841621253915,3.661035053494e-181,878,55,0.638556806494644,0.00729715968269711,55,0.537110826928427,0.0367142207824861,55,"GroupFilter=TRUE;MinGroup=10;Top=TRUE;TopPct=0.05;Bottom=FALSE;BottomPct=0.05"
"XTEBUPIRIMPHOS","XATRAZINE",0.564668193464405,0.156341855022689,0.114729842323074,0.81961445760611,0.846493337841119,4.8616478450019e-242,878,55,0.638556806494644,0.00729715968269711,55,0.691364203041423,0.0232512259499201,55,"GroupFilter=TRUE;MinGroup=10;Top=TRUE;TopPct=0.05;Bottom=FALSE;BottomPct=0.05"
"XTEBUPIRIMPHOS","XCARBARYL",0.627011562457426,0.011900477273036,0.00301496806002224,0.991216666607255,0.325800566090079,4.145014942018e-23,876,55,0.627796271796809,0.00909288453133058,55,0.180977619988293,0.494878521122501,55,"GroupFilter=TRUE;MinGroup=10;Top=TRUE;TopPct=0.05;Bottom=FALSE;BottomPct=0.05"
"XTEBUPIRIMPHOS","XCHLOROTHALONIL",0.564439123676759,0.0268674041861585,0.140868937794191,0.523284724894009,0.313801274183437,2.11733365850296e-20,829,55,0.608667536637362,0.0135279693774961,55,0.268374783920261,0.209517334662398,55,"GroupFilter=TRUE;MinGroup=10;Top=TRUE;TopPct=0.05;Bottom=FALSE;BottomPct=0.05"
"XTEBUPIRIMPHOS","XCLOPYRALID",0.598542849838527,0.0416254540450273,0.0900695966620461,0.820803893545126,0.670279484538786,1.35920553618773e-115,878,55,0.638556806494644,0.00729715968269711,55,0.571357893044921,0.0749737317317305,55,"GroupFilter=TRUE;MinGroup=10;Top=TRUE;TopPct=0.05;Bottom=FALSE;BottomPct=0.05"
"XTEBUPIRIMPHOS","XCYFLUTHRIN",0.451194697291676,0.197752969378864,0.453935064242388,0.471901292367757,0.735935380910316,1.54197829723929e-150,878,55,0.638556806494644,0.00729715968269711,55,1.05673608050988,0.0128603395030378,55,"GroupFilter=TRUE;MinGroup=10;Top=TRUE;TopPct=0.05;Bottom=FALSE;BottomPct=0.05"
"XTEBUPIRIMPHOS","XCYHALOTHRINLAMBDA",0.571562279345405,0.0556515200231465,0.177827909707228,0.717662569974883,0.654978027568392,1.05088991490817e-108,878,55,0.638556806494644,0.00729715968269711,55,0.755582589006291,0.0535131253485982,55,"GroupFilter=TRUE;MinGroup=10;Top=TRUE;TopPct=0.05;Bottom=FALSE;BottomPct=0.05"
"XTEBUPIRIMPHOS","XDIAZINON",0.622439520797815,0.048556395807161,0.377343314238095,0.202020843506662,0.363993291108583,2.50006028823858e-20,603,55,0.740247738990828,0.0138622396491834,55,0.552542937803026,0.0517646967225162,55,"GroupFilter=TRUE;MinGroup=10;Top=TRUE;TopPct=0.05;Bottom=FALSE;BottomPct=0.05"
"XTEBUPIRIMPHOS","XESFENVALERATE",0.540089545475312,0.0565889359370526,0.309883569841727,0.390312291999481,0.527827753454818,2.34503818236071e-63,867,55,0.648672643976262,0.0111098734682274,55,0.612687546978439,0.0601389733796238,55,"GroupFilter=TRUE;MinGroup=10;Top=TRUE;TopPct=0.05;Bottom=FALSE;BottomPct=0.05"
"XTEBUPIRIMPHOS","XGLYPHOSATE",0.381627404397673,0.317327832632514,0.483563658462448,0.395138641021316,0.777925878634684,5.85579974176029e-179,878,55,0.638556806494644,0.00729715968269711,55,0.932577850421824,0.00960171009481379,55,"GroupFilter=TRUE;MinGroup=10;Top=TRUE;TopPct=0.05;Bottom=FALSE;BottomPct=0.05"
"XTEBUPIRIMPHOS","XMETOLACHLOR",0.876328559521413,0.00793978550067307,-0.259293154572541,0.450156025294542,0.618277765533453,6.79930894918257e-89,832,55,0.705671088820194,0.00390189574967675,55,0.353201873489698,0.168311995038068,55,"GroupFilter=TRUE;MinGroup=10;Top=TRUE;TopPct=0.05;Bottom=FALSE;BottomPct=0.05"
"XTEBUPIRIMPHOS","XNICOSULFURON",0.476006337026173,0.265082720657713,0.239980153243689,0.575043897851674,0.793743078766014,2.15771348424788e-189,869,55,0.669492004241723,0.00862453338450167,55,0.625542045874646,0.0143812364236563,55,"GroupFilter=TRUE;MinGroup=10;Top=TRUE;TopPct=0.05;Bottom=FALSE;BottomPct=0.05"
"XTEBUPIRIMPHOS","XPENDIMETHALIN",1.01044213046369,0.00111919157386513,-0.824605574971443,0.0667385054410671,0.629323393447321,5.12886982587628e-98,878,55,0.638556806494644,0.00729715968269711,55,0.0962674844023077,0.785133296909706,55,"GroupFilter=TRUE;MinGroup=10;Top=TRUE;TopPct=0.05;Bottom=FALSE;BottomPct=0.05"
"XTEBUPIRIMPHOS","XPICLORAM",0.637125778754924,0.00759381124567588,0.0674713628122055,0.801074375568559,0.00970876021423175,0.773899591768469,878,55,0.638556806494644,0.00729715968269711,55,0.0923202914925582,0.732761979714706,55,"GroupFilter=TRUE;MinGroup=10;Top=TRUE;TopPct=0.05;Bottom=FALSE;BottomPct=0.05"
"XTEBUPIRIMPHOS","XPROPARGITE",0.363001818282046,0.368708864919062,-0.690022301501955,0.166061882168823,0.177748835762205,0.023208322376431,163,47,0.155845871343049,0.589791303879408,55,-0.567195738327336,0.239407978498592,47,"GroupFilter=TRUE;MinGroup=10;Top=TRUE;TopPct=0.05;Bottom=FALSE;BottomPct=0.05"
"XTEBUPIRIMPHOS","XSETHOXYDIM",0.720563448803334,0.00958894690775672,-0.157644099300706,0.614936844027084,0.458038828992187,2.44210514101378e-46,870,55,0.647261566333526,0.00672176998393351,55,0.259268779798683,0.336547729078234,55,"GroupFilter=TRUE;MinGroup=10;Top=TRUE;TopPct=0.05;Bottom=FALSE;BottomPct=0.05"
"XTEBUPIRIMPHOS","XSIMAZINE",0.643718607453388,0.0901490995866906,-0.22119803440749,0.547918361739018,0.463280309124014,3.99536355472183e-44,806,55,0.54932121640335,0.112480011936963,55,0.0363574258963366,0.913913022354495,55,"GroupFilter=TRUE;MinGroup=10;Top=TRUE;TopPct=0.05;Bottom=FALSE;BottomPct=0.05"
"XTEBUPIRIMPHOS","XTERBUFOS",0.760131019770826,0.0161176712370885,-0.318989895883496,0.339404356303055,0.615901226663141,2.94601461020882e-91,863,55,0.565603503693911,0.0208506518054537,55,0.190964581031645,0.462390278643336,55,"GroupFilter=TRUE;MinGroup=10;Top=TRUE;TopPct=0.05;Bottom=FALSE;BottomPct=0.05"
"XTEBUPIRIMPHOS","XDIMETHENAMID",0.521176285032893,0.160749072911085,0.141520787768957,0.685225091045048,0.795239957877859,1.4482334198822e-192,878,55,0.638556806494644,0.00729715968269711,55,0.521305530361627,0.0211690313691242,55,"GroupFilter=TRUE;MinGroup=10;Top=TRUE;TopPct=0.05;Bottom=FALSE;BottomPct=0.05"
"XTEBUPIRIMPHOS","XFENBUCONAZOLE",-0.178677903510506,0.586278211552368,0.696024964691168,0.205679878472583,0.00831864994683214,0.940502396192585,83,6,-0.161789868265891,0.623153166580224,55,0.683959402626592,0.211157790516077,6,"GroupFilter=TRUE;MinGroup=10;Top=TRUE;TopPct=0.05;Bottom=FALSE;BottomPct=0.05"
"XTEBUPIRIMPHOS","XACETOCHLOR",0.665112679648063,0.144465439764421,-0.030034350764766,0.945475257396803,0.890519679779489,7.1211827522588e-302,878,55,0.638556806494644,0.00729715968269711,55,0.519936779097732,0.0245153318999493,55,"GroupFilter=TRUE;MinGroup=10;Top=TRUE;TopPct=0.05;Bottom=FALSE;BottomPct=0.05"
"XTEBUPIRIMPHOS","XIMIDACLOPRID",0.755414349984143,0.00472715298204412,-0.346798810345779,0.24961313137766,0.250912867805596,2.88908774779418e-11,683,55,0.681134219930848,0.00898612810456856,55,-0.134232398018886,0.650202770597558,55,"GroupFilter=TRUE;MinGroup=10;Top=TRUE;TopPct=0.05;Bottom=FALSE;BottomPct=0.05"
"XTEBUPIRIMPHOS","XRIMSULFURON",0.467523483872731,0.25235739021882,0.222953462910738,0.580056727691363,0.794145957237374,3.34005324934017e-188,862,55,0.637597978142825,0.0188916670015596,55,0.568638768850843,0.0343229426851241,55,"GroupFilter=TRUE;MinGroup=10;Top=TRUE;TopPct=0.05;Bottom=FALSE;BottomPct=0.05"
"XTEBUPIRIMPHOS","XGLUFOSINATE",0.37705037869452,0.25237447361183,0.344277683757276,0.234256095010665,0.68584196657523,3.31177513103592e-122,872,55,0.644697721888509,0.0082455454708835,55,0.569600879617418,0.00831419146283348,55,"GroupFilter=TRUE;MinGroup=10;Top=TRUE;TopPct=0.05;Bottom=FALSE;BottomPct=0.05"
"XTEBUPIRIMPHOS","XDIFLUFENZOPYR",0.854585401132738,0.0508460094961175,-0.158441341415604,0.746086626276245,0.839527434123886,3.82934675830857e-192,719,55,0.743005495473509,0.00678729908521223,55,0.590002598230402,0.0549639238102625,55,"GroupFilter=TRUE;MinGroup=10;Top=TRUE;TopPct=0.05;Bottom=FALSE;BottomPct=0.05"
"XTEBUPIRIMPHOS","XFLUMIOXAZIN",0.396952591385343,0.349939494006678,0.716425957450189,0.0952412325534272,0.558818527884268,1.12000584809402e-49,589,55,0.819265446652037,0.0172816029504524,55,0.953055563219379,0.00651663183486918,55,"GroupFilter=TRUE;MinGroup=10;Top=TRUE;TopPct=0.05;Bottom=FALSE;BottomPct=0.05"
"XDIFLUFENZOPYR","XALACHLOR",0.450412654541906,0.0933471610742898,0.197197646622803,0.37968988740347,0.767421041048527,1.24223169968225e-201,1035,84,0.617680340227041,0.00123922133712871,84,0.467630630298904,0.00321443776566844,84,"GroupFilter=TRUE;MinGroup=10;Top=TRUE;TopPct=0.05;Bottom=FALSE;BottomPct=0.05"
"XDIFLUFENZOPYR","XATRAZINE",0.0994655000730812,0.738668322118239,0.477233389789333,0.0486617785493334,0.85449516897911,4.78251172025819e-310,1084,84,0.571108979440238,0.00166264790424703,84,0.542186035582813,0.000254433549865615,84,"GroupFilter=TRUE;MinGroup=10;Top=TRUE;TopPct=0.05;Bottom=FALSE;BottomPct=0.05"
"XDIFLUFENZOPYR","XCARBARYL",0.492786213859541,0.0149299345195455,0.144005353296619,0.450629447437705,0.542460195149385,8.25924470530614e-84,1082,84,0.560819415601622,0.00213291492962519,84,0.347345292645209,0.0432949102443908,84,"GroupFilter=TRUE;MinGroup=10;Top=TRUE;TopPct=0.05;Bottom=FALSE;BottomPct=0.05"
"XDIFLUFENZOPYR","XCHLOROTHALONIL",0.5192099605206,0.00632756156527076,0.276096565817861,0.0799522690674275,0.292781490580991,5.52562888661526e-22,1039,84,0.592655501479214,0.00155290505040923,84,0.3666478879487,0.0192237824985938,84,"GroupFilter=TRUE;MinGroup=10;Top=TRUE;TopPct=0.05;Bottom=FALSE;BottomPct=0.05"
"XDIFLUFENZOPYR","XCLOPYRALID",0.456787703019861,0.0557533888921573,0.162401914691111,0.469136039229324,0.732711192528273,6.82743222426279e-183,1083,84,0.571466972069263,0.00165556230203922,84,0.442763610142533,0.00999104053940049,84,"GroupFilter=TRUE;MinGroup=10;Top=TRUE;TopPct=0.05;Bottom=FALSE;BottomPct=0.05"
"XDIFLUFENZOPYR","XCYFLUTHRIN",0.3601534823523,0.131362741788057,0.363149214568555,0.187164443922474,0.720964210817759,2.34824802861054e-171,1064,84,0.565970698382106,0.00203435367925313,84,0.633986709482049,0.00265479239951587,84,"GroupFilter=TRUE;MinGroup=10;Top=TRUE;TopPct=0.05;Bottom=FALSE;BottomPct=0.05"
"XDIFLUFENZOPYR","XCYHALOTHRINLAMBDA",0.470748899656696,0.0353425437393443,0.22681713559996,0.451325267570861,0.67367843909302,3.76928506151036e-144,1083,84,0.571544901239371,0.00165090504108002,84,0.601597225604154,0.0140420232257805,84,"GroupFilter=TRUE;MinGroup=10;Top=TRUE;TopPct=0.05;Bottom=FALSE;BottomPct=0.05"
"XDIFLUFENZOPYR","XDIAZINON",0.572318726944633,0.00784130490316099,0.306730627343878,0.141381379067457,0.315756479855394,2.70471359248654e-21,857,84,0.637780163242605,0.00248828168099035,84,0.418509166972562,0.0428676625711895,84,"GroupFilter=TRUE;MinGroup=10;Top=TRUE;TopPct=0.05;Bottom=FALSE;BottomPct=0.05"
"XDIFLUFENZOPYR","XESFENVALERATE",0.307805241903868,0.180590285534334,0.367864619427404,0.106821258964354,0.646358943578431,5.26780930864605e-125,1048,84,0.51776876680131,0.00690077359529092,84,0.543714790388059,0.00394251675617481,84,"GroupFilter=TRUE;MinGroup=10;Top=TRUE;TopPct=0.05;Bottom=FALSE;BottomPct=0.05"
"XDIFLUFENZOPYR","XGLYPHOSATE",0.223465867882911,0.464559948917014,0.420580536182535,0.161173594819273,0.853674623046024,7.89481836202789e-309,1084,84,0.571108979440238,0.00166264790424703,84,0.598873902296045,0.000885095073443947,84,"GroupFilter=TRUE;MinGroup=10;Top=TRUE;TopPct=0.05;Bottom=FALSE;BottomPct=0.05"
"XDIFLUFENZOPYR","XMETOLACHLOR",0.688413742514798,0.0286220407912966,-0.0160572523121197,0.95127648954811,0.777320549615899,6.46073512651711e-180,885,84,0.673850268523469,0.000947522628967443,84,0.424421305030733,0.0128003956558348,84,"GroupFilter=TRUE;MinGroup=10;Top=TRUE;TopPct=0.05;Bottom=FALSE;BottomPct=0.05"
"XDIFLUFENZOPYR","XNICOSULFURON",0.153496152144599,0.671911215369869,0.473792257004395,0.0949763798333405,0.840805477330627,4.80984833342039e-257,958,84,0.64527825356673,0.00246604989138097,84,0.572014712100039,0.000589521729077298,84,"GroupFilter=TRUE;MinGroup=10;Top=TRUE;TopPct=0.05;Bottom=FALSE;BottomPct=0.05"
"XDIFLUFENZOPYR","XPENDIMETHALIN",0.444887745864777,0.0686924687145486,0.195084438437676,0.447110580089398,0.75780105701619,7.42467219155981e-203,1084,84,0.571108979440238,0.00166264790424703,84,0.511522887530222,0.00725240723370761,84,"GroupFilter=TRUE;MinGroup=10;Top=TRUE;TopPct=0.05;Bottom=FALSE;BottomPct=0.05"
"XDIFLUFENZOPYR","XPICLORAM",0.628914654120029,0.00163518371635229,0.151923047100445,0.469566379017525,0.275018413214252,1.48938623822268e-18,985,77,0.659885512233469,0.000748467135143299,84,0.283029677203254,0.176427864730169,77,"GroupFilter=TRUE;MinGroup=10;Top=TRUE;TopPct=0.05;Bottom=FALSE;BottomPct=0.05"
"XDIFLUFENZOPYR","XPROPARGITE",0.0837571011570765,0.68384203616362,-0.31753625116258,0.0579486852058142,0.535732809406713,1.82779120252206e-25,324,28,-0.121485113156797,0.489117648223957,84,-0.281192308243832,0.0497916522792992,28,"GroupFilter=TRUE;MinGroup=10;Top=TRUE;TopPct=0.05;Bottom=FALSE;BottomPct=0.05"
"XDIFLUFENZOPYR","XSETHOXYDIM",0.517028457333767,0.0175136220102149,0.174726195770833,0.352765782984693,0.546392736105121,1.58460830733119e-79,1008,84,0.613598499211819,0.00148031895931081,84,0.384902976007787,0.021283192659621,84,"GroupFilter=TRUE;MinGroup=10;Top=TRUE;TopPct=0.05;Bottom=FALSE;BottomPct=0.05"
"XDIFLUFENZOPYR","XSIMAZINE",0.514622887910629,0.0644072901002899,0.199356228058659,0.381035371340144,0.666333008362094,4.91680744554979e-120,927,80,0.663363194225464,0.00278361287603267,84,0.459831394812475,0.010837094282575,80,"GroupFilter=TRUE;MinGroup=10;Top=TRUE;TopPct=0.05;Bottom=FALSE;BottomPct=0.05"
"XDIFLUFENZOPYR","XTERBUFOS",0.465105050134455,0.102259191635045,0.371910317853928,0.19162073558967,0.691611867814179,1.83162355680675e-128,896,84,0.710724475653458,0.00101663316942999,84,0.678893816434052,0.0016977421705785,84,"GroupFilter=TRUE;MinGroup=10;Top=TRUE;TopPct=0.05;Bottom=FALSE;BottomPct=0.05"
"XDIFLUFENZOPYR","XDIMETHENAMID",0.329799999621202,0.331168631687596,0.348526651613955,0.173100403490757,0.817649967520704,3.45821335003413e-220,911,84,0.691129772039042,0.00129053488193098,84,0.542519235628966,0.000838266638263087,84,"GroupFilter=TRUE;MinGroup=10;Top=TRUE;TopPct=0.05;Bottom=FALSE;BottomPct=0.05"
"XDIFLUFENZOPYR","XFENBUCONAZOLE",-0.0183398582440309,0.950017437558858,0.811710252205372,0.00588553404960677,-0.0316944836317972,0.661702741672984,193,18,-0.0282201110110315,0.926570047201684,84,0.808647421243842,0.00549149898269974,18,"GroupFilter=TRUE;MinGroup=10;Top=TRUE;TopPct=0.05;Bottom=FALSE;BottomPct=0.05"
"XDIFLUFENZOPYR","XACETOCHLOR",0.372567420734087,0.261665731008315,0.239880767564771,0.293382630250646,0.853538424012214,4.64988806851242e-274,962,84,0.650584248987173,0.00135147606657882,84,0.445350207735804,0.00143647266777604,84,"GroupFilter=TRUE;MinGroup=10;Top=TRUE;TopPct=0.05;Bottom=FALSE;BottomPct=0.05"
"XDIFLUFENZOPYR","XIMIDACLOPRID",0.553919802244354,0.00474085111213258,-0.0281646519132664,0.874251884492657,0.416885331908347,3.09726192724399e-42,974,84,0.543176346362074,0.00303137465184914,84,0.138614299054539,0.411661867730265,84,"GroupFilter=TRUE;MinGroup=10;Top=TRUE;TopPct=0.05;Bottom=FALSE;BottomPct=0.05"
"XDIFLUFENZOPYR","XRIMSULFURON",0.136936714509573,0.667495971907214,0.540387957333898,0.0533988614527897,0.848687057592177,2.69137588144766e-288,1036,84,0.624874751767711,0.00138652469610941,84,0.637076896623556,0.000196140746645807,84,"GroupFilter=TRUE;MinGroup=10;Top=TRUE;TopPct=0.05;Bottom=FALSE;BottomPct=0.05"
"XDIFLUFENZOPYR","XGLUFOSINATE",0.194744762295563,0.525211320520327,0.398744946497573,0.0436935089282315,0.766678216372249,7.28817382360338e-184,946,82,0.640301380516358,0.00308797752085281,84,0.489208919916412,0.000462472933560699,82,"GroupFilter=TRUE;MinGroup=10;Top=TRUE;TopPct=0.05;Bottom=FALSE;BottomPct=0.05"
"XDIFLUFENZOPYR","XTEBUPIRIMPHOS",0.196124720632368,0.644593134096071,0.654659877187829,0.0860635021167169,0.874269104437735,2.15930902194149e-257,815,71,0.803861251198335,0.000815682559153269,84,0.800897238186039,0.000213457982513399,71,"GroupFilter=TRUE;MinGroup=10;Top=TRUE;TopPct=0.05;Bottom=FALSE;BottomPct=0.05"
"XDIFLUFENZOPYR","XFLUMIOXAZIN",0.238496239671124,0.572749778255449,0.466363731885753,0.0897654882472551,0.615495227267901,4.65162133860104e-70,660,76,0.695830110267569,0.0341149363804489,84,0.564176378620044,0.00847809892948933,76,"GroupFilter=TRUE;MinGroup=10;Top=TRUE;TopPct=0.05;Bottom=FALSE;BottomPct=0.05"
"XFLUMIOXAZIN","XALACHLOR",1.25980993325669,0.0195438492765148,-0.155659364325836,0.798100103858891,0.189867562993054,4.21045307726592e-06,579,51,1.23239413119704,0.0199390185995059,51,0.118956385857171,0.843026213614818,51,"GroupFilter=TRUE;MinGroup=10;Top=TRUE;TopPct=0.05;Bottom=FALSE;BottomPct=0.05"
"XFLUMIOXAZIN","XATRAZINE",1.28527871889814,0.0423198339344459,-0.159957052151915,0.880893416654136,0.433631907916927,6.05513516371216e-28,579,51,1.23239413119704,0.0199390185995059,51,1.03891796420881,0.250571504571528,51,"GroupFilter=TRUE;MinGroup=10;Top=TRUE;TopPct=0.05;Bottom=FALSE;BottomPct=0.05"
"XFLUMIOXAZIN","XCARBARYL",1.14026782440362,0.0350056149624684,0.273990016963984,0.407480118791988,0.0439661503241249,0.29089674683572,579,51,1.23239413119704,0.0199390185995059,51,0.41906120790672,0.196837837258909,51,"GroupFilter=TRUE;MinGroup=10;Top=TRUE;TopPct=0.05;Bottom=FALSE;BottomPct=0.05"
"XFLUMIOXAZIN","XCHLOROTHALONIL",1.27013552389752,0.0208789665554214,0.258777924102725,0.336143534973961,0.0902162846744687,0.0350725614075446,546,51,1.35362850055058,0.0128411654104978,51,0.356789014792663,0.180979880713626,51,"GroupFilter=TRUE;MinGroup=10;Top=TRUE;TopPct=0.05;Bottom=FALSE;BottomPct=0.05"
"XFLUMIOXAZIN","XCLOPYRALID",1.25613388557757,0.0202319117429036,-0.113686857384152,0.831974281892873,0.105298471491042,0.011234720375981,579,51,1.23239413119704,0.0199390185995059,51,0.137541525398303,0.79441076114358,51,"GroupFilter=TRUE;MinGroup=10;Top=TRUE;TopPct=0.05;Bottom=FALSE;BottomPct=0.05"
"XFLUMIOXAZIN","XCYFLUTHRIN",1.12915699617604,0.0393974431126222,0.470449872401023,0.487932818147352,0.415140128955557,1.58317948333842e-25,579,51,1.23239413119704,0.0199390185995059,51,0.851521763110118,0.193637054427789,51,"GroupFilter=TRUE;MinGroup=10;Top=TRUE;TopPct=0.05;Bottom=FALSE;BottomPct=0.05"
"XFLUMIOXAZIN","XCYHALOTHRINLAMBDA",1.21437562840534,0.0292184301643044,0.0683591786941719,0.917920545102638,0.540219596718567,3.54970262619606e-45,579,51,1.23239413119704,0.0199390185995059,51,0.524743416781921,0.40646814795237,51,"GroupFilter=TRUE;MinGroup=10;Top=TRUE;TopPct=0.05;Bottom=FALSE;BottomPct=0.05"
"XFLUMIOXAZIN","XDIAZINON",0.925735863056166,0.125623802428428,0.0346113546582383,0.926713067357473,0.0490775851111268,0.325726718646093,403,51,0.929250989084366,0.122981143835661,51,0.0746425195525206,0.842575408763402,51,"GroupFilter=TRUE;MinGroup=10;Top=TRUE;TopPct=0.05;Bottom=FALSE;BottomPct=0.05"
"XFLUMIOXAZIN","XESFENVALERATE",1.24839483784196,0.0202119615934821,-0.143443397543515,0.778185908771214,0.447267052172453,8.92193576962311e-30,578,51,1.22270654268193,0.0210746678933518,51,0.0596007165109117,0.905923208971348,51,"GroupFilter=TRUE;MinGroup=10;Top=TRUE;TopPct=0.05;Bottom=FALSE;BottomPct=0.05"
"XFLUMIOXAZIN","XGLYPHOSATE",1.38977191658919,0.0328800481757196,-0.461440751803493,0.681006727152182,0.736679569366207,4.1896934056043e-100,579,51,1.23239413119704,0.0199390185995059,51,0.950101530670565,0.305733281653232,51,"GroupFilter=TRUE;MinGroup=10;Top=TRUE;TopPct=0.05;Bottom=FALSE;BottomPct=0.05"
"XFLUMIOXAZIN","XMETOLACHLOR",1.40211130567143,0.0143134473959425,-0.72324864913029,0.237016578434358,0.212931179424918,7.17056039772563e-07,532,51,1.22954230395996,0.0264957371213527,51,-0.351811515508149,0.554678033747913,51,"GroupFilter=TRUE;MinGroup=10;Top=TRUE;TopPct=0.05;Bottom=FALSE;BottomPct=0.05"
"XFLUMIOXAZIN","XNICOSULFURON",1.0620959748744,0.0583825722487659,0.466172564351793,0.377010494832373,0.0530900080288708,0.202484067533427,578,51,1.22691092300951,0.0210814593874343,51,0.802068690232812,0.107907437855875,51,"GroupFilter=TRUE;MinGroup=10;Top=TRUE;TopPct=0.05;Bottom=FALSE;BottomPct=0.05"
"XFLUMIOXAZIN","XPENDIMETHALIN",1.50819865004734,0.00443915573326357,-2.05389974049905,0.0036951646401123,0.00611849194455698,0.883203903366999,579,51,1.23239413119704,0.0199390185995059,51,-1.71513361907734,0.0155267226172252,51,"GroupFilter=TRUE;MinGroup=10;Top=TRUE;TopPct=0.05;Bottom=FALSE;BottomPct=0.05"
"XFLUMIOXAZIN","XPICLORAM",1.25451754211264,0.0182346520626278,0.313616645456917,0.335792769837112,-0.0733560177217579,0.0777849541004595,579,51,1.23239413119704,0.0199390185995059,51,0.283544538843995,0.386348742181775,51,"GroupFilter=TRUE;MinGroup=10;Top=TRUE;TopPct=0.05;Bottom=FALSE;BottomPct=0.05"
"XFLUMIOXAZIN","XSETHOXYDIM",1.26464578325898,0.0172398629642975,-0.435886563229642,0.227324342195082,-0.0599539628418525,0.152131806212648,572,51,1.20382358351533,0.0232419570075189,51,-0.35005677250647,0.331664850102269,51,"GroupFilter=TRUE;MinGroup=10;Top=TRUE;TopPct=0.05;Bottom=FALSE;BottomPct=0.05"
"XFLUMIOXAZIN","XSIMAZINE",1.44758540473742,0.0253615434261569,-0.111799178587681,0.817165767584116,0.328274240032807,1.22827322302195e-15,564,50,1.43317830601744,0.0260368356442239,51,-0.00346291614770892,0.994278621563864,50,"GroupFilter=TRUE;MinGroup=10;Top=TRUE;TopPct=0.05;Bottom=FALSE;BottomPct=0.05"
"XFLUMIOXAZIN","XTERBUFOS",1.08692182053124,0.0517822894989176,-0.199498934334927,0.682734497951099,0.087596038153126,0.0363851122489273,571,51,1.04657502467574,0.0569904220411578,51,-0.0283130138497284,0.953081609438008,51,"GroupFilter=TRUE;MinGroup=10;Top=TRUE;TopPct=0.05;Bottom=FALSE;BottomPct=0.05"
"XFLUMIOXAZIN","XDIMETHENAMID",1.38872120944941,0.0151647294700543,-0.388573587543518,0.478040387704562,0.2613648038036,1.69365880570084e-10,579,51,1.23239413119704,0.0199390185995059,51,0.123520239480171,0.808797734243587,51,"GroupFilter=TRUE;MinGroup=10;Top=TRUE;TopPct=0.05;Bottom=FALSE;BottomPct=0.05"
"XFLUMIOXAZIN","XACETOCHLOR",1.20524413771567,0.049837338692369,0.0640766245946596,0.929467877390441,0.503763978777574,1.37773601495552e-38,579,51,1.23239413119704,0.0199390185995059,51,0.792301235662772,0.205882577977011,51,"GroupFilter=TRUE;MinGroup=10;Top=TRUE;TopPct=0.05;Bottom=FALSE;BottomPct=0.05"
"XFLUMIOXAZIN","XIMIDACLOPRID",1.46058393862668,0.00878501947187554,-0.470613723384292,0.217073764030105,0.45178011739949,4.05464277347098e-27,512,51,1.41267102541702,0.0116339236946701,51,-0.383959010273672,0.315175425343588,51,"GroupFilter=TRUE;MinGroup=10;Top=TRUE;TopPct=0.05;Bottom=FALSE;BottomPct=0.05"
"XFLUMIOXAZIN","XRIMSULFURON",1.22023571135955,0.0304287014330283,0.0363657077115885,0.948467650230715,0.264976257249924,9.2735181012818e-11,579,51,1.23239413119704,0.0199390185995059,51,0.462619861295112,0.382627144069044,51,"GroupFilter=TRUE;MinGroup=10;Top=TRUE;TopPct=0.05;Bottom=FALSE;BottomPct=0.05"
"XFLUMIOXAZIN","XGLUFOSINATE",1.05812212150939,0.0659967708391549,0.411472123318182,0.431174987920013,0.52433191402433,3.31327494122412e-42,579,51,1.23239413119704,0.0199390185995059,51,0.790313371698369,0.103816179577254,51,"GroupFilter=TRUE;MinGroup=10;Top=TRUE;TopPct=0.05;Bottom=FALSE;BottomPct=0.05"
"XFLUMIOXAZIN","XTEBUPIRIMPHOS",1.08009345488686,0.05042835474456,0.476951569588587,0.301105635430651,0.276448868988009,1.39644868237032e-11,577,51,1.24040210228304,0.0199508670473837,51,0.733613662085769,0.0984442979167174,51,"GroupFilter=TRUE;MinGroup=10;Top=TRUE;TopPct=0.05;Bottom=FALSE;BottomPct=0.05"
"XFLUMIOXAZIN","XDIFLUFENZOPYR",1.17852862252125,0.0284737894398359,0.274967338456789,0.597912706096825,0.149714532262185,0.000300227927907387,579,51,1.23239413119704,0.0199390185995059,51,0.490998539167278,0.339602638692723,51,"GroupFilter=TRUE;MinGroup=10;Top=TRUE;TopPct=0.05;Bottom=FALSE;BottomPct=0.05"
