"Beta","pval","pesticide"
-0.0436286760180974,0.811200698341097,"ACETOCHLOR"
0.539004880569822,0.00179637893561514,"2,4-D"
0.299237027103516,0.00421199428062835,"ATRAZINE"
0.319325778644886,0.0406606450807933,"DICAMBA"
0.470773167369504,0.000201608136456908,"GLYPHOSATE"
0.747508106327422,0.0784548163542547,"MESOTRIONE"
0.52071504214224,0.0181580167174213,"PICLORAM"
