"Beta","pval","pesticide"
0.2768742590563,0.190025613242968,"ACETOCHLOR"
0.474266730450115,0.00416079612987178,"2,4-D"
0.356710461861671,0.000181262821864418,"ATRAZINE"
0.425738175053109,0.00493568825447043,"DICAMBA"
0.523404636417983,1.18182266235062e-05,"GLYPHOSATE"
0.776740846301906,0.0737037021175092,"MESOTRIONE"
0.641899061492656,0.00286711497446481,"PICLORAM"
