"Pesticide","SES_Variable","SES_P_value","Significant","N","N_SC","N_Time","Filters"
"X24DB","Education.index",0.00926298273984471,TRUE,1807,100,21,"GroupFilter=TRUE;MinGroup=10;Top=TRUE;TopPct=0.05;Bottom=FALSE;BottomPct=0.05"
"X24DB","Income",0.569007774786887,FALSE,1807,100,21,"GroupFilter=TRUE;MinGroup=10;Top=TRUE;TopPct=0.05;Bottom=FALSE;BottomPct=0.05"
"X24DB","home_value",0.110233637510203,FALSE,1807,100,21,"GroupFilter=TRUE;MinGroup=10;Top=TRUE;TopPct=0.05;Bottom=FALSE;BottomPct=0.05"
"X24DB","rent",0.0343386571715181,TRUE,1807,100,21,"GroupFilter=TRUE;MinGroup=10;Top=TRUE;TopPct=0.05;Bottom=FALSE;BottomPct=0.05"
"X24DB","Poverty_150",0.673768503493076,FALSE,1807,100,21,"GroupFilter=TRUE;MinGroup=10;Top=TRUE;TopPct=0.05;Bottom=FALSE;BottomPct=0.05"
"X24DB","Unemployed",0.901187964962559,FALSE,1807,100,21,"GroupFilter=TRUE;MinGroup=10;Top=TRUE;TopPct=0.05;Bottom=FALSE;BottomPct=0.05"
"X24DB","Working_class",0.186943752311053,FALSE,1807,100,21,"GroupFilter=TRUE;MinGroup=10;Top=TRUE;TopPct=0.05;Bottom=FALSE;BottomPct=0.05"
"X6BENZYLADENINE","Education.index",0.016113136690409,TRUE,598,43,21,"GroupFilter=TRUE;MinGroup=10;Top=TRUE;TopPct=0.05;Bottom=FALSE;BottomPct=0.05"
"X6BENZYLADENINE","Income",0.60400620257216,FALSE,598,43,21,"GroupFilter=TRUE;MinGroup=10;Top=TRUE;TopPct=0.05;Bottom=FALSE;BottomPct=0.05"
"X6BENZYLADENINE","home_value",0.957178493782987,FALSE,598,43,21,"GroupFilter=TRUE;MinGroup=10;Top=TRUE;TopPct=0.05;Bottom=FALSE;BottomPct=0.05"
"X6BENZYLADENINE","rent",0.948938598083826,FALSE,598,43,21,"GroupFilter=TRUE;MinGroup=10;Top=TRUE;TopPct=0.05;Bottom=FALSE;BottomPct=0.05"
"X6BENZYLADENINE","Poverty_150",0.591151458815532,FALSE,598,43,21,"GroupFilter=TRUE;MinGroup=10;Top=TRUE;TopPct=0.05;Bottom=FALSE;BottomPct=0.05"
"X6BENZYLADENINE","Unemployed",0.906637981886787,FALSE,598,43,21,"GroupFilter=TRUE;MinGroup=10;Top=TRUE;TopPct=0.05;Bottom=FALSE;BottomPct=0.05"
"X6BENZYLADENINE","Working_class",0.519039918113268,FALSE,598,43,21,"GroupFilter=TRUE;MinGroup=10;Top=TRUE;TopPct=0.05;Bottom=FALSE;BottomPct=0.05"
"XABAMECTIN","Education.index",0.00625470665507326,TRUE,406,25,21,"GroupFilter=TRUE;MinGroup=10;Top=TRUE;TopPct=0.05;Bottom=FALSE;BottomPct=0.05"
"XABAMECTIN","Income",0.932603574626441,FALSE,406,25,21,"GroupFilter=TRUE;MinGroup=10;Top=TRUE;TopPct=0.05;Bottom=FALSE;BottomPct=0.05"
"XABAMECTIN","home_value",0.251269787026226,FALSE,406,25,21,"GroupFilter=TRUE;MinGroup=10;Top=TRUE;TopPct=0.05;Bottom=FALSE;BottomPct=0.05"
"XABAMECTIN","rent",0.423655756769141,FALSE,406,25,21,"GroupFilter=TRUE;MinGroup=10;Top=TRUE;TopPct=0.05;Bottom=FALSE;BottomPct=0.05"
"XABAMECTIN","Poverty_150",0.233475164737718,FALSE,406,25,21,"GroupFilter=TRUE;MinGroup=10;Top=TRUE;TopPct=0.05;Bottom=FALSE;BottomPct=0.05"
"XABAMECTIN","Unemployed",0.607033695579286,FALSE,406,25,21,"GroupFilter=TRUE;MinGroup=10;Top=TRUE;TopPct=0.05;Bottom=FALSE;BottomPct=0.05"
"XABAMECTIN","Working_class",0.982626088535116,FALSE,406,25,21,"GroupFilter=TRUE;MinGroup=10;Top=TRUE;TopPct=0.05;Bottom=FALSE;BottomPct=0.05"
"XACEPHATE","Education.index",0.900651913274177,FALSE,562,36,21,"GroupFilter=TRUE;MinGroup=10;Top=TRUE;TopPct=0.05;Bottom=FALSE;BottomPct=0.05"
"XACEPHATE","Income",0.975196005642087,FALSE,562,36,21,"GroupFilter=TRUE;MinGroup=10;Top=TRUE;TopPct=0.05;Bottom=FALSE;BottomPct=0.05"
"XACEPHATE","home_value",0.499032404262749,FALSE,562,36,21,"GroupFilter=TRUE;MinGroup=10;Top=TRUE;TopPct=0.05;Bottom=FALSE;BottomPct=0.05"
"XACEPHATE","rent",0.15909840494201,FALSE,562,36,21,"GroupFilter=TRUE;MinGroup=10;Top=TRUE;TopPct=0.05;Bottom=FALSE;BottomPct=0.05"
"XACEPHATE","Poverty_150",0.0964328177212458,FALSE,562,36,21,"GroupFilter=TRUE;MinGroup=10;Top=TRUE;TopPct=0.05;Bottom=FALSE;BottomPct=0.05"
"XACEPHATE","Unemployed",0.0143229136970495,TRUE,562,36,21,"GroupFilter=TRUE;MinGroup=10;Top=TRUE;TopPct=0.05;Bottom=FALSE;BottomPct=0.05"
"XACEPHATE","Working_class",0.737078823196707,FALSE,562,36,21,"GroupFilter=TRUE;MinGroup=10;Top=TRUE;TopPct=0.05;Bottom=FALSE;BottomPct=0.05"
"XACIFLUORFEN","Education.index",0.282607255082379,FALSE,962,51,20,"GroupFilter=TRUE;MinGroup=10;Top=TRUE;TopPct=0.05;Bottom=FALSE;BottomPct=0.05"
"XACIFLUORFEN","Income",0.470306724347581,FALSE,962,51,20,"GroupFilter=TRUE;MinGroup=10;Top=TRUE;TopPct=0.05;Bottom=FALSE;BottomPct=0.05"
"XACIFLUORFEN","home_value",0.429251986505696,FALSE,962,51,20,"GroupFilter=TRUE;MinGroup=10;Top=TRUE;TopPct=0.05;Bottom=FALSE;BottomPct=0.05"
"XACIFLUORFEN","rent",0.0284333397994425,TRUE,962,51,20,"GroupFilter=TRUE;MinGroup=10;Top=TRUE;TopPct=0.05;Bottom=FALSE;BottomPct=0.05"
"XACIFLUORFEN","Poverty_150",0.635967155783062,FALSE,962,51,20,"GroupFilter=TRUE;MinGroup=10;Top=TRUE;TopPct=0.05;Bottom=FALSE;BottomPct=0.05"
"XACIFLUORFEN","Unemployed",0.333828683081111,FALSE,962,51,20,"GroupFilter=TRUE;MinGroup=10;Top=TRUE;TopPct=0.05;Bottom=FALSE;BottomPct=0.05"
"XACIFLUORFEN","Working_class",0.441709013905408,FALSE,962,51,20,"GroupFilter=TRUE;MinGroup=10;Top=TRUE;TopPct=0.05;Bottom=FALSE;BottomPct=0.05"
"XALACHLOR","Education.index",0.00702606449568171,TRUE,1903,99,21,"GroupFilter=TRUE;MinGroup=10;Top=TRUE;TopPct=0.05;Bottom=FALSE;BottomPct=0.05"
"XALACHLOR","Income",0.677626029156778,FALSE,1903,99,21,"GroupFilter=TRUE;MinGroup=10;Top=TRUE;TopPct=0.05;Bottom=FALSE;BottomPct=0.05"
"XALACHLOR","home_value",0.265290928011514,FALSE,1903,99,21,"GroupFilter=TRUE;MinGroup=10;Top=TRUE;TopPct=0.05;Bottom=FALSE;BottomPct=0.05"
"XALACHLOR","rent",0.106796487861288,FALSE,1903,99,21,"GroupFilter=TRUE;MinGroup=10;Top=TRUE;TopPct=0.05;Bottom=FALSE;BottomPct=0.05"
"XALACHLOR","Poverty_150",0.930830775040888,FALSE,1903,99,21,"GroupFilter=TRUE;MinGroup=10;Top=TRUE;TopPct=0.05;Bottom=FALSE;BottomPct=0.05"
"XALACHLOR","Unemployed",0.656528201834978,FALSE,1903,99,21,"GroupFilter=TRUE;MinGroup=10;Top=TRUE;TopPct=0.05;Bottom=FALSE;BottomPct=0.05"
"XALACHLOR","Working_class",0.410193601380431,FALSE,1903,99,21,"GroupFilter=TRUE;MinGroup=10;Top=TRUE;TopPct=0.05;Bottom=FALSE;BottomPct=0.05"
"XALDICARB","Education.index",0.315869323746677,FALSE,506,29,21,"GroupFilter=TRUE;MinGroup=10;Top=TRUE;TopPct=0.05;Bottom=FALSE;BottomPct=0.05"
"XALDICARB","Income",0.407273480603695,FALSE,506,29,21,"GroupFilter=TRUE;MinGroup=10;Top=TRUE;TopPct=0.05;Bottom=FALSE;BottomPct=0.05"
"XALDICARB","home_value",0.0244443184615418,TRUE,506,29,21,"GroupFilter=TRUE;MinGroup=10;Top=TRUE;TopPct=0.05;Bottom=FALSE;BottomPct=0.05"
"XALDICARB","rent",0.0481429332358817,TRUE,506,29,21,"GroupFilter=TRUE;MinGroup=10;Top=TRUE;TopPct=0.05;Bottom=FALSE;BottomPct=0.05"
"XALDICARB","Poverty_150",0.685195557905617,FALSE,506,29,21,"GroupFilter=TRUE;MinGroup=10;Top=TRUE;TopPct=0.05;Bottom=FALSE;BottomPct=0.05"
"XALDICARB","Unemployed",0.359812721528512,FALSE,506,29,21,"GroupFilter=TRUE;MinGroup=10;Top=TRUE;TopPct=0.05;Bottom=FALSE;BottomPct=0.05"
"XALDICARB","Working_class",0.105914960483691,FALSE,506,29,21,"GroupFilter=TRUE;MinGroup=10;Top=TRUE;TopPct=0.05;Bottom=FALSE;BottomPct=0.05"
"XALUMINUMPHOSPHIDE","Education.index",0.00126460364061264,TRUE,53,3,21,"GroupFilter=TRUE;MinGroup=10;Top=TRUE;TopPct=0.05;Bottom=FALSE;BottomPct=0.05"
"XALUMINUMPHOSPHIDE","Income",0.349670566915579,FALSE,53,3,21,"GroupFilter=TRUE;MinGroup=10;Top=TRUE;TopPct=0.05;Bottom=FALSE;BottomPct=0.05"
"XALUMINUMPHOSPHIDE","home_value",0.1420659753917,FALSE,53,3,21,"GroupFilter=TRUE;MinGroup=10;Top=TRUE;TopPct=0.05;Bottom=FALSE;BottomPct=0.05"
"XALUMINUMPHOSPHIDE","rent",0.181715981998627,FALSE,53,3,21,"GroupFilter=TRUE;MinGroup=10;Top=TRUE;TopPct=0.05;Bottom=FALSE;BottomPct=0.05"
"XALUMINUMPHOSPHIDE","Poverty_150",0.138651300758122,FALSE,53,3,21,"GroupFilter=TRUE;MinGroup=10;Top=TRUE;TopPct=0.05;Bottom=FALSE;BottomPct=0.05"
"XALUMINUMPHOSPHIDE","Unemployed",0.130005660909388,FALSE,53,3,21,"GroupFilter=TRUE;MinGroup=10;Top=TRUE;TopPct=0.05;Bottom=FALSE;BottomPct=0.05"
"XALUMINUMPHOSPHIDE","Working_class",0.278798830468038,FALSE,53,3,21,"GroupFilter=TRUE;MinGroup=10;Top=TRUE;TopPct=0.05;Bottom=FALSE;BottomPct=0.05"
"XATRAZINE","Education.index",0.0134221906594531,TRUE,2013,102,21,"GroupFilter=TRUE;MinGroup=10;Top=TRUE;TopPct=0.05;Bottom=FALSE;BottomPct=0.05"
"XATRAZINE","Income",0.52637303991554,FALSE,2013,102,21,"GroupFilter=TRUE;MinGroup=10;Top=TRUE;TopPct=0.05;Bottom=FALSE;BottomPct=0.05"
"XATRAZINE","home_value",0.474191428816916,FALSE,2013,102,21,"GroupFilter=TRUE;MinGroup=10;Top=TRUE;TopPct=0.05;Bottom=FALSE;BottomPct=0.05"
"XATRAZINE","rent",0.2137268995145,FALSE,2013,102,21,"GroupFilter=TRUE;MinGroup=10;Top=TRUE;TopPct=0.05;Bottom=FALSE;BottomPct=0.05"
"XATRAZINE","Poverty_150",0.604588164232389,FALSE,2013,102,21,"GroupFilter=TRUE;MinGroup=10;Top=TRUE;TopPct=0.05;Bottom=FALSE;BottomPct=0.05"
"XATRAZINE","Unemployed",0.243456188865504,FALSE,2013,102,21,"GroupFilter=TRUE;MinGroup=10;Top=TRUE;TopPct=0.05;Bottom=FALSE;BottomPct=0.05"
"XATRAZINE","Working_class",0.537708820900778,FALSE,2013,102,21,"GroupFilter=TRUE;MinGroup=10;Top=TRUE;TopPct=0.05;Bottom=FALSE;BottomPct=0.05"
"XAZINPHOSMETHYL","Education.index",0.000125098880774681,TRUE,1775,92,21,"GroupFilter=TRUE;MinGroup=10;Top=TRUE;TopPct=0.05;Bottom=FALSE;BottomPct=0.05"
"XAZINPHOSMETHYL","Income",0.381469959977675,FALSE,1775,92,21,"GroupFilter=TRUE;MinGroup=10;Top=TRUE;TopPct=0.05;Bottom=FALSE;BottomPct=0.05"
"XAZINPHOSMETHYL","home_value",0.0365222703202521,TRUE,1775,92,21,"GroupFilter=TRUE;MinGroup=10;Top=TRUE;TopPct=0.05;Bottom=FALSE;BottomPct=0.05"
"XAZINPHOSMETHYL","rent",0.0123543930552187,TRUE,1775,92,21,"GroupFilter=TRUE;MinGroup=10;Top=TRUE;TopPct=0.05;Bottom=FALSE;BottomPct=0.05"
"XAZINPHOSMETHYL","Poverty_150",0.821221317444547,FALSE,1775,92,21,"GroupFilter=TRUE;MinGroup=10;Top=TRUE;TopPct=0.05;Bottom=FALSE;BottomPct=0.05"
"XAZINPHOSMETHYL","Unemployed",0.5977739029455,FALSE,1775,92,21,"GroupFilter=TRUE;MinGroup=10;Top=TRUE;TopPct=0.05;Bottom=FALSE;BottomPct=0.05"
"XAZINPHOSMETHYL","Working_class",0.21787692456811,FALSE,1775,92,21,"GroupFilter=TRUE;MinGroup=10;Top=TRUE;TopPct=0.05;Bottom=FALSE;BottomPct=0.05"
"XBACILLUSTHURINGIENSIS","Education.index",0.110347864853522,FALSE,885,59,21,"GroupFilter=TRUE;MinGroup=10;Top=TRUE;TopPct=0.05;Bottom=FALSE;BottomPct=0.05"
"XBACILLUSTHURINGIENSIS","Income",0.677228672072016,FALSE,885,59,21,"GroupFilter=TRUE;MinGroup=10;Top=TRUE;TopPct=0.05;Bottom=FALSE;BottomPct=0.05"
"XBACILLUSTHURINGIENSIS","home_value",0.608809605934742,FALSE,885,59,21,"GroupFilter=TRUE;MinGroup=10;Top=TRUE;TopPct=0.05;Bottom=FALSE;BottomPct=0.05"
"XBACILLUSTHURINGIENSIS","rent",0.510123016777857,FALSE,885,59,21,"GroupFilter=TRUE;MinGroup=10;Top=TRUE;TopPct=0.05;Bottom=FALSE;BottomPct=0.05"
"XBACILLUSTHURINGIENSIS","Poverty_150",0.799210123496039,FALSE,885,59,21,"GroupFilter=TRUE;MinGroup=10;Top=TRUE;TopPct=0.05;Bottom=FALSE;BottomPct=0.05"
"XBACILLUSTHURINGIENSIS","Unemployed",0.865539216911297,FALSE,885,59,21,"GroupFilter=TRUE;MinGroup=10;Top=TRUE;TopPct=0.05;Bottom=FALSE;BottomPct=0.05"
"XBACILLUSTHURINGIENSIS","Working_class",0.406718949121322,FALSE,885,59,21,"GroupFilter=TRUE;MinGroup=10;Top=TRUE;TopPct=0.05;Bottom=FALSE;BottomPct=0.05"
"XBENFLURALIN","Education.index",0.268648741608863,FALSE,133,12,18,"GroupFilter=TRUE;MinGroup=10;Top=TRUE;TopPct=0.05;Bottom=FALSE;BottomPct=0.05"
"XBENFLURALIN","Income",0.233858294011511,FALSE,133,12,18,"GroupFilter=TRUE;MinGroup=10;Top=TRUE;TopPct=0.05;Bottom=FALSE;BottomPct=0.05"
"XBENFLURALIN","home_value",0.585987325443422,FALSE,133,12,18,"GroupFilter=TRUE;MinGroup=10;Top=TRUE;TopPct=0.05;Bottom=FALSE;BottomPct=0.05"
"XBENFLURALIN","rent",0.241902563590613,FALSE,133,12,18,"GroupFilter=TRUE;MinGroup=10;Top=TRUE;TopPct=0.05;Bottom=FALSE;BottomPct=0.05"
"XBENFLURALIN","Poverty_150",0.158356107301052,FALSE,133,12,18,"GroupFilter=TRUE;MinGroup=10;Top=TRUE;TopPct=0.05;Bottom=FALSE;BottomPct=0.05"
"XBENFLURALIN","Unemployed",0.21591713825182,FALSE,133,12,18,"GroupFilter=TRUE;MinGroup=10;Top=TRUE;TopPct=0.05;Bottom=FALSE;BottomPct=0.05"
"XBENFLURALIN","Working_class",0.652435499791458,FALSE,133,12,18,"GroupFilter=TRUE;MinGroup=10;Top=TRUE;TopPct=0.05;Bottom=FALSE;BottomPct=0.05"
"XBENOMYL","Education.index",0.0408167607889237,TRUE,961,81,15,"GroupFilter=TRUE;MinGroup=10;Top=TRUE;TopPct=0.05;Bottom=FALSE;BottomPct=0.05"
"XBENOMYL","Income",0.811453319886195,FALSE,961,81,15,"GroupFilter=TRUE;MinGroup=10;Top=TRUE;TopPct=0.05;Bottom=FALSE;BottomPct=0.05"
"XBENOMYL","home_value",0.145638356448353,FALSE,961,81,15,"GroupFilter=TRUE;MinGroup=10;Top=TRUE;TopPct=0.05;Bottom=FALSE;BottomPct=0.05"
"XBENOMYL","rent",0.0296717102435125,TRUE,961,81,15,"GroupFilter=TRUE;MinGroup=10;Top=TRUE;TopPct=0.05;Bottom=FALSE;BottomPct=0.05"
"XBENOMYL","Poverty_150",0.278702367969934,FALSE,961,81,15,"GroupFilter=TRUE;MinGroup=10;Top=TRUE;TopPct=0.05;Bottom=FALSE;BottomPct=0.05"
"XBENOMYL","Unemployed",0.0670212696834674,FALSE,961,81,15,"GroupFilter=TRUE;MinGroup=10;Top=TRUE;TopPct=0.05;Bottom=FALSE;BottomPct=0.05"
"XBENOMYL","Working_class",0.674661583173522,FALSE,961,81,15,"GroupFilter=TRUE;MinGroup=10;Top=TRUE;TopPct=0.05;Bottom=FALSE;BottomPct=0.05"
"XBENSULIDE","Education.index",0.13982040922215,FALSE,913,67,21,"GroupFilter=TRUE;MinGroup=10;Top=TRUE;TopPct=0.05;Bottom=FALSE;BottomPct=0.05"
"XBENSULIDE","Income",0.585479789092909,FALSE,913,67,21,"GroupFilter=TRUE;MinGroup=10;Top=TRUE;TopPct=0.05;Bottom=FALSE;BottomPct=0.05"
"XBENSULIDE","home_value",0.0416842198305546,TRUE,913,67,21,"GroupFilter=TRUE;MinGroup=10;Top=TRUE;TopPct=0.05;Bottom=FALSE;BottomPct=0.05"
"XBENSULIDE","rent",0.00293764421403491,TRUE,913,67,21,"GroupFilter=TRUE;MinGroup=10;Top=TRUE;TopPct=0.05;Bottom=FALSE;BottomPct=0.05"
"XBENSULIDE","Poverty_150",0.317848378221394,FALSE,913,67,21,"GroupFilter=TRUE;MinGroup=10;Top=TRUE;TopPct=0.05;Bottom=FALSE;BottomPct=0.05"
"XBENSULIDE","Unemployed",0.0379532185061469,TRUE,913,67,21,"GroupFilter=TRUE;MinGroup=10;Top=TRUE;TopPct=0.05;Bottom=FALSE;BottomPct=0.05"
"XBENSULIDE","Working_class",0.255013241647539,FALSE,913,67,21,"GroupFilter=TRUE;MinGroup=10;Top=TRUE;TopPct=0.05;Bottom=FALSE;BottomPct=0.05"
"XBENTAZONE","Education.index",0.0432065375773595,TRUE,1765,92,21,"GroupFilter=TRUE;MinGroup=10;Top=TRUE;TopPct=0.05;Bottom=FALSE;BottomPct=0.05"
"XBENTAZONE","Income",0.308639004380218,FALSE,1765,92,21,"GroupFilter=TRUE;MinGroup=10;Top=TRUE;TopPct=0.05;Bottom=FALSE;BottomPct=0.05"
"XBENTAZONE","home_value",0.291005260095154,FALSE,1765,92,21,"GroupFilter=TRUE;MinGroup=10;Top=TRUE;TopPct=0.05;Bottom=FALSE;BottomPct=0.05"
"XBENTAZONE","rent",0.0558090922030479,FALSE,1765,92,21,"GroupFilter=TRUE;MinGroup=10;Top=TRUE;TopPct=0.05;Bottom=FALSE;BottomPct=0.05"
"XBENTAZONE","Poverty_150",0.486541538784172,FALSE,1765,92,21,"GroupFilter=TRUE;MinGroup=10;Top=TRUE;TopPct=0.05;Bottom=FALSE;BottomPct=0.05"
"XBENTAZONE","Unemployed",0.742601347259994,FALSE,1765,92,21,"GroupFilter=TRUE;MinGroup=10;Top=TRUE;TopPct=0.05;Bottom=FALSE;BottomPct=0.05"
"XBENTAZONE","Working_class",0.464376166919325,FALSE,1765,92,21,"GroupFilter=TRUE;MinGroup=10;Top=TRUE;TopPct=0.05;Bottom=FALSE;BottomPct=0.05"
"XBIFENTHRIN","Education.index",0.0127892378715142,TRUE,1508,99,21,"GroupFilter=TRUE;MinGroup=10;Top=TRUE;TopPct=0.05;Bottom=FALSE;BottomPct=0.05"
"XBIFENTHRIN","Income",0.678890724325895,FALSE,1508,99,21,"GroupFilter=TRUE;MinGroup=10;Top=TRUE;TopPct=0.05;Bottom=FALSE;BottomPct=0.05"
"XBIFENTHRIN","home_value",0.437881343363658,FALSE,1508,99,21,"GroupFilter=TRUE;MinGroup=10;Top=TRUE;TopPct=0.05;Bottom=FALSE;BottomPct=0.05"
"XBIFENTHRIN","rent",0.093896282147725,FALSE,1508,99,21,"GroupFilter=TRUE;MinGroup=10;Top=TRUE;TopPct=0.05;Bottom=FALSE;BottomPct=0.05"
"XBIFENTHRIN","Poverty_150",0.559683105648222,FALSE,1508,99,21,"GroupFilter=TRUE;MinGroup=10;Top=TRUE;TopPct=0.05;Bottom=FALSE;BottomPct=0.05"
"XBIFENTHRIN","Unemployed",0.450100430794753,FALSE,1508,99,21,"GroupFilter=TRUE;MinGroup=10;Top=TRUE;TopPct=0.05;Bottom=FALSE;BottomPct=0.05"
"XBIFENTHRIN","Working_class",0.27571981002975,FALSE,1508,99,21,"GroupFilter=TRUE;MinGroup=10;Top=TRUE;TopPct=0.05;Bottom=FALSE;BottomPct=0.05"
"XBROMOXYNIL","Education.index",0.00537917769182943,TRUE,1933,99,21,"GroupFilter=TRUE;MinGroup=10;Top=TRUE;TopPct=0.05;Bottom=FALSE;BottomPct=0.05"
"XBROMOXYNIL","Income",0.484420277757051,FALSE,1933,99,21,"GroupFilter=TRUE;MinGroup=10;Top=TRUE;TopPct=0.05;Bottom=FALSE;BottomPct=0.05"
"XBROMOXYNIL","home_value",0.101212114205348,FALSE,1933,99,21,"GroupFilter=TRUE;MinGroup=10;Top=TRUE;TopPct=0.05;Bottom=FALSE;BottomPct=0.05"
"XBROMOXYNIL","rent",0.0276069487736644,TRUE,1933,99,21,"GroupFilter=TRUE;MinGroup=10;Top=TRUE;TopPct=0.05;Bottom=FALSE;BottomPct=0.05"
"XBROMOXYNIL","Poverty_150",0.839329950229387,FALSE,1933,99,21,"GroupFilter=TRUE;MinGroup=10;Top=TRUE;TopPct=0.05;Bottom=FALSE;BottomPct=0.05"
"XBROMOXYNIL","Unemployed",0.885433258085887,FALSE,1933,99,21,"GroupFilter=TRUE;MinGroup=10;Top=TRUE;TopPct=0.05;Bottom=FALSE;BottomPct=0.05"
"XBROMOXYNIL","Working_class",0.170797414508395,FALSE,1933,99,21,"GroupFilter=TRUE;MinGroup=10;Top=TRUE;TopPct=0.05;Bottom=FALSE;BottomPct=0.05"
"XBUTYLATE","Education.index",0.231969908315386,FALSE,462,45,15,"GroupFilter=TRUE;MinGroup=10;Top=TRUE;TopPct=0.05;Bottom=FALSE;BottomPct=0.05"
"XBUTYLATE","Income",0.817508566189068,FALSE,462,45,15,"GroupFilter=TRUE;MinGroup=10;Top=TRUE;TopPct=0.05;Bottom=FALSE;BottomPct=0.05"
"XBUTYLATE","home_value",0.877302025012729,FALSE,462,45,15,"GroupFilter=TRUE;MinGroup=10;Top=TRUE;TopPct=0.05;Bottom=FALSE;BottomPct=0.05"
"XBUTYLATE","rent",0.654165478063281,FALSE,462,45,15,"GroupFilter=TRUE;MinGroup=10;Top=TRUE;TopPct=0.05;Bottom=FALSE;BottomPct=0.05"
"XBUTYLATE","Poverty_150",0.715228779297444,FALSE,462,45,15,"GroupFilter=TRUE;MinGroup=10;Top=TRUE;TopPct=0.05;Bottom=FALSE;BottomPct=0.05"
"XBUTYLATE","Unemployed",0.436393277743702,FALSE,462,45,15,"GroupFilter=TRUE;MinGroup=10;Top=TRUE;TopPct=0.05;Bottom=FALSE;BottomPct=0.05"
"XBUTYLATE","Working_class",0.483233939061366,FALSE,462,45,15,"GroupFilter=TRUE;MinGroup=10;Top=TRUE;TopPct=0.05;Bottom=FALSE;BottomPct=0.05"
"XCALCIUMPOLYSULFIDE","Education.index",0.000524401825017851,TRUE,544,30,21,"GroupFilter=TRUE;MinGroup=10;Top=TRUE;TopPct=0.05;Bottom=FALSE;BottomPct=0.05"
"XCALCIUMPOLYSULFIDE","Income",0.484523401598192,FALSE,544,30,21,"GroupFilter=TRUE;MinGroup=10;Top=TRUE;TopPct=0.05;Bottom=FALSE;BottomPct=0.05"
"XCALCIUMPOLYSULFIDE","home_value",0.629105834846838,FALSE,544,30,21,"GroupFilter=TRUE;MinGroup=10;Top=TRUE;TopPct=0.05;Bottom=FALSE;BottomPct=0.05"
"XCALCIUMPOLYSULFIDE","rent",0.73688366583431,FALSE,544,30,21,"GroupFilter=TRUE;MinGroup=10;Top=TRUE;TopPct=0.05;Bottom=FALSE;BottomPct=0.05"
"XCALCIUMPOLYSULFIDE","Poverty_150",0.0204396237396645,TRUE,544,30,21,"GroupFilter=TRUE;MinGroup=10;Top=TRUE;TopPct=0.05;Bottom=FALSE;BottomPct=0.05"
"XCALCIUMPOLYSULFIDE","Unemployed",0.00632917485991422,TRUE,544,30,21,"GroupFilter=TRUE;MinGroup=10;Top=TRUE;TopPct=0.05;Bottom=FALSE;BottomPct=0.05"
"XCALCIUMPOLYSULFIDE","Working_class",0.856842158617113,FALSE,544,30,21,"GroupFilter=TRUE;MinGroup=10;Top=TRUE;TopPct=0.05;Bottom=FALSE;BottomPct=0.05"
"XCAPTAN","Education.index",0.000652822940091729,TRUE,1633,89,21,"GroupFilter=TRUE;MinGroup=10;Top=TRUE;TopPct=0.05;Bottom=FALSE;BottomPct=0.05"
"XCAPTAN","Income",0.397756807097647,FALSE,1633,89,21,"GroupFilter=TRUE;MinGroup=10;Top=TRUE;TopPct=0.05;Bottom=FALSE;BottomPct=0.05"
"XCAPTAN","home_value",0.0885211839393688,FALSE,1633,89,21,"GroupFilter=TRUE;MinGroup=10;Top=TRUE;TopPct=0.05;Bottom=FALSE;BottomPct=0.05"
"XCAPTAN","rent",0.0110665909150039,TRUE,1633,89,21,"GroupFilter=TRUE;MinGroup=10;Top=TRUE;TopPct=0.05;Bottom=FALSE;BottomPct=0.05"
"XCAPTAN","Poverty_150",0.996692630232565,FALSE,1633,89,21,"GroupFilter=TRUE;MinGroup=10;Top=TRUE;TopPct=0.05;Bottom=FALSE;BottomPct=0.05"
"XCAPTAN","Unemployed",0.386412642828637,FALSE,1633,89,21,"GroupFilter=TRUE;MinGroup=10;Top=TRUE;TopPct=0.05;Bottom=FALSE;BottomPct=0.05"
"XCAPTAN","Working_class",0.162185569576947,FALSE,1633,89,21,"GroupFilter=TRUE;MinGroup=10;Top=TRUE;TopPct=0.05;Bottom=FALSE;BottomPct=0.05"
"XCARBARYL","Education.index",0.000504434157799316,TRUE,2038,103,21,"GroupFilter=TRUE;MinGroup=10;Top=TRUE;TopPct=0.05;Bottom=FALSE;BottomPct=0.05"
"XCARBARYL","Income",0.208664714474042,FALSE,2038,103,21,"GroupFilter=TRUE;MinGroup=10;Top=TRUE;TopPct=0.05;Bottom=FALSE;BottomPct=0.05"
"XCARBARYL","home_value",0.0525027876041289,FALSE,2038,103,21,"GroupFilter=TRUE;MinGroup=10;Top=TRUE;TopPct=0.05;Bottom=FALSE;BottomPct=0.05"
"XCARBARYL","rent",0.00796743035436243,TRUE,2038,103,21,"GroupFilter=TRUE;MinGroup=10;Top=TRUE;TopPct=0.05;Bottom=FALSE;BottomPct=0.05"
"XCARBARYL","Poverty_150",0.843780714613889,FALSE,2038,103,21,"GroupFilter=TRUE;MinGroup=10;Top=TRUE;TopPct=0.05;Bottom=FALSE;BottomPct=0.05"
"XCARBARYL","Unemployed",0.838316305447112,FALSE,2038,103,21,"GroupFilter=TRUE;MinGroup=10;Top=TRUE;TopPct=0.05;Bottom=FALSE;BottomPct=0.05"
"XCARBARYL","Working_class",0.13190097317483,FALSE,2038,103,21,"GroupFilter=TRUE;MinGroup=10;Top=TRUE;TopPct=0.05;Bottom=FALSE;BottomPct=0.05"
"XCARBOFURAN","Education.index",0.0173908597660439,TRUE,1728,102,19,"GroupFilter=TRUE;MinGroup=10;Top=TRUE;TopPct=0.05;Bottom=FALSE;BottomPct=0.05"
"XCARBOFURAN","Income",0.794732365589084,FALSE,1728,102,19,"GroupFilter=TRUE;MinGroup=10;Top=TRUE;TopPct=0.05;Bottom=FALSE;BottomPct=0.05"
"XCARBOFURAN","home_value",0.155309206362779,FALSE,1728,102,19,"GroupFilter=TRUE;MinGroup=10;Top=TRUE;TopPct=0.05;Bottom=FALSE;BottomPct=0.05"
"XCARBOFURAN","rent",0.0688681040475481,FALSE,1728,102,19,"GroupFilter=TRUE;MinGroup=10;Top=TRUE;TopPct=0.05;Bottom=FALSE;BottomPct=0.05"
"XCARBOFURAN","Poverty_150",0.477215543951787,FALSE,1728,102,19,"GroupFilter=TRUE;MinGroup=10;Top=TRUE;TopPct=0.05;Bottom=FALSE;BottomPct=0.05"
"XCARBOFURAN","Unemployed",0.983986101994483,FALSE,1728,102,19,"GroupFilter=TRUE;MinGroup=10;Top=TRUE;TopPct=0.05;Bottom=FALSE;BottomPct=0.05"
"XCARBOFURAN","Working_class",0.365633092954486,FALSE,1728,102,19,"GroupFilter=TRUE;MinGroup=10;Top=TRUE;TopPct=0.05;Bottom=FALSE;BottomPct=0.05"
"XCHLORETHOXYFOS","Education.index",0.286198688134367,FALSE,929,60,19,"GroupFilter=TRUE;MinGroup=10;Top=TRUE;TopPct=0.05;Bottom=FALSE;BottomPct=0.05"
"XCHLORETHOXYFOS","Income",0.571462959538556,FALSE,929,60,19,"GroupFilter=TRUE;MinGroup=10;Top=TRUE;TopPct=0.05;Bottom=FALSE;BottomPct=0.05"
"XCHLORETHOXYFOS","home_value",0.287818659885886,FALSE,929,60,19,"GroupFilter=TRUE;MinGroup=10;Top=TRUE;TopPct=0.05;Bottom=FALSE;BottomPct=0.05"
"XCHLORETHOXYFOS","rent",0.0702321979521394,FALSE,929,60,19,"GroupFilter=TRUE;MinGroup=10;Top=TRUE;TopPct=0.05;Bottom=FALSE;BottomPct=0.05"
"XCHLORETHOXYFOS","Poverty_150",0.810456628555517,FALSE,929,60,19,"GroupFilter=TRUE;MinGroup=10;Top=TRUE;TopPct=0.05;Bottom=FALSE;BottomPct=0.05"
"XCHLORETHOXYFOS","Unemployed",0.662700847433103,FALSE,929,60,19,"GroupFilter=TRUE;MinGroup=10;Top=TRUE;TopPct=0.05;Bottom=FALSE;BottomPct=0.05"
"XCHLORETHOXYFOS","Working_class",0.4001600852301,FALSE,929,60,19,"GroupFilter=TRUE;MinGroup=10;Top=TRUE;TopPct=0.05;Bottom=FALSE;BottomPct=0.05"
"XCHLORIMURON","Education.index",0.187230900165899,FALSE,983,50,21,"GroupFilter=TRUE;MinGroup=10;Top=TRUE;TopPct=0.05;Bottom=FALSE;BottomPct=0.05"
"XCHLORIMURON","Income",0.853620527030519,FALSE,983,50,21,"GroupFilter=TRUE;MinGroup=10;Top=TRUE;TopPct=0.05;Bottom=FALSE;BottomPct=0.05"
"XCHLORIMURON","home_value",0.793068877944933,FALSE,983,50,21,"GroupFilter=TRUE;MinGroup=10;Top=TRUE;TopPct=0.05;Bottom=FALSE;BottomPct=0.05"
"XCHLORIMURON","rent",0.0381840917894521,TRUE,983,50,21,"GroupFilter=TRUE;MinGroup=10;Top=TRUE;TopPct=0.05;Bottom=FALSE;BottomPct=0.05"
"XCHLORIMURON","Poverty_150",0.96849127788591,FALSE,983,50,21,"GroupFilter=TRUE;MinGroup=10;Top=TRUE;TopPct=0.05;Bottom=FALSE;BottomPct=0.05"
"XCHLORIMURON","Unemployed",0.768962106120757,FALSE,983,50,21,"GroupFilter=TRUE;MinGroup=10;Top=TRUE;TopPct=0.05;Bottom=FALSE;BottomPct=0.05"
"XCHLORIMURON","Working_class",0.532998222347437,FALSE,983,50,21,"GroupFilter=TRUE;MinGroup=10;Top=TRUE;TopPct=0.05;Bottom=FALSE;BottomPct=0.05"
"XCHLOROPICRIN","Education.index",0.00487454109708358,TRUE,479,30,21,"GroupFilter=TRUE;MinGroup=10;Top=TRUE;TopPct=0.05;Bottom=FALSE;BottomPct=0.05"
"XCHLOROPICRIN","Income",0.0439061532261846,TRUE,479,30,21,"GroupFilter=TRUE;MinGroup=10;Top=TRUE;TopPct=0.05;Bottom=FALSE;BottomPct=0.05"
"XCHLOROPICRIN","home_value",0.109908419374773,FALSE,479,30,21,"GroupFilter=TRUE;MinGroup=10;Top=TRUE;TopPct=0.05;Bottom=FALSE;BottomPct=0.05"
"XCHLOROPICRIN","rent",0.139095717168516,FALSE,479,30,21,"GroupFilter=TRUE;MinGroup=10;Top=TRUE;TopPct=0.05;Bottom=FALSE;BottomPct=0.05"
"XCHLOROPICRIN","Poverty_150",0.00245706905546335,TRUE,479,30,21,"GroupFilter=TRUE;MinGroup=10;Top=TRUE;TopPct=0.05;Bottom=FALSE;BottomPct=0.05"
"XCHLOROPICRIN","Unemployed",0.277778984370366,FALSE,479,30,21,"GroupFilter=TRUE;MinGroup=10;Top=TRUE;TopPct=0.05;Bottom=FALSE;BottomPct=0.05"
"XCHLOROPICRIN","Working_class",0.84269711517702,FALSE,479,30,21,"GroupFilter=TRUE;MinGroup=10;Top=TRUE;TopPct=0.05;Bottom=FALSE;BottomPct=0.05"
"XCHLOROTHALONIL","Education.index",0.000181838041729826,TRUE,1969,103,21,"GroupFilter=TRUE;MinGroup=10;Top=TRUE;TopPct=0.05;Bottom=FALSE;BottomPct=0.05"
"XCHLOROTHALONIL","Income",0.0722708449067627,FALSE,1969,103,21,"GroupFilter=TRUE;MinGroup=10;Top=TRUE;TopPct=0.05;Bottom=FALSE;BottomPct=0.05"
"XCHLOROTHALONIL","home_value",0.0159715907840246,TRUE,1969,103,21,"GroupFilter=TRUE;MinGroup=10;Top=TRUE;TopPct=0.05;Bottom=FALSE;BottomPct=0.05"
"XCHLOROTHALONIL","rent",0.000968531438213686,TRUE,1969,103,21,"GroupFilter=TRUE;MinGroup=10;Top=TRUE;TopPct=0.05;Bottom=FALSE;BottomPct=0.05"
"XCHLOROTHALONIL","Poverty_150",0.98422119850819,FALSE,1969,103,21,"GroupFilter=TRUE;MinGroup=10;Top=TRUE;TopPct=0.05;Bottom=FALSE;BottomPct=0.05"
"XCHLOROTHALONIL","Unemployed",0.561232477309824,FALSE,1969,103,21,"GroupFilter=TRUE;MinGroup=10;Top=TRUE;TopPct=0.05;Bottom=FALSE;BottomPct=0.05"
"XCHLOROTHALONIL","Working_class",0.152521983009232,FALSE,1969,103,21,"GroupFilter=TRUE;MinGroup=10;Top=TRUE;TopPct=0.05;Bottom=FALSE;BottomPct=0.05"
"XCHLORPYRIFOS","Education.index",0.0029938840248308,TRUE,2068,104,21,"GroupFilter=TRUE;MinGroup=10;Top=TRUE;TopPct=0.05;Bottom=FALSE;BottomPct=0.05"
"XCHLORPYRIFOS","Income",0.517367945035286,FALSE,2068,104,21,"GroupFilter=TRUE;MinGroup=10;Top=TRUE;TopPct=0.05;Bottom=FALSE;BottomPct=0.05"
"XCHLORPYRIFOS","home_value",0.133590636389244,FALSE,2068,104,21,"GroupFilter=TRUE;MinGroup=10;Top=TRUE;TopPct=0.05;Bottom=FALSE;BottomPct=0.05"
"XCHLORPYRIFOS","rent",0.0449865470633842,TRUE,2068,104,21,"GroupFilter=TRUE;MinGroup=10;Top=TRUE;TopPct=0.05;Bottom=FALSE;BottomPct=0.05"
"XCHLORPYRIFOS","Poverty_150",0.922579932748489,FALSE,2068,104,21,"GroupFilter=TRUE;MinGroup=10;Top=TRUE;TopPct=0.05;Bottom=FALSE;BottomPct=0.05"
"XCHLORPYRIFOS","Unemployed",0.845534709143412,FALSE,2068,104,21,"GroupFilter=TRUE;MinGroup=10;Top=TRUE;TopPct=0.05;Bottom=FALSE;BottomPct=0.05"
"XCHLORPYRIFOS","Working_class",0.118987510464947,FALSE,2068,104,21,"GroupFilter=TRUE;MinGroup=10;Top=TRUE;TopPct=0.05;Bottom=FALSE;BottomPct=0.05"
"XCHLORSULFURON","Education.index",0.0490540407400888,TRUE,658,39,21,"GroupFilter=TRUE;MinGroup=10;Top=TRUE;TopPct=0.05;Bottom=FALSE;BottomPct=0.05"
"XCHLORSULFURON","Income",0.396107498034859,FALSE,658,39,21,"GroupFilter=TRUE;MinGroup=10;Top=TRUE;TopPct=0.05;Bottom=FALSE;BottomPct=0.05"
"XCHLORSULFURON","home_value",0.360183978223378,FALSE,658,39,21,"GroupFilter=TRUE;MinGroup=10;Top=TRUE;TopPct=0.05;Bottom=FALSE;BottomPct=0.05"
"XCHLORSULFURON","rent",0.268675269065477,FALSE,658,39,21,"GroupFilter=TRUE;MinGroup=10;Top=TRUE;TopPct=0.05;Bottom=FALSE;BottomPct=0.05"
"XCHLORSULFURON","Poverty_150",0.941120681236674,FALSE,658,39,21,"GroupFilter=TRUE;MinGroup=10;Top=TRUE;TopPct=0.05;Bottom=FALSE;BottomPct=0.05"
"XCHLORSULFURON","Unemployed",0.847464125457695,FALSE,658,39,21,"GroupFilter=TRUE;MinGroup=10;Top=TRUE;TopPct=0.05;Bottom=FALSE;BottomPct=0.05"
"XCHLORSULFURON","Working_class",0.812919888953583,FALSE,658,39,21,"GroupFilter=TRUE;MinGroup=10;Top=TRUE;TopPct=0.05;Bottom=FALSE;BottomPct=0.05"
"XCLETHODIM","Education.index",0.00424265703828078,TRUE,1699,99,21,"GroupFilter=TRUE;MinGroup=10;Top=TRUE;TopPct=0.05;Bottom=FALSE;BottomPct=0.05"
"XCLETHODIM","Income",0.530161904565283,FALSE,1699,99,21,"GroupFilter=TRUE;MinGroup=10;Top=TRUE;TopPct=0.05;Bottom=FALSE;BottomPct=0.05"
"XCLETHODIM","home_value",0.147925456305827,FALSE,1699,99,21,"GroupFilter=TRUE;MinGroup=10;Top=TRUE;TopPct=0.05;Bottom=FALSE;BottomPct=0.05"
"XCLETHODIM","rent",0.0369601218281549,TRUE,1699,99,21,"GroupFilter=TRUE;MinGroup=10;Top=TRUE;TopPct=0.05;Bottom=FALSE;BottomPct=0.05"
"XCLETHODIM","Poverty_150",0.921077340662941,FALSE,1699,99,21,"GroupFilter=TRUE;MinGroup=10;Top=TRUE;TopPct=0.05;Bottom=FALSE;BottomPct=0.05"
"XCLETHODIM","Unemployed",0.988675554730948,FALSE,1699,99,21,"GroupFilter=TRUE;MinGroup=10;Top=TRUE;TopPct=0.05;Bottom=FALSE;BottomPct=0.05"
"XCLETHODIM","Working_class",0.438386493025185,FALSE,1699,99,21,"GroupFilter=TRUE;MinGroup=10;Top=TRUE;TopPct=0.05;Bottom=FALSE;BottomPct=0.05"
"XCLOFENTEZINE","Education.index",0.901246069499666,FALSE,209,18,15,"GroupFilter=TRUE;MinGroup=10;Top=TRUE;TopPct=0.05;Bottom=FALSE;BottomPct=0.05"
"XCLOFENTEZINE","Income",0.184145389932291,FALSE,209,18,15,"GroupFilter=TRUE;MinGroup=10;Top=TRUE;TopPct=0.05;Bottom=FALSE;BottomPct=0.05"
"XCLOFENTEZINE","home_value",0.226638869772034,FALSE,209,18,15,"GroupFilter=TRUE;MinGroup=10;Top=TRUE;TopPct=0.05;Bottom=FALSE;BottomPct=0.05"
"XCLOFENTEZINE","rent",0.306596964411415,FALSE,209,18,15,"GroupFilter=TRUE;MinGroup=10;Top=TRUE;TopPct=0.05;Bottom=FALSE;BottomPct=0.05"
"XCLOFENTEZINE","Poverty_150",0.167671792150469,FALSE,209,18,15,"GroupFilter=TRUE;MinGroup=10;Top=TRUE;TopPct=0.05;Bottom=FALSE;BottomPct=0.05"
"XCLOFENTEZINE","Unemployed",0.483411265436308,FALSE,209,18,15,"GroupFilter=TRUE;MinGroup=10;Top=TRUE;TopPct=0.05;Bottom=FALSE;BottomPct=0.05"
"XCLOFENTEZINE","Working_class",0.702598931368006,FALSE,209,18,15,"GroupFilter=TRUE;MinGroup=10;Top=TRUE;TopPct=0.05;Bottom=FALSE;BottomPct=0.05"
"XCLOMAZONE","Education.index",0.0263143461784269,TRUE,1454,82,21,"GroupFilter=TRUE;MinGroup=10;Top=TRUE;TopPct=0.05;Bottom=FALSE;BottomPct=0.05"
"XCLOMAZONE","Income",0.497500931681774,FALSE,1454,82,21,"GroupFilter=TRUE;MinGroup=10;Top=TRUE;TopPct=0.05;Bottom=FALSE;BottomPct=0.05"
"XCLOMAZONE","home_value",0.118601071334342,FALSE,1454,82,21,"GroupFilter=TRUE;MinGroup=10;Top=TRUE;TopPct=0.05;Bottom=FALSE;BottomPct=0.05"
"XCLOMAZONE","rent",0.0203518004335527,TRUE,1454,82,21,"GroupFilter=TRUE;MinGroup=10;Top=TRUE;TopPct=0.05;Bottom=FALSE;BottomPct=0.05"
"XCLOMAZONE","Poverty_150",0.975501101936413,FALSE,1454,82,21,"GroupFilter=TRUE;MinGroup=10;Top=TRUE;TopPct=0.05;Bottom=FALSE;BottomPct=0.05"
"XCLOMAZONE","Unemployed",0.459989622679152,FALSE,1454,82,21,"GroupFilter=TRUE;MinGroup=10;Top=TRUE;TopPct=0.05;Bottom=FALSE;BottomPct=0.05"
"XCLOMAZONE","Working_class",0.230153138357203,FALSE,1454,82,21,"GroupFilter=TRUE;MinGroup=10;Top=TRUE;TopPct=0.05;Bottom=FALSE;BottomPct=0.05"
"XCLOPYRALID","Education.index",0.00307367575006778,TRUE,1935,103,21,"GroupFilter=TRUE;MinGroup=10;Top=TRUE;TopPct=0.05;Bottom=FALSE;BottomPct=0.05"
"XCLOPYRALID","Income",0.639487183801337,FALSE,1935,103,21,"GroupFilter=TRUE;MinGroup=10;Top=TRUE;TopPct=0.05;Bottom=FALSE;BottomPct=0.05"
"XCLOPYRALID","home_value",0.220014582198289,FALSE,1935,103,21,"GroupFilter=TRUE;MinGroup=10;Top=TRUE;TopPct=0.05;Bottom=FALSE;BottomPct=0.05"
"XCLOPYRALID","rent",0.120194467323718,FALSE,1935,103,21,"GroupFilter=TRUE;MinGroup=10;Top=TRUE;TopPct=0.05;Bottom=FALSE;BottomPct=0.05"
"XCLOPYRALID","Poverty_150",0.972259195936084,FALSE,1935,103,21,"GroupFilter=TRUE;MinGroup=10;Top=TRUE;TopPct=0.05;Bottom=FALSE;BottomPct=0.05"
"XCLOPYRALID","Unemployed",0.3309386228668,FALSE,1935,103,21,"GroupFilter=TRUE;MinGroup=10;Top=TRUE;TopPct=0.05;Bottom=FALSE;BottomPct=0.05"
"XCLOPYRALID","Working_class",0.335139770565731,FALSE,1935,103,21,"GroupFilter=TRUE;MinGroup=10;Top=TRUE;TopPct=0.05;Bottom=FALSE;BottomPct=0.05"
"XCOPPER","Education.index",0.943488475830662,FALSE,329,26,17,"GroupFilter=TRUE;MinGroup=10;Top=TRUE;TopPct=0.05;Bottom=FALSE;BottomPct=0.05"
"XCOPPER","Income",0.359717019073865,FALSE,329,26,17,"GroupFilter=TRUE;MinGroup=10;Top=TRUE;TopPct=0.05;Bottom=FALSE;BottomPct=0.05"
"XCOPPER","home_value",0.630989543919655,FALSE,329,26,17,"GroupFilter=TRUE;MinGroup=10;Top=TRUE;TopPct=0.05;Bottom=FALSE;BottomPct=0.05"
"XCOPPER","rent",0.497972260364652,FALSE,329,26,17,"GroupFilter=TRUE;MinGroup=10;Top=TRUE;TopPct=0.05;Bottom=FALSE;BottomPct=0.05"
"XCOPPER","Poverty_150",0.310967889191236,FALSE,329,26,17,"GroupFilter=TRUE;MinGroup=10;Top=TRUE;TopPct=0.05;Bottom=FALSE;BottomPct=0.05"
"XCOPPER","Unemployed",0.263069666775724,FALSE,329,26,17,"GroupFilter=TRUE;MinGroup=10;Top=TRUE;TopPct=0.05;Bottom=FALSE;BottomPct=0.05"
"XCOPPER","Working_class",0.980500638188526,FALSE,329,26,17,"GroupFilter=TRUE;MinGroup=10;Top=TRUE;TopPct=0.05;Bottom=FALSE;BottomPct=0.05"
"XCOPPERHYDROXIDE","Education.index",0.00585483332468581,TRUE,1642,84,21,"GroupFilter=TRUE;MinGroup=10;Top=TRUE;TopPct=0.05;Bottom=FALSE;BottomPct=0.05"
"XCOPPERHYDROXIDE","Income",0.191525824055294,FALSE,1642,84,21,"GroupFilter=TRUE;MinGroup=10;Top=TRUE;TopPct=0.05;Bottom=FALSE;BottomPct=0.05"
"XCOPPERHYDROXIDE","home_value",0.0148802086497588,TRUE,1642,84,21,"GroupFilter=TRUE;MinGroup=10;Top=TRUE;TopPct=0.05;Bottom=FALSE;BottomPct=0.05"
"XCOPPERHYDROXIDE","rent",0.00179184385755606,TRUE,1642,84,21,"GroupFilter=TRUE;MinGroup=10;Top=TRUE;TopPct=0.05;Bottom=FALSE;BottomPct=0.05"
"XCOPPERHYDROXIDE","Poverty_150",0.872557123338646,FALSE,1642,84,21,"GroupFilter=TRUE;MinGroup=10;Top=TRUE;TopPct=0.05;Bottom=FALSE;BottomPct=0.05"
"XCOPPERHYDROXIDE","Unemployed",0.471285803043103,FALSE,1642,84,21,"GroupFilter=TRUE;MinGroup=10;Top=TRUE;TopPct=0.05;Bottom=FALSE;BottomPct=0.05"
"XCOPPERHYDROXIDE","Working_class",0.0706021605981851,FALSE,1642,84,21,"GroupFilter=TRUE;MinGroup=10;Top=TRUE;TopPct=0.05;Bottom=FALSE;BottomPct=0.05"
"XCOPPEROXYCHLORIDES","Education.index",0.0696701163931226,FALSE,418,32,19,"GroupFilter=TRUE;MinGroup=10;Top=TRUE;TopPct=0.05;Bottom=FALSE;BottomPct=0.05"
"XCOPPEROXYCHLORIDES","Income",0.677703950089596,FALSE,418,32,19,"GroupFilter=TRUE;MinGroup=10;Top=TRUE;TopPct=0.05;Bottom=FALSE;BottomPct=0.05"
"XCOPPEROXYCHLORIDES","home_value",0.423982921143431,FALSE,418,32,19,"GroupFilter=TRUE;MinGroup=10;Top=TRUE;TopPct=0.05;Bottom=FALSE;BottomPct=0.05"
"XCOPPEROXYCHLORIDES","rent",0.141327883416117,FALSE,418,32,19,"GroupFilter=TRUE;MinGroup=10;Top=TRUE;TopPct=0.05;Bottom=FALSE;BottomPct=0.05"
"XCOPPEROXYCHLORIDES","Poverty_150",0.153259462568798,FALSE,418,32,19,"GroupFilter=TRUE;MinGroup=10;Top=TRUE;TopPct=0.05;Bottom=FALSE;BottomPct=0.05"
"XCOPPEROXYCHLORIDES","Unemployed",0.00667644630377372,TRUE,418,32,19,"GroupFilter=TRUE;MinGroup=10;Top=TRUE;TopPct=0.05;Bottom=FALSE;BottomPct=0.05"
"XCOPPEROXYCHLORIDES","Working_class",0.722836887530116,FALSE,418,32,19,"GroupFilter=TRUE;MinGroup=10;Top=TRUE;TopPct=0.05;Bottom=FALSE;BottomPct=0.05"
"XCOPPERSULFATE","Education.index",0.00593397031171726,TRUE,1607,95,21,"GroupFilter=TRUE;MinGroup=10;Top=TRUE;TopPct=0.05;Bottom=FALSE;BottomPct=0.05"
"XCOPPERSULFATE","Income",0.561608553388013,FALSE,1607,95,21,"GroupFilter=TRUE;MinGroup=10;Top=TRUE;TopPct=0.05;Bottom=FALSE;BottomPct=0.05"
"XCOPPERSULFATE","home_value",0.115312458395112,FALSE,1607,95,21,"GroupFilter=TRUE;MinGroup=10;Top=TRUE;TopPct=0.05;Bottom=FALSE;BottomPct=0.05"
"XCOPPERSULFATE","rent",0.0386008718535544,TRUE,1607,95,21,"GroupFilter=TRUE;MinGroup=10;Top=TRUE;TopPct=0.05;Bottom=FALSE;BottomPct=0.05"
"XCOPPERSULFATE","Poverty_150",0.635762301618146,FALSE,1607,95,21,"GroupFilter=TRUE;MinGroup=10;Top=TRUE;TopPct=0.05;Bottom=FALSE;BottomPct=0.05"
"XCOPPERSULFATE","Unemployed",0.218197042798785,FALSE,1607,95,21,"GroupFilter=TRUE;MinGroup=10;Top=TRUE;TopPct=0.05;Bottom=FALSE;BottomPct=0.05"
"XCOPPERSULFATE","Working_class",0.818680082403735,FALSE,1607,95,21,"GroupFilter=TRUE;MinGroup=10;Top=TRUE;TopPct=0.05;Bottom=FALSE;BottomPct=0.05"
"XCUPROUSOXIDE","Education.index",0.211473009667373,FALSE,133,13,18,"GroupFilter=TRUE;MinGroup=10;Top=TRUE;TopPct=0.05;Bottom=FALSE;BottomPct=0.05"
"XCUPROUSOXIDE","Income",0.850873681844661,FALSE,133,13,18,"GroupFilter=TRUE;MinGroup=10;Top=TRUE;TopPct=0.05;Bottom=FALSE;BottomPct=0.05"
"XCUPROUSOXIDE","home_value",0.635760892071406,FALSE,133,13,18,"GroupFilter=TRUE;MinGroup=10;Top=TRUE;TopPct=0.05;Bottom=FALSE;BottomPct=0.05"
"XCUPROUSOXIDE","rent",0.747987535797406,FALSE,133,13,18,"GroupFilter=TRUE;MinGroup=10;Top=TRUE;TopPct=0.05;Bottom=FALSE;BottomPct=0.05"
"XCUPROUSOXIDE","Poverty_150",0.656131297570438,FALSE,133,13,18,"GroupFilter=TRUE;MinGroup=10;Top=TRUE;TopPct=0.05;Bottom=FALSE;BottomPct=0.05"
"XCUPROUSOXIDE","Unemployed",0.287360005195301,FALSE,133,13,18,"GroupFilter=TRUE;MinGroup=10;Top=TRUE;TopPct=0.05;Bottom=FALSE;BottomPct=0.05"
"XCUPROUSOXIDE","Working_class",0.447216783074907,FALSE,133,13,18,"GroupFilter=TRUE;MinGroup=10;Top=TRUE;TopPct=0.05;Bottom=FALSE;BottomPct=0.05"
"XCYANAZINE","Education.index",0.197045570053175,FALSE,953,75,16,"GroupFilter=TRUE;MinGroup=10;Top=TRUE;TopPct=0.05;Bottom=FALSE;BottomPct=0.05"
"XCYANAZINE","Income",0.66385356709201,FALSE,953,75,16,"GroupFilter=TRUE;MinGroup=10;Top=TRUE;TopPct=0.05;Bottom=FALSE;BottomPct=0.05"
"XCYANAZINE","home_value",0.927883733240049,FALSE,953,75,16,"GroupFilter=TRUE;MinGroup=10;Top=TRUE;TopPct=0.05;Bottom=FALSE;BottomPct=0.05"
"XCYANAZINE","rent",0.510456619062935,FALSE,953,75,16,"GroupFilter=TRUE;MinGroup=10;Top=TRUE;TopPct=0.05;Bottom=FALSE;BottomPct=0.05"
"XCYANAZINE","Poverty_150",0.72540076954305,FALSE,953,75,16,"GroupFilter=TRUE;MinGroup=10;Top=TRUE;TopPct=0.05;Bottom=FALSE;BottomPct=0.05"
"XCYANAZINE","Unemployed",0.905122746741769,FALSE,953,75,16,"GroupFilter=TRUE;MinGroup=10;Top=TRUE;TopPct=0.05;Bottom=FALSE;BottomPct=0.05"
"XCYANAZINE","Working_class",0.7254289854002,FALSE,953,75,16,"GroupFilter=TRUE;MinGroup=10;Top=TRUE;TopPct=0.05;Bottom=FALSE;BottomPct=0.05"
"XCYFLUTHRIN","Education.index",0.00598580311566388,TRUE,1582,99,21,"GroupFilter=TRUE;MinGroup=10;Top=TRUE;TopPct=0.05;Bottom=FALSE;BottomPct=0.05"
"XCYFLUTHRIN","Income",0.59423332020549,FALSE,1582,99,21,"GroupFilter=TRUE;MinGroup=10;Top=TRUE;TopPct=0.05;Bottom=FALSE;BottomPct=0.05"
"XCYFLUTHRIN","home_value",0.538767094935385,FALSE,1582,99,21,"GroupFilter=TRUE;MinGroup=10;Top=TRUE;TopPct=0.05;Bottom=FALSE;BottomPct=0.05"
"XCYFLUTHRIN","rent",0.305239658155207,FALSE,1582,99,21,"GroupFilter=TRUE;MinGroup=10;Top=TRUE;TopPct=0.05;Bottom=FALSE;BottomPct=0.05"
"XCYFLUTHRIN","Poverty_150",0.927226468690858,FALSE,1582,99,21,"GroupFilter=TRUE;MinGroup=10;Top=TRUE;TopPct=0.05;Bottom=FALSE;BottomPct=0.05"
"XCYFLUTHRIN","Unemployed",0.256569398685369,FALSE,1582,99,21,"GroupFilter=TRUE;MinGroup=10;Top=TRUE;TopPct=0.05;Bottom=FALSE;BottomPct=0.05"
"XCYFLUTHRIN","Working_class",0.396417550995559,FALSE,1582,99,21,"GroupFilter=TRUE;MinGroup=10;Top=TRUE;TopPct=0.05;Bottom=FALSE;BottomPct=0.05"
"XCYHALOTHRINLAMBDA","Education.index",0.00923905494333137,TRUE,1706,100,21,"GroupFilter=TRUE;MinGroup=10;Top=TRUE;TopPct=0.05;Bottom=FALSE;BottomPct=0.05"
"XCYHALOTHRINLAMBDA","Income",0.3343692590523,FALSE,1706,100,21,"GroupFilter=TRUE;MinGroup=10;Top=TRUE;TopPct=0.05;Bottom=FALSE;BottomPct=0.05"
"XCYHALOTHRINLAMBDA","home_value",0.129641176266007,FALSE,1706,100,21,"GroupFilter=TRUE;MinGroup=10;Top=TRUE;TopPct=0.05;Bottom=FALSE;BottomPct=0.05"
"XCYHALOTHRINLAMBDA","rent",0.0445654529977223,TRUE,1706,100,21,"GroupFilter=TRUE;MinGroup=10;Top=TRUE;TopPct=0.05;Bottom=FALSE;BottomPct=0.05"
"XCYHALOTHRINLAMBDA","Poverty_150",0.807038575852093,FALSE,1706,100,21,"GroupFilter=TRUE;MinGroup=10;Top=TRUE;TopPct=0.05;Bottom=FALSE;BottomPct=0.05"
"XCYHALOTHRINLAMBDA","Unemployed",0.360249101188645,FALSE,1706,100,21,"GroupFilter=TRUE;MinGroup=10;Top=TRUE;TopPct=0.05;Bottom=FALSE;BottomPct=0.05"
"XCYHALOTHRINLAMBDA","Working_class",0.283266148597258,FALSE,1706,100,21,"GroupFilter=TRUE;MinGroup=10;Top=TRUE;TopPct=0.05;Bottom=FALSE;BottomPct=0.05"
"XCYPERMETHRIN","Education.index",0.189945158980083,FALSE,154,10,21,"GroupFilter=TRUE;MinGroup=10;Top=TRUE;TopPct=0.05;Bottom=FALSE;BottomPct=0.05"
"XCYPERMETHRIN","Income",0.751423646110871,FALSE,154,10,21,"GroupFilter=TRUE;MinGroup=10;Top=TRUE;TopPct=0.05;Bottom=FALSE;BottomPct=0.05"
"XCYPERMETHRIN","home_value",0.139547677319608,FALSE,154,10,21,"GroupFilter=TRUE;MinGroup=10;Top=TRUE;TopPct=0.05;Bottom=FALSE;BottomPct=0.05"
"XCYPERMETHRIN","rent",0.217624829679002,FALSE,154,10,21,"GroupFilter=TRUE;MinGroup=10;Top=TRUE;TopPct=0.05;Bottom=FALSE;BottomPct=0.05"
"XCYPERMETHRIN","Poverty_150",0.5722319693212,FALSE,154,10,21,"GroupFilter=TRUE;MinGroup=10;Top=TRUE;TopPct=0.05;Bottom=FALSE;BottomPct=0.05"
"XCYPERMETHRIN","Unemployed",0.720510900045032,FALSE,154,10,21,"GroupFilter=TRUE;MinGroup=10;Top=TRUE;TopPct=0.05;Bottom=FALSE;BottomPct=0.05"
"XCYPERMETHRIN","Working_class",0.165212588511747,FALSE,154,10,21,"GroupFilter=TRUE;MinGroup=10;Top=TRUE;TopPct=0.05;Bottom=FALSE;BottomPct=0.05"
"XDCPA","Education.index",0.0111017553660756,TRUE,659,42,21,"GroupFilter=TRUE;MinGroup=10;Top=TRUE;TopPct=0.05;Bottom=FALSE;BottomPct=0.05"
"XDCPA","Income",0.566509620813626,FALSE,659,42,21,"GroupFilter=TRUE;MinGroup=10;Top=TRUE;TopPct=0.05;Bottom=FALSE;BottomPct=0.05"
"XDCPA","home_value",0.614506009579926,FALSE,659,42,21,"GroupFilter=TRUE;MinGroup=10;Top=TRUE;TopPct=0.05;Bottom=FALSE;BottomPct=0.05"
"XDCPA","rent",0.806026387884038,FALSE,659,42,21,"GroupFilter=TRUE;MinGroup=10;Top=TRUE;TopPct=0.05;Bottom=FALSE;BottomPct=0.05"
"XDCPA","Poverty_150",0.310156652572212,FALSE,659,42,21,"GroupFilter=TRUE;MinGroup=10;Top=TRUE;TopPct=0.05;Bottom=FALSE;BottomPct=0.05"
"XDCPA","Unemployed",0.715493863314113,FALSE,659,42,21,"GroupFilter=TRUE;MinGroup=10;Top=TRUE;TopPct=0.05;Bottom=FALSE;BottomPct=0.05"
"XDCPA","Working_class",0.965198810940634,FALSE,659,42,21,"GroupFilter=TRUE;MinGroup=10;Top=TRUE;TopPct=0.05;Bottom=FALSE;BottomPct=0.05"
"XDIAZINON","Education.index",0.00088026691123883,TRUE,1730,103,21,"GroupFilter=TRUE;MinGroup=10;Top=TRUE;TopPct=0.05;Bottom=FALSE;BottomPct=0.05"
"XDIAZINON","Income",0.142541052566481,FALSE,1730,103,21,"GroupFilter=TRUE;MinGroup=10;Top=TRUE;TopPct=0.05;Bottom=FALSE;BottomPct=0.05"
"XDIAZINON","home_value",0.0238225496009325,TRUE,1730,103,21,"GroupFilter=TRUE;MinGroup=10;Top=TRUE;TopPct=0.05;Bottom=FALSE;BottomPct=0.05"
"XDIAZINON","rent",0.00370498250925387,TRUE,1730,103,21,"GroupFilter=TRUE;MinGroup=10;Top=TRUE;TopPct=0.05;Bottom=FALSE;BottomPct=0.05"
"XDIAZINON","Poverty_150",0.993157662835479,FALSE,1730,103,21,"GroupFilter=TRUE;MinGroup=10;Top=TRUE;TopPct=0.05;Bottom=FALSE;BottomPct=0.05"
"XDIAZINON","Unemployed",0.589169735856821,FALSE,1730,103,21,"GroupFilter=TRUE;MinGroup=10;Top=TRUE;TopPct=0.05;Bottom=FALSE;BottomPct=0.05"
"XDIAZINON","Working_class",0.260430571464546,FALSE,1730,103,21,"GroupFilter=TRUE;MinGroup=10;Top=TRUE;TopPct=0.05;Bottom=FALSE;BottomPct=0.05"
"XDICAMBA","Education.index",0.00787473042880804,TRUE,2049,103,21,"GroupFilter=TRUE;MinGroup=10;Top=TRUE;TopPct=0.05;Bottom=FALSE;BottomPct=0.05"
"XDICAMBA","Income",0.653555795494107,FALSE,2049,103,21,"GroupFilter=TRUE;MinGroup=10;Top=TRUE;TopPct=0.05;Bottom=FALSE;BottomPct=0.05"
"XDICAMBA","home_value",0.281620732832023,FALSE,2049,103,21,"GroupFilter=TRUE;MinGroup=10;Top=TRUE;TopPct=0.05;Bottom=FALSE;BottomPct=0.05"
"XDICAMBA","rent",0.105088105954783,FALSE,2049,103,21,"GroupFilter=TRUE;MinGroup=10;Top=TRUE;TopPct=0.05;Bottom=FALSE;BottomPct=0.05"
"XDICAMBA","Poverty_150",0.753109815717919,FALSE,2049,103,21,"GroupFilter=TRUE;MinGroup=10;Top=TRUE;TopPct=0.05;Bottom=FALSE;BottomPct=0.05"
"XDICAMBA","Unemployed",0.676011636692331,FALSE,2049,103,21,"GroupFilter=TRUE;MinGroup=10;Top=TRUE;TopPct=0.05;Bottom=FALSE;BottomPct=0.05"
"XDICAMBA","Working_class",0.661010490712157,FALSE,2049,103,21,"GroupFilter=TRUE;MinGroup=10;Top=TRUE;TopPct=0.05;Bottom=FALSE;BottomPct=0.05"
"XDICHLOBENIL","Education.index",0.974868185193807,FALSE,197,12,19,"GroupFilter=TRUE;MinGroup=10;Top=TRUE;TopPct=0.05;Bottom=FALSE;BottomPct=0.05"
"XDICHLOBENIL","Income",0.375178157847446,FALSE,197,12,19,"GroupFilter=TRUE;MinGroup=10;Top=TRUE;TopPct=0.05;Bottom=FALSE;BottomPct=0.05"
"XDICHLOBENIL","home_value",0.879187954403624,FALSE,197,12,19,"GroupFilter=TRUE;MinGroup=10;Top=TRUE;TopPct=0.05;Bottom=FALSE;BottomPct=0.05"
"XDICHLOBENIL","rent",0.256423704473114,FALSE,197,12,19,"GroupFilter=TRUE;MinGroup=10;Top=TRUE;TopPct=0.05;Bottom=FALSE;BottomPct=0.05"
"XDICHLOBENIL","Poverty_150",0.633475439329117,FALSE,197,12,19,"GroupFilter=TRUE;MinGroup=10;Top=TRUE;TopPct=0.05;Bottom=FALSE;BottomPct=0.05"
"XDICHLOBENIL","Unemployed",0.868460767953937,FALSE,197,12,19,"GroupFilter=TRUE;MinGroup=10;Top=TRUE;TopPct=0.05;Bottom=FALSE;BottomPct=0.05"
"XDICHLOBENIL","Working_class",0.376252688948351,FALSE,197,12,19,"GroupFilter=TRUE;MinGroup=10;Top=TRUE;TopPct=0.05;Bottom=FALSE;BottomPct=0.05"
"XDICHLOROPROPENE","Education.index",0.0139148184011806,TRUE,743,40,21,"GroupFilter=TRUE;MinGroup=10;Top=TRUE;TopPct=0.05;Bottom=FALSE;BottomPct=0.05"
"XDICHLOROPROPENE","Income",0.0790900900111741,FALSE,743,40,21,"GroupFilter=TRUE;MinGroup=10;Top=TRUE;TopPct=0.05;Bottom=FALSE;BottomPct=0.05"
"XDICHLOROPROPENE","home_value",0.779470998546937,FALSE,743,40,21,"GroupFilter=TRUE;MinGroup=10;Top=TRUE;TopPct=0.05;Bottom=FALSE;BottomPct=0.05"
"XDICHLOROPROPENE","rent",0.790700528696612,FALSE,743,40,21,"GroupFilter=TRUE;MinGroup=10;Top=TRUE;TopPct=0.05;Bottom=FALSE;BottomPct=0.05"
"XDICHLOROPROPENE","Poverty_150",0.00255516262611946,TRUE,743,40,21,"GroupFilter=TRUE;MinGroup=10;Top=TRUE;TopPct=0.05;Bottom=FALSE;BottomPct=0.05"
"XDICHLOROPROPENE","Unemployed",0.00013429363218487,TRUE,743,40,21,"GroupFilter=TRUE;MinGroup=10;Top=TRUE;TopPct=0.05;Bottom=FALSE;BottomPct=0.05"
"XDICHLOROPROPENE","Working_class",0.694741119695128,FALSE,743,40,21,"GroupFilter=TRUE;MinGroup=10;Top=TRUE;TopPct=0.05;Bottom=FALSE;BottomPct=0.05"
"XDICHLORPROP","Education.index",0.08266975523109,FALSE,737,51,18,"GroupFilter=TRUE;MinGroup=10;Top=TRUE;TopPct=0.05;Bottom=FALSE;BottomPct=0.05"
"XDICHLORPROP","Income",0.231395771428055,FALSE,737,51,18,"GroupFilter=TRUE;MinGroup=10;Top=TRUE;TopPct=0.05;Bottom=FALSE;BottomPct=0.05"
"XDICHLORPROP","home_value",0.222513329554006,FALSE,737,51,18,"GroupFilter=TRUE;MinGroup=10;Top=TRUE;TopPct=0.05;Bottom=FALSE;BottomPct=0.05"
"XDICHLORPROP","rent",0.0259882295313565,TRUE,737,51,18,"GroupFilter=TRUE;MinGroup=10;Top=TRUE;TopPct=0.05;Bottom=FALSE;BottomPct=0.05"
"XDICHLORPROP","Poverty_150",0.862599780773526,FALSE,737,51,18,"GroupFilter=TRUE;MinGroup=10;Top=TRUE;TopPct=0.05;Bottom=FALSE;BottomPct=0.05"
"XDICHLORPROP","Unemployed",0.80590963721492,FALSE,737,51,18,"GroupFilter=TRUE;MinGroup=10;Top=TRUE;TopPct=0.05;Bottom=FALSE;BottomPct=0.05"
"XDICHLORPROP","Working_class",0.166081751356364,FALSE,737,51,18,"GroupFilter=TRUE;MinGroup=10;Top=TRUE;TopPct=0.05;Bottom=FALSE;BottomPct=0.05"
"XDICLOFOP","Education.index",0.00812083336767617,TRUE,288,27,17,"GroupFilter=TRUE;MinGroup=10;Top=TRUE;TopPct=0.05;Bottom=FALSE;BottomPct=0.05"
"XDICLOFOP","Income",0.376080184458942,FALSE,288,27,17,"GroupFilter=TRUE;MinGroup=10;Top=TRUE;TopPct=0.05;Bottom=FALSE;BottomPct=0.05"
"XDICLOFOP","home_value",0.749218485780015,FALSE,288,27,17,"GroupFilter=TRUE;MinGroup=10;Top=TRUE;TopPct=0.05;Bottom=FALSE;BottomPct=0.05"
"XDICLOFOP","rent",0.908357529965469,FALSE,288,27,17,"GroupFilter=TRUE;MinGroup=10;Top=TRUE;TopPct=0.05;Bottom=FALSE;BottomPct=0.05"
"XDICLOFOP","Poverty_150",0.545178807508576,FALSE,288,27,17,"GroupFilter=TRUE;MinGroup=10;Top=TRUE;TopPct=0.05;Bottom=FALSE;BottomPct=0.05"
"XDICLOFOP","Unemployed",0.956028863209755,FALSE,288,27,17,"GroupFilter=TRUE;MinGroup=10;Top=TRUE;TopPct=0.05;Bottom=FALSE;BottomPct=0.05"
"XDICLOFOP","Working_class",0.230682032747939,FALSE,288,27,17,"GroupFilter=TRUE;MinGroup=10;Top=TRUE;TopPct=0.05;Bottom=FALSE;BottomPct=0.05"
"XDICLORAN","Education.index",0.555338864083778,FALSE,134,12,12,"GroupFilter=TRUE;MinGroup=10;Top=TRUE;TopPct=0.05;Bottom=FALSE;BottomPct=0.05"
"XDICLORAN","Income",0.700674495267448,FALSE,134,12,12,"GroupFilter=TRUE;MinGroup=10;Top=TRUE;TopPct=0.05;Bottom=FALSE;BottomPct=0.05"
"XDICLORAN","home_value",0.417640363139616,FALSE,134,12,12,"GroupFilter=TRUE;MinGroup=10;Top=TRUE;TopPct=0.05;Bottom=FALSE;BottomPct=0.05"
"XDICLORAN","rent",0.719725877349004,FALSE,134,12,12,"GroupFilter=TRUE;MinGroup=10;Top=TRUE;TopPct=0.05;Bottom=FALSE;BottomPct=0.05"
"XDICLORAN","Poverty_150",0.684439497507962,FALSE,134,12,12,"GroupFilter=TRUE;MinGroup=10;Top=TRUE;TopPct=0.05;Bottom=FALSE;BottomPct=0.05"
"XDICLORAN","Unemployed",0.169994939572419,FALSE,134,12,12,"GroupFilter=TRUE;MinGroup=10;Top=TRUE;TopPct=0.05;Bottom=FALSE;BottomPct=0.05"
"XDICLORAN","Working_class",0.420269855909546,FALSE,134,12,12,"GroupFilter=TRUE;MinGroup=10;Top=TRUE;TopPct=0.05;Bottom=FALSE;BottomPct=0.05"
"XDICOFOL","Education.index",0.323376940801928,FALSE,69,5,20,"GroupFilter=TRUE;MinGroup=10;Top=TRUE;TopPct=0.05;Bottom=FALSE;BottomPct=0.05"
"XDICOFOL","Income",0.537471203271705,FALSE,69,5,20,"GroupFilter=TRUE;MinGroup=10;Top=TRUE;TopPct=0.05;Bottom=FALSE;BottomPct=0.05"
"XDICOFOL","home_value",0.306343188873793,FALSE,69,5,20,"GroupFilter=TRUE;MinGroup=10;Top=TRUE;TopPct=0.05;Bottom=FALSE;BottomPct=0.05"
"XDICOFOL","rent",0.493093522761986,FALSE,69,5,20,"GroupFilter=TRUE;MinGroup=10;Top=TRUE;TopPct=0.05;Bottom=FALSE;BottomPct=0.05"
"XDICOFOL","Poverty_150",0.766087349126491,FALSE,69,5,20,"GroupFilter=TRUE;MinGroup=10;Top=TRUE;TopPct=0.05;Bottom=FALSE;BottomPct=0.05"
"XDICOFOL","Unemployed",0.782439211710438,FALSE,69,5,20,"GroupFilter=TRUE;MinGroup=10;Top=TRUE;TopPct=0.05;Bottom=FALSE;BottomPct=0.05"
"XDICOFOL","Working_class",0.477130511156055,FALSE,69,5,20,"GroupFilter=TRUE;MinGroup=10;Top=TRUE;TopPct=0.05;Bottom=FALSE;BottomPct=0.05"
"XDICROTOPHOS","Education.index",0.732622211836428,FALSE,95,5,21,"GroupFilter=TRUE;MinGroup=10;Top=TRUE;TopPct=0.05;Bottom=FALSE;BottomPct=0.05"
"XDICROTOPHOS","Income",0.170253972208542,FALSE,95,5,21,"GroupFilter=TRUE;MinGroup=10;Top=TRUE;TopPct=0.05;Bottom=FALSE;BottomPct=0.05"
"XDICROTOPHOS","home_value",0.0993405241220894,FALSE,95,5,21,"GroupFilter=TRUE;MinGroup=10;Top=TRUE;TopPct=0.05;Bottom=FALSE;BottomPct=0.05"
"XDICROTOPHOS","rent",0.0131454909053902,TRUE,95,5,21,"GroupFilter=TRUE;MinGroup=10;Top=TRUE;TopPct=0.05;Bottom=FALSE;BottomPct=0.05"
"XDICROTOPHOS","Poverty_150",0.0253633558536965,TRUE,95,5,21,"GroupFilter=TRUE;MinGroup=10;Top=TRUE;TopPct=0.05;Bottom=FALSE;BottomPct=0.05"
"XDICROTOPHOS","Unemployed",0.414935289868773,FALSE,95,5,21,"GroupFilter=TRUE;MinGroup=10;Top=TRUE;TopPct=0.05;Bottom=FALSE;BottomPct=0.05"
"XDICROTOPHOS","Working_class",0.0251913759686724,TRUE,95,5,21,"GroupFilter=TRUE;MinGroup=10;Top=TRUE;TopPct=0.05;Bottom=FALSE;BottomPct=0.05"
"XDIFENZOQUAT","Education.index",0.294005300279245,FALSE,299,19,19,"GroupFilter=TRUE;MinGroup=10;Top=TRUE;TopPct=0.05;Bottom=FALSE;BottomPct=0.05"
"XDIFENZOQUAT","Income",0.802231363254341,FALSE,299,19,19,"GroupFilter=TRUE;MinGroup=10;Top=TRUE;TopPct=0.05;Bottom=FALSE;BottomPct=0.05"
"XDIFENZOQUAT","home_value",0.717630507024906,FALSE,299,19,19,"GroupFilter=TRUE;MinGroup=10;Top=TRUE;TopPct=0.05;Bottom=FALSE;BottomPct=0.05"
"XDIFENZOQUAT","rent",0.865355168480951,FALSE,299,19,19,"GroupFilter=TRUE;MinGroup=10;Top=TRUE;TopPct=0.05;Bottom=FALSE;BottomPct=0.05"
"XDIFENZOQUAT","Poverty_150",0.259936917279905,FALSE,299,19,19,"GroupFilter=TRUE;MinGroup=10;Top=TRUE;TopPct=0.05;Bottom=FALSE;BottomPct=0.05"
"XDIFENZOQUAT","Unemployed",0.102008040430076,FALSE,299,19,19,"GroupFilter=TRUE;MinGroup=10;Top=TRUE;TopPct=0.05;Bottom=FALSE;BottomPct=0.05"
"XDIFENZOQUAT","Working_class",0.92631669856007,FALSE,299,19,19,"GroupFilter=TRUE;MinGroup=10;Top=TRUE;TopPct=0.05;Bottom=FALSE;BottomPct=0.05"
"XDIMETHOATE","Education.index",0.00456684050794101,TRUE,2021,104,21,"GroupFilter=TRUE;MinGroup=10;Top=TRUE;TopPct=0.05;Bottom=FALSE;BottomPct=0.05"
"XDIMETHOATE","Income",0.5845545565559,FALSE,2021,104,21,"GroupFilter=TRUE;MinGroup=10;Top=TRUE;TopPct=0.05;Bottom=FALSE;BottomPct=0.05"
"XDIMETHOATE","home_value",0.153580446488905,FALSE,2021,104,21,"GroupFilter=TRUE;MinGroup=10;Top=TRUE;TopPct=0.05;Bottom=FALSE;BottomPct=0.05"
"XDIMETHOATE","rent",0.0762868685051062,FALSE,2021,104,21,"GroupFilter=TRUE;MinGroup=10;Top=TRUE;TopPct=0.05;Bottom=FALSE;BottomPct=0.05"
"XDIMETHOATE","Poverty_150",0.967584862503496,FALSE,2021,104,21,"GroupFilter=TRUE;MinGroup=10;Top=TRUE;TopPct=0.05;Bottom=FALSE;BottomPct=0.05"
"XDIMETHOATE","Unemployed",0.966737556793653,FALSE,2021,104,21,"GroupFilter=TRUE;MinGroup=10;Top=TRUE;TopPct=0.05;Bottom=FALSE;BottomPct=0.05"
"XDIMETHOATE","Working_class",0.417460858564383,FALSE,2021,104,21,"GroupFilter=TRUE;MinGroup=10;Top=TRUE;TopPct=0.05;Bottom=FALSE;BottomPct=0.05"
"XDIQUAT","Education.index",6.07268386073341e-05,TRUE,1144,66,21,"GroupFilter=TRUE;MinGroup=10;Top=TRUE;TopPct=0.05;Bottom=FALSE;BottomPct=0.05"
"XDIQUAT","Income",0.761507255953036,FALSE,1144,66,21,"GroupFilter=TRUE;MinGroup=10;Top=TRUE;TopPct=0.05;Bottom=FALSE;BottomPct=0.05"
"XDIQUAT","home_value",0.0619102416106642,FALSE,1144,66,21,"GroupFilter=TRUE;MinGroup=10;Top=TRUE;TopPct=0.05;Bottom=FALSE;BottomPct=0.05"
"XDIQUAT","rent",0.0653699308535492,FALSE,1144,66,21,"GroupFilter=TRUE;MinGroup=10;Top=TRUE;TopPct=0.05;Bottom=FALSE;BottomPct=0.05"
"XDIQUAT","Poverty_150",0.489336291202854,FALSE,1144,66,21,"GroupFilter=TRUE;MinGroup=10;Top=TRUE;TopPct=0.05;Bottom=FALSE;BottomPct=0.05"
"XDIQUAT","Unemployed",0.114297577548133,FALSE,1144,66,21,"GroupFilter=TRUE;MinGroup=10;Top=TRUE;TopPct=0.05;Bottom=FALSE;BottomPct=0.05"
"XDIQUAT","Working_class",0.364926044848127,FALSE,1144,66,21,"GroupFilter=TRUE;MinGroup=10;Top=TRUE;TopPct=0.05;Bottom=FALSE;BottomPct=0.05"
"XDISULFOTON","Education.index",0.627329464099927,FALSE,567,47,21,"GroupFilter=TRUE;MinGroup=10;Top=TRUE;TopPct=0.05;Bottom=FALSE;BottomPct=0.05"
"XDISULFOTON","Income",0.248075074570544,FALSE,567,47,21,"GroupFilter=TRUE;MinGroup=10;Top=TRUE;TopPct=0.05;Bottom=FALSE;BottomPct=0.05"
"XDISULFOTON","home_value",0.245278394407227,FALSE,567,47,21,"GroupFilter=TRUE;MinGroup=10;Top=TRUE;TopPct=0.05;Bottom=FALSE;BottomPct=0.05"
"XDISULFOTON","rent",0.257106231930489,FALSE,567,47,21,"GroupFilter=TRUE;MinGroup=10;Top=TRUE;TopPct=0.05;Bottom=FALSE;BottomPct=0.05"
"XDISULFOTON","Poverty_150",0.713128720949562,FALSE,567,47,21,"GroupFilter=TRUE;MinGroup=10;Top=TRUE;TopPct=0.05;Bottom=FALSE;BottomPct=0.05"
"XDISULFOTON","Unemployed",0.554867029656906,FALSE,567,47,21,"GroupFilter=TRUE;MinGroup=10;Top=TRUE;TopPct=0.05;Bottom=FALSE;BottomPct=0.05"
"XDISULFOTON","Working_class",0.414266187708527,FALSE,567,47,21,"GroupFilter=TRUE;MinGroup=10;Top=TRUE;TopPct=0.05;Bottom=FALSE;BottomPct=0.05"
"XDIURON","Education.index",0.0173391262986873,TRUE,1550,83,21,"GroupFilter=TRUE;MinGroup=10;Top=TRUE;TopPct=0.05;Bottom=FALSE;BottomPct=0.05"
"XDIURON","Income",0.664581099824232,FALSE,1550,83,21,"GroupFilter=TRUE;MinGroup=10;Top=TRUE;TopPct=0.05;Bottom=FALSE;BottomPct=0.05"
"XDIURON","home_value",0.0624456507094218,FALSE,1550,83,21,"GroupFilter=TRUE;MinGroup=10;Top=TRUE;TopPct=0.05;Bottom=FALSE;BottomPct=0.05"
"XDIURON","rent",0.0391170784441427,TRUE,1550,83,21,"GroupFilter=TRUE;MinGroup=10;Top=TRUE;TopPct=0.05;Bottom=FALSE;BottomPct=0.05"
"XDIURON","Poverty_150",0.733118651170582,FALSE,1550,83,21,"GroupFilter=TRUE;MinGroup=10;Top=TRUE;TopPct=0.05;Bottom=FALSE;BottomPct=0.05"
"XDIURON","Unemployed",0.497925509686611,FALSE,1550,83,21,"GroupFilter=TRUE;MinGroup=10;Top=TRUE;TopPct=0.05;Bottom=FALSE;BottomPct=0.05"
"XDIURON","Working_class",0.540478013163295,FALSE,1550,83,21,"GroupFilter=TRUE;MinGroup=10;Top=TRUE;TopPct=0.05;Bottom=FALSE;BottomPct=0.05"
"XDODINE","Education.index",0.00872504942807476,TRUE,805,56,21,"GroupFilter=TRUE;MinGroup=10;Top=TRUE;TopPct=0.05;Bottom=FALSE;BottomPct=0.05"
"XDODINE","Income",0.778137221858062,FALSE,805,56,21,"GroupFilter=TRUE;MinGroup=10;Top=TRUE;TopPct=0.05;Bottom=FALSE;BottomPct=0.05"
"XDODINE","home_value",0.103736577276764,FALSE,805,56,21,"GroupFilter=TRUE;MinGroup=10;Top=TRUE;TopPct=0.05;Bottom=FALSE;BottomPct=0.05"
"XDODINE","rent",0.037447899262576,TRUE,805,56,21,"GroupFilter=TRUE;MinGroup=10;Top=TRUE;TopPct=0.05;Bottom=FALSE;BottomPct=0.05"
"XDODINE","Poverty_150",0.375231543960503,FALSE,805,56,21,"GroupFilter=TRUE;MinGroup=10;Top=TRUE;TopPct=0.05;Bottom=FALSE;BottomPct=0.05"
"XDODINE","Unemployed",0.0216564975608632,TRUE,805,56,21,"GroupFilter=TRUE;MinGroup=10;Top=TRUE;TopPct=0.05;Bottom=FALSE;BottomPct=0.05"
"XDODINE","Working_class",0.477930437168209,FALSE,805,56,21,"GroupFilter=TRUE;MinGroup=10;Top=TRUE;TopPct=0.05;Bottom=FALSE;BottomPct=0.05"
"XENDOSULFAN","Education.index",0.00130130547595128,TRUE,1591,92,21,"GroupFilter=TRUE;MinGroup=10;Top=TRUE;TopPct=0.05;Bottom=FALSE;BottomPct=0.05"
"XENDOSULFAN","Income",0.988008836734298,FALSE,1591,92,21,"GroupFilter=TRUE;MinGroup=10;Top=TRUE;TopPct=0.05;Bottom=FALSE;BottomPct=0.05"
"XENDOSULFAN","home_value",0.0738316830332308,FALSE,1591,92,21,"GroupFilter=TRUE;MinGroup=10;Top=TRUE;TopPct=0.05;Bottom=FALSE;BottomPct=0.05"
"XENDOSULFAN","rent",0.0267424563016574,TRUE,1591,92,21,"GroupFilter=TRUE;MinGroup=10;Top=TRUE;TopPct=0.05;Bottom=FALSE;BottomPct=0.05"
"XENDOSULFAN","Poverty_150",0.432837951755985,FALSE,1591,92,21,"GroupFilter=TRUE;MinGroup=10;Top=TRUE;TopPct=0.05;Bottom=FALSE;BottomPct=0.05"
"XENDOSULFAN","Unemployed",0.0693560460914955,FALSE,1591,92,21,"GroupFilter=TRUE;MinGroup=10;Top=TRUE;TopPct=0.05;Bottom=FALSE;BottomPct=0.05"
"XENDOSULFAN","Working_class",0.438682827811216,FALSE,1591,92,21,"GroupFilter=TRUE;MinGroup=10;Top=TRUE;TopPct=0.05;Bottom=FALSE;BottomPct=0.05"
"XENDOTHAL","Education.index",0.462132645818127,FALSE,58,5,13,"GroupFilter=TRUE;MinGroup=10;Top=TRUE;TopPct=0.05;Bottom=FALSE;BottomPct=0.05"
"XENDOTHAL","Income",0.434513655174799,FALSE,58,5,13,"GroupFilter=TRUE;MinGroup=10;Top=TRUE;TopPct=0.05;Bottom=FALSE;BottomPct=0.05"
"XENDOTHAL","home_value",0.315699418206006,FALSE,58,5,13,"GroupFilter=TRUE;MinGroup=10;Top=TRUE;TopPct=0.05;Bottom=FALSE;BottomPct=0.05"
"XENDOTHAL","rent",0.532945112916497,FALSE,58,5,13,"GroupFilter=TRUE;MinGroup=10;Top=TRUE;TopPct=0.05;Bottom=FALSE;BottomPct=0.05"
"XENDOTHAL","Poverty_150",0.981423676802704,FALSE,58,5,13,"GroupFilter=TRUE;MinGroup=10;Top=TRUE;TopPct=0.05;Bottom=FALSE;BottomPct=0.05"
"XENDOTHAL","Unemployed",0.186023530235983,FALSE,58,5,13,"GroupFilter=TRUE;MinGroup=10;Top=TRUE;TopPct=0.05;Bottom=FALSE;BottomPct=0.05"
"XENDOTHAL","Working_class",0.107394202156218,FALSE,58,5,13,"GroupFilter=TRUE;MinGroup=10;Top=TRUE;TopPct=0.05;Bottom=FALSE;BottomPct=0.05"
"XEPTC","Education.index",0.00243184273367001,TRUE,1688,96,21,"GroupFilter=TRUE;MinGroup=10;Top=TRUE;TopPct=0.05;Bottom=FALSE;BottomPct=0.05"
"XEPTC","Income",0.899058132698501,FALSE,1688,96,21,"GroupFilter=TRUE;MinGroup=10;Top=TRUE;TopPct=0.05;Bottom=FALSE;BottomPct=0.05"
"XEPTC","home_value",0.109228490148727,FALSE,1688,96,21,"GroupFilter=TRUE;MinGroup=10;Top=TRUE;TopPct=0.05;Bottom=FALSE;BottomPct=0.05"
"XEPTC","rent",0.071503034607078,FALSE,1688,96,21,"GroupFilter=TRUE;MinGroup=10;Top=TRUE;TopPct=0.05;Bottom=FALSE;BottomPct=0.05"
"XEPTC","Poverty_150",0.672155408073827,FALSE,1688,96,21,"GroupFilter=TRUE;MinGroup=10;Top=TRUE;TopPct=0.05;Bottom=FALSE;BottomPct=0.05"
"XEPTC","Unemployed",0.412731214471551,FALSE,1688,96,21,"GroupFilter=TRUE;MinGroup=10;Top=TRUE;TopPct=0.05;Bottom=FALSE;BottomPct=0.05"
"XEPTC","Working_class",0.425208788554491,FALSE,1688,96,21,"GroupFilter=TRUE;MinGroup=10;Top=TRUE;TopPct=0.05;Bottom=FALSE;BottomPct=0.05"
"XESFENVALERATE","Education.index",0.00183817379663864,TRUE,1961,100,21,"GroupFilter=TRUE;MinGroup=10;Top=TRUE;TopPct=0.05;Bottom=FALSE;BottomPct=0.05"
"XESFENVALERATE","Income",0.14640407689858,FALSE,1961,100,21,"GroupFilter=TRUE;MinGroup=10;Top=TRUE;TopPct=0.05;Bottom=FALSE;BottomPct=0.05"
"XESFENVALERATE","home_value",0.11090311342654,FALSE,1961,100,21,"GroupFilter=TRUE;MinGroup=10;Top=TRUE;TopPct=0.05;Bottom=FALSE;BottomPct=0.05"
"XESFENVALERATE","rent",0.0155821893892115,TRUE,1961,100,21,"GroupFilter=TRUE;MinGroup=10;Top=TRUE;TopPct=0.05;Bottom=FALSE;BottomPct=0.05"
"XESFENVALERATE","Poverty_150",0.597240125609318,FALSE,1961,100,21,"GroupFilter=TRUE;MinGroup=10;Top=TRUE;TopPct=0.05;Bottom=FALSE;BottomPct=0.05"
"XESFENVALERATE","Unemployed",0.61609544384086,FALSE,1961,100,21,"GroupFilter=TRUE;MinGroup=10;Top=TRUE;TopPct=0.05;Bottom=FALSE;BottomPct=0.05"
"XESFENVALERATE","Working_class",0.176461000600044,FALSE,1961,100,21,"GroupFilter=TRUE;MinGroup=10;Top=TRUE;TopPct=0.05;Bottom=FALSE;BottomPct=0.05"
"XETHALFLURALIN","Education.index",0.0143870018100628,TRUE,1729,93,21,"GroupFilter=TRUE;MinGroup=10;Top=TRUE;TopPct=0.05;Bottom=FALSE;BottomPct=0.05"
"XETHALFLURALIN","Income",0.410471558382585,FALSE,1729,93,21,"GroupFilter=TRUE;MinGroup=10;Top=TRUE;TopPct=0.05;Bottom=FALSE;BottomPct=0.05"
"XETHALFLURALIN","home_value",0.115077897405946,FALSE,1729,93,21,"GroupFilter=TRUE;MinGroup=10;Top=TRUE;TopPct=0.05;Bottom=FALSE;BottomPct=0.05"
"XETHALFLURALIN","rent",0.0211308972717134,TRUE,1729,93,21,"GroupFilter=TRUE;MinGroup=10;Top=TRUE;TopPct=0.05;Bottom=FALSE;BottomPct=0.05"
"XETHALFLURALIN","Poverty_150",0.878094953038796,FALSE,1729,93,21,"GroupFilter=TRUE;MinGroup=10;Top=TRUE;TopPct=0.05;Bottom=FALSE;BottomPct=0.05"
"XETHALFLURALIN","Unemployed",0.707287623303996,FALSE,1729,93,21,"GroupFilter=TRUE;MinGroup=10;Top=TRUE;TopPct=0.05;Bottom=FALSE;BottomPct=0.05"
"XETHALFLURALIN","Working_class",0.217260750391547,FALSE,1729,93,21,"GroupFilter=TRUE;MinGroup=10;Top=TRUE;TopPct=0.05;Bottom=FALSE;BottomPct=0.05"
"XETHEPHON","Education.index",0.183326588027335,FALSE,793,47,21,"GroupFilter=TRUE;MinGroup=10;Top=TRUE;TopPct=0.05;Bottom=FALSE;BottomPct=0.05"
"XETHEPHON","Income",0.307025512416812,FALSE,793,47,21,"GroupFilter=TRUE;MinGroup=10;Top=TRUE;TopPct=0.05;Bottom=FALSE;BottomPct=0.05"
"XETHEPHON","home_value",0.509773391946921,FALSE,793,47,21,"GroupFilter=TRUE;MinGroup=10;Top=TRUE;TopPct=0.05;Bottom=FALSE;BottomPct=0.05"
"XETHEPHON","rent",0.420470853887363,FALSE,793,47,21,"GroupFilter=TRUE;MinGroup=10;Top=TRUE;TopPct=0.05;Bottom=FALSE;BottomPct=0.05"
"XETHEPHON","Poverty_150",0.961480356703733,FALSE,793,47,21,"GroupFilter=TRUE;MinGroup=10;Top=TRUE;TopPct=0.05;Bottom=FALSE;BottomPct=0.05"
"XETHEPHON","Unemployed",0.464228476491679,FALSE,793,47,21,"GroupFilter=TRUE;MinGroup=10;Top=TRUE;TopPct=0.05;Bottom=FALSE;BottomPct=0.05"
"XETHEPHON","Working_class",0.199947037936391,FALSE,793,47,21,"GroupFilter=TRUE;MinGroup=10;Top=TRUE;TopPct=0.05;Bottom=FALSE;BottomPct=0.05"
"XETHOPROPHOS","Education.index",0.00311173225962833,TRUE,605,36,21,"GroupFilter=TRUE;MinGroup=10;Top=TRUE;TopPct=0.05;Bottom=FALSE;BottomPct=0.05"
"XETHOPROPHOS","Income",0.997965864603323,FALSE,605,36,21,"GroupFilter=TRUE;MinGroup=10;Top=TRUE;TopPct=0.05;Bottom=FALSE;BottomPct=0.05"
"XETHOPROPHOS","home_value",0.97047017256941,FALSE,605,36,21,"GroupFilter=TRUE;MinGroup=10;Top=TRUE;TopPct=0.05;Bottom=FALSE;BottomPct=0.05"
"XETHOPROPHOS","rent",0.661946582625937,FALSE,605,36,21,"GroupFilter=TRUE;MinGroup=10;Top=TRUE;TopPct=0.05;Bottom=FALSE;BottomPct=0.05"
"XETHOPROPHOS","Poverty_150",0.161443017829522,FALSE,605,36,21,"GroupFilter=TRUE;MinGroup=10;Top=TRUE;TopPct=0.05;Bottom=FALSE;BottomPct=0.05"
"XETHOPROPHOS","Unemployed",0.355877574307265,FALSE,605,36,21,"GroupFilter=TRUE;MinGroup=10;Top=TRUE;TopPct=0.05;Bottom=FALSE;BottomPct=0.05"
"XETHOPROPHOS","Working_class",0.285270134478498,FALSE,605,36,21,"GroupFilter=TRUE;MinGroup=10;Top=TRUE;TopPct=0.05;Bottom=FALSE;BottomPct=0.05"
"XFENARIMOL","Education.index",0.000242665768549978,TRUE,1220,67,21,"GroupFilter=TRUE;MinGroup=10;Top=TRUE;TopPct=0.05;Bottom=FALSE;BottomPct=0.05"
"XFENARIMOL","Income",0.140133042224452,FALSE,1220,67,21,"GroupFilter=TRUE;MinGroup=10;Top=TRUE;TopPct=0.05;Bottom=FALSE;BottomPct=0.05"
"XFENARIMOL","home_value",0.0110420038502161,TRUE,1220,67,21,"GroupFilter=TRUE;MinGroup=10;Top=TRUE;TopPct=0.05;Bottom=FALSE;BottomPct=0.05"
"XFENARIMOL","rent",0.00436894803263112,TRUE,1220,67,21,"GroupFilter=TRUE;MinGroup=10;Top=TRUE;TopPct=0.05;Bottom=FALSE;BottomPct=0.05"
"XFENARIMOL","Poverty_150",0.942382060583742,FALSE,1220,67,21,"GroupFilter=TRUE;MinGroup=10;Top=TRUE;TopPct=0.05;Bottom=FALSE;BottomPct=0.05"
"XFENARIMOL","Unemployed",0.428366620459406,FALSE,1220,67,21,"GroupFilter=TRUE;MinGroup=10;Top=TRUE;TopPct=0.05;Bottom=FALSE;BottomPct=0.05"
"XFENARIMOL","Working_class",0.0745845265840697,FALSE,1220,67,21,"GroupFilter=TRUE;MinGroup=10;Top=TRUE;TopPct=0.05;Bottom=FALSE;BottomPct=0.05"
"XFENBUTATINOXIDE","Education.index",0.561909948301877,FALSE,171,13,17,"GroupFilter=TRUE;MinGroup=10;Top=TRUE;TopPct=0.05;Bottom=FALSE;BottomPct=0.05"
"XFENBUTATINOXIDE","Income",0.962792862335222,FALSE,171,13,17,"GroupFilter=TRUE;MinGroup=10;Top=TRUE;TopPct=0.05;Bottom=FALSE;BottomPct=0.05"
"XFENBUTATINOXIDE","home_value",0.81423248881931,FALSE,171,13,17,"GroupFilter=TRUE;MinGroup=10;Top=TRUE;TopPct=0.05;Bottom=FALSE;BottomPct=0.05"
"XFENBUTATINOXIDE","rent",0.972874175312834,FALSE,171,13,17,"GroupFilter=TRUE;MinGroup=10;Top=TRUE;TopPct=0.05;Bottom=FALSE;BottomPct=0.05"
"XFENBUTATINOXIDE","Poverty_150",0.830530528588081,FALSE,171,13,17,"GroupFilter=TRUE;MinGroup=10;Top=TRUE;TopPct=0.05;Bottom=FALSE;BottomPct=0.05"
"XFENBUTATINOXIDE","Unemployed",0.798932472792093,FALSE,171,13,17,"GroupFilter=TRUE;MinGroup=10;Top=TRUE;TopPct=0.05;Bottom=FALSE;BottomPct=0.05"
"XFENBUTATINOXIDE","Working_class",0.928361339892917,FALSE,171,13,17,"GroupFilter=TRUE;MinGroup=10;Top=TRUE;TopPct=0.05;Bottom=FALSE;BottomPct=0.05"
"XFENOXAPROP","Education.index",0.00898253782273016,TRUE,1188,63,21,"GroupFilter=TRUE;MinGroup=10;Top=TRUE;TopPct=0.05;Bottom=FALSE;BottomPct=0.05"
"XFENOXAPROP","Income",0.232220827642081,FALSE,1188,63,21,"GroupFilter=TRUE;MinGroup=10;Top=TRUE;TopPct=0.05;Bottom=FALSE;BottomPct=0.05"
"XFENOXAPROP","home_value",0.0841921893692766,FALSE,1188,63,21,"GroupFilter=TRUE;MinGroup=10;Top=TRUE;TopPct=0.05;Bottom=FALSE;BottomPct=0.05"
"XFENOXAPROP","rent",0.0288184658790528,TRUE,1188,63,21,"GroupFilter=TRUE;MinGroup=10;Top=TRUE;TopPct=0.05;Bottom=FALSE;BottomPct=0.05"
"XFENOXAPROP","Poverty_150",0.553947219401417,FALSE,1188,63,21,"GroupFilter=TRUE;MinGroup=10;Top=TRUE;TopPct=0.05;Bottom=FALSE;BottomPct=0.05"
"XFENOXAPROP","Unemployed",0.890109026847154,FALSE,1188,63,21,"GroupFilter=TRUE;MinGroup=10;Top=TRUE;TopPct=0.05;Bottom=FALSE;BottomPct=0.05"
"XFENOXAPROP","Working_class",0.342832659925546,FALSE,1188,63,21,"GroupFilter=TRUE;MinGroup=10;Top=TRUE;TopPct=0.05;Bottom=FALSE;BottomPct=0.05"
"XFENPROPATHRIN","Education.index",0.0859615071532123,FALSE,121,10,16,"GroupFilter=TRUE;MinGroup=10;Top=TRUE;TopPct=0.05;Bottom=FALSE;BottomPct=0.05"
"XFENPROPATHRIN","Income",0.0175641490938884,TRUE,121,10,16,"GroupFilter=TRUE;MinGroup=10;Top=TRUE;TopPct=0.05;Bottom=FALSE;BottomPct=0.05"
"XFENPROPATHRIN","home_value",0.00585934657306238,TRUE,121,10,16,"GroupFilter=TRUE;MinGroup=10;Top=TRUE;TopPct=0.05;Bottom=FALSE;BottomPct=0.05"
"XFENPROPATHRIN","rent",0.00158324393800443,TRUE,121,10,16,"GroupFilter=TRUE;MinGroup=10;Top=TRUE;TopPct=0.05;Bottom=FALSE;BottomPct=0.05"
"XFENPROPATHRIN","Poverty_150",0.739087542598897,FALSE,121,10,16,"GroupFilter=TRUE;MinGroup=10;Top=TRUE;TopPct=0.05;Bottom=FALSE;BottomPct=0.05"
"XFENPROPATHRIN","Unemployed",0.537412838042166,FALSE,121,10,16,"GroupFilter=TRUE;MinGroup=10;Top=TRUE;TopPct=0.05;Bottom=FALSE;BottomPct=0.05"
"XFENPROPATHRIN","Working_class",0.130473244876304,FALSE,121,10,16,"GroupFilter=TRUE;MinGroup=10;Top=TRUE;TopPct=0.05;Bottom=FALSE;BottomPct=0.05"
"XFENTIN","Education.index",0.0428884312650857,TRUE,416,29,21,"GroupFilter=TRUE;MinGroup=10;Top=TRUE;TopPct=0.05;Bottom=FALSE;BottomPct=0.05"
"XFENTIN","Income",0.0887257756527156,FALSE,416,29,21,"GroupFilter=TRUE;MinGroup=10;Top=TRUE;TopPct=0.05;Bottom=FALSE;BottomPct=0.05"
"XFENTIN","home_value",0.0679446189609575,FALSE,416,29,21,"GroupFilter=TRUE;MinGroup=10;Top=TRUE;TopPct=0.05;Bottom=FALSE;BottomPct=0.05"
"XFENTIN","rent",0.0100710816555726,TRUE,416,29,21,"GroupFilter=TRUE;MinGroup=10;Top=TRUE;TopPct=0.05;Bottom=FALSE;BottomPct=0.05"
"XFENTIN","Poverty_150",0.714828646575415,FALSE,416,29,21,"GroupFilter=TRUE;MinGroup=10;Top=TRUE;TopPct=0.05;Bottom=FALSE;BottomPct=0.05"
"XFENTIN","Unemployed",0.729606408957654,FALSE,416,29,21,"GroupFilter=TRUE;MinGroup=10;Top=TRUE;TopPct=0.05;Bottom=FALSE;BottomPct=0.05"
"XFENTIN","Working_class",0.0705843108678232,FALSE,416,29,21,"GroupFilter=TRUE;MinGroup=10;Top=TRUE;TopPct=0.05;Bottom=FALSE;BottomPct=0.05"
"XFERBAM","Education.index",0.260926581487461,FALSE,95,10,12,"GroupFilter=TRUE;MinGroup=10;Top=TRUE;TopPct=0.05;Bottom=FALSE;BottomPct=0.05"
"XFERBAM","Income",0.940016930212661,FALSE,95,10,12,"GroupFilter=TRUE;MinGroup=10;Top=TRUE;TopPct=0.05;Bottom=FALSE;BottomPct=0.05"
"XFERBAM","home_value",0.236119022012038,FALSE,95,10,12,"GroupFilter=TRUE;MinGroup=10;Top=TRUE;TopPct=0.05;Bottom=FALSE;BottomPct=0.05"
"XFERBAM","rent",0.17244251489982,FALSE,95,10,12,"GroupFilter=TRUE;MinGroup=10;Top=TRUE;TopPct=0.05;Bottom=FALSE;BottomPct=0.05"
"XFERBAM","Poverty_150",0.566439736409417,FALSE,95,10,12,"GroupFilter=TRUE;MinGroup=10;Top=TRUE;TopPct=0.05;Bottom=FALSE;BottomPct=0.05"
"XFERBAM","Unemployed",0.896735343272723,FALSE,95,10,12,"GroupFilter=TRUE;MinGroup=10;Top=TRUE;TopPct=0.05;Bottom=FALSE;BottomPct=0.05"
"XFERBAM","Working_class",0.128607763267795,FALSE,95,10,12,"GroupFilter=TRUE;MinGroup=10;Top=TRUE;TopPct=0.05;Bottom=FALSE;BottomPct=0.05"
"XFLUAZIFOP","Education.index",0.262077072526066,FALSE,1388,76,21,"GroupFilter=TRUE;MinGroup=10;Top=TRUE;TopPct=0.05;Bottom=FALSE;BottomPct=0.05"
"XFLUAZIFOP","Income",0.770139492747069,FALSE,1388,76,21,"GroupFilter=TRUE;MinGroup=10;Top=TRUE;TopPct=0.05;Bottom=FALSE;BottomPct=0.05"
"XFLUAZIFOP","home_value",0.596935327239004,FALSE,1388,76,21,"GroupFilter=TRUE;MinGroup=10;Top=TRUE;TopPct=0.05;Bottom=FALSE;BottomPct=0.05"
"XFLUAZIFOP","rent",0.487005287730367,FALSE,1388,76,21,"GroupFilter=TRUE;MinGroup=10;Top=TRUE;TopPct=0.05;Bottom=FALSE;BottomPct=0.05"
"XFLUAZIFOP","Poverty_150",0.55491707301889,FALSE,1388,76,21,"GroupFilter=TRUE;MinGroup=10;Top=TRUE;TopPct=0.05;Bottom=FALSE;BottomPct=0.05"
"XFLUAZIFOP","Unemployed",0.861175873309945,FALSE,1388,76,21,"GroupFilter=TRUE;MinGroup=10;Top=TRUE;TopPct=0.05;Bottom=FALSE;BottomPct=0.05"
"XFLUAZIFOP","Working_class",0.715072164147349,FALSE,1388,76,21,"GroupFilter=TRUE;MinGroup=10;Top=TRUE;TopPct=0.05;Bottom=FALSE;BottomPct=0.05"
"XFLUOMETURON","Education.index",0.882209510700996,FALSE,95,5,21,"GroupFilter=TRUE;MinGroup=10;Top=TRUE;TopPct=0.05;Bottom=FALSE;BottomPct=0.05"
"XFLUOMETURON","Income",0.215145637626877,FALSE,95,5,21,"GroupFilter=TRUE;MinGroup=10;Top=TRUE;TopPct=0.05;Bottom=FALSE;BottomPct=0.05"
"XFLUOMETURON","home_value",0.159230649362923,FALSE,95,5,21,"GroupFilter=TRUE;MinGroup=10;Top=TRUE;TopPct=0.05;Bottom=FALSE;BottomPct=0.05"
"XFLUOMETURON","rent",0.0311074754161227,TRUE,95,5,21,"GroupFilter=TRUE;MinGroup=10;Top=TRUE;TopPct=0.05;Bottom=FALSE;BottomPct=0.05"
"XFLUOMETURON","Poverty_150",0.232819530243045,FALSE,95,5,21,"GroupFilter=TRUE;MinGroup=10;Top=TRUE;TopPct=0.05;Bottom=FALSE;BottomPct=0.05"
"XFLUOMETURON","Unemployed",0.14294917860348,FALSE,95,5,21,"GroupFilter=TRUE;MinGroup=10;Top=TRUE;TopPct=0.05;Bottom=FALSE;BottomPct=0.05"
"XFLUOMETURON","Working_class",0.0494313474158243,TRUE,95,5,21,"GroupFilter=TRUE;MinGroup=10;Top=TRUE;TopPct=0.05;Bottom=FALSE;BottomPct=0.05"
"XFOMESAFEN","Education.index",0.179120963992483,FALSE,977,49,21,"GroupFilter=TRUE;MinGroup=10;Top=TRUE;TopPct=0.05;Bottom=FALSE;BottomPct=0.05"
"XFOMESAFEN","Income",0.517484714105972,FALSE,977,49,21,"GroupFilter=TRUE;MinGroup=10;Top=TRUE;TopPct=0.05;Bottom=FALSE;BottomPct=0.05"
"XFOMESAFEN","home_value",0.473528381463331,FALSE,977,49,21,"GroupFilter=TRUE;MinGroup=10;Top=TRUE;TopPct=0.05;Bottom=FALSE;BottomPct=0.05"
"XFOMESAFEN","rent",0.0390319292073435,TRUE,977,49,21,"GroupFilter=TRUE;MinGroup=10;Top=TRUE;TopPct=0.05;Bottom=FALSE;BottomPct=0.05"
"XFOMESAFEN","Poverty_150",0.643128363215599,FALSE,977,49,21,"GroupFilter=TRUE;MinGroup=10;Top=TRUE;TopPct=0.05;Bottom=FALSE;BottomPct=0.05"
"XFOMESAFEN","Unemployed",0.733220068849918,FALSE,977,49,21,"GroupFilter=TRUE;MinGroup=10;Top=TRUE;TopPct=0.05;Bottom=FALSE;BottomPct=0.05"
"XFOMESAFEN","Working_class",0.551040467973568,FALSE,977,49,21,"GroupFilter=TRUE;MinGroup=10;Top=TRUE;TopPct=0.05;Bottom=FALSE;BottomPct=0.05"
"XFORMETANATE","Education.index",0.219177168903174,FALSE,301,20,21,"GroupFilter=TRUE;MinGroup=10;Top=TRUE;TopPct=0.05;Bottom=FALSE;BottomPct=0.05"
"XFORMETANATE","Income",0.118599995272999,FALSE,301,20,21,"GroupFilter=TRUE;MinGroup=10;Top=TRUE;TopPct=0.05;Bottom=FALSE;BottomPct=0.05"
"XFORMETANATE","home_value",0.194794327167037,FALSE,301,20,21,"GroupFilter=TRUE;MinGroup=10;Top=TRUE;TopPct=0.05;Bottom=FALSE;BottomPct=0.05"
"XFORMETANATE","rent",0.132661063672575,FALSE,301,20,21,"GroupFilter=TRUE;MinGroup=10;Top=TRUE;TopPct=0.05;Bottom=FALSE;BottomPct=0.05"
"XFORMETANATE","Poverty_150",0.0689644147082419,FALSE,301,20,21,"GroupFilter=TRUE;MinGroup=10;Top=TRUE;TopPct=0.05;Bottom=FALSE;BottomPct=0.05"
"XFORMETANATE","Unemployed",0.0388041025847294,TRUE,301,20,21,"GroupFilter=TRUE;MinGroup=10;Top=TRUE;TopPct=0.05;Bottom=FALSE;BottomPct=0.05"
"XFORMETANATE","Working_class",0.0361902581946326,TRUE,301,20,21,"GroupFilter=TRUE;MinGroup=10;Top=TRUE;TopPct=0.05;Bottom=FALSE;BottomPct=0.05"
"XFOSETYL","Education.index",0.0673638392870232,FALSE,256,15,21,"GroupFilter=TRUE;MinGroup=10;Top=TRUE;TopPct=0.05;Bottom=FALSE;BottomPct=0.05"
"XFOSETYL","Income",0.341585037506628,FALSE,256,15,21,"GroupFilter=TRUE;MinGroup=10;Top=TRUE;TopPct=0.05;Bottom=FALSE;BottomPct=0.05"
"XFOSETYL","home_value",0.519051377557773,FALSE,256,15,21,"GroupFilter=TRUE;MinGroup=10;Top=TRUE;TopPct=0.05;Bottom=FALSE;BottomPct=0.05"
"XFOSETYL","rent",0.471794245667451,FALSE,256,15,21,"GroupFilter=TRUE;MinGroup=10;Top=TRUE;TopPct=0.05;Bottom=FALSE;BottomPct=0.05"
"XFOSETYL","Poverty_150",0.143419262913354,FALSE,256,15,21,"GroupFilter=TRUE;MinGroup=10;Top=TRUE;TopPct=0.05;Bottom=FALSE;BottomPct=0.05"
"XFOSETYL","Unemployed",0.100625212616532,FALSE,256,15,21,"GroupFilter=TRUE;MinGroup=10;Top=TRUE;TopPct=0.05;Bottom=FALSE;BottomPct=0.05"
"XFOSETYL","Working_class",0.21031535409564,FALSE,256,15,21,"GroupFilter=TRUE;MinGroup=10;Top=TRUE;TopPct=0.05;Bottom=FALSE;BottomPct=0.05"
"XGIBBERELLICACID","Education.index",0.0671364902135997,FALSE,592,39,21,"GroupFilter=TRUE;MinGroup=10;Top=TRUE;TopPct=0.05;Bottom=FALSE;BottomPct=0.05"
"XGIBBERELLICACID","Income",0.0745157316540713,FALSE,592,39,21,"GroupFilter=TRUE;MinGroup=10;Top=TRUE;TopPct=0.05;Bottom=FALSE;BottomPct=0.05"
"XGIBBERELLICACID","home_value",0.301863253891426,FALSE,592,39,21,"GroupFilter=TRUE;MinGroup=10;Top=TRUE;TopPct=0.05;Bottom=FALSE;BottomPct=0.05"
"XGIBBERELLICACID","rent",0.26603671686757,FALSE,592,39,21,"GroupFilter=TRUE;MinGroup=10;Top=TRUE;TopPct=0.05;Bottom=FALSE;BottomPct=0.05"
"XGIBBERELLICACID","Poverty_150",0.892263218483414,FALSE,592,39,21,"GroupFilter=TRUE;MinGroup=10;Top=TRUE;TopPct=0.05;Bottom=FALSE;BottomPct=0.05"
"XGIBBERELLICACID","Unemployed",0.742653129456928,FALSE,592,39,21,"GroupFilter=TRUE;MinGroup=10;Top=TRUE;TopPct=0.05;Bottom=FALSE;BottomPct=0.05"
"XGIBBERELLICACID","Working_class",0.126037919671261,FALSE,592,39,21,"GroupFilter=TRUE;MinGroup=10;Top=TRUE;TopPct=0.05;Bottom=FALSE;BottomPct=0.05"
"XGLYPHOSATE","Education.index",0.00407426582325288,TRUE,2114,106,21,"GroupFilter=TRUE;MinGroup=10;Top=TRUE;TopPct=0.05;Bottom=FALSE;BottomPct=0.05"
"XGLYPHOSATE","Income",0.581463200326217,FALSE,2114,106,21,"GroupFilter=TRUE;MinGroup=10;Top=TRUE;TopPct=0.05;Bottom=FALSE;BottomPct=0.05"
"XGLYPHOSATE","home_value",0.471166366784838,FALSE,2114,106,21,"GroupFilter=TRUE;MinGroup=10;Top=TRUE;TopPct=0.05;Bottom=FALSE;BottomPct=0.05"
"XGLYPHOSATE","rent",0.27998374146174,FALSE,2114,106,21,"GroupFilter=TRUE;MinGroup=10;Top=TRUE;TopPct=0.05;Bottom=FALSE;BottomPct=0.05"
"XGLYPHOSATE","Poverty_150",0.534400433621304,FALSE,2114,106,21,"GroupFilter=TRUE;MinGroup=10;Top=TRUE;TopPct=0.05;Bottom=FALSE;BottomPct=0.05"
"XGLYPHOSATE","Unemployed",0.189944105313321,FALSE,2114,106,21,"GroupFilter=TRUE;MinGroup=10;Top=TRUE;TopPct=0.05;Bottom=FALSE;BottomPct=0.05"
"XGLYPHOSATE","Working_class",0.74662051248929,FALSE,2114,106,21,"GroupFilter=TRUE;MinGroup=10;Top=TRUE;TopPct=0.05;Bottom=FALSE;BottomPct=0.05"
"XHEXAZINONE","Education.index",0.101797324578289,FALSE,848,43,21,"GroupFilter=TRUE;MinGroup=10;Top=TRUE;TopPct=0.05;Bottom=FALSE;BottomPct=0.05"
"XHEXAZINONE","Income",0.305128419321248,FALSE,848,43,21,"GroupFilter=TRUE;MinGroup=10;Top=TRUE;TopPct=0.05;Bottom=FALSE;BottomPct=0.05"
"XHEXAZINONE","home_value",0.66094002704012,FALSE,848,43,21,"GroupFilter=TRUE;MinGroup=10;Top=TRUE;TopPct=0.05;Bottom=FALSE;BottomPct=0.05"
"XHEXAZINONE","rent",0.638042517411888,FALSE,848,43,21,"GroupFilter=TRUE;MinGroup=10;Top=TRUE;TopPct=0.05;Bottom=FALSE;BottomPct=0.05"
"XHEXAZINONE","Poverty_150",0.0503110552799567,FALSE,848,43,21,"GroupFilter=TRUE;MinGroup=10;Top=TRUE;TopPct=0.05;Bottom=FALSE;BottomPct=0.05"
"XHEXAZINONE","Unemployed",0.00429580408492214,TRUE,848,43,21,"GroupFilter=TRUE;MinGroup=10;Top=TRUE;TopPct=0.05;Bottom=FALSE;BottomPct=0.05"
"XHEXAZINONE","Working_class",0.93926125975331,FALSE,848,43,21,"GroupFilter=TRUE;MinGroup=10;Top=TRUE;TopPct=0.05;Bottom=FALSE;BottomPct=0.05"
"XIMAZAMETHABENZ","Education.index",0.503901778786258,FALSE,335,23,19,"GroupFilter=TRUE;MinGroup=10;Top=TRUE;TopPct=0.05;Bottom=FALSE;BottomPct=0.05"
"XIMAZAMETHABENZ","Income",0.231690153700061,FALSE,335,23,19,"GroupFilter=TRUE;MinGroup=10;Top=TRUE;TopPct=0.05;Bottom=FALSE;BottomPct=0.05"
"XIMAZAMETHABENZ","home_value",0.17052594031801,FALSE,335,23,19,"GroupFilter=TRUE;MinGroup=10;Top=TRUE;TopPct=0.05;Bottom=FALSE;BottomPct=0.05"
"XIMAZAMETHABENZ","rent",0.109100758375642,FALSE,335,23,19,"GroupFilter=TRUE;MinGroup=10;Top=TRUE;TopPct=0.05;Bottom=FALSE;BottomPct=0.05"
"XIMAZAMETHABENZ","Poverty_150",0.594003650766177,FALSE,335,23,19,"GroupFilter=TRUE;MinGroup=10;Top=TRUE;TopPct=0.05;Bottom=FALSE;BottomPct=0.05"
"XIMAZAMETHABENZ","Unemployed",0.407827370006526,FALSE,335,23,19,"GroupFilter=TRUE;MinGroup=10;Top=TRUE;TopPct=0.05;Bottom=FALSE;BottomPct=0.05"
"XIMAZAMETHABENZ","Working_class",0.8574883299547,FALSE,335,23,19,"GroupFilter=TRUE;MinGroup=10;Top=TRUE;TopPct=0.05;Bottom=FALSE;BottomPct=0.05"
"XIMAZAPYR","Education.index",0.43770664805385,FALSE,897,62,21,"GroupFilter=TRUE;MinGroup=10;Top=TRUE;TopPct=0.05;Bottom=FALSE;BottomPct=0.05"
"XIMAZAPYR","Income",0.913115095422146,FALSE,897,62,21,"GroupFilter=TRUE;MinGroup=10;Top=TRUE;TopPct=0.05;Bottom=FALSE;BottomPct=0.05"
"XIMAZAPYR","home_value",0.419389772933743,FALSE,897,62,21,"GroupFilter=TRUE;MinGroup=10;Top=TRUE;TopPct=0.05;Bottom=FALSE;BottomPct=0.05"
"XIMAZAPYR","rent",0.0856959540894258,FALSE,897,62,21,"GroupFilter=TRUE;MinGroup=10;Top=TRUE;TopPct=0.05;Bottom=FALSE;BottomPct=0.05"
"XIMAZAPYR","Poverty_150",0.277717662204429,FALSE,897,62,21,"GroupFilter=TRUE;MinGroup=10;Top=TRUE;TopPct=0.05;Bottom=FALSE;BottomPct=0.05"
"XIMAZAPYR","Unemployed",0.995057924989535,FALSE,897,62,21,"GroupFilter=TRUE;MinGroup=10;Top=TRUE;TopPct=0.05;Bottom=FALSE;BottomPct=0.05"
"XIMAZAPYR","Working_class",0.34749654341427,FALSE,897,62,21,"GroupFilter=TRUE;MinGroup=10;Top=TRUE;TopPct=0.05;Bottom=FALSE;BottomPct=0.05"
"XIMAZAQUIN","Education.index",0.214818606405537,FALSE,990,50,21,"GroupFilter=TRUE;MinGroup=10;Top=TRUE;TopPct=0.05;Bottom=FALSE;BottomPct=0.05"
"XIMAZAQUIN","Income",0.979449821585312,FALSE,990,50,21,"GroupFilter=TRUE;MinGroup=10;Top=TRUE;TopPct=0.05;Bottom=FALSE;BottomPct=0.05"
"XIMAZAQUIN","home_value",0.849743021683813,FALSE,990,50,21,"GroupFilter=TRUE;MinGroup=10;Top=TRUE;TopPct=0.05;Bottom=FALSE;BottomPct=0.05"
"XIMAZAQUIN","rent",0.0688301374952272,FALSE,990,50,21,"GroupFilter=TRUE;MinGroup=10;Top=TRUE;TopPct=0.05;Bottom=FALSE;BottomPct=0.05"
"XIMAZAQUIN","Poverty_150",0.783065715619957,FALSE,990,50,21,"GroupFilter=TRUE;MinGroup=10;Top=TRUE;TopPct=0.05;Bottom=FALSE;BottomPct=0.05"
"XIMAZAQUIN","Unemployed",0.94342259878746,FALSE,990,50,21,"GroupFilter=TRUE;MinGroup=10;Top=TRUE;TopPct=0.05;Bottom=FALSE;BottomPct=0.05"
"XIMAZAQUIN","Working_class",0.523579929380321,FALSE,990,50,21,"GroupFilter=TRUE;MinGroup=10;Top=TRUE;TopPct=0.05;Bottom=FALSE;BottomPct=0.05"
"XIMAZETHAPYR","Education.index",0.00982991804976482,TRUE,1694,89,21,"GroupFilter=TRUE;MinGroup=10;Top=TRUE;TopPct=0.05;Bottom=FALSE;BottomPct=0.05"
"XIMAZETHAPYR","Income",0.211272305328364,FALSE,1694,89,21,"GroupFilter=TRUE;MinGroup=10;Top=TRUE;TopPct=0.05;Bottom=FALSE;BottomPct=0.05"
"XIMAZETHAPYR","home_value",0.0924746926985053,FALSE,1694,89,21,"GroupFilter=TRUE;MinGroup=10;Top=TRUE;TopPct=0.05;Bottom=FALSE;BottomPct=0.05"
"XIMAZETHAPYR","rent",0.0223267134404689,TRUE,1694,89,21,"GroupFilter=TRUE;MinGroup=10;Top=TRUE;TopPct=0.05;Bottom=FALSE;BottomPct=0.05"
"XIMAZETHAPYR","Poverty_150",0.543841698650074,FALSE,1694,89,21,"GroupFilter=TRUE;MinGroup=10;Top=TRUE;TopPct=0.05;Bottom=FALSE;BottomPct=0.05"
"XIMAZETHAPYR","Unemployed",0.217201072876849,FALSE,1694,89,21,"GroupFilter=TRUE;MinGroup=10;Top=TRUE;TopPct=0.05;Bottom=FALSE;BottomPct=0.05"
"XIMAZETHAPYR","Working_class",0.313210500049234,FALSE,1694,89,21,"GroupFilter=TRUE;MinGroup=10;Top=TRUE;TopPct=0.05;Bottom=FALSE;BottomPct=0.05"
"XIPRODIONE","Education.index",0.02012947929558,TRUE,701,42,21,"GroupFilter=TRUE;MinGroup=10;Top=TRUE;TopPct=0.05;Bottom=FALSE;BottomPct=0.05"
"XIPRODIONE","Income",0.955367749039047,FALSE,701,42,21,"GroupFilter=TRUE;MinGroup=10;Top=TRUE;TopPct=0.05;Bottom=FALSE;BottomPct=0.05"
"XIPRODIONE","home_value",0.569124890772306,FALSE,701,42,21,"GroupFilter=TRUE;MinGroup=10;Top=TRUE;TopPct=0.05;Bottom=FALSE;BottomPct=0.05"
"XIPRODIONE","rent",0.736329225651566,FALSE,701,42,21,"GroupFilter=TRUE;MinGroup=10;Top=TRUE;TopPct=0.05;Bottom=FALSE;BottomPct=0.05"
"XIPRODIONE","Poverty_150",0.510575452657191,FALSE,701,42,21,"GroupFilter=TRUE;MinGroup=10;Top=TRUE;TopPct=0.05;Bottom=FALSE;BottomPct=0.05"
"XIPRODIONE","Unemployed",0.955728847018319,FALSE,701,42,21,"GroupFilter=TRUE;MinGroup=10;Top=TRUE;TopPct=0.05;Bottom=FALSE;BottomPct=0.05"
"XIPRODIONE","Working_class",0.669209687687279,FALSE,701,42,21,"GroupFilter=TRUE;MinGroup=10;Top=TRUE;TopPct=0.05;Bottom=FALSE;BottomPct=0.05"
"XLACTOFEN","Education.index",0.265609616745362,FALSE,1149,60,21,"GroupFilter=TRUE;MinGroup=10;Top=TRUE;TopPct=0.05;Bottom=FALSE;BottomPct=0.05"
"XLACTOFEN","Income",0.668949119278292,FALSE,1149,60,21,"GroupFilter=TRUE;MinGroup=10;Top=TRUE;TopPct=0.05;Bottom=FALSE;BottomPct=0.05"
"XLACTOFEN","home_value",0.753678575150288,FALSE,1149,60,21,"GroupFilter=TRUE;MinGroup=10;Top=TRUE;TopPct=0.05;Bottom=FALSE;BottomPct=0.05"
"XLACTOFEN","rent",0.108455142048294,FALSE,1149,60,21,"GroupFilter=TRUE;MinGroup=10;Top=TRUE;TopPct=0.05;Bottom=FALSE;BottomPct=0.05"
"XLACTOFEN","Poverty_150",0.966827612026468,FALSE,1149,60,21,"GroupFilter=TRUE;MinGroup=10;Top=TRUE;TopPct=0.05;Bottom=FALSE;BottomPct=0.05"
"XLACTOFEN","Unemployed",0.774138555842892,FALSE,1149,60,21,"GroupFilter=TRUE;MinGroup=10;Top=TRUE;TopPct=0.05;Bottom=FALSE;BottomPct=0.05"
"XLACTOFEN","Working_class",0.881346417942588,FALSE,1149,60,21,"GroupFilter=TRUE;MinGroup=10;Top=TRUE;TopPct=0.05;Bottom=FALSE;BottomPct=0.05"
"XLINURON","Education.index",0.126575205618076,FALSE,1188,77,21,"GroupFilter=TRUE;MinGroup=10;Top=TRUE;TopPct=0.05;Bottom=FALSE;BottomPct=0.05"
"XLINURON","Income",0.633331426156285,FALSE,1188,77,21,"GroupFilter=TRUE;MinGroup=10;Top=TRUE;TopPct=0.05;Bottom=FALSE;BottomPct=0.05"
"XLINURON","home_value",0.835357958890721,FALSE,1188,77,21,"GroupFilter=TRUE;MinGroup=10;Top=TRUE;TopPct=0.05;Bottom=FALSE;BottomPct=0.05"
"XLINURON","rent",0.487068112155847,FALSE,1188,77,21,"GroupFilter=TRUE;MinGroup=10;Top=TRUE;TopPct=0.05;Bottom=FALSE;BottomPct=0.05"
"XLINURON","Poverty_150",0.288398378512792,FALSE,1188,77,21,"GroupFilter=TRUE;MinGroup=10;Top=TRUE;TopPct=0.05;Bottom=FALSE;BottomPct=0.05"
"XLINURON","Unemployed",0.3907194555105,FALSE,1188,77,21,"GroupFilter=TRUE;MinGroup=10;Top=TRUE;TopPct=0.05;Bottom=FALSE;BottomPct=0.05"
"XLINURON","Working_class",0.757513130253569,FALSE,1188,77,21,"GroupFilter=TRUE;MinGroup=10;Top=TRUE;TopPct=0.05;Bottom=FALSE;BottomPct=0.05"
"XMALATHION","Education.index",0.00627965622840012,TRUE,1753,103,21,"GroupFilter=TRUE;MinGroup=10;Top=TRUE;TopPct=0.05;Bottom=FALSE;BottomPct=0.05"
"XMALATHION","Income",0.622267791937061,FALSE,1753,103,21,"GroupFilter=TRUE;MinGroup=10;Top=TRUE;TopPct=0.05;Bottom=FALSE;BottomPct=0.05"
"XMALATHION","home_value",0.100531725588834,FALSE,1753,103,21,"GroupFilter=TRUE;MinGroup=10;Top=TRUE;TopPct=0.05;Bottom=FALSE;BottomPct=0.05"
"XMALATHION","rent",0.0200779253304191,TRUE,1753,103,21,"GroupFilter=TRUE;MinGroup=10;Top=TRUE;TopPct=0.05;Bottom=FALSE;BottomPct=0.05"
"XMALATHION","Poverty_150",0.389857028960151,FALSE,1753,103,21,"GroupFilter=TRUE;MinGroup=10;Top=TRUE;TopPct=0.05;Bottom=FALSE;BottomPct=0.05"
"XMALATHION","Unemployed",0.380738467511843,FALSE,1753,103,21,"GroupFilter=TRUE;MinGroup=10;Top=TRUE;TopPct=0.05;Bottom=FALSE;BottomPct=0.05"
"XMALATHION","Working_class",0.205035165049974,FALSE,1753,103,21,"GroupFilter=TRUE;MinGroup=10;Top=TRUE;TopPct=0.05;Bottom=FALSE;BottomPct=0.05"
"XMALEICHYDRAZIDE","Education.index",0.00325499782529023,TRUE,624,36,21,"GroupFilter=TRUE;MinGroup=10;Top=TRUE;TopPct=0.05;Bottom=FALSE;BottomPct=0.05"
"XMALEICHYDRAZIDE","Income",0.927909262831315,FALSE,624,36,21,"GroupFilter=TRUE;MinGroup=10;Top=TRUE;TopPct=0.05;Bottom=FALSE;BottomPct=0.05"
"XMALEICHYDRAZIDE","home_value",0.979559031178381,FALSE,624,36,21,"GroupFilter=TRUE;MinGroup=10;Top=TRUE;TopPct=0.05;Bottom=FALSE;BottomPct=0.05"
"XMALEICHYDRAZIDE","rent",0.593853400539103,FALSE,624,36,21,"GroupFilter=TRUE;MinGroup=10;Top=TRUE;TopPct=0.05;Bottom=FALSE;BottomPct=0.05"
"XMALEICHYDRAZIDE","Poverty_150",0.42139353175076,FALSE,624,36,21,"GroupFilter=TRUE;MinGroup=10;Top=TRUE;TopPct=0.05;Bottom=FALSE;BottomPct=0.05"
"XMALEICHYDRAZIDE","Unemployed",0.946148575101778,FALSE,624,36,21,"GroupFilter=TRUE;MinGroup=10;Top=TRUE;TopPct=0.05;Bottom=FALSE;BottomPct=0.05"
"XMALEICHYDRAZIDE","Working_class",0.433711406010477,FALSE,624,36,21,"GroupFilter=TRUE;MinGroup=10;Top=TRUE;TopPct=0.05;Bottom=FALSE;BottomPct=0.05"
"XMANCOZEB","Education.index",0.000598303263691274,TRUE,1958,98,21,"GroupFilter=TRUE;MinGroup=10;Top=TRUE;TopPct=0.05;Bottom=FALSE;BottomPct=0.05"
"XMANCOZEB","Income",0.149331519856571,FALSE,1958,98,21,"GroupFilter=TRUE;MinGroup=10;Top=TRUE;TopPct=0.05;Bottom=FALSE;BottomPct=0.05"
"XMANCOZEB","home_value",0.0307976301739231,TRUE,1958,98,21,"GroupFilter=TRUE;MinGroup=10;Top=TRUE;TopPct=0.05;Bottom=FALSE;BottomPct=0.05"
"XMANCOZEB","rent",0.00204211126089331,TRUE,1958,98,21,"GroupFilter=TRUE;MinGroup=10;Top=TRUE;TopPct=0.05;Bottom=FALSE;BottomPct=0.05"
"XMANCOZEB","Poverty_150",0.857100780320475,FALSE,1958,98,21,"GroupFilter=TRUE;MinGroup=10;Top=TRUE;TopPct=0.05;Bottom=FALSE;BottomPct=0.05"
"XMANCOZEB","Unemployed",0.590116388683856,FALSE,1958,98,21,"GroupFilter=TRUE;MinGroup=10;Top=TRUE;TopPct=0.05;Bottom=FALSE;BottomPct=0.05"
"XMANCOZEB","Working_class",0.109714343615822,FALSE,1958,98,21,"GroupFilter=TRUE;MinGroup=10;Top=TRUE;TopPct=0.05;Bottom=FALSE;BottomPct=0.05"
"XMANEB","Education.index",0.00649875703954591,TRUE,332,24,21,"GroupFilter=TRUE;MinGroup=10;Top=TRUE;TopPct=0.05;Bottom=FALSE;BottomPct=0.05"
"XMANEB","Income",0.661524843924287,FALSE,332,24,21,"GroupFilter=TRUE;MinGroup=10;Top=TRUE;TopPct=0.05;Bottom=FALSE;BottomPct=0.05"
"XMANEB","home_value",0.540994473758878,FALSE,332,24,21,"GroupFilter=TRUE;MinGroup=10;Top=TRUE;TopPct=0.05;Bottom=FALSE;BottomPct=0.05"
"XMANEB","rent",0.660123727740384,FALSE,332,24,21,"GroupFilter=TRUE;MinGroup=10;Top=TRUE;TopPct=0.05;Bottom=FALSE;BottomPct=0.05"
"XMANEB","Poverty_150",0.632723920264605,FALSE,332,24,21,"GroupFilter=TRUE;MinGroup=10;Top=TRUE;TopPct=0.05;Bottom=FALSE;BottomPct=0.05"
"XMANEB","Unemployed",0.862905372391163,FALSE,332,24,21,"GroupFilter=TRUE;MinGroup=10;Top=TRUE;TopPct=0.05;Bottom=FALSE;BottomPct=0.05"
"XMANEB","Working_class",0.630077326633407,FALSE,332,24,21,"GroupFilter=TRUE;MinGroup=10;Top=TRUE;TopPct=0.05;Bottom=FALSE;BottomPct=0.05"
"XMCPA","Education.index",0.00480605684137708,TRUE,1455,85,21,"GroupFilter=TRUE;MinGroup=10;Top=TRUE;TopPct=0.05;Bottom=FALSE;BottomPct=0.05"
"XMCPA","Income",0.349984079279056,FALSE,1455,85,21,"GroupFilter=TRUE;MinGroup=10;Top=TRUE;TopPct=0.05;Bottom=FALSE;BottomPct=0.05"
"XMCPA","home_value",0.035638671247079,TRUE,1455,85,21,"GroupFilter=TRUE;MinGroup=10;Top=TRUE;TopPct=0.05;Bottom=FALSE;BottomPct=0.05"
"XMCPA","rent",0.00207561003139194,TRUE,1455,85,21,"GroupFilter=TRUE;MinGroup=10;Top=TRUE;TopPct=0.05;Bottom=FALSE;BottomPct=0.05"
"XMCPA","Poverty_150",0.300465352074644,FALSE,1455,85,21,"GroupFilter=TRUE;MinGroup=10;Top=TRUE;TopPct=0.05;Bottom=FALSE;BottomPct=0.05"
"XMCPA","Unemployed",0.233612589558201,FALSE,1455,85,21,"GroupFilter=TRUE;MinGroup=10;Top=TRUE;TopPct=0.05;Bottom=FALSE;BottomPct=0.05"
"XMCPA","Working_class",0.133560738144732,FALSE,1455,85,21,"GroupFilter=TRUE;MinGroup=10;Top=TRUE;TopPct=0.05;Bottom=FALSE;BottomPct=0.05"
"XMCPB","Education.index",0.181042003498011,FALSE,125,10,20,"GroupFilter=TRUE;MinGroup=10;Top=TRUE;TopPct=0.05;Bottom=FALSE;BottomPct=0.05"
"XMCPB","Income",0.836058736752575,FALSE,125,10,20,"GroupFilter=TRUE;MinGroup=10;Top=TRUE;TopPct=0.05;Bottom=FALSE;BottomPct=0.05"
"XMCPB","home_value",0.887991966629114,FALSE,125,10,20,"GroupFilter=TRUE;MinGroup=10;Top=TRUE;TopPct=0.05;Bottom=FALSE;BottomPct=0.05"
"XMCPB","rent",0.322004019033896,FALSE,125,10,20,"GroupFilter=TRUE;MinGroup=10;Top=TRUE;TopPct=0.05;Bottom=FALSE;BottomPct=0.05"
"XMCPB","Poverty_150",0.61004943162672,FALSE,125,10,20,"GroupFilter=TRUE;MinGroup=10;Top=TRUE;TopPct=0.05;Bottom=FALSE;BottomPct=0.05"
"XMCPB","Unemployed",0.547373806517694,FALSE,125,10,20,"GroupFilter=TRUE;MinGroup=10;Top=TRUE;TopPct=0.05;Bottom=FALSE;BottomPct=0.05"
"XMCPB","Working_class",0.643769122855394,FALSE,125,10,20,"GroupFilter=TRUE;MinGroup=10;Top=TRUE;TopPct=0.05;Bottom=FALSE;BottomPct=0.05"
"XMECOPROP","Education.index",0.630302368647069,FALSE,76,8,10,"GroupFilter=TRUE;MinGroup=10;Top=TRUE;TopPct=0.05;Bottom=FALSE;BottomPct=0.05"
"XMECOPROP","Income",0.0123515078896814,TRUE,76,8,10,"GroupFilter=TRUE;MinGroup=10;Top=TRUE;TopPct=0.05;Bottom=FALSE;BottomPct=0.05"
"XMECOPROP","home_value",0.00797715731339566,TRUE,76,8,10,"GroupFilter=TRUE;MinGroup=10;Top=TRUE;TopPct=0.05;Bottom=FALSE;BottomPct=0.05"
"XMECOPROP","rent",0.0212814130183048,TRUE,76,8,10,"GroupFilter=TRUE;MinGroup=10;Top=TRUE;TopPct=0.05;Bottom=FALSE;BottomPct=0.05"
"XMECOPROP","Poverty_150",0.0590553177461284,FALSE,76,8,10,"GroupFilter=TRUE;MinGroup=10;Top=TRUE;TopPct=0.05;Bottom=FALSE;BottomPct=0.05"
"XMECOPROP","Unemployed",0.137178521344864,FALSE,76,8,10,"GroupFilter=TRUE;MinGroup=10;Top=TRUE;TopPct=0.05;Bottom=FALSE;BottomPct=0.05"
"XMECOPROP","Working_class",0.999794421941248,FALSE,76,8,10,"GroupFilter=TRUE;MinGroup=10;Top=TRUE;TopPct=0.05;Bottom=FALSE;BottomPct=0.05"
"XMEPIQUAT","Education.index",0.947519466265609,FALSE,95,5,21,"GroupFilter=TRUE;MinGroup=10;Top=TRUE;TopPct=0.05;Bottom=FALSE;BottomPct=0.05"
"XMEPIQUAT","Income",0.0754746254597233,FALSE,95,5,21,"GroupFilter=TRUE;MinGroup=10;Top=TRUE;TopPct=0.05;Bottom=FALSE;BottomPct=0.05"
"XMEPIQUAT","home_value",0.0618278404930058,FALSE,95,5,21,"GroupFilter=TRUE;MinGroup=10;Top=TRUE;TopPct=0.05;Bottom=FALSE;BottomPct=0.05"
"XMEPIQUAT","rent",0.0107526504072825,TRUE,95,5,21,"GroupFilter=TRUE;MinGroup=10;Top=TRUE;TopPct=0.05;Bottom=FALSE;BottomPct=0.05"
"XMEPIQUAT","Poverty_150",0.0113749543799755,TRUE,95,5,21,"GroupFilter=TRUE;MinGroup=10;Top=TRUE;TopPct=0.05;Bottom=FALSE;BottomPct=0.05"
"XMEPIQUAT","Unemployed",0.0483954534887324,TRUE,95,5,21,"GroupFilter=TRUE;MinGroup=10;Top=TRUE;TopPct=0.05;Bottom=FALSE;BottomPct=0.05"
"XMEPIQUAT","Working_class",0.0312807639686095,TRUE,95,5,21,"GroupFilter=TRUE;MinGroup=10;Top=TRUE;TopPct=0.05;Bottom=FALSE;BottomPct=0.05"
"XMETALAXYL","Education.index",0.0190028908394387,TRUE,906,75,20,"GroupFilter=TRUE;MinGroup=10;Top=TRUE;TopPct=0.05;Bottom=FALSE;BottomPct=0.05"
"XMETALAXYL","Income",0.191081226112052,FALSE,906,75,20,"GroupFilter=TRUE;MinGroup=10;Top=TRUE;TopPct=0.05;Bottom=FALSE;BottomPct=0.05"
"XMETALAXYL","home_value",0.083763287978545,FALSE,906,75,20,"GroupFilter=TRUE;MinGroup=10;Top=TRUE;TopPct=0.05;Bottom=FALSE;BottomPct=0.05"
"XMETALAXYL","rent",0.0107365916875632,TRUE,906,75,20,"GroupFilter=TRUE;MinGroup=10;Top=TRUE;TopPct=0.05;Bottom=FALSE;BottomPct=0.05"
"XMETALAXYL","Poverty_150",0.969789814548373,FALSE,906,75,20,"GroupFilter=TRUE;MinGroup=10;Top=TRUE;TopPct=0.05;Bottom=FALSE;BottomPct=0.05"
"XMETALAXYL","Unemployed",0.866609200020088,FALSE,906,75,20,"GroupFilter=TRUE;MinGroup=10;Top=TRUE;TopPct=0.05;Bottom=FALSE;BottomPct=0.05"
"XMETALAXYL","Working_class",0.110890977500554,FALSE,906,75,20,"GroupFilter=TRUE;MinGroup=10;Top=TRUE;TopPct=0.05;Bottom=FALSE;BottomPct=0.05"
"XMETALDEHYDE","Education.index",0.939028012049436,FALSE,106,9,21,"GroupFilter=TRUE;MinGroup=10;Top=TRUE;TopPct=0.05;Bottom=FALSE;BottomPct=0.05"
"XMETALDEHYDE","Income",0.531560085635704,FALSE,106,9,21,"GroupFilter=TRUE;MinGroup=10;Top=TRUE;TopPct=0.05;Bottom=FALSE;BottomPct=0.05"
"XMETALDEHYDE","home_value",0.980177178836246,FALSE,106,9,21,"GroupFilter=TRUE;MinGroup=10;Top=TRUE;TopPct=0.05;Bottom=FALSE;BottomPct=0.05"
"XMETALDEHYDE","rent",0.352928792306479,FALSE,106,9,21,"GroupFilter=TRUE;MinGroup=10;Top=TRUE;TopPct=0.05;Bottom=FALSE;BottomPct=0.05"
"XMETALDEHYDE","Poverty_150",0.908432525053646,FALSE,106,9,21,"GroupFilter=TRUE;MinGroup=10;Top=TRUE;TopPct=0.05;Bottom=FALSE;BottomPct=0.05"
"XMETALDEHYDE","Unemployed",0.0226790063702292,TRUE,106,9,21,"GroupFilter=TRUE;MinGroup=10;Top=TRUE;TopPct=0.05;Bottom=FALSE;BottomPct=0.05"
"XMETALDEHYDE","Working_class",0.758162478185565,FALSE,106,9,21,"GroupFilter=TRUE;MinGroup=10;Top=TRUE;TopPct=0.05;Bottom=FALSE;BottomPct=0.05"
"XMETAM","Education.index",0.000188632759908492,TRUE,670,36,21,"GroupFilter=TRUE;MinGroup=10;Top=TRUE;TopPct=0.05;Bottom=FALSE;BottomPct=0.05"
"XMETAM","Income",0.0142693869648257,TRUE,670,36,21,"GroupFilter=TRUE;MinGroup=10;Top=TRUE;TopPct=0.05;Bottom=FALSE;BottomPct=0.05"
"XMETAM","home_value",0.646023948326339,FALSE,670,36,21,"GroupFilter=TRUE;MinGroup=10;Top=TRUE;TopPct=0.05;Bottom=FALSE;BottomPct=0.05"
"XMETAM","rent",0.623303403209092,FALSE,670,36,21,"GroupFilter=TRUE;MinGroup=10;Top=TRUE;TopPct=0.05;Bottom=FALSE;BottomPct=0.05"
"XMETAM","Poverty_150",9.81369661645085e-05,TRUE,670,36,21,"GroupFilter=TRUE;MinGroup=10;Top=TRUE;TopPct=0.05;Bottom=FALSE;BottomPct=0.05"
"XMETAM","Unemployed",0.00145513297843891,TRUE,670,36,21,"GroupFilter=TRUE;MinGroup=10;Top=TRUE;TopPct=0.05;Bottom=FALSE;BottomPct=0.05"
"XMETAM","Working_class",0.533170394619306,FALSE,670,36,21,"GroupFilter=TRUE;MinGroup=10;Top=TRUE;TopPct=0.05;Bottom=FALSE;BottomPct=0.05"
"XMETHAMIDOPHOS","Education.index",0.00739731762579989,TRUE,666,38,20,"GroupFilter=TRUE;MinGroup=10;Top=TRUE;TopPct=0.05;Bottom=FALSE;BottomPct=0.05"
"XMETHAMIDOPHOS","Income",0.485977056581808,FALSE,666,38,20,"GroupFilter=TRUE;MinGroup=10;Top=TRUE;TopPct=0.05;Bottom=FALSE;BottomPct=0.05"
"XMETHAMIDOPHOS","home_value",0.611775525061889,FALSE,666,38,20,"GroupFilter=TRUE;MinGroup=10;Top=TRUE;TopPct=0.05;Bottom=FALSE;BottomPct=0.05"
"XMETHAMIDOPHOS","rent",0.554713656320799,FALSE,666,38,20,"GroupFilter=TRUE;MinGroup=10;Top=TRUE;TopPct=0.05;Bottom=FALSE;BottomPct=0.05"
"XMETHAMIDOPHOS","Poverty_150",0.757968787442826,FALSE,666,38,20,"GroupFilter=TRUE;MinGroup=10;Top=TRUE;TopPct=0.05;Bottom=FALSE;BottomPct=0.05"
"XMETHAMIDOPHOS","Unemployed",0.76802075841459,FALSE,666,38,20,"GroupFilter=TRUE;MinGroup=10;Top=TRUE;TopPct=0.05;Bottom=FALSE;BottomPct=0.05"
"XMETHAMIDOPHOS","Working_class",0.225187522619855,FALSE,666,38,20,"GroupFilter=TRUE;MinGroup=10;Top=TRUE;TopPct=0.05;Bottom=FALSE;BottomPct=0.05"
"XMETHIDATHION","Education.index",0.948725680728423,FALSE,182,12,18,"GroupFilter=TRUE;MinGroup=10;Top=TRUE;TopPct=0.05;Bottom=FALSE;BottomPct=0.05"
"XMETHIDATHION","Income",0.708293612165404,FALSE,182,12,18,"GroupFilter=TRUE;MinGroup=10;Top=TRUE;TopPct=0.05;Bottom=FALSE;BottomPct=0.05"
"XMETHIDATHION","home_value",0.612376778757449,FALSE,182,12,18,"GroupFilter=TRUE;MinGroup=10;Top=TRUE;TopPct=0.05;Bottom=FALSE;BottomPct=0.05"
"XMETHIDATHION","rent",0.69917605495205,FALSE,182,12,18,"GroupFilter=TRUE;MinGroup=10;Top=TRUE;TopPct=0.05;Bottom=FALSE;BottomPct=0.05"
"XMETHIDATHION","Poverty_150",0.812304085466559,FALSE,182,12,18,"GroupFilter=TRUE;MinGroup=10;Top=TRUE;TopPct=0.05;Bottom=FALSE;BottomPct=0.05"
"XMETHIDATHION","Unemployed",0.422148495638781,FALSE,182,12,18,"GroupFilter=TRUE;MinGroup=10;Top=TRUE;TopPct=0.05;Bottom=FALSE;BottomPct=0.05"
"XMETHIDATHION","Working_class",0.563195224799202,FALSE,182,12,18,"GroupFilter=TRUE;MinGroup=10;Top=TRUE;TopPct=0.05;Bottom=FALSE;BottomPct=0.05"
"XMETHOMYL","Education.index",0.0907944323315279,FALSE,1028,58,21,"GroupFilter=TRUE;MinGroup=10;Top=TRUE;TopPct=0.05;Bottom=FALSE;BottomPct=0.05"
"XMETHOMYL","Income",0.846978127762825,FALSE,1028,58,21,"GroupFilter=TRUE;MinGroup=10;Top=TRUE;TopPct=0.05;Bottom=FALSE;BottomPct=0.05"
"XMETHOMYL","home_value",0.315136238112477,FALSE,1028,58,21,"GroupFilter=TRUE;MinGroup=10;Top=TRUE;TopPct=0.05;Bottom=FALSE;BottomPct=0.05"
"XMETHOMYL","rent",0.0690784851436786,FALSE,1028,58,21,"GroupFilter=TRUE;MinGroup=10;Top=TRUE;TopPct=0.05;Bottom=FALSE;BottomPct=0.05"
"XMETHOMYL","Poverty_150",0.512749157596513,FALSE,1028,58,21,"GroupFilter=TRUE;MinGroup=10;Top=TRUE;TopPct=0.05;Bottom=FALSE;BottomPct=0.05"
"XMETHOMYL","Unemployed",0.253809827270739,FALSE,1028,58,21,"GroupFilter=TRUE;MinGroup=10;Top=TRUE;TopPct=0.05;Bottom=FALSE;BottomPct=0.05"
"XMETHOMYL","Working_class",0.413171358182664,FALSE,1028,58,21,"GroupFilter=TRUE;MinGroup=10;Top=TRUE;TopPct=0.05;Bottom=FALSE;BottomPct=0.05"
"XMETHYLBROMIDE","Education.index",0.683068972008898,FALSE,198,15,21,"GroupFilter=TRUE;MinGroup=10;Top=TRUE;TopPct=0.05;Bottom=FALSE;BottomPct=0.05"
"XMETHYLBROMIDE","Income",0.115019750497611,FALSE,198,15,21,"GroupFilter=TRUE;MinGroup=10;Top=TRUE;TopPct=0.05;Bottom=FALSE;BottomPct=0.05"
"XMETHYLBROMIDE","home_value",0.323327353320841,FALSE,198,15,21,"GroupFilter=TRUE;MinGroup=10;Top=TRUE;TopPct=0.05;Bottom=FALSE;BottomPct=0.05"
"XMETHYLBROMIDE","rent",0.124279363771328,FALSE,198,15,21,"GroupFilter=TRUE;MinGroup=10;Top=TRUE;TopPct=0.05;Bottom=FALSE;BottomPct=0.05"
"XMETHYLBROMIDE","Poverty_150",0.614391515799977,FALSE,198,15,21,"GroupFilter=TRUE;MinGroup=10;Top=TRUE;TopPct=0.05;Bottom=FALSE;BottomPct=0.05"
"XMETHYLBROMIDE","Unemployed",0.815818474591368,FALSE,198,15,21,"GroupFilter=TRUE;MinGroup=10;Top=TRUE;TopPct=0.05;Bottom=FALSE;BottomPct=0.05"
"XMETHYLBROMIDE","Working_class",0.233344576593446,FALSE,198,15,21,"GroupFilter=TRUE;MinGroup=10;Top=TRUE;TopPct=0.05;Bottom=FALSE;BottomPct=0.05"
"XMETHYLPARATHION","Education.index",0.00282980765961249,TRUE,1554,97,21,"GroupFilter=TRUE;MinGroup=10;Top=TRUE;TopPct=0.05;Bottom=FALSE;BottomPct=0.05"
"XMETHYLPARATHION","Income",0.137090627709413,FALSE,1554,97,21,"GroupFilter=TRUE;MinGroup=10;Top=TRUE;TopPct=0.05;Bottom=FALSE;BottomPct=0.05"
"XMETHYLPARATHION","home_value",0.0576411071081526,FALSE,1554,97,21,"GroupFilter=TRUE;MinGroup=10;Top=TRUE;TopPct=0.05;Bottom=FALSE;BottomPct=0.05"
"XMETHYLPARATHION","rent",0.0117940876980544,TRUE,1554,97,21,"GroupFilter=TRUE;MinGroup=10;Top=TRUE;TopPct=0.05;Bottom=FALSE;BottomPct=0.05"
"XMETHYLPARATHION","Poverty_150",0.725458804142814,FALSE,1554,97,21,"GroupFilter=TRUE;MinGroup=10;Top=TRUE;TopPct=0.05;Bottom=FALSE;BottomPct=0.05"
"XMETHYLPARATHION","Unemployed",0.369600092487338,FALSE,1554,97,21,"GroupFilter=TRUE;MinGroup=10;Top=TRUE;TopPct=0.05;Bottom=FALSE;BottomPct=0.05"
"XMETHYLPARATHION","Working_class",0.124716036181586,FALSE,1554,97,21,"GroupFilter=TRUE;MinGroup=10;Top=TRUE;TopPct=0.05;Bottom=FALSE;BottomPct=0.05"
"XMETIRAM","Education.index",0.000242999485399633,TRUE,1407,81,21,"GroupFilter=TRUE;MinGroup=10;Top=TRUE;TopPct=0.05;Bottom=FALSE;BottomPct=0.05"
"XMETIRAM","Income",0.197134203339384,FALSE,1407,81,21,"GroupFilter=TRUE;MinGroup=10;Top=TRUE;TopPct=0.05;Bottom=FALSE;BottomPct=0.05"
"XMETIRAM","home_value",0.044078176053013,TRUE,1407,81,21,"GroupFilter=TRUE;MinGroup=10;Top=TRUE;TopPct=0.05;Bottom=FALSE;BottomPct=0.05"
"XMETIRAM","rent",0.0145378528906723,TRUE,1407,81,21,"GroupFilter=TRUE;MinGroup=10;Top=TRUE;TopPct=0.05;Bottom=FALSE;BottomPct=0.05"
"XMETIRAM","Poverty_150",0.693786436808525,FALSE,1407,81,21,"GroupFilter=TRUE;MinGroup=10;Top=TRUE;TopPct=0.05;Bottom=FALSE;BottomPct=0.05"
"XMETIRAM","Unemployed",0.598152712289032,FALSE,1407,81,21,"GroupFilter=TRUE;MinGroup=10;Top=TRUE;TopPct=0.05;Bottom=FALSE;BottomPct=0.05"
"XMETIRAM","Working_class",0.265322167489993,FALSE,1407,81,21,"GroupFilter=TRUE;MinGroup=10;Top=TRUE;TopPct=0.05;Bottom=FALSE;BottomPct=0.05"
"XMETOLACHLOR","Education.index",0.152189770965537,FALSE,1664,100,21,"GroupFilter=TRUE;MinGroup=10;Top=TRUE;TopPct=0.05;Bottom=FALSE;BottomPct=0.05"
"XMETOLACHLOR","Income",0.909506331959594,FALSE,1664,100,21,"GroupFilter=TRUE;MinGroup=10;Top=TRUE;TopPct=0.05;Bottom=FALSE;BottomPct=0.05"
"XMETOLACHLOR","home_value",0.618961418322254,FALSE,1664,100,21,"GroupFilter=TRUE;MinGroup=10;Top=TRUE;TopPct=0.05;Bottom=FALSE;BottomPct=0.05"
"XMETOLACHLOR","rent",0.156142196143708,FALSE,1664,100,21,"GroupFilter=TRUE;MinGroup=10;Top=TRUE;TopPct=0.05;Bottom=FALSE;BottomPct=0.05"
"XMETOLACHLOR","Poverty_150",0.643651814193581,FALSE,1664,100,21,"GroupFilter=TRUE;MinGroup=10;Top=TRUE;TopPct=0.05;Bottom=FALSE;BottomPct=0.05"
"XMETOLACHLOR","Unemployed",0.575647953598561,FALSE,1664,100,21,"GroupFilter=TRUE;MinGroup=10;Top=TRUE;TopPct=0.05;Bottom=FALSE;BottomPct=0.05"
"XMETOLACHLOR","Working_class",0.586990485380415,FALSE,1664,100,21,"GroupFilter=TRUE;MinGroup=10;Top=TRUE;TopPct=0.05;Bottom=FALSE;BottomPct=0.05"
"XMETRIBUZIN","Education.index",0.000607077439005888,TRUE,1954,100,21,"GroupFilter=TRUE;MinGroup=10;Top=TRUE;TopPct=0.05;Bottom=FALSE;BottomPct=0.05"
"XMETRIBUZIN","Income",0.516100464211634,FALSE,1954,100,21,"GroupFilter=TRUE;MinGroup=10;Top=TRUE;TopPct=0.05;Bottom=FALSE;BottomPct=0.05"
"XMETRIBUZIN","home_value",0.0169471067698064,TRUE,1954,100,21,"GroupFilter=TRUE;MinGroup=10;Top=TRUE;TopPct=0.05;Bottom=FALSE;BottomPct=0.05"
"XMETRIBUZIN","rent",0.00699793352080561,TRUE,1954,100,21,"GroupFilter=TRUE;MinGroup=10;Top=TRUE;TopPct=0.05;Bottom=FALSE;BottomPct=0.05"
"XMETRIBUZIN","Poverty_150",0.641450060992175,FALSE,1954,100,21,"GroupFilter=TRUE;MinGroup=10;Top=TRUE;TopPct=0.05;Bottom=FALSE;BottomPct=0.05"
"XMETRIBUZIN","Unemployed",0.510874769624035,FALSE,1954,100,21,"GroupFilter=TRUE;MinGroup=10;Top=TRUE;TopPct=0.05;Bottom=FALSE;BottomPct=0.05"
"XMETRIBUZIN","Working_class",0.09699697473429,FALSE,1954,100,21,"GroupFilter=TRUE;MinGroup=10;Top=TRUE;TopPct=0.05;Bottom=FALSE;BottomPct=0.05"
"XMETSULFURON","Education.index",0.00553649172365655,TRUE,1746,97,21,"GroupFilter=TRUE;MinGroup=10;Top=TRUE;TopPct=0.05;Bottom=FALSE;BottomPct=0.05"
"XMETSULFURON","Income",0.424580011196045,FALSE,1746,97,21,"GroupFilter=TRUE;MinGroup=10;Top=TRUE;TopPct=0.05;Bottom=FALSE;BottomPct=0.05"
"XMETSULFURON","home_value",0.0527966769427995,FALSE,1746,97,21,"GroupFilter=TRUE;MinGroup=10;Top=TRUE;TopPct=0.05;Bottom=FALSE;BottomPct=0.05"
"XMETSULFURON","rent",0.0215610380713082,TRUE,1746,97,21,"GroupFilter=TRUE;MinGroup=10;Top=TRUE;TopPct=0.05;Bottom=FALSE;BottomPct=0.05"
"XMETSULFURON","Poverty_150",0.525166571927585,FALSE,1746,97,21,"GroupFilter=TRUE;MinGroup=10;Top=TRUE;TopPct=0.05;Bottom=FALSE;BottomPct=0.05"
"XMETSULFURON","Unemployed",0.633344160494816,FALSE,1746,97,21,"GroupFilter=TRUE;MinGroup=10;Top=TRUE;TopPct=0.05;Bottom=FALSE;BottomPct=0.05"
"XMETSULFURON","Working_class",0.269641965169147,FALSE,1746,97,21,"GroupFilter=TRUE;MinGroup=10;Top=TRUE;TopPct=0.05;Bottom=FALSE;BottomPct=0.05"
"XMSMA","Education.index",0.451128264341254,FALSE,99,7,17,"GroupFilter=TRUE;MinGroup=10;Top=TRUE;TopPct=0.05;Bottom=FALSE;BottomPct=0.05"
"XMSMA","Income",0.812471884680065,FALSE,99,7,17,"GroupFilter=TRUE;MinGroup=10;Top=TRUE;TopPct=0.05;Bottom=FALSE;BottomPct=0.05"
"XMSMA","home_value",0.686882070340203,FALSE,99,7,17,"GroupFilter=TRUE;MinGroup=10;Top=TRUE;TopPct=0.05;Bottom=FALSE;BottomPct=0.05"
"XMSMA","rent",0.973204012030371,FALSE,99,7,17,"GroupFilter=TRUE;MinGroup=10;Top=TRUE;TopPct=0.05;Bottom=FALSE;BottomPct=0.05"
"XMSMA","Poverty_150",0.802709154685201,FALSE,99,7,17,"GroupFilter=TRUE;MinGroup=10;Top=TRUE;TopPct=0.05;Bottom=FALSE;BottomPct=0.05"
"XMSMA","Unemployed",0.391148471964001,FALSE,99,7,17,"GroupFilter=TRUE;MinGroup=10;Top=TRUE;TopPct=0.05;Bottom=FALSE;BottomPct=0.05"
"XMSMA","Working_class",0.967855698119083,FALSE,99,7,17,"GroupFilter=TRUE;MinGroup=10;Top=TRUE;TopPct=0.05;Bottom=FALSE;BottomPct=0.05"
"XMYCLOBUTANIL","Education.index",0.00334692497213276,TRUE,1823,95,21,"GroupFilter=TRUE;MinGroup=10;Top=TRUE;TopPct=0.05;Bottom=FALSE;BottomPct=0.05"
"XMYCLOBUTANIL","Income",0.472169632623973,FALSE,1823,95,21,"GroupFilter=TRUE;MinGroup=10;Top=TRUE;TopPct=0.05;Bottom=FALSE;BottomPct=0.05"
"XMYCLOBUTANIL","home_value",0.104623411721586,FALSE,1823,95,21,"GroupFilter=TRUE;MinGroup=10;Top=TRUE;TopPct=0.05;Bottom=FALSE;BottomPct=0.05"
"XMYCLOBUTANIL","rent",0.0240015932841711,TRUE,1823,95,21,"GroupFilter=TRUE;MinGroup=10;Top=TRUE;TopPct=0.05;Bottom=FALSE;BottomPct=0.05"
"XMYCLOBUTANIL","Poverty_150",0.658815463212676,FALSE,1823,95,21,"GroupFilter=TRUE;MinGroup=10;Top=TRUE;TopPct=0.05;Bottom=FALSE;BottomPct=0.05"
"XMYCLOBUTANIL","Unemployed",0.571372260480889,FALSE,1823,95,21,"GroupFilter=TRUE;MinGroup=10;Top=TRUE;TopPct=0.05;Bottom=FALSE;BottomPct=0.05"
"XMYCLOBUTANIL","Working_class",0.338368756520516,FALSE,1823,95,21,"GroupFilter=TRUE;MinGroup=10;Top=TRUE;TopPct=0.05;Bottom=FALSE;BottomPct=0.05"
"XNAPHTHYLACETAMIDE","Education.index",0.277410868212112,FALSE,175,14,20,"GroupFilter=TRUE;MinGroup=10;Top=TRUE;TopPct=0.05;Bottom=FALSE;BottomPct=0.05"
"XNAPHTHYLACETAMIDE","Income",0.287706884763936,FALSE,175,14,20,"GroupFilter=TRUE;MinGroup=10;Top=TRUE;TopPct=0.05;Bottom=FALSE;BottomPct=0.05"
"XNAPHTHYLACETAMIDE","home_value",0.591872419621554,FALSE,175,14,20,"GroupFilter=TRUE;MinGroup=10;Top=TRUE;TopPct=0.05;Bottom=FALSE;BottomPct=0.05"
"XNAPHTHYLACETAMIDE","rent",0.951830929283787,FALSE,175,14,20,"GroupFilter=TRUE;MinGroup=10;Top=TRUE;TopPct=0.05;Bottom=FALSE;BottomPct=0.05"
"XNAPHTHYLACETAMIDE","Poverty_150",0.336579283265721,FALSE,175,14,20,"GroupFilter=TRUE;MinGroup=10;Top=TRUE;TopPct=0.05;Bottom=FALSE;BottomPct=0.05"
"XNAPHTHYLACETAMIDE","Unemployed",0.231410203321765,FALSE,175,14,20,"GroupFilter=TRUE;MinGroup=10;Top=TRUE;TopPct=0.05;Bottom=FALSE;BottomPct=0.05"
"XNAPHTHYLACETAMIDE","Working_class",0.350553163154187,FALSE,175,14,20,"GroupFilter=TRUE;MinGroup=10;Top=TRUE;TopPct=0.05;Bottom=FALSE;BottomPct=0.05"
"XNAPHTHYLACETICACID","Education.index",0.000869651809104301,TRUE,1051,65,21,"GroupFilter=TRUE;MinGroup=10;Top=TRUE;TopPct=0.05;Bottom=FALSE;BottomPct=0.05"
"XNAPHTHYLACETICACID","Income",0.482384830603578,FALSE,1051,65,21,"GroupFilter=TRUE;MinGroup=10;Top=TRUE;TopPct=0.05;Bottom=FALSE;BottomPct=0.05"
"XNAPHTHYLACETICACID","home_value",0.468861145205774,FALSE,1051,65,21,"GroupFilter=TRUE;MinGroup=10;Top=TRUE;TopPct=0.05;Bottom=FALSE;BottomPct=0.05"
"XNAPHTHYLACETICACID","rent",0.456164798394777,FALSE,1051,65,21,"GroupFilter=TRUE;MinGroup=10;Top=TRUE;TopPct=0.05;Bottom=FALSE;BottomPct=0.05"
"XNAPHTHYLACETICACID","Poverty_150",0.296862156016703,FALSE,1051,65,21,"GroupFilter=TRUE;MinGroup=10;Top=TRUE;TopPct=0.05;Bottom=FALSE;BottomPct=0.05"
"XNAPHTHYLACETICACID","Unemployed",0.415081172620524,FALSE,1051,65,21,"GroupFilter=TRUE;MinGroup=10;Top=TRUE;TopPct=0.05;Bottom=FALSE;BottomPct=0.05"
"XNAPHTHYLACETICACID","Working_class",0.968176143742504,FALSE,1051,65,21,"GroupFilter=TRUE;MinGroup=10;Top=TRUE;TopPct=0.05;Bottom=FALSE;BottomPct=0.05"
"XNAPROPAMIDE","Education.index",0.292648318942326,FALSE,880,58,21,"GroupFilter=TRUE;MinGroup=10;Top=TRUE;TopPct=0.05;Bottom=FALSE;BottomPct=0.05"
"XNAPROPAMIDE","Income",0.964601914043746,FALSE,880,58,21,"GroupFilter=TRUE;MinGroup=10;Top=TRUE;TopPct=0.05;Bottom=FALSE;BottomPct=0.05"
"XNAPROPAMIDE","home_value",0.0740588571050552,FALSE,880,58,21,"GroupFilter=TRUE;MinGroup=10;Top=TRUE;TopPct=0.05;Bottom=FALSE;BottomPct=0.05"
"XNAPROPAMIDE","rent",0.0365733134088563,TRUE,880,58,21,"GroupFilter=TRUE;MinGroup=10;Top=TRUE;TopPct=0.05;Bottom=FALSE;BottomPct=0.05"
"XNAPROPAMIDE","Poverty_150",0.337543725427118,FALSE,880,58,21,"GroupFilter=TRUE;MinGroup=10;Top=TRUE;TopPct=0.05;Bottom=FALSE;BottomPct=0.05"
"XNAPROPAMIDE","Unemployed",0.156772816130518,FALSE,880,58,21,"GroupFilter=TRUE;MinGroup=10;Top=TRUE;TopPct=0.05;Bottom=FALSE;BottomPct=0.05"
"XNAPROPAMIDE","Working_class",0.486571372489468,FALSE,880,58,21,"GroupFilter=TRUE;MinGroup=10;Top=TRUE;TopPct=0.05;Bottom=FALSE;BottomPct=0.05"
"XNAPTALAM","Education.index",0.0743710584898701,FALSE,308,27,19,"GroupFilter=TRUE;MinGroup=10;Top=TRUE;TopPct=0.05;Bottom=FALSE;BottomPct=0.05"
"XNAPTALAM","Income",0.3259544756971,FALSE,308,27,19,"GroupFilter=TRUE;MinGroup=10;Top=TRUE;TopPct=0.05;Bottom=FALSE;BottomPct=0.05"
"XNAPTALAM","home_value",0.0973998123346826,FALSE,308,27,19,"GroupFilter=TRUE;MinGroup=10;Top=TRUE;TopPct=0.05;Bottom=FALSE;BottomPct=0.05"
"XNAPTALAM","rent",0.0386041551643741,TRUE,308,27,19,"GroupFilter=TRUE;MinGroup=10;Top=TRUE;TopPct=0.05;Bottom=FALSE;BottomPct=0.05"
"XNAPTALAM","Poverty_150",0.653748095986746,FALSE,308,27,19,"GroupFilter=TRUE;MinGroup=10;Top=TRUE;TopPct=0.05;Bottom=FALSE;BottomPct=0.05"
"XNAPTALAM","Unemployed",0.225483579642419,FALSE,308,27,19,"GroupFilter=TRUE;MinGroup=10;Top=TRUE;TopPct=0.05;Bottom=FALSE;BottomPct=0.05"
"XNAPTALAM","Working_class",0.367722753672901,FALSE,308,27,19,"GroupFilter=TRUE;MinGroup=10;Top=TRUE;TopPct=0.05;Bottom=FALSE;BottomPct=0.05"
"XNICOSULFURON","Education.index",0.0831360312683805,FALSE,1693,95,21,"GroupFilter=TRUE;MinGroup=10;Top=TRUE;TopPct=0.05;Bottom=FALSE;BottomPct=0.05"
"XNICOSULFURON","Income",0.739011150087452,FALSE,1693,95,21,"GroupFilter=TRUE;MinGroup=10;Top=TRUE;TopPct=0.05;Bottom=FALSE;BottomPct=0.05"
"XNICOSULFURON","home_value",0.978025045368619,FALSE,1693,95,21,"GroupFilter=TRUE;MinGroup=10;Top=TRUE;TopPct=0.05;Bottom=FALSE;BottomPct=0.05"
"XNICOSULFURON","rent",0.568650559427747,FALSE,1693,95,21,"GroupFilter=TRUE;MinGroup=10;Top=TRUE;TopPct=0.05;Bottom=FALSE;BottomPct=0.05"
"XNICOSULFURON","Poverty_150",0.902963130381628,FALSE,1693,95,21,"GroupFilter=TRUE;MinGroup=10;Top=TRUE;TopPct=0.05;Bottom=FALSE;BottomPct=0.05"
"XNICOSULFURON","Unemployed",0.128960152606318,FALSE,1693,95,21,"GroupFilter=TRUE;MinGroup=10;Top=TRUE;TopPct=0.05;Bottom=FALSE;BottomPct=0.05"
"XNICOSULFURON","Working_class",0.740323733747684,FALSE,1693,95,21,"GroupFilter=TRUE;MinGroup=10;Top=TRUE;TopPct=0.05;Bottom=FALSE;BottomPct=0.05"
"XNORFLURAZON","Education.index",0.249285016805665,FALSE,500,27,21,"GroupFilter=TRUE;MinGroup=10;Top=TRUE;TopPct=0.05;Bottom=FALSE;BottomPct=0.05"
"XNORFLURAZON","Income",0.057030981593995,FALSE,500,27,21,"GroupFilter=TRUE;MinGroup=10;Top=TRUE;TopPct=0.05;Bottom=FALSE;BottomPct=0.05"
"XNORFLURAZON","home_value",0.24081693736241,FALSE,500,27,21,"GroupFilter=TRUE;MinGroup=10;Top=TRUE;TopPct=0.05;Bottom=FALSE;BottomPct=0.05"
"XNORFLURAZON","rent",0.253750613360348,FALSE,500,27,21,"GroupFilter=TRUE;MinGroup=10;Top=TRUE;TopPct=0.05;Bottom=FALSE;BottomPct=0.05"
"XNORFLURAZON","Poverty_150",0.0138745872691402,TRUE,500,27,21,"GroupFilter=TRUE;MinGroup=10;Top=TRUE;TopPct=0.05;Bottom=FALSE;BottomPct=0.05"
"XNORFLURAZON","Unemployed",0.291160508199261,FALSE,500,27,21,"GroupFilter=TRUE;MinGroup=10;Top=TRUE;TopPct=0.05;Bottom=FALSE;BottomPct=0.05"
"XNORFLURAZON","Working_class",0.0514507751747628,FALSE,500,27,21,"GroupFilter=TRUE;MinGroup=10;Top=TRUE;TopPct=0.05;Bottom=FALSE;BottomPct=0.05"
"XORYZALIN","Education.index",0.0283407327539787,TRUE,787,46,21,"GroupFilter=TRUE;MinGroup=10;Top=TRUE;TopPct=0.05;Bottom=FALSE;BottomPct=0.05"
"XORYZALIN","Income",0.484528662763415,FALSE,787,46,21,"GroupFilter=TRUE;MinGroup=10;Top=TRUE;TopPct=0.05;Bottom=FALSE;BottomPct=0.05"
"XORYZALIN","home_value",0.985767467265018,FALSE,787,46,21,"GroupFilter=TRUE;MinGroup=10;Top=TRUE;TopPct=0.05;Bottom=FALSE;BottomPct=0.05"
"XORYZALIN","rent",0.835907415890184,FALSE,787,46,21,"GroupFilter=TRUE;MinGroup=10;Top=TRUE;TopPct=0.05;Bottom=FALSE;BottomPct=0.05"
"XORYZALIN","Poverty_150",0.901745396258042,FALSE,787,46,21,"GroupFilter=TRUE;MinGroup=10;Top=TRUE;TopPct=0.05;Bottom=FALSE;BottomPct=0.05"
"XORYZALIN","Unemployed",0.481993575844516,FALSE,787,46,21,"GroupFilter=TRUE;MinGroup=10;Top=TRUE;TopPct=0.05;Bottom=FALSE;BottomPct=0.05"
"XORYZALIN","Working_class",0.208972527087768,FALSE,787,46,21,"GroupFilter=TRUE;MinGroup=10;Top=TRUE;TopPct=0.05;Bottom=FALSE;BottomPct=0.05"
"XOXADIAZON","Education.index",0.733884757043767,FALSE,54,4,21,"GroupFilter=TRUE;MinGroup=10;Top=TRUE;TopPct=0.05;Bottom=FALSE;BottomPct=0.05"
"XOXADIAZON","Income",0.893551769391903,FALSE,54,4,21,"GroupFilter=TRUE;MinGroup=10;Top=TRUE;TopPct=0.05;Bottom=FALSE;BottomPct=0.05"
"XOXADIAZON","home_value",0.7538194669464,FALSE,54,4,21,"GroupFilter=TRUE;MinGroup=10;Top=TRUE;TopPct=0.05;Bottom=FALSE;BottomPct=0.05"
"XOXADIAZON","rent",0.959115416645333,FALSE,54,4,21,"GroupFilter=TRUE;MinGroup=10;Top=TRUE;TopPct=0.05;Bottom=FALSE;BottomPct=0.05"
"XOXADIAZON","Poverty_150",0.16031927342588,FALSE,54,4,21,"GroupFilter=TRUE;MinGroup=10;Top=TRUE;TopPct=0.05;Bottom=FALSE;BottomPct=0.05"
"XOXADIAZON","Unemployed",0.521215035889212,FALSE,54,4,21,"GroupFilter=TRUE;MinGroup=10;Top=TRUE;TopPct=0.05;Bottom=FALSE;BottomPct=0.05"
"XOXADIAZON","Working_class",0.691205427599004,FALSE,54,4,21,"GroupFilter=TRUE;MinGroup=10;Top=TRUE;TopPct=0.05;Bottom=FALSE;BottomPct=0.05"
"XOXAMYL","Education.index",0.0920722958714217,FALSE,774,46,21,"GroupFilter=TRUE;MinGroup=10;Top=TRUE;TopPct=0.05;Bottom=FALSE;BottomPct=0.05"
"XOXAMYL","Income",0.79504027446151,FALSE,774,46,21,"GroupFilter=TRUE;MinGroup=10;Top=TRUE;TopPct=0.05;Bottom=FALSE;BottomPct=0.05"
"XOXAMYL","home_value",0.976703856426106,FALSE,774,46,21,"GroupFilter=TRUE;MinGroup=10;Top=TRUE;TopPct=0.05;Bottom=FALSE;BottomPct=0.05"
"XOXAMYL","rent",0.906189580269683,FALSE,774,46,21,"GroupFilter=TRUE;MinGroup=10;Top=TRUE;TopPct=0.05;Bottom=FALSE;BottomPct=0.05"
"XOXAMYL","Poverty_150",0.256293476660968,FALSE,774,46,21,"GroupFilter=TRUE;MinGroup=10;Top=TRUE;TopPct=0.05;Bottom=FALSE;BottomPct=0.05"
"XOXAMYL","Unemployed",0.0163632876494908,TRUE,774,46,21,"GroupFilter=TRUE;MinGroup=10;Top=TRUE;TopPct=0.05;Bottom=FALSE;BottomPct=0.05"
"XOXAMYL","Working_class",0.931017786575098,FALSE,774,46,21,"GroupFilter=TRUE;MinGroup=10;Top=TRUE;TopPct=0.05;Bottom=FALSE;BottomPct=0.05"
"XOXYDEMETONMETHYL","Education.index",0.960143984576313,FALSE,268,14,21,"GroupFilter=TRUE;MinGroup=10;Top=TRUE;TopPct=0.05;Bottom=FALSE;BottomPct=0.05"
"XOXYDEMETONMETHYL","Income",0.996914164428337,FALSE,268,14,21,"GroupFilter=TRUE;MinGroup=10;Top=TRUE;TopPct=0.05;Bottom=FALSE;BottomPct=0.05"
"XOXYDEMETONMETHYL","home_value",0.792734376620467,FALSE,268,14,21,"GroupFilter=TRUE;MinGroup=10;Top=TRUE;TopPct=0.05;Bottom=FALSE;BottomPct=0.05"
"XOXYDEMETONMETHYL","rent",0.9490931952206,FALSE,268,14,21,"GroupFilter=TRUE;MinGroup=10;Top=TRUE;TopPct=0.05;Bottom=FALSE;BottomPct=0.05"
"XOXYDEMETONMETHYL","Poverty_150",0.943416183354043,FALSE,268,14,21,"GroupFilter=TRUE;MinGroup=10;Top=TRUE;TopPct=0.05;Bottom=FALSE;BottomPct=0.05"
"XOXYDEMETONMETHYL","Unemployed",0.954537302394691,FALSE,268,14,21,"GroupFilter=TRUE;MinGroup=10;Top=TRUE;TopPct=0.05;Bottom=FALSE;BottomPct=0.05"
"XOXYDEMETONMETHYL","Working_class",0.659748109617774,FALSE,268,14,21,"GroupFilter=TRUE;MinGroup=10;Top=TRUE;TopPct=0.05;Bottom=FALSE;BottomPct=0.05"
"XOXYFLUORFEN","Education.index",0.0233841824067873,TRUE,872,49,21,"GroupFilter=TRUE;MinGroup=10;Top=TRUE;TopPct=0.05;Bottom=FALSE;BottomPct=0.05"
"XOXYFLUORFEN","Income",0.828976802863646,FALSE,872,49,21,"GroupFilter=TRUE;MinGroup=10;Top=TRUE;TopPct=0.05;Bottom=FALSE;BottomPct=0.05"
"XOXYFLUORFEN","home_value",0.514621593199072,FALSE,872,49,21,"GroupFilter=TRUE;MinGroup=10;Top=TRUE;TopPct=0.05;Bottom=FALSE;BottomPct=0.05"
"XOXYFLUORFEN","rent",0.777680300090225,FALSE,872,49,21,"GroupFilter=TRUE;MinGroup=10;Top=TRUE;TopPct=0.05;Bottom=FALSE;BottomPct=0.05"
"XOXYFLUORFEN","Poverty_150",0.630032753627126,FALSE,872,49,21,"GroupFilter=TRUE;MinGroup=10;Top=TRUE;TopPct=0.05;Bottom=FALSE;BottomPct=0.05"
"XOXYFLUORFEN","Unemployed",0.13825474458305,FALSE,872,49,21,"GroupFilter=TRUE;MinGroup=10;Top=TRUE;TopPct=0.05;Bottom=FALSE;BottomPct=0.05"
"XOXYFLUORFEN","Working_class",0.836638886072053,FALSE,872,49,21,"GroupFilter=TRUE;MinGroup=10;Top=TRUE;TopPct=0.05;Bottom=FALSE;BottomPct=0.05"
"XOXYTETRACYCLINE","Education.index",0.20797524436018,FALSE,223,13,21,"GroupFilter=TRUE;MinGroup=10;Top=TRUE;TopPct=0.05;Bottom=FALSE;BottomPct=0.05"
"XOXYTETRACYCLINE","Income",0.639078678604308,FALSE,223,13,21,"GroupFilter=TRUE;MinGroup=10;Top=TRUE;TopPct=0.05;Bottom=FALSE;BottomPct=0.05"
"XOXYTETRACYCLINE","home_value",0.400377834660433,FALSE,223,13,21,"GroupFilter=TRUE;MinGroup=10;Top=TRUE;TopPct=0.05;Bottom=FALSE;BottomPct=0.05"
"XOXYTETRACYCLINE","rent",0.455539420511798,FALSE,223,13,21,"GroupFilter=TRUE;MinGroup=10;Top=TRUE;TopPct=0.05;Bottom=FALSE;BottomPct=0.05"
"XOXYTETRACYCLINE","Poverty_150",0.482756415736921,FALSE,223,13,21,"GroupFilter=TRUE;MinGroup=10;Top=TRUE;TopPct=0.05;Bottom=FALSE;BottomPct=0.05"
"XOXYTETRACYCLINE","Unemployed",0.296514954978848,FALSE,223,13,21,"GroupFilter=TRUE;MinGroup=10;Top=TRUE;TopPct=0.05;Bottom=FALSE;BottomPct=0.05"
"XOXYTETRACYCLINE","Working_class",0.261943937394727,FALSE,223,13,21,"GroupFilter=TRUE;MinGroup=10;Top=TRUE;TopPct=0.05;Bottom=FALSE;BottomPct=0.05"
"XPARAQUAT","Education.index",0.00113089651756913,TRUE,2046,103,21,"GroupFilter=TRUE;MinGroup=10;Top=TRUE;TopPct=0.05;Bottom=FALSE;BottomPct=0.05"
"XPARAQUAT","Income",0.509169306329895,FALSE,2046,103,21,"GroupFilter=TRUE;MinGroup=10;Top=TRUE;TopPct=0.05;Bottom=FALSE;BottomPct=0.05"
"XPARAQUAT","home_value",0.165367235722082,FALSE,2046,103,21,"GroupFilter=TRUE;MinGroup=10;Top=TRUE;TopPct=0.05;Bottom=FALSE;BottomPct=0.05"
"XPARAQUAT","rent",0.0732599323183642,FALSE,2046,103,21,"GroupFilter=TRUE;MinGroup=10;Top=TRUE;TopPct=0.05;Bottom=FALSE;BottomPct=0.05"
"XPARAQUAT","Poverty_150",0.818679311606033,FALSE,2046,103,21,"GroupFilter=TRUE;MinGroup=10;Top=TRUE;TopPct=0.05;Bottom=FALSE;BottomPct=0.05"
"XPARAQUAT","Unemployed",0.653224297267312,FALSE,2046,103,21,"GroupFilter=TRUE;MinGroup=10;Top=TRUE;TopPct=0.05;Bottom=FALSE;BottomPct=0.05"
"XPARAQUAT","Working_class",0.417852025786341,FALSE,2046,103,21,"GroupFilter=TRUE;MinGroup=10;Top=TRUE;TopPct=0.05;Bottom=FALSE;BottomPct=0.05"
"XPENDIMETHALIN","Education.index",0.029683275709174,TRUE,2038,103,21,"GroupFilter=TRUE;MinGroup=10;Top=TRUE;TopPct=0.05;Bottom=FALSE;BottomPct=0.05"
"XPENDIMETHALIN","Income",0.689844870659516,FALSE,2038,103,21,"GroupFilter=TRUE;MinGroup=10;Top=TRUE;TopPct=0.05;Bottom=FALSE;BottomPct=0.05"
"XPENDIMETHALIN","home_value",0.276755758888084,FALSE,2038,103,21,"GroupFilter=TRUE;MinGroup=10;Top=TRUE;TopPct=0.05;Bottom=FALSE;BottomPct=0.05"
"XPENDIMETHALIN","rent",0.0914209105561648,FALSE,2038,103,21,"GroupFilter=TRUE;MinGroup=10;Top=TRUE;TopPct=0.05;Bottom=FALSE;BottomPct=0.05"
"XPENDIMETHALIN","Poverty_150",0.926101634230605,FALSE,2038,103,21,"GroupFilter=TRUE;MinGroup=10;Top=TRUE;TopPct=0.05;Bottom=FALSE;BottomPct=0.05"
"XPENDIMETHALIN","Unemployed",0.81722189027771,FALSE,2038,103,21,"GroupFilter=TRUE;MinGroup=10;Top=TRUE;TopPct=0.05;Bottom=FALSE;BottomPct=0.05"
"XPENDIMETHALIN","Working_class",0.373956010422531,FALSE,2038,103,21,"GroupFilter=TRUE;MinGroup=10;Top=TRUE;TopPct=0.05;Bottom=FALSE;BottomPct=0.05"
"XPERMETHRIN","Education.index",0.00189464409392213,TRUE,2008,103,21,"GroupFilter=TRUE;MinGroup=10;Top=TRUE;TopPct=0.05;Bottom=FALSE;BottomPct=0.05"
"XPERMETHRIN","Income",0.564935666364401,FALSE,2008,103,21,"GroupFilter=TRUE;MinGroup=10;Top=TRUE;TopPct=0.05;Bottom=FALSE;BottomPct=0.05"
"XPERMETHRIN","home_value",0.291192882501115,FALSE,2008,103,21,"GroupFilter=TRUE;MinGroup=10;Top=TRUE;TopPct=0.05;Bottom=FALSE;BottomPct=0.05"
"XPERMETHRIN","rent",0.0508847575503386,FALSE,2008,103,21,"GroupFilter=TRUE;MinGroup=10;Top=TRUE;TopPct=0.05;Bottom=FALSE;BottomPct=0.05"
"XPERMETHRIN","Poverty_150",0.740332749691589,FALSE,2008,103,21,"GroupFilter=TRUE;MinGroup=10;Top=TRUE;TopPct=0.05;Bottom=FALSE;BottomPct=0.05"
"XPERMETHRIN","Unemployed",0.939086030584706,FALSE,2008,103,21,"GroupFilter=TRUE;MinGroup=10;Top=TRUE;TopPct=0.05;Bottom=FALSE;BottomPct=0.05"
"XPERMETHRIN","Working_class",0.313784440554541,FALSE,2008,103,21,"GroupFilter=TRUE;MinGroup=10;Top=TRUE;TopPct=0.05;Bottom=FALSE;BottomPct=0.05"
"XPETROLEUMDISTILLATE","Education.index",0.0552103386794189,FALSE,141,11,21,"GroupFilter=TRUE;MinGroup=10;Top=TRUE;TopPct=0.05;Bottom=FALSE;BottomPct=0.05"
"XPETROLEUMDISTILLATE","Income",0.0763666753246278,FALSE,141,11,21,"GroupFilter=TRUE;MinGroup=10;Top=TRUE;TopPct=0.05;Bottom=FALSE;BottomPct=0.05"
"XPETROLEUMDISTILLATE","home_value",0.019484847195556,TRUE,141,11,21,"GroupFilter=TRUE;MinGroup=10;Top=TRUE;TopPct=0.05;Bottom=FALSE;BottomPct=0.05"
"XPETROLEUMDISTILLATE","rent",0.0115268131123628,TRUE,141,11,21,"GroupFilter=TRUE;MinGroup=10;Top=TRUE;TopPct=0.05;Bottom=FALSE;BottomPct=0.05"
"XPETROLEUMDISTILLATE","Poverty_150",0.624823092157236,FALSE,141,11,21,"GroupFilter=TRUE;MinGroup=10;Top=TRUE;TopPct=0.05;Bottom=FALSE;BottomPct=0.05"
"XPETROLEUMDISTILLATE","Unemployed",0.178474914948054,FALSE,141,11,21,"GroupFilter=TRUE;MinGroup=10;Top=TRUE;TopPct=0.05;Bottom=FALSE;BottomPct=0.05"
"XPETROLEUMDISTILLATE","Working_class",0.0163518484924208,TRUE,141,11,21,"GroupFilter=TRUE;MinGroup=10;Top=TRUE;TopPct=0.05;Bottom=FALSE;BottomPct=0.05"
"XPETROLEUMOIL","Education.index",0.00115811551285956,TRUE,1878,99,21,"GroupFilter=TRUE;MinGroup=10;Top=TRUE;TopPct=0.05;Bottom=FALSE;BottomPct=0.05"
"XPETROLEUMOIL","Income",0.432932801213679,FALSE,1878,99,21,"GroupFilter=TRUE;MinGroup=10;Top=TRUE;TopPct=0.05;Bottom=FALSE;BottomPct=0.05"
"XPETROLEUMOIL","home_value",0.0770861734775658,FALSE,1878,99,21,"GroupFilter=TRUE;MinGroup=10;Top=TRUE;TopPct=0.05;Bottom=FALSE;BottomPct=0.05"
"XPETROLEUMOIL","rent",0.0162062205879662,TRUE,1878,99,21,"GroupFilter=TRUE;MinGroup=10;Top=TRUE;TopPct=0.05;Bottom=FALSE;BottomPct=0.05"
"XPETROLEUMOIL","Poverty_150",0.57844038252115,FALSE,1878,99,21,"GroupFilter=TRUE;MinGroup=10;Top=TRUE;TopPct=0.05;Bottom=FALSE;BottomPct=0.05"
"XPETROLEUMOIL","Unemployed",0.39035715552649,FALSE,1878,99,21,"GroupFilter=TRUE;MinGroup=10;Top=TRUE;TopPct=0.05;Bottom=FALSE;BottomPct=0.05"
"XPETROLEUMOIL","Working_class",0.209174008490514,FALSE,1878,99,21,"GroupFilter=TRUE;MinGroup=10;Top=TRUE;TopPct=0.05;Bottom=FALSE;BottomPct=0.05"
"XPHORATE","Education.index",0.00301151578441518,TRUE,1387,87,20,"GroupFilter=TRUE;MinGroup=10;Top=TRUE;TopPct=0.05;Bottom=FALSE;BottomPct=0.05"
"XPHORATE","Income",0.589985027477578,FALSE,1387,87,20,"GroupFilter=TRUE;MinGroup=10;Top=TRUE;TopPct=0.05;Bottom=FALSE;BottomPct=0.05"
"XPHORATE","home_value",0.176799824662586,FALSE,1387,87,20,"GroupFilter=TRUE;MinGroup=10;Top=TRUE;TopPct=0.05;Bottom=FALSE;BottomPct=0.05"
"XPHORATE","rent",0.0452615724328197,TRUE,1387,87,20,"GroupFilter=TRUE;MinGroup=10;Top=TRUE;TopPct=0.05;Bottom=FALSE;BottomPct=0.05"
"XPHORATE","Poverty_150",0.708273685433789,FALSE,1387,87,20,"GroupFilter=TRUE;MinGroup=10;Top=TRUE;TopPct=0.05;Bottom=FALSE;BottomPct=0.05"
"XPHORATE","Unemployed",0.6005879502721,FALSE,1387,87,20,"GroupFilter=TRUE;MinGroup=10;Top=TRUE;TopPct=0.05;Bottom=FALSE;BottomPct=0.05"
"XPHORATE","Working_class",0.238542390181523,FALSE,1387,87,20,"GroupFilter=TRUE;MinGroup=10;Top=TRUE;TopPct=0.05;Bottom=FALSE;BottomPct=0.05"
"XPHOSMET","Education.index",0.00107460119268927,TRUE,1773,93,21,"GroupFilter=TRUE;MinGroup=10;Top=TRUE;TopPct=0.05;Bottom=FALSE;BottomPct=0.05"
"XPHOSMET","Income",0.587231023848693,FALSE,1773,93,21,"GroupFilter=TRUE;MinGroup=10;Top=TRUE;TopPct=0.05;Bottom=FALSE;BottomPct=0.05"
"XPHOSMET","home_value",0.0562805805669369,FALSE,1773,93,21,"GroupFilter=TRUE;MinGroup=10;Top=TRUE;TopPct=0.05;Bottom=FALSE;BottomPct=0.05"
"XPHOSMET","rent",0.00775345239910559,TRUE,1773,93,21,"GroupFilter=TRUE;MinGroup=10;Top=TRUE;TopPct=0.05;Bottom=FALSE;BottomPct=0.05"
"XPHOSMET","Poverty_150",0.433426672642354,FALSE,1773,93,21,"GroupFilter=TRUE;MinGroup=10;Top=TRUE;TopPct=0.05;Bottom=FALSE;BottomPct=0.05"
"XPHOSMET","Unemployed",0.350375933407632,FALSE,1773,93,21,"GroupFilter=TRUE;MinGroup=10;Top=TRUE;TopPct=0.05;Bottom=FALSE;BottomPct=0.05"
"XPHOSMET","Working_class",0.225923567106859,FALSE,1773,93,21,"GroupFilter=TRUE;MinGroup=10;Top=TRUE;TopPct=0.05;Bottom=FALSE;BottomPct=0.05"
"XPICLORAM","Education.index",0.00550497454647487,TRUE,1857,94,21,"GroupFilter=TRUE;MinGroup=10;Top=TRUE;TopPct=0.05;Bottom=FALSE;BottomPct=0.05"
"XPICLORAM","Income",0.309278568933633,FALSE,1857,94,21,"GroupFilter=TRUE;MinGroup=10;Top=TRUE;TopPct=0.05;Bottom=FALSE;BottomPct=0.05"
"XPICLORAM","home_value",0.10862883189291,FALSE,1857,94,21,"GroupFilter=TRUE;MinGroup=10;Top=TRUE;TopPct=0.05;Bottom=FALSE;BottomPct=0.05"
"XPICLORAM","rent",0.00697431075993005,TRUE,1857,94,21,"GroupFilter=TRUE;MinGroup=10;Top=TRUE;TopPct=0.05;Bottom=FALSE;BottomPct=0.05"
"XPICLORAM","Poverty_150",0.637276988685739,FALSE,1857,94,21,"GroupFilter=TRUE;MinGroup=10;Top=TRUE;TopPct=0.05;Bottom=FALSE;BottomPct=0.05"
"XPICLORAM","Unemployed",0.682204979406296,FALSE,1857,94,21,"GroupFilter=TRUE;MinGroup=10;Top=TRUE;TopPct=0.05;Bottom=FALSE;BottomPct=0.05"
"XPICLORAM","Working_class",0.15428260553362,FALSE,1857,94,21,"GroupFilter=TRUE;MinGroup=10;Top=TRUE;TopPct=0.05;Bottom=FALSE;BottomPct=0.05"
"XPRIMISULFURON","Education.index",0.433293343725146,FALSE,1229,64,21,"GroupFilter=TRUE;MinGroup=10;Top=TRUE;TopPct=0.05;Bottom=FALSE;BottomPct=0.05"
"XPRIMISULFURON","Income",0.886999048148501,FALSE,1229,64,21,"GroupFilter=TRUE;MinGroup=10;Top=TRUE;TopPct=0.05;Bottom=FALSE;BottomPct=0.05"
"XPRIMISULFURON","home_value",0.97117441616707,FALSE,1229,64,21,"GroupFilter=TRUE;MinGroup=10;Top=TRUE;TopPct=0.05;Bottom=FALSE;BottomPct=0.05"
"XPRIMISULFURON","rent",0.308276771416351,FALSE,1229,64,21,"GroupFilter=TRUE;MinGroup=10;Top=TRUE;TopPct=0.05;Bottom=FALSE;BottomPct=0.05"
"XPRIMISULFURON","Poverty_150",0.50646189560566,FALSE,1229,64,21,"GroupFilter=TRUE;MinGroup=10;Top=TRUE;TopPct=0.05;Bottom=FALSE;BottomPct=0.05"
"XPRIMISULFURON","Unemployed",0.753769930650767,FALSE,1229,64,21,"GroupFilter=TRUE;MinGroup=10;Top=TRUE;TopPct=0.05;Bottom=FALSE;BottomPct=0.05"
"XPRIMISULFURON","Working_class",0.81263059744976,FALSE,1229,64,21,"GroupFilter=TRUE;MinGroup=10;Top=TRUE;TopPct=0.05;Bottom=FALSE;BottomPct=0.05"
"XPROMETRYN","Education.index",0.793477964459213,FALSE,95,5,21,"GroupFilter=TRUE;MinGroup=10;Top=TRUE;TopPct=0.05;Bottom=FALSE;BottomPct=0.05"
"XPROMETRYN","Income",0.145652355257956,FALSE,95,5,21,"GroupFilter=TRUE;MinGroup=10;Top=TRUE;TopPct=0.05;Bottom=FALSE;BottomPct=0.05"
"XPROMETRYN","home_value",0.0773263910557991,FALSE,95,5,21,"GroupFilter=TRUE;MinGroup=10;Top=TRUE;TopPct=0.05;Bottom=FALSE;BottomPct=0.05"
"XPROMETRYN","rent",0.00848215038403476,TRUE,95,5,21,"GroupFilter=TRUE;MinGroup=10;Top=TRUE;TopPct=0.05;Bottom=FALSE;BottomPct=0.05"
"XPROMETRYN","Poverty_150",0.00689979555593651,TRUE,95,5,21,"GroupFilter=TRUE;MinGroup=10;Top=TRUE;TopPct=0.05;Bottom=FALSE;BottomPct=0.05"
"XPROMETRYN","Unemployed",0.256740724081997,FALSE,95,5,21,"GroupFilter=TRUE;MinGroup=10;Top=TRUE;TopPct=0.05;Bottom=FALSE;BottomPct=0.05"
"XPROMETRYN","Working_class",0.0100134286938531,TRUE,95,5,21,"GroupFilter=TRUE;MinGroup=10;Top=TRUE;TopPct=0.05;Bottom=FALSE;BottomPct=0.05"
"XPROPACHLOR","Education.index",0.492233022046328,FALSE,514,49,12,"GroupFilter=TRUE;MinGroup=10;Top=TRUE;TopPct=0.05;Bottom=FALSE;BottomPct=0.05"
"XPROPACHLOR","Income",0.852070419353399,FALSE,514,49,12,"GroupFilter=TRUE;MinGroup=10;Top=TRUE;TopPct=0.05;Bottom=FALSE;BottomPct=0.05"
"XPROPACHLOR","home_value",0.998587115561896,FALSE,514,49,12,"GroupFilter=TRUE;MinGroup=10;Top=TRUE;TopPct=0.05;Bottom=FALSE;BottomPct=0.05"
"XPROPACHLOR","rent",0.619328336935126,FALSE,514,49,12,"GroupFilter=TRUE;MinGroup=10;Top=TRUE;TopPct=0.05;Bottom=FALSE;BottomPct=0.05"
"XPROPACHLOR","Poverty_150",0.926925129841916,FALSE,514,49,12,"GroupFilter=TRUE;MinGroup=10;Top=TRUE;TopPct=0.05;Bottom=FALSE;BottomPct=0.05"
"XPROPACHLOR","Unemployed",0.595273973946486,FALSE,514,49,12,"GroupFilter=TRUE;MinGroup=10;Top=TRUE;TopPct=0.05;Bottom=FALSE;BottomPct=0.05"
"XPROPACHLOR","Working_class",0.957127771745734,FALSE,514,49,12,"GroupFilter=TRUE;MinGroup=10;Top=TRUE;TopPct=0.05;Bottom=FALSE;BottomPct=0.05"
"XPROPARGITE","Education.index",0.0710452354474882,FALSE,762,42,21,"GroupFilter=TRUE;MinGroup=10;Top=TRUE;TopPct=0.05;Bottom=FALSE;BottomPct=0.05"
"XPROPARGITE","Income",0.379432744943733,FALSE,762,42,21,"GroupFilter=TRUE;MinGroup=10;Top=TRUE;TopPct=0.05;Bottom=FALSE;BottomPct=0.05"
"XPROPARGITE","home_value",0.792905376325141,FALSE,762,42,21,"GroupFilter=TRUE;MinGroup=10;Top=TRUE;TopPct=0.05;Bottom=FALSE;BottomPct=0.05"
"XPROPARGITE","rent",0.759695183442443,FALSE,762,42,21,"GroupFilter=TRUE;MinGroup=10;Top=TRUE;TopPct=0.05;Bottom=FALSE;BottomPct=0.05"
"XPROPARGITE","Poverty_150",0.0554690632150076,FALSE,762,42,21,"GroupFilter=TRUE;MinGroup=10;Top=TRUE;TopPct=0.05;Bottom=FALSE;BottomPct=0.05"
"XPROPARGITE","Unemployed",0.00176257554854708,TRUE,762,42,21,"GroupFilter=TRUE;MinGroup=10;Top=TRUE;TopPct=0.05;Bottom=FALSE;BottomPct=0.05"
"XPROPARGITE","Working_class",0.99260343485397,FALSE,762,42,21,"GroupFilter=TRUE;MinGroup=10;Top=TRUE;TopPct=0.05;Bottom=FALSE;BottomPct=0.05"
"XPROPAZINE","Education.index",0.894444524496967,FALSE,53,4,14,"GroupFilter=TRUE;MinGroup=10;Top=TRUE;TopPct=0.05;Bottom=FALSE;BottomPct=0.05"
"XPROPAZINE","Income",0.246618022374687,FALSE,53,4,14,"GroupFilter=TRUE;MinGroup=10;Top=TRUE;TopPct=0.05;Bottom=FALSE;BottomPct=0.05"
"XPROPAZINE","home_value",0.81944496537527,FALSE,53,4,14,"GroupFilter=TRUE;MinGroup=10;Top=TRUE;TopPct=0.05;Bottom=FALSE;BottomPct=0.05"
"XPROPAZINE","rent",0.640334633648057,FALSE,53,4,14,"GroupFilter=TRUE;MinGroup=10;Top=TRUE;TopPct=0.05;Bottom=FALSE;BottomPct=0.05"
"XPROPAZINE","Poverty_150",0.500609300649991,FALSE,53,4,14,"GroupFilter=TRUE;MinGroup=10;Top=TRUE;TopPct=0.05;Bottom=FALSE;BottomPct=0.05"
"XPROPAZINE","Unemployed",0.0613789119181117,FALSE,53,4,14,"GroupFilter=TRUE;MinGroup=10;Top=TRUE;TopPct=0.05;Bottom=FALSE;BottomPct=0.05"
"XPROPAZINE","Working_class",0.21267740422479,FALSE,53,4,14,"GroupFilter=TRUE;MinGroup=10;Top=TRUE;TopPct=0.05;Bottom=FALSE;BottomPct=0.05"
"XPROPICONAZOLE","Education.index",0.00594532202913548,TRUE,1696,92,21,"GroupFilter=TRUE;MinGroup=10;Top=TRUE;TopPct=0.05;Bottom=FALSE;BottomPct=0.05"
"XPROPICONAZOLE","Income",0.53799024274211,FALSE,1696,92,21,"GroupFilter=TRUE;MinGroup=10;Top=TRUE;TopPct=0.05;Bottom=FALSE;BottomPct=0.05"
"XPROPICONAZOLE","home_value",0.135585220119725,FALSE,1696,92,21,"GroupFilter=TRUE;MinGroup=10;Top=TRUE;TopPct=0.05;Bottom=FALSE;BottomPct=0.05"
"XPROPICONAZOLE","rent",0.00958133035032428,TRUE,1696,92,21,"GroupFilter=TRUE;MinGroup=10;Top=TRUE;TopPct=0.05;Bottom=FALSE;BottomPct=0.05"
"XPROPICONAZOLE","Poverty_150",0.342848085744801,FALSE,1696,92,21,"GroupFilter=TRUE;MinGroup=10;Top=TRUE;TopPct=0.05;Bottom=FALSE;BottomPct=0.05"
"XPROPICONAZOLE","Unemployed",0.19707030182996,FALSE,1696,92,21,"GroupFilter=TRUE;MinGroup=10;Top=TRUE;TopPct=0.05;Bottom=FALSE;BottomPct=0.05"
"XPROPICONAZOLE","Working_class",0.0588295562159727,FALSE,1696,92,21,"GroupFilter=TRUE;MinGroup=10;Top=TRUE;TopPct=0.05;Bottom=FALSE;BottomPct=0.05"
"XPROPYZAMIDE","Education.index",0.983507723528588,FALSE,162,12,15,"GroupFilter=TRUE;MinGroup=10;Top=TRUE;TopPct=0.05;Bottom=FALSE;BottomPct=0.05"
"XPROPYZAMIDE","Income",0.532233115950001,FALSE,162,12,15,"GroupFilter=TRUE;MinGroup=10;Top=TRUE;TopPct=0.05;Bottom=FALSE;BottomPct=0.05"
"XPROPYZAMIDE","home_value",0.793215197358796,FALSE,162,12,15,"GroupFilter=TRUE;MinGroup=10;Top=TRUE;TopPct=0.05;Bottom=FALSE;BottomPct=0.05"
"XPROPYZAMIDE","rent",0.485707837197584,FALSE,162,12,15,"GroupFilter=TRUE;MinGroup=10;Top=TRUE;TopPct=0.05;Bottom=FALSE;BottomPct=0.05"
"XPROPYZAMIDE","Poverty_150",0.609710563689533,FALSE,162,12,15,"GroupFilter=TRUE;MinGroup=10;Top=TRUE;TopPct=0.05;Bottom=FALSE;BottomPct=0.05"
"XPROPYZAMIDE","Unemployed",0.253121186383553,FALSE,162,12,15,"GroupFilter=TRUE;MinGroup=10;Top=TRUE;TopPct=0.05;Bottom=FALSE;BottomPct=0.05"
"XPROPYZAMIDE","Working_class",0.605761181498302,FALSE,162,12,15,"GroupFilter=TRUE;MinGroup=10;Top=TRUE;TopPct=0.05;Bottom=FALSE;BottomPct=0.05"
"XQUINTOZENE","Education.index",0.385063190001869,FALSE,120,9,21,"GroupFilter=TRUE;MinGroup=10;Top=TRUE;TopPct=0.05;Bottom=FALSE;BottomPct=0.05"
"XQUINTOZENE","Income",0.160594824216827,FALSE,120,9,21,"GroupFilter=TRUE;MinGroup=10;Top=TRUE;TopPct=0.05;Bottom=FALSE;BottomPct=0.05"
"XQUINTOZENE","home_value",0.59160726483072,FALSE,120,9,21,"GroupFilter=TRUE;MinGroup=10;Top=TRUE;TopPct=0.05;Bottom=FALSE;BottomPct=0.05"
"XQUINTOZENE","rent",0.365881277047658,FALSE,120,9,21,"GroupFilter=TRUE;MinGroup=10;Top=TRUE;TopPct=0.05;Bottom=FALSE;BottomPct=0.05"
"XQUINTOZENE","Poverty_150",0.24424409684856,FALSE,120,9,21,"GroupFilter=TRUE;MinGroup=10;Top=TRUE;TopPct=0.05;Bottom=FALSE;BottomPct=0.05"
"XQUINTOZENE","Unemployed",0.804995663009098,FALSE,120,9,21,"GroupFilter=TRUE;MinGroup=10;Top=TRUE;TopPct=0.05;Bottom=FALSE;BottomPct=0.05"
"XQUINTOZENE","Working_class",0.915490025390338,FALSE,120,9,21,"GroupFilter=TRUE;MinGroup=10;Top=TRUE;TopPct=0.05;Bottom=FALSE;BottomPct=0.05"
"XQUIZALOFOP","Education.index",0.0143047407493859,TRUE,1198,66,21,"GroupFilter=TRUE;MinGroup=10;Top=TRUE;TopPct=0.05;Bottom=FALSE;BottomPct=0.05"
"XQUIZALOFOP","Income",0.220680586938715,FALSE,1198,66,21,"GroupFilter=TRUE;MinGroup=10;Top=TRUE;TopPct=0.05;Bottom=FALSE;BottomPct=0.05"
"XQUIZALOFOP","home_value",0.127472931005015,FALSE,1198,66,21,"GroupFilter=TRUE;MinGroup=10;Top=TRUE;TopPct=0.05;Bottom=FALSE;BottomPct=0.05"
"XQUIZALOFOP","rent",0.0237491460844606,TRUE,1198,66,21,"GroupFilter=TRUE;MinGroup=10;Top=TRUE;TopPct=0.05;Bottom=FALSE;BottomPct=0.05"
"XQUIZALOFOP","Poverty_150",0.55582081482004,FALSE,1198,66,21,"GroupFilter=TRUE;MinGroup=10;Top=TRUE;TopPct=0.05;Bottom=FALSE;BottomPct=0.05"
"XQUIZALOFOP","Unemployed",0.623973285320071,FALSE,1198,66,21,"GroupFilter=TRUE;MinGroup=10;Top=TRUE;TopPct=0.05;Bottom=FALSE;BottomPct=0.05"
"XQUIZALOFOP","Working_class",0.314850706941023,FALSE,1198,66,21,"GroupFilter=TRUE;MinGroup=10;Top=TRUE;TopPct=0.05;Bottom=FALSE;BottomPct=0.05"
"XSETHOXYDIM","Education.index",0.00667442099541694,TRUE,1919,102,21,"GroupFilter=TRUE;MinGroup=10;Top=TRUE;TopPct=0.05;Bottom=FALSE;BottomPct=0.05"
"XSETHOXYDIM","Income",0.789148655536153,FALSE,1919,102,21,"GroupFilter=TRUE;MinGroup=10;Top=TRUE;TopPct=0.05;Bottom=FALSE;BottomPct=0.05"
"XSETHOXYDIM","home_value",0.429604972428223,FALSE,1919,102,21,"GroupFilter=TRUE;MinGroup=10;Top=TRUE;TopPct=0.05;Bottom=FALSE;BottomPct=0.05"
"XSETHOXYDIM","rent",0.0973618329701644,FALSE,1919,102,21,"GroupFilter=TRUE;MinGroup=10;Top=TRUE;TopPct=0.05;Bottom=FALSE;BottomPct=0.05"
"XSETHOXYDIM","Poverty_150",0.81153350722767,FALSE,1919,102,21,"GroupFilter=TRUE;MinGroup=10;Top=TRUE;TopPct=0.05;Bottom=FALSE;BottomPct=0.05"
"XSETHOXYDIM","Unemployed",0.742049519192028,FALSE,1919,102,21,"GroupFilter=TRUE;MinGroup=10;Top=TRUE;TopPct=0.05;Bottom=FALSE;BottomPct=0.05"
"XSETHOXYDIM","Working_class",0.714450543432445,FALSE,1919,102,21,"GroupFilter=TRUE;MinGroup=10;Top=TRUE;TopPct=0.05;Bottom=FALSE;BottomPct=0.05"
"XSIMAZINE","Education.index",0.00218722678095973,TRUE,1752,95,21,"GroupFilter=TRUE;MinGroup=10;Top=TRUE;TopPct=0.05;Bottom=FALSE;BottomPct=0.05"
"XSIMAZINE","Income",0.509530250572716,FALSE,1752,95,21,"GroupFilter=TRUE;MinGroup=10;Top=TRUE;TopPct=0.05;Bottom=FALSE;BottomPct=0.05"
"XSIMAZINE","home_value",0.282882564348761,FALSE,1752,95,21,"GroupFilter=TRUE;MinGroup=10;Top=TRUE;TopPct=0.05;Bottom=FALSE;BottomPct=0.05"
"XSIMAZINE","rent",0.0798533654078595,FALSE,1752,95,21,"GroupFilter=TRUE;MinGroup=10;Top=TRUE;TopPct=0.05;Bottom=FALSE;BottomPct=0.05"
"XSIMAZINE","Poverty_150",0.447323124405551,FALSE,1752,95,21,"GroupFilter=TRUE;MinGroup=10;Top=TRUE;TopPct=0.05;Bottom=FALSE;BottomPct=0.05"
"XSIMAZINE","Unemployed",0.711772915323748,FALSE,1752,95,21,"GroupFilter=TRUE;MinGroup=10;Top=TRUE;TopPct=0.05;Bottom=FALSE;BottomPct=0.05"
"XSIMAZINE","Working_class",0.537421528416252,FALSE,1752,95,21,"GroupFilter=TRUE;MinGroup=10;Top=TRUE;TopPct=0.05;Bottom=FALSE;BottomPct=0.05"
"XSODIUMCHLORATE","Education.index",0.550516117217051,FALSE,81,6,17,"GroupFilter=TRUE;MinGroup=10;Top=TRUE;TopPct=0.05;Bottom=FALSE;BottomPct=0.05"
"XSODIUMCHLORATE","Income",0.246211303662011,FALSE,81,6,17,"GroupFilter=TRUE;MinGroup=10;Top=TRUE;TopPct=0.05;Bottom=FALSE;BottomPct=0.05"
"XSODIUMCHLORATE","home_value",0.26965070562868,FALSE,81,6,17,"GroupFilter=TRUE;MinGroup=10;Top=TRUE;TopPct=0.05;Bottom=FALSE;BottomPct=0.05"
"XSODIUMCHLORATE","rent",0.579477180036199,FALSE,81,6,17,"GroupFilter=TRUE;MinGroup=10;Top=TRUE;TopPct=0.05;Bottom=FALSE;BottomPct=0.05"
"XSODIUMCHLORATE","Poverty_150",0.70991973652821,FALSE,81,6,17,"GroupFilter=TRUE;MinGroup=10;Top=TRUE;TopPct=0.05;Bottom=FALSE;BottomPct=0.05"
"XSODIUMCHLORATE","Unemployed",0.825313821406466,FALSE,81,6,17,"GroupFilter=TRUE;MinGroup=10;Top=TRUE;TopPct=0.05;Bottom=FALSE;BottomPct=0.05"
"XSODIUMCHLORATE","Working_class",0.843393120548047,FALSE,81,6,17,"GroupFilter=TRUE;MinGroup=10;Top=TRUE;TopPct=0.05;Bottom=FALSE;BottomPct=0.05"
"XSTREPTOMYCIN","Education.index",0.000429090997944298,TRUE,1082,70,21,"GroupFilter=TRUE;MinGroup=10;Top=TRUE;TopPct=0.05;Bottom=FALSE;BottomPct=0.05"
"XSTREPTOMYCIN","Income",0.138009627153693,FALSE,1082,70,21,"GroupFilter=TRUE;MinGroup=10;Top=TRUE;TopPct=0.05;Bottom=FALSE;BottomPct=0.05"
"XSTREPTOMYCIN","home_value",0.0392911115343836,TRUE,1082,70,21,"GroupFilter=TRUE;MinGroup=10;Top=TRUE;TopPct=0.05;Bottom=FALSE;BottomPct=0.05"
"XSTREPTOMYCIN","rent",0.0327389439705455,TRUE,1082,70,21,"GroupFilter=TRUE;MinGroup=10;Top=TRUE;TopPct=0.05;Bottom=FALSE;BottomPct=0.05"
"XSTREPTOMYCIN","Poverty_150",0.36558305685232,FALSE,1082,70,21,"GroupFilter=TRUE;MinGroup=10;Top=TRUE;TopPct=0.05;Bottom=FALSE;BottomPct=0.05"
"XSTREPTOMYCIN","Unemployed",0.778958582686151,FALSE,1082,70,21,"GroupFilter=TRUE;MinGroup=10;Top=TRUE;TopPct=0.05;Bottom=FALSE;BottomPct=0.05"
"XSTREPTOMYCIN","Working_class",0.132898540326531,FALSE,1082,70,21,"GroupFilter=TRUE;MinGroup=10;Top=TRUE;TopPct=0.05;Bottom=FALSE;BottomPct=0.05"
"XSULFCARBAMIDE","Education.index",0.961916166227768,FALSE,77,6,19,"GroupFilter=TRUE;MinGroup=10;Top=TRUE;TopPct=0.05;Bottom=FALSE;BottomPct=0.05"
"XSULFCARBAMIDE","Income",0.600339831333855,FALSE,77,6,19,"GroupFilter=TRUE;MinGroup=10;Top=TRUE;TopPct=0.05;Bottom=FALSE;BottomPct=0.05"
"XSULFCARBAMIDE","home_value",0.958153513834444,FALSE,77,6,19,"GroupFilter=TRUE;MinGroup=10;Top=TRUE;TopPct=0.05;Bottom=FALSE;BottomPct=0.05"
"XSULFCARBAMIDE","rent",0.453741237180753,FALSE,77,6,19,"GroupFilter=TRUE;MinGroup=10;Top=TRUE;TopPct=0.05;Bottom=FALSE;BottomPct=0.05"
"XSULFCARBAMIDE","Poverty_150",0.776359320986568,FALSE,77,6,19,"GroupFilter=TRUE;MinGroup=10;Top=TRUE;TopPct=0.05;Bottom=FALSE;BottomPct=0.05"
"XSULFCARBAMIDE","Unemployed",0.668760659630855,FALSE,77,6,19,"GroupFilter=TRUE;MinGroup=10;Top=TRUE;TopPct=0.05;Bottom=FALSE;BottomPct=0.05"
"XSULFCARBAMIDE","Working_class",0.770488653073017,FALSE,77,6,19,"GroupFilter=TRUE;MinGroup=10;Top=TRUE;TopPct=0.05;Bottom=FALSE;BottomPct=0.05"
"XSULFOSATE","Education.index",0.123808537008087,FALSE,512,49,11,"GroupFilter=TRUE;MinGroup=10;Top=TRUE;TopPct=0.05;Bottom=FALSE;BottomPct=0.05"
"XSULFOSATE","Income",0.685211983749015,FALSE,512,49,11,"GroupFilter=TRUE;MinGroup=10;Top=TRUE;TopPct=0.05;Bottom=FALSE;BottomPct=0.05"
"XSULFOSATE","home_value",0.981591889045246,FALSE,512,49,11,"GroupFilter=TRUE;MinGroup=10;Top=TRUE;TopPct=0.05;Bottom=FALSE;BottomPct=0.05"
"XSULFOSATE","rent",0.139508677397425,FALSE,512,49,11,"GroupFilter=TRUE;MinGroup=10;Top=TRUE;TopPct=0.05;Bottom=FALSE;BottomPct=0.05"
"XSULFOSATE","Poverty_150",0.639671065601546,FALSE,512,49,11,"GroupFilter=TRUE;MinGroup=10;Top=TRUE;TopPct=0.05;Bottom=FALSE;BottomPct=0.05"
"XSULFOSATE","Unemployed",0.850958480504155,FALSE,512,49,11,"GroupFilter=TRUE;MinGroup=10;Top=TRUE;TopPct=0.05;Bottom=FALSE;BottomPct=0.05"
"XSULFOSATE","Working_class",0.932180901305491,FALSE,512,49,11,"GroupFilter=TRUE;MinGroup=10;Top=TRUE;TopPct=0.05;Bottom=FALSE;BottomPct=0.05"
"XSULFUR","Education.index",0.00706843594675949,TRUE,1347,69,21,"GroupFilter=TRUE;MinGroup=10;Top=TRUE;TopPct=0.05;Bottom=FALSE;BottomPct=0.05"
"XSULFUR","Income",0.534247013331208,FALSE,1347,69,21,"GroupFilter=TRUE;MinGroup=10;Top=TRUE;TopPct=0.05;Bottom=FALSE;BottomPct=0.05"
"XSULFUR","home_value",0.182883620065844,FALSE,1347,69,21,"GroupFilter=TRUE;MinGroup=10;Top=TRUE;TopPct=0.05;Bottom=FALSE;BottomPct=0.05"
"XSULFUR","rent",0.100740930799439,FALSE,1347,69,21,"GroupFilter=TRUE;MinGroup=10;Top=TRUE;TopPct=0.05;Bottom=FALSE;BottomPct=0.05"
"XSULFUR","Poverty_150",0.732446165546174,FALSE,1347,69,21,"GroupFilter=TRUE;MinGroup=10;Top=TRUE;TopPct=0.05;Bottom=FALSE;BottomPct=0.05"
"XSULFUR","Unemployed",0.793472724940977,FALSE,1347,69,21,"GroupFilter=TRUE;MinGroup=10;Top=TRUE;TopPct=0.05;Bottom=FALSE;BottomPct=0.05"
"XSULFUR","Working_class",0.605076539574003,FALSE,1347,69,21,"GroupFilter=TRUE;MinGroup=10;Top=TRUE;TopPct=0.05;Bottom=FALSE;BottomPct=0.05"
"XSULFURICACID","Education.index",1.64348327761136e-06,TRUE,347,19,21,"GroupFilter=TRUE;MinGroup=10;Top=TRUE;TopPct=0.05;Bottom=FALSE;BottomPct=0.05"
"XSULFURICACID","Income",0.00865836198037468,TRUE,347,19,21,"GroupFilter=TRUE;MinGroup=10;Top=TRUE;TopPct=0.05;Bottom=FALSE;BottomPct=0.05"
"XSULFURICACID","home_value",0.00585155385284277,TRUE,347,19,21,"GroupFilter=TRUE;MinGroup=10;Top=TRUE;TopPct=0.05;Bottom=FALSE;BottomPct=0.05"
"XSULFURICACID","rent",0.19670742414498,FALSE,347,19,21,"GroupFilter=TRUE;MinGroup=10;Top=TRUE;TopPct=0.05;Bottom=FALSE;BottomPct=0.05"
"XSULFURICACID","Poverty_150",0.000847797751508941,TRUE,347,19,21,"GroupFilter=TRUE;MinGroup=10;Top=TRUE;TopPct=0.05;Bottom=FALSE;BottomPct=0.05"
"XSULFURICACID","Unemployed",6.69332184479404e-05,TRUE,347,19,21,"GroupFilter=TRUE;MinGroup=10;Top=TRUE;TopPct=0.05;Bottom=FALSE;BottomPct=0.05"
"XSULFURICACID","Working_class",0.342704484190625,FALSE,347,19,21,"GroupFilter=TRUE;MinGroup=10;Top=TRUE;TopPct=0.05;Bottom=FALSE;BottomPct=0.05"
"XTEBUTHIURON","Education.index",0.54268862592452,FALSE,316,31,17,"GroupFilter=TRUE;MinGroup=10;Top=TRUE;TopPct=0.05;Bottom=FALSE;BottomPct=0.05"
"XTEBUTHIURON","Income",0.815149546776401,FALSE,316,31,17,"GroupFilter=TRUE;MinGroup=10;Top=TRUE;TopPct=0.05;Bottom=FALSE;BottomPct=0.05"
"XTEBUTHIURON","home_value",0.165468204159995,FALSE,316,31,17,"GroupFilter=TRUE;MinGroup=10;Top=TRUE;TopPct=0.05;Bottom=FALSE;BottomPct=0.05"
"XTEBUTHIURON","rent",0.125192735431286,FALSE,316,31,17,"GroupFilter=TRUE;MinGroup=10;Top=TRUE;TopPct=0.05;Bottom=FALSE;BottomPct=0.05"
"XTEBUTHIURON","Poverty_150",0.261606824331087,FALSE,316,31,17,"GroupFilter=TRUE;MinGroup=10;Top=TRUE;TopPct=0.05;Bottom=FALSE;BottomPct=0.05"
"XTEBUTHIURON","Unemployed",0.237745990181441,FALSE,316,31,17,"GroupFilter=TRUE;MinGroup=10;Top=TRUE;TopPct=0.05;Bottom=FALSE;BottomPct=0.05"
"XTEBUTHIURON","Working_class",0.288234663341593,FALSE,316,31,17,"GroupFilter=TRUE;MinGroup=10;Top=TRUE;TopPct=0.05;Bottom=FALSE;BottomPct=0.05"
"XTEFLUTHRIN","Education.index",0.549568579162306,FALSE,1372,73,21,"GroupFilter=TRUE;MinGroup=10;Top=TRUE;TopPct=0.05;Bottom=FALSE;BottomPct=0.05"
"XTEFLUTHRIN","Income",0.98914387830474,FALSE,1372,73,21,"GroupFilter=TRUE;MinGroup=10;Top=TRUE;TopPct=0.05;Bottom=FALSE;BottomPct=0.05"
"XTEFLUTHRIN","home_value",0.651049635079204,FALSE,1372,73,21,"GroupFilter=TRUE;MinGroup=10;Top=TRUE;TopPct=0.05;Bottom=FALSE;BottomPct=0.05"
"XTEFLUTHRIN","rent",0.192801736987189,FALSE,1372,73,21,"GroupFilter=TRUE;MinGroup=10;Top=TRUE;TopPct=0.05;Bottom=FALSE;BottomPct=0.05"
"XTEFLUTHRIN","Poverty_150",0.343569241459053,FALSE,1372,73,21,"GroupFilter=TRUE;MinGroup=10;Top=TRUE;TopPct=0.05;Bottom=FALSE;BottomPct=0.05"
"XTEFLUTHRIN","Unemployed",0.406851741449901,FALSE,1372,73,21,"GroupFilter=TRUE;MinGroup=10;Top=TRUE;TopPct=0.05;Bottom=FALSE;BottomPct=0.05"
"XTEFLUTHRIN","Working_class",0.849455232242046,FALSE,1372,73,21,"GroupFilter=TRUE;MinGroup=10;Top=TRUE;TopPct=0.05;Bottom=FALSE;BottomPct=0.05"
"XTERBACIL","Education.index",0.0927266685755902,FALSE,860,54,21,"GroupFilter=TRUE;MinGroup=10;Top=TRUE;TopPct=0.05;Bottom=FALSE;BottomPct=0.05"
"XTERBACIL","Income",0.741348837228975,FALSE,860,54,21,"GroupFilter=TRUE;MinGroup=10;Top=TRUE;TopPct=0.05;Bottom=FALSE;BottomPct=0.05"
"XTERBACIL","home_value",0.106238725519606,FALSE,860,54,21,"GroupFilter=TRUE;MinGroup=10;Top=TRUE;TopPct=0.05;Bottom=FALSE;BottomPct=0.05"
"XTERBACIL","rent",0.0330179983571772,TRUE,860,54,21,"GroupFilter=TRUE;MinGroup=10;Top=TRUE;TopPct=0.05;Bottom=FALSE;BottomPct=0.05"
"XTERBACIL","Poverty_150",0.367056727243804,FALSE,860,54,21,"GroupFilter=TRUE;MinGroup=10;Top=TRUE;TopPct=0.05;Bottom=FALSE;BottomPct=0.05"
"XTERBACIL","Unemployed",0.017464365864085,TRUE,860,54,21,"GroupFilter=TRUE;MinGroup=10;Top=TRUE;TopPct=0.05;Bottom=FALSE;BottomPct=0.05"
"XTERBACIL","Working_class",0.485032097824812,FALSE,860,54,21,"GroupFilter=TRUE;MinGroup=10;Top=TRUE;TopPct=0.05;Bottom=FALSE;BottomPct=0.05"
"XTERBUFOS","Education.index",0.0306443025192068,TRUE,1527,87,21,"GroupFilter=TRUE;MinGroup=10;Top=TRUE;TopPct=0.05;Bottom=FALSE;BottomPct=0.05"
"XTERBUFOS","Income",0.685725763016122,FALSE,1527,87,21,"GroupFilter=TRUE;MinGroup=10;Top=TRUE;TopPct=0.05;Bottom=FALSE;BottomPct=0.05"
"XTERBUFOS","home_value",0.454061990696594,FALSE,1527,87,21,"GroupFilter=TRUE;MinGroup=10;Top=TRUE;TopPct=0.05;Bottom=FALSE;BottomPct=0.05"
"XTERBUFOS","rent",0.148347614554373,FALSE,1527,87,21,"GroupFilter=TRUE;MinGroup=10;Top=TRUE;TopPct=0.05;Bottom=FALSE;BottomPct=0.05"
"XTERBUFOS","Poverty_150",0.90483288958204,FALSE,1527,87,21,"GroupFilter=TRUE;MinGroup=10;Top=TRUE;TopPct=0.05;Bottom=FALSE;BottomPct=0.05"
"XTERBUFOS","Unemployed",0.608198023244,FALSE,1527,87,21,"GroupFilter=TRUE;MinGroup=10;Top=TRUE;TopPct=0.05;Bottom=FALSE;BottomPct=0.05"
"XTERBUFOS","Working_class",0.490329776217404,FALSE,1527,87,21,"GroupFilter=TRUE;MinGroup=10;Top=TRUE;TopPct=0.05;Bottom=FALSE;BottomPct=0.05"
"XTHIDIAZURON","Education.index",0.759622578855209,FALSE,90,5,20,"GroupFilter=TRUE;MinGroup=10;Top=TRUE;TopPct=0.05;Bottom=FALSE;BottomPct=0.05"
"XTHIDIAZURON","Income",0.0767334022075949,FALSE,90,5,20,"GroupFilter=TRUE;MinGroup=10;Top=TRUE;TopPct=0.05;Bottom=FALSE;BottomPct=0.05"
"XTHIDIAZURON","home_value",0.0458263531618342,TRUE,90,5,20,"GroupFilter=TRUE;MinGroup=10;Top=TRUE;TopPct=0.05;Bottom=FALSE;BottomPct=0.05"
"XTHIDIAZURON","rent",0.00266632596614673,TRUE,90,5,20,"GroupFilter=TRUE;MinGroup=10;Top=TRUE;TopPct=0.05;Bottom=FALSE;BottomPct=0.05"
"XTHIDIAZURON","Poverty_150",0.00286108704872712,TRUE,90,5,20,"GroupFilter=TRUE;MinGroup=10;Top=TRUE;TopPct=0.05;Bottom=FALSE;BottomPct=0.05"
"XTHIDIAZURON","Unemployed",0.310281098915344,FALSE,90,5,20,"GroupFilter=TRUE;MinGroup=10;Top=TRUE;TopPct=0.05;Bottom=FALSE;BottomPct=0.05"
"XTHIDIAZURON","Working_class",0.0266068605799426,TRUE,90,5,20,"GroupFilter=TRUE;MinGroup=10;Top=TRUE;TopPct=0.05;Bottom=FALSE;BottomPct=0.05"
"XTHIFENSULFURON","Education.index",0.00130641573331282,TRUE,1624,87,21,"GroupFilter=TRUE;MinGroup=10;Top=TRUE;TopPct=0.05;Bottom=FALSE;BottomPct=0.05"
"XTHIFENSULFURON","Income",0.34724651075833,FALSE,1624,87,21,"GroupFilter=TRUE;MinGroup=10;Top=TRUE;TopPct=0.05;Bottom=FALSE;BottomPct=0.05"
"XTHIFENSULFURON","home_value",0.119688439421543,FALSE,1624,87,21,"GroupFilter=TRUE;MinGroup=10;Top=TRUE;TopPct=0.05;Bottom=FALSE;BottomPct=0.05"
"XTHIFENSULFURON","rent",0.0333866755065627,TRUE,1624,87,21,"GroupFilter=TRUE;MinGroup=10;Top=TRUE;TopPct=0.05;Bottom=FALSE;BottomPct=0.05"
"XTHIFENSULFURON","Poverty_150",0.820527010746741,FALSE,1624,87,21,"GroupFilter=TRUE;MinGroup=10;Top=TRUE;TopPct=0.05;Bottom=FALSE;BottomPct=0.05"
"XTHIFENSULFURON","Unemployed",0.356025223426165,FALSE,1624,87,21,"GroupFilter=TRUE;MinGroup=10;Top=TRUE;TopPct=0.05;Bottom=FALSE;BottomPct=0.05"
"XTHIFENSULFURON","Working_class",0.484745069798993,FALSE,1624,87,21,"GroupFilter=TRUE;MinGroup=10;Top=TRUE;TopPct=0.05;Bottom=FALSE;BottomPct=0.05"
"XTHIODICARB","Education.index",0.0101117848151455,TRUE,201,12,21,"GroupFilter=TRUE;MinGroup=10;Top=TRUE;TopPct=0.05;Bottom=FALSE;BottomPct=0.05"
"XTHIODICARB","Income",0.0042178414322138,TRUE,201,12,21,"GroupFilter=TRUE;MinGroup=10;Top=TRUE;TopPct=0.05;Bottom=FALSE;BottomPct=0.05"
"XTHIODICARB","home_value",0.118263262829787,FALSE,201,12,21,"GroupFilter=TRUE;MinGroup=10;Top=TRUE;TopPct=0.05;Bottom=FALSE;BottomPct=0.05"
"XTHIODICARB","rent",0.0805765319708432,FALSE,201,12,21,"GroupFilter=TRUE;MinGroup=10;Top=TRUE;TopPct=0.05;Bottom=FALSE;BottomPct=0.05"
"XTHIODICARB","Poverty_150",0.00111194315297314,TRUE,201,12,21,"GroupFilter=TRUE;MinGroup=10;Top=TRUE;TopPct=0.05;Bottom=FALSE;BottomPct=0.05"
"XTHIODICARB","Unemployed",0.282773510414219,FALSE,201,12,21,"GroupFilter=TRUE;MinGroup=10;Top=TRUE;TopPct=0.05;Bottom=FALSE;BottomPct=0.05"
"XTHIODICARB","Working_class",0.0211747964048933,TRUE,201,12,21,"GroupFilter=TRUE;MinGroup=10;Top=TRUE;TopPct=0.05;Bottom=FALSE;BottomPct=0.05"
"XTHIOPHANATEMETHYL","Education.index",0.0208121093278109,TRUE,1285,71,21,"GroupFilter=TRUE;MinGroup=10;Top=TRUE;TopPct=0.05;Bottom=FALSE;BottomPct=0.05"
"XTHIOPHANATEMETHYL","Income",0.313103903817084,FALSE,1285,71,21,"GroupFilter=TRUE;MinGroup=10;Top=TRUE;TopPct=0.05;Bottom=FALSE;BottomPct=0.05"
"XTHIOPHANATEMETHYL","home_value",0.0256716020252873,TRUE,1285,71,21,"GroupFilter=TRUE;MinGroup=10;Top=TRUE;TopPct=0.05;Bottom=FALSE;BottomPct=0.05"
"XTHIOPHANATEMETHYL","rent",0.00768583402904583,TRUE,1285,71,21,"GroupFilter=TRUE;MinGroup=10;Top=TRUE;TopPct=0.05;Bottom=FALSE;BottomPct=0.05"
"XTHIOPHANATEMETHYL","Poverty_150",0.414500961261116,FALSE,1285,71,21,"GroupFilter=TRUE;MinGroup=10;Top=TRUE;TopPct=0.05;Bottom=FALSE;BottomPct=0.05"
"XTHIOPHANATEMETHYL","Unemployed",0.18150959920376,FALSE,1285,71,21,"GroupFilter=TRUE;MinGroup=10;Top=TRUE;TopPct=0.05;Bottom=FALSE;BottomPct=0.05"
"XTHIOPHANATEMETHYL","Working_class",0.0347772641327443,TRUE,1285,71,21,"GroupFilter=TRUE;MinGroup=10;Top=TRUE;TopPct=0.05;Bottom=FALSE;BottomPct=0.05"
"XTHIRAM","Education.index",0.023764401429024,TRUE,390,30,21,"GroupFilter=TRUE;MinGroup=10;Top=TRUE;TopPct=0.05;Bottom=FALSE;BottomPct=0.05"
"XTHIRAM","Income",0.394760673173958,FALSE,390,30,21,"GroupFilter=TRUE;MinGroup=10;Top=TRUE;TopPct=0.05;Bottom=FALSE;BottomPct=0.05"
"XTHIRAM","home_value",0.202058044583575,FALSE,390,30,21,"GroupFilter=TRUE;MinGroup=10;Top=TRUE;TopPct=0.05;Bottom=FALSE;BottomPct=0.05"
"XTHIRAM","rent",0.0841532875584745,FALSE,390,30,21,"GroupFilter=TRUE;MinGroup=10;Top=TRUE;TopPct=0.05;Bottom=FALSE;BottomPct=0.05"
"XTHIRAM","Poverty_150",0.561936889621582,FALSE,390,30,21,"GroupFilter=TRUE;MinGroup=10;Top=TRUE;TopPct=0.05;Bottom=FALSE;BottomPct=0.05"
"XTHIRAM","Unemployed",0.166223032024538,FALSE,390,30,21,"GroupFilter=TRUE;MinGroup=10;Top=TRUE;TopPct=0.05;Bottom=FALSE;BottomPct=0.05"
"XTHIRAM","Working_class",0.295809781575551,FALSE,390,30,21,"GroupFilter=TRUE;MinGroup=10;Top=TRUE;TopPct=0.05;Bottom=FALSE;BottomPct=0.05"
"XTRIALLATE","Education.index",0.374115277688547,FALSE,381,21,21,"GroupFilter=TRUE;MinGroup=10;Top=TRUE;TopPct=0.05;Bottom=FALSE;BottomPct=0.05"
"XTRIALLATE","Income",0.450838276705726,FALSE,381,21,21,"GroupFilter=TRUE;MinGroup=10;Top=TRUE;TopPct=0.05;Bottom=FALSE;BottomPct=0.05"
"XTRIALLATE","home_value",0.223572174042569,FALSE,381,21,21,"GroupFilter=TRUE;MinGroup=10;Top=TRUE;TopPct=0.05;Bottom=FALSE;BottomPct=0.05"
"XTRIALLATE","rent",0.0728631384360613,FALSE,381,21,21,"GroupFilter=TRUE;MinGroup=10;Top=TRUE;TopPct=0.05;Bottom=FALSE;BottomPct=0.05"
"XTRIALLATE","Poverty_150",0.702784896894126,FALSE,381,21,21,"GroupFilter=TRUE;MinGroup=10;Top=TRUE;TopPct=0.05;Bottom=FALSE;BottomPct=0.05"
"XTRIALLATE","Unemployed",0.0976094893975459,FALSE,381,21,21,"GroupFilter=TRUE;MinGroup=10;Top=TRUE;TopPct=0.05;Bottom=FALSE;BottomPct=0.05"
"XTRIALLATE","Working_class",0.779855533032692,FALSE,381,21,21,"GroupFilter=TRUE;MinGroup=10;Top=TRUE;TopPct=0.05;Bottom=FALSE;BottomPct=0.05"
"XTRIADIMEFON","Education.index",0.43460270614965,FALSE,387,26,20,"GroupFilter=TRUE;MinGroup=10;Top=TRUE;TopPct=0.05;Bottom=FALSE;BottomPct=0.05"
"XTRIADIMEFON","Income",0.729332250420373,FALSE,387,26,20,"GroupFilter=TRUE;MinGroup=10;Top=TRUE;TopPct=0.05;Bottom=FALSE;BottomPct=0.05"
"XTRIADIMEFON","home_value",0.452736706805995,FALSE,387,26,20,"GroupFilter=TRUE;MinGroup=10;Top=TRUE;TopPct=0.05;Bottom=FALSE;BottomPct=0.05"
"XTRIADIMEFON","rent",0.222272196970597,FALSE,387,26,20,"GroupFilter=TRUE;MinGroup=10;Top=TRUE;TopPct=0.05;Bottom=FALSE;BottomPct=0.05"
"XTRIADIMEFON","Poverty_150",0.533691696060628,FALSE,387,26,20,"GroupFilter=TRUE;MinGroup=10;Top=TRUE;TopPct=0.05;Bottom=FALSE;BottomPct=0.05"
"XTRIADIMEFON","Unemployed",0.0443475614569289,TRUE,387,26,20,"GroupFilter=TRUE;MinGroup=10;Top=TRUE;TopPct=0.05;Bottom=FALSE;BottomPct=0.05"
"XTRIADIMEFON","Working_class",0.64119400354407,FALSE,387,26,20,"GroupFilter=TRUE;MinGroup=10;Top=TRUE;TopPct=0.05;Bottom=FALSE;BottomPct=0.05"
"XTRIASULFURON","Education.index",0.73691126970655,FALSE,379,24,21,"GroupFilter=TRUE;MinGroup=10;Top=TRUE;TopPct=0.05;Bottom=FALSE;BottomPct=0.05"
"XTRIASULFURON","Income",0.606595706571312,FALSE,379,24,21,"GroupFilter=TRUE;MinGroup=10;Top=TRUE;TopPct=0.05;Bottom=FALSE;BottomPct=0.05"
"XTRIASULFURON","home_value",0.375543300746992,FALSE,379,24,21,"GroupFilter=TRUE;MinGroup=10;Top=TRUE;TopPct=0.05;Bottom=FALSE;BottomPct=0.05"
"XTRIASULFURON","rent",0.175700712113795,FALSE,379,24,21,"GroupFilter=TRUE;MinGroup=10;Top=TRUE;TopPct=0.05;Bottom=FALSE;BottomPct=0.05"
"XTRIASULFURON","Poverty_150",0.529476553786543,FALSE,379,24,21,"GroupFilter=TRUE;MinGroup=10;Top=TRUE;TopPct=0.05;Bottom=FALSE;BottomPct=0.05"
"XTRIASULFURON","Unemployed",0.524420025673048,FALSE,379,24,21,"GroupFilter=TRUE;MinGroup=10;Top=TRUE;TopPct=0.05;Bottom=FALSE;BottomPct=0.05"
"XTRIASULFURON","Working_class",0.879312284772122,FALSE,379,24,21,"GroupFilter=TRUE;MinGroup=10;Top=TRUE;TopPct=0.05;Bottom=FALSE;BottomPct=0.05"
"XTRIBENURONMETHYL","Education.index",0.0105761984493679,TRUE,1271,74,21,"GroupFilter=TRUE;MinGroup=10;Top=TRUE;TopPct=0.05;Bottom=FALSE;BottomPct=0.05"
"XTRIBENURONMETHYL","Income",0.465096991823772,FALSE,1271,74,21,"GroupFilter=TRUE;MinGroup=10;Top=TRUE;TopPct=0.05;Bottom=FALSE;BottomPct=0.05"
"XTRIBENURONMETHYL","home_value",0.162909350747504,FALSE,1271,74,21,"GroupFilter=TRUE;MinGroup=10;Top=TRUE;TopPct=0.05;Bottom=FALSE;BottomPct=0.05"
"XTRIBENURONMETHYL","rent",0.0443441727717475,TRUE,1271,74,21,"GroupFilter=TRUE;MinGroup=10;Top=TRUE;TopPct=0.05;Bottom=FALSE;BottomPct=0.05"
"XTRIBENURONMETHYL","Poverty_150",0.967058094176111,FALSE,1271,74,21,"GroupFilter=TRUE;MinGroup=10;Top=TRUE;TopPct=0.05;Bottom=FALSE;BottomPct=0.05"
"XTRIBENURONMETHYL","Unemployed",0.779256980167573,FALSE,1271,74,21,"GroupFilter=TRUE;MinGroup=10;Top=TRUE;TopPct=0.05;Bottom=FALSE;BottomPct=0.05"
"XTRIBENURONMETHYL","Working_class",0.413760186654504,FALSE,1271,74,21,"GroupFilter=TRUE;MinGroup=10;Top=TRUE;TopPct=0.05;Bottom=FALSE;BottomPct=0.05"
"XTRIBUFOS","Education.index",0.645384703353663,FALSE,95,5,21,"GroupFilter=TRUE;MinGroup=10;Top=TRUE;TopPct=0.05;Bottom=FALSE;BottomPct=0.05"
"XTRIBUFOS","Income",0.0342122534596914,TRUE,95,5,21,"GroupFilter=TRUE;MinGroup=10;Top=TRUE;TopPct=0.05;Bottom=FALSE;BottomPct=0.05"
"XTRIBUFOS","home_value",0.0629277280341546,FALSE,95,5,21,"GroupFilter=TRUE;MinGroup=10;Top=TRUE;TopPct=0.05;Bottom=FALSE;BottomPct=0.05"
"XTRIBUFOS","rent",0.00353749527564107,TRUE,95,5,21,"GroupFilter=TRUE;MinGroup=10;Top=TRUE;TopPct=0.05;Bottom=FALSE;BottomPct=0.05"
"XTRIBUFOS","Poverty_150",0.00478392984221391,TRUE,95,5,21,"GroupFilter=TRUE;MinGroup=10;Top=TRUE;TopPct=0.05;Bottom=FALSE;BottomPct=0.05"
"XTRIBUFOS","Unemployed",0.119357245548584,FALSE,95,5,21,"GroupFilter=TRUE;MinGroup=10;Top=TRUE;TopPct=0.05;Bottom=FALSE;BottomPct=0.05"
"XTRIBUFOS","Working_class",0.0418552745984189,TRUE,95,5,21,"GroupFilter=TRUE;MinGroup=10;Top=TRUE;TopPct=0.05;Bottom=FALSE;BottomPct=0.05"
"XTRICLOPYR","Education.index",0.0119515310721498,TRUE,1885,103,21,"GroupFilter=TRUE;MinGroup=10;Top=TRUE;TopPct=0.05;Bottom=FALSE;BottomPct=0.05"
"XTRICLOPYR","Income",0.726404695798363,FALSE,1885,103,21,"GroupFilter=TRUE;MinGroup=10;Top=TRUE;TopPct=0.05;Bottom=FALSE;BottomPct=0.05"
"XTRICLOPYR","home_value",0.097547082765272,FALSE,1885,103,21,"GroupFilter=TRUE;MinGroup=10;Top=TRUE;TopPct=0.05;Bottom=FALSE;BottomPct=0.05"
"XTRICLOPYR","rent",0.00688996947006539,TRUE,1885,103,21,"GroupFilter=TRUE;MinGroup=10;Top=TRUE;TopPct=0.05;Bottom=FALSE;BottomPct=0.05"
"XTRICLOPYR","Poverty_150",0.171771048899145,FALSE,1885,103,21,"GroupFilter=TRUE;MinGroup=10;Top=TRUE;TopPct=0.05;Bottom=FALSE;BottomPct=0.05"
"XTRICLOPYR","Unemployed",0.0680890771542706,FALSE,1885,103,21,"GroupFilter=TRUE;MinGroup=10;Top=TRUE;TopPct=0.05;Bottom=FALSE;BottomPct=0.05"
"XTRICLOPYR","Working_class",0.493267599551219,FALSE,1885,103,21,"GroupFilter=TRUE;MinGroup=10;Top=TRUE;TopPct=0.05;Bottom=FALSE;BottomPct=0.05"
"XTRIFLURALIN","Education.index",0.0105750897344202,TRUE,2001,103,21,"GroupFilter=TRUE;MinGroup=10;Top=TRUE;TopPct=0.05;Bottom=FALSE;BottomPct=0.05"
"XTRIFLURALIN","Income",0.744138368693849,FALSE,2001,103,21,"GroupFilter=TRUE;MinGroup=10;Top=TRUE;TopPct=0.05;Bottom=FALSE;BottomPct=0.05"
"XTRIFLURALIN","home_value",0.172553857137599,FALSE,2001,103,21,"GroupFilter=TRUE;MinGroup=10;Top=TRUE;TopPct=0.05;Bottom=FALSE;BottomPct=0.05"
"XTRIFLURALIN","rent",0.0352967436016858,TRUE,2001,103,21,"GroupFilter=TRUE;MinGroup=10;Top=TRUE;TopPct=0.05;Bottom=FALSE;BottomPct=0.05"
"XTRIFLURALIN","Poverty_150",0.618764155655661,FALSE,2001,103,21,"GroupFilter=TRUE;MinGroup=10;Top=TRUE;TopPct=0.05;Bottom=FALSE;BottomPct=0.05"
"XTRIFLURALIN","Unemployed",0.868843475758959,FALSE,2001,103,21,"GroupFilter=TRUE;MinGroup=10;Top=TRUE;TopPct=0.05;Bottom=FALSE;BottomPct=0.05"
"XTRIFLURALIN","Working_class",0.282962149893926,FALSE,2001,103,21,"GroupFilter=TRUE;MinGroup=10;Top=TRUE;TopPct=0.05;Bottom=FALSE;BottomPct=0.05"
"XVINCLOZOLIN","Education.index",0.805277103189344,FALSE,177,13,16,"GroupFilter=TRUE;MinGroup=10;Top=TRUE;TopPct=0.05;Bottom=FALSE;BottomPct=0.05"
"XVINCLOZOLIN","Income",0.649338662499107,FALSE,177,13,16,"GroupFilter=TRUE;MinGroup=10;Top=TRUE;TopPct=0.05;Bottom=FALSE;BottomPct=0.05"
"XVINCLOZOLIN","home_value",0.877527096261624,FALSE,177,13,16,"GroupFilter=TRUE;MinGroup=10;Top=TRUE;TopPct=0.05;Bottom=FALSE;BottomPct=0.05"
"XVINCLOZOLIN","rent",0.80061242970345,FALSE,177,13,16,"GroupFilter=TRUE;MinGroup=10;Top=TRUE;TopPct=0.05;Bottom=FALSE;BottomPct=0.05"
"XVINCLOZOLIN","Poverty_150",0.777381786253023,FALSE,177,13,16,"GroupFilter=TRUE;MinGroup=10;Top=TRUE;TopPct=0.05;Bottom=FALSE;BottomPct=0.05"
"XVINCLOZOLIN","Unemployed",0.606110601740706,FALSE,177,13,16,"GroupFilter=TRUE;MinGroup=10;Top=TRUE;TopPct=0.05;Bottom=FALSE;BottomPct=0.05"
"XVINCLOZOLIN","Working_class",0.448596240135605,FALSE,177,13,16,"GroupFilter=TRUE;MinGroup=10;Top=TRUE;TopPct=0.05;Bottom=FALSE;BottomPct=0.05"
"XZETACYPERMETHRIN","Education.index",0.0114051929603909,TRUE,1071,93,21,"GroupFilter=TRUE;MinGroup=10;Top=TRUE;TopPct=0.05;Bottom=FALSE;BottomPct=0.05"
"XZETACYPERMETHRIN","Income",0.0660232459128115,FALSE,1071,93,21,"GroupFilter=TRUE;MinGroup=10;Top=TRUE;TopPct=0.05;Bottom=FALSE;BottomPct=0.05"
"XZETACYPERMETHRIN","home_value",0.247967823955017,FALSE,1071,93,21,"GroupFilter=TRUE;MinGroup=10;Top=TRUE;TopPct=0.05;Bottom=FALSE;BottomPct=0.05"
"XZETACYPERMETHRIN","rent",0.0427057233463021,TRUE,1071,93,21,"GroupFilter=TRUE;MinGroup=10;Top=TRUE;TopPct=0.05;Bottom=FALSE;BottomPct=0.05"
"XZETACYPERMETHRIN","Poverty_150",0.100332730726711,FALSE,1071,93,21,"GroupFilter=TRUE;MinGroup=10;Top=TRUE;TopPct=0.05;Bottom=FALSE;BottomPct=0.05"
"XZETACYPERMETHRIN","Unemployed",0.133774504719228,FALSE,1071,93,21,"GroupFilter=TRUE;MinGroup=10;Top=TRUE;TopPct=0.05;Bottom=FALSE;BottomPct=0.05"
"XZETACYPERMETHRIN","Working_class",0.231844176855555,FALSE,1071,93,21,"GroupFilter=TRUE;MinGroup=10;Top=TRUE;TopPct=0.05;Bottom=FALSE;BottomPct=0.05"
"XZINC","Education.index",0.0254934267048591,TRUE,244,17,20,"GroupFilter=TRUE;MinGroup=10;Top=TRUE;TopPct=0.05;Bottom=FALSE;BottomPct=0.05"
"XZINC","Income",0.603505291812393,FALSE,244,17,20,"GroupFilter=TRUE;MinGroup=10;Top=TRUE;TopPct=0.05;Bottom=FALSE;BottomPct=0.05"
"XZINC","home_value",0.0493969161414031,TRUE,244,17,20,"GroupFilter=TRUE;MinGroup=10;Top=TRUE;TopPct=0.05;Bottom=FALSE;BottomPct=0.05"
"XZINC","rent",0.403220883209024,FALSE,244,17,20,"GroupFilter=TRUE;MinGroup=10;Top=TRUE;TopPct=0.05;Bottom=FALSE;BottomPct=0.05"
"XZINC","Poverty_150",0.258552501613815,FALSE,244,17,20,"GroupFilter=TRUE;MinGroup=10;Top=TRUE;TopPct=0.05;Bottom=FALSE;BottomPct=0.05"
"XZINC","Unemployed",0.738943234375424,FALSE,244,17,20,"GroupFilter=TRUE;MinGroup=10;Top=TRUE;TopPct=0.05;Bottom=FALSE;BottomPct=0.05"
"XZINC","Working_class",0.156202947512447,FALSE,244,17,20,"GroupFilter=TRUE;MinGroup=10;Top=TRUE;TopPct=0.05;Bottom=FALSE;BottomPct=0.05"
"XZIRAM","Education.index",0.012093238441057,TRUE,1037,55,21,"GroupFilter=TRUE;MinGroup=10;Top=TRUE;TopPct=0.05;Bottom=FALSE;BottomPct=0.05"
"XZIRAM","Income",0.151129343108944,FALSE,1037,55,21,"GroupFilter=TRUE;MinGroup=10;Top=TRUE;TopPct=0.05;Bottom=FALSE;BottomPct=0.05"
"XZIRAM","home_value",0.249126779334136,FALSE,1037,55,21,"GroupFilter=TRUE;MinGroup=10;Top=TRUE;TopPct=0.05;Bottom=FALSE;BottomPct=0.05"
"XZIRAM","rent",0.0494761352380755,TRUE,1037,55,21,"GroupFilter=TRUE;MinGroup=10;Top=TRUE;TopPct=0.05;Bottom=FALSE;BottomPct=0.05"
"XZIRAM","Poverty_150",0.224210282712143,FALSE,1037,55,21,"GroupFilter=TRUE;MinGroup=10;Top=TRUE;TopPct=0.05;Bottom=FALSE;BottomPct=0.05"
"XZIRAM","Unemployed",0.827278179202541,FALSE,1037,55,21,"GroupFilter=TRUE;MinGroup=10;Top=TRUE;TopPct=0.05;Bottom=FALSE;BottomPct=0.05"
"XZIRAM","Working_class",0.287192381448926,FALSE,1037,55,21,"GroupFilter=TRUE;MinGroup=10;Top=TRUE;TopPct=0.05;Bottom=FALSE;BottomPct=0.05"
"XDIMETHENAMID","Education.index",0.148647854823268,FALSE,1554,98,20,"GroupFilter=TRUE;MinGroup=10;Top=TRUE;TopPct=0.05;Bottom=FALSE;BottomPct=0.05"
"XDIMETHENAMID","Income",0.851310294383697,FALSE,1554,98,20,"GroupFilter=TRUE;MinGroup=10;Top=TRUE;TopPct=0.05;Bottom=FALSE;BottomPct=0.05"
"XDIMETHENAMID","home_value",0.866881813387944,FALSE,1554,98,20,"GroupFilter=TRUE;MinGroup=10;Top=TRUE;TopPct=0.05;Bottom=FALSE;BottomPct=0.05"
"XDIMETHENAMID","rent",0.238815843270065,FALSE,1554,98,20,"GroupFilter=TRUE;MinGroup=10;Top=TRUE;TopPct=0.05;Bottom=FALSE;BottomPct=0.05"
"XDIMETHENAMID","Poverty_150",0.850920950903449,FALSE,1554,98,20,"GroupFilter=TRUE;MinGroup=10;Top=TRUE;TopPct=0.05;Bottom=FALSE;BottomPct=0.05"
"XDIMETHENAMID","Unemployed",0.524170220320502,FALSE,1554,98,20,"GroupFilter=TRUE;MinGroup=10;Top=TRUE;TopPct=0.05;Bottom=FALSE;BottomPct=0.05"
"XDIMETHENAMID","Working_class",0.933681999440759,FALSE,1554,98,20,"GroupFilter=TRUE;MinGroup=10;Top=TRUE;TopPct=0.05;Bottom=FALSE;BottomPct=0.05"
"XFENBUCONAZOLE","Education.index",0.00934848016806277,TRUE,359,24,18,"GroupFilter=TRUE;MinGroup=10;Top=TRUE;TopPct=0.05;Bottom=FALSE;BottomPct=0.05"
"XFENBUCONAZOLE","Income",0.0978189488074028,FALSE,359,24,18,"GroupFilter=TRUE;MinGroup=10;Top=TRUE;TopPct=0.05;Bottom=FALSE;BottomPct=0.05"
"XFENBUCONAZOLE","home_value",0.114149494550051,FALSE,359,24,18,"GroupFilter=TRUE;MinGroup=10;Top=TRUE;TopPct=0.05;Bottom=FALSE;BottomPct=0.05"
"XFENBUCONAZOLE","rent",0.265178491494707,FALSE,359,24,18,"GroupFilter=TRUE;MinGroup=10;Top=TRUE;TopPct=0.05;Bottom=FALSE;BottomPct=0.05"
"XFENBUCONAZOLE","Poverty_150",0.00103180278829374,TRUE,359,24,18,"GroupFilter=TRUE;MinGroup=10;Top=TRUE;TopPct=0.05;Bottom=FALSE;BottomPct=0.05"
"XFENBUCONAZOLE","Unemployed",0.701323522037765,FALSE,359,24,18,"GroupFilter=TRUE;MinGroup=10;Top=TRUE;TopPct=0.05;Bottom=FALSE;BottomPct=0.05"
"XFENBUCONAZOLE","Working_class",0.235754959507919,FALSE,359,24,18,"GroupFilter=TRUE;MinGroup=10;Top=TRUE;TopPct=0.05;Bottom=FALSE;BottomPct=0.05"
"XFLUMETSULAM","Education.index",0.625118014347125,FALSE,1121,63,19,"GroupFilter=TRUE;MinGroup=10;Top=TRUE;TopPct=0.05;Bottom=FALSE;BottomPct=0.05"
"XFLUMETSULAM","Income",0.595958270644092,FALSE,1121,63,19,"GroupFilter=TRUE;MinGroup=10;Top=TRUE;TopPct=0.05;Bottom=FALSE;BottomPct=0.05"
"XFLUMETSULAM","home_value",0.536382152817231,FALSE,1121,63,19,"GroupFilter=TRUE;MinGroup=10;Top=TRUE;TopPct=0.05;Bottom=FALSE;BottomPct=0.05"
"XFLUMETSULAM","rent",0.629399737480099,FALSE,1121,63,19,"GroupFilter=TRUE;MinGroup=10;Top=TRUE;TopPct=0.05;Bottom=FALSE;BottomPct=0.05"
"XFLUMETSULAM","Poverty_150",0.597649166384149,FALSE,1121,63,19,"GroupFilter=TRUE;MinGroup=10;Top=TRUE;TopPct=0.05;Bottom=FALSE;BottomPct=0.05"
"XFLUMETSULAM","Unemployed",0.309424145657805,FALSE,1121,63,19,"GroupFilter=TRUE;MinGroup=10;Top=TRUE;TopPct=0.05;Bottom=FALSE;BottomPct=0.05"
"XFLUMETSULAM","Working_class",0.743168357669688,FALSE,1121,63,19,"GroupFilter=TRUE;MinGroup=10;Top=TRUE;TopPct=0.05;Bottom=FALSE;BottomPct=0.05"
"XHALOSULFURON","Education.index",0.683968504138154,FALSE,1115,68,18,"GroupFilter=TRUE;MinGroup=10;Top=TRUE;TopPct=0.05;Bottom=FALSE;BottomPct=0.05"
"XHALOSULFURON","Income",0.74722880364133,FALSE,1115,68,18,"GroupFilter=TRUE;MinGroup=10;Top=TRUE;TopPct=0.05;Bottom=FALSE;BottomPct=0.05"
"XHALOSULFURON","home_value",0.814641902155494,FALSE,1115,68,18,"GroupFilter=TRUE;MinGroup=10;Top=TRUE;TopPct=0.05;Bottom=FALSE;BottomPct=0.05"
"XHALOSULFURON","rent",0.233014761046105,FALSE,1115,68,18,"GroupFilter=TRUE;MinGroup=10;Top=TRUE;TopPct=0.05;Bottom=FALSE;BottomPct=0.05"
"XHALOSULFURON","Poverty_150",0.481416833483402,FALSE,1115,68,18,"GroupFilter=TRUE;MinGroup=10;Top=TRUE;TopPct=0.05;Bottom=FALSE;BottomPct=0.05"
"XHALOSULFURON","Unemployed",0.980430569466059,FALSE,1115,68,18,"GroupFilter=TRUE;MinGroup=10;Top=TRUE;TopPct=0.05;Bottom=FALSE;BottomPct=0.05"
"XHALOSULFURON","Working_class",0.537578077803546,FALSE,1115,68,18,"GroupFilter=TRUE;MinGroup=10;Top=TRUE;TopPct=0.05;Bottom=FALSE;BottomPct=0.05"
"XPROPAMOCARBHCL","Education.index",0.810039026863325,FALSE,83,8,11,"GroupFilter=TRUE;MinGroup=10;Top=TRUE;TopPct=0.05;Bottom=FALSE;BottomPct=0.05"
"XPROPAMOCARBHCL","Income",0.35606561805457,FALSE,83,8,11,"GroupFilter=TRUE;MinGroup=10;Top=TRUE;TopPct=0.05;Bottom=FALSE;BottomPct=0.05"
"XPROPAMOCARBHCL","home_value",0.0604253497879175,FALSE,83,8,11,"GroupFilter=TRUE;MinGroup=10;Top=TRUE;TopPct=0.05;Bottom=FALSE;BottomPct=0.05"
"XPROPAMOCARBHCL","rent",0.0467170858211326,TRUE,83,8,11,"GroupFilter=TRUE;MinGroup=10;Top=TRUE;TopPct=0.05;Bottom=FALSE;BottomPct=0.05"
"XPROPAMOCARBHCL","Poverty_150",0.81609568999146,FALSE,83,8,11,"GroupFilter=TRUE;MinGroup=10;Top=TRUE;TopPct=0.05;Bottom=FALSE;BottomPct=0.05"
"XPROPAMOCARBHCL","Unemployed",0.238658414602258,FALSE,83,8,11,"GroupFilter=TRUE;MinGroup=10;Top=TRUE;TopPct=0.05;Bottom=FALSE;BottomPct=0.05"
"XPROPAMOCARBHCL","Working_class",0.677335352615089,FALSE,83,8,11,"GroupFilter=TRUE;MinGroup=10;Top=TRUE;TopPct=0.05;Bottom=FALSE;BottomPct=0.05"
"XACETOCHLOR","Education.index",0.0983283093327343,FALSE,1453,87,19,"GroupFilter=TRUE;MinGroup=10;Top=TRUE;TopPct=0.05;Bottom=FALSE;BottomPct=0.05"
"XACETOCHLOR","Income",0.784787590122695,FALSE,1453,87,19,"GroupFilter=TRUE;MinGroup=10;Top=TRUE;TopPct=0.05;Bottom=FALSE;BottomPct=0.05"
"XACETOCHLOR","home_value",0.850185697871673,FALSE,1453,87,19,"GroupFilter=TRUE;MinGroup=10;Top=TRUE;TopPct=0.05;Bottom=FALSE;BottomPct=0.05"
"XACETOCHLOR","rent",0.51977412765096,FALSE,1453,87,19,"GroupFilter=TRUE;MinGroup=10;Top=TRUE;TopPct=0.05;Bottom=FALSE;BottomPct=0.05"
"XACETOCHLOR","Poverty_150",0.914802564835127,FALSE,1453,87,19,"GroupFilter=TRUE;MinGroup=10;Top=TRUE;TopPct=0.05;Bottom=FALSE;BottomPct=0.05"
"XACETOCHLOR","Unemployed",0.237541892109516,FALSE,1453,87,19,"GroupFilter=TRUE;MinGroup=10;Top=TRUE;TopPct=0.05;Bottom=FALSE;BottomPct=0.05"
"XACETOCHLOR","Working_class",0.756598199161442,FALSE,1453,87,19,"GroupFilter=TRUE;MinGroup=10;Top=TRUE;TopPct=0.05;Bottom=FALSE;BottomPct=0.05"
"XIMIDACLOPRID","Education.index",0.00186479985071144,TRUE,1325,80,19,"GroupFilter=TRUE;MinGroup=10;Top=TRUE;TopPct=0.05;Bottom=FALSE;BottomPct=0.05"
"XIMIDACLOPRID","Income",0.173948846678412,FALSE,1325,80,19,"GroupFilter=TRUE;MinGroup=10;Top=TRUE;TopPct=0.05;Bottom=FALSE;BottomPct=0.05"
"XIMIDACLOPRID","home_value",0.0216608070000288,TRUE,1325,80,19,"GroupFilter=TRUE;MinGroup=10;Top=TRUE;TopPct=0.05;Bottom=FALSE;BottomPct=0.05"
"XIMIDACLOPRID","rent",0.00360101643744142,TRUE,1325,80,19,"GroupFilter=TRUE;MinGroup=10;Top=TRUE;TopPct=0.05;Bottom=FALSE;BottomPct=0.05"
"XIMIDACLOPRID","Poverty_150",0.800773483363052,FALSE,1325,80,19,"GroupFilter=TRUE;MinGroup=10;Top=TRUE;TopPct=0.05;Bottom=FALSE;BottomPct=0.05"
"XIMIDACLOPRID","Unemployed",0.50207793213548,FALSE,1325,80,19,"GroupFilter=TRUE;MinGroup=10;Top=TRUE;TopPct=0.05;Bottom=FALSE;BottomPct=0.05"
"XIMIDACLOPRID","Working_class",0.0588941890022878,FALSE,1325,80,19,"GroupFilter=TRUE;MinGroup=10;Top=TRUE;TopPct=0.05;Bottom=FALSE;BottomPct=0.05"
"XTEBUCONAZOLE","Education.index",0.782467732725913,FALSE,282,22,19,"GroupFilter=TRUE;MinGroup=10;Top=TRUE;TopPct=0.05;Bottom=FALSE;BottomPct=0.05"
"XTEBUCONAZOLE","Income",0.882826599860795,FALSE,282,22,19,"GroupFilter=TRUE;MinGroup=10;Top=TRUE;TopPct=0.05;Bottom=FALSE;BottomPct=0.05"
"XTEBUCONAZOLE","home_value",0.571704145081701,FALSE,282,22,19,"GroupFilter=TRUE;MinGroup=10;Top=TRUE;TopPct=0.05;Bottom=FALSE;BottomPct=0.05"
"XTEBUCONAZOLE","rent",0.985725052307552,FALSE,282,22,19,"GroupFilter=TRUE;MinGroup=10;Top=TRUE;TopPct=0.05;Bottom=FALSE;BottomPct=0.05"
"XTEBUCONAZOLE","Poverty_150",0.730515514259435,FALSE,282,22,19,"GroupFilter=TRUE;MinGroup=10;Top=TRUE;TopPct=0.05;Bottom=FALSE;BottomPct=0.05"
"XTEBUCONAZOLE","Unemployed",0.315674239634616,FALSE,282,22,19,"GroupFilter=TRUE;MinGroup=10;Top=TRUE;TopPct=0.05;Bottom=FALSE;BottomPct=0.05"
"XTEBUCONAZOLE","Working_class",0.559403419994106,FALSE,282,22,19,"GroupFilter=TRUE;MinGroup=10;Top=TRUE;TopPct=0.05;Bottom=FALSE;BottomPct=0.05"
"XCYMOXANIL","Education.index",0.000514810385092018,TRUE,398,32,17,"GroupFilter=TRUE;MinGroup=10;Top=TRUE;TopPct=0.05;Bottom=FALSE;BottomPct=0.05"
"XCYMOXANIL","Income",0.169776493153356,FALSE,398,32,17,"GroupFilter=TRUE;MinGroup=10;Top=TRUE;TopPct=0.05;Bottom=FALSE;BottomPct=0.05"
"XCYMOXANIL","home_value",0.118548936426717,FALSE,398,32,17,"GroupFilter=TRUE;MinGroup=10;Top=TRUE;TopPct=0.05;Bottom=FALSE;BottomPct=0.05"
"XCYMOXANIL","rent",0.119978293286369,FALSE,398,32,17,"GroupFilter=TRUE;MinGroup=10;Top=TRUE;TopPct=0.05;Bottom=FALSE;BottomPct=0.05"
"XCYMOXANIL","Poverty_150",0.346206357082131,FALSE,398,32,17,"GroupFilter=TRUE;MinGroup=10;Top=TRUE;TopPct=0.05;Bottom=FALSE;BottomPct=0.05"
"XCYMOXANIL","Unemployed",0.281551763537402,FALSE,398,32,17,"GroupFilter=TRUE;MinGroup=10;Top=TRUE;TopPct=0.05;Bottom=FALSE;BottomPct=0.05"
"XCYMOXANIL","Working_class",0.328233681914925,FALSE,398,32,17,"GroupFilter=TRUE;MinGroup=10;Top=TRUE;TopPct=0.05;Bottom=FALSE;BottomPct=0.05"
"XFLUMICLORAC","Education.index",0.229938566798581,FALSE,837,49,18,"GroupFilter=TRUE;MinGroup=10;Top=TRUE;TopPct=0.05;Bottom=FALSE;BottomPct=0.05"
"XFLUMICLORAC","Income",0.479203612690681,FALSE,837,49,18,"GroupFilter=TRUE;MinGroup=10;Top=TRUE;TopPct=0.05;Bottom=FALSE;BottomPct=0.05"
"XFLUMICLORAC","home_value",0.546301529475764,FALSE,837,49,18,"GroupFilter=TRUE;MinGroup=10;Top=TRUE;TopPct=0.05;Bottom=FALSE;BottomPct=0.05"
"XFLUMICLORAC","rent",0.0952975623870122,FALSE,837,49,18,"GroupFilter=TRUE;MinGroup=10;Top=TRUE;TopPct=0.05;Bottom=FALSE;BottomPct=0.05"
"XFLUMICLORAC","Poverty_150",0.314438341214335,FALSE,837,49,18,"GroupFilter=TRUE;MinGroup=10;Top=TRUE;TopPct=0.05;Bottom=FALSE;BottomPct=0.05"
"XFLUMICLORAC","Unemployed",0.094191946471976,FALSE,837,49,18,"GroupFilter=TRUE;MinGroup=10;Top=TRUE;TopPct=0.05;Bottom=FALSE;BottomPct=0.05"
"XFLUMICLORAC","Working_class",0.310544452573243,FALSE,837,49,18,"GroupFilter=TRUE;MinGroup=10;Top=TRUE;TopPct=0.05;Bottom=FALSE;BottomPct=0.05"
"XFLUTOLANIL","Education.index",0.445678790043469,FALSE,149,15,18,"GroupFilter=TRUE;MinGroup=10;Top=TRUE;TopPct=0.05;Bottom=FALSE;BottomPct=0.05"
"XFLUTOLANIL","Income",0.744024635051052,FALSE,149,15,18,"GroupFilter=TRUE;MinGroup=10;Top=TRUE;TopPct=0.05;Bottom=FALSE;BottomPct=0.05"
"XFLUTOLANIL","home_value",0.657429268394481,FALSE,149,15,18,"GroupFilter=TRUE;MinGroup=10;Top=TRUE;TopPct=0.05;Bottom=FALSE;BottomPct=0.05"
"XFLUTOLANIL","rent",0.305621714430931,FALSE,149,15,18,"GroupFilter=TRUE;MinGroup=10;Top=TRUE;TopPct=0.05;Bottom=FALSE;BottomPct=0.05"
"XFLUTOLANIL","Poverty_150",0.575923650745085,FALSE,149,15,18,"GroupFilter=TRUE;MinGroup=10;Top=TRUE;TopPct=0.05;Bottom=FALSE;BottomPct=0.05"
"XFLUTOLANIL","Unemployed",0.0586072365129724,FALSE,149,15,18,"GroupFilter=TRUE;MinGroup=10;Top=TRUE;TopPct=0.05;Bottom=FALSE;BottomPct=0.05"
"XFLUTOLANIL","Working_class",0.654438291579643,FALSE,149,15,18,"GroupFilter=TRUE;MinGroup=10;Top=TRUE;TopPct=0.05;Bottom=FALSE;BottomPct=0.05"
"XPROSULFURON","Education.index",0.67506204643098,FALSE,1035,63,18,"GroupFilter=TRUE;MinGroup=10;Top=TRUE;TopPct=0.05;Bottom=FALSE;BottomPct=0.05"
"XPROSULFURON","Income",0.804207355679014,FALSE,1035,63,18,"GroupFilter=TRUE;MinGroup=10;Top=TRUE;TopPct=0.05;Bottom=FALSE;BottomPct=0.05"
"XPROSULFURON","home_value",0.804793581312003,FALSE,1035,63,18,"GroupFilter=TRUE;MinGroup=10;Top=TRUE;TopPct=0.05;Bottom=FALSE;BottomPct=0.05"
"XPROSULFURON","rent",0.177915298503214,FALSE,1035,63,18,"GroupFilter=TRUE;MinGroup=10;Top=TRUE;TopPct=0.05;Bottom=FALSE;BottomPct=0.05"
"XPROSULFURON","Poverty_150",0.572596370342836,FALSE,1035,63,18,"GroupFilter=TRUE;MinGroup=10;Top=TRUE;TopPct=0.05;Bottom=FALSE;BottomPct=0.05"
"XPROSULFURON","Unemployed",0.656627515828173,FALSE,1035,63,18,"GroupFilter=TRUE;MinGroup=10;Top=TRUE;TopPct=0.05;Bottom=FALSE;BottomPct=0.05"
"XPROSULFURON","Working_class",0.535020275570481,FALSE,1035,63,18,"GroupFilter=TRUE;MinGroup=10;Top=TRUE;TopPct=0.05;Bottom=FALSE;BottomPct=0.05"
"XPYRITHIOBACSODIUM","Education.index",0.661141767346936,FALSE,76,5,17,"GroupFilter=TRUE;MinGroup=10;Top=TRUE;TopPct=0.05;Bottom=FALSE;BottomPct=0.05"
"XPYRITHIOBACSODIUM","Income",0.0451510129141762,TRUE,76,5,17,"GroupFilter=TRUE;MinGroup=10;Top=TRUE;TopPct=0.05;Bottom=FALSE;BottomPct=0.05"
"XPYRITHIOBACSODIUM","home_value",0.512152773398525,FALSE,76,5,17,"GroupFilter=TRUE;MinGroup=10;Top=TRUE;TopPct=0.05;Bottom=FALSE;BottomPct=0.05"
"XPYRITHIOBACSODIUM","rent",0.0412412209276235,TRUE,76,5,17,"GroupFilter=TRUE;MinGroup=10;Top=TRUE;TopPct=0.05;Bottom=FALSE;BottomPct=0.05"
"XPYRITHIOBACSODIUM","Poverty_150",0.305372905116068,FALSE,76,5,17,"GroupFilter=TRUE;MinGroup=10;Top=TRUE;TopPct=0.05;Bottom=FALSE;BottomPct=0.05"
"XPYRITHIOBACSODIUM","Unemployed",0.763104447952509,FALSE,76,5,17,"GroupFilter=TRUE;MinGroup=10;Top=TRUE;TopPct=0.05;Bottom=FALSE;BottomPct=0.05"
"XPYRITHIOBACSODIUM","Working_class",0.86234705169331,FALSE,76,5,17,"GroupFilter=TRUE;MinGroup=10;Top=TRUE;TopPct=0.05;Bottom=FALSE;BottomPct=0.05"
"XRIMSULFURON","Education.index",0.0461321031155173,TRUE,1388,87,18,"GroupFilter=TRUE;MinGroup=10;Top=TRUE;TopPct=0.05;Bottom=FALSE;BottomPct=0.05"
"XRIMSULFURON","Income",0.829939344884581,FALSE,1388,87,18,"GroupFilter=TRUE;MinGroup=10;Top=TRUE;TopPct=0.05;Bottom=FALSE;BottomPct=0.05"
"XRIMSULFURON","home_value",0.739078667252442,FALSE,1388,87,18,"GroupFilter=TRUE;MinGroup=10;Top=TRUE;TopPct=0.05;Bottom=FALSE;BottomPct=0.05"
"XRIMSULFURON","rent",0.708238000517373,FALSE,1388,87,18,"GroupFilter=TRUE;MinGroup=10;Top=TRUE;TopPct=0.05;Bottom=FALSE;BottomPct=0.05"
"XRIMSULFURON","Poverty_150",0.965261063598337,FALSE,1388,87,18,"GroupFilter=TRUE;MinGroup=10;Top=TRUE;TopPct=0.05;Bottom=FALSE;BottomPct=0.05"
"XRIMSULFURON","Unemployed",0.057355533820805,FALSE,1388,87,18,"GroupFilter=TRUE;MinGroup=10;Top=TRUE;TopPct=0.05;Bottom=FALSE;BottomPct=0.05"
"XRIMSULFURON","Working_class",0.471879379801162,FALSE,1388,87,18,"GroupFilter=TRUE;MinGroup=10;Top=TRUE;TopPct=0.05;Bottom=FALSE;BottomPct=0.05"
"XTEBUFENOZIDE","Education.index",0.396911316934677,FALSE,83,5,18,"GroupFilter=TRUE;MinGroup=10;Top=TRUE;TopPct=0.05;Bottom=FALSE;BottomPct=0.05"
"XTEBUFENOZIDE","Income",0.0840054493156479,FALSE,83,5,18,"GroupFilter=TRUE;MinGroup=10;Top=TRUE;TopPct=0.05;Bottom=FALSE;BottomPct=0.05"
"XTEBUFENOZIDE","home_value",0.394205370136825,FALSE,83,5,18,"GroupFilter=TRUE;MinGroup=10;Top=TRUE;TopPct=0.05;Bottom=FALSE;BottomPct=0.05"
"XTEBUFENOZIDE","rent",0.0864950108754415,FALSE,83,5,18,"GroupFilter=TRUE;MinGroup=10;Top=TRUE;TopPct=0.05;Bottom=FALSE;BottomPct=0.05"
"XTEBUFENOZIDE","Poverty_150",0.0359077308204869,TRUE,83,5,18,"GroupFilter=TRUE;MinGroup=10;Top=TRUE;TopPct=0.05;Bottom=FALSE;BottomPct=0.05"
"XTEBUFENOZIDE","Unemployed",0.102296530176789,FALSE,83,5,18,"GroupFilter=TRUE;MinGroup=10;Top=TRUE;TopPct=0.05;Bottom=FALSE;BottomPct=0.05"
"XTEBUFENOZIDE","Working_class",0.905773159964363,FALSE,83,5,18,"GroupFilter=TRUE;MinGroup=10;Top=TRUE;TopPct=0.05;Bottom=FALSE;BottomPct=0.05"
"XTRIFLUMIZOLE","Education.index",0.859350097271071,FALSE,315,22,18,"GroupFilter=TRUE;MinGroup=10;Top=TRUE;TopPct=0.05;Bottom=FALSE;BottomPct=0.05"
"XTRIFLUMIZOLE","Income",0.140471725627322,FALSE,315,22,18,"GroupFilter=TRUE;MinGroup=10;Top=TRUE;TopPct=0.05;Bottom=FALSE;BottomPct=0.05"
"XTRIFLUMIZOLE","home_value",0.97281478147005,FALSE,315,22,18,"GroupFilter=TRUE;MinGroup=10;Top=TRUE;TopPct=0.05;Bottom=FALSE;BottomPct=0.05"
"XTRIFLUMIZOLE","rent",0.813757233210381,FALSE,315,22,18,"GroupFilter=TRUE;MinGroup=10;Top=TRUE;TopPct=0.05;Bottom=FALSE;BottomPct=0.05"
"XTRIFLUMIZOLE","Poverty_150",0.0135184805369046,TRUE,315,22,18,"GroupFilter=TRUE;MinGroup=10;Top=TRUE;TopPct=0.05;Bottom=FALSE;BottomPct=0.05"
"XTRIFLUMIZOLE","Unemployed",0.00875922959006589,TRUE,315,22,18,"GroupFilter=TRUE;MinGroup=10;Top=TRUE;TopPct=0.05;Bottom=FALSE;BottomPct=0.05"
"XTRIFLUMIZOLE","Working_class",0.179161223750026,FALSE,315,22,18,"GroupFilter=TRUE;MinGroup=10;Top=TRUE;TopPct=0.05;Bottom=FALSE;BottomPct=0.05"
"XGLUFOSINATE","Education.index",0.316526788304387,FALSE,1195,80,17,"GroupFilter=TRUE;MinGroup=10;Top=TRUE;TopPct=0.05;Bottom=FALSE;BottomPct=0.05"
"XGLUFOSINATE","Income",0.91318662464454,FALSE,1195,80,17,"GroupFilter=TRUE;MinGroup=10;Top=TRUE;TopPct=0.05;Bottom=FALSE;BottomPct=0.05"
"XGLUFOSINATE","home_value",0.60493711954377,FALSE,1195,80,17,"GroupFilter=TRUE;MinGroup=10;Top=TRUE;TopPct=0.05;Bottom=FALSE;BottomPct=0.05"
"XGLUFOSINATE","rent",0.67271203222933,FALSE,1195,80,17,"GroupFilter=TRUE;MinGroup=10;Top=TRUE;TopPct=0.05;Bottom=FALSE;BottomPct=0.05"
"XGLUFOSINATE","Poverty_150",0.53973408287242,FALSE,1195,80,17,"GroupFilter=TRUE;MinGroup=10;Top=TRUE;TopPct=0.05;Bottom=FALSE;BottomPct=0.05"
"XGLUFOSINATE","Unemployed",0.49071950970188,FALSE,1195,80,17,"GroupFilter=TRUE;MinGroup=10;Top=TRUE;TopPct=0.05;Bottom=FALSE;BottomPct=0.05"
"XGLUFOSINATE","Working_class",0.707341943749862,FALSE,1195,80,17,"GroupFilter=TRUE;MinGroup=10;Top=TRUE;TopPct=0.05;Bottom=FALSE;BottomPct=0.05"
"XMEFENOXAM","Education.index",0.0135480950071427,TRUE,745,55,16,"GroupFilter=TRUE;MinGroup=10;Top=TRUE;TopPct=0.05;Bottom=FALSE;BottomPct=0.05"
"XMEFENOXAM","Income",0.399836870951698,FALSE,745,55,16,"GroupFilter=TRUE;MinGroup=10;Top=TRUE;TopPct=0.05;Bottom=FALSE;BottomPct=0.05"
"XMEFENOXAM","home_value",0.704866558524377,FALSE,745,55,16,"GroupFilter=TRUE;MinGroup=10;Top=TRUE;TopPct=0.05;Bottom=FALSE;BottomPct=0.05"
"XMEFENOXAM","rent",0.303503664582697,FALSE,745,55,16,"GroupFilter=TRUE;MinGroup=10;Top=TRUE;TopPct=0.05;Bottom=FALSE;BottomPct=0.05"
"XMEFENOXAM","Poverty_150",0.561488038874755,FALSE,745,55,16,"GroupFilter=TRUE;MinGroup=10;Top=TRUE;TopPct=0.05;Bottom=FALSE;BottomPct=0.05"
"XMEFENOXAM","Unemployed",0.362471305888856,FALSE,745,55,16,"GroupFilter=TRUE;MinGroup=10;Top=TRUE;TopPct=0.05;Bottom=FALSE;BottomPct=0.05"
"XMEFENOXAM","Working_class",0.895673056982155,FALSE,745,55,16,"GroupFilter=TRUE;MinGroup=10;Top=TRUE;TopPct=0.05;Bottom=FALSE;BottomPct=0.05"
"XPYRIPROXYFEN","Education.index",0.509623923034081,FALSE,161,12,15,"GroupFilter=TRUE;MinGroup=10;Top=TRUE;TopPct=0.05;Bottom=FALSE;BottomPct=0.05"
"XPYRIPROXYFEN","Income",0.861001634180598,FALSE,161,12,15,"GroupFilter=TRUE;MinGroup=10;Top=TRUE;TopPct=0.05;Bottom=FALSE;BottomPct=0.05"
"XPYRIPROXYFEN","home_value",0.738333749864202,FALSE,161,12,15,"GroupFilter=TRUE;MinGroup=10;Top=TRUE;TopPct=0.05;Bottom=FALSE;BottomPct=0.05"
"XPYRIPROXYFEN","rent",0.890614681587353,FALSE,161,12,15,"GroupFilter=TRUE;MinGroup=10;Top=TRUE;TopPct=0.05;Bottom=FALSE;BottomPct=0.05"
"XPYRIPROXYFEN","Poverty_150",0.430132542610182,FALSE,161,12,15,"GroupFilter=TRUE;MinGroup=10;Top=TRUE;TopPct=0.05;Bottom=FALSE;BottomPct=0.05"
"XPYRIPROXYFEN","Unemployed",0.532178918698922,FALSE,161,12,15,"GroupFilter=TRUE;MinGroup=10;Top=TRUE;TopPct=0.05;Bottom=FALSE;BottomPct=0.05"
"XPYRIPROXYFEN","Working_class",0.701104461688038,FALSE,161,12,15,"GroupFilter=TRUE;MinGroup=10;Top=TRUE;TopPct=0.05;Bottom=FALSE;BottomPct=0.05"
"XTEBUPIRIMPHOS","Education.index",0.209862127595762,FALSE,878,55,17,"GroupFilter=TRUE;MinGroup=10;Top=TRUE;TopPct=0.05;Bottom=FALSE;BottomPct=0.05"
"XTEBUPIRIMPHOS","Income",0.321629654855123,FALSE,878,55,17,"GroupFilter=TRUE;MinGroup=10;Top=TRUE;TopPct=0.05;Bottom=FALSE;BottomPct=0.05"
"XTEBUPIRIMPHOS","home_value",0.502657830293333,FALSE,878,55,17,"GroupFilter=TRUE;MinGroup=10;Top=TRUE;TopPct=0.05;Bottom=FALSE;BottomPct=0.05"
"XTEBUPIRIMPHOS","rent",0.0264547188087125,TRUE,878,55,17,"GroupFilter=TRUE;MinGroup=10;Top=TRUE;TopPct=0.05;Bottom=FALSE;BottomPct=0.05"
"XTEBUPIRIMPHOS","Poverty_150",0.595585768109635,FALSE,878,55,17,"GroupFilter=TRUE;MinGroup=10;Top=TRUE;TopPct=0.05;Bottom=FALSE;BottomPct=0.05"
"XTEBUPIRIMPHOS","Unemployed",0.108994828684421,FALSE,878,55,17,"GroupFilter=TRUE;MinGroup=10;Top=TRUE;TopPct=0.05;Bottom=FALSE;BottomPct=0.05"
"XTEBUPIRIMPHOS","Working_class",0.830089274528974,FALSE,878,55,17,"GroupFilter=TRUE;MinGroup=10;Top=TRUE;TopPct=0.05;Bottom=FALSE;BottomPct=0.05"
"XAVIGLYCINE","Education.index",0.407056058374668,FALSE,281,20,16,"GroupFilter=TRUE;MinGroup=10;Top=TRUE;TopPct=0.05;Bottom=FALSE;BottomPct=0.05"
"XAVIGLYCINE","Income",0.697107038880874,FALSE,281,20,16,"GroupFilter=TRUE;MinGroup=10;Top=TRUE;TopPct=0.05;Bottom=FALSE;BottomPct=0.05"
"XAVIGLYCINE","home_value",0.370501738935149,FALSE,281,20,16,"GroupFilter=TRUE;MinGroup=10;Top=TRUE;TopPct=0.05;Bottom=FALSE;BottomPct=0.05"
"XAVIGLYCINE","rent",0.464895384494816,FALSE,281,20,16,"GroupFilter=TRUE;MinGroup=10;Top=TRUE;TopPct=0.05;Bottom=FALSE;BottomPct=0.05"
"XAVIGLYCINE","Poverty_150",0.163306968326589,FALSE,281,20,16,"GroupFilter=TRUE;MinGroup=10;Top=TRUE;TopPct=0.05;Bottom=FALSE;BottomPct=0.05"
"XAVIGLYCINE","Unemployed",0.0478771582281306,TRUE,281,20,16,"GroupFilter=TRUE;MinGroup=10;Top=TRUE;TopPct=0.05;Bottom=FALSE;BottomPct=0.05"
"XAVIGLYCINE","Working_class",0.553701947743175,FALSE,281,20,16,"GroupFilter=TRUE;MinGroup=10;Top=TRUE;TopPct=0.05;Bottom=FALSE;BottomPct=0.05"
"XAZOXYSTROBIN","Education.index",0.00430884467637145,TRUE,1181,90,16,"GroupFilter=TRUE;MinGroup=10;Top=TRUE;TopPct=0.05;Bottom=FALSE;BottomPct=0.05"
"XAZOXYSTROBIN","Income",0.180829063288008,FALSE,1181,90,16,"GroupFilter=TRUE;MinGroup=10;Top=TRUE;TopPct=0.05;Bottom=FALSE;BottomPct=0.05"
"XAZOXYSTROBIN","home_value",0.127407435832009,FALSE,1181,90,16,"GroupFilter=TRUE;MinGroup=10;Top=TRUE;TopPct=0.05;Bottom=FALSE;BottomPct=0.05"
"XAZOXYSTROBIN","rent",0.0226718707137562,TRUE,1181,90,16,"GroupFilter=TRUE;MinGroup=10;Top=TRUE;TopPct=0.05;Bottom=FALSE;BottomPct=0.05"
"XAZOXYSTROBIN","Poverty_150",0.631935615728149,FALSE,1181,90,16,"GroupFilter=TRUE;MinGroup=10;Top=TRUE;TopPct=0.05;Bottom=FALSE;BottomPct=0.05"
"XAZOXYSTROBIN","Unemployed",0.809593111960205,FALSE,1181,90,16,"GroupFilter=TRUE;MinGroup=10;Top=TRUE;TopPct=0.05;Bottom=FALSE;BottomPct=0.05"
"XAZOXYSTROBIN","Working_class",0.101406947464821,FALSE,1181,90,16,"GroupFilter=TRUE;MinGroup=10;Top=TRUE;TopPct=0.05;Bottom=FALSE;BottomPct=0.05"
"XCYCLANILIDE","Education.index",0.754758660803169,FALSE,67,5,16,"GroupFilter=TRUE;MinGroup=10;Top=TRUE;TopPct=0.05;Bottom=FALSE;BottomPct=0.05"
"XCYCLANILIDE","Income",0.0146140230717243,TRUE,67,5,16,"GroupFilter=TRUE;MinGroup=10;Top=TRUE;TopPct=0.05;Bottom=FALSE;BottomPct=0.05"
"XCYCLANILIDE","home_value",0.178760442062183,FALSE,67,5,16,"GroupFilter=TRUE;MinGroup=10;Top=TRUE;TopPct=0.05;Bottom=FALSE;BottomPct=0.05"
"XCYCLANILIDE","rent",0.00448036331537066,TRUE,67,5,16,"GroupFilter=TRUE;MinGroup=10;Top=TRUE;TopPct=0.05;Bottom=FALSE;BottomPct=0.05"
"XCYCLANILIDE","Poverty_150",0.217726029692473,FALSE,67,5,16,"GroupFilter=TRUE;MinGroup=10;Top=TRUE;TopPct=0.05;Bottom=FALSE;BottomPct=0.05"
"XCYCLANILIDE","Unemployed",0.983399680644518,FALSE,67,5,16,"GroupFilter=TRUE;MinGroup=10;Top=TRUE;TopPct=0.05;Bottom=FALSE;BottomPct=0.05"
"XCYCLANILIDE","Working_class",0.513379731983317,FALSE,67,5,16,"GroupFilter=TRUE;MinGroup=10;Top=TRUE;TopPct=0.05;Bottom=FALSE;BottomPct=0.05"
"XIMAZAMOX","Education.index",0.0122464361454073,TRUE,1165,89,16,"GroupFilter=TRUE;MinGroup=10;Top=TRUE;TopPct=0.05;Bottom=FALSE;BottomPct=0.05"
"XIMAZAMOX","Income",0.166700570603437,FALSE,1165,89,16,"GroupFilter=TRUE;MinGroup=10;Top=TRUE;TopPct=0.05;Bottom=FALSE;BottomPct=0.05"
"XIMAZAMOX","home_value",0.139463381073392,FALSE,1165,89,16,"GroupFilter=TRUE;MinGroup=10;Top=TRUE;TopPct=0.05;Bottom=FALSE;BottomPct=0.05"
"XIMAZAMOX","rent",0.0496725090683093,TRUE,1165,89,16,"GroupFilter=TRUE;MinGroup=10;Top=TRUE;TopPct=0.05;Bottom=FALSE;BottomPct=0.05"
"XIMAZAMOX","Poverty_150",0.258852353378717,FALSE,1165,89,16,"GroupFilter=TRUE;MinGroup=10;Top=TRUE;TopPct=0.05;Bottom=FALSE;BottomPct=0.05"
"XIMAZAMOX","Unemployed",0.114834279350056,FALSE,1165,89,16,"GroupFilter=TRUE;MinGroup=10;Top=TRUE;TopPct=0.05;Bottom=FALSE;BottomPct=0.05"
"XIMAZAMOX","Working_class",0.452488639408774,FALSE,1165,89,16,"GroupFilter=TRUE;MinGroup=10;Top=TRUE;TopPct=0.05;Bottom=FALSE;BottomPct=0.05"
"XMETAMPOTASSIUM","Education.index",0.983564910718873,FALSE,73,7,13,"GroupFilter=TRUE;MinGroup=10;Top=TRUE;TopPct=0.05;Bottom=FALSE;BottomPct=0.05"
"XMETAMPOTASSIUM","Income",0.35268372289784,FALSE,73,7,13,"GroupFilter=TRUE;MinGroup=10;Top=TRUE;TopPct=0.05;Bottom=FALSE;BottomPct=0.05"
"XMETAMPOTASSIUM","home_value",0.5532847570206,FALSE,73,7,13,"GroupFilter=TRUE;MinGroup=10;Top=TRUE;TopPct=0.05;Bottom=FALSE;BottomPct=0.05"
"XMETAMPOTASSIUM","rent",0.363921387203504,FALSE,73,7,13,"GroupFilter=TRUE;MinGroup=10;Top=TRUE;TopPct=0.05;Bottom=FALSE;BottomPct=0.05"
"XMETAMPOTASSIUM","Poverty_150",0.706529348330161,FALSE,73,7,13,"GroupFilter=TRUE;MinGroup=10;Top=TRUE;TopPct=0.05;Bottom=FALSE;BottomPct=0.05"
"XMETAMPOTASSIUM","Unemployed",0.420507353672121,FALSE,73,7,13,"GroupFilter=TRUE;MinGroup=10;Top=TRUE;TopPct=0.05;Bottom=FALSE;BottomPct=0.05"
"XMETAMPOTASSIUM","Working_class",0.536344248711341,FALSE,73,7,13,"GroupFilter=TRUE;MinGroup=10;Top=TRUE;TopPct=0.05;Bottom=FALSE;BottomPct=0.05"
"XPOTASSIUMBICARBONATE","Education.index",0.160772168413322,FALSE,172,15,13,"GroupFilter=TRUE;MinGroup=10;Top=TRUE;TopPct=0.05;Bottom=FALSE;BottomPct=0.05"
"XPOTASSIUMBICARBONATE","Income",0.70230866247233,FALSE,172,15,13,"GroupFilter=TRUE;MinGroup=10;Top=TRUE;TopPct=0.05;Bottom=FALSE;BottomPct=0.05"
"XPOTASSIUMBICARBONATE","home_value",0.785044497654228,FALSE,172,15,13,"GroupFilter=TRUE;MinGroup=10;Top=TRUE;TopPct=0.05;Bottom=FALSE;BottomPct=0.05"
"XPOTASSIUMBICARBONATE","rent",0.72980675644236,FALSE,172,15,13,"GroupFilter=TRUE;MinGroup=10;Top=TRUE;TopPct=0.05;Bottom=FALSE;BottomPct=0.05"
"XPOTASSIUMBICARBONATE","Poverty_150",0.38672482296538,FALSE,172,15,13,"GroupFilter=TRUE;MinGroup=10;Top=TRUE;TopPct=0.05;Bottom=FALSE;BottomPct=0.05"
"XPOTASSIUMBICARBONATE","Unemployed",0.181586837339106,FALSE,172,15,13,"GroupFilter=TRUE;MinGroup=10;Top=TRUE;TopPct=0.05;Bottom=FALSE;BottomPct=0.05"
"XPOTASSIUMBICARBONATE","Working_class",0.430056667611147,FALSE,172,15,13,"GroupFilter=TRUE;MinGroup=10;Top=TRUE;TopPct=0.05;Bottom=FALSE;BottomPct=0.05"
"XPYRIDABEN","Education.index",0.452142354707033,FALSE,406,30,16,"GroupFilter=TRUE;MinGroup=10;Top=TRUE;TopPct=0.05;Bottom=FALSE;BottomPct=0.05"
"XPYRIDABEN","Income",0.364113105417361,FALSE,406,30,16,"GroupFilter=TRUE;MinGroup=10;Top=TRUE;TopPct=0.05;Bottom=FALSE;BottomPct=0.05"
"XPYRIDABEN","home_value",0.0255425164266591,TRUE,406,30,16,"GroupFilter=TRUE;MinGroup=10;Top=TRUE;TopPct=0.05;Bottom=FALSE;BottomPct=0.05"
"XPYRIDABEN","rent",0.0351234630456024,TRUE,406,30,16,"GroupFilter=TRUE;MinGroup=10;Top=TRUE;TopPct=0.05;Bottom=FALSE;BottomPct=0.05"
"XPYRIDABEN","Poverty_150",0.573934232498929,FALSE,406,30,16,"GroupFilter=TRUE;MinGroup=10;Top=TRUE;TopPct=0.05;Bottom=FALSE;BottomPct=0.05"
"XPYRIDABEN","Unemployed",0.0326911939366515,TRUE,406,30,16,"GroupFilter=TRUE;MinGroup=10;Top=TRUE;TopPct=0.05;Bottom=FALSE;BottomPct=0.05"
"XPYRIDABEN","Working_class",0.906408345271582,FALSE,406,30,16,"GroupFilter=TRUE;MinGroup=10;Top=TRUE;TopPct=0.05;Bottom=FALSE;BottomPct=0.05"
"XSPINOSYN","Education.index",0.0951718643074759,FALSE,523,41,16,"GroupFilter=TRUE;MinGroup=10;Top=TRUE;TopPct=0.05;Bottom=FALSE;BottomPct=0.05"
"XSPINOSYN","Income",0.980454196299902,FALSE,523,41,16,"GroupFilter=TRUE;MinGroup=10;Top=TRUE;TopPct=0.05;Bottom=FALSE;BottomPct=0.05"
"XSPINOSYN","home_value",0.904633620976369,FALSE,523,41,16,"GroupFilter=TRUE;MinGroup=10;Top=TRUE;TopPct=0.05;Bottom=FALSE;BottomPct=0.05"
"XSPINOSYN","rent",0.911756724890941,FALSE,523,41,16,"GroupFilter=TRUE;MinGroup=10;Top=TRUE;TopPct=0.05;Bottom=FALSE;BottomPct=0.05"
"XSPINOSYN","Poverty_150",0.612517186330348,FALSE,523,41,16,"GroupFilter=TRUE;MinGroup=10;Top=TRUE;TopPct=0.05;Bottom=FALSE;BottomPct=0.05"
"XSPINOSYN","Unemployed",0.155665962665068,FALSE,523,41,16,"GroupFilter=TRUE;MinGroup=10;Top=TRUE;TopPct=0.05;Bottom=FALSE;BottomPct=0.05"
"XSPINOSYN","Working_class",0.643452984216373,FALSE,523,41,16,"GroupFilter=TRUE;MinGroup=10;Top=TRUE;TopPct=0.05;Bottom=FALSE;BottomPct=0.05"
"XSULFENTRAZONE","Education.index",0.0684224440328784,FALSE,842,58,16,"GroupFilter=TRUE;MinGroup=10;Top=TRUE;TopPct=0.05;Bottom=FALSE;BottomPct=0.05"
"XSULFENTRAZONE","Income",0.337301596835717,FALSE,842,58,16,"GroupFilter=TRUE;MinGroup=10;Top=TRUE;TopPct=0.05;Bottom=FALSE;BottomPct=0.05"
"XSULFENTRAZONE","home_value",0.185825307035033,FALSE,842,58,16,"GroupFilter=TRUE;MinGroup=10;Top=TRUE;TopPct=0.05;Bottom=FALSE;BottomPct=0.05"
"XSULFENTRAZONE","rent",0.0400541075362585,TRUE,842,58,16,"GroupFilter=TRUE;MinGroup=10;Top=TRUE;TopPct=0.05;Bottom=FALSE;BottomPct=0.05"
"XSULFENTRAZONE","Poverty_150",0.520381678598272,FALSE,842,58,16,"GroupFilter=TRUE;MinGroup=10;Top=TRUE;TopPct=0.05;Bottom=FALSE;BottomPct=0.05"
"XSULFENTRAZONE","Unemployed",0.930381746303356,FALSE,842,58,16,"GroupFilter=TRUE;MinGroup=10;Top=TRUE;TopPct=0.05;Bottom=FALSE;BottomPct=0.05"
"XSULFENTRAZONE","Working_class",0.466796952382767,FALSE,842,58,16,"GroupFilter=TRUE;MinGroup=10;Top=TRUE;TopPct=0.05;Bottom=FALSE;BottomPct=0.05"
"XTRALKOXYDIM","Education.index",0.843434271922396,FALSE,210,18,15,"GroupFilter=TRUE;MinGroup=10;Top=TRUE;TopPct=0.05;Bottom=FALSE;BottomPct=0.05"
"XTRALKOXYDIM","Income",0.0672830861447691,FALSE,210,18,15,"GroupFilter=TRUE;MinGroup=10;Top=TRUE;TopPct=0.05;Bottom=FALSE;BottomPct=0.05"
"XTRALKOXYDIM","home_value",0.0654822779364813,FALSE,210,18,15,"GroupFilter=TRUE;MinGroup=10;Top=TRUE;TopPct=0.05;Bottom=FALSE;BottomPct=0.05"
"XTRALKOXYDIM","rent",0.0204096791669921,TRUE,210,18,15,"GroupFilter=TRUE;MinGroup=10;Top=TRUE;TopPct=0.05;Bottom=FALSE;BottomPct=0.05"
"XTRALKOXYDIM","Poverty_150",0.0451785427556017,TRUE,210,18,15,"GroupFilter=TRUE;MinGroup=10;Top=TRUE;TopPct=0.05;Bottom=FALSE;BottomPct=0.05"
"XTRALKOXYDIM","Unemployed",0.757603389616974,FALSE,210,18,15,"GroupFilter=TRUE;MinGroup=10;Top=TRUE;TopPct=0.05;Bottom=FALSE;BottomPct=0.05"
"XTRALKOXYDIM","Working_class",0.389600329598407,FALSE,210,18,15,"GroupFilter=TRUE;MinGroup=10;Top=TRUE;TopPct=0.05;Bottom=FALSE;BottomPct=0.05"
"XCARFENTRAZONEETHYL","Education.index",0.074344861838432,FALSE,894,71,14,"GroupFilter=TRUE;MinGroup=10;Top=TRUE;TopPct=0.05;Bottom=FALSE;BottomPct=0.05"
"XCARFENTRAZONEETHYL","Income",0.195994088912561,FALSE,894,71,14,"GroupFilter=TRUE;MinGroup=10;Top=TRUE;TopPct=0.05;Bottom=FALSE;BottomPct=0.05"
"XCARFENTRAZONEETHYL","home_value",0.172305939559736,FALSE,894,71,14,"GroupFilter=TRUE;MinGroup=10;Top=TRUE;TopPct=0.05;Bottom=FALSE;BottomPct=0.05"
"XCARFENTRAZONEETHYL","rent",0.0460686329005861,TRUE,894,71,14,"GroupFilter=TRUE;MinGroup=10;Top=TRUE;TopPct=0.05;Bottom=FALSE;BottomPct=0.05"
"XCARFENTRAZONEETHYL","Poverty_150",0.974849610854716,FALSE,894,71,14,"GroupFilter=TRUE;MinGroup=10;Top=TRUE;TopPct=0.05;Bottom=FALSE;BottomPct=0.05"
"XCARFENTRAZONEETHYL","Unemployed",0.986928356399379,FALSE,894,71,14,"GroupFilter=TRUE;MinGroup=10;Top=TRUE;TopPct=0.05;Bottom=FALSE;BottomPct=0.05"
"XCARFENTRAZONEETHYL","Working_class",0.420865581731731,FALSE,894,71,14,"GroupFilter=TRUE;MinGroup=10;Top=TRUE;TopPct=0.05;Bottom=FALSE;BottomPct=0.05"
"XCLORANSULAMMETHYL","Education.index",0.214144697324274,FALSE,698,49,15,"GroupFilter=TRUE;MinGroup=10;Top=TRUE;TopPct=0.05;Bottom=FALSE;BottomPct=0.05"
"XCLORANSULAMMETHYL","Income",0.337946616755507,FALSE,698,49,15,"GroupFilter=TRUE;MinGroup=10;Top=TRUE;TopPct=0.05;Bottom=FALSE;BottomPct=0.05"
"XCLORANSULAMMETHYL","home_value",0.479785301910672,FALSE,698,49,15,"GroupFilter=TRUE;MinGroup=10;Top=TRUE;TopPct=0.05;Bottom=FALSE;BottomPct=0.05"
"XCLORANSULAMMETHYL","rent",0.107025499012773,FALSE,698,49,15,"GroupFilter=TRUE;MinGroup=10;Top=TRUE;TopPct=0.05;Bottom=FALSE;BottomPct=0.05"
"XCLORANSULAMMETHYL","Poverty_150",0.0965257972108398,FALSE,698,49,15,"GroupFilter=TRUE;MinGroup=10;Top=TRUE;TopPct=0.05;Bottom=FALSE;BottomPct=0.05"
"XCLORANSULAMMETHYL","Unemployed",0.172825780617012,FALSE,698,49,15,"GroupFilter=TRUE;MinGroup=10;Top=TRUE;TopPct=0.05;Bottom=FALSE;BottomPct=0.05"
"XCLORANSULAMMETHYL","Working_class",0.910927151307434,FALSE,698,49,15,"GroupFilter=TRUE;MinGroup=10;Top=TRUE;TopPct=0.05;Bottom=FALSE;BottomPct=0.05"
"XCYPRODINIL","Education.index",0.547489063198693,FALSE,303,22,15,"GroupFilter=TRUE;MinGroup=10;Top=TRUE;TopPct=0.05;Bottom=FALSE;BottomPct=0.05"
"XCYPRODINIL","Income",0.974425085744446,FALSE,303,22,15,"GroupFilter=TRUE;MinGroup=10;Top=TRUE;TopPct=0.05;Bottom=FALSE;BottomPct=0.05"
"XCYPRODINIL","home_value",0.413454846929275,FALSE,303,22,15,"GroupFilter=TRUE;MinGroup=10;Top=TRUE;TopPct=0.05;Bottom=FALSE;BottomPct=0.05"
"XCYPRODINIL","rent",0.252836068528726,FALSE,303,22,15,"GroupFilter=TRUE;MinGroup=10;Top=TRUE;TopPct=0.05;Bottom=FALSE;BottomPct=0.05"
"XCYPRODINIL","Poverty_150",0.200570331705371,FALSE,303,22,15,"GroupFilter=TRUE;MinGroup=10;Top=TRUE;TopPct=0.05;Bottom=FALSE;BottomPct=0.05"
"XCYPRODINIL","Unemployed",0.0592893014581166,FALSE,303,22,15,"GroupFilter=TRUE;MinGroup=10;Top=TRUE;TopPct=0.05;Bottom=FALSE;BottomPct=0.05"
"XCYPRODINIL","Working_class",0.497461078422437,FALSE,303,22,15,"GroupFilter=TRUE;MinGroup=10;Top=TRUE;TopPct=0.05;Bottom=FALSE;BottomPct=0.05"
"XFIPRONIL","Education.index",0.765865050683626,FALSE,752,55,15,"GroupFilter=TRUE;MinGroup=10;Top=TRUE;TopPct=0.05;Bottom=FALSE;BottomPct=0.05"
"XFIPRONIL","Income",0.9635540369928,FALSE,752,55,15,"GroupFilter=TRUE;MinGroup=10;Top=TRUE;TopPct=0.05;Bottom=FALSE;BottomPct=0.05"
"XFIPRONIL","home_value",0.905127628315139,FALSE,752,55,15,"GroupFilter=TRUE;MinGroup=10;Top=TRUE;TopPct=0.05;Bottom=FALSE;BottomPct=0.05"
"XFIPRONIL","rent",0.158343291965727,FALSE,752,55,15,"GroupFilter=TRUE;MinGroup=10;Top=TRUE;TopPct=0.05;Bottom=FALSE;BottomPct=0.05"
"XFIPRONIL","Poverty_150",0.715944845240243,FALSE,752,55,15,"GroupFilter=TRUE;MinGroup=10;Top=TRUE;TopPct=0.05;Bottom=FALSE;BottomPct=0.05"
"XFIPRONIL","Unemployed",0.91271321448144,FALSE,752,55,15,"GroupFilter=TRUE;MinGroup=10;Top=TRUE;TopPct=0.05;Bottom=FALSE;BottomPct=0.05"
"XFIPRONIL","Working_class",0.855420808793889,FALSE,752,55,15,"GroupFilter=TRUE;MinGroup=10;Top=TRUE;TopPct=0.05;Bottom=FALSE;BottomPct=0.05"
"XFLUFENACET","Education.index",0.37513130133351,FALSE,809,59,15,"GroupFilter=TRUE;MinGroup=10;Top=TRUE;TopPct=0.05;Bottom=FALSE;BottomPct=0.05"
"XFLUFENACET","Income",0.402066342395443,FALSE,809,59,15,"GroupFilter=TRUE;MinGroup=10;Top=TRUE;TopPct=0.05;Bottom=FALSE;BottomPct=0.05"
"XFLUFENACET","home_value",0.672005465177665,FALSE,809,59,15,"GroupFilter=TRUE;MinGroup=10;Top=TRUE;TopPct=0.05;Bottom=FALSE;BottomPct=0.05"
"XFLUFENACET","rent",0.11680647539541,FALSE,809,59,15,"GroupFilter=TRUE;MinGroup=10;Top=TRUE;TopPct=0.05;Bottom=FALSE;BottomPct=0.05"
"XFLUFENACET","Poverty_150",0.91108512472661,FALSE,809,59,15,"GroupFilter=TRUE;MinGroup=10;Top=TRUE;TopPct=0.05;Bottom=FALSE;BottomPct=0.05"
"XFLUFENACET","Unemployed",0.365997753131799,FALSE,809,59,15,"GroupFilter=TRUE;MinGroup=10;Top=TRUE;TopPct=0.05;Bottom=FALSE;BottomPct=0.05"
"XFLUFENACET","Working_class",0.901382607568871,FALSE,809,59,15,"GroupFilter=TRUE;MinGroup=10;Top=TRUE;TopPct=0.05;Bottom=FALSE;BottomPct=0.05"
"XFLUROXYPYR","Education.index",0.80750750095062,FALSE,340,28,15,"GroupFilter=TRUE;MinGroup=10;Top=TRUE;TopPct=0.05;Bottom=FALSE;BottomPct=0.05"
"XFLUROXYPYR","Income",0.722882851843157,FALSE,340,28,15,"GroupFilter=TRUE;MinGroup=10;Top=TRUE;TopPct=0.05;Bottom=FALSE;BottomPct=0.05"
"XFLUROXYPYR","home_value",0.301992921475467,FALSE,340,28,15,"GroupFilter=TRUE;MinGroup=10;Top=TRUE;TopPct=0.05;Bottom=FALSE;BottomPct=0.05"
"XFLUROXYPYR","rent",0.24337832699191,FALSE,340,28,15,"GroupFilter=TRUE;MinGroup=10;Top=TRUE;TopPct=0.05;Bottom=FALSE;BottomPct=0.05"
"XFLUROXYPYR","Poverty_150",0.449077674028699,FALSE,340,28,15,"GroupFilter=TRUE;MinGroup=10;Top=TRUE;TopPct=0.05;Bottom=FALSE;BottomPct=0.05"
"XFLUROXYPYR","Unemployed",0.439205259836151,FALSE,340,28,15,"GroupFilter=TRUE;MinGroup=10;Top=TRUE;TopPct=0.05;Bottom=FALSE;BottomPct=0.05"
"XFLUROXYPYR","Working_class",0.376990509151167,FALSE,340,28,15,"GroupFilter=TRUE;MinGroup=10;Top=TRUE;TopPct=0.05;Bottom=FALSE;BottomPct=0.05"
"XISOXAFLUTOLE","Education.index",0.487177383117912,FALSE,716,54,14,"GroupFilter=TRUE;MinGroup=10;Top=TRUE;TopPct=0.05;Bottom=FALSE;BottomPct=0.05"
"XISOXAFLUTOLE","Income",0.462936937021707,FALSE,716,54,14,"GroupFilter=TRUE;MinGroup=10;Top=TRUE;TopPct=0.05;Bottom=FALSE;BottomPct=0.05"
"XISOXAFLUTOLE","home_value",0.734612600795562,FALSE,716,54,14,"GroupFilter=TRUE;MinGroup=10;Top=TRUE;TopPct=0.05;Bottom=FALSE;BottomPct=0.05"
"XISOXAFLUTOLE","rent",0.057951842082934,FALSE,716,54,14,"GroupFilter=TRUE;MinGroup=10;Top=TRUE;TopPct=0.05;Bottom=FALSE;BottomPct=0.05"
"XISOXAFLUTOLE","Poverty_150",0.54132847853095,FALSE,716,54,14,"GroupFilter=TRUE;MinGroup=10;Top=TRUE;TopPct=0.05;Bottom=FALSE;BottomPct=0.05"
"XISOXAFLUTOLE","Unemployed",0.254750621512925,FALSE,716,54,14,"GroupFilter=TRUE;MinGroup=10;Top=TRUE;TopPct=0.05;Bottom=FALSE;BottomPct=0.05"
"XISOXAFLUTOLE","Working_class",0.967633708378941,FALSE,716,54,14,"GroupFilter=TRUE;MinGroup=10;Top=TRUE;TopPct=0.05;Bottom=FALSE;BottomPct=0.05"
"XDIFLUFENZOPYR","Education.index",0.0482960332765699,TRUE,1084,84,14,"GroupFilter=TRUE;MinGroup=10;Top=TRUE;TopPct=0.05;Bottom=FALSE;BottomPct=0.05"
"XDIFLUFENZOPYR","Income",0.705577245544854,FALSE,1084,84,14,"GroupFilter=TRUE;MinGroup=10;Top=TRUE;TopPct=0.05;Bottom=FALSE;BottomPct=0.05"
"XDIFLUFENZOPYR","home_value",0.570194873983987,FALSE,1084,84,14,"GroupFilter=TRUE;MinGroup=10;Top=TRUE;TopPct=0.05;Bottom=FALSE;BottomPct=0.05"
"XDIFLUFENZOPYR","rent",0.277668482411949,FALSE,1084,84,14,"GroupFilter=TRUE;MinGroup=10;Top=TRUE;TopPct=0.05;Bottom=FALSE;BottomPct=0.05"
"XDIFLUFENZOPYR","Poverty_150",0.882623403052784,FALSE,1084,84,14,"GroupFilter=TRUE;MinGroup=10;Top=TRUE;TopPct=0.05;Bottom=FALSE;BottomPct=0.05"
"XDIFLUFENZOPYR","Unemployed",0.441324877858866,FALSE,1084,84,14,"GroupFilter=TRUE;MinGroup=10;Top=TRUE;TopPct=0.05;Bottom=FALSE;BottomPct=0.05"
"XDIFLUFENZOPYR","Working_class",0.814746221728073,FALSE,1084,84,14,"GroupFilter=TRUE;MinGroup=10;Top=TRUE;TopPct=0.05;Bottom=FALSE;BottomPct=0.05"
"XFENHEXAMID","Education.index",0.0859247457597296,FALSE,266,21,14,"GroupFilter=TRUE;MinGroup=10;Top=TRUE;TopPct=0.05;Bottom=FALSE;BottomPct=0.05"
"XFENHEXAMID","Income",0.899872759349919,FALSE,266,21,14,"GroupFilter=TRUE;MinGroup=10;Top=TRUE;TopPct=0.05;Bottom=FALSE;BottomPct=0.05"
"XFENHEXAMID","home_value",0.0675335684686209,FALSE,266,21,14,"GroupFilter=TRUE;MinGroup=10;Top=TRUE;TopPct=0.05;Bottom=FALSE;BottomPct=0.05"
"XFENHEXAMID","rent",0.099063955881536,FALSE,266,21,14,"GroupFilter=TRUE;MinGroup=10;Top=TRUE;TopPct=0.05;Bottom=FALSE;BottomPct=0.05"
"XFENHEXAMID","Poverty_150",0.0753229228091433,FALSE,266,21,14,"GroupFilter=TRUE;MinGroup=10;Top=TRUE;TopPct=0.05;Bottom=FALSE;BottomPct=0.05"
"XFENHEXAMID","Unemployed",0.149504297799308,FALSE,266,21,14,"GroupFilter=TRUE;MinGroup=10;Top=TRUE;TopPct=0.05;Bottom=FALSE;BottomPct=0.05"
"XFENHEXAMID","Working_class",0.878016008877928,FALSE,266,21,14,"GroupFilter=TRUE;MinGroup=10;Top=TRUE;TopPct=0.05;Bottom=FALSE;BottomPct=0.05"
"XFLUDIOXONIL","Education.index",0.752658215947186,FALSE,153,13,13,"GroupFilter=TRUE;MinGroup=10;Top=TRUE;TopPct=0.05;Bottom=FALSE;BottomPct=0.05"
"XFLUDIOXONIL","Income",0.333909994364053,FALSE,153,13,13,"GroupFilter=TRUE;MinGroup=10;Top=TRUE;TopPct=0.05;Bottom=FALSE;BottomPct=0.05"
"XFLUDIOXONIL","home_value",0.504526971058887,FALSE,153,13,13,"GroupFilter=TRUE;MinGroup=10;Top=TRUE;TopPct=0.05;Bottom=FALSE;BottomPct=0.05"
"XFLUDIOXONIL","rent",0.366520749733236,FALSE,153,13,13,"GroupFilter=TRUE;MinGroup=10;Top=TRUE;TopPct=0.05;Bottom=FALSE;BottomPct=0.05"
"XFLUDIOXONIL","Poverty_150",0.829574297950009,FALSE,153,13,13,"GroupFilter=TRUE;MinGroup=10;Top=TRUE;TopPct=0.05;Bottom=FALSE;BottomPct=0.05"
"XFLUDIOXONIL","Unemployed",0.93745127928782,FALSE,153,13,13,"GroupFilter=TRUE;MinGroup=10;Top=TRUE;TopPct=0.05;Bottom=FALSE;BottomPct=0.05"
"XFLUDIOXONIL","Working_class",0.65813345692298,FALSE,153,13,13,"GroupFilter=TRUE;MinGroup=10;Top=TRUE;TopPct=0.05;Bottom=FALSE;BottomPct=0.05"
"XKAOLINCLAY","Education.index",0.27850201247294,FALSE,148,12,13,"GroupFilter=TRUE;MinGroup=10;Top=TRUE;TopPct=0.05;Bottom=FALSE;BottomPct=0.05"
"XKAOLINCLAY","Income",0.93238787172725,FALSE,148,12,13,"GroupFilter=TRUE;MinGroup=10;Top=TRUE;TopPct=0.05;Bottom=FALSE;BottomPct=0.05"
"XKAOLINCLAY","home_value",0.603404578331995,FALSE,148,12,13,"GroupFilter=TRUE;MinGroup=10;Top=TRUE;TopPct=0.05;Bottom=FALSE;BottomPct=0.05"
"XKAOLINCLAY","rent",0.922280227661873,FALSE,148,12,13,"GroupFilter=TRUE;MinGroup=10;Top=TRUE;TopPct=0.05;Bottom=FALSE;BottomPct=0.05"
"XKAOLINCLAY","Poverty_150",0.482614700957162,FALSE,148,12,13,"GroupFilter=TRUE;MinGroup=10;Top=TRUE;TopPct=0.05;Bottom=FALSE;BottomPct=0.05"
"XKAOLINCLAY","Unemployed",0.0957896354717146,FALSE,148,12,13,"GroupFilter=TRUE;MinGroup=10;Top=TRUE;TopPct=0.05;Bottom=FALSE;BottomPct=0.05"
"XKAOLINCLAY","Working_class",0.382650442004072,FALSE,148,12,13,"GroupFilter=TRUE;MinGroup=10;Top=TRUE;TopPct=0.05;Bottom=FALSE;BottomPct=0.05"
"XKRESOXIMMETHYL","Education.index",0.695422007946639,FALSE,284,22,14,"GroupFilter=TRUE;MinGroup=10;Top=TRUE;TopPct=0.05;Bottom=FALSE;BottomPct=0.05"
"XKRESOXIMMETHYL","Income",0.314683911412606,FALSE,284,22,14,"GroupFilter=TRUE;MinGroup=10;Top=TRUE;TopPct=0.05;Bottom=FALSE;BottomPct=0.05"
"XKRESOXIMMETHYL","home_value",0.709678826166074,FALSE,284,22,14,"GroupFilter=TRUE;MinGroup=10;Top=TRUE;TopPct=0.05;Bottom=FALSE;BottomPct=0.05"
"XKRESOXIMMETHYL","rent",0.747163864174028,FALSE,284,22,14,"GroupFilter=TRUE;MinGroup=10;Top=TRUE;TopPct=0.05;Bottom=FALSE;BottomPct=0.05"
"XKRESOXIMMETHYL","Poverty_150",0.0147609850918861,TRUE,284,22,14,"GroupFilter=TRUE;MinGroup=10;Top=TRUE;TopPct=0.05;Bottom=FALSE;BottomPct=0.05"
"XKRESOXIMMETHYL","Unemployed",0.00463715185045258,TRUE,284,22,14,"GroupFilter=TRUE;MinGroup=10;Top=TRUE;TopPct=0.05;Bottom=FALSE;BottomPct=0.05"
"XKRESOXIMMETHYL","Working_class",0.0703376891768854,FALSE,284,22,14,"GroupFilter=TRUE;MinGroup=10;Top=TRUE;TopPct=0.05;Bottom=FALSE;BottomPct=0.05"
"XPYMETROZINE","Education.index",0.0111047277888848,TRUE,77,7,13,"GroupFilter=TRUE;MinGroup=10;Top=TRUE;TopPct=0.05;Bottom=FALSE;BottomPct=0.05"
"XPYMETROZINE","Income",0.0608896658552738,FALSE,77,7,13,"GroupFilter=TRUE;MinGroup=10;Top=TRUE;TopPct=0.05;Bottom=FALSE;BottomPct=0.05"
"XPYMETROZINE","home_value",0.319790507168216,FALSE,77,7,13,"GroupFilter=TRUE;MinGroup=10;Top=TRUE;TopPct=0.05;Bottom=FALSE;BottomPct=0.05"
"XPYMETROZINE","rent",0.250893280239504,FALSE,77,7,13,"GroupFilter=TRUE;MinGroup=10;Top=TRUE;TopPct=0.05;Bottom=FALSE;BottomPct=0.05"
"XPYMETROZINE","Poverty_150",0.0116249300198696,TRUE,77,7,13,"GroupFilter=TRUE;MinGroup=10;Top=TRUE;TopPct=0.05;Bottom=FALSE;BottomPct=0.05"
"XPYMETROZINE","Unemployed",0.474428911773397,FALSE,77,7,13,"GroupFilter=TRUE;MinGroup=10;Top=TRUE;TopPct=0.05;Bottom=FALSE;BottomPct=0.05"
"XPYMETROZINE","Working_class",0.0847362000140033,FALSE,77,7,13,"GroupFilter=TRUE;MinGroup=10;Top=TRUE;TopPct=0.05;Bottom=FALSE;BottomPct=0.05"
"XSULFOSULFURON","Education.index",0.919862740967017,FALSE,177,14,14,"GroupFilter=TRUE;MinGroup=10;Top=TRUE;TopPct=0.05;Bottom=FALSE;BottomPct=0.05"
"XSULFOSULFURON","Income",0.434312770781327,FALSE,177,14,14,"GroupFilter=TRUE;MinGroup=10;Top=TRUE;TopPct=0.05;Bottom=FALSE;BottomPct=0.05"
"XSULFOSULFURON","home_value",0.0450657568022306,TRUE,177,14,14,"GroupFilter=TRUE;MinGroup=10;Top=TRUE;TopPct=0.05;Bottom=FALSE;BottomPct=0.05"
"XSULFOSULFURON","rent",0.00827555389589857,TRUE,177,14,14,"GroupFilter=TRUE;MinGroup=10;Top=TRUE;TopPct=0.05;Bottom=FALSE;BottomPct=0.05"
"XSULFOSULFURON","Poverty_150",0.546795339069447,FALSE,177,14,14,"GroupFilter=TRUE;MinGroup=10;Top=TRUE;TopPct=0.05;Bottom=FALSE;BottomPct=0.05"
"XSULFOSULFURON","Unemployed",0.0613548855709347,FALSE,177,14,14,"GroupFilter=TRUE;MinGroup=10;Top=TRUE;TopPct=0.05;Bottom=FALSE;BottomPct=0.05"
"XSULFOSULFURON","Working_class",0.908200815482569,FALSE,177,14,14,"GroupFilter=TRUE;MinGroup=10;Top=TRUE;TopPct=0.05;Bottom=FALSE;BottomPct=0.05"
"XTRIFLOXYSTROBIN","Education.index",0.0345624424328958,TRUE,609,51,13,"GroupFilter=TRUE;MinGroup=10;Top=TRUE;TopPct=0.05;Bottom=FALSE;BottomPct=0.05"
"XTRIFLOXYSTROBIN","Income",0.313119079599043,FALSE,609,51,13,"GroupFilter=TRUE;MinGroup=10;Top=TRUE;TopPct=0.05;Bottom=FALSE;BottomPct=0.05"
"XTRIFLOXYSTROBIN","home_value",0.180925501506462,FALSE,609,51,13,"GroupFilter=TRUE;MinGroup=10;Top=TRUE;TopPct=0.05;Bottom=FALSE;BottomPct=0.05"
"XTRIFLOXYSTROBIN","rent",0.0687074061745408,FALSE,609,51,13,"GroupFilter=TRUE;MinGroup=10;Top=TRUE;TopPct=0.05;Bottom=FALSE;BottomPct=0.05"
"XTRIFLOXYSTROBIN","Poverty_150",0.687223000497866,FALSE,609,51,13,"GroupFilter=TRUE;MinGroup=10;Top=TRUE;TopPct=0.05;Bottom=FALSE;BottomPct=0.05"
"XTRIFLOXYSTROBIN","Unemployed",0.230936151973221,FALSE,609,51,13,"GroupFilter=TRUE;MinGroup=10;Top=TRUE;TopPct=0.05;Bottom=FALSE;BottomPct=0.05"
"XTRIFLOXYSTROBIN","Working_class",0.278284743843722,FALSE,609,51,13,"GroupFilter=TRUE;MinGroup=10;Top=TRUE;TopPct=0.05;Bottom=FALSE;BottomPct=0.05"
"XBACILLUSSUBTILIS","Education.index",0.577595321033265,FALSE,92,9,12,"GroupFilter=TRUE;MinGroup=10;Top=TRUE;TopPct=0.05;Bottom=FALSE;BottomPct=0.05"
"XBACILLUSSUBTILIS","Income",0.505024883220263,FALSE,92,9,12,"GroupFilter=TRUE;MinGroup=10;Top=TRUE;TopPct=0.05;Bottom=FALSE;BottomPct=0.05"
"XBACILLUSSUBTILIS","home_value",0.638148728570195,FALSE,92,9,12,"GroupFilter=TRUE;MinGroup=10;Top=TRUE;TopPct=0.05;Bottom=FALSE;BottomPct=0.05"
"XBACILLUSSUBTILIS","rent",0.635361103891228,FALSE,92,9,12,"GroupFilter=TRUE;MinGroup=10;Top=TRUE;TopPct=0.05;Bottom=FALSE;BottomPct=0.05"
"XBACILLUSSUBTILIS","Poverty_150",0.684305852364099,FALSE,92,9,12,"GroupFilter=TRUE;MinGroup=10;Top=TRUE;TopPct=0.05;Bottom=FALSE;BottomPct=0.05"
"XBACILLUSSUBTILIS","Unemployed",0.192515337491804,FALSE,92,9,12,"GroupFilter=TRUE;MinGroup=10;Top=TRUE;TopPct=0.05;Bottom=FALSE;BottomPct=0.05"
"XBACILLUSSUBTILIS","Working_class",0.611874826687455,FALSE,92,9,12,"GroupFilter=TRUE;MinGroup=10;Top=TRUE;TopPct=0.05;Bottom=FALSE;BottomPct=0.05"
"XBIFENAZATE","Education.index",0.278851172103726,FALSE,134,13,11,"GroupFilter=TRUE;MinGroup=10;Top=TRUE;TopPct=0.05;Bottom=FALSE;BottomPct=0.05"
"XBIFENAZATE","Income",0.815595294906993,FALSE,134,13,11,"GroupFilter=TRUE;MinGroup=10;Top=TRUE;TopPct=0.05;Bottom=FALSE;BottomPct=0.05"
"XBIFENAZATE","home_value",0.469736875612572,FALSE,134,13,11,"GroupFilter=TRUE;MinGroup=10;Top=TRUE;TopPct=0.05;Bottom=FALSE;BottomPct=0.05"
"XBIFENAZATE","rent",0.565805528638572,FALSE,134,13,11,"GroupFilter=TRUE;MinGroup=10;Top=TRUE;TopPct=0.05;Bottom=FALSE;BottomPct=0.05"
"XBIFENAZATE","Poverty_150",0.592461086657511,FALSE,134,13,11,"GroupFilter=TRUE;MinGroup=10;Top=TRUE;TopPct=0.05;Bottom=FALSE;BottomPct=0.05"
"XBIFENAZATE","Unemployed",0.430700516849883,FALSE,134,13,11,"GroupFilter=TRUE;MinGroup=10;Top=TRUE;TopPct=0.05;Bottom=FALSE;BottomPct=0.05"
"XBIFENAZATE","Working_class",0.412339000832875,FALSE,134,13,11,"GroupFilter=TRUE;MinGroup=10;Top=TRUE;TopPct=0.05;Bottom=FALSE;BottomPct=0.05"
"XCLODINAFOP","Education.index",0.410843323563413,FALSE,68,6,12,"GroupFilter=TRUE;MinGroup=10;Top=TRUE;TopPct=0.05;Bottom=FALSE;BottomPct=0.05"
"XCLODINAFOP","Income",0.512019131827958,FALSE,68,6,12,"GroupFilter=TRUE;MinGroup=10;Top=TRUE;TopPct=0.05;Bottom=FALSE;BottomPct=0.05"
"XCLODINAFOP","home_value",0.608861888254206,FALSE,68,6,12,"GroupFilter=TRUE;MinGroup=10;Top=TRUE;TopPct=0.05;Bottom=FALSE;BottomPct=0.05"
"XCLODINAFOP","rent",0.385617285715489,FALSE,68,6,12,"GroupFilter=TRUE;MinGroup=10;Top=TRUE;TopPct=0.05;Bottom=FALSE;BottomPct=0.05"
"XCLODINAFOP","Poverty_150",0.965388169142904,FALSE,68,6,12,"GroupFilter=TRUE;MinGroup=10;Top=TRUE;TopPct=0.05;Bottom=FALSE;BottomPct=0.05"
"XCLODINAFOP","Unemployed",0.750444812180007,FALSE,68,6,12,"GroupFilter=TRUE;MinGroup=10;Top=TRUE;TopPct=0.05;Bottom=FALSE;BottomPct=0.05"
"XCLODINAFOP","Working_class",0.269181478543699,FALSE,68,6,12,"GroupFilter=TRUE;MinGroup=10;Top=TRUE;TopPct=0.05;Bottom=FALSE;BottomPct=0.05"
"XDIMETHENAMIDP","Education.index",0.0402579270464695,TRUE,945,81,13,"GroupFilter=TRUE;MinGroup=10;Top=TRUE;TopPct=0.05;Bottom=FALSE;BottomPct=0.05"
"XDIMETHENAMIDP","Income",0.0462956622320023,TRUE,945,81,13,"GroupFilter=TRUE;MinGroup=10;Top=TRUE;TopPct=0.05;Bottom=FALSE;BottomPct=0.05"
"XDIMETHENAMIDP","home_value",0.264971581053111,FALSE,945,81,13,"GroupFilter=TRUE;MinGroup=10;Top=TRUE;TopPct=0.05;Bottom=FALSE;BottomPct=0.05"
"XDIMETHENAMIDP","rent",0.0802667448524982,FALSE,945,81,13,"GroupFilter=TRUE;MinGroup=10;Top=TRUE;TopPct=0.05;Bottom=FALSE;BottomPct=0.05"
"XDIMETHENAMIDP","Poverty_150",0.0588554293986423,FALSE,945,81,13,"GroupFilter=TRUE;MinGroup=10;Top=TRUE;TopPct=0.05;Bottom=FALSE;BottomPct=0.05"
"XDIMETHENAMIDP","Unemployed",0.094434964278975,FALSE,945,81,13,"GroupFilter=TRUE;MinGroup=10;Top=TRUE;TopPct=0.05;Bottom=FALSE;BottomPct=0.05"
"XDIMETHENAMIDP","Working_class",0.558758920640759,FALSE,945,81,13,"GroupFilter=TRUE;MinGroup=10;Top=TRUE;TopPct=0.05;Bottom=FALSE;BottomPct=0.05"
"XFLUAZINAM","Education.index",0.954105808505179,FALSE,155,15,11,"GroupFilter=TRUE;MinGroup=10;Top=TRUE;TopPct=0.05;Bottom=FALSE;BottomPct=0.05"
"XFLUAZINAM","Income",0.826822694027791,FALSE,155,15,11,"GroupFilter=TRUE;MinGroup=10;Top=TRUE;TopPct=0.05;Bottom=FALSE;BottomPct=0.05"
"XFLUAZINAM","home_value",0.173332129205051,FALSE,155,15,11,"GroupFilter=TRUE;MinGroup=10;Top=TRUE;TopPct=0.05;Bottom=FALSE;BottomPct=0.05"
"XFLUAZINAM","rent",0.333714637113624,FALSE,155,15,11,"GroupFilter=TRUE;MinGroup=10;Top=TRUE;TopPct=0.05;Bottom=FALSE;BottomPct=0.05"
"XFLUAZINAM","Poverty_150",0.925423334177995,FALSE,155,15,11,"GroupFilter=TRUE;MinGroup=10;Top=TRUE;TopPct=0.05;Bottom=FALSE;BottomPct=0.05"
"XFLUAZINAM","Unemployed",0.742587533764468,FALSE,155,15,11,"GroupFilter=TRUE;MinGroup=10;Top=TRUE;TopPct=0.05;Bottom=FALSE;BottomPct=0.05"
"XFLUAZINAM","Working_class",0.64136326222323,FALSE,155,15,11,"GroupFilter=TRUE;MinGroup=10;Top=TRUE;TopPct=0.05;Bottom=FALSE;BottomPct=0.05"
"XINDOXACARB","Education.index",0.613641213437951,FALSE,77,8,12,"GroupFilter=TRUE;MinGroup=10;Top=TRUE;TopPct=0.05;Bottom=FALSE;BottomPct=0.05"
"XINDOXACARB","Income",0.230769700913482,FALSE,77,8,12,"GroupFilter=TRUE;MinGroup=10;Top=TRUE;TopPct=0.05;Bottom=FALSE;BottomPct=0.05"
"XINDOXACARB","home_value",0.168605597771523,FALSE,77,8,12,"GroupFilter=TRUE;MinGroup=10;Top=TRUE;TopPct=0.05;Bottom=FALSE;BottomPct=0.05"
"XINDOXACARB","rent",0.0762898120046197,FALSE,77,8,12,"GroupFilter=TRUE;MinGroup=10;Top=TRUE;TopPct=0.05;Bottom=FALSE;BottomPct=0.05"
"XINDOXACARB","Poverty_150",0.887322324334749,FALSE,77,8,12,"GroupFilter=TRUE;MinGroup=10;Top=TRUE;TopPct=0.05;Bottom=FALSE;BottomPct=0.05"
"XINDOXACARB","Unemployed",0.625045525998884,FALSE,77,8,12,"GroupFilter=TRUE;MinGroup=10;Top=TRUE;TopPct=0.05;Bottom=FALSE;BottomPct=0.05"
"XINDOXACARB","Working_class",0.862175607008291,FALSE,77,8,12,"GroupFilter=TRUE;MinGroup=10;Top=TRUE;TopPct=0.05;Bottom=FALSE;BottomPct=0.05"
"XPROHEXADIONE","Education.index",0.134702594221047,FALSE,348,30,13,"GroupFilter=TRUE;MinGroup=10;Top=TRUE;TopPct=0.05;Bottom=FALSE;BottomPct=0.05"
"XPROHEXADIONE","Income",0.384374845730422,FALSE,348,30,13,"GroupFilter=TRUE;MinGroup=10;Top=TRUE;TopPct=0.05;Bottom=FALSE;BottomPct=0.05"
"XPROHEXADIONE","home_value",0.0735698060514828,FALSE,348,30,13,"GroupFilter=TRUE;MinGroup=10;Top=TRUE;TopPct=0.05;Bottom=FALSE;BottomPct=0.05"
"XPROHEXADIONE","rent",0.0411114731597031,TRUE,348,30,13,"GroupFilter=TRUE;MinGroup=10;Top=TRUE;TopPct=0.05;Bottom=FALSE;BottomPct=0.05"
"XPROHEXADIONE","Poverty_150",0.967795907005304,FALSE,348,30,13,"GroupFilter=TRUE;MinGroup=10;Top=TRUE;TopPct=0.05;Bottom=FALSE;BottomPct=0.05"
"XPROHEXADIONE","Unemployed",0.0352759796109238,TRUE,348,30,13,"GroupFilter=TRUE;MinGroup=10;Top=TRUE;TopPct=0.05;Bottom=FALSE;BottomPct=0.05"
"XPROHEXADIONE","Working_class",0.811349235242243,FALSE,348,30,13,"GroupFilter=TRUE;MinGroup=10;Top=TRUE;TopPct=0.05;Bottom=FALSE;BottomPct=0.05"
"XTHIAMETHOXAM","Education.index",0.0738167042298312,FALSE,399,38,12,"GroupFilter=TRUE;MinGroup=10;Top=TRUE;TopPct=0.05;Bottom=FALSE;BottomPct=0.05"
"XTHIAMETHOXAM","Income",0.189433154267779,FALSE,399,38,12,"GroupFilter=TRUE;MinGroup=10;Top=TRUE;TopPct=0.05;Bottom=FALSE;BottomPct=0.05"
"XTHIAMETHOXAM","home_value",0.571094937375909,FALSE,399,38,12,"GroupFilter=TRUE;MinGroup=10;Top=TRUE;TopPct=0.05;Bottom=FALSE;BottomPct=0.05"
"XTHIAMETHOXAM","rent",0.261725023973905,FALSE,399,38,12,"GroupFilter=TRUE;MinGroup=10;Top=TRUE;TopPct=0.05;Bottom=FALSE;BottomPct=0.05"
"XTHIAMETHOXAM","Poverty_150",0.213167449241095,FALSE,399,38,12,"GroupFilter=TRUE;MinGroup=10;Top=TRUE;TopPct=0.05;Bottom=FALSE;BottomPct=0.05"
"XTHIAMETHOXAM","Unemployed",0.147676983723276,FALSE,399,38,12,"GroupFilter=TRUE;MinGroup=10;Top=TRUE;TopPct=0.05;Bottom=FALSE;BottomPct=0.05"
"XTHIAMETHOXAM","Working_class",0.850029228258126,FALSE,399,38,12,"GroupFilter=TRUE;MinGroup=10;Top=TRUE;TopPct=0.05;Bottom=FALSE;BottomPct=0.05"
"XFLUCARBAZONE","Education.index",0.708785842494317,FALSE,68,6,12,"GroupFilter=TRUE;MinGroup=10;Top=TRUE;TopPct=0.05;Bottom=FALSE;BottomPct=0.05"
"XFLUCARBAZONE","Income",0.753661136461369,FALSE,68,6,12,"GroupFilter=TRUE;MinGroup=10;Top=TRUE;TopPct=0.05;Bottom=FALSE;BottomPct=0.05"
"XFLUCARBAZONE","home_value",0.972153423076676,FALSE,68,6,12,"GroupFilter=TRUE;MinGroup=10;Top=TRUE;TopPct=0.05;Bottom=FALSE;BottomPct=0.05"
"XFLUCARBAZONE","rent",0.703572803891191,FALSE,68,6,12,"GroupFilter=TRUE;MinGroup=10;Top=TRUE;TopPct=0.05;Bottom=FALSE;BottomPct=0.05"
"XFLUCARBAZONE","Poverty_150",0.977805014984792,FALSE,68,6,12,"GroupFilter=TRUE;MinGroup=10;Top=TRUE;TopPct=0.05;Bottom=FALSE;BottomPct=0.05"
"XFLUCARBAZONE","Unemployed",0.748172428582015,FALSE,68,6,12,"GroupFilter=TRUE;MinGroup=10;Top=TRUE;TopPct=0.05;Bottom=FALSE;BottomPct=0.05"
"XFLUCARBAZONE","Working_class",0.53120560807467,FALSE,68,6,12,"GroupFilter=TRUE;MinGroup=10;Top=TRUE;TopPct=0.05;Bottom=FALSE;BottomPct=0.05"
"XFLUMIOXAZIN","Education.index",0.234624351097347,FALSE,579,51,12,"GroupFilter=TRUE;MinGroup=10;Top=TRUE;TopPct=0.05;Bottom=FALSE;BottomPct=0.05"
"XFLUMIOXAZIN","Income",0.238018294400578,FALSE,579,51,12,"GroupFilter=TRUE;MinGroup=10;Top=TRUE;TopPct=0.05;Bottom=FALSE;BottomPct=0.05"
"XFLUMIOXAZIN","home_value",0.495956408799905,FALSE,579,51,12,"GroupFilter=TRUE;MinGroup=10;Top=TRUE;TopPct=0.05;Bottom=FALSE;BottomPct=0.05"
"XFLUMIOXAZIN","rent",0.0897726275723715,FALSE,579,51,12,"GroupFilter=TRUE;MinGroup=10;Top=TRUE;TopPct=0.05;Bottom=FALSE;BottomPct=0.05"
"XFLUMIOXAZIN","Poverty_150",0.12038251803036,FALSE,579,51,12,"GroupFilter=TRUE;MinGroup=10;Top=TRUE;TopPct=0.05;Bottom=FALSE;BottomPct=0.05"
"XFLUMIOXAZIN","Unemployed",0.196020547498949,FALSE,579,51,12,"GroupFilter=TRUE;MinGroup=10;Top=TRUE;TopPct=0.05;Bottom=FALSE;BottomPct=0.05"
"XFLUMIOXAZIN","Working_class",0.540784479657992,FALSE,579,51,12,"GroupFilter=TRUE;MinGroup=10;Top=TRUE;TopPct=0.05;Bottom=FALSE;BottomPct=0.05"
"XMESOTRIONE","Education.index",0.669372279992549,FALSE,754,68,12,"GroupFilter=TRUE;MinGroup=10;Top=TRUE;TopPct=0.05;Bottom=FALSE;BottomPct=0.05"
"XMESOTRIONE","Income",0.733806027799275,FALSE,754,68,12,"GroupFilter=TRUE;MinGroup=10;Top=TRUE;TopPct=0.05;Bottom=FALSE;BottomPct=0.05"
"XMESOTRIONE","home_value",0.948292998618976,FALSE,754,68,12,"GroupFilter=TRUE;MinGroup=10;Top=TRUE;TopPct=0.05;Bottom=FALSE;BottomPct=0.05"
"XMESOTRIONE","rent",0.339995295889897,FALSE,754,68,12,"GroupFilter=TRUE;MinGroup=10;Top=TRUE;TopPct=0.05;Bottom=FALSE;BottomPct=0.05"
"XMESOTRIONE","Poverty_150",0.954197779251155,FALSE,754,68,12,"GroupFilter=TRUE;MinGroup=10;Top=TRUE;TopPct=0.05;Bottom=FALSE;BottomPct=0.05"
"XMESOTRIONE","Unemployed",0.579173213339414,FALSE,754,68,12,"GroupFilter=TRUE;MinGroup=10;Top=TRUE;TopPct=0.05;Bottom=FALSE;BottomPct=0.05"
"XMESOTRIONE","Working_class",0.911004666359954,FALSE,754,68,12,"GroupFilter=TRUE;MinGroup=10;Top=TRUE;TopPct=0.05;Bottom=FALSE;BottomPct=0.05"
"XMETHOXYFENOZIDE","Education.index",0.00620746551906165,TRUE,263,25,12,"GroupFilter=TRUE;MinGroup=10;Top=TRUE;TopPct=0.05;Bottom=FALSE;BottomPct=0.05"
"XMETHOXYFENOZIDE","Income",0.312786604396843,FALSE,263,25,12,"GroupFilter=TRUE;MinGroup=10;Top=TRUE;TopPct=0.05;Bottom=FALSE;BottomPct=0.05"
"XMETHOXYFENOZIDE","home_value",0.0530683473679645,FALSE,263,25,12,"GroupFilter=TRUE;MinGroup=10;Top=TRUE;TopPct=0.05;Bottom=FALSE;BottomPct=0.05"
"XMETHOXYFENOZIDE","rent",0.188120717346834,FALSE,263,25,12,"GroupFilter=TRUE;MinGroup=10;Top=TRUE;TopPct=0.05;Bottom=FALSE;BottomPct=0.05"
"XMETHOXYFENOZIDE","Poverty_150",0.0829248637254698,FALSE,263,25,12,"GroupFilter=TRUE;MinGroup=10;Top=TRUE;TopPct=0.05;Bottom=FALSE;BottomPct=0.05"
"XMETHOXYFENOZIDE","Unemployed",0.905708203215055,FALSE,263,25,12,"GroupFilter=TRUE;MinGroup=10;Top=TRUE;TopPct=0.05;Bottom=FALSE;BottomPct=0.05"
"XMETHOXYFENOZIDE","Working_class",0.02218301645217,TRUE,263,25,12,"GroupFilter=TRUE;MinGroup=10;Top=TRUE;TopPct=0.05;Bottom=FALSE;BottomPct=0.05"
"XACETAMIPRID","Education.index",0.449385425780359,FALSE,182,18,11,"GroupFilter=TRUE;MinGroup=10;Top=TRUE;TopPct=0.05;Bottom=FALSE;BottomPct=0.05"
"XACETAMIPRID","Income",0.481144556837092,FALSE,182,18,11,"GroupFilter=TRUE;MinGroup=10;Top=TRUE;TopPct=0.05;Bottom=FALSE;BottomPct=0.05"
"XACETAMIPRID","home_value",0.801378177766746,FALSE,182,18,11,"GroupFilter=TRUE;MinGroup=10;Top=TRUE;TopPct=0.05;Bottom=FALSE;BottomPct=0.05"
"XACETAMIPRID","rent",0.839561277107151,FALSE,182,18,11,"GroupFilter=TRUE;MinGroup=10;Top=TRUE;TopPct=0.05;Bottom=FALSE;BottomPct=0.05"
"XACETAMIPRID","Poverty_150",0.138889247915832,FALSE,182,18,11,"GroupFilter=TRUE;MinGroup=10;Top=TRUE;TopPct=0.05;Bottom=FALSE;BottomPct=0.05"
"XACETAMIPRID","Unemployed",0.441682954587691,FALSE,182,18,11,"GroupFilter=TRUE;MinGroup=10;Top=TRUE;TopPct=0.05;Bottom=FALSE;BottomPct=0.05"
"XACETAMIPRID","Working_class",0.502537551029015,FALSE,182,18,11,"GroupFilter=TRUE;MinGroup=10;Top=TRUE;TopPct=0.05;Bottom=FALSE;BottomPct=0.05"
"XFORAMSULFURON","Education.index",0.380452755841615,FALSE,512,49,11,"GroupFilter=TRUE;MinGroup=10;Top=TRUE;TopPct=0.05;Bottom=FALSE;BottomPct=0.05"
"XFORAMSULFURON","Income",0.386445350455318,FALSE,512,49,11,"GroupFilter=TRUE;MinGroup=10;Top=TRUE;TopPct=0.05;Bottom=FALSE;BottomPct=0.05"
"XFORAMSULFURON","home_value",0.523399501872488,FALSE,512,49,11,"GroupFilter=TRUE;MinGroup=10;Top=TRUE;TopPct=0.05;Bottom=FALSE;BottomPct=0.05"
"XFORAMSULFURON","rent",0.0907714966162285,FALSE,512,49,11,"GroupFilter=TRUE;MinGroup=10;Top=TRUE;TopPct=0.05;Bottom=FALSE;BottomPct=0.05"
"XFORAMSULFURON","Poverty_150",0.26195504093801,FALSE,512,49,11,"GroupFilter=TRUE;MinGroup=10;Top=TRUE;TopPct=0.05;Bottom=FALSE;BottomPct=0.05"
"XFORAMSULFURON","Unemployed",0.365142211565378,FALSE,512,49,11,"GroupFilter=TRUE;MinGroup=10;Top=TRUE;TopPct=0.05;Bottom=FALSE;BottomPct=0.05"
"XFORAMSULFURON","Working_class",0.601352956469377,FALSE,512,49,11,"GroupFilter=TRUE;MinGroup=10;Top=TRUE;TopPct=0.05;Bottom=FALSE;BottomPct=0.05"
"XPYRACLOSTROBIN","Education.index",0.382332124942227,FALSE,598,63,10,"GroupFilter=TRUE;MinGroup=10;Top=TRUE;TopPct=0.05;Bottom=FALSE;BottomPct=0.05"
"XPYRACLOSTROBIN","Income",0.542003556950082,FALSE,598,63,10,"GroupFilter=TRUE;MinGroup=10;Top=TRUE;TopPct=0.05;Bottom=FALSE;BottomPct=0.05"
"XPYRACLOSTROBIN","home_value",0.739920729519448,FALSE,598,63,10,"GroupFilter=TRUE;MinGroup=10;Top=TRUE;TopPct=0.05;Bottom=FALSE;BottomPct=0.05"
"XPYRACLOSTROBIN","rent",0.425840817362431,FALSE,598,63,10,"GroupFilter=TRUE;MinGroup=10;Top=TRUE;TopPct=0.05;Bottom=FALSE;BottomPct=0.05"
"XPYRACLOSTROBIN","Poverty_150",0.809026854784763,FALSE,598,63,10,"GroupFilter=TRUE;MinGroup=10;Top=TRUE;TopPct=0.05;Bottom=FALSE;BottomPct=0.05"
"XPYRACLOSTROBIN","Unemployed",0.382015145669146,FALSE,598,63,10,"GroupFilter=TRUE;MinGroup=10;Top=TRUE;TopPct=0.05;Bottom=FALSE;BottomPct=0.05"
"XPYRACLOSTROBIN","Working_class",0.71164349238544,FALSE,598,63,10,"GroupFilter=TRUE;MinGroup=10;Top=TRUE;TopPct=0.05;Bottom=FALSE;BottomPct=0.05"
"XIODOSULFURON","Education.index",0.438850749437894,FALSE,380,40,10,"GroupFilter=TRUE;MinGroup=10;Top=TRUE;TopPct=0.05;Bottom=FALSE;BottomPct=0.05"
"XIODOSULFURON","Income",0.883719481675368,FALSE,380,40,10,"GroupFilter=TRUE;MinGroup=10;Top=TRUE;TopPct=0.05;Bottom=FALSE;BottomPct=0.05"
"XIODOSULFURON","home_value",0.879902789920366,FALSE,380,40,10,"GroupFilter=TRUE;MinGroup=10;Top=TRUE;TopPct=0.05;Bottom=FALSE;BottomPct=0.05"
"XIODOSULFURON","rent",0.232625259123344,FALSE,380,40,10,"GroupFilter=TRUE;MinGroup=10;Top=TRUE;TopPct=0.05;Bottom=FALSE;BottomPct=0.05"
"XIODOSULFURON","Poverty_150",0.479610825406548,FALSE,380,40,10,"GroupFilter=TRUE;MinGroup=10;Top=TRUE;TopPct=0.05;Bottom=FALSE;BottomPct=0.05"
"XIODOSULFURON","Unemployed",0.247348984285557,FALSE,380,40,10,"GroupFilter=TRUE;MinGroup=10;Top=TRUE;TopPct=0.05;Bottom=FALSE;BottomPct=0.05"
"XIODOSULFURON","Working_class",0.613019511528916,FALSE,380,40,10,"GroupFilter=TRUE;MinGroup=10;Top=TRUE;TopPct=0.05;Bottom=FALSE;BottomPct=0.05"
